"","HAR","VHAR2","VHAR3","VHAR4","VHAR5"
"2016-04-05",0.00028888678591521,4.71767698422276e-05,0.00629333034977053,0.0137569831282278,0.00247447486661767
"2016-04-06",0.0118820680832208,0.00959772465475961,0.0249975791523673,0.0390450571569345,0.0162230872968574
"2016-04-07",0.00184915503446303,0.000485338802592272,0.00786312319765847,0.0161801727898445,0.0063109756563795
"2016-04-08",0.000451010202702218,9.44025111360158e-05,0.00498578593650523,0.00819648265941098,0.00269705251721319
"2016-04-11",3.66422177229264e-05,3.05360180288261e-05,0.00315947693728558,0.00418045566646286,0.00318173981472469
"2016-04-12",5.04013935449521e-05,1.7363803884507e-05,0.00236235956300201,0.00333086205780986,0.00212502166135353
"2016-04-13",0.016805284857965,0.0159777030559491,0.0301897777630205,0.032568264971653,0.0246866606065841
"2016-04-14",0.047659013728224,0.0560431599013245,0.0692779484699622,0.0814107731724913,0.0749307714014136
"2016-04-15",0.000270024345746744,0.000133145142790392,0.00117585935937137,0.00359392162438987,0.00178706439149456
"2016-04-18",0.00935414964975978,0.0199195477213647,0.021254473081596,0.0217809783271434,0.0155229907302183
"2016-04-19",0.000988372340039234,0.00679408727166741,0.00694937679802887,0.00975008285446721,0.00529946550094662
"2016-04-20",0.0112573757712928,0.0230648523843742,0.024760001696682,0.0277485052784407,0.0186462429205365
"2016-04-21",0.00729964051140275,0.0141729782082045,0.0181499896598349,0.0203704626296064,0.0102264479490908
"2016-04-22",0.000331458552602415,0.0020985087896368,0.00286982052307372,0.00396389491684612,0.0016281964977225
"2016-04-25",0.0152234204835422,0.0199267088017434,0.0200173855235981,0.0191862933494149,0.0153683722034861
"2016-04-26",0.00186495289226518,0.00314972681961767,0.00323332335791737,0.00380226634079817,0.00340392164375913
"2016-04-27",0.118780224616464,0.103358307879594,0.171308140607543,0.189487595357463,0.160712604734723
"2016-04-28",0.0589688003349953,0.0439820124406354,0.0942287514599374,0.0883084323701475,0.0662101937543664
"2016-04-29",0.0181739782136083,0.00777789791853878,0.0316252805429331,0.0258260533959684,0.0140871225568884
"2016-05-02",0.00405864319802896,0.000334533822706984,0.00826841955614799,0.00471653721828669,0.000939709088286778
"2016-05-03",0.0115141799890464,0.00543361294520017,0.023806489119335,0.0156292217325411,0.00728877393636651
"2016-05-04",0.0069780172385312,0.00376751993554558,0.00759147202701538,0.00447519498692905,0.00103139019392184
"2016-05-05",0.00213725802528342,0.00421848157187066,0.00273657782760983,0.00389073963118647,0.00852522065386752
"2016-05-06",0.000369867917783262,0.00105323250496281,0.00170397010627665,0.000632902509298372,0.00332300820929987
"2016-05-09",0.00357737013318737,0.0029980500783664,0.00153593044227285,0.000368588881510146,0.00171982309887864
"2016-05-10",0.000142745222169394,0.000473654166315507,0.00019532955633661,0.00017365416480053,0.00406154778793844
"2016-05-11",0.017095565129976,0.0211281564269314,0.021526559767338,0.0131018840599944,0.00405912122795171
"2016-05-12",0.0216681951961315,0.0181203841857609,0.022032389317036,0.0362640942581853,0.046809638476683
"2016-05-13",0.00109844145021221,0.0020081524063702,0.00176050992064436,0.000390800689713089,0.000254980431899643
"2016-05-16",0.00177994165828443,0.000223945849483265,0.000671320525801544,0.00321581941005245,0.00917913576096141
"2016-05-17",0.000532086343644655,0.00261217538927894,0.00150740972103369,3.54792982104613e-07,0.00137396478488161
"2016-05-18",0.00242670207570495,0.00686968446946445,0.00521694566681186,0.00244709401942056,0.000325166774577168
"2016-05-19",0.000205077399499265,0.00214673886747541,0.000388687540216814,0.000173024744839712,0.000527960699666208
"2016-05-20",0.0465612791742298,0.0506403962962283,0.0564850796371152,0.0511219472069697,0.0794582547789879
"2016-05-23",0.0153017321202582,0.0215231096647213,0.0240663864713746,0.0214900784137977,0.0405899333267532
"2016-05-24",0.0515356451669469,0.0615164615836521,0.0665575585783871,0.0695331328451534,0.096450876411265
"2016-05-25",0.0287322170587296,0.038328605701264,0.041842819568382,0.0449456407492446,0.0632531849673195
"2016-05-26",0.0233516881427924,0.0344466304230444,0.0403682030867696,0.0463244987827702,0.0602283074201728
"2016-05-27",0.0426078244582553,0.0590875149429189,0.0696349225789776,0.0752476924075003,0.0868756770686725
"2016-05-31",0.061205571612464,0.083756386312515,0.0957631613936072,0.0943828617057754,0.110190334250662
"2016-06-01",0.0612788875421288,0.0831531542097816,0.0966340614659136,0.0915099058229347,0.106279460202107
"2016-06-02",0.0108974712022003,0.0219681437844705,0.031621740656963,0.0244745491700444,0.0354116449806132
"2016-06-03",0.0441269245011191,0.057923535142665,0.0717141397492496,0.0566918557325538,0.0703188602216982
"2016-06-06",0.06623664264426,0.0839854142389718,0.0984918885970585,0.0858776198362345,0.100738314134569
"2016-06-07",0.0892762989075526,0.110059823728495,0.130591160821853,0.116896795477614,0.123609121939644
"2016-06-08",0.117681093666117,0.144997412341588,0.166595112972346,0.153900096226559,0.130515917425337
"2016-06-09",0.0586312967547502,0.0866931281830139,0.101525845219286,0.0946466948726388,0.0716951536202044
"2016-06-10",0.0377637705857297,0.0706302076915599,0.0808666382926537,0.0696134356603797,0.0467882392474432
"2016-06-13",3.38743221286464e-05,0.00590924105921031,0.00875928319326036,0.00462439161836925,0.001152955614933
"2016-06-14",0.00326909402011211,0.0191716846015599,0.0233381966773649,0.0203197951426004,0.00505856437175289
"2016-06-15",0.00743644170022595,0.0259832568730389,0.0291678612970763,0.0278066458176143,0.0123802555887709
"2016-06-16",0.00506757469717001,0.0210335147998044,0.0239253764918419,0.0238803777471817,0.00964550004492537
"2016-06-17",0.000906999255476881,0.00916398998693979,0.011361248105902,0.0125051425610265,0.00330737502099621
"2016-06-20",0.0418897422846949,0.0641966093855211,0.071153366283135,0.0765265686460039,0.0469145137004219
"2016-06-21",0.00436824006921888,0.0137168166561334,0.0175514683581173,0.0193709969315194,0.010588913201713
"2016-06-22",0.0156846235137826,0.0302521367754174,0.0345730968738143,0.0377110014749933,0.0275685051161059
"2016-06-23",0.0247701958019197,0.0397350437944741,0.0430285577834295,0.0479175262424705,0.0436959329118916
"2016-06-24",0.0474188434254201,0.0285218850596825,0.0263504356538862,0.0233219008220955,0.0266444304833513
"2016-06-27",0.015571727955896,0.00556632725859108,0.00574028101746182,0.00568017653675734,0.0153321607943788
"2016-06-28",0.014932433478315,0.0282822733892214,0.0273284923121366,0.0291134519773346,0.0135620292715704
"2016-06-29",0.017375006522403,0.030338382125191,0.0296962826718274,0.028676806462423,0.0138191045578717
"2016-06-30",0.0381935854223885,0.0544317963265577,0.0554031947028402,0.0570270811627682,0.0313136452028508
"2016-07-01",0.0546937554135376,0.0700509835069063,0.0716539441198807,0.0730183500068411,0.0555009385195251
"2016-07-05",0.0754794189204888,0.0905638362962404,0.0929084289998963,0.0860516305203873,0.101025014050232
"2016-07-06",0.00147096590054785,0.00463133117702408,0.00494992133247019,0.00356008004297048,0.00748532046071348
"2016-07-07",0.0418175162932699,0.0535821869662154,0.0549299532269174,0.0464157749513681,0.0593523317816027
"2016-07-08",0.0698557663323784,0.083790246922536,0.0843781115457052,0.069742670541475,0.0944596222483065
"2016-07-11",0.153078346266972,0.165872979260483,0.168599618098843,0.153647322028907,0.154563257902118
"2016-07-12",0.147080514306647,0.148826688983921,0.153571325698189,0.135311827333094,0.136350197235171
"2016-07-13",0.116556205362441,0.106344749770716,0.110681813218796,0.0938703515935466,0.0919900173779296
"2016-07-14",0.122021564679371,0.111096190101538,0.113894743723294,0.0955746329125842,0.098615444437125
"2016-07-15",0.119496885307783,0.109223649213939,0.109376794298144,0.0997765430893496,0.0919196923066472
"2016-07-18",0.141254564029247,0.142080450952918,0.139764362067841,0.148507525929232,0.148639509403851
"2016-07-19",0.125795016906076,0.143471445935677,0.139391341652934,0.146104110488707,0.145275910690732
"2016-07-20",0.16241092136921,0.18378142831819,0.182003872362965,0.194571725867867,0.19181181790333
"2016-07-21",0.0933441213104487,0.105966958185054,0.104363784985844,0.112843096541947,0.117949763674371
"2016-07-22",0.0862015731002772,0.0986228603600487,0.0982552814773343,0.102361006390023,0.11419590390101
"2016-07-25",0.06181177339174,0.0702710638371249,0.0694257552266071,0.0749028370721212,0.0868892596789628
"2016-07-26",0.0306014209087255,0.0334423068226295,0.0344480160487879,0.0479209862604217,0.064885980084536
"2016-07-27",0.00113839542373873,0.000158067164377051,0.000544911483705501,0.00678862248824696,0.0150928617826185
"2016-07-28",0.0640066717821142,0.0438927942519203,0.0509099038678662,0.079814157788189,0.10188306530141
"2016-07-29",0.0634675444671438,0.0377374866521518,0.044322529670437,0.0738133484229893,0.104217204425658
"2016-08-01",0.110557017260395,0.0765518263493605,0.0864379865906855,0.120057491557949,0.162738450789959
"2016-08-02",0.0171266809092707,0.00990468516725862,0.0119275287040457,0.0190866262606642,0.0338838159225943
"2016-08-03",0.0917819426377804,0.0945024659769991,0.0936395224871227,0.100074281483436,0.100034622206387
"2016-08-04",0.0564802610991653,0.0601458953313991,0.0582242317338559,0.0632759644571064,0.0451617465790741
"2016-08-05",0.155571967622598,0.161708428268883,0.158639433556087,0.166561005974776,0.138345472363456
"2016-08-08",0.116546769507661,0.126782582014898,0.120282100981119,0.124411290357514,0.101344309058574
"2016-08-09",0.0862560066442413,0.10027250158967,0.0936777031292151,0.100220833673097,0.0803087114294048
"2016-08-10",0.17106924477605,0.188610910835492,0.181553347765007,0.176421646031708,0.185980222992586
"2016-08-11",0.120980038037987,0.132440857923384,0.120328219590162,0.114246159401043,0.125104316205453
"2016-08-12",0.197459724216485,0.193326303523571,0.172551457062257,0.180833796879748,0.207174399441222
"2016-08-15",0.147549039995402,0.127946594911401,0.112060332573801,0.110871820215001,0.144202928949528
"2016-08-16",0.12606941420455,0.10086916251749,0.084848068672271,0.0778921905912138,0.116140715010961
"2016-08-17",0.0110399236074774,0.00321797731193274,0.000331298726866658,9.79610690903243e-05,0.011850653964645
"2016-08-18",0.120042366422183,0.0927075059826954,0.0857334418878113,0.0653971087023091,0.137670656980839
"2016-08-19",0.0685831071284084,0.0619992853024782,0.0557142591108157,0.0414014484354859,0.0733522560756925
"2016-08-22",0.0443704285740392,0.0450894658061174,0.0411395515993671,0.0334220472234978,0.0512731027144657
"2016-08-23",0.0930631561351216,0.0952098149468574,0.0923806377226875,0.0888723781863885,0.112701153251963
"2016-08-24",0.0450531630714728,0.0513148037341908,0.0494541828827362,0.0468888497712765,0.0545239966568365
"2016-08-25",0.0310387908302827,0.0357272360596728,0.0363768463753857,0.0322023491842498,0.0360178362923231
"2016-08-26",4.18691271413252e-05,0.000211209830728976,0.000396283548789844,8.59727340820626e-05,0.00115301190520389
"2016-08-29",0.0132852540767567,0.0151212953972639,0.0157981368932543,0.0138743251681841,0.0204415609279087
"2016-08-30",0.0154290828292389,0.017397040979813,0.0190396975210032,0.0159447144356757,0.0238336627813447
"2016-08-31",0.0268536748766932,0.0310181649264409,0.0334334841927553,0.0285993832161813,0.0475392114152842
"2016-09-01",0.0256243885718979,0.0313701861156594,0.0315949927839891,0.0271881716093008,0.0443956981415818
"2016-09-02",0.0382741272821412,0.0461959793017876,0.0460505352152973,0.0373400271978142,0.0541825956399065
"2016-09-06",0.0787076928635493,0.087875952006345,0.0908413404655788,0.0793457408240363,0.0832951708817924
"2016-09-07",0.00186209576116347,0.00384036067581306,0.0052250826522624,0.00381053155030431,0.001586739936563
"2016-09-08",0.00818391839165566,0.00579324998713582,0.00437340260180896,0.00512657530451044,0.00908852079400169
"2016-09-09",0.00776866994046244,0.00471535267324263,0.00364250853343906,0.00555282522944012,0.0116772126767122
"2016-09-12",0.0208721986864595,0.0175229107015182,0.0143806753391198,0.0210593634893348,0.0304546520128035
"2016-09-13",0.0302901248037173,0.0264842234181268,0.0228780804514128,0.0309086822475428,0.0370951910653143
"2016-09-14",0.164423309275812,0.162677885091369,0.1500828213281,0.175396442968045,0.169603896725941
"2016-09-15",0.030847253945617,0.0307498998923967,0.0275164496276905,0.0378742996956893,0.0320528141353507
"2016-09-16",0.00712655902549608,0.00820996080659064,0.00708919475890091,0.0098244026929708,0.011873167462201
"2016-09-19",0.0201664953784191,0.0215107028857411,0.0205228545234564,0.023702406319928,0.025420643117894
"2016-09-20",0.0168420167726966,0.0211267249382581,0.0225561167193633,0.029855148207165,0.0378267446237062
"2016-09-21",0.00465337633658924,0.00832545535686258,0.00929107148493391,0.0124126856053579,0.0111711449359873
"2016-09-22",0.0385802356647287,0.0337116632290928,0.0327933392502624,0.0244784543897647,0.0342795459118383
"2016-09-23",0.0607078567460708,0.06064735985463,0.0631773619962579,0.0795867997707478,0.0472901769676561
"2016-09-26",0.0209379815459576,0.0208041715834217,0.0193031768901595,0.0141855939504631,0.0296502935834133
"2016-09-27",0.0252385388894207,0.0272771595876384,0.0271601696693842,0.0204000084766505,0.0331677266307369
"2016-09-28",0.076328524980793,0.0827768338843933,0.0891943554819354,0.0773456526091838,0.0932188670960961
"2016-09-29",0.00288015734348113,0.00507912743188577,0.00675597503764691,0.00474828045124753,0.00584247541199767
"2016-09-30",0.0448575720705,0.05215091419368,0.0588965874777434,0.0548059132574092,0.0526665708317116
"2016-10-03",0.118534191000249,0.137036880524114,0.147193039250573,0.146873575572043,0.139020327213874
"2016-10-04",0.01031093670223,0.0211840667579086,0.0266382266133034,0.0299734032581853,0.0315137114246611
"2016-10-05",0.0680066351810864,0.0828855998049096,0.0895973458798816,0.0954148210823871,0.0806092465816552
"2016-10-06",0.0531889584701597,0.0624208771375707,0.0662767190688136,0.0747295362761651,0.0569659340254991
"2016-10-07",0.0539290623339355,0.0656920463265509,0.069666709401462,0.0827025880137859,0.0943013781786193
"2016-10-10",0.069173221988132,0.0855150887903435,0.0841784495105116,0.0990248302669527,0.10718645675868
"2016-10-11",5.88410878432644e-05,4.94557560282161e-05,5.18941012384033e-08,0.000390303617519017,0.000887870401860669
"2016-10-12",0.0133890057527595,0.0138903883066197,0.0126196755233396,0.017848799873631,0.0278436026778988
"2016-10-13",0.0230306131738138,0.0220662625771946,0.0242061270246012,0.0299606972914173,0.0333145186611237
"2016-10-14",0.0244014551374871,0.0115941529318215,0.0129216294685506,0.014108793467799,0.00732604928856717
"2016-10-17",0.0437429262896696,0.0239702357479705,0.0253390961734345,0.0278093871963312,0.0150872461981695
"2016-10-18",0.135269052566211,0.0960136257483106,0.102910187721429,0.111069199330481,0.0831178443494531
"2016-10-19",0.1259745198156,0.0940495543428912,0.0976595632254882,0.104882668007496,0.0693685340879016
"2016-10-20",0.019674374182181,0.00981517278375543,0.0085320453008606,0.0107105232233238,0.00296055025689412
"2016-10-21",0.100172085618431,0.0730258997551587,0.0719399937618477,0.0759208762453036,0.0553558721859615
"2016-10-24",0.161672293725104,0.138129011293268,0.136859670512842,0.138589403843151,0.118506006284561
"2016-10-25",0.169341181639106,0.147782609795891,0.146702646579531,0.143919291365627,0.132505683988208
"2016-10-26",0.0169629536275899,0.0272721674650389,0.0284509837677687,0.0322179557757762,0.0459458631872494
"2016-10-27",0.0329644714962174,0.0228318604132653,0.0210700567203757,0.0189042403084465,0.00924839927050036
"2016-10-28",0.000276012828404948,0.00236306327922353,0.00290793582710669,0.00351660608429127,0.00870038345574242
"2016-10-31",0.0686392383161303,0.0515870331115014,0.0503172530571674,0.0500747424207191,0.0284796645233087
"2016-11-01",0.000299218518997169,0.00208211663512237,0.00266784273609155,0.00226882452084221,0.0172201297810619
"2016-11-02",0.000560980310088777,0.0101123049412597,0.0115941061438454,0.0103358742226984,0.0302963989473886
"2016-11-03",0.0107487682461305,0.00101673435463323,0.00130891233741104,0.00253573139325969,2.41116245192075e-06
"2016-11-04",0.00140560212771224,0.0231627844114357,0.0222813740106498,0.0175273117522496,0.0416607215133133
"2016-11-07",0.0367383551380831,0.00824994446205829,0.00733802881168466,0.00910874200570433,0.00062102262846575
"2016-11-08",0.00642026105323068,0.000994292454250312,0.00108081191523812,0.000355992903265268,0.0168020226029943
"2016-11-09",0.356890247781167,0.548108539020616,0.520212695672568,0.489928998831044,0.654857439754394
"2016-11-10",0.411857054843811,0.542260064603128,0.531233602030936,0.525113920244359,0.696094284317478
"2016-11-11",0.0659494857008567,0.122586009262157,0.11287954601679,0.110330981371257,0.101384410943126
"2016-11-14",0.128397747254642,0.234324984803465,0.212012146390368,0.21551269169269,0.155813313998438
"2016-11-15",0.00875283329481014,0.0389257371239657,0.032686228830759,0.0419780670564447,0.0103813510068373
"2016-11-16",0.00426647335786612,0.0387999011444942,0.0391134741440204,0.056398305564336,0.0135278518488602
"2016-11-17",0.00276755692087804,0.0293384797207803,0.0405703848490304,0.0587181601815656,0.0176253751795508
"2016-11-18",0.0362031353404018,0.0142219358784146,0.00530491914264597,0.00125573262664691,0.0259066749359775
"2016-11-21",0.0306978954623325,0.0121698393131462,0.00311941380704273,0.00107512568749946,0.0222924086636036
"2016-11-22",0.0341882502315456,0.0132881452143503,0.00357894332972708,0.00218176399361636,0.019896988471571
"2016-11-23",0.108609044093972,0.0849514143125949,0.0725177893965967,0.062181323250557,0.0904764114782113
"2016-11-25",0.139229106085008,0.115604920645203,0.113827176535897,0.0999188993793061,0.0999697851393613
"2016-11-28",0.113462673103631,0.0838322156471074,0.0815786324670196,0.079378023841645,0.0748550981850853
"2016-11-29",0.0855493339264732,0.0588890240648312,0.054587183443582,0.053596408975344,0.0486148039428882
"2016-11-30",0.0499715844743536,0.0268998877971349,0.0218093965817225,0.0237384521297546,0.0196655269223012
"2016-12-01",0.0064945157637073,0.0001210510413725,0.00249045382024105,0.000248713869286599,2.34941985737258e-05
"2016-12-02",0.0168104324029565,0.00893270312237338,0.00410531190580521,0.00628327633342973,0.00752052330347097
"2016-12-05",0.00156811741738139,0.0010853149888157,1.84527551017055e-08,0.000106253074631857,0.000311449022657451
"2016-12-06",0.0242067666513364,0.0276382876723462,0.0188825011187741,0.0220934387139433,0.0196527816401166
"2016-12-07",1.03400263105069e-05,0.000882868197428,6.48627387844769e-06,1.18333783749591e-05,0.00105696984422909
"2016-12-08",0.00345118581620163,0.00812237150145423,0.00525212050276935,0.00678349360049402,0.00152121973064401
"2016-12-09",0.0091545472264285,0.0151066884248772,0.0114353337868811,0.00918876610130215,0.00324065205580992
"2016-12-12",0.023315963092609,0.030292163999027,0.0260463935704227,0.0248063750794218,0.0141224468148664
"2016-12-13",0.000148897102280943,0.000875813881320964,0.000585570383702105,0.00039406639799755,0.000631682540037426
"2016-12-14",0.0109280872185884,0.00752238559025287,0.00746814126795692,0.0198311335428278,0.0235404344137695
"2016-12-15",0.00214955318747001,0.00355964848034529,0.00295831375949351,0.000118696313190503,1.18558837627347e-05
"2016-12-16",0.0564975578307314,0.0611189502710818,0.0572733107938577,0.037887583960643,0.0363280896343112
"2016-12-19",0.0646437824799395,0.0743565701689324,0.0671043821458777,0.0503681919704526,0.0378542144787106
"2016-12-20",0.139070591763867,0.149926929394614,0.135847491918667,0.113542955274633,0.0735968381460395
"2016-12-21",0.161264775475955,0.167965584791457,0.159408370725438,0.126124906638989,0.0922266956593265
"2016-12-22",0.106258787637898,0.119347601692993,0.115731359313003,0.0855465661696388,0.0481706729830611
"2016-12-23",0.26206593921844,0.292266904285018,0.288739546286986,0.24298252115084,0.187884519403877
"2016-12-27",0.196576635178328,0.233284896139749,0.229923017075525,0.194411882250258,0.133125995536533
"2016-12-28",0.088938938595094,0.114538834469851,0.112510729857494,0.0918008910166717,0.0484919467354268
"2016-12-29",0.0866574099252713,0.10413318525548,0.104035046921925,0.0949211144336077,0.0461462486822835
"2016-12-30",0.0103164175980444,0.0155450863968163,0.0147455234824192,0.00995720001990863,0.000417268203971588
"2017-01-03",0.00590314211509813,0.00728214528307913,0.00553654206077758,0.00133258569865613,0.0021353914343385
"2017-01-04",0.0564435877611764,0.0589723681655192,0.0514901955445954,0.0399150031484676,0.0134961872118318
"2017-01-05",0.0533047171824215,0.0562884021714303,0.0466048427008636,0.0354469520558509,0.0117289604088513
"2017-01-06",0.0254970683158762,0.0302011422622062,0.0230685589263471,0.0260718982009762,0.00578940905653047
"2017-01-09",0.020753513174482,0.0241472747470275,0.0199140448905322,0.0234457021764178,0.00671892071994873
"2017-01-10",0.0142733978998051,0.0150662661169276,0.0121626780570059,0.0202925466806128,0.00658755451383386
"2017-01-11",0.0193025738685562,0.0212779169030963,0.0163584887927355,0.0287194344654431,0.0159067355104914
"2017-01-12",0.00506693137591196,0.00552406780604509,0.00309775611430552,0.00599729338133503,0.00366757715520771
"2017-01-13",0.086901759098656,0.0831586221826408,0.0749490284712979,0.101230502160165,0.099208591626373
"2017-01-17",0.0303945046213272,0.0276425837365069,0.0259110934898499,0.0406491192467282,0.0553925703162697
"2017-01-18",0.067004789129637,0.063510561578559,0.0672574693872166,0.0801731973443773,0.101249107716091
"2017-01-19",0.035815806109905,0.0305944916420429,0.0344279643185832,0.0409438696394966,0.0609054433321543
"2017-01-20",0.0718252280006277,0.0655114104045533,0.0674387199195465,0.0689344142627251,0.0922828393250663
"2017-01-23",0.0731197998627346,0.0652610342461941,0.0641086041145258,0.0719572915796705,0.0877133252686422
"2017-01-24",0.204140920252069,0.18545690387775,0.174484990036548,0.199120001311114,0.22173246894728
"2017-01-25",0.112223840797565,0.100237155487942,0.0863969907745561,0.126861708836797,0.133806408445051
"2017-01-26",0.0615957586881746,0.054098073875561,0.0443491998789991,0.0793946926432032,0.0725044404002753
"2017-01-27",0.136562266858529,0.127509112925036,0.119356770616443,0.162455152640372,0.139379043547572
"2017-01-30",0.0415691411779056,0.0345607001764137,0.0315040053028031,0.0613054564977344,0.0426812719184981
"2017-01-31",0.054045680400491,0.0438597871479836,0.0416984708774097,0.0770450808005729,0.0471094476250686
"2017-02-01",0.0451561082323992,0.0680738680839879,0.0649160671590541,0.0277958804444172,0.0590718486215187
"2017-02-02",0.00544311448986878,0.0017910949538793,0.00188825640013746,0.011174604467151,0.00197495152617355
"2017-02-03",0.0656020385834064,0.0571238656906765,0.0574666913425448,0.080056520712763,0.0618241991441701
"2017-02-06",0.0747995173546017,0.0660341880760353,0.0694855406045396,0.0956104419037447,0.0780765859152739
"2017-02-07",0.0407297013781578,0.0382422931531521,0.0339953716079229,0.0356743799694534,0.0202657614617061
"2017-02-08",0.0874209947235953,0.0812930894000734,0.074619535069947,0.073074433017333,0.0541260103713161
"2017-02-09",0.0774453368896615,0.0701414925288868,0.0572931228898161,0.054403070065884,0.0336288244735954
"2017-02-10",0.0530589431479913,0.0490368558838559,0.0342544650275445,0.040060501316707,0.0177682541068886
"2017-02-13",0.12054040517916,0.11238569132777,0.0853235210298631,0.0424581108846844,0.0160607880846564
"2017-02-14",0.0490175418066885,0.0438671935522594,0.0278730271177992,0.00146227002737964,0.00311008539729896
"2017-02-15",0.0354036078462672,0.0316299436011702,0.0236871389425153,8.17120757365952e-05,0.00063335187324709
"2017-02-16",0.0276811973004325,0.0266299129562095,0.0074468119105493,0.0113127491371789,0.014323449294936
"2017-02-17",0.105712886350162,0.101869800324591,0.0548129892074076,0.0594225134523056,0.0627692650186813
"2017-02-21",0.101550613700769,0.0945616971331615,0.055375937587326,0.0946764816287184,0.101039128889046
"2017-02-22",0.111109306353437,0.105807977666149,0.059589236652382,0.105756413681442,0.12262932622573
"2017-02-23",0.0295405364985526,0.0214166534953348,0.00084197624441118,0.0131981352643389,0.0229482546450055
"2017-02-24",0.0267980215029675,0.0201791299445826,0.0111367173345205,0.0200804555040865,0.0455843396836728
"2017-02-27",0.0336996515300085,0.0397326617892249,0.0193034730115655,0.0107756252533142,0.0458395297206007
"2017-02-28",0.0583486537978659,0.06847547124024,0.0438152141698827,0.0325815739749868,0.0784600604641168
"2017-03-01",0.0332715265441372,0.0388440615259331,0.0223386797360494,0.0192537830945092,0.0485894230804147
"2017-03-02",0.0129621772528308,0.0168313671017144,0.0100967111751131,0.0119728411672562,0.0352281117255742
"2017-03-03",0.0409731447382067,0.046050517232372,0.0437980338131623,0.0623162492434299,0.0949816021113992
"2017-03-06",0.0523928874622417,0.0542635939794707,0.0586182780574349,0.086324173282057,0.115326231284443
"2017-03-07",0.0267871295859163,0.0304366528386508,0.0344705937070366,0.0543196639667285,0.0753687720824949
"2017-03-08",0.00979446313340082,0.0118541710875841,0.0132977614360099,0.028194255819983,0.0458899467459857
"2017-03-09",0.00455110257030311,0.00423857423377227,0.00533633693793556,0.000427592160052725,0.00101015073007238
"2017-03-10",0.0279122686472295,0.0273368596115771,0.0212665972769561,0.0350286261185389,0.055947059246453
"2017-03-13",0.0490592343074054,0.0458094054737301,0.0371349934154266,0.0565705842549868,0.082960896333562
"2017-03-14",0.101700694194135,0.0960275096671985,0.076767304827418,0.104982344604414,0.124063981632443
"2017-03-15",0.0500542257478511,0.0440950713806996,0.0379271702846642,0.060553915003771,0.0646614421503828
"2017-03-16",0.0650719920793783,0.0595084737847371,0.0550585847941307,0.0735279429083948,0.08308916095028
"2017-03-17",0.123284551725552,0.119783612646975,0.105381052280885,0.121019124606036,0.13045055171805
"2017-03-20",0.112305781078251,0.113898638875179,0.0999292455182661,0.113160461200393,0.117486317872478
"2017-03-21",0.0243648968722361,0.0205178410975968,0.0294712737439482,0.0286250652596913,0.0305174830585933
"2017-03-22",0.0083884777625558,0.00721378107645299,0.0124674836273366,0.00815370832028717,0.00949762538217747
"2017-03-23",0.00212556047054036,0.00267837187772346,0.00193987578777022,0.00478063368492077,0.00379822159516219
"2017-03-24",0.00878654323236794,0.0108175069548209,0.0112429378593091,0.0116221398730803,0.00928263820512898
"2017-03-27",0.000107507941927487,0.000529707241480937,0.000988315662764139,0.000499995114604967,1.0941992675928e-05
"2017-03-28",0.0101085827651941,0.0134080705019342,0.0168530468985526,0.0137946801742053,0.00783268815316607
"2017-03-29",0.0286199880479003,0.033009866556416,0.0347818478705042,0.0289339750743831,0.0212215808792942
"2017-03-30",0.0330175146089902,0.0311914317986832,0.0300343352766372,0.0205986232839588,0.00882018852895294
"2017-03-31",0.0222276504193868,0.0199840212935301,0.0200305804982335,0.0159390898933838,0.00380197910934754
"2017-04-03",0.00328543220871569,0.00201144102337669,0.00152403066191109,0.000342744452254129,0.00465351937960046
"2017-04-04",0.0421461150796523,0.0376732119630894,0.0382468505192091,0.0374860720356511,0.0144171858738511
"2017-04-05",0.00310101804091678,0.00209984724631496,0.00190880894583989,0.0026727246705347,0.00092911599659562
"2017-04-06",0.00296496179645533,0.00179667475823697,0.000673580800355067,0.000312432691653486,0.000536826370078902
"2017-04-07",0.0388705627868353,0.0332287449752726,0.0249740374988872,0.00631382614487386,0.00327267188708058
"2017-04-10",0.0740653496113091,0.0670973095193539,0.0606641782986133,0.0255210721985315,0.0197643007539763
"2017-04-11",0.0502046013968944,0.0593536457025918,0.0628149106098435,0.150572254484528,0.173673058354608
"2017-04-12",9.21065688392897e-05,0.00110862855451055,0.00124521449420767,0.0238358959709131,0.0358806788410175
"2017-04-13",0.0284249799783125,0.0192662221731421,0.0194553390318557,0.00976043605128618,0.00194121057444963
"2017-04-17",0.0446374676125827,0.0306826151846287,0.0377767362651331,0.0323203405826948,0.0249699421181386
"2017-04-18",0.0347935824495258,0.0232022838534567,0.0281209021060056,0.0365852271834441,0.0202692529266584
"2017-04-19",0.0524156427914766,0.0362181052540338,0.0461932441486317,0.055748589304611,0.0376249631217858
"2017-04-20",0.0385219288839493,0.0224981875396688,0.0402845105466079,0.0463427058598787,0.0280787154680753
"2017-04-21",0.065137555772985,0.0382069101200906,0.0715585737533839,0.0790938626051791,0.0590293483212259
"2017-04-24",0.10401825941857,0.0625245287452387,0.106942609780792,0.107749869442073,0.0875751919460457
"2017-04-25",0.129019974542772,0.0807911537016546,0.134433497972992,0.144812395421958,0.132514990291729
"2017-04-26",0.0364239301146534,0.015796253221241,0.0466203988426659,0.0579668742370276,0.0565613501053539
"2017-04-27",0.112253306763987,0.0916915919207031,0.133166098156388,0.146816418948585,0.135991591985396
"2017-04-28",0.0727780605691382,0.0671292689205853,0.0912958113060993,0.10062951492869,0.071821693222941
"2017-05-01",0.034450642653675,0.0340973860610281,0.0502360436048264,0.0509436484697079,0.0227790232420975
"2017-05-02",0.013219097719376,0.0149448328160593,0.0237824554050829,0.0266322652869608,0.00501273297532068
"2017-05-03",0.0525675586758965,0.0575101173470656,0.0505480409113399,0.0457642880143074,0.130719998847736
"2017-05-04",0.0144157710157111,0.00960740698392315,0.0117168823827316,0.0164621869230002,5.75657879260394e-05
"2017-05-05",0.0541826880826777,0.0455389867714802,0.0505701211891185,0.0679898448070266,0.0228117412017899
"2017-05-08",0.0143219935367498,0.0179382976115399,0.0184511575649049,0.0108200928637088,0.0654666663895591
"2017-05-09",0.0160401659244729,0.0170338421259695,0.019278490395197,0.0116510325910923,0.078965098679296
"2017-05-10",0.00536057710087445,0.00527378463113459,0.00588592076472172,0.00831517027557549,0.0092942933190796
"2017-05-11",0.000293064916950803,0.000390553096114576,0.00050327353766555,0.000100050449894917,0.0400528204718318
"2017-05-12",0.000550419539808722,0.00288900549052107,0.00133163409564196,0.0016988484797853,0.0847543035829998
"2017-05-15",0.0085853926633912,0.0017439141910236,0.00637767660344046,0.00150186480740744,0.0186667821564883
"2017-05-16",0.014010213531646,0.00419260419749934,0.012591155682675,0.00479712751022876,0.00236515139151949
"2017-05-17",0.337885757335395,0.397674126921715,0.309522987048984,0.348468744192227,0.399244438507083
"2017-05-18",0.0221725929153169,0.0251851141058215,0.0228149162545122,0.0315289086557389,0.0296853496386187
"2017-05-19",0.000879317670277935,0.0043335089941825,0.000986780873932558,8.57359071715358e-06,0.00399679226807126
"2017-05-22",0.0107795400956001,0.0231379760647896,0.0157946993855145,0.0105506888680609,0.0326215325942292
"2017-05-23",0.0324517350644145,0.0545730722590274,0.0451613581414376,0.036408947062267,0.0785013472712464
"2017-05-24",0.0329636755433034,0.0487854051879235,0.0328432317630893,0.0177640444306184,0.0502871363249884
"2017-05-25",0.0402302740486038,0.0564022921708336,0.0612298197154313,0.0490636209823843,0.0691461466913867
"2017-05-26",0.059542040057126,0.0827538961616967,0.097539514280514,0.0814408288111232,0.109551385131874
"2017-05-30",0.0686312755940375,0.087142195272673,0.0960823908389767,0.079488474448929,0.08079881228395
"2017-05-31",0.00282686295270285,0.0061703728210607,0.00843056402579601,0.00499612772744618,1.93972633193429e-05
"2017-06-01",0.0975086336986428,0.115003116700487,0.137813381792435,0.139201842711949,0.118443685925162
"2017-06-02",0.0702984900082466,0.0899048902351409,0.104817442968987,0.112521074038539,0.0970788898763053
"2017-06-05",0.0346572157990466,0.0475704376047161,0.0528433295024207,0.0460591302268345,0.0327314602626403
"2017-06-06",0.0216174523084334,0.0345256750117293,0.0358422896576258,0.035750242107496,0.0279606655043896
"2017-06-07",0.0155669785600132,0.0276153594892425,0.0251750939680289,0.0252030032043842,0.0229641054122776
"2017-06-08",0.0097826675163486,0.011042943714449,0.00308415117363059,0.00012461191886004,0.0019923907244408
"2017-06-09",0.520393489258124,0.520268608211781,0.647941747391728,0.662387663643772,0.837564077410889
"2017-06-12",1.03059020706495,1.08527443395766,1.2723571271166,1.3367123650983,1.62702262271474
"2017-06-13",0.0520796252214957,0.0761644149101759,0.119434092567232,0.1604352599697,0.256292705645617
"2017-06-14",0.0731451824973774,0.117042385625578,0.163657924161601,0.157572844378155,0.339541043179417
"2017-06-15",0.0659121595624592,0.120527597802951,0.158848142312327,0.202854819300438,0.445503120190277
"2017-06-16",0.00572591780329201,0.0228387280715352,0.0403268333536593,0.0729550678769864,0.283055191790717
"2017-06-19",0.000938486835774466,0.0078071865735343,0.0188534504114268,0.0304871071023893,0.147648095651466
"2017-06-20",4.70719628242744e-05,0.00171649762084569,0.0061880961319265,0.0147854433952539,0.082039330068338
"2017-06-21",7.52993158315007e-06,0.00174977597949866,0.00620907420003736,0.00862383795810429,0.0570109138086377
"2017-06-22",0.00983532055771841,0.00478116825327324,0.00176185248710747,0.00133178153422309,0.00215742366185356
"2017-06-23",0.0810018005392052,0.0561889526720036,0.0742910941311825,0.0681308744771192,0.0244459647280095
"2017-06-26",0.0303925029956602,0.0102079589298671,0.03681103495996,0.0649651910193114,0.0585590484648211
"2017-06-27",2.66064037757197e-06,0.00659800155436119,0.000570256224246668,0.000697602411083187,0.000449345829996117
"2017-06-28",0.0145857740420952,0.0017496519975071,0.0199391001844149,0.0168850980097408,0.0113621918213824
"2017-06-29",0.00986690196710494,0.036305238282913,0.00552986856332205,0.00571913944906921,0.010382189337163
"2017-06-30",0.0150396359545504,0.00868198192083303,0.018093524752534,0.000243682015660607,0.000624309379938071
"2017-07-03",0.023022490327669,0.00737851274967194,0.0215137559315515,0.00789076852822257,5.57401612355513e-06
"2017-07-05",0.00524202223734016,0.000410674375681319,0.00536313083744977,0.00640246538324085,3.90946549666538e-06
"2017-07-06",1.3491850848979e-05,0.00856602110429483,2.67898315866599e-05,0.000890079051997672,0.000486532242495841
"2017-07-07",0.0181636098433675,0.00426787681067231,0.0212534425985211,0.0302002080648376,0.00997398494674817
"2017-07-10",0.0178963248618769,0.0120540129862463,0.0266857546144281,0.0320829639077009,0.0113790715923483
"2017-07-11",0.0219126951831203,0.0315260666092305,0.0341582362232864,0.0230970590057265,0.00326440216260848
"2017-07-12",0.0225137689533106,0.0330645727322576,0.0321330171174248,0.0193129516789017,0.00220188865252391
"2017-07-13",0.0198013519152669,0.0252803966449588,0.0289978506354696,0.0233021106907989,0.0091483708964657
"2017-07-14",0.107021683512301,0.113750371013011,0.127653980776154,0.100231393309209,0.0873558978444808
"2017-07-17",0.0275736904690638,0.0297471040339854,0.0397305788804374,0.016556926584983,0.0139795415593427
"2017-07-18",0.104402493484583,0.100559958543636,0.122704314521916,0.0768536059923195,0.0686405467646707
"2017-07-19",0.0921487450188145,0.0876735723833078,0.108063156070729,0.0550719327904805,0.0413074334501695
"2017-07-20",0.0543460583648532,0.0522273064306746,0.0660233512315049,0.0253719502216192,0.00654255726423103
"2017-07-21",0.0510233310692756,0.0523025351544835,0.0677658197451687,0.0349756871515077,0.0164175299222182
"2017-07-24",0.077119423922873,0.0809931575728298,0.0992445897962133,0.0752998277555499,0.0515883268333859
"2017-07-25",0.0465589354337022,0.0541979076220698,0.0679398343896289,0.0602245959979231,0.0327577622043698
"2017-07-26",0.0667804434102701,0.0746093996178923,0.08641059208424,0.0872872904110542,0.0508242915479618
"2017-07-27",0.252844176179579,0.213037607947181,0.188485335335237,0.176812734994167,0.246935440378263
"2017-07-28",3.66741679203031e-06,0.00118674618875603,0.00306927725913342,0.00441795160036063,8.33384124350189e-05
"2017-07-31",0.00041250782751634,0.00306620482107567,0.00719781815368825,0.0101647453649005,0.00258654971638705
"2017-08-01",0.00793592691510825,0.015367093933198,0.0249682407856198,0.0374422533507928,0.022149097081581
"2017-08-02",0.199448952887255,0.178222619286016,0.159033075658066,0.125760040517202,0.149928005815864
"2017-08-03",0.00549375609233871,0.00521933901027838,0.00633160898219476,8.48297883726534e-05,0.00680379370188744
"2017-08-04",0.000185465244813443,0.000665103413258761,0.00212824027376413,0.00182734855053179,0.00505065525519144
"2017-08-07",0.0399087312297566,0.032369426613396,0.0282163335607553,0.0557755717260102,0.0343799798265005
"2017-08-08",0.013200394377276,0.0168645992350644,0.0179026278458099,0.00290730555007057,0.00680358409866089
"2017-08-09",0.0124717605628004,0.0124619598441422,0.0123813556133616,0.0190837421283958,0.0426228795082564
"2017-08-10",0.059498799790765,0.0607013841430513,0.064341445909696,0.088211464993452,0.129620732653785
"2017-08-11",0.0337818356811883,0.0421544174454089,0.0477124508734807,0.0448615579148577,0.0541104201365301
"2017-08-14",0.0155177175576195,0.00556022303590464,0.0045165284490043,0.0168373386880794,0.0183337980472187
"2017-08-15",0.012158009638449,0.00187401190098591,0.00111824039447006,0.0304665149137069,0.0248648573853756
"2017-08-16",0.00364283225905249,3.17098854480946e-05,0.000267472941005931,0.0212821603356899,0.0236264685486711
"2017-08-17",0.0431277805578247,0.0546087257789472,0.041925388256433,0.0148540534496191,0.0183040445159706
"2017-08-18",0.0151883431112025,0.0146760739673377,0.00971601179750214,0.00360244903279683,0.00699233067917837
"2017-08-21",0.0264844315980639,0.0240146510183814,0.0172617237782646,0.00819389397504078,0.0144552396901232
"2017-08-22",0.0248503776915729,0.0306266507835014,0.0342916302702196,0.0474521999708586,0.0378159164318095
"2017-08-23",0.00854624291894468,0.0112585325863048,0.0119515404632424,0.0204993242424183,0.0134119216270037
"2017-08-24",0.00210122338588925,0.00100393575718583,0.00089599839435528,5.5644699670232e-07,0.00064087406957869
"2017-08-25",0.0158119394876663,0.0192662649403852,0.0197863939568403,0.0307412088676704,0.018591011595958
"2017-08-28",0.0161683955358012,0.0206198069513157,0.0222522365976134,0.033518841179311,0.0162372695356758
"2017-08-29",0.000300943811629928,0.0010515266622102,0.00124764938070787,0.00439339432495167,6.724731356611e-05
"2017-08-30",0.00923076586736671,0.0119453614033516,0.0120934841842286,0.0210142368418109,0.00608252324244041
"2017-08-31",0.0631236574854697,0.0749170642001187,0.072867434431765,0.0918833358720645,0.0640070043847099
"2017-09-01",0.0997719165772379,0.11207344712131,0.114034233066168,0.128277536151272,0.0947846463371869
"2017-09-05",0.0132302140174914,0.00828725213487336,0.00903748056845544,0.0037512283140253,0.0146330878013075
"2017-09-06",0.00545404327659171,0.00997568173384189,0.0113778771316855,0.0180772968742151,0.00426802888517419
"2017-09-07",0.00091734402870669,2.95744014389143e-06,2.7277497296252e-05,8.57640485008027e-06,0.00525738527301423
"2017-09-08",0.0154006579905084,0.0206896294443155,0.0192210676023086,0.0223621198452342,0.00654841509947901
"2017-09-11",0.0123559128418929,0.0162505288494621,0.0157161744583956,0.017294494113538,0.00270173338066693
"2017-09-12",0.345654294274589,0.328330020032819,0.319787233975017,0.327319190574787,0.455806057462746
"2017-09-13",0.00426134972646053,0.00314263015013272,0.002573909380853,0.00140155630324368,0.0182393706045563
"2017-09-14",0.064077402957921,0.0711205756037756,0.0754663801940647,0.0866690744229794,0.0473798265272318
"2017-09-15",0.00790937342840281,0.0121627203040937,0.0155833012933506,0.0219539589609976,0.00339808840399924
"2017-09-18",0.00805086114718434,0.0127815127311917,0.0149155553688221,0.0201804573040889,0.00372497629521673
"2017-09-19",0.00806036748189842,0.0145085823697284,0.0136441849834799,0.0168214774823006,0.0058086811131659
"2017-09-20",0.100953638467224,0.0793139242579761,0.0804489744152475,0.0838719625777622,0.127176740642142
"2017-09-21",0.012406997932868,0.00398395167574717,0.0044668267407757,0.00620819522616656,0.01848716983999
"2017-09-22",0.0441899116753801,0.0254802869798061,0.0271794485983343,0.0347038125293166,0.0729688631500436
"2017-09-25",0.0848631178492758,0.0546323745208768,0.0561686296131354,0.0669367720058491,0.115749214057844
"2017-09-26",4.93980671034677e-07,0.00770559972823559,0.00509876192783532,0.00586942837061022,0.000773336058849772
"2017-09-27",0.0151520928134845,0.0372674952851519,0.036135526547656,0.0430978248022167,0.0185547235946479
"2017-09-28",0.0129959264255546,0.0306928315404102,0.0333074051650664,0.0430451731863819,0.0159125208857152
"2017-09-29",0.00498412914650737,0.0179218631809628,0.0192401048314901,0.0283863191959877,0.00609685816784045
"2017-10-02",0.0107133204516852,0.0245523105793004,0.0269116769038962,0.0429193102467211,0.0170539356421868
"2017-10-03",0.0242104941220356,0.0313810750376988,0.0335651952125735,0.0479992658170763,0.0259883941795536
"2017-10-04",0.0124893853443859,0.0221615368567123,0.0219974364395077,0.0318493768517385,0.012422632266631
"2017-10-05",0.0470935918836908,0.0648471622599522,0.0665100409551831,0.0773650680582223,0.049808253651028
"2017-10-06",0.12726417420296,0.16989645816973,0.170018047296726,0.184931276502602,0.135757329665815
"2017-10-09",0.0633865965291798,0.0923121867735139,0.102395664544773,0.119535483647608,0.0829490922871166
"2017-10-10",0.0487172231014039,0.0744013883932324,0.0740825225293957,0.0885809186866788,0.0523256086352653
"2017-10-11",0.0944597408755083,0.127223713731968,0.121879072165189,0.139906673824119,0.0853375626743595
"2017-10-12",0.0457071385583676,0.0672675731575605,0.0628048097408245,0.0786655791524533,0.0475191551187071
"2017-10-13",0.0976925785553757,0.134000196503575,0.12574087474443,0.140223749157848,0.0926422550526091
"2017-10-16",0.0499701890106894,0.0712739695840328,0.064490381337774,0.0656164958044454,0.034862185093937
"2017-10-17",0.0525535603515239,0.072135019397588,0.0647978353563063,0.0578072302051278,0.0283136961599886
"2017-10-18",0.0662869776916444,0.0896693285432661,0.0829716608037143,0.0775665364265368,0.0324628578850354
"2017-10-19",0.0136051487716076,0.0041904692693715,0.00549311212423209,0.00641966308411823,0.035857259620111
"2017-10-20",0.0264567097906134,0.036811693015218,0.032600494452105,0.0314217100344298,0.0057654306665953
"2017-10-23",1.22529803205929e-05,0.00104769455903431,0.000561060576623085,0.000928752456984094,0.00315158031968843
"2017-10-24",0.0276553346883808,0.0317228067398601,0.0268579117255867,0.0288016837799696,0.00509252169451324
"2017-10-25",0.00858226090710734,0.00469320259106554,0.00693035664998654,0.00790307313857075,0.034858391819925
"2017-10-26",0.00171022291975564,0.00133208985286326,0.000374464477446157,0.000224736528719571,0.00510689248107177
"2017-10-27",0.0491432879119906,0.0437309820439562,0.0514401249347527,0.0531348762665134,0.119831210263218
"2017-10-30",0.040878911981441,0.0329698955239,0.0403997032784249,0.0431390218686545,0.102557134922598
"2017-10-31",0.000762930218413338,2.48753429936688e-05,0.00069798300817836,0.00129068995230286,0.0136100184540091
"2017-11-01",0.0654369605848395,0.0544116021938195,0.0703662888631085,0.0746610121639155,0.1458889530997
"2017-11-02",0.0578119259104706,0.0493792030946469,0.06533364986937,0.0625393564650372,0.121974369205385
"2017-11-03",0.159595677100733,0.138831068058906,0.160281904894925,0.155869579100316,0.268498101367981
"2017-11-06",0.000358598401241528,0.000209466478737985,0.00120393915645023,0.00121973527245656,0.0133402794370443
"2017-11-07",0.010764865360283,0.0141957743102226,0.0178410989794715,0.0227477231043205,0.0630985720509756
"2017-11-08",0.0147432364440685,0.00848100995371026,0.0078085816149096,0.00629493389394531,0.0014408163929851
"2017-11-09",0.0471533092530187,0.067270441984487,0.0695388305175617,0.094041425407015,0.188219912591414
"2017-11-10",0.0339588467116281,0.0143049519631402,0.0144340055429162,0.00354337236706059,0.055736503030495
"2017-11-13",0.074472183319672,0.0449274821713206,0.0497926311230701,0.0287721939220213,0.00395469843774854
"2017-11-14",0.000796767100113005,0.00700078143725502,0.00392429393538096,0.0145419840373928,0.0426145584433277
"2017-11-15",0.00577848420742066,0.0134493624578484,0.00849797213986014,0.0232644578366428,0.0360080214347829
"2017-11-16",0.0562964921003353,0.046804883740434,0.0551575426308077,0.0419030205090523,0.0215701958718233
"2017-11-17",0.01679637705735,0.021017338990541,0.0197779407427383,0.0187592483555095,0.0048717568241754
"2017-11-20",0.0974219359233266,0.109331114085404,0.107300900419236,0.10695321309763,0.0509908126305765
"2017-11-21",0.039435109460777,0.0490350847171781,0.0472908397292553,0.0541810352144003,0.0189285601243321
"2017-11-22",0.00888767235656829,0.0143699945832965,0.014541367169224,0.022518139412379,0.0033534001870108
"2017-11-24",0.19391751016271,0.21873529190209,0.222655007343253,0.235716500109211,0.158447868493261
"2017-11-27",0.00478945009581344,0.00867409772107153,0.0101144637958748,0.00835691312913811,0.000174532045481568
"2017-11-28",0.000195698750129036,0.0010498465913038,0.00157482617346383,0.00055924554413278,0.00143778280390139
"2017-11-29",0.137450386022326,0.124558280151419,0.117921088302329,0.138327325081522,0.202037882367678
"2017-11-30",0.0494111915709676,0.0402555744335111,0.0367944561136189,0.0451588829040512,0.0810261444949434
"2017-12-01",0.327179870245222,0.282916607116297,0.262528697542859,0.262265098944409,0.380480270459375
"2017-12-04",0.100025812015516,0.0742192531052015,0.0681862331205105,0.0700361573221737,0.120715865444797
"2017-12-05",0.0525745433480458,0.0382294169584232,0.0335640455785242,0.0337366807008006,0.06408288646979
"2017-12-06",0.0768494327033575,0.0514250528615641,0.0474981580753573,0.043367713872446,0.0878039979109777
"2017-12-07",0.0225339147661008,0.0100440081818594,0.00916046760210643,0.00673055285277968,0.024394598128946
"2017-12-08",3.21691618521136e-06,0.001072836569326,0.00204138557583011,0.00327092525790462,0.000321907036211933
"2017-12-11",0.00455347046797505,0.00536022281869286,0.00343363045766876,0.00103363376400023,0.00171129880039556
"2017-12-12",0.00753239451650001,0.00750186103900607,0.0115495478905243,0.0133864264886263,0.00809714488619351
"2017-12-13",0.00436145852009218,2.05195919922296e-05,0.000600482296532867,0.00364704014994288,5.45818402097886e-06
"2017-12-14",0.00357487872252582,0.00033873027188358,0.00160640850456084,0.00279686392267831,0.000209581441607209
"2017-12-15",0.037378871310072,0.0286324665528697,0.0334282587179877,0.0385071473591783,0.0015164846993474
"2017-12-18",0.0591930217950336,0.0378280822505959,0.0453387567078816,0.0485313379603727,0.0167984666769936
"2017-12-19",0.0269083378291817,0.00874391660276652,0.0164169992009788,0.0227398974789792,0.00628697087248065
"2017-12-20",0.0229515034895116,0.0140633529614027,0.020630792118935,0.0216144398583467,0.00910248527470015
"2017-12-21",0.0492513391772591,0.0403825410977503,0.0496404389021876,0.0536907439451901,0.026708164100175
"2017-12-22",0.0687404082724146,0.0643229674522565,0.0770741262392105,0.0844332888996908,0.0394906789796261
"2017-12-26",0.00126943640808852,0.000655638758919608,0.000170200578831325,0.000651463935111174,0.0028732765950843
"2017-12-27",0.0493280786728654,0.0536104154251706,0.062659863460429,0.0554266280668965,0.0340428957790864
"2017-12-28",0.0969488235196367,0.106381099650066,0.116788592755236,0.097732296283044,0.0764143560024562
"2017-12-29",0.0630448232200713,0.0757065514663098,0.0831938294225987,0.0629644999240306,0.0528620437428884
"2018-01-02",0.0229926533310081,0.0315298225110054,0.0342022646813049,0.0165885596107529,0.0061873487802282
"2018-01-03",0.0071776185432677,0.00996654841604383,0.0123010216337476,0.00319065939775198,0.000870927020210077
"2018-01-04",0.0147265523110582,0.0154602981994365,0.0172811761409102,0.00919004428845405,0.00587996094677301
"2018-01-05",0.042360726252272,0.0477000664061227,0.053404756022861,0.04586758413315,0.0349481306642718
"2018-01-08",0.0239429523325496,0.0270271403529312,0.0303097960024752,0.029707069684646,0.0310455537058605
"2018-01-09",0.00560265659637538,0.00874493026273382,0.0116117550832993,0.0161256776807235,0.00958990035980145
"2018-01-10",0.0166764577489957,0.0223186357280074,0.0229181965010885,0.0312218884584141,0.0382302861306487
"2018-01-11",0.0524670682870891,0.0604884835815285,0.0645582089087902,0.0773595892976777,0.0721673346398424
"2018-01-12",0.0469528959440995,0.056379017175864,0.0560182443197059,0.072356662161184,0.0780382950642817
"2018-01-16",0.022881573653545,0.0169844847159726,0.0178491230042721,0.00885566558687034,0.0134059166914799
"2018-01-17",0.038859748163246,0.032356068929956,0.0325097882324312,0.0227829649104869,0.0255283498538943
"2018-01-18",0.0128225624548144,0.00962343182849823,0.0114170292698892,0.00942361913402046,0.00497054600020053
"2018-01-19",0.00188962044036134,0.00136651264897436,0.00201959104651017,0.0021679152593046,0.00190049854987162
"2018-01-22",0.00692865126206099,0.00781057991562384,0.0062202255048851,0.00481524440710857,0.0044929450760387
"2018-01-23",0.0300664703380158,0.0309862540907246,0.0351409693470641,0.0323280322605228,0.0324721140930178
"2018-01-24",0.106575626557658,0.110164332406234,0.120472938984532,0.108562696608173,0.119136973348225
"2018-01-25",0.0669665024165826,0.0694804265786282,0.0786108286591307,0.0639434066794782,0.063632500264474
"2018-01-26",0.00275167164900192,0.00259199918221076,0.0037029898316594,0.00109539007582349,0.00252807441031955
"2018-01-29",0.189418655349378,0.203387023131546,0.191722526152067,0.143522078356606,0.139885011496443
"2018-01-30",0.201242215259641,0.247769866314582,0.263578484368303,0.203885270893073,0.202327331633088
"2018-01-31",0.0203857974817245,0.0230754694768667,0.0237215814573615,0.00825325498762863,0.00660658971724959
"2018-02-01",0.043789722410239,0.045289362715254,0.0440343900653477,0.0192402079928002,0.0127628035895153
"2018-02-02",0.36693068845917,0.37692514343382,0.374846160721436,0.268627341499774,0.271013449537541
"2018-02-05",1.45609242514676,1.4742963483916,1.41077133384876,1.1848173232933,1.16682161657134
"2018-02-06",2.22968738884586,2.25337674971749,2.23524463091825,1.97109718711433,1.8659474371189
"2018-02-07",0.38934247314352,0.409944647988997,0.388665700540025,0.302726905217875,0.306569102595425
"2018-02-08",0.626893567197162,0.622808519784786,0.589810012783547,0.483138013594859,0.504311524224323
"2018-02-09",1.51089645442207,1.4969849211731,1.4459437806402,1.3202175988742,1.24418441982909
"2018-02-12",0.352552749226735,0.34834953914822,0.3463697415358,0.30383800110544,0.339055070207138
"2018-02-13",0.0988167314075914,0.09971599718574,0.0867534526148597,0.065464628950219,0.08688666675792
"2018-02-14",0.0847873102725651,0.0875901432506205,0.0710708947400245,0.0518263333832634,0.0767587960846752
"2018-02-15",0.089502924813524,0.0793380196958406,0.060368133240968,0.0304022288144605,0.0465235204932897
"2018-02-16",0.0542318738686609,0.0438145764552211,0.0433965531337286,0.0116854297050737,0.0114008607348766
"2018-02-20",0.0137681708661512,0.00351354162965056,0.00268945888155114,0.0083883403060252,0.000904936695322434
"2018-02-21",0.000158305361882327,0.0056653866009504,0.0189821153610943,0.0599838286406884,0.00254387953903379
"2018-02-22",0.00553637284763875,0.0014251275948638,0.013033107494749,0.049913481214884,0.0211507238026289
"2018-02-23",0.0666050993954177,0.125475211972685,0.173899433607819,0.239430582776878,0.160184191342678
"2018-02-26",0.0878441870059323,0.148822812973343,0.18001397637495,0.234160893961689,0.150576573360241
"2018-02-27",0.00145404294158036,0.00776819400277828,0.0120600022150401,0.0291525705088551,0.0121525229835879
"2018-02-28",0.00618407124962528,0.0215190625614712,0.0290128628489401,0.0631374635038109,0.0507251098110753
"2018-03-01",0.193674377710281,0.126285997753936,0.104684926395242,0.0511067935654685,0.0692632986990962
"2018-03-02",0.0874246629281532,0.0579929743329739,0.0417875631457334,0.0139236485730942,0.0172406032689509
"2018-03-05",0.010312359315771,0.0146465668296991,0.00904149615000605,5.24134085884143e-05,0.000206510869863452
"2018-03-06",0.00734414578800613,0.0147383923103808,0.00819651339379113,1.44998349544956e-05,1.87266511095796e-05
"2018-03-07",0.0047350584379271,0.0110566442374125,0.0066560089316936,0.000182837273188907,0.000426296181415653
"2018-03-08",0.00512081295167688,0.001374856861035,0.00426018262798267,0.0245670106645017,0.0286364164512973
"2018-03-09",0.00873011433950843,0.00448327917126812,0.0100765732890806,0.0382888308596137,0.0365054293055533
"2018-03-12",0.00440280411188132,0.00219869292956432,0.00570861688634583,0.0274561492398668,0.0365826422964375
"2018-03-13",0.0280086714854448,0.0386699626405655,0.0279700801813052,0.0081469815289994,0.0025605448777537
"2018-03-14",0.0181386317462555,0.0274365453330043,0.0188718576272826,0.00401142211536443,0.00163520235657111
"2018-03-15",0.0253609103152312,0.0121367107329604,0.0181555637512207,0.0264071372748544,0.0333832945702985
"2018-03-16",0.0499523608339276,0.0325570717017685,0.0436099334236617,0.0430296881741514,0.0613599795694257
"2018-03-19",0.00894801948119173,0.0166450809641874,0.00927237321607555,0.0122223187282253,0.00341521296359892
"2018-03-20",0.0168054336877914,0.0119774406576876,0.016672133840175,0.00694961100391822,0.0176837611354235
"2018-03-21",0.00985994162288928,0.0143148376709463,0.0144079765136196,0.04520989640949,0.0306949782672585
"2018-03-22",0.105800244490977,0.115300936103401,0.151879432789829,0.387776489592911,0.360307043696791
"2018-03-23",0.19684620407358,0.221534708688031,0.266905450041254,0.571494257376036,0.584096471317463
"2018-03-26",0.0888899054694328,0.11356255572027,0.14707581056035,0.418874996012799,0.409351459810323
"2018-03-27",0.309139850240204,0.362967556385901,0.426061683635745,0.923057142759437,0.919748256401547
"2018-03-28",0.530522537205684,0.585148060620701,0.692164060952188,1.53440652195589,1.64238090971752
"2018-03-29",0.127290953343264,0.141585820692351,0.183701433919328,0.632357660335762,0.695794676372978
"2018-04-02",0.381983053665635,0.387036698520135,0.46802040462568,1.19808644322055,1.34412497800241
"2018-04-03",0.208132503978359,0.212334032282101,0.303486443722232,0.915041809744267,0.812893031088118
"2018-04-04",0.211037680208068,0.197220306441762,0.360325061316936,1.03678155917435,0.855224827405858
"2018-04-05",0.0483693412096409,0.0403032768226068,0.142243145021215,0.63398027154073,0.69722929397893
"2018-04-06",0.216040504637915,0.20553949096493,0.433221277922086,1.47958571046056,1.83535060947242
"2018-04-09",0.0174032659596388,0.0158542310882863,0.0902939514547452,0.587410812741982,0.919338089093643
"2018-04-10",0.0358026263425584,0.0329139498427216,0.168431961313176,0.709141898809015,1.06785063028679
"2018-04-11",0.00545345833260225,0.00652677335348439,0.0684795950561381,0.395709865496639,0.733646565753347
"2018-04-12",0.00638269079078846,0.00567286107768017,0.00137581827650646,0.0743813049801094,0.105438992600312
"2018-04-13",0.00012588442804784,0.00283518393054316,0.00148877913892731,0.0600299805133604,0.0599442503947463
"2018-04-16",0.0342308546501982,0.0559369673020738,0.0308844039238112,0.00289881275332315,0.00421233547319289
"2018-04-17",0.0768988050443207,0.114368638235065,0.0890036384028945,0.0412769180794919,0.0712514649915883
"2018-04-18",0.0433332410436849,0.0849980670657757,0.073155075855933,0.0412363675564251,0.0807339101108333
"2018-04-19",0.0034114645863037,0.0166809337204443,0.0131139531404236,0.00211079031478634,0.0116834760545486
"2018-04-20",0.0124420069105118,0.00511986201238024,0.00688188695850345,0.0202092183279288,0.0221604145432137
"2018-04-23",0.000171108210958559,0.00208707224983939,0.00224645706445314,3.54632236279073e-05,5.57009887096616e-05
"2018-04-24",0.0362001464891586,0.0362078132431958,0.0284855593102737,0.0423100106865963,0.0470200363273512
"2018-04-25",0.029011426281532,0.0374259261390293,0.0273145423397614,0.0416922641343769,0.0596844532456573
"2018-04-26",0.00780509842685517,0.0036754091646003,0.00508715119849668,0.00123719312481207,1.96024113072735e-05
"2018-04-27",0.00613942969768688,0.0126984752424126,0.0150724695240769,0.0234510001558206,0.0570351200165804
"2018-04-30",0.0489723895875707,0.0659287990254047,0.0872321282243658,0.109381205428833,0.143359590718901
"2018-05-01",0.0151459055632643,0.0233976302962593,0.0476743866419262,0.0649407714041097,0.0705171397731457
"2018-05-02",0.0596046268360619,0.0773894383084675,0.137943051179052,0.165330841850255,0.183130236708908
"2018-05-03",0.0345514341161557,0.0450588755013146,0.0961822086858954,0.115598428583565,0.137544061720792
"2018-05-04",0.000314786102257214,5.7525604473252e-06,0.00585423703249299,0.00929303753050492,0.00249515084023089
"2018-05-07",0.00468675652204964,0.009550985591402,0.023518262389645,0.0319358535902055,0.0171064035623523
"2018-05-08",0.000747504492670803,0.00393759907831703,0.00823899383818905,0.00475840123148941,0.000252347292394983
"2018-05-09",0.0474856607008345,0.0358651187468093,0.0299394100366259,0.0234921081931454,0.0311922316260946
"2018-05-10",0.0412525582419447,0.037523669643541,0.0421660274655178,0.0300821175651993,0.036722702156126
"2018-05-11",0.0341432580605976,0.0323336581417817,0.0239531829362605,0.0156858541553151,0.00058277841294263
"2018-05-14",0.101469121502641,0.114677215858648,0.102275331421541,0.0896003935352625,0.086090543961578
"2018-05-15",0.000206827144751287,0.0010676680506827,0.000683582482602363,0.000140519871823175,3.40322813840999e-05
"2018-05-16",0.0710847261600245,0.0724939144515591,0.0704003253615657,0.0737465617068622,0.0841468877760456
"2018-05-17",0.0515181161458562,0.0480047578010812,0.0515402044267477,0.0568198488675471,0.0499734608485263
"2018-05-18",0.0248226589881062,0.0179792585813661,0.0194679365414476,0.016267015617037,0.012826861856686
"2018-05-21",0.0568466683657207,0.0455847189475425,0.0453348890955234,0.0382089210720706,0.0318836588694578
"2018-05-22",0.0568403468636678,0.0424005044427278,0.0449651315926742,0.0422682983410387,0.0262057249963661
"2018-05-23",0.0117058130016301,0.00606545928260327,0.00691810818428729,0.00578492601294922,0.000244044480740113
"2018-05-24",0.00278859469747239,0.000516545001421509,0.00103913853438709,0.000837904839923853,2.92746879611006e-05
"2018-05-25",0.0566825836207916,0.0465344501088951,0.0496366870422622,0.0480962376515759,0.0446628852833735
"2018-05-29",0.000359580977025598,0.00146055718904403,0.00140383340089034,0.00132028423790209,0.00451664205520652
"2018-05-30",0.0630148204844643,0.0556714666485774,0.0537671655520338,0.0556394484384584,0.0233236853273988
"2018-05-31",0.0105574068813747,0.00784726361806976,0.00854331481248005,0.00560782990432784,0.00258571503035676
"2018-06-01",0.0868138252146284,0.0813567256972281,0.0825463756905771,0.0797070098797705,0.0754605073713752
"2018-06-04",0.0309779781607249,0.0287303541965531,0.0273073028333155,0.0252548116907751,0.0199322079827091
"2018-06-05",0.0449888329221633,0.0429754308052721,0.0443686330815556,0.0444140040909045,0.0423785276230733
"2018-06-06",0.0583675575128493,0.05499360470301,0.0527838195979657,0.0494747557953192,0.0472660518111909
"2018-06-07",0.00887342409406,0.00729142095032054,0.00702940677375374,0.00761707506149922,0.00633761283969458
"2018-06-08",0.00394744977710415,0.00336993161446886,0.0029301522472025,0.00262854186921779,0.000702865643192663
"2018-06-11",0.0505257563974864,0.0521088098229687,0.0493859882595253,0.0412877764854152,0.0258422011078094
"2018-06-12",0.0765321489756055,0.079417149235629,0.0833452113294377,0.085140139855586,0.0675172275913003
"2018-06-13",0.00592793264742175,0.0092278255897118,0.00989223695915653,0.00635212954108177,0.000984217573870128
"2018-06-14",0.0264237630029727,0.0324039985869649,0.0355292249792325,0.0332063841633321,0.0237714324958385
"2018-06-15",0.00016729612598243,0.00121620143031009,0.00121382127331482,0.000225344398522287,0.000418996987376019
"2018-06-18",0.00791771447991896,0.0110981803290005,0.0112991278195391,0.00729060113239366,0.00272805266995491
"2018-06-19",0.00610083880074597,0.00409347100963542,0.00518548735443214,0.0115569057567741,0.011210019359889
"2018-06-20",0.00359331272968388,0.00513289371849401,0.00618236431310426,0.00233486700030805,0.00864636397341156
"2018-06-21",0.00431041899632723,0.00268952637582709,0.00245982365902964,0.00611844891308322,0.00375379005839527
"2018-06-22",0.0143378995180772,0.0177167088367369,0.0160105358627138,0.00643822012311057,0.0111294420718144
"2018-06-25",0.103178485474319,0.090573253485783,0.0922896096753716,0.125228351374371,0.0932072384952776
"2018-06-26",0.0316301084211481,0.0255840822127231,0.0273176821055692,0.0496265389562489,0.0303423699503089
"2018-06-27",0.0499778950191954,0.0481256768990665,0.050018098458783,0.0771454524718851,0.091308488860971
"2018-06-28",0.0371958909207315,0.0378781533724992,0.0377700177314413,0.0615246226001391,0.07043664955355
"2018-06-29",0.150104830653009,0.150709820850754,0.150737941693771,0.198212863385806,0.280069412076961
"2018-07-02",0.000417390193847789,0.000540492099343703,0.000692535517778703,0.0062879014178614,0.015678686931929
"2018-07-03",5.71644982905184e-07,2.9506140853286e-05,0.000154575199934559,0.00323938126687673,0.00274802186378365
"2018-07-05",0.000289507110681875,0.000223521185861664,0.000526716262353899,0.000304592228770328,0.000165758678233541
"2018-07-06",0.00570387321795041,0.0054889399588991,0.00451180109380034,0.00145441213609709,0.00321961922207414
"2018-07-09",0.0197290429031698,0.0222391296537416,0.0225366171965877,0.0138263562419607,0.0108574998564321
"2018-07-10",0.0395638619836438,0.0423376913345617,0.0427106466232929,0.0329856490615796,0.0390657353193808
"2018-07-11",0.000343820068409162,0.00113446420312746,0.000965532885057074,2.88065036917473e-05,0.00159595141616564
"2018-07-12",0.0459792203644085,0.053816940814654,0.0516004563090158,0.0455920269025603,0.0486699899747594
"2018-07-13",0.0753805647663277,0.0805511571975317,0.0808234039383136,0.0763960943247728,0.0827856505517677
"2018-07-16",0.0651244111538558,0.0701434613801557,0.0614493915486605,0.0470118936688753,0.0757945752736073
"2018-07-17",0.0236902726547212,0.022690556867196,0.0265630418944465,0.0213048933758264,0.0360184054350117
"2018-07-18",0.0314538181038311,0.0293676064272692,0.0314044399970648,0.0261095388023251,0.0238719066951736
"2018-07-19",0.014144330035557,0.0118495379750478,0.0123071175417964,0.00974247286646057,0.020980336716415
"2018-07-20",0.0281322748250936,0.0234331617587131,0.0230999149118658,0.0188030059265354,0.0324959533126361
"2018-07-23",0.0389293882587278,0.0397751681046667,0.0405400062570822,0.0339923476140354,0.0462403050620979
"2018-07-24",0.00691546125395259,0.00705857699936407,0.00564827550529512,0.00573753330775295,0.0114438066484597
"2018-07-25",0.0323612529582449,0.0313519312619257,0.0287032857459448,0.0303301228436608,0.045915525870887
"2018-07-26",0.00584599478372483,0.00495390877916413,0.00383448433371614,0.00328849302827838,0.00726677814009102
"2018-07-27",0.021107265434803,0.0219914790146056,0.0254237907768142,0.0241566316834358,0.017350007571038
"2018-07-30",1.53200944816856e-05,2.87112198162909e-05,0.000160495967326924,0.00024506343569497,0.000396156976430362
"2018-07-31",0.00590924351305611,0.00622729488174301,0.00749907824407803,0.00703407565462477,0.00257561048122601
"2018-08-01",0.120667718558849,0.117385078184634,0.120203759427498,0.106425028474401,0.093891282042847
"2018-08-02",0.0598909196092183,0.0568658347729403,0.0601235048054904,0.0537261547793819,0.0524498523920534
"2018-08-03",0.00331334405630179,0.0025643591509279,0.00313478531722566,0.00215668436174576,0.0360713433862945
"2018-08-06",0.00307120676403927,0.00219974963156644,0.0018089677499884,0.000854780529948584,6.16600888776464e-05
"2018-08-07",0.00775217381378224,0.00819792838964539,0.0113438500777963,0.0223790088313376,0.033678047520592
"2018-08-08",3.35036538483546e-05,2.24289743662176e-05,1.98580156016703e-05,4.49375759759008e-06,0.00432203401417719
"2018-08-09",0.0289903576833952,0.0287615970495407,0.059380917702085,0.0475105513216756,0.0303573134800974
"2018-08-10",0.00247024399367435,0.00266371701367873,0.00125894704356289,0.000715463787994697,6.65644402495502e-05
"2018-08-13",0.000251954949525457,0.000629475261493706,8.07456222404745e-05,0.000859943202553781,0.000679697533528589
"2018-08-14",0.018186058345397,0.0193473132885305,0.0181523370375896,0.017387419811473,0.0183740247802779
"2018-08-15",6.58320820527969e-05,1.23347830940368e-05,0.000475843400958409,0.000613366649439895,0.00116908977315089
"2018-08-16",0.0373509571752253,0.0364502430051088,0.0259368544845857,0.0237979417696477,0.0306441321714239
"2018-08-17",1.50279788613261e-09,0.000391944216254991,0.00178432449447063,0.00218949792660461,0.003294357614962
"2018-08-20",0.00220277322408147,0.00877952341779209,0.00734747881998032,0.0114698091199488,0.00334592333945993
"2018-08-21",0.000604891868574153,0.00161520518266967,0.00225861299636021,0.00182675972340074,5.61547846920085e-05
"2018-08-22",0.00419123953474987,6.38020626444469e-05,8.65247333465824e-05,8.34570710288585e-05,0.000552238078452838
"2018-08-23",0.0051395092002644,0.000584619411504006,6.6443641767e-05,4.26331712652939e-05,0.00457156558622263
"2018-08-24",0.0224539301318158,0.0116697076785117,0.00926856815800114,0.0112444914695446,0.014065063153776
"2018-08-27",0.0258888544464002,0.0136128905546014,0.0100115439928401,0.0100186626826149,0.0213105206657622
"2018-08-28",0.0584661137284836,0.0423386350642951,0.0376353109393395,0.0424283717663596,0.0570349075846563
"2018-08-29",0.0382590798677092,0.0272136328576769,0.0274181802339002,0.0306346843143794,0.0294319704752637
"2018-08-30",0.0346035635778728,0.0446107892141505,0.0525058731034118,0.0503709080187251,0.0518665603980635
"2018-08-31",0.000365306154656242,0.00117033790266952,0.00189661133163277,0.000869032129013458,0.000121986026100362
"2018-09-04",0.000858085055613245,0.00204617059356327,0.00465342384615042,0.00431008362341134,0.000676501852322486
"2018-09-05",0.0422187505924356,0.0501568785650612,0.0636953806575593,0.0634204515840018,0.0464162625811362
"2018-09-06",0.0886067466609819,0.10300186507491,0.133080908515795,0.121410705433256,0.112444398391003
"2018-09-07",0.171732116714136,0.199401797106622,0.230963666689036,0.205714828458035,0.213020545785359
"2018-09-10",0.172741515845724,0.199921877943198,0.236356982613942,0.236229033669694,0.268176991544546
"2018-09-11",0.0516254572634796,0.0672496644474223,0.080035218402938,0.071882050463441,0.105790053906111
"2018-09-12",0.35906709233142,0.399337270061781,0.441283187771755,0.405433565901415,0.5219017351517
"2018-09-13",0.0598208329962537,0.0660843237317921,0.081344478816211,0.0869920252084757,0.11305366465731
"2018-09-14",0.0428495159682349,0.046966573814123,0.0596422657605451,0.0630636989120479,0.0588340515284445
"2018-09-17",0.125384895362955,0.133690978125388,0.14816345963173,0.140967914390988,0.141679713325009
"2018-09-18",0.0398174606667636,0.0466512667329619,0.0510536357968028,0.046557689297529,0.068766048532183
"2018-09-19",0.0375560885625434,0.0479632981010727,0.0583783365746995,0.0547478550438589,0.0869647737725758
"2018-09-20",0.0156887971192257,0.0241359918878281,0.0272925322015272,0.0218735322566534,0.0289133089305762
"2018-09-21",0.00793088493028393,0.0141303717679953,0.0182405451958716,0.0179884127552967,0.0368963197464243
"2018-09-24",0.00173903419527366,0.0050025076672211,0.0090378711374608,0.0141348797338541,0.0137598230966995
"2018-09-25",0.00214502723189325,0.00635770017122295,0.0103071924839422,0.0118568573664399,0.00877620928506428
"2018-09-26",0.00224146773480793,0.00853020870795396,0.0133202887236261,0.0196756344949638,0.00462124207532533
"2018-09-27",0.0034427374663899,0.000234860751772814,0.000139364155236299,0.000106969846404015,0.00183197112250433
"2018-09-28",0.00645189887600184,0.00197679193966671,0.00171345875050077,0.00072166029689158,0.00399324349492591
"2018-10-01",0.00443390149750567,0.00152591507682054,0.000761021112741345,7.32063771318181e-05,0.00495785636540536
"2018-10-02",9.87681983488642e-06,0.000183450282184694,6.12413542031565e-05,0.000385270743837651,0.00204420049268839
"2018-10-03",0.00109106150337701,0.000691703315634618,0.00078785277422666,0.00113574938313721,0.000250685326500522
"2018-10-04",0.100675098417444,0.0866582435910539,0.0830111324579497,0.0850471309253318,0.0587451221110948
"2018-10-05",0.149499552432642,0.126281178037447,0.121754929687056,0.127488884042546,0.106487412771918
"2018-10-08",0.132005996995832,0.119545293601755,0.11684841339966,0.119332571784083,0.115534879687575
"2018-10-09",0.125462110950318,0.102063144085023,0.0913479003296198,0.100174004732591,0.111203391171589
"2018-10-10",0.360547855944381,0.315015082713443,0.305616077297755,0.322657634767272,0.359189313811113
"2018-10-11",0.962229853869952,0.854626028005436,0.837775552728304,0.867645017047366,0.925405106873424
"2018-10-12",0.394622640762483,0.323819530290425,0.301735416565692,0.306354194973081,0.324173076393166
"2018-10-15",0.160060693354513,0.125143612488278,0.120728580606082,0.119888316665107,0.132083611015823
"2018-10-16",0.0302338798719002,0.017951739853364,0.0172518590729855,0.0143472086022245,0.0208685840423506
"2018-10-17",0.107639646330423,0.0780721826115385,0.0792259296762268,0.0739732275499938,0.0792423891515313
"2018-10-18",0.144606294190621,0.10314548679635,0.109381146886276,0.092124871413384,0.109832989700601
"2018-10-19",0.0594151182342393,0.0336079825669529,0.0335898582122174,0.028893622353924,0.0420718997883194
"2018-10-22",0.0331929335174572,0.0139967175682036,0.0133210605257275,0.00881628143297553,0.0128257114312622
"2018-10-23",0.179223922123893,0.1224418214969,0.117632267575416,0.108993195256282,0.125549597972453
"2018-10-24",0.225911958393079,0.17682850942705,0.168862764077327,0.158541867754442,0.231867835546068
"2018-10-25",0.0409066771944349,0.023049618344267,0.0211515506316968,0.017352522030313,0.0240671434152024
"2018-10-26",0.316579488704791,0.221132739824075,0.214446185057717,0.229818714287752,0.269973849597247
"2018-10-29",0.349152619525794,0.252638718341719,0.25738912596253,0.291811749562061,0.352059829241327
"2018-10-30",0.418178426254896,0.300266384212732,0.29607519271794,0.344571543603124,0.352760002093451
"2018-10-31",0.0250899989212461,0.00882635082406202,0.00830920797745582,0.0167401196218129,0.0178155266428144
"2018-11-01",0.0284404581529472,0.013344425219012,0.0132446502150345,0.020012237206515,0.0327944562070417
"2018-11-02",0.231782067735887,0.176609071139467,0.17485224282277,0.195253862840513,0.224275076705079
"2018-11-05",0.106207220852206,0.0781340296293351,0.0821822189387724,0.0846898668244671,0.0716739559957345
"2018-11-06",8.74635442298377e-05,0.000401084795018214,0.000134051249014888,3.67408342587527e-05,5.88080323347118e-05
"2018-11-07",0.00873875443850913,0.0171647802134722,0.0138831169922564,0.00906592286681596,0.00452045686430536
"2018-11-08",0.0112608117900639,0.023218331004099,0.0222382363992393,0.0136918436561095,0.00333599506101723
"2018-11-09",0.0175241331515354,0.0229897940079229,0.0190799341106098,0.0192355872879622,0.0252209736049862
"2018-11-12",0.00408501160904073,0.00141220760676708,0.0032136524527735,0.0102005012983526,0.00651775136581678
"2018-11-13",0.0328660139048507,0.0324919213762052,0.0412958546715583,0.063184243988172,0.050631662246917
"2018-11-14",0.0465065036927106,0.0285926541780426,0.0302589945264329,0.0510946724362307,0.029075098162755
"2018-11-15",0.0392782253901396,0.0196994480735799,0.0299995521692431,0.0543981933476902,0.0230314787630206
"2018-11-16",0.000198969326952625,0.00230206547894229,1.65155889615409e-05,0.0050955931793577,5.5499685691629e-07
"2018-11-19",0.00474269080785339,0.00247634477899528,0.0111549153018546,0.0381823271736155,0.00722800872880658
"2018-11-20",0.227068564222199,0.255137072988524,0.336915857990551,0.491729370436525,0.324312208149712
"2018-11-21",2.67128332687161e-05,0.00231942408103958,0.00708724436224872,0.0302910878334042,0.00349879130992647
"2018-11-23",0.00762065231142062,0.000672604133307608,7.56147085612113e-05,0.0106234729143324,0.00041380723683293
"2018-11-26",0.0101075194070357,0.0214467335893849,0.0354348792794907,0.082607297582066,0.0296932568688133
"2018-11-27",0.0323597905341364,0.0578537128579608,0.0885192245505113,0.160996365711717,0.073744910382689
"2018-11-28",0.00737621935032617,0.0259703010424488,0.0480323550561339,0.0974274586521671,0.031926694754264
"2018-11-29",7.52264832764027e-05,0.00633427278383092,0.0141783311542865,0.0410110026587305,0.0070195870410168
"2018-11-30",0.0166344756533783,0.00145521988638331,0.000104596026299086,0.00423122785056451,0.00173113152290139
"2018-12-03",0.00385785825150253,0.000913626203671303,0.00187706818494515,0.0141985622388985,0.000738110290476213
"2018-12-04",0.0109816893560741,0.054673992371139,0.0592297814813361,0.100178797372575,0.0306688208039314
"2018-12-06",0.0428952965336622,0.131932766259264,0.152130863306117,0.179455822117138,0.0711967406822958
"2018-12-07",0.0330719635728738,0.0851636825110789,0.103684137120919,0.117826139479683,0.0384904423152563
"2018-12-10",0.118119787165883,0.221980522565584,0.272105380907454,0.294474001869138,0.136593349978319
"2018-12-11",0.0381357786352554,0.118985659289117,0.144944629086404,0.156333831316905,0.0616291243667053
"2018-12-12",0.00155819581019223,0.0153423338284302,0.022749348756872,0.025499494865248,0.000444468111380214
"2018-12-13",0.00878550596479499,0.0819023012305045,0.0870063911112804,0.0863744263146566,0.021489122866702
"2018-12-14",0.0046494221444886,0.0724939040892183,0.0779195688438543,0.0766284132339836,0.0133906036442177
"2018-12-17",0.0391737661987073,0.137085771763093,0.148462261579744,0.148248422979837,0.0740741418650868
"2018-12-18",0.0123003602494252,0.0625716426675891,0.0741720078425516,0.0728784441298327,0.0295103443491671
"2018-12-19",0.172091520244634,0.319197814492981,0.356734002050891,0.347586881457196,0.228104591929966
"2018-12-20",0.219257312279923,0.390464194373577,0.40128990584568,0.398473532055227,0.266295203578899
"2018-12-21",0.224495350226974,0.372033631037884,0.38271761482332,0.386016764167125,0.248610692340368
"2018-12-24",0.0541658642084362,0.111528295575333,0.111776727475473,0.119099894963464,0.0590261235555887
"2018-12-26",0.070518801459881,0.111608741931184,0.110827891161692,0.118361382383867,0.0660764909274574
"2018-12-27",0.0624873515972775,0.0897625146001415,0.0875278081519442,0.088751250600192,0.0495514531721493
"2018-12-28",0.0475791883095948,0.0787091826307236,0.0778153213013129,0.0775716830782458,0.0460796494043707
"2018-12-31",0.00873584862612198,0.00212234207560424,0.00225324654695314,0.00277907819586587,0.00605735859738954
"2019-01-02",0.0039140359673504,0.0140887750430891,0.0131979835915099,0.0123549530528522,0.0048618661212767
"2019-01-03",0.0844164076046903,0.110921764928975,0.104803691841748,0.102973369021172,0.0799148522510096
"2019-01-04",0.00052752715030735,0.00367217006023157,0.00187150516766854,0.00143297138676934,4.96044104201232e-05
"2019-01-07",0.00808364542944551,0.0116825654353891,0.0091396457366828,0.00848054143984811,0.00340856757289054
"2019-01-08",0.0172308807845796,0.0161807515810599,0.0188324125324217,0.0168954520936491,0.01490028658038
"2019-01-09",0.00011753659752145,7.65247546434811e-05,1.86404058586387e-05,4.35321136436073e-05,0.00350440924140027
"2019-01-10",0.0292165380764982,0.0310796033739003,0.0325760073698593,0.0325787262375485,0.0256267112273767
"2019-01-11",0.104825082074901,0.107246433081793,0.108481632642021,0.110954448802016,0.0830402860520634
"2019-01-14",0.104907934685126,0.107116215750947,0.108147534671593,0.113473891477717,0.0804183818474937
"2019-01-15",0.0643445269855116,0.0671048725638115,0.0679921759325206,0.0715408702082363,0.0497456678170365
"2019-01-16",0.086899512266982,0.0846407291449085,0.0864547018432058,0.0901331330249391,0.0674084635350354
"2019-01-17",0.0321412604995652,0.0287165889223369,0.0292901147180564,0.0318058927625788,0.0213318809006742
"2019-01-18",0.0636190211915868,0.05742370413237,0.0590378540117058,0.0602192418171161,0.0451206347529343
"2019-01-22",0.0468322323342358,0.0409413611542557,0.0410364695561398,0.0398588476913915,0.0258960871951646
"2019-01-23",0.07202749591529,0.0618460684354201,0.0622072564202822,0.0637360239565608,0.0427098879771908
"2019-01-24",0.0852513789609479,0.0729871854998878,0.0726879861021152,0.0748988876034009,0.0489508457954038
"2019-01-25",0.11065146090674,0.100293437197783,0.0989501157995196,0.10914591095509,0.0753587241003513
"2019-01-28",0.0478294860099715,0.0418397137230428,0.0406768991777993,0.0484840569104334,0.0256833670397427
"2019-01-29",0.0284208602227463,0.0259079706894485,0.025878527528576,0.0293171000955934,0.0170867729590005
"2019-01-30",3.76697303323681e-05,0.000313621975288836,0.00020693889427803,2.67039310519745e-05,0.00414108403666114
"2019-01-31",0.0265243771447863,0.0245939610161683,0.0225140920723814,0.0257298711745217,0.0181899639879683
"2019-02-01",0.0325421218278392,0.0295792658293264,0.0266600210359411,0.0292604971054298,0.0196685917905886
"2019-02-04",0.057917756498278,0.05455704015441,0.0517591788626541,0.0551716204470523,0.0430460822628906
"2019-02-05",0.0682886926909012,0.0638960643039572,0.0589093851756588,0.0622815583232323,0.0474431407582601
"2019-02-06",0.038817914017031,0.0371557504528306,0.0343355469209605,0.0361838330467368,0.0265983664555387
"2019-02-07",0.00758219907821012,0.00664103474067113,0.0066645233804028,0.00707541822282542,0.00569510577791421
"2019-02-08",0.0259102914054514,0.026154165012275,0.0205333990686287,0.019390638423763,0.0191102575808624
"2019-02-11",0.0311384136329136,0.0346859869490725,0.0282043697098011,0.0273185635154187,0.0302166948360423
"2019-02-12",0.121383223919137,0.126857243120446,0.1173165332916,0.11189963528348,0.123088634548301
"2019-02-13",0.0741433171619157,0.0726113314075147,0.0667446595214458,0.062862842375423,0.0781028307374245
"2019-02-14",0.0251976774845104,0.024290588502496,0.0292604295969472,0.0228710764219349,0.0279027738918878
"2019-02-15",0.0422788332281514,0.0459101186569943,0.0389214566221285,0.0353604434634609,0.0460863557683684
"2019-02-19",0.0951812449720342,0.101134436050473,0.0922225864680559,0.0835381408625779,0.103265606265591
"2019-02-20",0.0196049284853803,0.0219909818994366,0.014669992680864,0.0182433527165071,0.0440162888168445
"2019-02-21",0.038931168023614,0.0465583660568223,0.0335615363686876,0.0326162246195394,0.0599327877000995
"2019-02-22",0.111914540765855,0.121032430059797,0.113185538451292,0.112586977200624,0.159665122120833
"2019-02-25",0.0354005350775681,0.0387593797593919,0.0330713453616145,0.0294960986331172,0.0539246596625378
"2019-02-26",0.0656537230681082,0.0682480095081053,0.0618542893662759,0.0629504523059248,0.0955216425677867
"2019-02-27",0.0198514370932774,0.0234897137285084,0.021674218955156,0.0203343358419683,0.039083711639101
"2019-02-28",0.0467227761587556,0.0526745826397441,0.0471846667028875,0.0426805697949082,0.06033087283233
"2019-03-01",0.04903736436246,0.056891626379749,0.0534891078415691,0.0509353412785167,0.0583466628528466
"2019-03-04",2.4010733372215e-05,0.000547811693351719,0.000409260652211252,0.000114227369534259,0.00315927608329769
"2019-03-05",0.047252210225309,0.0575523310546218,0.0516852551345057,0.0401807216168042,0.055861375163428
"2019-03-06",0.0304857778132022,0.0350936410955263,0.0303756916034188,0.0275624625091608,0.0430554520371964
"2019-03-07",0.000443941326929709,4.69334286861134e-05,0.000526122887792191,0.000742442637863938,0.000136939912271261
"2019-03-08",2.98790938637605e-05,8.71036642768885e-05,7.32015727762381e-05,0.000136394836126819,0.000926134168827808
"2019-03-11",0.0222431433767174,0.0266489075039462,0.022592127540958,0.019078196883707,0.0315769604317482
"2019-03-12",0.00245068297347339,0.00433609939337454,0.00339648872759479,0.00201053530403872,0.00756322748938798
"2019-03-13",0.00671575752366738,0.00901147156872573,0.00648703763925296,0.00511987512380574,0.0131498902803868
"2019-03-14",0.041948161069834,0.0476471431899319,0.0391812574421504,0.0335801803421272,0.0460492349493633
"2019-03-15",0.0178650756486607,0.0198560196881878,0.0121718324670754,0.0110223890601295,0.0166540879229369
"2019-03-18",0.025970332426122,0.0262617035075354,0.0194228064394106,0.0177150137062281,0.0224255542168614
"2019-03-19",0.000575744420813651,0.000338687167181551,0.000836284199376092,0.000844745549735793,0.00025152956266794
"2019-03-20",0.0256052758026304,0.0208771083842605,0.0261362470543518,0.0290843737571906,0.0183745765665095
"2019-03-21",0.004217080725335,0.00308922965740299,0.00669784966261067,0.00825784799880402,0.00690680617879713
"2019-03-22",0.100900758828175,0.0915030306756162,0.111091658102267,0.108677138929754,0.0985340536637178
"2019-03-25",0.222543236665075,0.204405100755211,0.237692156475535,0.265820954680591,0.264606035227919
"2019-03-26",0.138824282369911,0.131887222150218,0.15655682520026,0.151350802879351,0.141997318114636
"2019-03-27",0.0943083622442065,0.0965642232100659,0.109523870075915,0.115157759516918,0.112236212288032
"2019-03-28",0.0188391778289108,0.019117335944633,0.0227971262640041,0.0246022196700302,0.0213081148076799
"2019-03-29",3.14332285933361e-06,6.18401583141193e-05,0.000191149540429203,0.00119900426858299,0.0105234678347417
"2019-04-01",0.00458169476830772,0.00560474857042914,0.00949035066675386,0.0160778431825566,0.0217149463539315
"2019-04-02",0.00536602512467499,0.00375163447951565,0.000168219386781354,0.000667373398837601,0.00577027132320929
"2019-04-03",0.000356435028494584,5.50649194908104e-07,0.00275300145418478,0.00329313901767692,0.00683109001300908
"2019-04-04",0.00739681603723441,0.00425898610543496,0.000225312248897769,8.10528422621193e-05,0.00269008657696101
"2019-04-05",0.0520497108509157,0.0378556843735001,0.0249730392124501,0.0210526690031461,0.0101732629225029
"2019-04-08",0.0279752386540495,0.0128769688141028,0.0075033785653591,0.00391821148495852,5.60469865926727e-05
"2019-04-09",0.00289552205083554,0.000233088559945305,0.000789184537196119,0.00204024802698832,0.00359280972831288
"2019-04-10",0.0250532685113278,0.00909846195728203,0.00821077890253896,0.00782359118499021,0.00490431334643704
"2019-04-11",0.0310696952491953,0.0142462457977222,0.0162930554384044,0.0128940049323427,0.00916646528800857
"2019-04-12",0.0147805371354215,0.0056115902313616,0.00684329592616262,0.00518392573513937,0.0032440358013337
"2019-04-15",0.062266109221174,0.0470641150062734,0.0490515023361233,0.0469234695260909,0.0441993099834181
"2019-04-16",0.00889144904457551,0.00658427053439503,0.00882480780389749,0.00510403689855732,0.00528040721407952
"2019-04-17",0.00138961203308474,0.000761465410884954,0.00176504019961077,1.40046175056696e-06,0.000282458964628196
"2019-04-18",0.0203890418508341,0.0200028500716947,0.0148695506610808,0.0107077713218668,0.0107931018386631
"2019-04-22",0.0341245177938099,0.0355998060745897,0.0247889417633096,0.0221000484264093,0.0235811965013868
"2019-04-23",0.0316975582819585,0.033418018999408,0.0223188757372352,0.0195528096832849,0.0244580520204125
"2019-04-24",0.0538834185269446,0.0519850905957613,0.0423782661867245,0.03265851918083,0.0434886082871684
"2019-04-25",0.0105506895617331,0.0106314250145059,0.00868146547873017,0.00497897325054875,0.00909059364094267
"2019-04-26",0.0113087905741494,0.0132904177962463,0.0153381644203965,0.0191189418641635,0.0128540656274916
"2019-04-29",0.0367847085334274,0.0287588651905839,0.0256788304024473,0.0222779413717284,0.0292059934307818
"2019-04-30",0.0186725638819405,0.022787690502907,0.0246782315261371,0.0277699831203204,0.0168993530367374
"2019-05-01",0.0757556547089098,0.0875383751591585,0.0865315093625525,0.100632102806271,0.06479242420997
"2019-05-02",0.0155539112825838,0.0221059683980482,0.0229148687154637,0.0237946505074198,0.00846762343320462
"2019-05-03",0.0444515885767649,0.0378766590318791,0.0377036424139969,0.0317042575915119,0.0391746928162338
"2019-05-06",0.0204875249515586,0.0224751191290278,0.0208130929289758,0.027804159255745,0.0165399193600682
"2019-05-07",0.130531615065616,0.14063668029473,0.13674712024684,0.143668095340159,0.105526014603903
"2019-05-08",0.0512912737173319,0.050101841811713,0.0461570230818402,0.0543854052864896,0.0361657653034744
"2019-05-09",0.191938609774248,0.189910111451604,0.181362040426537,0.21009339340659,0.227902292711673
"2019-05-10",0.18629829638009,0.188248694291831,0.24728191082058,0.320482046635601,0.331041901862831
"2019-05-13",0.419032140436649,0.40342392513386,0.510183109217003,0.581078781918358,0.588475260761009
"2019-05-14",0.0609892951134359,0.0717048030128535,0.116734681492601,0.109309312321728,0.0744507199677256
"2019-05-15",0.0149063438139301,0.0321941045188816,0.0692023631487384,0.0882125043396984,0.0682997602407431
"2019-05-16",0.00476815664031505,0.0147251459992919,0.0272021505636526,0.0283062032024288,0.0259042988154292
"2019-05-17",0.0778639703593618,0.0988347643546506,0.128838125325272,0.148793379837428,0.154782961988575
"2019-05-20",0.136391807364642,0.191135793754142,0.223646808986302,0.220236820937108,0.196956656730641
"2019-05-21",3.33761646253983e-06,0.00307377923932872,0.00625533663112843,0.00412024466225569,0.00557481276155336
"2019-05-22",0.00430372431736648,0.00804590858740095,0.0117415183433203,0.00934952128764732,0.0116297508640688
"2019-05-23",0.0420547553529493,0.0585089084663595,0.0675533656184906,0.06394953331055,0.0688588564051105
"2019-05-24",0.00993114138391338,0.00223327024308051,0.00119856520408623,0.00176778175913261,0.00196747143609777
"2019-05-28",0.000202141296399727,0.00574329918499217,0.0131136272554491,0.0135896906582542,0.0174654722001566
"2019-05-29",0.00120510390297746,0.00519094650302288,0.0086740930849758,0.0101325693136785,0.0125470660507836
"2019-05-30",0.0061777496853801,0.00263955520993031,0.000941193692228781,0.00150503294460447,0.00148479755689523
"2019-05-31",0.00197242942496678,0.000925070875325451,7.08933347026708e-05,0.000150701153800226,0.000110714130025613
"2019-06-03",0.355708806397417,0.370783158213443,0.412060526544264,0.401001088275648,0.415584699216158
"2019-06-04",0.000519386872808614,0.000435152774679093,0.00229714984693286,0.00283449715587913,0.00495520756773216
"2019-06-05",0.0113090365519368,0.00700113887419773,0.0111626653429096,0.00999530172512197,0.00824916280044885
"2019-06-06",0.00206601508889048,0.00400083847365762,0.00246615374804526,0.00257853665967755,0.00317629428497601
"2019-06-07",0.000793688521851355,0.00219029117625524,0.00202951199835533,0.00193169677593841,0.00236622026817268
"2019-06-10",2.462765220268e-05,0.000935063162824878,0.000551249255215325,0.000358105261908381,0.000384796593440262
"2019-06-11",0.000755112123989043,0.00473734564783301,0.004454744374359,0.00376198229506186,0.00777507831704449
"2019-06-12",0.0162322487573348,0.0276035082962078,0.0281496524578035,0.0268581791495877,0.0334654857543126
"2019-06-13",0.00811150450160891,0.0183354116043299,0.0186924838736753,0.016169023243283,0.0218351389640339
"2019-06-14",0.00985315794288466,0.0222109637523824,0.0234716127551122,0.0204283758877086,0.0209751321745975
"2019-06-17",0.065881382089708,0.0843584288886592,0.0968976684843978,0.0879729490632919,0.106432422891525
"2019-06-18",0.00287657390671536,0.0124622589166856,0.0146143117157709,0.010277570281831,0.0177606133706993
"2019-06-19",0.000178896054378264,0.00291064425473775,0.000993297298055973,0.000454831654628229,0.00380488365227771
"2019-06-20",0.0522247563383726,0.0847976068491119,0.0705442664430191,0.064996824375346,0.0821026896163464
"2019-06-21",0.0746745501946571,0.107046493584595,0.0914129317790462,0.085219597723029,0.105343467854122
"2019-06-24",0.0920353491084449,0.138754685225029,0.126594138831624,0.117271636096328,0.137363023795666
"2019-06-25",0.0184589512581266,0.0411322521465398,0.0388212453151593,0.0353617169271527,0.0495461529685479
"2019-06-26",0.0434188233801642,0.0727452018491186,0.0772017593927563,0.0645010368017347,0.0873308759198839
"2019-06-27",0.083370740466364,0.112477790409749,0.0991560230142003,0.0918741257702216,0.124926161331066
"2019-06-28",0.0649243144823832,0.0891227821809708,0.0799064826611986,0.0699086956593489,0.102269608880924
"2019-07-01",0.0160757565818657,0.028158213896279,0.0210041257934201,0.0161461367949725,0.038976733897375
"2019-07-02",0.0718620345462919,0.0880969097151232,0.073067088967524,0.0651131000343785,0.10581483824967
"2019-07-03",0.242006376809716,0.255043888967111,0.226480675043511,0.226561410681649,0.289347501475821
"2019-07-05",0.0636895626197223,0.0722381715084728,0.0523878179450463,0.0528753271000488,0.0906252367482205
"2019-07-08",0.0299975815763027,0.0356839542710874,0.0214895818178826,0.0232670530453745,0.0502873523119611
"2019-07-09",0.0613050546753873,0.0673737816355602,0.0507998910744356,0.0530765930415897,0.0876694933539859
"2019-07-10",0.042802336840329,0.0475186735538631,0.0362325776988035,0.038421426600137,0.058448833325986
"2019-07-11",0.0461031552991318,0.0528750948967238,0.0417792655825893,0.0428364579670637,0.0630792160770552
"2019-07-12",0.10336717879694,0.110984818827432,0.0904686919576285,0.0935545626828977,0.11266202288851
"2019-07-15",0.0995462695054463,0.103513975892241,0.08123079086697,0.0827828008467664,0.0958704409571471
"2019-07-16",0.0665934617266681,0.0674383179953986,0.0510574148337972,0.0518650063160755,0.0623039592682746
"2019-07-17",0.072068592298792,0.0714382444219728,0.0526202388721058,0.0554015043953497,0.072161326104696
"2019-07-18",0.0414376647299539,0.041950994610674,0.0291858790237423,0.0297764407543428,0.0358159354924579
"2019-07-19",0.0125585706654747,0.0115103631691695,0.00601577792833985,0.00712883917824136,0.0117016428674299
"2019-07-22",0.0590243761836913,0.054039917462231,0.0395832433849386,0.0427292218194166,0.0541989339005635
"2019-07-23",0.0293327685744647,0.0271794834452461,0.0176829094312854,0.0215675121643983,0.0327089336486197
"2019-07-24",0.0598047595350684,0.0577494228871984,0.0455317263682726,0.0525518738979023,0.0740936896916264
"2019-07-25",0.00884113737983738,0.00789451005171693,0.0025564514032792,0.00376900999746232,0.0115796068694829
"2019-07-26",0.00294047354698712,0.00273741946372885,0.000309536237491637,0.000211344120055745,0.00423627340864741
"2019-07-29",0.0313411852107077,0.0327181874996607,0.0221628884785909,0.0207986566419234,0.0379918706156721
"2019-07-30",0.00419906995073283,0.00503239605984906,0.000640122484190764,0.000749737339817091,0.00540215473279004
"2019-07-31",0.310291153074875,0.297620228608088,0.356219438199848,0.368981951153748,0.323475978688979
"2019-08-01",0.393247657418655,0.367745262004366,0.420065704702472,0.426379330565777,0.402226999960341
"2019-08-02",0.289455320007858,0.276720175847412,0.309385614318888,0.277058919368861,0.299662898697091
"2019-08-05",0.281869329466422,0.262053623502806,0.283951826234237,0.255315162895531,0.268041932940005
"2019-08-06",0.145164414736029,0.134685941332814,0.149572243547051,0.138306210033864,0.14997861317705
"2019-08-07",0.272902923942836,0.255574868179993,0.272509230247244,0.204539283546584,0.14454447037824
"2019-08-08",0.0118410716520205,0.0102908875173808,0.0142536437664686,0.00830894177098851,7.45192826934193e-05
"2019-08-09",0.047572651569582,0.0416704169346089,0.0724428192741255,0.0308700329907208,0.000188508222224604
"2019-08-12",0.0604652161829351,0.0511175629070146,0.0909148356914089,0.0596165493955385,0.00674073985427959
"2019-08-13",0.364150707000999,0.347025885886262,0.451554589593461,0.350039588913126,0.144499478397841
"2019-08-14",0.165495755608348,0.193133892779135,0.269184108877207,0.211845646773396,0.0943196482104467
"2019-08-15",0.0862592700717373,0.12030557796097,0.16001835771867,0.119807609779225,0.0476265707094086
"2019-08-16",0.0071294516379925,0.000465174888825137,0.000796357831455596,2.24891950362238e-05,0.00462614622018154
"2019-08-19",0.0588936534700362,0.0319749183779572,0.0178735482681829,0.0272901470048783,0.0493759947961125
"2019-08-20",0.0165223769577303,0.00334659757908873,0.000115889066685915,0.00139359360852853,0.00710825538795112
"2019-08-21",0.0828144471448153,0.0542380595153111,0.0385732831808796,0.0643145240236676,0.0908898502359077
"2019-08-22",0.0101051658302258,0.00333117188173859,0.000502977549827088,0.00352476852467953,0.0127728159976372
"2019-08-23",0.210881710318823,0.252792781918961,0.296441171840985,0.227804046376192,0.179681366886658
"2019-08-26",0.000101187869358643,0.00197747909247958,0.00597944012759677,0.00129986161711226,7.22350411486161e-07
"2019-08-27",0.00452616065623901,8.49710549566396e-05,0.000317100550474292,0.00033792610185257,0.00206551325168647
"2019-08-28",0.0208153694043052,0.00767005941878107,0.00459565853319699,0.00993312298767002,0.0107489330335802
"2019-08-29",0.077891596108612,0.0512084688564312,0.0437549437294178,0.0554761980056588,0.0491846347931972
"2019-08-30",0.0202460239952003,0.00780001191697055,0.00491370073389263,0.00651700099726393,0.00375225088335651
"2019-09-03",0.00271256898642513,1.35039912936286e-05,0.000728735609047071,0.000640648991355297,0.00262210310404298
"2019-09-04",0.11762747435695,0.0942802964162326,0.0867548201772625,0.0832595743193345,0.0790725756354351
"2019-09-05",0.0887440204692853,0.0733058481917115,0.0604057600705779,0.0587825851301438,0.048001814825902
"2019-09-06",0.0587923360667189,0.0476471256030619,0.0389627695913506,0.0324255436637975,0.0184449482913718
"2019-09-09",0.0966225842286295,0.0739443184152928,0.0674819208882991,0.0595024511011619,0.0273177317025417
"2019-09-10",0.00329498746837231,0.0100230691521142,0.0115424022721462,0.0127808643397509,0.0420098411471388
"2019-09-11",0.0141183967928604,0.00690011303371274,0.00709268153245346,0.00620901675553975,0.00197020946328341
"2019-09-12",0.00136620764489903,0.0054972598967975,0.00509832635064722,0.00676886653850373,0.0512433273518729
"2019-09-13",0.000109988014653339,0.000459117973573342,0.000240237445055413,0.000193375973036369,0.0190005993084053
"2019-09-16",0.0226726989635182,0.0190811441743406,0.0206368699382806,0.0191701858969424,0.000332911524372648
"2019-09-17",0.0684789684350324,0.0628844902621641,0.0667718298994004,0.0724512067613041,0.0300739136302808
"2019-09-18",0.000258902820040596,0.000314402928293545,5.67705819856101e-05,1.59815576381561e-05,0.0104086415881854
"2019-09-19",0.0248503477377464,0.0247674577109624,0.0281209047110422,0.0344601066310686,0.0136455107668925
"2019-09-20",0.00745972221941615,0.00816910819852179,0.0065935710979963,0.00643082230170622,0.0294713104174233
"2019-09-23",0.0160975530453806,0.0156840301797139,0.0170110296156001,0.0285890632463563,0.0118302306129041
"2019-09-24",0.0441037501498533,0.0539712667342942,0.0500700753175565,0.0390631385728017,0.0787905189719669
"2019-09-25",2.94338338913125e-05,0.000606510419322248,0.000255574703583283,0.000494076771272889,0.00149495208593642
"2019-09-26",0.0115556556370975,0.00423808171628104,0.00552817628674096,0.00923226516870645,0.000249930961116585
"2019-09-27",0.00742034613968778,0.021524571188259,0.0188338406630815,0.00883279773478152,0.0282658749614129
"2019-09-30",0.0265231709675424,0.0113272496245043,0.0133911256742032,0.014074634862201,0.00137373906625027
"2019-10-01",0.0135733020264701,0.0271751746885411,0.023374588068785,0.0201979214060519,0.0522446026951373
"2019-10-02",0.00892516207195526,0.0210069002664333,0.0160785550487705,0.0117179413315223,0.0358857679657061
"2019-10-03",0.0975794430244759,0.125904219265992,0.110903203368754,0.104551595165179,0.183032307039242
"2019-10-04",0.00630059418904727,0.0025265809018975,0.00552186097174601,0.00412671774188533,0.00218323591178438
"2019-10-07",0.00145628143284227,0.000147772812393754,0.00115740433445621,0.000820084736399718,0.00534055977680747
"2019-10-08",0.0207732443655118,0.0333411764083253,0.0255682877673806,0.0232251544330013,0.0615851151130717
"2019-10-09",0.0181415742081765,0.0121790021931094,0.0158096491779907,0.0143600775262795,0.00172056301145651
"2019-10-10",0.00442183676886287,0.00241780925504576,0.00354755636668935,0.00268533057415921,0.00032086625433636
"2019-10-11",0.00101570758111813,0.000289241110880578,0.000558531973672727,4.62265125800165e-05,0.00641651337064975
"2019-10-14",0.0501642936039586,0.0458705606227487,0.0487448120626359,0.0472381810898823,0.0238560630028744
"2019-10-15",0.0724586570076755,0.0681940455828351,0.0725683556621504,0.072476969117772,0.04437976360761
"2019-10-16",0.082127493327081,0.0731753440520864,0.0775496429397458,0.0741788279491162,0.0442483800955256
"2019-10-17",0.0901264711183025,0.0740102382017194,0.0768789843977782,0.0681353737252484,0.0323225900426933
"2019-10-18",0.0774912238449661,0.0642864150173006,0.0681713225006866,0.0636303460601224,0.0309560368394077
"2019-10-21",0.131607205612395,0.112537414258227,0.118409304534599,0.114412397535045,0.0687848040974186
"2019-10-22",0.0852396904076,0.0679848559815432,0.0734198393470309,0.0706439728972741,0.0296593124283544
"2019-10-23",0.0681619757951599,0.0561502904500086,0.0628641677907185,0.0592343930861836,0.0220045179421333
"2019-10-24",0.0663319997938179,0.0585676634576986,0.0654850457078033,0.0667734426329958,0.0307371916006574
"2019-10-25",0.142240535949373,0.129473117421568,0.139139263874943,0.141509224359064,0.0882401520075011
"2019-10-28",0.124805824234534,0.114178824546675,0.123510157348353,0.126685837984671,0.0833408869655528
"2019-10-29",0.00130583015011321,0.00225648611160167,0.000973081505640794,0.00010805282500681,0.00318842455254087
"2019-10-30",0.00328429727297763,0.00230516060280506,0.00336548445749729,0.00655161530050008,0.00186506862991309
"2019-10-31",0.0373577038840309,0.0394678413423555,0.036152289503915,0.0290348913288492,0.044805537868241
"2019-11-01",0.0262073747177398,0.0276288166807535,0.0302141599097121,0.0338188780132858,0.0234427850414707
"2019-11-04",0.0216571880969492,0.0248752348899159,0.0261253018559409,0.0328482991750738,0.0266943643699347
"2019-11-05",0.0808688991956741,0.0877318236281166,0.0897621627016831,0.0906148054236087,0.0736890229325793
"2019-11-06",0.0585517290264566,0.0660994418762697,0.0628724523236406,0.0602421751819655,0.0389964000752892
"2019-11-07",0.0523073986308651,0.0599519752061561,0.0550160912692901,0.0534923880795153,0.0283857810540851
"2019-11-08",0.100713878421128,0.123943849674115,0.113704559062167,0.092487236815701,0.039063856667152
"2019-11-11",0.0760724421502137,0.101503789415418,0.0983463555125297,0.0819188729521576,0.0380928825287454
"2019-11-12",0.0601184330002535,0.0733404587044637,0.0704268812322288,0.0702759021014832,0.0426203949370179
"2019-11-13",0.0244299170138649,0.030995560906802,0.0287220488680451,0.0210006603260051,0.00583988946581626
"2019-11-14",0.0185810720476434,0.0182259295080618,0.0158178856468218,0.00536777909172059,0.000666719847769226
"2019-11-15",0.114979146798421,0.0986949302955336,0.0800313178163516,0.0654647424997263,0.0553181875532853
"2019-11-18",0.0609816809037593,0.0442638030978553,0.0283086916394828,0.0181357997053355,0.0169723828972324
"2019-11-19",0.0440413751457798,0.0344022048896018,0.0193538653964944,0.00887784879658637,0.00458802214780762
"2019-11-20",0.00185549932588702,0.00450217826919963,0.0140196091382374,0.0257979581015844,0.0366310746206218
"2019-11-21",0.00932810851614829,0.0083650801012094,0.00198155278948176,0.000501019144777404,0.00021736609754841
"2019-11-22",0.0321076128575639,0.0329332004821814,0.0172067910349816,0.0171828595749712,0.0126766214115663
"2019-11-25",0.152887347588885,0.157756914022271,0.12258288792695,0.118644847171782,0.0973949337097815
"2019-11-26",0.0377174041006871,0.0394991015132253,0.0216355371367867,0.0156726135602645,0.00825149619209009
"2019-11-27",0.112676814810075,0.113805332034421,0.0821605898724771,0.0654383470233662,0.0431435860232265
"2019-11-29",0.147255357883827,0.144648407770719,0.111903108130128,0.0976932700209627,0.0714052190266214
"2019-12-02",0.00447828002958839,0.00453747599110876,0.0148182321379478,0.0241017355325375,0.0461492238543544
"2019-12-03",0.0108773089177401,0.0108454096403807,0.0244379872885243,0.037321457339109,0.0557656404506761
"2019-12-04",0.0413668051975371,0.041224299802153,0.0261681741242363,0.0146690306726076,0.0106125533435761
"2019-12-05",0.0291930383432,0.0265267785188943,0.0130270523420251,0.0119229780412127,0.0100618110721966
"2019-12-06",0.117421030196349,0.115188959695997,0.0916955377093118,0.0910558356649527,0.0996052698251169
"2019-12-09",0.00647427830106317,0.00539581957266977,0.00125004312088328,0.00195855039203319,0.00659964484573905
"2019-12-10",0.000916242949400958,0.00100458154012784,1.10088371678696e-05,0.000241202877321101,0.00167060415404641
"2019-12-11",0.0445810405113045,0.0421526652414952,0.0295601007062403,0.0297160789277231,0.0520484692302425
"2019-12-12",0.0682317006351911,0.0659440973955112,0.0835582214867632,0.0995404313911212,0.0590578614906749
"2019-12-13",0.00659472729354738,0.00448082561803442,0.00914724397484035,0.015531968765842,0.00679166966962952
"2019-12-16",0.0837160135144164,0.0867493615910406,0.0757803147365175,0.0610014489256718,0.0598553132382038
"2019-12-17",0.0244996662822776,0.0226796689102653,0.0205982829636473,0.0145862330280355,0.0111974254788889
"2019-12-18",0.110110456192963,0.112797035668927,0.112803127548888,0.104773474011779,0.104208352646317
"2019-12-19",0.119168345005362,0.118800020048748,0.123636221942681,0.121900073690787,0.128385353656875
"2019-12-20",0.0589639467304424,0.0595019135559036,0.062129284271409,0.0554093359828229,0.0618156662857399
"2019-12-23",0.132526405691458,0.128728224232887,0.134402403069672,0.126350077521113,0.14525270836438
"2019-12-24",0.21554262224338,0.210576709508571,0.225242844921603,0.214913597113681,0.248603583430255
"2019-12-26",0.16550162142591,0.160669466739448,0.179938661190751,0.169925607530678,0.19868052243233
"2019-12-27",0.0103068152652022,0.00547369548858812,0.00847942295910453,0.00156240416290521,0.00188320366470585
"2019-12-30",0.00212342780282992,0.00646318060623252,0.00582791516703751,0.0129778793776285,0.0120188277052806
"2019-12-31",0.0291848958263539,0.0222728300299071,0.0245576280764528,0.0179430547539565,0.023465136237218
"2020-01-02",0.0133811363860867,0.00844499986150704,0.00917193530426252,0.00494394573526669,0.00800536799764684
"2020-01-03",4.2683165246693e-07,0.000297639557332419,0.000277470972049221,0.00276234721520785,0.000304620162311364
"2020-01-06",0.000415332641918509,0.000290441789452256,0.000406434454154558,4.89455271350803e-05,0.000451133579624008
"2020-01-07",2.30210377383244e-06,1.94793322418896e-05,0.000222156845551158,0.000774933803905586,0.000209476174861001
"2020-01-08",0.00164994318998746,0.00114094614840199,0.000677105622140628,0.00393917905605656,0.00224006573076019
"2020-01-09",0.00901847718406978,0.00663799409646493,0.00494801620964047,0.0102235684506657,0.00540230805305453
"2020-01-10",0.0072436797731108,0.00380975830054808,0.00354496665508708,0.0145260574456332,0.0146675609911333
"2020-01-13",0.021048466126826,0.0248683167797124,0.0262649768990755,0.00986616386768024,0.00786009734205617
"2020-01-14",0.0366164023348476,0.0345558206269447,0.0322747568343884,0.0635443763001917,0.0675396111318367
"2020-01-15",0.00131636642391575,0.000678173650914049,4.91638283686147e-05,0.00276489273808211,0.000935009969967426
"2020-01-16",0.0170869718042959,0.0186613036824639,0.024131005427664,0.0116826324427866,0.0157785307887635
"2020-01-17",0.044066299145548,0.040580443489894,0.0485696368756305,0.0385390986729743,0.0512580605722406
"2020-01-21",0.0257658805580563,0.0233583842639329,0.0303544465410064,0.0300447602420946,0.0511494557639653
"2020-01-22",0.0270857581487609,0.0244660142629494,0.0316404233466221,0.0332520976577935,0.0627998460043451
"2020-01-23",0.00333976524799584,0.00195582207625344,0.00501278668544458,0.00610368532213657,0.0231021800544016
"2020-01-24",0.00424554421901946,0.00709165028341574,0.00270267193596374,0.00172880879224868,0.00196931992309191
"2020-01-27",0.148678781295442,0.167948687826625,0.136956114230256,0.137796618545897,0.0703024449498091
"2020-01-28",0.00397099884535512,0.00212493596025798,0.00694849737460768,0.00744495256612443,0.0322160177381725
"2020-01-29",0.0638959052566337,0.0840850244921643,0.0650831283043245,0.0667724828451899,0.0241707603590378
"2020-01-30",0.0134038003782755,0.0215091030852415,0.006977672420307,0.00961568213802866,0.000719100000880157
"2020-01-31",0.130421713257813,0.146985670389587,0.0929328525776341,0.110224184221737,0.0319687422566293
"2020-02-03",0.145448127100928,0.158382324074788,0.0989493365142569,0.116839354396353,0.0306232150643582
"2020-02-04",0.010263379952905,0.0135351948117843,0.00208494403088499,0.00242117677063547,0.00891047844120529
"2020-02-05",0.027742369517578,0.0271861357205991,0.00770046973463279,0.0126269184192576,0.00102827479582146
"2020-02-06",1.18803205939599e-06,7.85861274055222e-07,0.00546081356418604,0.0047896209323175,0.0472848947280402
"2020-02-07",0.00330955373369046,0.00421677834166556,0.000177961101276214,0.000698324934513161,0.0373574593401815
"2020-02-10",0.000844402248290965,6.2560626012953e-06,0.00506659139829146,0.00769787515544551,0.0521813820923722
"2020-02-11",3.00960351495849e-05,5.52996071443435e-05,0.00555255825781376,0.00580435055098971,0.0528090423220038
"2020-02-12",0.0465147819895173,0.0328622786761663,0.0614659645224411,0.0656477750489877,0.151235768285284
"2020-02-13",0.00823740195832867,0.00320700806506036,0.0163218582671989,0.0141023505391673,0.0634954472940898
"2020-02-14",0.0629130288224649,0.050228596961611,0.0696097836483913,0.0509237629555255,0.0775641119200441
"2020-02-18",0.000678835235412123,9.428234582054e-05,0.00112096443533827,5.90449317747765e-05,0.00951176365211692
"2020-02-19",0.0791584053939081,0.0614451209070934,0.0850342178224781,0.0916645294173848,0.177364039213032
"2020-02-20",0.000632793715081625,0.00285637715381104,5.78698370337083e-05,0.000157984340722672,0.0221329431660791
"2020-02-21",0.0122712106087377,0.0178575331954458,0.00462199829893639,0.00435319485610908,0.00264456844969474
"2020-02-24",0.920483117621437,0.983546845673631,0.798435745412055,0.84905146911116,0.591094619034809
"2020-02-25",0.513979833700818,0.534485518406331,0.407041357589248,0.459422487666059,0.306566200347503
"2020-02-26",0.385318428324273,0.379906992094144,0.260440991970168,0.327803412233822,0.349453811642803
"2020-02-27",1.10408617026524,1.06731230977177,0.868353794477029,1.06827068901139,1.28649611785759
"2020-02-28",2.74821867583707,2.73208036783778,2.33540239137742,2.64725622386919,3.55035046558361
"2020-03-02",1.05223068379926,1.02451249981731,0.834215422448036,0.982211251372739,1.56346617302405
"2020-03-03",1.93718330385402,1.94396460297511,1.66848218079841,1.92752411878472,2.95529011869948
"2020-03-04",0.432684155390497,0.427545651984332,0.3076732334161,0.426802455895382,0.953374290542589
"2020-03-05",0.385194164729918,0.390622972441733,0.288713019508266,0.377498137066491,0.991686294312061
"2020-03-06",0.5837363296595,0.600802303402689,0.46781863049155,0.585834144054131,1.65795623317581
"2020-03-09",0.894264285342244,1.08510434095112,0.994654606547223,1.26968873741985,4.80503418072613
"2020-03-10",0.547819882617219,0.63911729498077,0.555415163169546,0.754612314890857,5.98844329838703
"2020-03-11",0.379212149142456,0.461912470406169,0.38529178192567,0.470045086822443,4.04508745465021
"2020-03-12",1.30264928075794,1.60317739273766,1.484709943965,1.62981219863352,8.03712205329782
"2020-03-13",0.543323433216399,0.880748581385703,0.848473198216505,0.903754947057441,2.67408925343841
"2020-03-16",0.809905070635513,1.17579778984367,1.08484984959802,1.07681441166936,4.28188057635832
"2020-03-17",0.572356249767662,0.971992342174398,0.899261855336616,0.874744091245562,2.43800697907017
"2020-03-18",0.800969712938344,1.37725044796329,1.21635475483626,1.16469566594965,3.74675697378649
"2020-03-19",0.523496048606275,0.9320476951637,0.816297854726858,0.767342018104926,3.05884347010802
"2020-03-20",0.544798038522316,0.765805168607042,0.643425424765473,0.611700507161552,3.18187840475759
"2020-03-23",0.595153212501502,0.714091288321116,0.679377863165553,0.677881676419854,1.22312848249326
"2020-03-24",0.068403328306764,0.0821818036387743,0.0675989463586417,0.0745043013237925,0.304073159902545
"2020-03-25",0.14659142649568,0.145641603438738,0.124730894272,0.155286254095472,0.352333253289568
"2020-03-26",0.00242605249023908,0.00652027834947844,0.00291137817320064,1.29064630938203e-06,0.0074008294934651
"2020-03-27",0.0545425140248303,0.0790655866459924,0.0596525725563901,0.024654925094499,0.0781752991902689
"2020-03-30",0.201882953874907,0.263367758658807,0.218886570980142,0.138016927527326,0.298675819329058
"2020-03-31",0.147557787437803,0.196275932391138,0.146693012897747,0.078543796233419,0.23448174464171
"2020-04-01",0.29574491965239,0.382476546256124,0.304895677289566,0.196423631967738,0.44260618371495
"2020-04-02",0.162203399988238,0.242701658886057,0.161521849781205,0.0657591733127796,0.253788337089369
"2020-04-03",0.302370716846947,0.414354886311549,0.295758231356058,0.163314191261684,0.38158357468118
"2020-04-06",0.490886792298704,0.628153609374231,0.497768709639983,0.364582643539355,0.430017815133608
"2020-04-07",0.11291513621164,0.221392982062141,0.113010591578016,0.0273562148510988,0.0411259795943744
"2020-04-08",0.251956584298116,0.391792825942256,0.234381414564683,0.100658436363831,0.0256338326687522
"2020-04-09",0.183190697578542,0.304562713269946,0.166680357759871,0.0581602600853146,0.0491470213692187
"2020-04-13",0.162566093733262,0.277240976877658,0.127344858054356,0.0141963701450862,7.98388529625855
"2020-04-14",0.0303434671474245,0.0955955430616,3.44626113180091e-06,0.437237489440797,1.18745903339289
"2020-04-15",0.0412067303466699,0.0797214841379532,0.0064321225438615,1.17231832950803,0.98670709371561
"2020-04-16",0.00161928505729025,5.93765683083447e-05,0.314374868204855,24.9083410417772,1.23455457993531
"2020-04-17",0.00590544267234239,0.00807445692290543,0.71272853761186,1.22049709537369,1.22049709537369
"2020-04-20",0.0692559185879387,0.188263468167101,6.00329949312679,1.02368182279214,1.02368182279214
"2020-04-21",0.778763270070127,3.98504280899167,1.85698198634615,1.85698198634615,1.85698198634615
"2020-04-22",0.0738558806281389,0.601744923481499,7.11189829584799,0.787358713650259,0.787358713650259
"2020-04-23",0.575996375473456,3.71269401159718,549.542166425205,1.23213142005089,1.23213142005089
"2020-04-24",0.322398110386398,2.93737492747926,0.647594212658491,0.647594212658491,0.647594212658491
"2020-04-27",0.688408450203902,5.80534550389654,0.715754908762914,0.715754908762914,0.715754908762914
"2020-04-28",0.488723266059698,1.26050292258061,6.63875131084808,1.0084041896252,1.0084041896252
"2020-04-29",0.50034071137217,1.02234664540771,6.3187167811899,3.49307857405812,1.00379437951992
"2020-04-30",0.31185951427978,0.413940696814432,1.53920187370301,0.27806290906043,0.122662193683883
"2020-05-01",0.687833026142619,0.632326644520456,0.758110540540581,0.143157941145932,0.0562235291391651
"2020-05-04",0.144882714081487,0.100844199295939,0.109266063371366,0.00247400102569717,0.0165948893676693
"2020-05-05",8.50793542506167e-07,0.00366299556112559,0.00346371968662984,0.138590697960466,0.212830176649768
"2020-05-06",0.0230436825626739,0.00299430273701673,0.00314461023804413,0.0896318547156785,0.138037614973772
"2020-05-07",0.00866803779810144,0.0224088187544691,0.00476961289184974,0.120734305912772,0.182867641212063
"2020-05-08",0.0108517528841827,0.027265295933224,0.000261904322714113,0.0813092725984903,0.133321289858684
"2020-05-11",0.0150284130346714,0.0280275791768687,0.00231404658196799,0.050937356893459,0.0960775743323066
"2020-05-12",0.00669340043905864,0.00430702994043131,0.120881446255203,0.00893279008637271,5.28120086096262e-05
"2020-05-13",0.182921909839985,0.162003843393735,0.618301756603495,0.364812247238624,0.452892026472064
"2020-05-14",0.0733011981389728,0.0579764468021757,0.847956398330666,0.336264395683106,0.239864124981771
"2020-05-15",0.000284338760333958,0.0021499531895095,0.0446865143580677,3.74121062676203e-05,1.21836428166322e-05
"2020-05-18",0.011110867569097,0.0220260399722794,0.00249629599592449,0.024457885414874,0.036799038253625
"2020-05-19",0.00525623376905981,0.0124341821248,0.00605008791773143,0.00878222229354764,0.0188671759698342
"2020-05-20",0.0261021713764997,0.0352919985456803,0.0006700111006952,0.0371463959178651,0.052853267683008
"2020-05-21",0.000284728519399646,0.0010493807355354,0.0012831163312188,0.0182412405873906,0.0292906303101808
"2020-05-22",0.00340336445772471,0.00314333116979593,0.00590068179351233,0.00569955790991794,0.0150124074484133
"2020-05-26",0.00609417258745837,0.00946125339716763,0.00346906722909912,0.00700160361252511,0.000693172888156957
"2020-05-27",0.0189897693622383,0.0257507735863436,0.012759708977091,0.0301682196075048,0.0282533933656075
"2020-05-28",0.021885952519487,0.0165704307509951,0.0158143041498955,0.00642725795979571,0.00269524806500532
"2020-05-29",0.000429530212556539,3.66853886777374e-05,0.000460805102566963,0.0194635235194969,0.0375477692609016
"2020-06-01",0.0928795993392808,0.0777160847205791,0.0684186973886538,0.0128535375732863,0.00626735640919307
"2020-06-02",0.0661541859759667,0.0504092141993115,0.0272011471498057,0.00408879617796654,0.0452905493421005
"2020-06-04",0.0272356804510847,0.01688162398194,0.00899208599619117,0.212659893232054,0.58746293522632
"2020-06-05",0.0147783614116153,0.0092137346565524,0.0848270392870367,0.193336001250658,0.356017336162743
"2020-06-08",0.025453540615443,0.0237868370095444,0.0394734607062159,0.0985719689603932,0.206401581473131
"2020-06-09",0.000707189042131517,0.000721971907468033,0.182242438009626,0.189101648718066,0.307503767595311
"2020-06-10",0.00725301893201946,0.00730615078136054,0.487725107005292,0.370117072465107,0.469812314590702
"2020-06-11",0.129124565166581,0.117157300467491,1.10784066529644,1.09741426947173,1.54303348660905
"2020-06-12",0.12201378474969,0.11530745640463,0.944285142449107,1.58287417943217,2.04959207475965
"2020-06-15",0.115730165393348,0.107052310910618,1.05172579813421,1.59039151556637,1.5773044142867
"2020-06-16",0.171555747136829,0.161009928737935,1.17175725536432,1.80913080857199,1.52572630572143
"2020-06-17",0.00237963362579707,0.00261592017443779,0.297270051533632,0.676388301591653,0.513105115007287
"2020-06-18",5.0723570473199e-05,9.03211808656046e-06,0.235783241204436,0.435126940166358,0.267527729117872
"2020-06-19",0.101552768399879,0.108467966107218,0.69100758411891,1.12963481620076,0.657808503595891
"2020-06-22",0.00185024380146226,0.00265415906744271,0.242554184164842,0.414835199053305,0.174166790886463
"2020-06-23",0.000221196281283476,0.000327452906062398,0.164864317030011,0.237589833326305,0.215626058651796
"2020-06-24",0.04236213065524,0.0419826132040244,0.404384820193672,0.521643649962045,0.386910945864438
"2020-06-25",0.00295703347395193,0.00273626620563139,0.0924895207545477,0.186225750152517,0.151859458515978
"2020-06-26",0.0001488302196202,0.000179722962002415,0.116825867667357,0.210579709695129,0.199133252746724
"2020-06-29",0.0140513861183269,0.0130216986333935,0.0392800830501008,0.125632533548057,0.0968892550270497
"2020-06-30",0.0832349356159336,0.0770360518974447,0.000667621075503888,0.0173635634737088,8.85201873357389e-06
"2020-07-01",0.0483847168511424,0.038621680576953,0.0198095520663797,0.156376203575193,0.0775744753567555
"2020-07-02",0.0261846238334973,0.0158637706027633,0.0527309134270413,0.261685354451496,0.143130386498579
"2020-07-06",0.0997564521083587,0.076864457171611,0.00151093206313035,0.0143328709542403,0.0027455861727308
"2020-07-07",0.0135702232811385,0.00442016700904513,0.0492636750880424,0.137433277442748,0.0660343138527231
"2020-07-08",0.00872622893677866,0.00284912765841172,0.0294109995377831,0.0800212274136864,0.0561424488747986
"2020-07-09",0.000248849715078325,0.000249805788243629,0.072671163741759,0.0879912397793365,0.0836870790377728
"2020-07-10",0.0272642688220783,0.0203711896956587,0.0013630528739299,0.00236282537947718,0.00105394757383515
"2020-07-13",0.0115743939073014,0.0141428673904977,0.568089058350468,0.337988675856732,0.767187833530416
"2020-07-14",0.0975917033209184,0.0969582326420535,1.53806640206794,0.885945227984704,1.79609312031079
"2020-07-15",0.0582281461294327,0.0485239597975071,1.21398286519998,0.746193349207311,0.721440735603194
"2020-07-16",0.00810955853741291,0.00386437527849348,1.2705562298712,0.495995842685813,0.327219956871914
"2020-07-17",0.0141837847318358,0.027069632457841,0.346961777224738,0.0562404606853986,0.0206247631312679
"2020-07-20",0.0050398577531956,0.0203407927568915,0.155285895019931,0.0154228193915888,0.00180950605221009
"2020-07-21",0.0145812857604148,0.00170017098564545,0.233241760899874,0.0332303925565642,0.00368998255018993
"2020-07-22",0.000784231641583144,0.00448735063359607,0.108660713551975,0.0014923581913644,0.00772098880451599
"2020-07-23",0.117199594559438,0.0616566306501509,0.325954920127259,0.117843498560255,0.0810707070025845
"2020-07-24",0.207110463314649,0.127911854391285,0.505665035214362,0.198439958819645,0.105756587002091
"2020-07-27",0.0065693313124775,0.0209873404837144,0.00224037290696155,0.0275648572817813,0.0355328957313177
"2020-07-28",0.0276558603331978,0.0600961899148946,0.0171713652741703,0.0940660860270224,0.131483148290753
"2020-07-29",0.0432342647037505,0.0974271115685486,0.0797884517209209,0.171356752558705,0.18533349379571
"2020-07-30",0.000477927296223868,0.0250544512391375,0.0256591690774304,0.100053696833417,0.106983968876935
"2020-07-31",0.0808806637550179,0.0120731093976174,0.00829386214433336,0.00665801398752142,0.0138682589394759
"2020-08-03",0.0756150524882455,0.016728628281844,0.0252879949799585,0.000412034312365028,0.00392842616688505
"2020-08-04",0.00104277093873395,0.00354496912462632,0.000478435503390884,0.0355863856156642,0.0680036052365729
"2020-08-05",0.00589697338656769,0.0309378931233832,0.0241889473904213,0.0798385609030325,0.126640291577792
"2020-08-06",0.0201095501925963,0.0416593658756312,0.0265800345914755,0.0800988837059977,0.12143089580643
"2020-08-07",0.00604344917428157,0.0183749203345143,0.0123485676878059,0.057188971839875,0.0633567451666543
"2020-08-10",0.0196680808094882,0.00577403283169131,0.00385025007698769,0.00823202754862673,0.0157432486875
"2020-08-11",0.0131252038183438,0.00951621627644328,0.0124742647532923,2.5333071983269e-05,1.15963877167502e-07
"2020-08-12",0.00134358691501513,0.00177653740942096,0.0014672467603154,0.0138349643254414,0.0125719112908553
"2020-08-13",0.000247144554867296,0.000694969566306325,0.00151622557585518,0.000175713150641243,0.00985295858294544
"2020-08-14",0.028704507168166,0.021344549412589,0.00515931905877309,0.00446826901490915,0.0294662257629574
"2020-08-17",0.0747246883702002,0.059348513080153,0.0368339697215578,0.0320571090792294,0.0246694811629258
"2020-08-18",0.0407575110120266,0.0229571815107441,0.0188693534009761,0.0191354208072367,0.0231842139593463
"2020-08-19",0.00187361534453401,0.000140993136056089,2.01686173761928e-07,1.60310917411977e-05,0.000258721730463263
"2020-08-20",0.0497683328917755,0.0290870835221551,0.0127733473219589,0.0316252985438306,0.0168213592018402
"2020-08-21",0.00950374611193006,0.0317880670506261,0.172660767844562,0.0390152661013801,0.161542104983901
"2020-08-24",0.0956368219261805,0.14687879698431,0.432187751959445,0.17709761838134,0.31275711812557
"2020-08-25",0.00748760768068779,0.0266544286650039,0.309423679215227,0.0730435923287414,0.137448243548555
"2020-08-26",0.00731469016146646,0.00055543678096992,0.135046160151694,0.00432389502499064,0.00687844602579157
"2020-08-27",0.000393635417412108,0.00405708762245149,0.125398675324713,0.024014030405092,0.0499731148985108
"2020-08-28",0.00080142301053332,0.000203479177260935,0.0225128743337639,0.00408433207895142,0.0163808359631248
"2020-08-31",0.26050727126598,0.30812500103687,0.393601964955337,0.382201929830988,0.455853235040483
"2020-09-01",0.0854574867440014,0.122797088913376,0.121018963778793,0.104269628925288,0.12365778981754
"2020-09-02",0.767254926435256,0.846170293833741,0.862151725189314,0.849715218175408,1.16598112593221
"2020-09-03",1.12082462742054,1.13325941311038,1.13570728083146,1.1799312733262,1.45209556290366
"2020-09-04",1.85611319115957,1.84204938881568,1.77306891609308,1.80776240576976,2.36196223760983
"2020-09-08",0.737991427083536,0.745278127915974,0.776133004037566,0.665189618564249,1.32526516724374
"2020-09-09",0.204507039612886,0.229639497875413,0.313228013611516,0.196306061986465,0.57501512783953
"2020-09-10",0.487476626612069,0.562536572202385,1.14998020434941,0.590012368795765,1.25207725330247
"2020-09-11",0.409272119038827,0.467884187645323,1.02056528979335,0.556972137637002,0.369234847791317
"2020-09-14",0.0668318803315988,0.0729556261163729,0.278544697769154,0.0893861152285895,0.0764701228871869
"2020-09-15",0.0112375801331863,0.0124294013222883,0.0599144632269959,0.0113690398613318,0.0223259201214598
"2020-09-16",0.054939581141205,0.0664451651469458,0.160269089480805,0.0501454831803747,0.0689972796198988
"2020-09-17",0.00492375795902289,0.0117783829696165,0.0181862541379048,0.00273325604146213,0.0555313976592013
"2020-09-18",0.000648469606670643,0.00125542849269866,0.00333436084462968,0.00232164717070038,0.0139912476447801
"2020-09-21",0.0238820526363759,0.0129297700320978,0.0118488667792374,0.0288547245911108,0.000878683671434066
"2020-09-22",0.0731833916546036,0.0500707213819254,0.0619275955700915,0.0954309852430395,0.0149928099143459
"2020-09-23",0.00613046231284131,0.000168411670794955,0.00318216272908289,0.0225589790092746,4.14625182285633e-05
"2020-09-24",0.000157795747916412,0.00186158070240117,0.000524766914528962,0.0110858729504031,0.000247994048474975
"2020-09-25",0.028570451214581,0.0158958950169041,0.0424664046402303,0.0831874250135702,0.030867387501083
"2020-09-28",0.00231884420567186,1.69189992260677e-06,0.0161821438429672,0.0645646546393435,0.025515272722535
"2020-09-29",0.0207391548850142,0.0169428544720995,0.0579422570531496,0.15484293441164,0.101101414772698
"2020-09-30",0.000308238333539101,4.89453261232065e-06,0.0133864149853642,0.0814541385650887,0.0384385250890042
"2020-10-01",0.0172100187446247,0.0126872942195888,0.0404376243053302,0.132627840359332,0.0695888681611747
"2020-10-02",0.00433141305160767,0.00490565703892765,0.00124737959953425,0.0415396510832693,0.011762183584775
"2020-10-05",0.1524407468253,0.144906095199118,0.210605299736135,0.345655530032882,0.232944550230798
"2020-10-06",0.0170331242199186,0.0214301962524159,0.000218289191682874,0.029808990232759,0.000246392803758377
"2020-10-07",0.0808572590504031,0.0752257419259657,0.148161549860082,0.274267651340686,0.157368222531907
"2020-10-08",0.181313557737934,0.16881980488179,0.26850899207847,0.418475819212733,0.286809088827878
"2020-10-09",0.131549961948126,0.127944374723735,0.246746917055591,0.416298613283863,0.296204166213232
"2020-10-12",0.000231371359949106,0.000163532994751359,0.0506714358569973,0.154484252509683,0.0683758705910864
"2020-10-13",0.29681535962092,0.31047401599982,0.0557097647909031,0.000586647432898602,0.0327646936946036
"2020-10-14",0.0144121682533245,0.017799730108359,0.016776914933355,0.0834897356531699,0.0235157971770994
"2020-10-15",0.0182533215898415,0.0269126801151227,0.0121558090550162,0.0667037998131623,0.00896807022479118
"2020-10-16",0.00660865556509127,0.00430566393051279,0.083372935251667,0.148558680135427,0.0544445829376374
"2020-10-19",0.12617772722854,0.128845346547587,0.000961659848724761,0.00458068298077774,0.0183526845247275
"2020-10-20",0.0228789351207443,0.0209609310357306,0.0048556269265112,0.0155018261572593,5.87726845069358e-05
"2020-10-21",0.0378414423320934,0.0410668893561921,0.000276836046614548,0.00301358384558648,0.0443416414377158
"2020-10-22",0.0804949646158972,0.0910927984024552,0.00786175003446066,0.00701148150426723,0.0979291090472265
"2020-10-23",0.0310400812538547,0.0372171172175189,0.000220028273719031,1.68547548489162e-05,0.0260826907389911
"2020-10-26",0.0449412274027718,0.0508670209626314,0.00800050506160366,0.0144751124986036,0.147322609459996
"2020-10-27",0.0107943815195886,0.0111292800531917,0.0402858770499546,0.0253408712859093,0.0073219975471599
"2020-10-28",0.0732297682629848,0.0828722347614375,0.0121777473841098,0.0203444869194636,0.131916375582004
"2020-10-29",0.0318935113717878,0.0382401318974492,0.00040740789952598,0.0017456921571839,0.0526967800929083
"2020-10-30",0.278914927056579,0.308067243261418,0.113553751634893,0.105884455082248,0.232011697971519
"2020-11-02",0.0381807967236614,0.0331170875771474,5.06255202870065e-06,0.000101770546034663,0.0100132607565588
"2020-11-03",6.51210133029156e-05,0.00104528944373117,0.0320429469657042,0.0286773456836815,0.00127820673022105
"2020-11-04",0.0694253888296288,0.0419991371615482,0.00390270385796176,0.00585883853242009,0.0645534029267687
"2020-11-05",0.00430956170551111,0.000137797743918311,0.0131635565608539,0.00897440268226468,0.000243887396503828
"2020-11-06",0.0126314235748688,0.00684464232639348,0.000908300370323412,0.000268362861197913,0.0251838456556399
"2020-11-09",0.115628568167984,0.0992101880903113,0.0563343308652235,0.0834822895447167,0.193331343939485
"2020-11-10",0.161857198589844,0.145975237125399,0.0905168085073131,0.110410501264806,0.20080257243369
"2020-11-11",0.00821098008408683,0.00936723361761094,0.0226929733531038,0.0207611214641448,0.00680159256458346
"2020-11-12",0.00245344273620507,0.00318761710637627,0.0104121998133104,0.00790316400158941,0.00897393545050673
"2020-11-13",0.124697470288622,0.126278906257882,0.117915584381536,0.113883674074984,0.0003990136467662
"2020-11-16",0.0415527764755175,0.0412960176773409,0.0350010292037481,0.0301230411874216,0.00292553321008682
"2020-11-17",0.0445512377217652,0.0465126793398674,0.0354938570130698,0.0302109806891027,0.000989244433117209
"2020-11-18",0.0836218031765226,0.086059895732792,0.0647008426964593,0.0685112008422248,0.00978220811757047
"2020-11-19",0.0301810674477385,0.031268461798599,0.0159474763650964,0.0222024725746017,0.00650331606350996
"2020-11-20",0.0973784081879647,0.099126940790307,0.0981543819088897,0.12287225252932,0.0864376690033724
"2020-11-23",0.0673841689848693,0.0780968224034013,0.0719878061629902,0.0800906832267927,0.0199091557002979
"2020-11-24",0.0545813667053432,0.0636236443931013,0.063392379655101,0.0583038254336989,0.00282475166760299
"2020-11-25",0.0341109686287415,0.0417454849199603,0.0545139661875149,0.0520422447693867,0.0198865609754477
"2020-11-27",0.14983823274759,0.168236325593841,0.205415319869025,0.199835807288796,0.158547459338302
"2020-11-30",0.00870426545345837,0.00330249472356958,4.22647126856468e-05,0.000403229735285393,0.0123414259249635
"2020-12-01",0.0010721495248398,0.00018440610022874,0.00496135825892519,0.00503809047893577,2.17313712602696e-06
"2020-12-02",5.79790724495322e-05,1.01434105426179e-06,0.0103930715092608,0.0204226640592953,0.0201589049282376
"2020-12-03",0.00673250929962155,0.00602529070492142,0.0350122424287298,0.0391082736124964,0.0294849407962023
"2020-12-04",0.0178517119557169,0.01283553279474,0.0439451914127797,0.0468956683046109,0.0426790386013955
"2020-12-07",9.7587719168235e-05,0.000438290732571067,0.0103652746254732,0.0112652280740395,0.0098920222472314
"2020-12-08",0.00207393865833971,0.000202879079625129,0.00872380752410384,0.0114609169943236,0.00717922575791952
"2020-12-09",0.0261028181377301,0.0433726234596903,0.0137020699605426,0.0120227925431804,0.0130997707895304
"2020-12-10",0.0314430233614611,0.0510873785001378,0.0149086315433391,0.0105983539226748,0.00642515014313427
"2020-12-11",0.0223280703260602,0.0461441758676915,0.00729779462698144,0.00535697998442464,0.0024712098637738
"2020-12-14",0.0147750748563511,0.00760814455296877,0.0275777851550834,0.036259974962557,0.0392434878592476
"2020-12-15",2.84097496940916e-05,0.00111952178276487,0.00442582240674549,0.00869327307889556,0.00226657109268547
"2020-12-17",0.0208402198222175,0.0127658536222026,0.040289496054938,0.0479487073110645,0.025165752754797
"2020-12-18",5.77912808885639e-05,0.00128678930821491,0.00353089937444295,0.00266784082183502,2.32216945859065e-05
"2020-12-21",0.035130448577404,0.0442283576247477,0.0120842403356578,0.0114108888479536,0.0302544911860234
"2020-12-22",0.0724796910335717,0.0899705387014149,0.0524626012211058,0.0583096312908302,0.142285602429636
"2020-12-23",1.82157817607553e-06,0.00104426344645181,0.000852633884635301,5.35497318776557e-06,0.00769922146585755
"2020-12-24",0.0509784761556591,0.0396120589960447,0.0335572978789962,0.046877151952819,0.00175859099953368
"2020-12-28",0.0146678871209405,0.00930501384948101,0.00310707325284132,0.00472978777293198,0.0292173081576235
"2020-12-29",0.00423005827496037,0.00709839158689118,0.0184644278833672,0.0238052557074808,0.119540059893301
"2020-12-30",0.00153786522349852,0.00111278134234194,0.000183268509303502,0.0010380072888736,0.0498228918372154
"2020-12-31",0.0122584176706073,0.0109599742517303,0.00127039388374173,0.00361521246906715,0.020726585865201
"2021-01-04",0.127764107624391,0.130396369790711,0.135069709359149,0.145738297229225,0.265811286227969
"2021-01-05",0.00204217846632893,0.00244113677308344,0.00181150658099472,0.00344809859222805,0.0174407085109363
"2021-01-06",0.0335834102694244,0.0335983135000135,0.030166552876524,0.0363890968208913,0.0896093216864233
"2021-01-07",0.016612386582781,0.010198203709209,0.0152441246568695,0.0163195370194387,0.000166459783919493
"2021-01-08",0.0227295005177697,0.0384154573276594,0.0200059354554349,0.0197611864371543,0.0567280424214252
"2021-01-11",0.0182393747555627,0.0408846265101219,0.0126701108391718,0.013792948118073,0.0323286740075273
"2021-01-12",0.00344868221644412,0.0131187686847558,0.00281565728794786,0.000797815740648078,0.0225557321443326
"2021-01-13",0.00760891378089501,0.00142352825242553,0.00757881440048447,0.014996630709279,5.47229710827768e-05
"2021-01-14",0.000760982278443345,0.000136578539203125,0.0025815947336596,0.00614479696775305,0.000936707754918942
"2021-01-15",0.00728932378393177,0.0149511903273081,0.00415386404951401,0.000490349682105595,0.019101122693765
"2021-01-19",0.0660964786165057,0.059980767796197,0.0700536546663648,0.0804931496855534,0.0242867258138042
"2021-01-20",0.0156661767028958,0.0125908461111324,0.0260510645129655,0.0251906428340358,0.0241220106174473
"2021-01-21",0.0272084667253065,0.0220603625719131,0.0249281575910749,0.0187934868401558,0.00302140518509519
"2021-01-22",0.00181238891628088,0.00102438498643709,0.000777281169638488,4.61430153997355e-06,0.0500734291256681
"2021-01-25",0.17447895605368,0.179737365392701,0.192054739534563,0.211924403813258,0.477398134322299
"2021-01-26",0.00549104203017814,0.00713538208485831,0.0222912295495223,0.0188396529609482,0.162079663528786
"2021-01-27",0.132818830361085,0.147590970389236,0.235631244979525,0.236107366310203,0.774011767783042
"2021-01-28",0.26690777189064,0.290219315986493,0.376219527424149,0.343202830164878,0.64655979276382
"2021-01-29",0.376623718031073,0.407681030157618,0.531318251033727,0.447158404439199,0.788138797629003
"2021-02-01",0.0442828665745596,0.0515641286665662,0.101759708106264,0.0827164185991345,0.222212369851367
"2021-02-02",0.000841358778722157,0.00143434854311519,0.0122330910874779,0.0135003656939634,0.095095603953343
"2021-02-03",0.000624400185636143,0.000634887601612233,0.00445882409498877,0.0144140953621694,0.1616783549167
"2021-02-04",0.00670266849755508,0.0073060447203499,3.55051717448873e-06,0.00678502420134053,0.0903955656526239
"2021-02-05",0.0051302873012331,0.00515634326722836,3.66518806400595e-05,0.00418990510817241,0.0494595752505427
"2021-02-08",0.148792269325644,0.140256586604806,0.121304296624009,0.0939757538241703,0.0137235673967777
"2021-02-09",0.0815492448854593,0.0673168941334792,0.0580238287678652,0.0444898441428736,0.0104364568667581
"2021-02-10",0.0759205735345037,0.0613169169135501,0.0448731555066171,0.0269352311296258,0.00521681132960605
"2021-02-11",0.193229500732468,0.159141429420492,0.0928905139566405,0.131500329606178,0.0536887020553005
"2021-02-12",0.311285968862992,0.262006551796578,0.190934494651844,0.215898000006195,0.0964198125462103
"2021-02-16",0.112072932438661,0.0788074136747645,0.0198185098715975,0.0328571899753505,0.00072853978853038
"2021-02-17",0.00343907095780849,8.13130177867993e-05,0.0237915918045792,0.0280064279239243,0.138405833539635
"2021-02-18",0.0129084615614803,0.00759913350087293,0.00156585979545554,0.0775384012797622,2.09079675906222
"2021-02-19",0.0114032980939642,0.0171484904349193,0.00508125271274751,0.0257833745790448,0.326909362259934
"2021-02-22",0.0264853011857995,0.00873151549821038,0.0198111771806038,0.143304066312297,0.457481658832232
"2021-02-23",0.528327914214193,0.386960360498723,0.443271955524572,1.15792767440257,2.45432166180388
"2021-02-24",0.139641488446599,0.098301335411338,0.122797982625953,0.436401087775438,0.883136821119316
"2021-02-25",0.261999982101598,0.254832837389362,0.31007648771804,0.540201952977251,0.78460025958902
"2021-03-01",0.0579154794170889,0.0747544650153957,0.0971808317257707,0.199000984883179,0.276869787204324
"2021-03-02",0.071034158923684,0.0855562892996122,0.102833153553559,0.290491465759695,0.728218049366969
"2021-03-03",0.0670137116212739,0.0763373044638354,0.0858541893001967,0.238459026166595,0.76035458913177
"2021-03-04",0.452876786835124,0.498167463791375,0.522531045121163,0.818832031237389,1.48246642271329
"2021-03-05",0.341122751785443,0.380281405092797,0.410227377777544,0.646440914980321,1.13259325777033
"2021-03-08",0.0770053589567976,0.0910277968827531,0.102762511850824,0.213692826368571,0.535483385192834
"2021-03-09",0.0223456095532497,0.0138308253738419,0.0102712182420921,8.61821320972123e-05,0.160404294138311
"2021-03-10",0.0109179166527964,0.0210260395259401,0.0222315201112082,0.0873860784270699,0.366299689107995
"2021-03-11",0.0513731255018699,0.0413935051519769,0.0354848825742147,0.00265668601661373,0.0981270925412792
"2021-03-12",0.0842996911481557,0.0778482136927607,0.0687435280054154,0.0205289426599995,0.0584100448113019
"2021-03-15",0.0488419794187647,0.0461315056689542,0.0415075318484139,0.0132295506999593,0.0121288011994976
"2021-03-16",0.0114665914699899,0.0125017234699691,0.0123775563608315,0.000191546755984318,0.0327452751526971
"2021-03-17",0.00250363934008613,0.00398188641893094,0.00312423762316749,0.00257554956011496,0.141195753364888
"2021-03-18",0.0763839105209425,0.0827906806405747,0.0712733873405873,0.0348211880293057,0.00185388062490599
"2021-03-19",0.0454304988284866,0.0567929854461513,0.0492890117008433,0.0214210533484847,0.00537963674971254
"2021-03-22",0.073527827526517,0.10316350024255,0.106010905626387,0.0679279036546814,0.0102606918595012
"2021-03-24",0.0308788474420176,0.0618056295111864,0.0688198154794213,0.043019608952618,0.00371886581261327
"2021-03-25",0.00147501859833055,0.0125964739216424,0.0166352322177414,0.00633743305967682,0.000742005344645635
"2021-03-26",0.0054892078435389,0.023441534702743,0.0374901727756667,0.0210030174206264,0.00434662276966868
"2021-03-29",0.0049396229947396,0.0170180611369974,0.0379598855187886,0.0200565391390741,0.0120217327783241
"2021-03-30",0.018290013871799,0.030419099596406,0.0580883097280718,0.0349110071421337,0.0208217597909119
"2021-03-31",0.0225124749114527,0.0303783327861513,0.0531072960094472,0.0293622318596607,0.0162606297042007
"2021-04-01",0.0825500731487643,0.0893225564958939,0.114243688701497,0.0866379489441478,0.0774329169081185
"2021-04-05",0.0408010967689485,0.0494189273971966,0.063915289260128,0.0358462483981163,0.0333309119931886
"2021-04-06",0.0370680036686384,0.0458818494714008,0.0472431558633803,0.0259026455814695,0.0160381308041639
"2021-04-07",0.0318940562998558,0.0399713378669473,0.030508489379669,0.0197365122680346,0.0122069195946333
"2021-04-09",0.0449738387032956,0.057220262206866,0.0419009875260814,0.0263732659707872,0.0226805983371632
"2021-04-12",0.0564147945410898,0.0671901092863865,0.0455104157443271,0.0319377903039444,0.015634910966261
"2021-04-13",0.0396075316027211,0.0486887728909766,0.0237254236384323,0.0183527555094751,0.0180066584673635
"2021-04-14",0.00694290070026904,0.0111388635761906,0.000112162256376003,9.55125665202949e-06,0.00112075788376176
"2021-04-15",0.0206438423739213,0.031822247253126,0.00928813407294138,0.00673926908572242,0.00172762934919524
"2021-04-16",0.0630986953062109,0.0743792969718577,0.0433512467797386,0.0395683971085057,0.0735576168797143
"2021-04-19",0.00148196696571912,0.00172227873846831,0.00128507221990182,0.00234751047838189,0.00032585662996798
"2021-04-20",0.000458321871145362,0.000763360084513165,0.0187487485043114,0.0243807066141954,0.0148633278230488
"2021-04-21",0.0128942251511039,0.00870018735682221,0.00093055240249873,0.000227642023388874,0.00326238866930773
"2021-04-22",0.00463173881252033,0.0110506463550384,0.0273249803957614,0.0326051418319466,0.0181501242528821
"2021-04-23",0.030153386277515,0.0210334646701928,0.00810039166572829,0.00788941091685036,0.0148610340402173
"2021-04-26",0.0496891756131399,0.039358642218569,0.0316364318503928,0.0271999330859258,0.0491121384434765
"2021-04-27",0.0179580527085004,0.0122185868308278,0.016636563164879,0.015822228877143,0.028856826797568
"2021-04-28",0.00818039660686187,0.00463893228503132,0.0058867379189913,0.00680492022307666,0.0129391447551204
"2021-04-29",0.0240174985520969,0.0314922382451728,0.027022133601293,0.0235130160761086,0.0205701919997643
"2021-04-30",0.000164473253442488,7.03391871192949e-06,0.000322676966119317,0.000421893758725478,0.00707445000593454
"2021-05-03",0.015463535295912,0.0121082640584456,0.0120737029844877,0.0111360521754904,0.010277243756186
"2021-05-04",0.00133533047937751,0.00164811337923076,0.0059427471092699,0.00399914910115062,0.00643573314280643
"2021-05-05",0.00139084608139628,0.00140526552360853,0.000103622376829815,0.000244878311847163,0.000976735227917969
"2021-05-06",0.00275245971555993,0.00268058145276062,0.000860746571152093,0.000735898900281473,0.00314672042735387
"2021-05-07",0.00128732013609989,0.0010070018623527,0.000221949925919507,0.000129138738631074,0.000322135855042704
"2021-05-10",0.00191519794958794,0.00108092629424128,0.00142983808421393,0.00201408205242104,0.0013822452778951
"2021-05-11",0.0306439311488298,0.0294170595036554,0.0236541463161535,0.0287606668419995,0.0395948366563976
"2021-05-13",0.00773939734817453,0.00574012108783628,0.0130117262482485,0.0209409986724447,0.0392157383675023
"2021-05-14",0.0546929184555496,0.0605850667772914,0.0258304355465857,0.0347130128312187,0.0087000929739558
"2021-05-17",0.00914383784318962,0.0165263843801027,0.00881643659954845,0.00804181345053379,0.000661769576828286
"2021-05-18",0.0373611331067916,0.0519265769022239,0.0402196868297815,0.0358648176713663,0.0118062416237219
"2021-05-19",0.00111860533023878,0.00568893084956312,0.000577394997997915,0.000230501724080012,0.00277420242141901
"2021-05-20",0.0558597464021595,0.0780033786259686,0.0679791216696641,0.0652926878046127,0.0285655913518545
"2021-05-21",0.0435649450049655,0.0706168572184125,0.0740452824269462,0.0706363193951387,0.0515260872190644
"2021-05-24",0.111370468231307,0.147260847861947,0.158519852798593,0.151740376734205,0.131025000256999
"2021-05-25",0.0625067938601718,0.0898179580573559,0.0958740369614297,0.093113664789078,0.0807199566543226
"2021-05-26",0.206508745397315,0.251585957087744,0.259951488309488,0.235671639116318,0.170026297268404
"2021-05-27",0.122469423522277,0.168765671104338,0.17240500942724,0.164479524220829,0.147879528601261
"2021-05-28",0.0941946118715062,0.134476684135909,0.151785374690609,0.139790601986771,0.125660295865782
"2021-06-01",0.147628095212053,0.192779145482708,0.217245212973065,0.203283385193223,0.177573391263559
"2021-06-02",0.0980970934538892,0.137964356246014,0.168142016755419,0.150626783690419,0.128913240241729
"2021-06-03",0.0720306731348868,0.0941513438501009,0.109571677427025,0.0937687181203466,0.077961718036123
"2021-06-04",0.14368420169461,0.175338583385031,0.215716203164862,0.19960609063689,0.202700665589723
"2021-06-07",0.0790755916703085,0.100420258261132,0.140063693243492,0.118370045605263,0.11644103212162
"2021-06-08",0.0348538621859094,0.037820696344613,0.0716189193245931,0.0560593309020418,0.0554851236468186
"2021-06-09",0.0874170270569934,0.0873545845593591,0.124042903222139,0.107115447589245,0.0991853319656468
"2021-06-11",0.10115442159193,0.0935481146757688,0.1489204463595,0.129090559044812,0.144840684181305
"2021-06-14",0.0248578239214738,0.0208150006548415,0.0539795720333249,0.0460241017974663,0.0682038469796271
"2021-06-15",0.044850035167582,0.0365257560112688,0.0819250283861614,0.0708730901703285,0.107210957999283
"2021-06-16",0.00424291368081464,0.00949377124450157,9.4714893226211e-05,0.000228608593126012,0.000997555108601444
"2021-06-17",0.00817529146549245,0.00343280111297073,0.0184212600517588,0.0115520443754662,0.0252273457064254
"2021-06-18",0.00129841457760227,0.00490241588780527,0.000514903178103321,2.12376262056502e-05,0.00682392352746186
"2021-06-21",0.0157155329407321,0.0103027769844446,0.0205003383079543,0.0225346827669464,0.0335828161909713
"2021-06-22",0.0388855931052741,0.0292147220763503,0.0421162031251374,0.0477683916851155,0.0735242014353072
"2021-06-23",0.0827726227800141,0.0705973994556008,0.0880876294347781,0.105750187813233,0.152823795390866
"2021-06-24",0.0918589404279024,0.0778861395513668,0.096975331900603,0.117782558666531,0.180937981832683
"2021-06-25",0.0708965647939199,0.0603456237244031,0.0774174143277571,0.0928591325680994,0.137826617917138
"2021-06-28",0.127867861376057,0.115842047433312,0.146333266285322,0.169863932775584,0.203673118270473
"2021-06-29",0.0947292410230769,0.0822565883425201,0.100722957070136,0.128713210388021,0.165771563679788
"2021-06-30",0.151873745240096,0.138526148713864,0.153341954895962,0.165015785480975,0.232570787376973
"2021-07-01",0.14570438103965,0.134888358733214,0.141501370385674,0.162091527007497,0.199019921801234
"2021-07-02",0.187797331531943,0.175736607591742,0.178519025652609,0.202478727217476,0.278250834356523
"2021-07-06",0.0139681826230085,0.0121106169244447,0.01167812948575,0.0205715251336434,0.0399554587743616
"2021-07-07",0.0055112643601074,0.00500707606375816,0.00667157078959724,0.0149597467822293,0.0322263741424678
"2021-07-08",0.00688856417895223,0.00791324251446412,0.00747206630006336,0.00124510239455455,1.13443163520799e-05
"2021-07-09",0.0222827877925622,0.0224756141856526,0.0289101750598699,0.0477079762905623,0.0664204325598459
"2021-07-12",0.0143898650585179,0.0169812642536407,0.0223585429497342,0.041590490703814,0.0548791201641641
"2021-07-13",0.00205358840173342,0.00129044957990909,0.00900051424604387,0.000266729733677584,3.99132487773901e-05
"2021-07-14",0.00110945341448043,0.000476205783282113,0.0130137732821827,3.43865472836047e-05,0.000258273648913621
"2021-07-15",0.00447388132012549,0.00318655611469731,0.0172136011753592,0.00112196653425589,0.000952363327098693
"2021-07-16",0.00157427108409269,0.00091245635462478,0.0176810287060027,0.000438335403415646,0.000418691094442147
"2021-07-19",0.0657260506036421,0.0637295576078065,0.140608158138814,0.0638510333959899,0.0609465166329035
"2021-07-20",0.00539730626107682,0.00476534923930183,0.00314926961308792,0.0150737333407343,0.0215113401638578
"2021-07-21",0.0305004081590612,0.0340706391370924,0.0408216109333102,0.068105254880722,0.0596216841832045
"2021-07-22",0.0707250227251828,0.0791741610878647,0.0886911957008378,0.122762853575476,0.112381962183891
"2021-07-23",0.0920959945723274,0.108521443314862,0.136990263867056,0.18010661922932,0.17196678694518
"2021-07-26",0.0456862922953707,0.0628999023873797,0.0934379191774413,0.131358469162033,0.1272285694735
"2021-07-27",0.00978905030972554,0.0159923554878181,0.0324514426736833,0.0537693378053765,0.0447352056544672
"2021-07-28",0.0201155992379358,0.0150199057249609,0.00230526743358994,0.000115990633182239,8.33091627927551e-06
"2021-07-29",0.0705254823809067,0.0756460809184947,0.113596365435427,0.152058720016516,0.147490674516276
"2021-07-30",0.0445805088991931,0.0473194452467443,0.0874649874203008,0.120739520234387,0.125892225228135
"2021-08-02",0.059217902781779,0.0612570651188857,0.0969423489180601,0.122896678105512,0.110709440592059
"2021-08-03",0.0293572935278736,0.0341737649634113,0.0710217957593822,0.0953075344377439,0.0870343236242572
"2021-08-04",0.02992637119333,0.0355034842756921,0.0768693751187459,0.104314525546641,0.100870938485114
"2021-08-05",0.0643105667866817,0.0700559146751181,0.130407584191225,0.16427829573915,0.171999892747235
"2021-08-06",0.0492543214988428,0.0542670835439658,0.0754583052550548,0.12136478210167,0.0937654873065559
"2021-08-09",0.0567233058800631,0.0545043875804634,0.0732800409594958,0.116245866090696,0.108260902211573
"2021-08-10",0.0480531329879326,0.0450361412899376,0.053328003732251,0.0762261110539122,0.0542158110768471
"2021-08-11",0.110035167327285,0.109490279862728,0.0979914614939283,0.113874779045018,0.0742914927625753
"2021-08-12",0.060430367054459,0.0587280775748735,0.0253903452675777,0.0701627021264062,0.0464233913006038
"2021-08-13",0.0754305813536025,0.0782301955439919,0.070252679770026,0.108690392077951,0.0930603284638325
"2021-08-16",9.81690219121756e-05,0.00118403544055767,0.00209631106992969,0.0097266329242065,0.00426920941576348
"2021-08-17",0.000141217819735306,3.34888334898586e-05,0.000630705141656529,0.0053269074876976,2.23010521156475e-05
"2021-08-18",0.000905253540547379,0.00363522981707498,0.00784959789568673,0.0235153665481975,0.0187887895000689
"2021-08-19",0.0103714094658178,0.00500921793605924,0.000226197152283225,0.00349939085451711,0.00083624760915324
"2021-08-20",0.0167312685388394,0.015257998855398,0.0438232470902007,0.0577277595035326,0.0517998300788205
"2021-08-23",0.0533289747387218,0.0459933815586044,0.0883305287473226,0.10192981202825,0.0966155737974714
"2021-08-24",0.0496565434825968,0.0378852432425769,0.0781890803391454,0.0810165824505087,0.0674840963705576
"2021-08-25",0.0625920771634187,0.0477819358186835,0.0960237290824102,0.0988403081120433,0.094633132873575
"2021-08-26",0.0304492931463036,0.0189820715148572,0.0593958367453196,0.0570585717529961,0.0536581325831822
"2021-08-27",0.0336322246658938,0.0222903882935599,0.0697320643082948,0.0692548558364492,0.0802227270460982
"2021-08-30",0.0345424788035706,0.0222783798877233,0.0563839623560087,0.0566445922442689,0.0479296130972262
"2021-08-31",0.0188109579845002,0.0103451921014572,0.036788738883017,0.0354591113654803,0.0230614640605276
"2021-09-01",0.0206536005979971,0.0123921380297023,0.0430996212165895,0.0389385437345706,0.0250227759752089
"2021-09-02",0.0576864487967275,0.0438946685339647,0.0762609235488019,0.0780061215106254,0.0677541800938155
"2021-09-03",0.0629901576649106,0.0513333740340189,0.0907568174487445,0.085646190960242,0.124050150809644
"2021-09-07",0.0255048199381573,0.0192015440896636,0.0496025243950435,0.0400654949553234,0.0590594498755119
"2021-09-08",0.00922099339730353,0.00482064021779638,0.0187133998953382,0.0175018875216997,0.0243930373825709
"2021-09-09",0.0139537895257658,0.00914870299741755,0.0243168634652864,0.0245121976431961,0.0500390013466316
"2021-09-10",0.157340529016043,0.183702583839416,0.118296553469461,0.132158140582114,0.0726853911538603
"2021-09-13",0.0110896480341629,0.0189915685761468,0.00555972911080227,0.00791529493707355,0.00155644282268619
"2021-09-14",0.00127449746811048,0.00532625294903899,0.000266684999221889,9.23938357229037e-05,1.5163894754977e-05
"2021-09-15",0.0174114591519277,0.0102756180597918,0.0285422267564006,0.0298109568047775,0.028305392667558
"2021-09-16",0.0281824936960728,0.0201593640412674,0.044062004847079,0.0479737086637058,0.039062984999773
"2021-09-17",0.00412584575982411,0.00138706645635245,0.0086550610396805,0.0128717593357104,0.00281874519093428
"2021-09-20",0.0178207448714445,0.0243128732448663,0.0069561276310306,0.00527626488444177,0.0144700129747666
"2021-09-21",0.000383907648815907,1.12680072383853e-07,0.00328878213089645,0.00714671551976176,0.00208450423931827
"2021-09-22",0.0019715667145066,0.000489455078482859,0.00490937997762719,0.00941665144364312,0.0037409631577825
"2021-09-23",0.0269332751818472,0.0219616262610476,0.037871164746188,0.0441654410694063,0.0378949857010475
"2021-09-24",0.163760979109499,0.145491042643518,0.184937496119783,0.192305269410116,0.108207821632731
"2021-09-27",0.0435336771794264,0.0258533754114061,0.0537200399063642,0.05654912957615,0.0307768510438173
"2021-09-28",0.000588503653092598,0.00162059888437849,0.00307183676589062,0.00374996440846065,0.000591807309733294
"2021-09-29",0.00791069279799261,0.000121719621346328,0.0119934630793581,0.0147435673807943,0.0215497939821983
"2021-09-30",0.000925957267275068,0.00224544461955323,0.00359035072519864,0.00404169610019567,0.0044800875153368
"2021-10-01",0.000820075980893842,0.00393695153427753,8.06782270619255e-05,2.56560165086128e-05,0.000994040190797962
"2021-10-04",0.00185297062513246,0.000357266175973203,0.00331934626588759,0.00507036445682618,0.010136518225871
"2021-10-05",0.0219361213160636,0.0199728097800056,0.0292734623016586,0.0297691391579886,0.0374130832921522
"2021-10-06",0.00108720255404271,0.000987759446742453,1.00611167299647e-05,0.00171735242736215,0.00252822574575262
"2021-10-07",0.0515079055422447,0.0512159535007728,0.0381805708684433,0.0474000098276401,0.0516964082303173
"2021-10-08",0.0267852431794235,0.02584759743038,0.0122361983062684,0.0190404907228097,0.0203485295319314
"2021-10-11",0.0399886604662396,0.0399098876039818,0.023194198587303,0.0263962868919825,0.0235943210340364
"2021-10-12",0.0185575077669973,0.0198672226030348,0.00611825354082485,0.0077614517102782,0.00483008625125758
"2021-10-13",0.0180064931118535,0.0198865327982747,0.0156502719424843,0.0158264766759109,0.0245801152666119
"2021-10-14",0.136937072362444,0.145333590008935,0.132227315900064,0.133728301710787,0.159997812356492
"2021-10-15",0.14524585420367,0.154761362036508,0.148884910054726,0.138876018031947,0.142854048448209
"2021-10-18",0.0809524294574753,0.0851714182569674,0.0558480358587985,0.0593301301728377,0.0489495579231498
"2021-10-19",0.0808268110795392,0.0831466383773729,0.0419015538719512,0.0572760418192486,0.0491451151262856
"2021-10-20",0.121338645822374,0.125252350573623,0.0651994789146864,0.0734864666097876,0.0679557752061344
"2021-10-21",0.085793990451773,0.0898755964323699,0.0377181354965406,0.0530504334007751,0.061978175301515
"2021-10-22",0.0656825914235402,0.0712807214432065,0.0231424672527667,0.0335709798399195,0.0484788029813008
"2021-10-25",0.0757956053105515,0.074914906673144,0.0424744236117061,0.0552553424704336,0.0727038123800481
"2021-10-26",0.0352546843952017,0.0309225365831314,0.0138362167824186,0.013748657525481,0.010155493351552
"2021-10-27",0.0529504852006715,0.0435006512231291,0.0317202984023384,0.0303762520860786,0.0462789616792834
"2021-10-28",0.0127288428290349,0.00691207765515278,0.00592085785804941,0.00364937655305808,0.0196908817070482
"2021-11-01",0.0102143079149972,0.00471339203734922,0.0046567374326143,0.00435173151374335,0.0157191420333891
"2021-11-02",0.018972405554317,0.0115979078887336,0.00841390024119737,0.0125080540732634,0.0165785113637329
"2021-11-03",0.0324462516186603,0.0219024013733231,0.019683065591152,0.0322428887720627,0.043875445803804
"2021-11-04",0.0253352178361212,0.0171684457158814,0.019093720386653,0.0291236814235885,0.0448311306253042
"2021-11-05",0.02282344104826,0.0173131551170558,0.019786941392284,0.0269215418002828,0.0341908015351229
"2021-11-08",0.0908945687390763,0.0840413152929975,0.048818118099893,0.06619143507932,0.0299977414359061
"2021-11-09",0.00553519668392344,0.0041371619456545,0.00249112959757669,0.00135313311671426,0.0300946326519003
"2021-11-10",0.00358398240398161,0.00424624568798371,0.0483406950498884,0.00653535498886337,0.0935861568474068
"2021-11-11",0.141651330754821,0.151664230952554,0.0159394285501127,0.004679938529915,7.56007754671995e-05
"2021-11-12",0.113027168657009,0.130672129505891,1.46619880903032e-07,0.00153242132242593,0.0261878763409698
"2021-11-15",0.0602421761271823,0.0746598541636461,0.000200660879211112,0.00104105275279243,0.0216094750741633
"2021-11-16",0.0973707620866471,0.114751268520046,0.008278390791437,0.00678213537247085,2.18404562386532e-05
"2021-11-17",0.0118619283151533,0.0178640374707428,0.000176385430786796,0.00570277037257316,0.00580081316432968
"2021-11-18",0.0116712586672516,0.0051737176001474,0.0318342656111597,0.0506917894578538,0.0358591226148701
"2021-11-19",0.00109156087666173,0.00572295672206447,0.000443697559116663,0.00039566161449045,0.000358281148597595
"2021-11-22",0.0150780845470773,0.003261306338739,0.00986950391652708,0.0235573902190065,0.0283520145074012
"2021-11-23",0.0226812411102315,0.00368114640684758,0.00761844143898971,0.0266996831073167,0.0539167860382082
"2021-11-24",0.000663234143039926,0.0143532492947227,0.011914917758411,0.000653557866101551,0.00188510940317643
"2021-11-26",0.030355675505032,0.00386231143277005,0.00500640688377962,0.021251746170716,0.0218304341255169
"2021-11-29",0.00384931123443022,0.00214389973948648,0.000687848518706957,0.00189117446431597,0.015442154986905
"2021-11-30",0.118576025213166,0.0579512312496626,0.080980639688407,0.112468738002758,0.189161881998653
"2021-12-01",0.115139776696201,0.0623910016330382,0.100216489889308,0.136874532851107,0.206133163736791
"2021-12-02",0.148304745959018,0.104618807167926,0.148200300320545,0.171891217928261,0.254048263688101
"2021-12-03",0.0752219081558327,0.055161717843494,0.0816343959829899,0.0808509409346456,0.194698635167054
"2021-12-06",0.0472508860304117,0.0338250606213837,0.0466066672834837,0.0387501981132297,0.105432130666463
"2021-12-07",0.0150982973767888,0.0204134309228889,0.012901567837476,0.0137554981880161,0.000231283487019285
"2021-12-08",1.40658502409963e-05,0.000561406654395302,4.16437202530595e-05,0.000468095233099541,0.00468498821186736
"2021-12-09",9.56076954716778e-07,0.00131545154502488,0.000386170038714884,0.00147212634985494,0.00261723053511775
"2021-12-10",0.00396281508950214,0.00966836543575256,0.00782213282098221,0.0063425408623119,0.00141924631597012
"2021-12-13",0.0318039593446278,0.0189387168835473,0.0251386961272779,0.0289600152107159,0.0649798831281485
"2021-12-14",0.00361302003594322,0.00119194829597813,0.00197065391116524,0.00291635924580125,0.0139338612077569
"2021-12-15",0.0259781542240574,0.021676495229197,0.0256453240495267,0.0300549215094619,0.0598520636532207
"2021-12-16",0.00603995678502711,0.00473871647565693,0.00701129815618806,0.0101185396222587,0.0291281015517175
"2021-12-17",0.0113988409425063,0.0101299748026773,0.0183009093826898,0.0210299209448066,0.0320247531192148
"2021-12-20",0.00132057724007173,0.000859167268277172,0.00198110930408824,0.00333073048315113,0.0085305598834382
"2021-12-21",0.0088194600455902,0.011955774659135,0.00952401633308675,0.0107192087715393,0.0111343510016
"2021-12-22",0.0397163426565417,0.0447877473726377,0.0440544110298122,0.0482258614953668,0.045297102411574
"2021-12-23",0.116789798205708,0.115390227162162,0.115866168488487,0.123951253844305,0.120179817891492
"2021-12-28",0.0179203453869703,0.0144982240532556,0.0182386603249018,0.0246058836565679,0.0476883621597926
"2021-12-29",0.0897683808882066,0.0741536917984416,0.0753284727652668,0.106642393115717,0.106165542724638
"2021-12-30",0.132980532791263,0.105321808502067,0.106680446397361,0.133313290918736,0.129771926865542
"2021-12-31",0.130873484379975,0.107536309859648,0.0996321998616931,0.133794905765992,0.137501021135574
"2022-01-03",0.0502709719263374,0.0358604374786073,0.0296517500742111,0.0571127313766293,0.04769952176786
"2022-01-04",0.0480462204861234,0.0335271725368138,0.023598198945777,0.0502371244486002,0.033155857608294
"2022-01-05",0.00415338607230109,0.00129561130843325,0.000133084912878445,0.00647380627247918,0.00860938116622179
"2022-01-06",0.00911200315401062,0.0148231193535378,0.015817305443409,0.00265770662908316,0.000917650003081194
"2022-01-07",0.000400017687551379,2.15999884880524e-05,0.000384484710012511,0.00671277564866091,0.0165380531985566
"2022-01-10",0.13239581636678,0.141857924875917,0.119488971585829,0.0725277905180743,0.0392592061013763
"2022-01-11",0.00798295049611686,0.0101191979549178,0.00467170375899761,0.000215391974419665,0.00476628194774786
"2022-01-12",0.00118842507261108,0.00206003148315981,0.000313835366830828,0.00378990588283235,0.0195495440466213
"2022-01-13",0.0262421369705703,0.0340712929411051,0.0203046094766599,0.00620510436103516,4.27037294414845e-10
"2022-01-14",0.0437690236867965,0.0596776369514491,0.0452969782671349,0.0210813936098775,0.00282472810184653
"2022-01-18",0.0178189192811371,0.0256494160156482,0.0175214872865357,0.0055788130479586,1.64358831917788e-05
"2022-01-19",0.00734171554766361,0.0118490282596233,0.00567637795867704,0.000455101432097038,0.00463769509309908
"2022-01-20",0.000255158673893474,0.000136021654682184,0.000284901301975227,0.00452882246675812,0.0159256171702857
"2022-01-21",0.0617132883559566,0.0575896538677982,0.0831273868962983,0.0472665448189167,0.0157814446714886
"2022-01-24",0.34289617383611,0.299044836280082,0.386287514554824,0.295789033500894,0.215411648906012
"2022-01-25",0.0858955025640091,0.0678613916269231,0.117680536035174,0.0730019444585146,0.0596019965298931
"2022-01-26",0.166080064638907,0.138691971087582,0.227582172702887,0.169155450981468,0.151474235967053
"2022-01-27",0.0758630277831531,0.0534288237473337,0.0951225963061928,0.0621891180385492,0.0318723965267997
"2022-01-28",0.0958961247614507,0.0743025968738704,0.0964151741473993,0.0708559765820511,0.0400171639062223
"2022-01-31",8.37559018467271e-05,0.000357083983762552,0.000539979462629514,0.000176551808387604,0.00439205231252027
"2022-02-01",0.00260854551532619,0.000481393562835608,0.00367528905270809,0.00119333650511089,0.00133766028396121
"2022-02-02",0.000194054440468383,0.0011209316086882,1.44673240394244e-05,0.000423255913758691,0.0137707271030418
"2022-02-03",0.00132261030407155,0.000171724288549946,0.00301128103991632,0.00120871756890617,0.00330529437311822
"2022-02-04",0.0047857136713414,0.00765597588676692,0.000606654247293115,0.000980268820086172,0.00561093223488585
"2022-02-07",0.0964053338359054,0.112117920049818,0.0721377279701125,0.0696363596605483,0.0865130994807128
"2022-02-08",0.091257774435417,0.124644366440838,0.0813292107809345,0.0740413054466273,0.0857791216682013
"2022-02-09",0.191314846459307,0.250682490027946,0.191406513090942,0.175346158397067,0.22069482741659
"2022-02-10",0.0324008469239747,0.0785545073820462,0.0461732852732146,0.0363398920779279,0.0348008742847625
"2022-02-11",0.000301814551941115,0.0182044365128735,0.00567931111188713,0.00236347191158837,0.000212300353098716
"2022-02-14",0.00459975804184998,0.00138361875731507,0.000151750134465667,0.000764634186472213,0.00461748238986281
"2022-02-15",0.0718027845547438,0.115219070411275,0.109936004619577,0.0908891860995857,0.0729933123767315
"2022-02-16",0.01594817044298,0.0339488027328341,0.0342922804400527,0.0197098524279204,0.00158000965691762
"2022-02-17",0.0545519261356202,0.0728810911641098,0.0335370871826446,0.0457997970714346,0.000720597038174953
"2022-02-18",0.00199124967521769,0.0107241079817786,0.000254197007448553,2.94781483365369e-05,0.0339543224776409
"2022-02-22",0.0217431051777239,0.00218825764944386,0.0479300559431013,0.0299065924865762,0.107876385501928
"2022-02-23",0.0032071988091813,0.00429797793637032,0.0354207683190713,0.0124403947939182,0.10872986107135
"2022-02-24",0.287217415802021,0.149296742404299,0.624477257022735,0.352132198110169,0.596719781232922
"2022-02-25",0.00647616229723047,3.6244817125386e-06,0.0407158221096333,0.0105551163333835,0.0171049977480076
"2022-02-28",0.00380757898687079,0.00156543361763672,0.0385684628300749,0.0133580319355722,0.0203351456130265
"2022-03-01",0.00983748805180151,0.0112810632172535,0.0500051358733817,0.0270285203849339,0.0173597759314859
"2022-03-02",0.0169641593178225,0.0141925886726921,0.0340149144186184,0.0174865758798159,0.00995154716704705
"2022-03-03",0.00520599254849041,0.00457212712312893,0.0108215785441834,0.00365524227237368,0.00223338459033995
"2022-03-04",0.0356223994672842,0.0338081159082193,0.0344743622695309,0.0200374493664874,0.0119002770941887
"2022-03-07",0.0417729458094176,0.0405990452142522,0.0450551601123275,0.0283130870177632,0.0194734398104985
"2022-03-08",0.191496359856981,0.193773201250244,0.237259817937977,0.19621471184155,0.19641240619364
"2022-03-09",0.0146396451031741,0.0137211967362059,0.0212646030135393,0.0100124981427803,0.00767084863404732
"2022-03-10",0.00492455709051631,0.00763619515729008,0.00554365316738892,0.0100583977641178,0.00705595816538085
"2022-03-11",0.000132500584897777,0.00260458651315054,0.00194463261902023,0.00683035364034934,0.00625079386276273
"2022-03-14",0.00531633761298256,0.00092783029589083,0.00129600151531228,3.8930686606875e-05,0.00017166806727853
"2022-03-15",0.000595514128038488,0.00573977568169015,0.00798744096940096,0.0183210622149617,0.0186823591301786
"2022-03-16",0.0234773878193346,0.0101097411373676,0.00590028748751048,0.000305903968962351,0.000216289788211643
"2022-03-17",0.00404689836140659,0.0103919574213616,0.0155119676768796,0.0374702236525384,0.0371698481523128
"2022-03-18",0.0129326723116223,0.0235222606024914,0.0343088466915402,0.0670071547383972,0.0714816756944339
"2022-03-21",0.000933483170922456,0.00608044311676226,0.0112942448762541,0.0382514950360808,0.0539335743639249
"2022-03-22",0.0689695013822056,0.0907919215773694,0.0999467534757663,0.14404804630867,0.183136612330547
"2022-03-23",0.00798893672330259,0.0246018007058979,0.0345560645524994,0.0692122529986785,0.0858513306280737
"2022-03-24",0.00345296631740988,0.0153111118744049,0.0239226495887188,0.050932329256927,0.0608347619603218
"2022-03-25",0.011271174049776,0.0320342167640404,0.0450941261228388,0.0782066618956117,0.0831051117669888
"2022-03-28",0.00695809446223383,0.0210436438627881,0.0272113306379256,0.0505846430673018,0.0521871069061255
"2022-03-29",0.0119977068679322,0.0275250907868625,0.0313475798897509,0.0590681174464065,0.0685233595560768
"2022-03-30",0.035628862935315,0.0612134400618529,0.0676947547688358,0.104099446155304,0.121090862920533
"2022-03-31",0.0149751890792804,0.0332407397137637,0.0397552526961418,0.0735661288369802,0.0886056907996589
"2022-04-01",0.0027086856744476,0.0143521004341702,0.0207453680764644,0.0477312929278597,0.0576891123791063
"2022-04-04",0.0428063361386122,0.0659299547376331,0.0766504082265849,0.11989416486375,0.134053579799203
"2022-04-05",0.0113452326045951,0.0251155317288525,0.0314533417876239,0.0655485745820861,0.0853090000045285
"2022-04-06",0.0125700697644699,0.00400809860796381,0.00249893164141057,0.00152893559554856,0.00763645102727617
"2022-04-07",0.000821541995178698,0.000157574720138109,0.000465858447552092,0.0122055661630898,0.0301210205545455
"2022-04-08",0.00235075337686963,0.0086008331703582,0.00985924845938646,0.033956198399899,0.0700246280299073
"2022-04-11",0.00318213960231706,0.00760544449955036,0.0089655924019354,0.0334521442124305,0.064093274079627
"2022-04-12",0.00526981002209914,0.00180361982220534,0.00115047469149032,0.00355516861302285,0.0161678370333571
"2022-04-13",0.0101195724604703,0.0180769626113992,0.0230615185219774,0.0595125105269136,0.0931641365927502
"2022-04-14",0.00534560272672913,0.0108813406783694,0.0140334629025387,0.0446997734760335,0.0714859776116434
"2022-04-18",0.000217370239869119,0.000176913941229762,0.000936974382966804,0.0160285435554208,0.0304465395255105
"2022-04-19",0.000424109798768502,0.00230259358602303,0.00546779011441156,0.0311125498367653,0.0532604347739474
"2022-04-20",0.00021407681462815,1.08415865935907e-05,0.000957684995727792,0.0179091728855623,0.0351070674422962
"2022-04-21",0.00303130734791734,0.00289132532502157,0.000850412201440109,0.00577184839713496,0.0160420955001397
"2022-04-22",0.0124330991783239,0.0109543154577274,0.00633488506726176,0.000486348420295268,0.00509737181319392
"2022-04-25",0.144622083996392,0.124427840363841,0.106198417732046,0.0467517021030082,0.0258310973542228
"2022-04-26",0.0336746081753798,0.0275274928862068,0.0196040753396265,0.00157873157999577,4.57620963354444e-05
"2022-04-27",0.113068332692096,0.0986390481000898,0.083326680473987,0.0342957289567336,0.0212613944079147
"2022-04-28",0.0907813302703309,0.0734778346572873,0.0561195873491842,0.0169852406979429,0.00838672564083964
"2022-04-29",0.152972420330232,0.134104656269098,0.111508919892927,0.0538438456241734,0.0383777644119205
"2022-05-02",0.228614116767168,0.219664669512893,0.195479543401748,0.11707769447927,0.0901590405373804
"2022-05-03",0.17104977723569,0.139310606979832,0.10833909762703,0.0550076253755996,0.0278302963521375
"2022-05-04",0.311170476020125,0.279374106391217,0.221761499928343,0.136334988928094,0.0828773376375751
"2022-05-05",0.192809912799454,0.173850224265358,0.133694905195364,0.0742416869373983,0.0385406584951027
"2022-05-06",0.344214499119361,0.326166421240075,0.288695540930478,0.202306668707017,0.134009363524426
"2022-05-09",0.127108581203955,0.118189565486686,0.110991409203012,0.0769134227371562,0.0494762399596493
"2022-05-10",0.14154971237557,0.124594119392038,0.124410107730377,0.0882663610175061,0.0523841807018739
"2022-05-11",0.154380082606089,0.150383331901285,0.101608044361133,0.0643873178101084,0.0236039962506858
"2022-05-12",0.39366597942116,0.343396676940952,0.313780746170101,0.232627676034904,0.120450369539608
"2022-05-13",0.0134156647366346,0.00600135554666403,0.0170905127352041,0.00509138833997147,0.00398560001311132
"2022-05-16",0.026503408609039,0.0123608841739256,0.026215779205442,0.0128390834289545,0.00154599512647202
"2022-05-18",0.00350833542522455,0.000150307683317141,0.000816258695063521,0.000255494969154002,0.0266207355676764
"2022-05-19",0.0670781462788295,0.0348957856487722,0.0287174599650815,0.0188983721550029,2.97059216967099e-05
"2022-05-20",0.0757267102616002,0.0435937996282698,0.0179703146388275,0.0103197876769017,3.45321027035439e-05
"2022-05-23",0.0290300473891145,0.013916672294445,0.00422385642583678,0.00114322632263919,0.00359680938371332
"2022-05-24",0.0232617554657271,0.00746826945383705,0.00059806673816265,5.24166922977187e-07,0.00774651187509368
"2022-05-25",0.0290025052174201,0.010618323341854,0.00127599682095836,0.000105793519886044,0.00596428464787269
"2022-05-26",0.0102796817162147,0.0327660329970445,0.0549749651710969,0.0630728261870086,0.106241208651517
"2022-05-27",0.0776843047541438,0.127832861391872,0.155788223528106,0.162803261284377,0.218088301371726
"2022-05-31",0.00219806520067989,0.0036554230642325,0.0176576122744099,0.0217307141893854,0.0550523904124307
"2022-06-01",4.77051731451184e-11,0.00958391135990233,0.0342983732132847,0.0383927294958701,0.0768100131969471
"2022-06-02",0.00340415582671616,0.0202606768729359,0.0437818459087771,0.0476477225206025,0.0922026178555151
"2022-06-03",0.00831684626182261,0.0249876223210441,0.052701933990871,0.0557466298870306,0.100996410582994
"2022-06-06",0.0223324909346745,0.0483867837523677,0.0889236662911539,0.0939470212958564,0.141811925911626
"2022-06-07",0.0355005466980809,0.0636416883303774,0.0987500041904821,0.101082189161512,0.14643757240618
"2022-06-08",0.053982270218186,0.0852256278916805,0.156715065195781,0.162388281743558,0.214627926636711
"2022-06-09",0.0389012801057516,0.068456246268064,0.109844100259445,0.11644058237329,0.168079261365398
"2022-06-10",3.57211647827871e-05,0.0055674479935508,0.0214611728810932,0.028876740167828,0.0599115807208372
"2022-06-13",0.0412380926444786,0.015327379840044,0.000486157339956383,0.000344179138283884,0.0102275761401771
"2022-06-14",0.00282908823448769,2.06438550620636e-05,0.000721990986193299,0.00430924809117217,0.0189640938697628
"2022-06-15",0.120257352980999,0.0790600974552937,0.0270973445043632,0.023104026292931,0.00914294356810652
"2022-06-16",0.0165299253886453,0.00403560297868788,0.000513317114002598,6.90094624600235e-06,0.00372912909041201
"2022-06-17",0.015047616073067,0.00310677859323127,0.00161695206620016,0.000135005392816412,0.000814943226232101
"2022-06-21",0.00421022870764665,0.0127471229856382,0.00290962192569588,0.00325903203679534,0.00539124435458072
"2022-06-22",0.00638566859024747,1.05629208491109e-05,0.00210699285734495,0.000774750626279408,1.55006578739236e-05
"2022-06-23",0.012416735334762,0.000517244082967938,0.000245851686167642,0.000343630394649352,0.00129983077836693
"2022-06-24",0.0171940197701566,0.0430193976554318,0.0395581102938656,0.0514995371620475,0.0696633996692786
"2022-06-27",0.00309138192551717,0.018798183605202,0.0154313633347272,0.021441014395466,0.0343280636673773
"2022-06-28",0.00829601887721054,0.0220516849056336,0.0090367658151258,0.0180178376997757,0.0226724549215671
"2022-06-29",0.000324407830771145,0.0023816827082892,2.54636179914947e-05,0.00234462994069551,0.00422469738321296
"2022-06-30",4.39842950950009e-08,0.0042471519533358,0.00143827226579707,0.00355712811098008,0.00456824061660632
"2022-07-01",4.33061098736864e-05,0.00557357560148541,0.00026135825580198,0.00187632132910953,0.00338941179582086
"2022-07-05",0.000360187301580606,0.00406729367010006,1.20687733682345e-05,0.000495372912290071,0.00221617129646345
"2022-07-06",0.00949125736273992,6.36786481211793e-05,0.00383115506895182,0.00104962995709323,0.000191606267126998
"2022-07-07",0.0581687050332078,0.094654203713767,0.0639810054058716,0.0768732895069864,0.0897632707188101
"2022-07-08",0.0332020817429954,0.0565729747506263,0.0351738511346606,0.0464666519327896,0.05899484880013
"2022-07-11",0.0145743224999082,0.0339093207910253,0.0234866726659919,0.0332392572490523,0.0423124576139002
"2022-07-12",4.04279006749331e-05,0.00414861759321883,3.41527685583376e-05,0.000904782960339467,0.00367456254688014
"2022-07-13",0.0247474172164419,0.00919722409085733,0.0374550477492579,0.0233181400276128,0.0159835210371322
"2022-07-14",0.00159853140813282,0.000241862696495954,0.00457703849592894,0.000456335918659789,1.29367627721422e-10
"2022-07-15",0.00617979335330521,0.0168426407336968,0.00259315209640021,0.0109691424282692,0.0150605351321869
"2022-07-18",0.00609599670653149,0.0192302305729994,0.00425538834961148,0.0150598518820795,0.0227880567524161
"2022-07-19",0.0363469109970347,0.0644211910198107,0.0316721313504942,0.0493932044794592,0.0646553043699645
"2022-07-20",0.0266553730290711,0.0494539986483462,0.0119342143928192,0.0233350879029819,0.0332477316251687
"2022-07-21",0.000168770899618531,0.00950629505971978,1.91320306763831e-05,0.00418856578463034,0.0079474697068942
"2022-07-22",0.0059721069390477,0.0208742844623289,0.00294742688392913,0.010305170175732,0.0121108589449235
"2022-07-25",0.00504802716459096,0.0169874285140204,0.00340322342834787,0.0106106680118985,0.0106562844145814
"2022-07-26",0.0338884017475707,0.0559260580747321,0.02479912246522,0.0376472057598352,0.0347804658428448
"2022-07-27",0.0148701256965211,0.0268885240594592,0.00483156897344461,0.0114376877317524,0.00781427048074801
"2022-07-28",0.0154805891726426,0.0320284291096891,0.00824661856032671,0.0180063202431968,0.0151779597998352
"2022-07-29",0.0085171931910033,0.024021070083371,0.0076284805024236,0.0176807949432445,0.0142710522903662
"2022-08-01",0.0255736192235501,0.0481692555733531,0.0302899892032107,0.0579655696365953,0.0506487924417303
"2022-08-02",0.00554134386278871,0.0174291112046281,0.0105575137296285,0.0402700817508106,0.044386560645727
"2022-08-03",0.0403091285411004,0.0570227936752592,0.0427108214691898,0.0919391066001973,0.097565429280585
"2022-08-04",0.0318833089855171,0.0452656957651567,0.0314820306521959,0.0797068335426487,0.0901391048008553
"2022-08-05",0.038644406357937,0.055692197282037,0.0392041155701792,0.107680281367105,0.12826016489598
"2022-08-08",0.0146887010684611,0.0270340333650636,0.0106071149300628,0.0359879573419737,0.0388827954715647
"2022-08-09",0.017043590694563,0.0299440992063666,0.0101331174284534,0.0201501624320082,0.0191582342504928
"2022-08-10",0.0428722341882473,0.0615130009883773,0.0397725499778718,0.0442978051117788,0.0342280302441555
"2022-08-11",0.0434978564057427,0.062627531402665,0.0629552151817745,0.05851100729522,0.0330686418384258
"2022-08-12",0.0902221090579927,0.10824263886363,0.058992298281002,0.0507572760992694,0.0189692531903241
"2022-08-15",0.116138698244993,0.142051843649451,0.0964586009807911,0.0668685194337895,0.0294169523546464
"2022-08-16",0.0930864317530229,0.118708572615956,0.0719881676394405,0.0413480290812913,0.0238959997411814
"2022-08-17",0.00730767730658255,0.0185620605615693,0.00578068894703754,0.00029753945912292,0.00044919387876452
"2022-08-18",0.049232719640397,0.0706700786515484,0.0325700335937986,0.00466919393215925,0.00630051361252426
"2022-08-19",0.0615787228824385,0.0852665402842221,0.0510180852823594,0.0204644135007652,0.0243634326631483
"2022-08-22",0.0416030390331157,0.0572800798529651,0.0372345388117661,0.0122805880016512,0.0106054982544286
"2022-08-23",0.0199101670156177,0.0310550470645763,0.0123071841354983,4.72949548171453e-05,0.000164159440682488
"2022-08-24",0.0489673183841686,0.063483578293897,0.046081171386428,0.0133087278255368,0.00550112544155557
"2022-08-25",0.0596539066204724,0.076570349164141,0.0603292285820611,0.0184001870438597,0.00511384563855999
"2022-08-26",0.0148723612532538,0.0086731595604379,0.0175822301534787,0.070217896201308,0.113660318714314
"2022-08-29",0.00309206225615211,0.00132519347604076,0.00164348135220616,0.0257542516800975,0.0498274321829899
"2022-08-30",0.0137826472297129,0.0146845619261176,0.0183705590634611,0.0685188041776299,0.104820428102927
"2022-08-31",0.0155158083145766,0.0145940368893021,0.0161261690160177,0.0434108382910239,0.0475393157788497
"2022-09-01",0.0136892084224414,0.01175722837253,0.00990411839274552,0.0295489841297902,0.0292715232356475
"2022-09-02",0.0229563961948172,0.0205399821501973,0.015291764612531,0.0308767266551979,0.0222469793279689
"2022-09-06",0.0388779897889817,0.0405071878121164,0.0398117877597055,0.0600552985402591,0.0501777347526402
"2022-09-08",0.0322762610369443,0.0383109618982569,0.0366119099922657,0.0532489178948936,0.0461040709160112
"2022-09-09",0.00926071885010105,0.00458191047552292,0.00853756890370994,0.00527494284548569,0.00611243325236788
"2022-09-12",0.00102000710116013,5.54121562412746e-07,0.000893328533349003,5.66925713147981e-05,0.00016891132234953
"2022-09-13",0.00316602388626808,0.00571940546645622,0.00135093896289828,0.00566861745846214,0.00682703344238877
"2022-09-14",0.00804078662145913,0.0101990151003941,0.0138221107740062,0.0203034109244853,0.0236534946421367
"2022-09-15",0.00045281071842207,0.000404977720674271,0.000661588427426141,0.00256885002372309,0.0041777433256911
"2022-09-16",0.0258014239949167,0.0220616890910619,0.0153140002749368,0.0202585764751693,0.0178558925483057
"2022-09-19",2.42525207656552e-05,0.000261770242562687,0.000535255930127931,0.000184172861900755,0.000951684365691596
"2022-09-20",0.00952476643431899,0.00518139422463459,0.00633286644353115,0.00905319587411579,0.00556252470575958
"2022-09-21",0.179505495481259,0.149153075122355,0.16600160467451,0.182518268372195,0.166766742908342
"2022-09-22",0.0164537932893531,0.00900203620772433,0.0117102566997975,0.0162721391891318,0.0147399580365637
"2022-09-23",0.0165889694981392,0.0122586659990791,0.010153180896963,0.0127515098007434,0.012742943600347
"2022-09-26",0.0505531404488271,0.0468335161229374,0.0336975762227092,0.0373993166155846,0.0471232707616016
"2022-09-27",0.0296936442591,0.0280177288306078,0.0253793961420714,0.031125286406104,0.0374178658950126
"2022-09-28",0.0723417409900537,0.0738382456480897,0.0568247134124551,0.0669929924065671,0.0767176693545071
"2022-09-29",0.0443416898258207,0.046636072184941,0.0374757567797361,0.0447897543644851,0.0526985741754447
"2022-09-30",0.0393300481542429,0.0349202771358186,0.0491581058495696,0.0612883348965796,0.0732920173033991
"2022-10-04",0.000132570706345092,0.000798195675917768,0.000253791130423453,3.38661438885612e-05,0.000330605000068207
"2022-10-05",0.000285088546221335,0.000290875061545792,0.000875516913433794,0.00282537719085041,0.00424430690913247
"2022-10-06",0.000803201520398922,0.0023472600519725,0.00108902731696614,1.57287314885846e-05,2.07048376799079e-06
"2022-10-07",0.00184329681339568,0.00232829340744956,0.000877112831156879,4.14706916549434e-05,4.55055346959554e-07
"2022-10-10",0.00648940625182948,0.00687369457418008,0.0144290476842894,0.020943773552041,0.0269122773093853
"2022-10-11",0.0075901269652825,0.00649316213191398,0.0188766763691406,0.0268834538175369,0.0369261463206261
"2022-10-12",0.00314869942891072,0.00125959976934253,0.00776511285740455,0.0122405444574343,0.0199693683202535
"2022-10-13",0.136687399384289,0.140063085143017,0.183646294278312,0.20433787193435,0.234746083777241
"2022-10-14",0.0508017200885336,0.0546177408306154,0.0729331984747221,0.085935160385864,0.0978488653552527
"2022-10-17",0.00609192429546446,0.00419920803983498,0.000547537099142126,4.1636152546376e-05,5.46076483365354e-07
"2022-10-18",0.103000979937639,0.122159983323187,0.135841051519423,0.141844506829536,0.143281438395873
"2022-10-19",0.00836032511011697,0.0128107405446805,0.0259053628451438,0.0273785207037016,0.0291176387538232
"2022-10-20",0.000701168333556934,0.000551092727053559,0.00399435028930695,0.00453879419947834,0.00473604122143567
"2022-10-21",0.0230642971275326,0.020034459450947,0.0352097458543379,0.0321928722205818,0.0332161951572116
"2022-10-24",0.0100482487412084,0.00692437300713089,0.0163370481609275,0.0125330638660257,0.0129024028591405
"2022-10-25",0.0177826984549265,0.0266991833723635,0.0163348783479813,0.0190745563088859,0.0196424354472478
"2022-10-26",0.000434827686581984,3.62279083103711e-05,0.00100675242576442,0.000223194346596678,0.000198560617960641
"2022-10-27",6.42253574438811e-05,0.00122853279819024,0.00153861981757619,0.00113333750774669,0.00132014896755694
"2022-10-28",0.0354294513649107,0.0192788530168579,0.0479894483194057,0.0469826711254586,0.0493693327262392
"2022-10-31",0.0027812067479962,9.28297605806705e-06,0.00426498591908153,0.00340441923609713,0.00459819716739274
"2022-11-01",0.000319337992771507,0.00219202010403952,0.00103228400797306,0.0003686743585265,0.000940251833391414
"2022-11-02",0.288184018815465,0.238269591425208,0.292094353157857,0.282164307102973,0.278323554565656
"2022-11-03",0.00348038406323781,0.000846824003756463,0.00730616591950639,0.0054949364911776,0.0044906429603313
"2022-11-04",0.091082886766009,0.0730241801624849,0.0926701074611862,0.0903839212848048,0.0836546812049357
"2022-11-07",0.00455690104521755,0.002477758041739,0.000291381798259271,0.00012539126112765,1.82710334575287e-05
"2022-11-08",0.00486606521370603,0.00131291323918159,0.00418708703770787,0.00284178724449591,0.00287443884304528
"2022-11-09",7.06985065865862e-05,0.00039598378021144,0.000192550415572201,3.9333227435101e-06,1.65052259812892e-05
"2022-11-10",0.00693362104802309,0.00293918461545251,0.000111310217697502,0.000126946966789943,5.12863101231886e-06
"2022-11-11",0.00690306673079255,0.00239689138936483,0.00825288671901969,0.0108066686219714,0.0127928832164088
"2022-11-14",0.00138993816816146,0.00754801607599154,0.0110639832085169,0.00839867113148429,0.00879152175893694
"2022-11-15",0.0342501539654074,0.0122107578857154,0.00309413518906299,0.00507063922084283,0.00269677643078658
"2022-11-16",0.0100733344185793,0.0263625976727413,0.0222167981246442,0.0204192479539869,0.0287707060104128
"2022-11-17",0.00741226679220386,0.0237683748743072,0.0211706122054047,0.0162723500313571,0.0235580879543904
"2022-11-18",0.0193278927446632,0.0360229509880476,0.0310163193311987,0.03134857453353,0.0380727696855923
"2022-11-21",0.0417612646132628,0.0537211074753476,0.0800011145456472,0.0820284428858447,0.0889759660584968
"2022-11-22",0.0791488384263412,0.0854969212328418,0.109116939263262,0.116139264952445,0.12154614232339
"2022-11-23",0.0203514807513583,0.0245935067947536,0.0627915630769835,0.06646511488495,0.0714388693999783
"2022-11-25",0.135761339204269,0.139039361684319,0.156975250772268,0.155800718898437,0.162384232648203
"2022-11-28",0.030262349734508,0.0381796792661149,0.048563921843801,0.0529872447880195,0.0558375880000979
"2022-11-29",2.84043202958273e-07,0.00209644876885307,0.00798381259787617,0.00960166325710321,0.0103868222817023
"2022-11-30",0.00924666504345284,0.00120627505024218,2.17725703421934e-06,0.000225006429138697,0.000385619779258439
"2022-12-01",0.00487294859989373,0.0157059222127425,0.026533008383776,0.0332599612244857,0.0342208622479077
"2022-12-02",0.0233024203440677,0.0306895780327192,0.0567137023641282,0.0693987349950298,0.0714896067673312
"2022-12-06",0.00904200071911476,0.0109220492175286,0.0472017133181675,0.0612906082426332,0.0636253716420225
"2022-12-07",0.00092313078195394,0.00172318678549965,0.00127165789578676,0.00641178370471396,0.00707083951381593
"2022-12-08",0.0023662686125101,0.000926915508189019,0.0187094372679919,0.0327435768273294,0.031992086908778
"2022-12-09",0.00808205325171985,0.014174606322648,0.00432034656633817,0.000107276417536939,0.000324975688675178
"2022-12-12",0.0022097694999399,8.50539515391269e-05,0.00313779044600881,0.0130494009727551,0.0113310304044278
"2022-12-13",0.0950028013159683,0.121125663825235,0.0923693661364808,0.0571642783976618,0.0618152830188587
"2022-12-14",0.202272851988186,0.252669303682969,0.235603431285248,0.172071319073355,0.169424761829683
"2022-12-15",4.62648049848191e-06,0.00229815188594173,0.00116957045175248,7.80378841271911e-05,0.000225907033898354
"2022-12-16",0.0109214474065413,0.0208749898725855,0.0135869825791122,0.00703419969102215,0.00579706669053914
"2022-12-19",0.0043804437590631,0.00169362066699663,0.00231794875103808,0.00592570306654183,0.00620367120319076
"2022-12-20",0.00877881747395781,0.0143779529908348,0.00646419253524222,0.002626846138575,0.00266977348824349
"2022-12-21",0.0022768421748558,0.00246087072463985,0.00156203303544578,0.00479702932862924,0.00382641339013223
"2022-12-22",0.00308415021858544,0.00345215514510633,0.0030041921366819,0.000602990233260714,0.000710417997989987
"2022-12-23",0.0216282595415234,0.0245322163671386,0.0324417345807104,0.022763451753792,0.0209020766756283
"2022-12-27",0.00109333119259536,0.000209132000176249,1.0283868823846e-05,0.000470899939880365,0.00103401592273489
"2022-12-29",0.00748514833698666,0.00510881369883909,0.00504249321718553,0.00671520260172853,0.00775996558869041
"2022-12-30",0.0110582712955078,0.0098933197274389,0.00385082718327534,0.00633160500113017,0.00583389697991277
"2023-01-03",0.0166341155232115,0.0183180698786225,0.0241323385538099,0.0200463446580339,0.0213913375309072
"2023-01-04",0.0578809743514452,0.0607790524994674,0.0562838608487226,0.0527509083303432,0.0565500418447935
"2023-01-05",0.0082551375968396,0.0084441057187159,0.0128473756464684,0.0111305832408468,0.0144912394585621
"2023-01-06",0.0211763253164481,0.0260190238260285,0.0366965689673584,0.0335734682392377,0.0388157473378565
"2023-01-09",0.000266812702873542,3.27921066027859e-05,0.000531274722697539,0.000904943332387997,0.00184076635646191
"2023-01-10",0.00250073043337506,0.00544239505104804,0.00848424943030368,0.00988988433215021,0.012506528709731
"2023-01-11",0.0109041437704938,0.00840723082456485,0.00292064159368088,0.00247256234974191,0.00183368291338493
"2023-01-12",0.043251740032245,0.0474287486739784,0.0612032609734334,0.0644096521995374,0.0651801677879269
"2023-01-17",0.000394632776881787,5.85478341035284e-05,9.26256408022574e-05,8.16155937235497e-05,7.79711178389153e-05
"2023-01-18",0.000302064614569719,0.00158753378882914,0.00440855743311208,0.00405295231602731,0.00394498863965542
"2023-01-19",0.00103235524456147,9.1747573165657e-05,0.00046851547585125,0.00028899091797574,0.000493577926769628
"2023-01-20",0.0116452056603626,0.00709073785626191,0.00323891338129467,0.00257320250455662,0.00338167856636273
"2023-01-23",0.000502025170488141,1.91184375331055e-06,0.000689747349013503,0.000563302331340498,0.000192300863706807
"2023-01-24",0.0174646836526757,0.0133694596252363,0.00451972299973802,0.00539696941608203,0.0064681327582643
"2023-01-25",1.62907640044452e-07,4.68275124236861e-05,0.00354919156540512,0.00300554292284727,0.0022384911139659
"2023-01-26",0.0171060375870586,0.0171142381095273,0.00466488263997844,0.00521123296968318,0.00577560486041517
"2023-01-27",0.0181650814125949,0.0194015344032599,0.00346290540634597,0.00303306002948434,0.00338906995890786
"2023-01-30",0.0117779886686413,0.0160653251256502,0.00050685228158609,0.000186362639255311,0.000222730236998148
"2023-01-31",0.0070971112956173,0.0118384233849267,1.76502174520365e-05,8.33196479410603e-05,4.83727894835528e-05
"2023-02-01",0.0641456900192159,0.0530051360521153,0.160326962125851,0.182200457867483,0.177725976095314
"2023-02-02",0.00389449577202305,0.00152089691581847,0.0224800851182683,0.0330235973401438,0.0322550719178558
"2023-02-03",0.200504634826056,0.180917696357976,0.337377485662989,0.353383616381755,0.349203176519243
"2023-02-06",0.00262709012690943,0.00170821345012051,0.0375948708833167,0.044154913674602,0.0401447989443011
"2023-02-07",0.0496939537807679,0.0455188794431749,0.147978891266426,0.163487649818356,0.157776516183528
"2023-02-08",3.76298545878839e-07,2.31131808403617e-06,0.0498932424367435,0.0579873994876419,0.0577289211499672
"2023-02-09",0.000494614826950679,9.34765229760881e-05,0.0395932676058566,0.0495689872718121,0.0504639686089579
"2023-02-10",0.00118213531787958,6.9525365667733e-05,0.0216181112729494,0.0345937383906314,0.0356640158268851
"2023-02-13",0.0166530859955154,0.0272206848355072,0.000147757012640692,0.00229406881941019,0.00273945203051706
"2023-02-14",0.0158093151704837,0.00656370634946901,0.0901206454729027,0.124033628483339,0.128670638442948
"2023-02-15",4.05344815914699e-05,0.000638343374817829,0.0284897892723937,0.0464868383138415,0.0438121178654254
"2023-02-16",0.00229840640175194,0.00600737188759481,0.000562401670055834,0.000752568601986248,0.000275131407932339
"2023-02-17",0.0481012702245092,0.0614214802758255,0.0136487484816652,0.00590259247967762,0.0132847535030465
"2023-02-21",0.0422360757011586,0.0621390769906287,0.0129212060937576,0.00540538335450647,0.0101473769563327
"2023-02-22",0.00484927426320203,0.0149951644720754,0.000967095987415734,0.00429504775522682,0.0017597584554756
"2023-02-23",0.0303716619310026,0.0568082466385309,0.00746267076019524,0.00497241969999673,0.00805332014451743
"2023-02-24",0.0255218140967681,0.0450783788352951,0.0152020434031537,0.016375152648106,0.0198533512040311
"2023-02-27",0.0533079775846379,0.0721611902509565,0.0300206931298022,0.0338496207225993,0.0350879417516214
"2023-02-28",0.0584893455710143,0.078652554149693,0.0519970905028688,0.0578315747906755,0.0571914038674026
"2023-03-01",0.0319885433567382,0.0415093763125638,0.0119298014294686,0.0157052747191451,0.0149017840942434
"2023-03-02",0.0421492934348529,0.0550047871707844,0.0231258787247406,0.0262568064931179,0.028246472624124
"2023-03-03",0.0253225065086027,0.0288504036625918,0.0147953892543264,0.012922560761728,0.0129163546434954
"2023-03-06",0.0100736765058478,0.0113409672004645,0.00488252316963655,0.00243781760021955,0.00253622461690628
"2023-03-07",0.00133857862637177,0.00179525390129198,0.00128824478160783,8.59026177189026e-05,0.000212460611580312
"2023-03-08",0.00896073833121425,0.00864976797173744,0.00276592402781639,0.000568129676484119,0.00121578895074426
"2023-03-09",0.00309874475540184,0.00498965653576855,0.00106678373658498,3.67697119085797e-06,4.78040376328259e-05
"2023-03-10",0.0339962733414336,0.0272671532683511,0.0360773192499473,0.0551524742782377,0.0503609723312619
"2023-03-13",0.023741315475831,0.0177875561161152,0.0211925743532211,0.0364957035426796,0.0344844884008297
"2023-03-14",0.0113898337613543,0.00695804782421128,0.000984881459804798,0.0050392933952943,0.0049253869161372
"2023-03-15",0.0681519187809847,0.0565178416880765,0.0454296140734392,0.0688452383290703,0.0688675231124838
"2023-03-16",0.00820225963773691,0.00475250805770178,0.00613651871128407,0.0184515401302785,0.0174479047011751
"2023-03-17",0.0108522475680823,0.00660644004843225,0.00192218977910152,0.00949331457913472,0.00873768639143124
"2023-03-20",1.25209841590479e-05,0.000479013193629418,0.00340409888973459,7.95949303147303e-05,0.00012744190242886
"2023-03-21",0.026173147763243,0.0309436400845109,0.0358735361974807,0.0201952285660445,0.0207658424955852
"2023-03-22",0.0261587775737597,0.0194020400369301,0.0199156609032134,0.0370705069018129,0.0336847068616792
"2023-03-23",0.0102929739788673,0.00652589110504986,0.0060869224048703,0.0157809421680257,0.014031800535419
"2023-03-24",0.000638074925657817,0.00247707936730879,0.00191931689218694,8.5560272238272e-06,4.17293845444977e-05
"2023-03-27",0.0434560400720341,0.0569908811862863,0.0467928333651217,0.03437861674554,0.0359374953582319
"2023-03-28",0.0780276082552476,0.0907339356676069,0.109918970448936,0.0987010305522611,0.101877217191113
"2023-03-29",0.147110690332587,0.16107399209753,0.164939754780045,0.154026512997886,0.155757172803943
"2023-03-30",0.14902185190764,0.167323418990382,0.173035553706021,0.164633280219057,0.165799011572324
"2023-03-31",0.152600079609003,0.169452250821976,0.176081695961756,0.169562659912715,0.17003297874724
"2023-04-03",0.101640287349827,0.121682024086471,0.105996130730484,0.099264347727442,0.0984653448919199
"2023-04-04",0.081319701817361,0.104755312903274,0.103117897196374,0.100111017117488,0.102213591628767
"2023-04-05",0.079077908371636,0.096006020064678,0.0932430593944165,0.0875910912031928,0.0901219984981396
"2023-04-06",0.10122140015068,0.119200313566183,0.109199199688734,0.0991086640583785,0.103071928387701
"2023-04-10",0.0640852666787008,0.0810869805494292,0.0800000571477615,0.0717832518408521,0.075803672963705
"2023-04-11",0.115491609125203,0.136026286662456,0.13301004126637,0.125608032438859,0.132431473110298
"2023-04-12",0.0195322501111865,0.0297131304362592,0.0335989370350525,0.0299731692465732,0.0332702741025626
"2023-04-13",0.0491265916305808,0.0626784061054138,0.0606775194674656,0.0537450295815665,0.0593627369553484
"2023-04-14",0.0152188494102303,0.0226216375328783,0.0226373866438625,0.0183174878516186,0.0215462359805145
"2023-04-17",0.042045405981572,0.0554672196925594,0.0526533130338127,0.0473093785301768,0.0537807005998201
"2023-04-18",0.0388879832189417,0.0487011655133052,0.0455810208058873,0.038957635806641,0.0448511269462037
"2023-04-19",0.0647174686604031,0.0766864524052391,0.076259795008176,0.0659998727472264,0.0737563180845044
"2023-04-20",0.0427647418176278,0.0533192384478298,0.0440504161414872,0.0346211376677033,0.0434771912780856
"2023-04-21",0.0239655866878634,0.0302227112210374,0.0212165468930157,0.0133458924654166,0.0202567394443702
"2023-04-24",0.0725102249365461,0.0828111501427964,0.0665669136536764,0.0520585425416549,0.0646684635260244
"2023-04-25",0.0270322813110444,0.0315406264515437,0.0183259391775707,0.0099854971146911,0.0157769973630018
"2023-04-26",0.00993905333746326,0.0122086412655835,0.00440616507488234,0.000695512380217478,0.00286283701554857
"2023-04-27",0.0439364978314276,0.0493350511240023,0.0370264280388921,0.0233940509829869,0.0321487365863042
"2023-04-28",0.0303846564434442,0.0353373270314727,0.0202191122700102,0.00990697553062936,0.0166527136937016
"2023-05-01",0.0365961775287298,0.0437899937300872,0.0270826824693964,0.0136429345006255,0.0206771706477626
"2023-05-02",0.0302363721922452,0.0366386161720724,0.0185264504145561,0.00781570205299076,0.0128481054159038
"2023-05-03",0.0349457225952945,0.0317125628295636,0.0652738720129715,0.0927746325253287,0.0749530302812746
"2023-05-04",0.00719381162974941,0.0056404943428201,0.0280036249059852,0.047672850230779,0.0391843649700818
"2023-05-05",0.00256040100076915,0.00230357413806281,0.0203586126598496,0.0348806890557971,0.0259174586907616
"2023-05-08",0.00587933406828323,0.00698855921209884,0.00104107860937974,0.00533209166257409,0.00287639588470778
"2023-05-09",0.058834275057956,0.0663078329641011,0.0328589444947929,0.0212205044354024,0.025490355324433
"2023-05-11",0.0259969269678137,0.0269561551889377,0.0297890039255819,0.0185594735053671,0.020818810153254
"2023-05-12",0.0364596104025461,0.0310708480322748,0.000190496327693523,0.000324892388862796,1.40130941330696e-05
"2023-05-15",0.0590464473406347,0.0698575395288239,0.0353874008193618,0.0278508075173889,0.0310428085853329
"2023-05-16",0.0596706539301626,0.0680464474222311,0.0207946177941747,0.0155076173679101,0.0174261067086461
"2023-05-17",0.0233536490935029,0.0306564565563523,0.0231166273490251,0.0198079781163345,0.0210229289305779
"2023-05-18",0.0450099876313792,0.0577025093208245,0.0230389690583359,0.0185327579288841,0.0229424252388069
"2023-05-19",0.0309307353137831,0.0381086622968123,0.00793864247996945,0.00544018520118783,0.0097640604193745
"2023-05-22",0.0461886951099206,0.0532180925484522,0.0249763438450177,0.020575507588511,0.027662376792535
"2023-05-23",0.0379292896486694,0.0390909822373491,0.0196081237598822,0.0107294148774608,0.0164725804135237
"2023-05-24",0.0109228057781987,0.00879213267477175,0.000179044353503022,0.00311087844172553,0.00037204077472075
"2023-05-25",0.00341377480164184,0.0027308311736709,0.000459434495241329,0.00783698628840357,0.00322472659132456
"2023-05-26",0.0263038556322981,0.0263902567565502,0.0112046579362379,0.00430459653200699,0.00801555445974933
"2023-05-30",0.000636348308612478,0.000597769403857473,0.00189659020527611,0.00945452080097242,0.00511186596346369
"2023-05-31",0.00477005733784219,0.00520777886125989,0.0202957586355184,0.0384425228635767,0.0292006802512499
"2023-06-01",0.00648602366512052,0.00591064623644288,6.4331416040897e-06,0.00140084726320255,0.000118353129951343
"2023-06-02",0.0112610596124547,0.00950248419261834,0.00207530515675658,8.4222382598309e-05,0.00059476520669266
"2023-06-05",0.133918323683237,0.140619593267962,0.152746335700371,0.21343885830808,0.193078220875914
"2023-06-06",0.00129750441131038,0.00284547781873012,0.0068753308686067,0.0181341865741542,0.0146747282857327
"2023-06-07",0.00116438060246904,0.00311243164200348,0.0105046666641992,0.0235747962917165,0.0211128450847424
"2023-06-08",0.00963198023895928,0.00664697404069758,0.000716427290181176,0.00051012605912959,0.000322811893324504
"2023-06-09",0.0104361750298267,0.00728606941947674,0.00343741178448642,5.80206422127194e-05,7.05066570347856e-05
"2023-06-12",0.0438847104081437,0.0337801652416205,0.0155160269740073,0.00794288962498202,0.00704909594515435
"2023-06-13",0.00822328443291287,0.0043810120392298,0.000630982659622692,0.000302490518332643,0.000488823425197626
"2023-06-14",0.00031984135430152,2.49278348101178e-05,0.00301803145671675,0.00910568923210109,0.0100522789393924
"2023-06-15",0.0253229162134938,0.0204603342676266,0.00948275372551866,0.00377025210016901,0.00300613602116306
"2023-06-16",0.0173894954655573,0.0131657643134997,0.00387169818579203,0.000456494452861778,0.000180870237576736
"2023-06-22",0.0839968206207602,0.088510612062791,0.0491930400644414,0.0344906125948403,0.0394951487906403
"2023-06-23",0.0534170016696609,0.0492940905753811,0.0269056830318395,0.0150066303910608,0.0170566962761292
"2023-06-26",0.0547712835235838,0.0431609098106522,0.0216630678833702,0.0100476585194917,0.0118381836053001
"2023-06-27",0.0746423378464374,0.0608716940184553,0.0419598569269335,0.0260207843356053,0.0292643355143238
"2023-06-28",0.0400371265753945,0.0307780177556047,0.0148965070216196,0.00732615256446478,0.00829855966859117
"2023-06-29",0.0356415954120253,0.0311349997168413,0.0152044390178365,0.0085118487390532,0.00648815338252806
"2023-06-30",0.0461930365894303,0.0398714949438228,0.0157115544259341,0.0102912419139005,0.00682674244301507
"2023-07-03",0.125608833040243,0.116027180818939,0.0887805960023673,0.0738585391528619,0.0624210308013591
"2023-07-05",0.0553794292002436,0.0472847218644781,0.0346522472592508,0.0272718284250792,0.0177841016840012
"2023-07-06",0.0576352291180942,0.048397094433523,0.0516605833698676,0.043780581843532,0.0322511546677084
"2023-07-07",0.047790945861883,0.03593648293719,0.0166556596748868,0.0111481358693071,0.00604664696852075
"2023-07-10",0.0103603531451937,0.00468267405781875,0.000648213653205776,5.21041124248445e-05,0.000388925636269244
"2023-07-11",0.0384691994461139,0.0282293245301704,0.0194872824309731,0.0162527664969658,0.011396050337585
"2023-07-12",0.00613415022132924,0.00224626369497738,0.00148558327738391,0.000330585198572875,1.31195217152325e-05
"2023-07-13",0.0816590767747922,0.0664345177718118,0.0550449521367957,0.0491878560116827,0.0449468241157966
"2023-07-14",0.069118972325328,0.0571666487016309,0.0491640767590975,0.0433748377794747,0.0399718362326127
"2023-07-17",0.0479611859581819,0.0389707568244861,0.0350037424385274,0.0312346171568236,0.0284897959730643
"2023-07-18",0.0511608624271793,0.0416952705385871,0.0438217408385602,0.0383739230808509,0.0351390290819151
"2023-07-19",0.10492779751937,0.128406460627019,0.0850161671149117,0.0962679883174551,0.104095680008739
"2023-07-20",0.00138569551542589,0.00517462626993526,0.00111204931903353,0.000287175511027415,1.12077396097199e-05
"2023-07-21",0.000438225012703519,0.000168387009770399,0.00175617664340444,0.00112206352360045,0.000448825553320598
"2023-07-24",0.0207236786218359,0.0108256687561896,0.0298086958067503,0.0262640248274213,0.0231989204999126
"2023-07-25",0.0867815262339315,0.0672903634044424,0.100464136553686,0.0943012444358333,0.0884696108248801
"2023-07-26",0.0011234101190003,9.32869493652788e-07,0.00743188176809917,0.00642584399114399,0.0046884663065363
"2023-07-27",8.98504100759201e-05,0.00213681029435819,0.00244343264280422,0.00176213534185998,0.00126267045824902
"2023-07-28",0.0190757531069596,0.00979811876242564,0.0417126664841576,0.0392130576150289,0.0344397840519535
"2023-07-31",0.0731572031556689,0.0570823884329816,0.136028615053786,0.131123991503477,0.125505047248939
"2023-08-01",0.0412475080708581,0.0257585243230789,0.0857120010010428,0.0855498183008447,0.0645343380785899
"2023-08-02",0.0500899068020182,0.047895256643689,0.086071757185264,0.0815253285248305,0.0681431787882958
"2023-08-03",0.0157511836102173,0.010465016290016,0.0445213690070907,0.0396380165075558,0.0284002389565494
"2023-08-04",0.111295555486512,0.139933372174454,0.0371012207792876,0.0422716678202166,0.0602041363609578
"2023-08-07",0.0301518049010736,0.0457361443778064,0.0050334600532036,0.00703074952368676,0.0155732528265995
"2023-08-08",0.00432756008348356,0.00118923312647623,0.0346859919825162,0.0285260744030267,0.0227363550540247
"2023-08-09",0.00326223233057732,0.000314808838320468,0.0271943828253789,0.0178185916280502,0.0104326520553921
"2023-08-10",0.00183995276000348,0.00609521722262896,0.0181785768825764,0.0139657903338253,0.00918387029803669
"2023-08-11",0.00307961079869634,0.000713653993317687,0.0301779294453877,0.0261584079392314,0.0212856108001589
"2023-08-14",0.0116127640081227,0.00613055239872562,0.0524645755877513,0.0482596881791719,0.0396871622748758
"2023-08-15",0.0291779332081945,0.0226545986815521,0.0883004829369765,0.0757923195095305,0.0691289336152958
"2023-08-17",0.000483665390536236,0.00253697498488292,0.0100418206294877,0.00607607487687511,0.00665302268325241
"2023-08-18",0.00443519905691492,0.0102800662550895,0.00413867689326741,0.00177836365970929,0.00270714968460228
"2023-08-21",0.0643386129548102,0.0517155222658741,0.0776809285252302,0.0698780581187672,0.0880345588761686
"2023-08-22",0.0484513605637706,0.0392294897927594,0.0771728930691091,0.0753739694399289,0.0946900078967343
"2023-08-23",0.0418198132783463,0.0331182246904547,0.0871815023947156,0.0847601699231884,0.101345970424325
"2023-08-24",0.0160806649661844,0.0116959746720626,0.0474435825076365,0.044205878570339,0.0592268770232338
"2023-08-25",0.0015342983668587,0.00386171564046678,0.00116544362925808,0.00017821938445084,0.00256030281665165
"2023-08-28",0.0165620870534671,0.01173304923431,0.03353445295518,0.028427400227854,0.0388762837461223
"2023-08-29",0.0224625224994273,0.0183803737690404,0.0473586466877396,0.0391321788388943,0.0475170833761775
"2023-08-30",0.0103658029275739,0.00725271570437247,0.0219556709832995,0.0168451993891334,0.0198384606226891
"2023-08-31",0.0179810648367256,0.0144581336357867,0.0304010850340766,0.022109748433951,0.0293131067924577
"2023-09-01",0.0385450303248076,0.0340737786852974,0.0685124602238596,0.0530588716961549,0.0573128055906429
"2023-09-05",0.0149246237298386,0.012038539518362,0.0374421999035495,0.0279653471671772,0.0286177888514618
"2023-09-06",0.000781619214764939,0.00189318499490243,0.000319722791341848,0.00014541059359674,0.000149417726584389
"2023-09-07",0.0837880282621271,0.0924418578805095,0.0663563258508901,0.0866842472649991,0.082253992824227
"2023-09-08",0.00202403189884959,0.00108444251877238,0.00684568451061374,0.00300041584567157,0.00183460112358547
"2023-09-11",0.0183585414268723,0.0161550217095572,0.0389253555392925,0.0282686559990988,0.0241512268640329
"2023-09-12",0.0481326996072047,0.0517384968296182,0.0265560861818324,0.0316590846474356,0.0384096209900249
"2023-09-13",0.0138655708585349,0.0149858453984759,0.0102562391140693,0.014651839375317,0.0177563980362623
"2023-09-14",0.000686870817007357,0.000781233578822649,0.00177232542242134,0.000637136766971302,0.000219279138350847
"2023-09-15",8.3199238695375e-05,5.6318655052845e-05,1.87800432112084e-05,7.69432780376444e-05,0.000252341686841628
"2023-09-18",0.000255475035026542,0.000179370236474297,0.000690987759098594,0.000244476734331034,7.2516876310269e-05
"2023-09-19",0.00289644516278464,0.00377072385850763,0.0121858522692955,0.0104873332965223,0.00961329792965104
"2023-09-20",0.00359217450166849,0.00222948653352839,0.000442616041034016,0.000884397500226175,0.000859113708237658
"2023-09-21",0.00924587529256349,0.0135386724629118,0.0387690410315191,0.0356789171975196,0.038907563037371
"2023-09-22",0.00320195304651949,0.00571473582151394,0.0113663355026943,0.00981267188489787,0.0105498735013052
"2023-09-26",0.00686321524438904,0.0100525148293991,0.0223160961599107,0.0217147205007953,0.0234006436379279
"2023-09-27",0.00264564610121787,0.00632772417574534,0.0102167716508683,0.00857156308548035,0.0118723153951557
"2023-09-28",0.00567118109987574,0.00236467759062586,0.000845174760531142,0.000851208707764339,0.000263132239696651
"2023-09-29",0.000192773248153921,0.00116238754509745,0.00675341946693431,0.00682628222000359,0.00799723759620852
"2023-10-02",0.000441515986206564,1.39116542883233e-05,0.00176195256955358,0.00209683017445461,0.00295247408790811
"2023-10-03",0.000916428851531759,0.002813247435965,0.0127642320902805,0.0135241484797441,0.015576706416154
"2023-10-04",5.61043827809193e-05,0.000130654435490651,0.00622348684901919,0.0082248034797372,0.00843011129591309
"2023-10-05",0.0197236192860673,0.0239277512041314,0.0460902091207438,0.050369333621241,0.0502798899965704
"2023-10-06",0.000517372746726918,0.00116040668598916,0.00894503027672555,0.0107502120122724,0.00603692906594633
"2023-10-09",0.0386873614950733,0.0430872585753417,0.06556327165878,0.0730249627595012,0.0675946807835535
"2023-10-10",0.0313671091859271,0.0362799336472102,0.0536639860129022,0.0598869435937988,0.0543309598914816
"2023-10-11",0.0589536105634072,0.0615116908172904,0.122969789407581,0.136128113743936,0.134398425050444
"2023-10-12",0.033294620698102,0.0365996471668113,0.0445967418337878,0.055404410055482,0.0541007598308021
"2023-10-13",0.01231284921028,0.0135497010270933,0.0217655501801701,0.0283810404954079,0.0326044445831832
"2023-10-16",0.0109461490666207,0.011561751442327,0.0168359880128308,0.0240503263699918,0.0276802333036321
"2023-10-17",0.00281075335703918,0.00321366916358468,0.00654895818914669,0.012076386460514,0.0138211320654325
"2023-10-18",0.00605198837169607,0.00704632498411129,0.0146345372604781,0.020166009219095,0.0218704822853548
"2023-10-19",0.00786413012240383,0.00634446677994083,0.00262686033326709,0.000493742336297398,0.000429736273986681
"2023-10-20",0.0026332212083835,0.00384138752053254,0.0083569737398701,0.0137795120623834,0.0110561744203879
"2023-10-23",0.00128970565612785,0.000705154423565002,0.000656101654169294,0.00300620400775831,0.0020005349015253
"2023-10-24",0.000698741100330968,0.00142540659795864,0.00284450329138664,0.00594553756234673,0.00514842440907426
"2023-10-25",0.00235279364318131,0.00110159765068274,5.95693722333923e-05,0.000168427059104914,3.34284479295288e-05
"2023-10-26",0.0211969909960878,0.0197558892213523,0.0198247362108757,0.0137131538021968,0.0163366691863898
"2023-10-27",0.0183361827359547,0.0177565880117765,0.0167042829494473,0.0123606334889672,0.0124188341455038
"2023-10-30",0.000189570269210959,1.98412590801667e-08,3.4471870899333e-05,0.000116091027436482,0.000166548671388878
"2023-10-31",0.0076718063195047,0.00935896303550621,0.00857977515814801,0.0108075557394267,0.0114023354016328
"2023-11-01",9.16556359555898e-05,2.14218846616987e-06,0.000309483971828062,0.000601439234955148,0.000581340520745544
"2023-11-02",0.0160019440775887,0.0135089214497657,0.0154226878850823,0.0178679580437946,0.0175927493247112
"2023-11-03",0.0066950972504829,0.0102528445232988,0.0113862424754674,0.00915713882661873,0.00904258692575777
"2023-11-06",0.014587337865239,0.0124142026989669,0.0110451872608595,0.0144032770023941,0.0130029177547197
"2023-11-07",0.0275010470804244,0.025549530583248,0.0244153689431259,0.0298209665553744,0.0283979970222155
"2023-11-08",0.0529784804591347,0.0452537324002886,0.0529123994721488,0.0459133800909894,0.0430503422641773
"2023-11-09",0.0372818519472826,0.0257112813961897,0.0679701608990115,0.0662302387887979,0.0672736279287995
"2023-11-10",0.108374446495154,0.075952779999358,0.0736779355890747,0.0742069862850292,0.0779536651979196
"2023-11-13",0.145985621125552,0.11698456566661,0.1230588122976,0.129686107612297,0.134556547713205
"2023-11-14",0.0817685747347223,0.0659365445706424,0.0599662337587474,0.063755988441007,0.0673871983243943
"2023-11-15",0.0954983882854079,0.0784551478282793,0.0692812391697097,0.0697643702556712,0.0729826164925238
"2023-11-16",0.0404856299489282,0.0321563671488536,0.0361630313651902,0.0366205830073882,0.0375721323335028
"2023-11-17",0.102737829274854,0.110090274513554,0.105862439121213,0.10362924785914,0.103825817630987
"2023-11-20",0.103079775527924,0.108468673394077,0.10190797168404,0.0994336093872592,0.0979078553109378
"2023-11-21",0.102577484226264,0.108761652762666,0.102284791297694,0.101685003899078,0.0976795739254093
"2023-11-22",0.0796060191682295,0.0889107312328838,0.0829800420468436,0.0789083925801322,0.0788260904528884
"2023-11-24",0.220188473229943,0.238482085739065,0.242139635570365,0.238684197677446,0.233656734510338
"2023-11-27",0.0812757373450879,0.0954044601514825,0.100170236329034,0.100153878632711,0.0951514504521394
"2023-11-28",0.0938826705450553,0.110438203432639,0.115798484187871,0.11679359953986,0.111813360827146
"2023-11-29",0.0898234138013181,0.105548893488102,0.111556813466477,0.113111573182934,0.10838535959246
"2023-11-30",0.0605976227885969,0.0719392162814172,0.0697430402045969,0.07195972799329,0.0633368317637699
"2023-12-01",0.0387199178990363,0.0450396086915601,0.0509496914133312,0.0538671582804726,0.0520929247592499
"2023-12-04",0.0580439130701937,0.0699503899366403,0.0755867632570464,0.0802520244296878,0.0632304168062889
"2023-12-05",0.00024041684519549,0.000380247873166928,0.00215248289686176,0.00311701778979545,6.10593298473461e-05
"2023-12-06",0.028300071153222,0.0341231575298697,0.0282233166083672,0.0334016990670096,0.0165943089872054
"2023-12-07",0.0394781907975432,0.0473261285314301,0.0429204620625989,0.0503753483162523,0.0289404965427269
"2023-12-08",0.0119395063117931,0.0220830736055309,0.0189776442531449,0.0257815968574711,0.0113148034234849
"2023-12-11",0.000276430566433117,0.00240746615520226,0.00327797632909799,0.0100592359920493,0.00667403421821255
"2023-12-12",0.033068407543936,0.0460010541788836,0.0401738821354924,0.0646765836114747,0.0564021607989902
"2023-12-13",0.00152801342851316,0.00806821935962443,0.00843103038810367,0.0229210522188446,0.0209095119930724
"2023-12-14",5.00815140314081e-06,0.00093092884967283,0.000121059324869721,0.00615747257369748,0.00678950362071151
"2023-12-18",0.0171277473491187,0.0273878112304051,0.0268953503694145,0.0523686407493269,0.0500379883091524
"2023-12-19",0.0533966814023077,0.0681121301021237,0.0682985079036746,0.107738065247036,0.0975606522902532
"2023-12-20",0.0157140617770339,0.0236495720159835,0.0151631436279476,0.0356035786072666,0.0300618517488884
"2023-12-21",0.00814917201614285,0.0129314135936096,0.00632008148982766,0.0237412905350043,0.019598117424189
"2023-12-22",0.0617150377407965,0.0739146340220749,0.0672487339153536,0.107507290124973,0.105041740792704
"2023-12-26",0.169335251588792,0.18708056451827,0.177015631865834,0.220016082999339,0.213799282028802
"2023-12-27",0.0761980461240044,0.0911444825351195,0.0985868418777476,0.127727639594326,0.129826604992235
"2023-12-28",0.107875368679035,0.12666341545055,0.115033999099121,0.150293670477471,0.160578228769394
"2023-12-29",0.0431514864190994,0.0527232755657547,0.0478532454768521,0.0675730307667224,0.0705244545153296
"2024-01-02",0.010141925625065,0.0062198647454017,0.0118568591157062,0.00470207928255917,0.00541489426218167
"2024-01-03",0.000990120315312204,1.82489556341814e-05,0.000866275491128388,9.84234919492177e-05,0.00049739870676957
"2024-01-04",0.00121248199097868,2.63777652997899e-05,0.000218479544353833,0.00035198816627835,0.0014886800989713
"2024-01-05",0.018004940699184,0.0110568115792888,0.0122432628763329,0.0058361618524212,0.00249042016394596
"2024-01-08",0.00554525148356477,0.0109725118966613,0.00654377709586629,0.010987576647739,0.0161751509305201
"2024-01-09",0.0057876336663627,0.0146465153416355,0.011792241373505,0.0185885462202959,0.0292138204779504
"2024-01-10",0.00336556295063817,0.0142191279738046,0.0130326397718141,0.017977325578054,0.0274329169225795
"2024-01-11",0.00738560190738502,0.000141177860714992,0.00095888725035298,0.000322069010076254,0.000464107047699391
"2024-01-12",0.000713105026412197,0.0135867242701058,0.0120465713052298,0.0128378135468068,0.0208573776894674
"2024-01-16",0.0253245477629487,0.00239337223861691,0.00179987430558604,0.00164260676936623,9.05429720925444e-05
"2024-01-17",3.53215614936619e-05,0.00777812936183908,0.006477876502051,0.00580344162878288,0.0115010274596139
"2024-01-18",0.0026746041516843,0.00127971229579682,0.00136744354325535,0.00119764050639648,0.00377597969299548
"2024-01-19",0.00222886496485541,0.0112244195263786,0.00106578328250406,0.00115896857406872,0.00617038104126433
"2024-01-22",0.00273355601345626,0.0176700097472953,0.00811939168800468,0.00845021747469188,0.0196858050203099
"2024-01-23",0.0113629378014504,0.029181083606139,0.0136174926621715,0.0160255269225362,0.0340191095042404
"2024-01-24",0.00619493330868615,0.0194286273153046,0.0079530950512936,0.00867153847321589,0.0253434576699809
"2024-01-25",0.00035265093188297,0.0021535399739856,0.0024231631601348,0.0033206647584918,0.0131924606507303
"2024-01-26",0.0164064620719384,0.0337693627050974,0.0329495299476241,0.0381933697481078,0.0570584917967956
"2024-01-29",0.00509649456287131,0.0144729212617574,0.0116128926667773,0.0157546088654934,0.034848642095356
"2024-01-30",0.00414296905168365,3.61442902219178e-05,0.00113374833276469,0.000255457812811777,0.00112370455575261
"2024-01-31",0.0492285170852973,0.0229922953767969,0.0278726198113306,0.0209919084658228,0.00763827701416164
"2024-02-01",0.0175991519652914,0.00282061555139479,0.0081552628221988,0.00550957081809389,6.34292884695853e-05
"2024-02-02",0.175287365749434,0.0922031261437821,0.115088362941902,0.106594050680643,0.0561133260810138
"2024-02-05",0.0178360341847106,0.00125845772143141,0.00449415650964169,0.00296332990265502,6.57645724879696e-05
"2024-02-06",0.00382902454528966,0.025992515019994,0.0185927950279761,0.0225513031089104,0.0433495345093486
"2024-02-07",0.00260372484254723,0.0186772734064418,0.0124288857440342,0.0170826788536458,0.0344433644006306
"2024-02-08",0.0600040374429054,0.0930026451090602,0.0805424399180577,0.0895547776242955,0.122850170551339
"2024-02-09",0.0437633455098876,0.0678515997099929,0.0504781443918383,0.0592982733341954,0.0875182878654897
"2024-02-12",0.0240555658353716,0.0484308823978994,0.0357781905051164,0.0427150896736901,0.0651066147965458
"2024-02-13",0.000415632869058546,0.00807180948233666,0.00178239863215102,0.00388331174173362,0.012188522022623
"2024-02-14",0.0120203938005261,0.0215602778388275,0.0164534515710324,0.0181163370869932,0.0236914220443365
"2024-02-15",0.00100244687372641,0.00473097356952645,0.000191582552890202,0.000647439421775031,0.00338535108941729
"2024-02-16",0.034948583743307,0.0414507988591015,0.0431576429662552,0.0446999122620553,0.0735850521800918
"2024-02-20",0.0267814450092567,0.0342052949424723,0.0341111592834207,0.0372887763181666,0.0646587103881164
"2024-02-21",0.0110210024576562,0.0136846161412352,0.016352194924655,0.0190991145113335,0.042066577009567
"2024-02-22",0.0150488228540038,0.0215318778132527,0.0222079205767927,0.0238482631899402,0.0484541812146
"2024-02-23",0.0383821557566286,0.0538411865858868,0.0539270986990179,0.0555083971151713,0.0887667684732212
"2024-02-26",0.0358643205305229,0.0605131391730391,0.0571898161510789,0.0588791558900517,0.0866194643475677
"2024-02-27",0.00334997915119017,4.79130038089082e-07,3.68392414369367e-05,2.23926918079265e-05,0.00353428644828191
"2024-02-28",0.00949968166407866,0.0166169893512877,0.0141595343299934,0.0143269850533783,0.0295183805634829
"2024-02-29",0.00767520159787605,0.00123969572189475,0.00236539625273124,0.00190419976215761,5.93543843399047e-05
"2024-03-01",0.000173768390135498,0.00496715402571501,0.00850946340311909,0.0100312724664868,0.021800649439387
"2024-03-04",0.0272183967863455,0.0111830935952233,0.00968957381891089,0.00852976655080662,0.00209888915823253
"2024-03-05",0.0297312151814346,0.0135518351853774,0.0127600773124148,0.010455665156768,0.00363668911301906
"2024-03-06",0.0180930779504189,0.00542222419739069,0.00638302464378504,0.00412602478177448,0.000713838876330586
"2024-03-07",9.16935496664273e-06,0.00297051242458934,0.000793483185091093,0.00231106061951336,0.00701838249828679
"2024-03-08",0.0334929398411357,0.0216631310480129,0.0153041339457443,0.0132064491284716,0.00577105018313673
"2024-03-11",0.058037274210267,0.042901624714583,0.0405685057114265,0.0338957533220572,0.0181415002642473
"2024-03-12",0.00204565541873847,7.95503029376032e-05,1.29552138763422e-05,0.000485521610216644,0.00434585783077268
"2024-03-13",0.0208410357881259,0.0488097922295154,0.0543262925813104,0.0642242464830352,0.0876553173712449
"2024-03-15",0.0025901480587609,0.00244275540668148,0.000289935702537214,0.00171790361801083,0.0075047920368756
"2024-03-18",0.0073479746309526,0.00162460928081765,0.0012390413835679,0.00368862849356999,0.0101587560673611
"2024-03-19",0.0133326924932324,0.0603860549502235,0.0551940448629671,0.0664679656950748,0.0923906544643069
"2024-03-20",0.0104821918560705,0.0551590452664554,0.0429774827899225,0.0528636823589905,0.0772728261079627
"2024-03-21",0.0219570141673098,9.65836928856767e-06,0.000768206409791361,7.02699817267671e-06,0.00218855816136032
"2024-03-22",0.000557287181409682,0.0258152455801608,0.0268667172797237,0.0329483960115595,0.0532565798613804
"2024-03-25",0.0367084544762819,0.0954798970088553,0.10553925185553,0.115233750436523,0.146541068793416
"2024-03-26",0.0287809447539185,0.0782856976256343,0.112947121194662,0.111350795984519,0.147319086335829
"2024-03-27",0.0103886915125924,0.0453646909707175,0.0536887275654432,0.0489666739941046,0.0785142275816477
"2024-03-28",0.000898637137167979,0.0210264889904761,0.0277816383472604,0.0227247016308809,0.0441645457395632
"2024-04-01",0.0939820466815595,0.149607285022279,0.134616907659928,0.120893182583635,0.156735398711302
"2024-04-02",0.0486509819645824,0.0937485101091822,0.086954147746154,0.0728488838355301,0.112469512490966
"2024-04-03",0.0108491836263098,0.0362791872554937,0.063304325495209,0.056092873842398,0.0842945715733474
"2024-04-04",0.00695970821712821,0.027019496377124,0.0307940348897409,0.0256723705697524,0.0453461817487741
"2024-04-05",0.0406636284857302,0.0776355608023744,0.0611436689606881,0.056554527113827,0.0774203251854837
"2024-04-09",0.0348204505412362,0.0879036106328503,0.0677918170235805,0.0628789315187641,0.0843081655263331
"2024-04-10",0.00046327523146017,0.0212055665114377,0.0156167331579182,0.00548408953124357,0.0136289645809362
"2024-04-11",0.000359932255831641,0.0113806012305813,0.0100133407514893,0.00309434504013306,0.00773642598316537
"2024-04-12",0.0272546132574805,0.000468318888800612,0.000777483501103404,0.0077335610161553,0.00373221606994267
"2024-04-15",0.0269474228676418,0.000665894249586518,0.00114590427996486,0.00784385877968674,0.00448313561286162
"2024-04-16",0.0894967227703707,0.0284255712865562,0.0199400050627043,0.0496452246604213,0.0438269991221327
"2024-04-17",0.00226908035654239,0.00335486688081987,0.00668085689890097,7.6638137384677e-05,0.000125867449966011
"2024-04-18",0.000656920842477593,0.0143339620630858,0.0217373158523451,0.00774722851563814,0.00677874370100762
"2024-04-19",0.00392920805977548,0.000859500104205324,0.007463054197546,0.000205606568210115,3.44185878686787e-06
"2024-04-22",0.00170403172305011,0.0125775472059269,0.0267568622591239,0.0132204500390813,0.00843272705073272
"2024-04-23",0.0064152344898114,0.0212367465326606,0.0365083614788859,0.0166627266476662,0.0108012987471382
"2024-04-24",0.00157667499579706,0.0082125206063719,0.0201872432099157,0.00772466432712005,0.00356181343625339
"2024-04-25",0.00315220617444023,0.000259118151118232,0.000379910029787434,0.00613546688981215,0.0122306758608639
"2024-04-26",0.0358301308068989,0.0574571586420096,0.0514108677843241,0.0294496280559042,0.0214538757291718
"2024-04-29",0.000695892905232753,0.0105274705324938,0.0120903782931676,0.00389111342121451,0.00199451189581357
"2024-04-30",0.000462333885819399,0.0118347515545694,0.0068725549843629,0.00111506879764001,0.000312839616314564
"2024-05-01",0.026685074329917,0.0019052333977263,0.000930771137478414,0.00637830423182595,0.00939806414627053
"2024-05-02",0.00220788256085025,0.00338999288486774,0.00841931754176928,0.00181729660645136,0.00036100329314559
"2024-05-03",0.0633307390026094,0.0301515410217572,0.017644705206642,0.0287731167209542,0.0407029635169587
"2024-05-06",0.00250271378525602,7.48894427848867e-06,0.00311099428863382,0.000443741953733756,0.000158921848522064
"2024-05-07",9.71828018148102e-06,0.000467096096168129,0.004353515090326,0.00131150232432597,3.51833197258511e-05
"2024-05-08",0.0331799733179441,0.0377450355927964,0.0834464290360257,0.0680896814323189,0.0501995717684491
"2024-05-09",0.0649946657726201,0.0574395404658699,0.161291233660642,0.143169635952648,0.118695585778794
"2024-05-10",0.0176603577672556,0.00876820456728455,0.0378611434468112,0.0223289262964661,0.0113583993557851
"2024-05-13",0.033366383359092,0.0189829860634747,0.0253378739339261,0.0153345059840952,0.00619903199766192
"2024-05-14",0.0397905142939796,0.0203886107365714,0.0201504104974797,0.0142737542167919,0.00582849079207048
"2024-05-15",0.082009086669286,0.0385150803453911,0.0375256572769498,0.0289763629997397,0.0156274066675923
"2024-05-16",0.0670753254386478,0.0323988426064872,0.0380848560024789,0.0354797224258712,0.0244937606270688
"2024-05-17",0.14541399288001,0.102083033230649,0.10845389782154,0.0969475888217355,0.0834937411922068
"2024-05-20",0.117373530508863,0.0941783750494496,0.0871300003608821,0.0804436943346329,0.0718071795152775
"2024-05-21",0.16906623022673,0.164409534988422,0.160521159034294,0.154479045918151,0.144453103388983
"2024-05-22",0.0558928173418749,0.094962814844586,0.0941704255171802,0.0942630825631234,0.089246918997838
"2024-05-23",0.00937547563998486,0.0373912512946797,0.0280713035130786,0.0309611072555405,0.0278836986689999
"2024-05-24",0.0362709876401093,0.0661864685270563,0.0582599705165279,0.0525858024187507,0.0482944497576625
"2024-05-28",0.00234859197154269,0.0119125682268479,0.0151926080158247,0.0108861170003789,0.00907005822322038
"2024-05-29",0.00648956923926436,0.0165244108378118,0.0161280732075917,0.0142846174101696,0.0121436160103616
"2024-05-30",0.00131758458804976,0.00138301189618106,0.000149525729151501,7.45158371819876e-05,4.59393652885165e-05
"2024-05-31",0.00923943992829024,0.00728596607906962,0.00470244496444394,0.0049869740146764,0.00551875923697143
"2024-06-03",0.0120941938489645,0.01123184641294,0.0115055377972761,0.011393978853248,0.0113078861562872
"2024-06-04",3.05586799551616e-05,0.000351557681596892,1.12075332978634e-05,6.38154146104242e-06,2.85530166230785e-05
"2024-06-05",0.00310275709204499,0.00193188019229229,0.0016756190910272,0.00280558387286156,0.00491518577949024
"2024-06-06",0.0258861173112632,0.0388592227883477,0.0370575327790212,0.0413982352901603,0.0498226957839565
"2024-06-07",0.00836761300761091,0.0155921669468251,0.0173036191786311,0.0188835427989547,0.0241697883099692
"2024-06-10",0.343604179565922,0.292196068026692,0.291609553909333,0.273038644538553,0.251882216837857
"2024-06-11",0.238289877924933,0.201344899744532,0.197813249656963,0.189177225021777,0.173061817000362
"2024-06-12",0.709557854099887,0.58570221696632,0.581963127428444,0.537029280549484,0.519960054818661
"2024-06-13",0.182533085881136,0.126339501417479,0.110861440036694,0.0945651738165172,0.08607669904295
"2024-06-14",0.0344823473340603,0.0159234981824936,0.0141774812239199,0.00842854749446986,0.00551200857590306
"2024-06-17",0.0689770591944932,0.0526338532498094,0.0449536766703857,0.0375824121477768,0.0297476377490822
"2024-06-20",0.0509428835323225,0.0426242661058707,0.0324808368067062,0.0242209618725757,0.0179298774572314
"2024-06-21",0.176659884354148,0.16783885807186,0.149226467377321,0.128233064040429,0.119454052964783
"2024-06-24",0.120821228994078,0.101829660802544,0.104263343056762,0.09632918399998,0.0982471636256284
"2024-06-25",0.00157043492217857,0.00438764889717946,0.000818382633612558,0.000773163779631547,0.000151266100919978
"2024-06-26",0.00427902310217321,0.00971014009954718,0.0060797865963429,0.00744785283498572,0.00344922184049823
"2024-06-27",0.0115160358401809,0.0873078377720842,0.0805854879133567,0.0838740718201856,0.0666762550343669
"2024-06-28",0.00136503770330787,0.0403429223785001,0.036786636027659,0.0396818035087092,0.0241662979428439
"2024-07-01",0.0101262827162243,0.0253727291937946,0.0272034625898316,0.0307240795112391,0.0165616405833637
"2024-07-02",0.00116520603226955,0.0580632556110912,0.0610131052163463,0.0677523610140098,0.0519911318511044
"2024-07-03",0.00077072594250982,0.0434830174121541,0.04848041933018,0.0543728608594285,0.0442558510916233
"2024-07-05",0.00650630378452033,0.0451463941645478,0.0491762476101183,0.0561367070639198,0.0521328632935507
"2024-07-08",0.00245525694855386,0.026124437347212,0.0283774499904794,0.0321720118462756,0.0313414021057401
"2024-07-09",0.00909704995952221,0.0316692735843997,0.0378150134427095,0.0460624562488885,0.0439715087491039
"2024-07-10",0.00647133677143374,0.0189262143429563,0.0234674729649267,0.0307241907578235,0.0292024589295323
"2024-07-11",0.0280846764342755,0.0196356454966886,0.0167768223483744,0.00898868747477444,0.00999735700455062
"2024-07-12",0.000283587941133145,0.000315253642411362,0.000332132525856732,0.000542835790542151,1.8239289445221e-05
"2024-07-15",0.0155722468786177,0.0272652781887115,0.0222504092558902,0.0103095264354074,0.0132362755462661
"2024-07-16",0.00394063071025785,0.00105310902114075,0.00262239353180105,0.00910336424121394,0.00727076673007798
"2024-07-17",0.00631131596507362,0.0111141890077824,0.00951012760873238,0.00238337599310534,0.00233110383623036
"2024-07-18",0.0588589170345017,0.0639395190170913,0.0629537496689005,0.0420614640405765,0.0381986910309786
"2024-07-19",0.00857304465748765,0.00410827229276878,0.00152748603838582,1.89788708655492e-05,7.36438448099008e-05
"2024-07-22",0.00842454990196706,0.00292654836352768,0.0018772240433591,4.09408923869314e-05,1.44122834320193e-05
"2024-07-23",0.00042169980322404,0.00431045089080873,0.00540198043495876,0.0117622357328568,0.0146225569708254
"2024-07-24",0.00786477139222486,0.000914010496512407,0.00076687686863397,7.0996894370623e-05,0.000596445741343654
"2024-07-25",0.0596671041406442,0.0307834968434653,0.0284065587304112,0.0171762744695771,0.010699056431833
"2024-07-26",0.0267278840562473,0.0086621806903886,0.0040707098686561,0.000932516602565991,0.000162744954754324
"2024-07-29",0.00537331255278239,6.22402573924319e-10,1.23441596739937e-05,0.00133132963864768,0.00327691846754075
"2024-07-30",0.00214007188369481,9.00223525108768e-05,0.00014359630650973,0.002274319499733,0.00374573373551002
"2024-07-31",0.0154117656952411,0.00822936124544027,0.00549811899724695,0.00162424180877752,0.00153470906368103
"2024-08-01",0.0334967591422961,0.0276057182607294,0.0271887073296684,0.0139679752908932,0.0138739102595173
"2024-08-02",0.42168656098015,0.429016830720152,0.43453458956035,0.358529155320647,0.341160118477739
"2024-08-05",1.20681036723759,1.23492014497128,1.23756720565715,1.09592889384213,1.03907544557469
"2024-08-06",0.203782683078883,0.215843612510497,0.226227782364774,0.176564716296496,0.153575357617358
"2024-08-07",0.124534373563826,0.125963402083393,0.113179949459178,0.102137828021603,0.0894871497960987
"2024-08-08",0.0330203245157907,0.0322036102963095,0.0245291053368677,0.0235844512405339,0.0197098506341438
"2024-08-09",0.00374704210498922,0.00253832709217927,0.00149442399390831,0.00200510308005364,0.00162743779342467
"2024-08-12",0.000355243441648057,0.000662067230124519,0.000885335242696961,0.000693576804766005,0.00133379543340584
"2024-08-13",0.00797368779429908,0.00748959382907666,0.00597368350721239,0.0055009585289616,0.0078501492963976
"2024-08-14",0.0152890533255992,0.0125981771943517,0.0140552298907923,0.0130131876423727,0.0254801808276113
"2024-08-15",0.0228351712039647,0.0200587364211893,0.038954836135279,0.0405608120056644,0.0593873358822321
"2024-08-16",0.121530613913937,0.103993789332052,0.0937696706160884,0.106750035760858,0.136478057415378
"2024-08-19",0.260172222959889,0.237388147678214,0.233054509463268,0.236739614146416,0.266012857823082
"2024-08-20",0.175370937925965,0.159674843638564,0.161483453963236,0.167501187773202,0.184655035975426
"2024-08-21",0.156050102469017,0.141566204778592,0.146014690995019,0.148887165660401,0.140031518852345
"2024-08-22",0.0710114845383232,0.0634439118907544,0.066066619808506,0.0653788750048474,0.0569294339666246
"2024-08-23",0.0571346039057921,0.0642524513013902,0.0692867331150404,0.0673089009896053,0.0606568060016914
"2024-08-26",0.0999532246576784,0.120653987220915,0.122662318972001,0.118995731415007,0.1262605434446
"2024-08-27",0.0934370971500345,0.120930895809026,0.133049571811456,0.13084990895294,0.130579994514049
"2024-08-28",0.0366230750085226,0.0584046990299958,0.0668952994867833,0.0624050592428702,0.0641113341157717
"2024-08-29",1.98423376651657e-05,0.0038101420276031,0.00605031230119368,0.00418792447305694,0.0036848444492199
"2024-08-30",0.0157457001379195,0.0335219809317402,0.0408638438257263,0.0374569831173195,0.0339685882441201
"2024-09-03",0.00422065463104038,0.0157593519774633,0.0218570346181535,0.0177899308003491,0.0137156213418945
"2024-09-04",2.02571464451573e-05,0.00453556646515718,0.0074831712790413,0.00441548386329926,0.00299231653389498
"2024-09-05",0.00658373905274034,0.0186587062857944,0.0250602638356447,0.0201979397786844,0.0178123255622633
"2024-09-06",4.30561762154724e-06,0.00334343283512006,0.00719887339963821,0.0042023066324417,0.0031710222000807
"2024-09-09",0.00999671987438111,0.00184466278451256,0.000394870662626223,0.00064438111849463,0.000938014897281514
"2024-09-10",0.000186332923361565,0.00394509490002815,0.00817201302565107,0.00957632354530213,0.00967943351521949
"2024-09-11",0.00122102679152625,4.28105067002971e-05,0.000484814107339693,0.00186310320258265,0.00256051747456554
"2024-09-12",0.0131777747464388,0.0252208438339481,0.0320219307579372,0.0400752199412842,0.0441986206325371
"2024-09-13",0.0320016893112585,0.0494419659726244,0.0584481712209592,0.0660263428256957,0.0731812355348442
"2024-09-16",0.00178775925630337,0.0080355189879604,0.0100258285475201,0.0148545538161695,0.0215596959998672
"2024-09-17",0.0115087071839923,0.0220538184601027,0.032706980732037,0.0413251168278228,0.0493945966364988
"2024-09-18",0.0655670447322052,0.0431137741799992,0.0322598770143427,0.0288785187975207,0.0210831036973789
"2024-09-19",0.00800915842157668,0.0141522032218591,0.0172674877588013,0.0214573068314083,0.0264255400378943
"2024-09-20",0.0225291806375314,0.0153764469136093,0.0104280529763132,0.0072963369075727,0.00555695313493887
"2024-09-23",0.00261694580086869,0.0077670515358057,0.0105777988088673,0.0131982060815932,0.013440337927823
"2024-09-24",0.037988101941858,0.0543179713623221,0.060366350840181,0.0653006525044288,0.0688549591727938
"2024-09-25",0.0392884446572868,0.0544055179051324,0.065261935384102,0.0698936663962035,0.0727278396558211
"2024-09-26",0.0263856622657015,0.0392145553904464,0.0483456880248718,0.0515461506686932,0.0529797972521124
"2024-09-27",0.0358775512826308,0.052153256073193,0.0639580459041718,0.0645219129380084,0.0640617801310328
"2024-09-30",0.000262252848308497,0.00243952711809148,0.00514936466729821,0.00539370569064523,0.00565170124628245
"2024-10-01",0.00143598879226814,1.59619422659407e-05,0.000331660605665141,0.000389787196976688,0.000677772809480892
"2024-10-02",0.0383838357864767,0.0519188054198727,0.0591025814653316,0.0584822700911609,0.058876048637815
"2024-10-03",0.0226703686953984,0.0368440677863509,0.0450427689296695,0.0449467341477394,0.0484776578357469
"2024-10-04",0.0377936024522996,0.0601761574971471,0.0665734531387578,0.0634354735356486,0.0688279495936939
"2024-10-07",0.0287733268903285,0.0485108124763061,0.0557938724501632,0.0538051914866038,0.0600443532555646
"2024-10-08",0.0422845176900644,0.06465939327436,0.0746462837312265,0.0734474920980841,0.0730945854780525
"2024-10-09",0.0693371974210657,0.100106480382473,0.121639913611577,0.121201175514101,0.117629777882014
"2024-10-10",0.0543858266265962,0.0819837541920032,0.0985451669277788,0.0990574981752816,0.0921607978311285
"2024-10-14",0.050246804952903,0.0732517830850481,0.0818572973906873,0.081947810831208,0.0766138804908181
"2024-10-15",2.53314447438147e-05,0.00214768272687604,0.00314177919128911,0.00302841730515935,0.00173278092558449
"2024-10-16",0.0381754143647366,0.0592190639165096,0.0704241411058797,0.0720790795406014,0.0655177579108077
"2024-10-17",0.0165363924070854,0.0300870185120272,0.0345756821514076,0.0342072435023753,0.0317561550204095
"2024-10-18",0.0143379968921191,0.0262915639420211,0.0290025171593644,0.0280169316447347,0.0270661876505296
"2024-10-21",0.0550907091433026,0.0719971514932927,0.0758902210587864,0.0754796569487997,0.0768546261479814
"2024-10-22",0.0600680285868966,0.0754287326800447,0.0869804284827609,0.0876437595858148,0.0885565737540075
"2024-10-23",0.0343631636256352,0.0200779394509454,0.0164795502716888,0.0156605372972813,0.0135855893792065
"2024-10-24",0.0128698557009415,0.0222955918493268,0.0246469068130697,0.0299446430171859,0.0291468633441845
"2024-10-25",0.00557883481575594,0.0115953744911133,0.0095301355546713,0.0112704654139923,0.0102151527882492
"2024-10-28",0.00899039772444987,0.0174119011928049,0.0189879138907831,0.0219093761401181,0.0207544981564134
"2024-10-29",0.0170391024705836,0.0303186921747662,0.0332548224270965,0.0383419503073001,0.0373881139204466
"2024-10-30",0.00829487816831032,0.0179432050376749,0.018544410681979,0.0243358324617728,0.0224851304566134
"2024-10-31",0.00266276475770089,3.51356999446217e-05,2.77604631024886e-05,9.36546745051725e-05,5.42675302572793e-05
"2024-11-01",0.0655448427890575,0.0395564877226813,0.0456605960009788,0.0416276354036098,0.0430212933143488
"2024-11-04",0.00557517963822463,0.0009295975716479,0.00140800398269159,0.000497496266172792,0.000677575321930801
"2024-11-05",0.00878232939398993,0.0157814172435393,0.0148097536038512,0.0187739945263306,0.0204083618342918
"2024-11-06",0.0109697643699262,0.00380872618611594,0.00316340705522422,0.00265648955437747,0.00233808573336391
"2024-11-07",0.00283722920530227,0.00860614231219525,0.00675671949132672,0.00781966557457991,0.00815373057070468
"2024-11-08",0.0362170572396496,0.0517200815327854,0.051809229703832,0.0495887518069245,0.0528836947339386
"2024-11-11",0.00998884897771224,0.0201804866983439,0.0233564408389781,0.0232385223369334,0.022264260801574
"2024-11-12",0.00984364482869915,0.0213605925046649,0.0246309941024661,0.0193998873507275,0.015575125935904
"2024-11-13",0.00379345766101546,0.0084940428728717,0.0136240980045474,0.0112155629401438,0.00618544375008057
"2024-11-14",0.00087799692980961,0.00251219282181503,0.00832882253095257,0.00314987537764244,0.00147808154866502
"2024-11-15",0.00282491931866158,0.00320612511884955,0.00195614454685722,0.000273819122527108,0.00254141604570601
"2024-11-18",0.00842734321840322,0.00759314597586802,0.00891168325602321,0.00100969313122756,0.000132519657906061
"2024-11-19",0.00596376288163736,0.00429866461299233,0.00596214968187292,0.000140705857832657,4.62702607340049e-08
"2024-11-20",0.00800962711484954,0.00494503023232529,0.00571789522614141,5.21761169625101e-06,0.000123665682113083
"2024-11-21",0.00483325182531535,0.00693226495053834,0.00744586318855567,0.0301250624903617,0.0290532600862219
"2024-11-22",0.00790785693230034,0.00892677180995682,0.0096088244457504,0.000729225498142361,0.0014344524881964
"2024-11-26",0.00119753263697042,0.00149732862559659,0.00438350234298857,7.29616414618661e-06,1.22080999465091e-06
"2024-11-27",0.0111574254860747,0.0131133484049968,0.0137911398038941,0.00226080036679743,0.00334624859264876
"2024-11-29",0.0774403438434341,0.081114951448946,0.0831873014822966,0.0544473827200378,0.0738398679658496
"2024-12-02",0.013571429897951,0.0041872130430396,0.00182555615904345,0.000547700499899495,5.38554056235263e-05
"2024-12-03",0.0536181492771008,0.0367809782179596,0.0397021983194357,0.023166944532651,0.03022926288976
"2024-12-04",0.0360855686146095,0.0213822031946209,0.0202595578967453,0.0091454255483645,0.0144751267653569
"2024-12-05",0.0398368447929602,0.0262580242578916,0.0251655663627672,0.0123144770129935,0.016833670075008
"2024-12-06",0.0593077602835934,0.0288634769006575,0.0220504904279488,0.0123255268637374,0.00888476849624786
"2024-12-09",0.00144245134183207,0.00020751288118559,0.000237038275912926,0.000835112294307772,0.002335051863396
"2024-12-10",0.0195684867786461,0.0155478812023051,0.0172693754136752,0.00637666172159146,0.0033537150664622
"2024-12-11",0.0155892838101364,0.0108747537233176,0.00977230970768761,0.00207409666974168,0.000878303224671084
"2024-12-12",0.030742338581091,0.0243896624439537,0.0241423810075423,0.0160062181472282,0.011524496055177
"2024-12-13",0.0252334898979463,0.0313400153193917,0.0338372628764994,0.025751165842802,0.020377035369362
"2024-12-16",0.0205672113920354,0.0255432847012824,0.0277097582361494,0.0267739044352402,0.0200733359917842
"2024-12-17",0.0079818963752869,0.00892508708374251,0.0124066286622651,0.0166471012972038,0.0115119640482133
"2024-12-18",0.0456571896534903,0.0445982175104898,0.0370063136928889,0.0293530580535741,0.0404793395463765
"2024-12-19",0.0366279478486344,0.0379310186466901,0.0332641443079267,0.0250287718974562,0.038605554582164
"2024-12-20",0.0328577483265606,0.0389686839885663,0.0300916282601837,0.0211033346188376,0.0341519237428933
"2024-12-23",4.49588889857022e-05,0.000313537581922319,2.33312293840271e-05,0.000468811374567446,0.000179793132736528
"2024-12-24",0.0500835355638936,0.0400034571577594,0.0509455499790976,0.0569596957955505,0.0431796335292491
"2024-12-26",0.0180389869647899,0.0133452528575602,0.0216870784747796,0.0219747385923166,0.0103382835704886
"2024-12-27",0.000660819801645784,0.00180235466085144,0.000132246962957439,0.000455217192558033,0.00403552764915283
"2024-12-30",0.00873095595389239,0.00989410744800567,0.00406269718199614,0.00756509370857961,0.0179005614095828
"2024-12-31",0.00187767060443678,0.0016011543414669,4.54598938597339e-05,0.00153825507062044,0.00694491294982158
"2025-01-02",0.094632331339332,0.0932770186291245,0.0690471001792425,0.103561565541726,0.119538856936688
"2025-01-03",0.00622328262078908,0.00784303102593764,0.00307244223097891,0.0226825834341962,0.0215861793170002
"2025-01-06",0.00125412245792855,0.00370035775435573,0.000981164542770419,0.0199090341539914,0.0201857732740855
"2025-01-07",0.00542341975623528,0.0112676133579084,0.00584940406193524,0.0383457373096483,0.0331905275720232
"2025-01-08",0.00832121186394863,0.0145532582255659,0.0071922325138436,0.0480570442278616,0.0398351636596526
"2025-01-10",0.133642059610577,0.151610030594538,0.140837258616387,0.292660993540644,0.257671269209141
"2025-01-13",0.058250937854802,0.0548244408151359,0.0508381570777789,0.135531218019942,0.119513567819491
"2025-01-14",0.00486769871495785,0.00214490169561121,0.00127805009840265,0.0238131295810549,0.0185763268604948
