"","fBm","bfBm","mfBm3","mfBm4","mfBm5"
"2007-01-08",0.00207099265531808,0.00244061534416516,0.00258443273815284,0.00254286134837078,0.00251192797124645
"2007-01-09",0.0886440072388456,0.0874955156894584,0.0867341837544436,0.0866626014507575,0.0869593372599151
"2007-01-10",0.00621304104139793,0.00635683051456486,0.00649131905040562,0.0068320616759586,0.00686727245017738
"2007-01-11",6.37893653244957e-05,3.08783103852457e-05,1.88506862506404e-05,1.05028978256403e-05,1.19904946641333e-05
"2007-01-12",0.00037875821830607,0.000267642835602948,0.000231932491308219,0.00020401430979071,0.000200088007948796
"2007-01-16",0.00213596158630813,0.00176022758498041,0.00175269371681132,0.00163165356175807,0.0016050541874573
"2007-01-17",0.0126991314907138,0.0123962528504952,0.0124533970102935,0.0122416554961014,0.0121794271494676
"2007-01-18",1.51455879774069e-05,2.50390282632414e-05,1.19677937444154e-05,2.04472637132979e-05,2.10376645467171e-05
"2007-01-19",0.00156958183468826,0.00168677762589597,0.00173810156236607,0.00166932260772095,0.00165792993368358
"2007-01-22",0.00204418577766325,0.001961780556831,0.00191340240089567,0.00194645520057326,0.0019583981387856
"2007-01-23",0.00223615682852026,0.00225292965046841,0.00220352007960279,0.00221686192459014,0.00221503391142147
"2007-01-24",0.00184917291227363,0.0017082164910363,0.00172577230577934,0.00171155095965881,0.00172414935831415
"2007-01-25",0.000883329896980571,0.000822190875311319,0.000833980909127394,0.000727146863043824,0.000706777301880026
"2007-01-26",4.20697970775783e-05,5.74181714988916e-05,5.80355280245947e-05,4.46130811673887e-05,4.40216056691151e-05
"2007-01-29",0.00573484648418479,0.00567812117312985,0.00559463342875139,0.00507035797919765,0.00511991776113129
"2007-01-30",0.0219216122155774,0.0220117444123386,0.0217784133489024,0.0210322551970985,0.0210516635147319
"2007-01-31",0.0014069577255802,0.00138348401685895,0.00146664062644848,0.00146463948552421,0.0014692916414004
"2007-02-01",0.00851133090104211,0.00827077302389954,0.00824772028025826,0.00829506627073251,0.00822542173616515
"2007-02-02",0.00771110852579299,0.00697355054227742,0.00680413829761371,0.00687707092763421,0.0068693924990554
"2007-02-05",0.00637268168688829,0.00599256672627941,0.00596024508331029,0.00621131016586292,0.00617638632684483
"2007-02-06",0.000132874725912092,0.000126342266964814,0.000108632025714682,7.60953185899936e-05,7.54626678046962e-05
"2007-02-07",2.71928658614663e-06,1.10409057994211e-06,5.77251193137638e-06,8.64390978389015e-06,1.04055736626456e-05
"2007-02-08",2.72358082520626e-05,5.26127114644448e-05,6.77860357186512e-05,5.63597573098671e-05,6.36957176066976e-05
"2007-02-09",2.09349905287574e-06,4.31809446800164e-06,9.72350713371046e-06,7.5959859398479e-06,9.86391485781522e-06
"2007-02-12",5.09840728570647e-05,7.42272739321408e-05,8.5502390636733e-05,8.8214928087747e-05,8.99656279536448e-05
"2007-02-13",0.0020367583950235,0.00211640204689898,0.00211275475803966,0.0019702717259636,0.00196479898224952
"2007-02-14",0.00879244757275257,0.00915968665339779,0.00927038299407001,0.0090568053013655,0.00907378784197545
"2007-02-15",0.00982059218958559,0.0100256208458931,0.0101060747022285,0.010099166771574,0.0100965303256105
"2007-02-16",0.0227845644994413,0.0226413335991197,0.0230433489306297,0.022785990341107,0.0227495855521398
"2007-02-20",0.00298296773659213,0.00325684159657404,0.00346921572170377,0.00327764091957707,0.00327272850059942
"2007-02-21",3.90607865673554e-07,5.95931090711008e-06,2.31805333377226e-05,1.44219738354901e-05,1.33646510353453e-05
"2007-02-22",0.00141800846640584,0.00141142887879285,0.00123800031117118,0.0012972293800203,0.00130965866090204
"2007-02-23",0.000111320311012253,6.6444286076836e-05,4.42125172501764e-05,5.09253321842931e-05,4.87722933869827e-05
"2007-02-26",0.0112943678283637,0.011084116430884,0.0113079271648525,0.0112783732303523,0.011271864248674
"2007-02-27",0.0203111063250909,0.0200591321682098,0.0199919993857206,0.0200349622895869,0.0199592565972953
"2007-02-28",0.00494119433921651,0.00467050913354893,0.00470613239290071,0.00459699654616891,0.00457175087129984
"2007-03-01",0.0150270144178832,0.0146501021767454,0.0147310446676386,0.0148114135148097,0.0147565749305569
"2007-03-02",0.00395803755259841,0.00369874907364685,0.00391723737153355,0.00381536294028629,0.003825432264863
"2007-03-05",0.00340731032489473,0.00312310563648064,0.00303906896478182,0.00315739447132716,0.0031505456453346
"2007-03-06",0.00432879611381399,0.00389035908237386,0.00374972516364869,0.00337269267587671,0.00340883281727071
"2007-03-07",0.00297992698656296,0.00245159554825678,0.00242323578555508,0.00214811084015473,0.00218554120719201
"2007-03-08",0.0189320263972495,0.0171702728646532,0.0161135669578166,0.0150634380513002,0.015181545415282
"2007-03-09",0.0120657814723673,0.0112298577233834,0.0105292831046231,0.00991277746529327,0.0099424107425783
"2007-03-12",0.00984228792649828,0.00914594176611648,0.00842130319175672,0.00810710716734106,0.00812640654193878
"2007-03-13",0.00258070962246472,0.00249155119622242,0.00227163395849154,0.00218108666488361,0.00217243501899027
"2007-03-14",0.00057343483675021,0.000526846767739268,0.000482624460225336,0.000422919316038935,0.000398907914849113
"2007-03-15",0.00157902761089214,0.00159192131810694,0.00161961001587769,0.00153504414812733,0.0014920109755035
"2007-03-16",0.00691745111298126,0.0069501849245608,0.006457955096591,0.00632016174581082,0.00617456627193776
"2007-03-19",0.00152191474999521,0.00174808476403749,0.00148796251144236,0.00146427347480668,0.00147123202205926
"2007-03-20",0.00494106955979607,0.00479932649033798,0.00436955515755265,0.00416876852660941,0.00412853990269781
"2007-03-21",0.00344537460599466,0.00327241326271374,0.00291447160304621,0.00271463756675739,0.00272817352526605
"2007-03-22",0.00125766909874121,0.00136249212550354,0.00116737989972735,0.00108020472886591,0.00107844521513268
"2007-03-23",0.00188988768306703,0.00196466927878301,0.00173785868661574,0.00165165883303984,0.00163712398430681
"2007-03-26",0.0003269070296446,0.000364334249812905,0.000337186921308934,0.000305809025846821,0.000298386763743054
"2007-03-27",0.00022352226910007,0.000185136567952133,0.000171118951609386,0.000171351561909709,0.000179959855648937
"2007-03-28",0.000151400013272673,0.000143739270801998,0.000157632212920788,0.000175869852783167,0.000180151405477338
"2007-03-29",2.22898320114681e-05,1.89390583762402e-05,1.60374980046316e-05,1.77680611618615e-05,1.99413174044429e-05
"2007-03-30",0.00164687917626899,0.00166009237740061,0.00175723443258164,0.00178826933898402,0.00180767277771202
"2007-04-02",0.000348734997126598,0.000308639948258679,0.000307061859437995,0.000281779205601329,0.000269796888509814
"2007-04-03",0.00196225735640416,0.00204825915287115,0.00202904940945281,0.00196077623892289,0.00193424965348263
"2007-04-04",0.00255431496086126,0.00256058207765092,0.0024900179049374,0.00243373927794683,0.00240896122915606
"2007-04-05",0.00575988345911929,0.00573962961472749,0.0055538865456578,0.00539558195460328,0.0053534653285377
"2007-04-09",0.00378049909456725,0.00376396183830897,0.00379408577305381,0.0036681429476156,0.00365758518680456
"2007-04-10",0.00581659710263609,0.00573905471692192,0.00579672554301888,0.00572202752356306,0.00569388120882997
"2007-04-11",0.000191109392827695,0.000194377862447206,0.000214722483441686,0.000210046258169675,0.000199372124505376
"2007-04-12",2.12451036084446e-06,9.80087504530082e-07,2.90694522112952e-06,3.71045371876148e-06,2.0328995806589e-06
"2007-04-13",8.45528264536628e-05,6.62316830965855e-05,7.75522135656647e-05,6.50035312312983e-05,7.05079024720116e-05
"2007-04-16",0.000524905782592867,0.000636053386103249,0.000639469603523229,0.000643051162797542,0.000626527493643729
"2007-04-17",0.000805869480738922,0.000715232772779784,0.000709353787515565,0.000716109636905257,0.000722484576135327
"2007-04-18",0.000435522300232149,0.000451082022830081,0.000446172565386616,0.000441452880081597,0.000431739858152973
"2007-04-19",8.78315028342684e-05,8.21008498464359e-05,6.15410927546268e-05,5.19822205884085e-05,4.4565926114741e-05
"2007-04-20",0.00287998986294811,0.00287194253479613,0.00271639197616337,0.0027245181861888,0.00270159771025777
"2007-04-23",0.000305087849944574,0.000317985458676342,0.000300500999205108,0.000297176478221618,0.000288107702733767
"2007-04-24",0.0291933912908247,0.0289747662453243,0.0287078029235614,0.0289128894363648,0.0289273348093059
"2007-04-25",0.000252148729257034,0.000248159475938694,0.000280420520799647,0.000276815539515266,0.000280816835791781
"2007-04-26",0.0358068235703634,0.0364202150758923,0.0368743724913078,0.0369653235173723,0.0369707850522827
"2007-04-27",0.00147963589518081,0.00159472481362813,0.00158108023978603,0.00163604112377597,0.00164287175209598
"2007-04-30",0.000232488960309253,0.000230653423418327,0.000209418503166866,0.000187846558427857,0.000183974387142101
"2007-05-01",0.000369400440244169,0.000370096055889949,0.000311198429739538,0.000308599503974513,0.000308663817110804
"2007-05-02",0.0038600044679586,0.00385785323168506,0.00367149885847105,0.00365715031152886,0.0037064013078882
"2007-05-03",0.00268179264688119,0.00269139970130297,0.00263673147016967,0.00265091498578116,0.00264113620731223
"2007-05-04",0.00904761791279683,0.00902550123695601,0.00894275585753158,0.00892885605803984,0.00893929995812076
"2007-05-07",0.000109083551795234,0.000111477644829663,0.000107466913783433,0.000107379911763522,0.000107886586574152
"2007-05-08",0.000584740405356566,0.000581273800239556,0.00060057032478612,0.000600272348586089,0.000596110062051589
"2007-05-09",7.84740399938813e-06,9.15317443194281e-06,1.0823499490445e-05,1.21771074102172e-05,1.23245273534127e-05
"2007-05-10",0.0121882939881618,0.0122170964146359,0.0121841839259052,0.012200981959089,0.0122435376774962
"2007-05-11",0.000218403284317029,0.000221179542741529,0.000210001607565997,0.000212324460681172,0.000222865391151874
"2007-05-14",6.23858202444124e-06,6.23926611094608e-06,9.84098384906303e-06,9.77313214320014e-06,7.78584225523387e-06
"2007-05-15",0.00151850620103855,0.00151667931769119,0.00149775223422758,0.00149773436032038,0.00153155289915162
"2007-05-16",0.0319277216055268,0.0318930127551132,0.0318114384502909,0.0318376170250135,0.0318683561346379
"2007-05-17",6.30553288381734e-05,6.29370349570533e-05,2.70235355206377e-05,2.68385432332771e-05,2.19692136684724e-05
"2007-05-18",0.00395358696974894,0.00395122478411562,0.00365945450345173,0.00365043473908985,0.00356359120617731
"2007-05-21",7.78820769025846e-05,7.63144434913674e-05,6.57358108701965e-05,6.81217100928251e-05,6.09710342138802e-05
"2007-05-22",0.00162891918824243,0.00162529832262949,0.00150544744446689,0.00151032294023041,0.00149601200974312
"2007-05-23",0.00176704460935938,0.00178476909501312,0.00162677124940461,0.00168537067931102,0.00167927595060916
"2007-05-24",0.00229687827359391,0.00227856151034289,0.00241691554183534,0.00238405882570632,0.00237737000525965
"2007-05-25",0.000256090830241763,0.000259585349716734,0.000242859760698158,0.000253802917240835,0.000254969306795806
"2007-05-29",0.000131947979155175,0.000137831703458643,0.000122867576636837,0.000129993601652367,0.000129185788093338
"2007-05-30",0.00467034963663043,0.00464726901559457,0.00458743887195693,0.00454881229817667,0.00456582665215396
"2007-05-31",0.000623197393473151,0.000632956029476598,0.00060826257492773,0.000605422195682533,0.000605917031279513
"2007-06-01",3.87371871355736e-05,4.12503517890309e-05,3.80285990452128e-05,3.93720658984194e-05,3.46475652151866e-05
"2007-06-04",0.000784105218414811,0.000800303710175662,0.000735017755301274,0.000726662448094453,0.000723773256460606
"2007-06-05",0.00112784423925154,0.00109673033028866,0.00095579392479048,0.000963097706628944,0.000941363028553465
"2007-06-06",0.000485344878533442,0.000480168610173802,0.000546373864629955,0.000553634709642404,0.000571448834404378
"2007-06-07",0.00567645745426384,0.00555570822218029,0.00558757195932818,0.00550015965229031,0.00554321149908357
"2007-06-08",0.00391311876003014,0.00383984984643656,0.00387692814906176,0.00381229291514849,0.0038233762632144
"2007-06-11",0.0231717267686038,0.0230553169080737,0.0229182205442688,0.0227015745056046,0.0227267255167384
"2007-06-12",0.00814194165349067,0.00813820961888812,0.00806380447283979,0.00796955063746435,0.00796209127804089
"2007-06-13",0.00829465575441026,0.00832481116663049,0.00827557845215498,0.00828241558907433,0.00828154501782082
"2007-06-14",9.86089844735214e-05,9.95988792528933e-05,0.000105175804473374,0.000100652681916567,0.000102721946674278
"2007-06-15",0.0207355654873863,0.0207066616160763,0.0209298565424807,0.0208350467565166,0.0208597308397263
"2007-06-18",0.00552595766822657,0.00556811692224026,0.0057249747084525,0.00568997057393834,0.00567322783989726
"2007-06-19",0.00444046280791811,0.00449959044896301,0.0047834355990913,0.00467216540019801,0.00468658831708423
"2007-06-20",0.00318992981908927,0.0032325009452818,0.00341073545549735,0.00339387840254852,0.00342294792895209
"2007-06-21",0.000321503829413488,0.000349099883048539,0.000418808230225513,0.00039597411963953,0.000393110951826213
"2007-06-22",0.00162162024193249,0.00160417849762618,0.00149799063514472,0.00154421017684492,0.00152997970851938
"2007-06-25",0.00198510008174937,0.00197461009223168,0.00188524132709,0.00189642463755538,0.00188484567167493
"2007-06-26",0.00947395590012937,0.00941728816443527,0.00925528665253229,0.00923135000100638,0.00925129829705295
"2007-06-27",0.00135081049756049,0.00135547273913968,0.00131212283804126,0.00130039512339706,0.00130827844285397
"2007-06-28",2.12384192624221e-05,1.68839931060665e-05,1.60012898956057e-05,1.0160587585531e-05,9.71529687724567e-06
"2007-06-29",0.00020796284672279,0.000214686164539894,0.000253045055029157,0.000275328480972071,0.000277471638608808
"2007-07-02",0.000247273755566553,0.000264632842413985,0.00025964441667242,0.00028024426723185,0.00028297517938656
"2007-07-03",0.0025874164207709,0.00259860431555114,0.00266683837854697,0.00272989296138377,0.00270097432564541
"2007-07-05",9.94446380097699e-06,1.08445926527892e-05,9.4792206590068e-06,7.86755696783247e-06,7.51269842811854e-06
"2007-07-06",0.00272887534463283,0.00267992509731429,0.00265466890514914,0.00265172230022127,0.00264519308104024
"2007-07-09",0.000843622870292833,0.000813320835049896,0.000814689499060722,0.000808945948736917,0.000792801536508354
"2007-07-10",0.000162233823482676,0.00015300086818151,0.00015515448704908,0.00015448901473211,0.000163650342191616
"2007-07-11",0.00710601165259552,0.00713103521804804,0.00741895639909736,0.00700995324640214,0.00693504549728798
"2007-07-12",0.00923867048788833,0.009285057833345,0.00983418735683654,0.0095487550779437,0.00948006182265118
"2007-07-13",0.00650814476165181,0.00658198276573735,0.00695076918165051,0.00692165353840672,0.00686270147631672
"2007-07-16",0.0012938924356612,0.00134631754071303,0.00141582308890225,0.00141786917931049,0.00142406275648109
"2007-07-17",0.00643104675276422,0.00646717926581605,0.00672964694967271,0.00666510343140851,0.00668950740831605
"2007-07-18",0.00207128001643783,0.00206489055044513,0.00212136490668964,0.00208915301300894,0.00207570854544021
"2007-07-19",0.00728398525104848,0.00733300540078421,0.0075099611015944,0.00744461706591614,0.00738210130848107
"2007-07-20",0.000189380749627305,0.000195057342163311,0.000209971953122406,0.000194165515726895,0.000183190895498989
"2007-07-23",3.33622002566074e-07,8.4059627532595e-07,4.22627641495238e-07,4.81225808231441e-07,2.6713130886158e-07
"2007-07-24",0.0166381731907539,0.0166330978714277,0.0163306981347483,0.0164884924235904,0.0164823805800989
"2007-07-25",0.0150039934754602,0.0152328293792513,0.0152899192863913,0.0154203240251268,0.0154018232583822
"2007-07-26",0.126877528293855,0.1276965443079,0.128078413234184,0.12794092757556,0.128046065990352
"2007-07-27",0.0322226628613589,0.032687002907625,0.0332119629935945,0.0333331579268844,0.0334222285416353
"2007-07-30",0.043010499669371,0.0428695937358318,0.0431310565505363,0.0434008736255882,0.0434869296024502
"2007-07-31",0.0614342592739441,0.0614095769256325,0.0619917885520889,0.0627852150423419,0.0628385298490985
"2007-08-01",0.102751109730106,0.102935675808529,0.105347775422862,0.10639252297484,0.106271816642085
"2007-08-02",8.46806785786524e-05,0.000105744147500685,0.00022230955171454,0.000286091409277552,0.00027560363173396
"2007-08-03",0.00293558143665301,0.00278361443216834,0.00231371869817169,0.0021316810930088,0.00217262603955671
"2007-08-06",0.0159743042578505,0.016227713229595,0.0171643599996857,0.0175457362116763,0.0175327109473814
"2007-08-07",0.00107706931221165,0.00109942356849873,0.00126840651463073,0.00137200431677839,0.00137077899253189
"2007-08-08",0.00320582087179754,0.00302266106192163,0.00249184562561914,0.00230430269191826,0.00233233547171027
"2007-08-09",0.0106116772784798,0.0107095515757369,0.0112930305771342,0.0115588479011643,0.0115574907007266
"2007-08-10",0.124812891610804,0.126141469451511,0.126176050524767,0.127730191023425,0.127572067196053
"2007-08-13",0.000448250617027111,0.000389843330312577,0.000287244196707993,0.000223178016142533,0.000226357817892379
"2007-08-14",0.000347903359356426,0.000284630776446963,0.000179978951129733,0.000122096438680961,0.000119879067032568
"2007-08-15",0.00432619252344864,0.00455462285920234,0.0049838551523133,0.00534430785895826,0.00532739428420056
"2007-08-16",0.14546867651649,0.147493366641133,0.151273519854321,0.153082646804495,0.15292832628962
"2007-08-17",0.0025551181142175,0.00213239764471636,0.00163732889241266,0.00134175581808442,0.00137140122132248
"2007-08-20",0.0048836856184281,0.00470124845715648,0.0041653882232469,0.0039010214118105,0.00393504899468432
"2007-08-21",0.000585052258612146,0.000693337193518059,0.000975716658863351,0.001176733061866,0.00117140944329719
"2007-08-22",0.0201408111114931,0.019355735999182,0.0180423929507991,0.0173603835411148,0.017396844449463
"2007-08-23",0.0482376315170824,0.0465863233687447,0.0436158135610695,0.0416090275186919,0.0417462276258323
"2007-08-24",0.0341170748003541,0.0331266323374032,0.0313379161661134,0.0300002124091127,0.0301984618675027
"2007-08-27",0.0334220319070783,0.0330415065091107,0.0320606711537984,0.030701654431932,0.0307562586722189
"2007-08-28",0.00266559242251876,0.00264194823242979,0.00245441492093051,0.00220535782912507,0.00219636498046945
"2007-08-29",0.00766381076056696,0.00773556144298606,0.00788045386497211,0.00757422846890875,0.00761659624688974
"2007-08-30",0.000510690584742144,0.000433815058697148,0.000477070055176333,0.000585332475185677,0.00056374550393926
"2007-08-31",0.00413751799278201,0.00449048216609445,0.00473892349928724,0.00460916400862022,0.00465340702511642
"2007-09-04",0.00103508787412505,0.00107156786290674,0.000978623099949406,0.000962559238881472,0.000923693863468184
"2007-09-05",0.0595406555328327,0.0589971965928156,0.0583679935367193,0.0587486117389877,0.0588711327543164
"2007-09-06",0.0229138814455342,0.0228036903123341,0.0225676602535574,0.0227612593409019,0.0227475590016583
"2007-09-07",0.000855445283649223,0.000820626172437198,0.000983485589088686,0.000966288510733879,0.00099189642820553
"2007-09-10",7.86135422875046e-05,9.08883692604071e-05,4.31253108608685e-05,5.88381087484668e-05,5.83086975879252e-05
"2007-09-11",2.92358090970014e-08,4.4266584898775e-08,6.31062746567156e-07,8.51390099254942e-08,9.22833803045497e-08
"2007-09-12",0.0162084542634647,0.0163413961219485,0.0162252289839319,0.0163870080060943,0.0166453428759922
"2007-09-13",0.0270162838648266,0.0271326873478246,0.027390303537795,0.0274723799575072,0.0272169945004949
"2007-09-14",0.0197167233235354,0.0196802628747888,0.0195391927264046,0.0192345173411686,0.0192003736168329
"2007-09-17",0.0107277917854919,0.0106454526469485,0.0106596590129589,0.0105155164307089,0.0105368367556019
"2007-09-18",0.00118073459028033,0.00115678263447032,0.000837607767542839,0.000843673100001497,0.000822640065792058
"2007-09-19",0.0013792600945132,0.00140138880404386,0.00108930246160013,0.00106540677115293,0.00104165919393673
"2007-09-20",0.00468536650562033,0.0047472153242711,0.00456979617198198,0.00456906351777795,0.00449290092559884
"2007-09-21",0.00688477512654041,0.00698119353443855,0.00673715713265948,0.00650717376785095,0.00644829565495153
"2007-09-24",0.000102746750191675,9.95021011880774e-05,0.000107038611181632,0.000104800544876791,9.66678938386514e-05
"2007-09-25",0.00138572434705229,0.00134934070182427,0.00132812986669287,0.00117215314872544,0.00119766631136783
"2007-09-26",0.00100485772997825,0.000982221052983075,0.000953773854839282,0.000845400202942359,0.000843438291072413
"2007-09-27",0.00414897369078361,0.00417907136396352,0.0043455280729,0.0041245536543527,0.00414239326828436
"2007-09-28",0.00336395633369036,0.00336884549561558,0.00362503164627298,0.00350237622575879,0.00350896029291533
"2007-10-01",0.00197188785879261,0.00205293390528853,0.00203673570248818,0.00197093975409073,0.00195511994453227
"2007-10-02",0.00271928457035779,0.00275195765312814,0.00272206874708335,0.0026537940877214,0.00262281536081403
"2007-10-03",0.00256387236133889,0.00255284854197476,0.00257386877097492,0.00251836490788716,0.00252382761291879
"2007-10-04",0.000104446516807218,0.000120272214631225,0.000131307703641604,0.000134753481667109,0.000133968829615274
"2007-10-05",0.00112345567835684,0.0011461126069797,0.00109024527353538,0.00113574840912796,0.0011467440913424
"2007-10-08",0.00149681109967064,0.00155312169158273,0.00157519425934202,0.00156128965218554,0.00155940009638797
"2007-10-09",0.00363195911419508,0.00359608199293348,0.00339843189798509,0.00344762810947238,0.00343916622767019
"2007-10-10",0.00106872925210623,0.00106261089572841,0.00115335169710408,0.00116143445654504,0.00116307412343069
"2007-10-11",0.323531898982732,0.322213386158358,0.320361613587156,0.320811251013268,0.320594250874499
"2007-10-12",0.00782620861184436,0.00770412957222665,0.00774796769690805,0.00778285751254161,0.00764488189492456
"2007-10-15",0.0215704076402241,0.0212867650197398,0.0211939734398786,0.0211524321191875,0.0210838696750879
"2007-10-16",0.000574134455878926,0.00053025275648651,0.00049054108720193,0.000478393560867,0.000479497810333033
"2007-10-17",0.00069955807378553,0.000701604882553889,0.000683032111805555,0.000687202468952646,0.000643280891608553
"2007-10-18",0.0230793467793929,0.0230839315168232,0.0233335746646548,0.0233446146776542,0.0237178668885442
"2007-10-19",0.000846729943002005,0.000840817057583706,0.00080633816611973,0.000804132893960505,0.00081174118909315
"2007-10-22",0.0068391718153726,0.00684342469385281,0.00684027738814163,0.00678654825780389,0.00676354315925327
"2007-10-23",0.000679631926551033,0.000677222231729055,0.000680731107234838,0.000732554401091197,0.000713603945525123
"2007-10-24",0.0126244848559864,0.0127287359020651,0.0127855552986426,0.012993289874181,0.0129196446598349
"2007-10-25",0.00155465033725741,0.00159831575870319,0.00163495717125839,0.00167249757559753,0.00166922034059156
"2007-10-26",0.00408879158973019,0.00390187252218465,0.00386143636407174,0.00379304447491417,0.00371911845259373
"2007-10-29",0.0130189557556767,0.0127192420197339,0.0126797162702982,0.012439512083996,0.0123665918755738
"2007-10-30",0.00583749445385864,0.00571051501626614,0.0053401748354217,0.00522671079008575,0.00511910197762309
"2007-10-31",0.000886506401802398,0.000829212717162256,0.000715304833174122,0.000677599062054798,0.000724939002736343
"2007-11-01",0.00327668426931359,0.00321263798818659,0.00300375847000723,0.00291693757126524,0.00305204371183685
"2007-11-02",0.00465717006964635,0.0047346672837395,0.00490463479257987,0.00500845112647676,0.00494372516756672
"2007-11-05",0.00091115816058828,0.000891829098084248,0.000947318557631381,0.000980377089986766,0.000930833278116951
"2007-11-06",1.77838399644213e-05,1.64761435592897e-05,1.906728096325e-05,2.36940144870767e-05,2.87274714322689e-05
"2007-11-07",1.0909215219336e-05,1.46333550961938e-05,1.35042399555911e-05,2.46434503883793e-05,3.59881784031683e-05
"2007-11-08",0.324014518005059,0.324582831137637,0.324435610961873,0.326074357816475,0.326134544825258
"2007-11-09",0.0858827737296714,0.0862180879032144,0.0866343034487199,0.0877059192645069,0.0883075382887007
"2007-11-12",0.285464970548032,0.286307122232794,0.287122077723734,0.288939302883634,0.289388477283572
"2007-11-13",0.0337933061414028,0.0339203912511082,0.0340920416577636,0.0346704720229203,0.0350634963130559
"2007-11-14",0.0693559376572279,0.0693633491119656,0.0696095462171286,0.0708011441205469,0.070921566175957
"2007-11-15",0.054841107345086,0.0552470302485098,0.055533644851366,0.0567860704254246,0.0569978328039628
"2007-11-16",0.0215097550309909,0.0218135534599813,0.0219910576453272,0.0236995122417794,0.024090925710791
"2007-11-19",9.92923011708865e-05,9.1329453582017e-05,9.46555615753671e-05,0.000134125418577841,0.000132703564681649
"2007-11-20",0.0310373860433721,0.0308270077731125,0.0307570651717778,0.0310429861392676,0.0310707091172718
"2007-11-21",0.00109034895464751,0.00105741001485389,0.00102090881474016,0.0010790533999031,0.00109030745780379
"2007-11-23",0.0469485670538364,0.0471679529614357,0.0474426426963106,0.04711198992179,0.0468962582800252
"2007-11-26",0.013109352404317,0.0130348609119993,0.0132400361620413,0.013041169278064,0.0128990396272577
"2007-11-27",0.00184815164194536,0.00181590805209486,0.00182486716096253,0.00178170389687376,0.00178281144196859
"2007-11-28",0.0573549846701093,0.0571469620706062,0.0568167511528407,0.0564088844925106,0.0561207504079292
"2007-11-29",0.0393386389804156,0.0391785482254043,0.0389269859658473,0.038550260236431,0.0385845500410933
"2007-11-30",0.000508365859310083,0.000473540308040515,0.000472016302861091,0.000429433999348617,0.000421331339125559
"2007-12-03",0.00141891634914269,0.00141535987298866,0.0013916267593144,0.00133970673700731,0.00135024175265875
"2007-12-04",0.0100852280823583,0.0100082907968444,0.00982464118667762,0.00965490638932068,0.00967205236802654
"2007-12-05",0.0124853158312397,0.0124100614152167,0.0121470885512144,0.0119321237759931,0.0117832058350031
"2007-12-06",0.0122973008337639,0.0123197352073392,0.0122997807192449,0.0120299350856167,0.0119595722409092
"2007-12-07",0.0143728650301732,0.0143274180466027,0.0143800000293355,0.0141137536348487,0.0140915784451848
"2007-12-10",0.0242070343813124,0.0240811467923429,0.0244011962890281,0.0240999634463049,0.0239470925551427
"2007-12-11",0.00173884107551654,0.00170189781491656,0.0016235821113371,0.00164364130106253,0.00174612294868132
"2007-12-12",0.00293895014397574,0.00294420639868524,0.00292200236080654,0.00299670143191201,0.00301205577243029
"2007-12-13",0.0017088332320158,0.00169296827630739,0.00167636429834849,0.00174200343639915,0.0017986718054904
"2007-12-14",0.00205556344363096,0.00209437188777809,0.00200202950890246,0.00194198466958514,0.00187350996110125
"2007-12-17",0.0116328628853726,0.0116553331146593,0.0120764381421404,0.0120008232188719,0.0120526996527021
"2007-12-18",0.0111515545054683,0.0111343099461508,0.0113837347878731,0.0115489532503647,0.0113422288601513
"2007-12-19",0.00423963031064653,0.00416937632078034,0.00415510083207808,0.0039947233999897,0.00413396353179883
"2007-12-20",0.0174718994962504,0.017164946490123,0.0172578718135274,0.0169063796790623,0.0168841297885754
"2007-12-21",0.0208731449838316,0.0208306167722446,0.0209702701067725,0.0205865277521429,0.0205892170136838
"2007-12-24",0.0204827366672176,0.0205417229776916,0.0207387361015639,0.0205911645683218,0.020608482200996
"2007-12-26",0.0226318758949445,0.0226629048445084,0.0226371939148178,0.022487779199369,0.0223919155174088
"2007-12-27",0.00553489580976127,0.00554726066431182,0.00560113501753996,0.00550505208770424,0.00559813577751936
"2007-12-28",0.00282492593615417,0.00281729518968074,0.00281042840774836,0.00271483830937814,0.00268957993397313
"2007-12-31",0.00138264611624687,0.00137221699210395,0.00143655150937173,0.00138503582090733,0.00139711103247523
"2008-01-02",0.00815714756991524,0.00816066491354129,0.00816859384642299,0.00822835732298772,0.00820260980076921
"2008-01-03",0.000149353842972691,0.00013806617942309,0.000120796870137895,0.00012882165360986,0.000128866753512702
"2008-01-04",0.0214469303665921,0.0212393850065882,0.0210888103604935,0.0211340817545881,0.0211206141662684
"2008-01-07",0.198214701328083,0.197873760078226,0.196639151103769,0.196838119912525,0.196868339855402
"2008-01-08",0.0858757290992916,0.0857042870774921,0.0849691216799169,0.0851413539498382,0.0851961158339536
"2008-01-09",0.144243928067508,0.144440727696919,0.144787954114677,0.144974439444293,0.145434068118687
"2008-01-10",0.0584025425659486,0.0583499401950899,0.0590008854083044,0.0591348021225846,0.0592555561718567
"2008-01-11",0.0199236957515351,0.0198770951806735,0.0203734286039207,0.020606945478635,0.0206420468566341
"2008-01-14",0.0229782895826135,0.0228470607222629,0.0226199237487062,0.0223369756281523,0.0223286534924221
"2008-01-15",0.0723667292545763,0.0724888710537494,0.0751071256600948,0.075481936387606,0.0755598105521639
"2008-01-16",0.0737232604786906,0.0744173351785076,0.075422445086964,0.076293436986322,0.076034439972938
"2008-01-17",0.0376622279213076,0.0381144031060348,0.038198900556923,0.0394522949440596,0.0391108454911535
"2008-01-18",0.00216365924375389,0.00229618020809193,0.00225132847214134,0.00258888001721517,0.00258016907631021
"2008-01-22",0.194997136248027,0.195146141628049,0.19582987074764,0.197349938943856,0.19667920262687
"2008-01-23",0.171969224360122,0.171952205097051,0.172593066125114,0.173504357832251,0.170754669175469
"2008-01-24",0.00411399805604683,0.00419916895407653,0.00420377471926016,0.00454202549834303,0.00427491543450996
"2008-01-25",0.000292667043752321,0.000259430665601298,0.000205151974766353,0.000144320185743315,0.000148168289307355
"2008-01-28",0.00158436542635573,0.00176546041737217,0.00185109211362446,0.00217468545521478,0.00206198394824357
"2008-01-29",0.0384632660181445,0.0374727512628236,0.0357603241942513,0.0343461490408309,0.0349698375861203
"2008-01-30",0.0281777554362143,0.0270489381215167,0.0255105005609401,0.0240689975036655,0.0244583798826525
"2008-01-31",0.0255132779718357,0.0248831010549877,0.0235585036790707,0.0225153298337802,0.0227136456689193
"2008-02-01",0.0445884897651413,0.0440103969320809,0.0433451677841587,0.0423001858860206,0.0424817662983442
"2008-02-04",0.0528663276727482,0.0527050993994489,0.0522153547160899,0.0509351773656586,0.0505007312688568
"2008-02-05",0.0111613517410249,0.0112493390233474,0.0112864992244499,0.0106772224887964,0.0104237421387205
"2008-02-06",8.47231655405092e-05,8.56322003569307e-05,0.000107770005382224,0.000146978002459895,8.46806394209461e-05
"2008-02-07",0.0562652301588502,0.0565408690167652,0.0568507290683302,0.0577683303907202,0.0570390367650463
"2008-02-08",0.00184250401693031,0.00186468803697857,0.00213522074672615,0.00222712600444542,0.00223930216003491
"2008-02-11",0.00307992816669755,0.00310401385984054,0.00319374677211257,0.00317710514974738,0.00310859557801185
"2008-02-12",0.00234436890558886,0.00232101816567942,0.00237981226457052,0.00224827341818886,0.00212741633832399
"2008-02-13",0.0136866254505533,0.0137879399022143,0.0135888852667386,0.0135717111318217,0.0133757876872012
"2008-02-14",0.0399923907472742,0.0398067777413075,0.039714773902636,0.0387304011399324,0.0382368107189739
"2008-02-15",0.0465634109830351,0.0465550180510346,0.0461534269690267,0.0454689975719985,0.0446695888178724
"2008-02-19",0.0113244908989017,0.0111806654726597,0.0119843144433614,0.0118544840061193,0.0118668331463554
"2008-02-20",0.000689269104330541,0.000657051805348481,0.000813217124715571,0.000739926001601232,0.000755166357825813
"2008-02-21",0.00165557217198332,0.00165455230161307,0.00172714508757971,0.00173881215284651,0.00169858460127432
"2008-02-22",0.000730512468272272,0.000709884441895538,0.000623523583616744,0.000683112417334683,0.00077825242494483
"2008-02-25",0.00615347298554055,0.00617936175487077,0.00577054538052657,0.00600001170708363,0.0061718235711545
"2008-02-26",0.00276708409554743,0.00274879519998686,0.00250173575574219,0.00267230260442474,0.00265467358497314
"2008-02-27",0.000125209665488294,0.000131908278134328,0.000118427147877332,0.000162138845269257,0.000142393027986408
"2008-02-28",0.00183411886739845,0.00184781123486985,0.00196859244212633,0.00188781989515357,0.00191018351127218
"2008-02-29",0.000721090963965875,0.000706940777259237,0.000705744474854538,0.000726145194163442,0.000699640201820661
"2008-03-03",0.00208332021862162,0.00210203945910288,0.00213086104819647,0.00225252434021078,0.00230181648965065
"2008-03-04",0.0364417954103255,0.0364375827192205,0.035895006889302,0.0363316587201947,0.0363367951155324
"2008-03-05",0.000187299186690911,0.000196058041847289,0.000224903942385941,0.000190789155154828,0.000210445750758429
"2008-03-06",0.00224341978996321,0.00223305899663505,0.00240305736927201,0.00229811826727165,0.00221975080463961
"2008-03-07",0.00299432278961808,0.00297555944286034,0.00332767132435032,0.0033876187819898,0.00339045583328393
"2008-03-10",0.000233364071665827,0.000235350129825533,9.08975522213698e-05,0.000100324536716748,0.000125461080455534
"2008-03-11",0.00695894203090008,0.00700828475865702,0.0067042130814651,0.00646839999665225,0.0064945064454752
"2008-03-12",0.00386968182513323,0.00387185891236849,0.00379291005175849,0.00346575312740339,0.00346978688563506
"2008-03-13",0.000479638220970795,0.000483988701959909,0.000546707358244403,0.000624835887134367,0.000645961994920293
"2008-03-14",0.0173019643732482,0.0174626311225401,0.0180104438959203,0.0187840438827212,0.0187832857181118
"2008-03-17",0.00462244331227523,0.00459851631804431,0.0049252364438039,0.00540985626059263,0.00546547153733337
"2008-03-18",0.00362876828859411,0.00354394885822612,0.00307763503442039,0.00272541278125885,0.00274072950610063
"2008-03-19",0.00262047900303616,0.00259325694575847,0.00240336123874018,0.00215960081881547,0.00221357549103761
"2008-03-20",0.0261352062913873,0.0256603069100098,0.0218585959270499,0.0211359144657692,0.0208720539592372
"2008-03-24",0.0378609588924869,0.0370513121101232,0.0337271352488785,0.0321650641907421,0.0322033491766654
"2008-03-25",0.0271653725845505,0.0266378968114056,0.0254302675107668,0.0238397760334481,0.0242648542477052
"2008-03-26",0.0121466624478366,0.0120798424507256,0.0105537361111369,0.00957088347676703,0.00950585015226811
"2008-03-27",0.00594277684363116,0.00587843377130019,0.00535663855779326,0.00479638095671491,0.00473832835445323
"2008-03-28",0.00993828914515968,0.00982658584545793,0.00942268190999345,0.00887943031799582,0.00897370735604268
"2008-03-31",0.00431259416139202,0.00432485892527503,0.00420898428433068,0.00382210407139453,0.00380009704294003
"2008-04-01",0.00982678431627538,0.00982008371441239,0.00969709557705299,0.00934172988518246,0.00923746392606471
"2008-04-02",0.00260831107836068,0.00264551599243891,0.00245076431436753,0.00236568404205199,0.00225429959759704
"2008-04-03",0.00326809430812155,0.00330257064881707,0.00332699667210966,0.00306326467813774,0.00297550443801712
"2008-04-04",0.00188497239063434,0.00190514486359359,0.00223133185122066,0.00200260110482099,0.0018644644566847
"2008-04-07",0.00223027460635732,0.00228739206966585,0.00250415779852822,0.00237180935457106,0.00234321999834783
"2008-04-08",0.00122203525899487,0.00123438700377486,0.00114472526557853,0.00108356347515148,0.0010679156130954
"2008-04-09",0.00144577359867723,0.0014529037180918,0.00142790286446821,0.00128505889966669,0.00125962150976291
"2008-04-10",0.00426892156262866,0.0043366908672125,0.00421558805750382,0.00400610689357975,0.00379576042287343
"2008-04-11",0.00162932675464876,0.00166135036150029,0.00159636866436359,0.00152862286695215,0.00148270602747235
"2008-04-14",0.000241994291537543,0.000233733441749947,0.000236332457166113,0.000199867379379134,0.000232556329027317
"2008-04-15",0.0016543580376277,0.00170668095089495,0.00166260212575389,0.00174575427551733,0.00167936774458198
"2008-04-16",0.00809377940391845,0.00807376180667539,0.00817551776602962,0.00841642839758713,0.00894941821723928
"2008-04-17",0.00322331355370304,0.00320483136694324,0.00308729895737402,0.0031645574666668,0.00317615570201486
"2008-04-18",0.00871497905763441,0.00871309220939263,0.00888896789780043,0.00897137725396899,0.00886062882728694
"2008-04-21",0.00964291415118951,0.00966982941718744,0.0100241616808205,0.010068746351018,0.00988143017695253
"2008-04-22",0.000645445135869408,0.000630096502984359,0.000478181213608109,0.000513830201408485,0.000554207363922054
"2008-04-23",0.000121567595044395,0.000114172839346889,0.00018499334777442,0.000161162238525094,0.000158997307426259
"2008-04-24",0.0189558097805142,0.0189408632739458,0.0186493678867446,0.0191376937786091,0.0193279718286276
"2008-04-25",0.00162875460236442,0.0016699524196393,0.00161649394268677,0.00169071331168109,0.00175311437260878
"2008-04-28",0.000185189495121995,0.000170872767727464,0.00019939396197145,0.000233857026071531,0.000214340267285608
"2008-04-29",0.00491587318326645,0.00490927712775475,0.00488839814063443,0.00492525867016317,0.00501216587636122
"2008-04-30",0.00018257931839397,0.000184698707000055,0.000205723798145398,0.000190383269657452,0.00013180202977604
"2008-05-01",0.00997628988703609,0.00987070261374744,0.0095959851502986,0.00956195403691798,0.00963814236596573
"2008-05-02",0.000130972676985595,0.000130101847412876,9.29809476421699e-05,6.73521161161625e-05,5.58324971005094e-05
"2008-05-05",0.0018867617644152,0.00190006918154378,0.00196544548833834,0.00193258493391065,0.00192691683077103
"2008-05-06",0.00162279571135689,0.00165749308186572,0.00168990295254139,0.00169707021478383,0.00169771828792164
"2008-05-07",0.000264877191145065,0.000252669029784011,0.000266163882452192,0.000265901430198579,0.000247111459775777
"2008-05-08",0.00152982450778669,0.0015402577382179,0.00149895955531541,0.00146440071826427,0.00138291077591343
"2008-05-09",0.00721791742656827,0.00723047286685728,0.00722877512816234,0.00716441117014462,0.00704852547777519
"2008-05-12",0.00699725436734502,0.00700815543032678,0.00714994179565633,0.00708709293570852,0.00690507573269366
"2008-05-13",0.00541681624804603,0.00545970944226317,0.00541994623355645,0.00541342562437667,0.00531448714300425
"2008-05-14",0.00190403160531744,0.0019441204547633,0.00204426852441176,0.00197050554553346,0.00191023493412691
"2008-05-15",3.51630467523944e-05,3.39385029194202e-05,2.09770045997407e-05,3.02664200703482e-05,3.628521898673e-05
"2008-05-16",0.00334074877466985,0.00336376329950772,0.00352408373733126,0.00338065705802171,0.00338436214032793
"2008-05-19",0.00190228101645084,0.00187011307365732,0.00179824168893952,0.00188832365421386,0.00197904347062277
"2008-05-20",0.00333525734368117,0.00333104118575061,0.00321007223183708,0.00331287628578368,0.00341485952513001
"2008-05-21",0.0190124279523105,0.0189569363130724,0.0188804412245598,0.0187352466629903,0.0189506324622219
"2008-05-22",0.0227985331110236,0.0229676310070406,0.0228427746786266,0.0228035736682158,0.0230001987964319
"2008-05-23",0.00274974543350583,0.00274508554879625,0.0027396139967064,0.0027512407913827,0.00281889857404525
"2008-05-27",0.00280060481779508,0.00278158238172915,0.00281708785744651,0.00285469165811643,0.0028811222394349
"2008-05-28",0.00362908976242568,0.003672951193782,0.00372322621723042,0.00378230922514508,0.003818446690635
"2008-05-29",0.00953037242463111,0.00954797907869997,0.00948787663237654,0.00952857119304279,0.00980162034973571
"2008-05-30",0.0415056035045047,0.0418599214514635,0.042352497140707,0.0423571552377126,0.0426562194481743
"2008-06-02",0.009841304711489,0.00996283471996946,0.0100781952050734,0.0100408476748389,0.00995227795086958
"2008-06-03",0.000596524601029195,0.000586272987455731,0.00059712358855994,0.000518764124447836,0.000516466557611056
"2008-06-04",4.68526434033561e-05,4.54668010804725e-05,5.49479485007601e-05,4.49051507545494e-05,4.30019332401511e-05
"2008-06-05",0.00793862897442394,0.00794735551486269,0.007904713506238,0.00769058089802769,0.00769899686163717
"2008-06-06",0.00115904452522406,0.00117358455898855,0.00110546390292422,0.00113204827435739,0.00104936230349975
"2008-06-09",0.111364919525344,0.111189082900376,0.11111153825375,0.111571763026162,0.111793587198287
"2008-06-10",0.00184874870160293,0.00186446213809327,0.00190095814782215,0.00200639670513921,0.00199841330022207
"2008-06-11",0.00162773975640373,0.00163236808138779,0.00169156008863486,0.00183446226861892,0.0018257722972099
"2008-06-12",0.0339464986230149,0.0339213701662746,0.0337921192039877,0.0340942730792188,0.0338970279439439
"2008-06-13",0.0835715036948666,0.0840991163805785,0.0840366591075667,0.0843505822182078,0.0842332358250591
"2008-06-16",2.42181118306115e-05,2.81820122839508e-05,2.28456918600591e-05,2.26089742451384e-05,2.51188781764679e-05
"2008-06-17",0.00264590614945609,0.0026128812770181,0.00256259552626451,0.00243602693648782,0.00243268699753253
"2008-06-18",0.00206308361373662,0.00194907103385338,0.00200230896447865,0.00189975038287996,0.00189233165547653
"2008-06-19",0.00480463648647652,0.0048444124525738,0.00483737251809734,0.00464473824002034,0.00483434749573879
"2008-06-20",0.0175147364790033,0.0176819994970831,0.0177237958678752,0.0175808020408616,0.0177121393458912
"2008-06-23",0.00264106249847001,0.00266052588054586,0.0027263870033083,0.00262797664009891,0.00259362257285412
"2008-06-24",0.000364952868218791,0.000386203852285824,0.000412524336878442,0.000367607502481969,0.000323609218044221
"2008-06-25",0.00250407087646815,0.00251979751876273,0.00244781828159427,0.00223506714763442,0.00232059738249042
"2008-06-26",5.84949650106876e-05,6.48183300364222e-05,7.78265919426985e-05,0.000113955175464334,0.000111157639849216
"2008-06-27",0.0064740574114721,0.0064898589752259,0.00649124962433209,0.00683054678285233,0.00677936737286919
"2008-06-30",0.000444841092422568,0.000415411903580457,0.00040939182137709,0.000464459980505609,0.000471150788663807
"2008-07-01",0.00524845555583827,0.00527705018560494,0.00520202939243382,0.00540146195413826,0.00546134125771693
"2008-07-02",0.00482981243059067,0.00498888942764592,0.00493272727456994,0.00504726277415007,0.0049699573598887
"2008-07-03",0.0271513808519983,0.0275656168609896,0.0275707706916925,0.0277569990718868,0.0276599152276846
"2008-07-07",0.000265586364605013,0.000238978193858959,0.000229039558228648,0.000205118111130677,0.00020584886607131
"2008-07-08",0.000165162889347341,0.000168368498573766,0.00016877851859637,0.00012537725141475,0.000129963242380134
"2008-07-09",0.00311357307906729,0.00306387371372403,0.00292052722210208,0.00265479566360363,0.00268073942260258
"2008-07-10",0.00240383220733056,0.00241444316670171,0.00232619588819951,0.00250866457735486,0.00246616104269437
"2008-07-11",0.00767687290977108,0.00798118009749415,0.00827203240721339,0.00870829973444765,0.00853540149329652
"2008-07-14",7.17241010197084e-05,9.0677603971436e-05,0.000131893802094985,0.000192434080712837,0.000180988037550395
"2008-07-15",0.0217707121181748,0.0220445273381418,0.0225004231470103,0.0233820141020013,0.0233314720801532
"2008-07-16",0.000152696824632478,0.000163819043790224,0.000177338288451468,0.000262921584679146,0.000226130222388096
"2008-07-17",0.00595406812129177,0.00582660416259813,0.00577346623579016,0.0051447491010418,0.00520645889449349
"2008-07-18",0.0232026575698356,0.0228046437367116,0.0230684237878188,0.0216497612025323,0.0218205556765162
"2008-07-21",0.0027561498462839,0.00254836020749332,0.0025689094998316,0.00224495974242059,0.0022650081603527
"2008-07-22",0.00350045118474605,0.00376264314443181,0.0038255246485373,0.00433270676688264,0.00429594497279592
"2008-07-23",0.00105962517336429,0.000955815766714458,0.000985602140221535,0.000676053492689993,0.000704722706020885
"2008-07-24",0.000370910640469503,0.000323675275347872,0.0003602847899634,0.000204010003109924,0.000199469402632979
"2008-07-25",0.0018490074999335,0.00159164629824918,0.00173302016391899,0.00153837941514713,0.00143493411129844
"2008-07-28",0.00347900553773617,0.00327617566452413,0.0035101192347591,0.00332501170874024,0.00317350326497971
"2008-07-29",0.00705787641037999,0.00698937863449318,0.00717212024751709,0.00650078897765371,0.00647946161350972
"2008-07-30",0.00664165306662641,0.00654087702562767,0.00661154135685997,0.00589097484945964,0.00599645631972765
"2008-07-31",0.00264570586129323,0.00262290871241585,0.00258961125506326,0.00225254038006387,0.00227913267459839
"2008-08-01",0.000781066572247981,0.000835024140023825,0.000824141279649728,0.000558107167601575,0.000606921882314579
"2008-08-04",0.000358230068116685,0.000380588943330223,0.000205635076814583,0.000121778803127132,0.000113956441388279
"2008-08-05",0.00830162039480981,0.00840625657237788,0.0076693392281949,0.00714366190571929,0.00687327563402104
"2008-08-06",0.00247135872761144,0.00249613224291632,0.00217650027908797,0.00188946771119591,0.00188415126778669
"2008-08-07",0.00424592905186013,0.00420610078046697,0.0041766639587637,0.0038683450246575,0.00381713197478686
"2008-08-08",0.0140279336154235,0.013841406631258,0.0138243020599995,0.0136366992730395,0.0136018312341799
"2008-08-11",0.00258456309982049,0.00262914634506354,0.00266887816077384,0.00258062587378091,0.00254569710552073
"2008-08-12",0.00218757437862309,0.00219650830745787,0.00221205979004152,0.00218454322708784,0.00225192225800119
"2008-08-13",0.000569351263555374,0.000593367086111199,0.000632001619185214,0.000610535106423975,0.000687480315281744
"2008-08-14",0.00550552422566796,0.00554110874712066,0.00553020238479212,0.00536313548558034,0.00560152114040894
"2008-08-15",0.00257345827708499,0.0025927309990126,0.00258149498156349,0.00238193356250429,0.00244943527089016
"2008-08-18",0.00262677988842708,0.00266494218703219,0.00272431221764972,0.00257658783846019,0.00259631557309124
"2008-08-19",0.00179023321029501,0.001821348943202,0.00183636980398343,0.00170635283152987,0.00173335892464612
"2008-08-20",0.00313902521529028,0.003154583658044,0.00316892316180763,0.00302136917227061,0.00286884325637637
"2008-08-21",0.00202039209908416,0.00201507487137019,0.00208888117777907,0.00194263823716232,0.00196096661640488
"2008-08-22",0.0106663244299041,0.0106762846811886,0.0106553049446329,0.0104640059291706,0.0104857504072195
"2008-08-25",0.00517014058588759,0.00517498929334999,0.00520862235387946,0.00501175323377246,0.00506490697163277
"2008-08-26",0.00816898290410639,0.00817633882151328,0.00825934980608701,0.00826265073189584,0.00816880517534184
"2008-08-27",0.0067311121222498,0.00670885468580594,0.00683576535413363,0.00652646889080689,0.00658014001000789
"2008-08-28",0.00724396530778675,0.00723375695885182,0.00724688840251597,0.00706467445252221,0.00719115802353603
"2008-08-29",0.000992704486478216,0.000991660496179675,0.000959263487850011,0.000926864189028825,0.000947975076916062
"2008-09-02",0.00668394245949318,0.00668641084815213,0.00673612884202957,0.00663409069834782,0.00661878742575114
"2008-09-03",0.00729465099582072,0.0073145498917219,0.00714489362136951,0.00713076155007837,0.00719641379865814
"2008-09-04",0.0106816393823452,0.0106839883292661,0.0105834559837777,0.0103248465925648,0.0103404704215499
"2008-09-05",0.0509553225562144,0.0509117140920569,0.0504936715726957,0.0500648381744213,0.0499179406979271
"2008-09-08",0.131634143573986,0.131505388553823,0.131301288558589,0.131058572435908,0.130273724946524
"2008-09-09",0.117341722298151,0.117414249149342,0.116938030895297,0.117370030477582,0.116687349244521
"2008-09-10",0.052417015972762,0.052456523783316,0.0524735053391281,0.052713625542122,0.0522139074449703
"2008-09-11",0.0184158790896724,0.0184303120430304,0.018883747065606,0.0191942854941639,0.0189691707965487
"2008-09-12",0.00820295534262425,0.00822817157396348,0.00854219589699933,0.00865164602167411,0.00851678772068601
"2008-09-15",0.0198560858116669,0.0198752875452449,0.0205086300121598,0.0210796669280531,0.0205696408318135
"2008-09-16",0.105075248591747,0.105020228678574,0.106861167904332,0.108851246386175,0.108499956031148
"2008-09-17",0.0592551955546916,0.0592473150963739,0.0597508909764933,0.0617891929687425,0.0616329773300981
"2008-09-18",0.235281050452176,0.235401344757313,0.236662698616831,0.240811603274408,0.240027811325463
"2008-09-19",0.0412775460132088,0.0413139435502344,0.0417010246218896,0.0431490458976257,0.0429983466185433
"2008-09-22",0.000876148815066824,0.000888448067581012,0.00101504193310845,0.00152997859462574,0.00162866792629794
"2008-09-23",0.00936557231675577,0.0094364627144375,0.0116698088989046,0.0130232528071185,0.0128085524764961
"2008-09-24",0.00100617109150056,0.00102692356218741,0.00148215696379981,0.00212070277307241,0.00202868800592543
"2008-09-25",0.0370919227604914,0.0369576102907181,0.0331788379096556,0.0299927475542236,0.0304520309218082
"2008-09-26",0.000210604187659151,0.000209351637363506,2.59516757509172e-06,0.000129997311379813,0.000115597235551726
"2008-09-29",1.37286077807191,1.3730197576429,1.39872638415523,1.41349903662436,1.41400949166318
"2008-09-30",0.00755269675583208,0.00753934022030541,0.00858311409629451,0.0088390546134164,0.00884074927480012
"2008-10-01",0.00576483737574193,0.00576421956173298,0.00656580464361105,0.00708676197858107,0.00752024291224768
"2008-10-02",0.0792444291444881,0.0792450371544022,0.0804661462157812,0.0822751754844344,0.0823298664023161
"2008-10-03",1.37425407848334,1.37420272915887,1.38657198983126,1.39804579266284,1.40049259825698
"2008-10-06",0.110548969717181,0.110463042663787,0.115846283321102,0.122636979307746,0.121594370851743
"2008-10-07",0.183576629244497,0.182093548487961,0.186002083007636,0.189224658552532,0.188976892771693
"2008-10-08",0.529350465565889,0.528405665804056,0.533867373917857,0.534515234092444,0.533397309287706
"2008-10-09",0.131682674369342,0.131655168818109,0.133744083260686,0.136008888869834,0.135360190428654
"2008-10-10",0.520308653619315,0.520279158855959,0.527376218018769,0.532565960364743,0.532889075167233
"2008-10-13",0.0823629790934915,0.0829316729256765,0.0756250467966208,0.0700904505435532,0.0711788535104509
"2008-10-14",0.0102970194209676,0.0100621158430084,0.0125146466166944,0.0151704098908051,0.0148362074786009
"2008-10-15",0.0267138119560552,0.0272266095700415,0.0218628682009575,0.01743115354913,0.0180323685397877
"2008-10-16",0.0869350086905184,0.0857093409298739,0.0924503062676018,0.0985986174463791,0.0982086637027941
"2008-10-17",0.0661346168689196,0.0684915332953637,0.0538273185229049,0.0439816238180909,0.0458709058151916
"2008-10-20",0.0073711579844413,0.00750267662257969,0.00502004064938622,0.00346598487972512,0.00363514440517603
"2008-10-21",0.0683305134548497,0.0695892108291611,0.0632574811905357,0.0520560993592366,0.0524269326602477
"2008-10-22",0.00057813962719418,0.000592831921924454,0.000119074399224956,0.000194015062759298,0.00021395923603893
"2008-10-23",0.00247895752520738,0.00245092780512675,0.00462300783028485,0.00867139361421049,0.0083241247658004
"2008-10-24",0.0606244271340294,0.0602171629275248,0.0698233992514378,0.079959329481979,0.0798017542887906
"2008-10-27",0.0153712997899104,0.0154084952771573,0.0108299482391439,0.00850892992207069,0.00835681736403824
"2008-10-28",0.00465493799620061,0.00469205545453419,0.00272433256432449,0.00126952901219178,0.00121807535737253
"2008-10-29",0.00347911328038071,0.00342805107048324,0.00586017473332593,0.00757206353891948,0.00738661674475932
"2008-10-30",0.0649357247771697,0.0653452583653352,0.0538637088861475,0.0463218344076984,0.0465563680317502
"2008-10-31",0.104323866065018,0.104913229956609,0.0888302987210056,0.0792651868039894,0.0805093732256673
"2008-11-03",0.129720239187801,0.13024503137827,0.117653677877825,0.10668614593412,0.107587651546612
"2008-11-04",0.07705470452712,0.077379990444442,0.0714080358178815,0.0627792137342179,0.0636723033291622
"2008-11-05",0.095180890894506,0.0953956695850752,0.0894676893323512,0.0768877570381221,0.0778761026847066
"2008-11-06",0.0095079182867695,0.00963699525177314,0.0084655159913672,0.00426444035372658,0.00444483803494898
"2008-11-07",0.01377403431578,0.0138027083320734,0.0123423795628556,0.00908381372857992,0.00931375230469785
"2008-11-10",0.00337903904765669,0.00334631379728089,0.003115200102667,0.00292738408607082,0.002982894895379
"2008-11-11",1.84440864407116e-05,1.96024090720436e-05,5.58914571489582e-05,9.63896625686189e-05,9.65415119355045e-05
"2008-11-12",0.00556601727244386,0.00560172237139358,0.00553930815421217,0.00475462601965653,0.00487787637795228
"2008-11-13",0.0481105250337256,0.0478274062836374,0.0487943378036473,0.0527756916516418,0.0521904670338528
"2008-11-14",0.0012857214417985,0.00125865224559087,0.00158013103431391,0.00232983338524641,0.00232123518925027
"2008-11-17",0.000408232196536179,0.000399432497665792,0.000622348339524292,0.000957062341212697,0.000988315220826178
"2008-11-18",0.00156743744555666,0.00160891978003561,0.00130385251263736,0.000574991194385967,0.000592085443867786
"2008-11-19",0.000495517349628631,0.000478115620491739,0.000643197208521499,0.00165037178093541,0.00164244321704549
"2008-11-20",0.0332183513726286,0.032735601338175,0.0344263787402842,0.0478280891213375,0.0477530448584342
"2008-11-21",0.0147807072127063,0.0143969740120687,0.016050990042922,0.0233394047283706,0.0233040117699637
"2008-11-24",0.000608878316959326,0.000658812185160269,0.000352214488621835,1.38003641268815e-06,5.76729876838478e-06
"2008-11-25",0.0024576052606389,0.00234188524864631,0.00283384125399724,0.00530860825626799,0.00523854562624886
"2008-11-26",0.0107147456344086,0.0109425101994855,0.0101567932547462,0.00667468143996822,0.0067632625583744
"2008-11-28",0.07111306188824,0.0722867244592219,0.0679620313020643,0.0563980254174328,0.0564623961653835
"2008-12-01",0.0615805772504706,0.0631208553808973,0.0608764854449994,0.048147426889847,0.0488314990471706
"2008-12-02",0.00139053772972807,0.00145515073495059,0.00111595599110179,9.70925551592593e-05,0.000108353608158487
"2008-12-03",0.00274825307154272,0.00281028032379029,0.00216943122265389,0.000639013028909316,0.000604103303424888
"2008-12-04",0.000568849806824864,0.000619087884902174,0.000649607397774102,0.000291682516235561,0.00027457825668349
"2008-12-05",0.000367845243991263,0.000403931466379274,0.000257952181374057,0.000985006817830804,0.00106815739519679
"2008-12-08",0.00793191980366896,0.00795661287183424,0.00825048397952227,0.00611553826897325,0.00598700099799683
"2008-12-09",0.00886133758987448,0.00907609402788837,0.00956831019341727,0.00648681184523134,0.00640456443199027
"2008-12-10",0.025167118056406,0.0257420089244881,0.0255285403745475,0.0207588243022564,0.0208173999320581
"2008-12-11",0.0157534150415746,0.0160300851735698,0.0158812264852306,0.0128398361509743,0.0129002538708715
"2008-12-12",0.000656862569801556,0.000731032208234689,0.000549145505361577,0.000249092027130897,0.000292188881842937
"2008-12-15",0.0203901783893267,0.0205169175260716,0.0205108493402098,0.0189122501127945,0.019175885333259
"2008-12-16",0.00913919006600492,0.0092596230524804,0.00969437238492793,0.00865281045264383,0.00889216286681625
"2008-12-17",0.0196251482635269,0.0198271236564761,0.0210261148466693,0.0186761966520889,0.0187621272989102
"2008-12-18",0.0334402327840971,0.0336156028857847,0.035048641459842,0.0335642343964588,0.0335936655075953
"2008-12-19",0.0689262483238591,0.0696223641902188,0.0698639815452387,0.0644078745223576,0.0643997908334636
"2008-12-22",0.0224579762369236,0.0228232861404682,0.0233674907112448,0.0217661562718075,0.0214242894144136
"2008-12-23",0.0298321400109686,0.0301730180383732,0.030324243128237,0.027133374272144,0.0270428405453383
"2008-12-24",0.0275489121632788,0.0276224627731846,0.0275311585502727,0.0258342626420449,0.0257689091843376
"2008-12-26",0.0549101912026234,0.0548430264786769,0.0553484687567469,0.052809042329268,0.0524565434428637
"2008-12-29",0.0261458561024926,0.0261296333408359,0.0253208151903521,0.0235542328725831,0.0235306191970204
"2008-12-30",0.00023207446864894,0.000234007534186316,0.000291566753067288,0.000327978178359648,0.000318392753909824
"2008-12-31",0.0287535704720409,0.028525194352904,0.02749058768142,0.0279299177859627,0.0279456747804444
"2009-01-02",0.012302950578881,0.0120884097424283,0.0117655862649866,0.0164236647301643,0.0158238904603546
"2009-01-05",0.00244581743317199,0.00259330196968415,0.00213627170604305,0.00131309754985692,0.00129927074726486
"2009-01-06",0.0125091491246115,0.0125766257814484,0.01141770393711,0.0106286620734791,0.0107661736252691
"2009-01-07",0.00197459580282572,0.00188560522522893,0.00219839921560799,0.0026851796114549,0.00267425995317315
"2009-01-08",0.00247335944744635,0.00248414943868909,0.00224842662830577,0.00194738859476453,0.00198222702577699
"2009-01-09",0.00017533398535681,0.000196877081089895,0.000157765742467097,0.000179942053835389,0.000178524783679037
"2009-01-12",0.00249503549092997,0.00241704232845521,0.00212187397339294,0.00203144029849325,0.00206217605462738
"2009-01-13",4.71741115329126e-06,7.60435674906838e-06,1.73500814495647e-05,1.4742271838154e-05,1.61551983089054e-05
"2009-01-14",0.00172159209388822,0.00171487934177625,0.00176945359121697,0.00184040944875358,0.00181942367067879
"2009-01-15",0.0099259561484543,0.00994262300683475,0.00934054118909347,0.00904943035482609,0.00905201710379022
"2009-01-16",0.00700463766669202,0.0069913116704119,0.00680696867454296,0.00664057262607668,0.00664927036775264
"2009-01-20",0.00812490522263712,0.00831610764746393,0.00858818038573869,0.00854322576208031,0.00856598589550092
"2009-01-21",8.63840473057529e-07,5.26938938502457e-07,1.08448562843616e-06,1.7139675659661e-05,1.85032836600489e-05
"2009-01-22",0.0199181246004956,0.0198152285901695,0.0197592849728417,0.020473433350064,0.0205760731811492
"2009-01-23",1.6340270278495e-05,2.14235724983791e-05,1.85743583453055e-05,4.55794220136278e-06,4.54862530906678e-06
"2009-01-26",0.0152796882052213,0.0153994585788298,0.0154602529247041,0.0142012879603797,0.0142933934395066
"2009-01-27",0.0442267559322588,0.044649011300346,0.0435876845463123,0.0402887378736287,0.0402806923243277
"2009-01-28",0.023386413833005,0.0235194897802128,0.0236866460533684,0.0215926767035289,0.021892161604062
"2009-01-29",0.0488354734531216,0.0493070367230446,0.0481725741060144,0.0457308255640785,0.0459379338517414
"2009-01-30",0.0342338563883289,0.0345363736489624,0.0340752511145188,0.030355224724182,0.0304494408159803
"2009-02-02",0.00800744494193662,0.00797667477724407,0.00721431424465627,0.00582815211145923,0.00578872336265854
"2009-02-03",0.00314556230011928,0.00319079449061844,0.00297879755981695,0.00222653900788066,0.00222397507818221
"2009-02-04",0.00425427925135389,0.00431498485771786,0.00449526626988815,0.00380268474031361,0.00386937230837553
"2009-02-05",0.000723915712103461,0.000744597349487823,0.0008210204829334,0.000752950825407772,0.000784242308753161
"2009-02-06",0.00978832855843641,0.0100061912803487,0.0105093457752755,0.00974566604130055,0.0096245380268735
"2009-02-09",0.00704468698455092,0.00706508013795343,0.00750142549884891,0.00700262993619432,0.00695556920494428
"2009-02-10",0.0078593698826513,0.0079250095817694,0.00763831775935428,0.00829399004487962,0.00831815167968569
"2009-02-11",0.00183055582340145,0.00181265194014107,0.00172363320314112,0.00195173237965761,0.00208434223836466
"2009-02-12",0.00340699898819896,0.00341197656829249,0.00354239846569217,0.00435470733278243,0.00440177848269172
"2009-02-13",0.000631811709620205,0.000624696656522394,0.00060914171571335,0.000371772887548182,0.000372046835181988
"2009-02-17",0.0024734793616592,0.00249277394532621,0.00235025968184959,0.00240889880025624,0.00247918863463778
"2009-02-18",2.48975279711128e-06,1.01516587427723e-06,1.54017039147137e-07,1.63913352892413e-05,1.57118489356389e-05
"2009-02-19",0.00215362604954693,0.00205681725115957,0.00210636828022487,0.00185149886105109,0.00188769292777149
"2009-02-20",4.26835316810117e-05,4.52554990578526e-05,4.6589770642317e-05,1.63299022545571e-05,1.89106353397272e-05
"2009-02-23",0.000777705453767391,0.000758562220460132,0.00063825995437107,0.000853695462875065,0.000847179927263903
"2009-02-24",9.3235888779289e-06,1.35201454777618e-05,2.29628191707936e-05,6.37110251646692e-06,7.10776534408233e-06
"2009-02-25",0.00332140415266887,0.00329283173999576,0.00300192963851752,0.00375882742715569,0.00376414904473929
"2009-02-26",0.000529553536389507,0.000534762670502165,0.000490999443766525,0.000839429468383206,0.000895845281096692
"2009-02-27",0.00715779599336368,0.00711379618660562,0.00703845446981275,0.00831033609247343,0.00833985729422972
"2009-03-02",0.00224140751978017,0.00220857969466162,0.00210910390470719,0.00273909826951891,0.00278409025170889
"2009-03-03",0.00542274829646273,0.00540551852908915,0.00538741061479009,0.00658905226719181,0.00660389668335263
"2009-03-04",0.00294062431191271,0.00295943919966745,0.00296661468895088,0.00196340348281909,0.00198966271086652
"2009-03-05",0.00085382136417899,0.000841184769692729,0.000908046300206487,0.00162036752686412,0.00165199499960974
"2009-03-06",0.0100955076854841,0.00997563972961713,0.0105772489354307,0.0122197354158624,0.0122360985631578
"2009-03-09",0.00369812068114484,0.00365415131458971,0.00382565847355053,0.0047973237521573,0.0048099921004019
"2009-03-10",0.00368963697319997,0.00373802502747399,0.00360938999808577,0.00309212459379021,0.00310690526879223
"2009-03-11",0.000710755369753115,0.000730361287284837,0.000748533195596656,0.000401517095728203,0.000400838954421047
"2009-03-12",0.00193207482849699,0.00198118248953715,0.00201489075437764,0.00165881554415468,0.00164651975783191
"2009-03-13",0.0143725050681562,0.0144303443292225,0.0143341411491707,0.0130733041288943,0.01293790171989
"2009-03-16",0.00523615478069341,0.00525854583048962,0.00569779974459042,0.00473275349799224,0.00469259254055944
"2009-03-17",0.00720633734358139,0.0072444171509138,0.00743880155304729,0.00642549574846939,0.0063982546893821
"2009-03-18",0.000887256337567677,0.000886472796274105,0.000941029597582317,0.00177982607467855,0.00180390695904817
"2009-03-19",0.000919821657477881,0.000934998251208962,0.000829767221742602,0.000367270849085254,0.000366592637125934
"2009-03-20",0.0190025167498704,0.0190016579764961,0.0192653229132793,0.0169088744059217,0.0169457375040627
"2009-03-23",0.00785111781470261,0.00778812378874026,0.00796792734388291,0.00612667454729981,0.00608987498414078
"2009-03-24",0.00105280035079179,0.00103329242876326,0.00105616333201654,0.000631888637795001,0.000636685847786634
"2009-03-25",0.00171876046126653,0.00174755084568898,0.00167127288984153,0.0012585208179514,0.00129622035338248
"2009-03-26",0.00922201664578394,0.00922716076412166,0.00908997583476455,0.00761097764155147,0.00757431122698807
"2009-03-27",0.00634821437496367,0.00629993551488641,0.0060867440398839,0.00527598879792485,0.00516591876795631
"2009-03-30",0.00590353177965214,0.00585459107720368,0.00561116585890529,0.00487969809686965,0.00481500232937416
"2009-03-31",0.0151683309017493,0.015078520700657,0.0151886386803451,0.0131793342572894,0.0132173484579814
"2009-04-01",0.0167771763449099,0.016882065086993,0.0168353599835932,0.0153459441790677,0.0153311279837495
"2009-04-02",0.00439984763891635,0.004456092534284,0.00436117672160785,0.0040247986861959,0.00399995895394302
"2009-04-03",0.00740935276375881,0.00738921438113902,0.00718870776372122,0.00714547427524594,0.00720084448604186
"2009-04-06",0.00170551956551541,0.00168185697578505,0.00165676478635133,0.00174971280796839,0.00176400026500256
"2009-04-07",0.00650638378364935,0.00645464470673095,0.0064271702358545,0.00636541756671482,0.00643297357289839
"2009-04-08",0.00545014385969726,0.00546380839704204,0.00528555613346793,0.00507238592605807,0.00507701424972833
"2009-04-09",0.0220543405830597,0.0220534732712631,0.0218377059901894,0.0218998230314974,0.0220677893949716
"2009-04-13",0.00734626250754812,0.00737681397776454,0.00714754330955365,0.00729385027567273,0.00741209720251938
"2009-04-14",0.00687756286948735,0.00687858684596075,0.00698694979578431,0.00717207829469962,0.00731868351762147
"2009-04-15",0.00215119401672606,0.00215757286731471,0.00221841933322554,0.00225035865467723,0.00228854424675899
"2009-04-16",0.00429372039241971,0.00428289471659506,0.00417164691572893,0.00431185368159491,0.00432126487595395
"2009-04-17",0.000700365991040202,0.000705472970117995,0.000706938901735868,0.000639635716062191,0.000660730052275537
"2009-04-20",0.000392559941846474,0.000392635657739279,0.000423469930175071,0.000363905920153756,0.000421856123118021
"2009-04-21",1.33356247381794e-05,1.67277845902312e-05,2.29600866466822e-05,1.57656993659206e-06,1.59277416053568e-06
"2009-04-22",3.36912163305899e-05,3.42808496715437e-05,2.99456526313594e-05,0.000114595351053732,0.000119543022614431
"2009-04-23",0.0176201291990146,0.0176158845272484,0.0175882280988862,0.0184643416954171,0.018555110082982
"2009-04-24",0.00172219380861851,0.00170470775327771,0.00185442595761003,0.00210524198961151,0.00212612093029113
"2009-04-27",0.000403947333740296,0.00042095014294852,0.000423743487875436,0.000312097388636546,0.00030366650545914
"2009-04-28",0.00239612618971373,0.00237239588872307,0.00233338959217169,0.00175763860431753,0.00170366412938485
"2009-04-29",0.00235099547971978,0.00230818697003385,0.00219338389412941,0.001567916237114,0.00158553624982505
"2009-04-30",0.0119781328316112,0.0117758975259463,0.0116712473403686,0.0105716986302666,0.0105912723422822
"2009-05-01",0.0196474066348699,0.0189860551324506,0.0179287926984301,0.0168131792914307,0.0167246289573809
"2009-05-04",0.0165548842631535,0.0162480931586206,0.0161799314330736,0.0161064241314891,0.0161083822164445
"2009-05-05",0.0107778543148166,0.0107060222631999,0.0110300130109253,0.0110159027991295,0.0110221236762522
"2009-05-06",0.00101715668933333,0.00103413661203509,0.0011084953523022,0.00126970964462381,0.00126768050462792
"2009-05-07",0.00036241688221946,0.000349811295340894,0.000261722536038058,0.000260734914764364,0.000259286680245776
"2009-05-08",0.00720618953501778,0.00715647964697785,0.00690850067519766,0.00730986430643391,0.00732171939587007
"2009-05-11",4.28590789583377e-05,3.78368625531267e-05,3.95438246737039e-05,6.54048822952714e-05,6.57771205198826e-05
"2009-05-12",0.00291250949118767,0.00288873004717616,0.00278486043254297,0.00298644724593458,0.00299075573160738
"2009-05-13",4.28227708224648e-05,4.38296240376891e-05,3.69727729599335e-05,0.000133915772095838,0.000134493858686237
"2009-05-14",0.000959703130127244,0.000963447438695249,0.000943808780083,0.000569197400282628,0.000567092975286193
"2009-05-15",0.00458227630022025,0.00469510547804175,0.00445121772544039,0.00395271620499831,0.00394891852480802
"2009-05-18",9.94215783708654e-05,0.00010042631167567,0.00013325938344429,8.00133957639379e-05,8.11796569709076e-05
"2009-05-19",0.0052666388464661,0.0055347263687163,0.00501320737935517,0.0048902562170876,0.00488532797339773
"2009-05-20",2.63886867388916e-05,2.41693718159457e-05,1.97769813750855e-05,1.40107181900124e-05,1.40762033178646e-05
"2009-05-21",8.47643506018685e-05,9.01383782534425e-05,0.00010158271138733,7.32486042917523e-05,7.29198908451763e-05
"2009-05-22",0.00111841102908947,0.00111677181699071,0.00111466953382928,0.00115333872901295,0.00115332282908135
"2009-05-26",0.00238806827538083,0.00242301181292966,0.00254739046127342,0.00294206642706144,0.00293412008890287
"2009-05-27",0.000144219047369954,0.000163307927899488,0.00017040113390305,0.000205905985213883,0.000200989491015463
"2009-05-28",0.00115678017729738,0.00115987692009895,0.00124862786738228,0.00114329771814992,0.00113954885638217
"2009-05-29",0.013979378740769,0.0140794319901248,0.0139731327059632,0.0139668420393625,0.0139721709001363
"2009-06-01",0.0101562545918776,0.0101990718470897,0.0102660686867834,0.0108652287719485,0.0108607293765183
"2009-06-02",0.00343586975412305,0.00345458235687653,0.00342459246221186,0.00361442534399543,0.0036095317428199
"2009-06-03",0.00900912726721991,0.00901838964868966,0.00882997910867733,0.00949663892924654,0.00949677780822498
"2009-06-04",0.0116639759332396,0.0115913159083317,0.0114628859872926,0.0126549212259241,0.0126500587082964
"2009-06-05",0.000240987652468986,0.000228735042825534,0.000235243672199664,0.000339791806846064,0.000341069064469057
"2009-06-08",0.00577390385341665,0.00578853436335809,0.00578826259142684,0.00586839591647571,0.00586519503115842
"2009-06-09",9.0009569294139e-07,4.20259271653636e-07,3.21764001208714e-08,4.92593803583524e-06,4.8015365707644e-06
"2009-06-10",8.75677245962337e-05,9.05651315714491e-05,4.29025546183145e-05,0.000108362239744446,0.000108764604929523
"2009-06-11",0.000864693865585312,0.000855878636092416,0.000815480967242334,0.000488252774787946,0.000489524770631555
"2009-06-12",0.00538378485178642,0.00535443962070084,0.0052519159420381,0.00586073203906459,0.00586188616646706
"2009-06-15",0.00355825316324668,0.00357514909262153,0.0037638388930731,0.00437637808157849,0.00437889736016976
"2009-06-16",0.00463467513976385,0.00468055579123531,0.00479723821277892,0.00542049591937717,0.00542168953379092
"2009-06-17",0.000266692854281075,0.000257919026628673,0.000273817756410701,0.000149604009540485,0.000149609182811136
"2009-06-18",0.00272740141211426,0.00277695776965033,0.00271516147653879,0.00300746967308008,0.00299678227371227
"2009-06-19",0.00329128967556099,0.00329803274786626,0.00324718295953886,0.00403519665100617,0.004045694785539
"2009-06-22",0.000724109865802583,0.000713548054300648,0.00061264109119399,0.000433828264192092,0.000430734441455595
"2009-06-23",0.00211513477325881,0.00210429673044359,0.00205000403714811,0.00182587901480724,0.00181858799139172
"2009-06-24",0.00111681410119839,0.00112744534797485,0.0012049216043915,0.00134351107146029,0.00134542019733506
"2009-06-25",0.00147886160736977,0.00146678091584973,0.00145622208994314,0.00170484258278829,0.00170873886819079
"2009-06-26",0.00535741180317217,0.0053643868171306,0.00525607613469872,0.00609321588417633,0.00608786301992284
"2009-06-29",0.00682630138062926,0.00686317210957119,0.00665687779328375,0.00759321478170647,0.00758504898502524
"2009-06-30",0.0108326577787725,0.0108949010110092,0.0113933944656899,0.0113589349991412,0.0113027604199128
"2009-07-01",0.0134821133954306,0.0134909219312835,0.0138203527892195,0.0139805634656015,0.0140531335570624
"2009-07-02",0.00612195622760803,0.00613178255356981,0.00656824294152,0.00665670416870291,0.00662564591687473
"2009-07-06",2.17003913354626e-05,2.11990381690141e-05,3.78247506644735e-05,5.10775862208609e-05,4.95151666387602e-05
"2009-07-07",0.000592373108876843,0.000600922702296889,0.000723310493501899,0.000876499817457252,0.000866470783523454
"2009-07-08",0.00537359089425682,0.00535648326863131,0.0051300701185908,0.00483631816918788,0.00485778748341711
"2009-07-09",0.00219615064427339,0.0021854073637699,0.00197834552936942,0.00171527639679504,0.00172702549926104
"2009-07-10",6.27519589276002e-05,5.92528837040215e-05,3.63439488493148e-05,5.06326918182734e-06,6.05998786412865e-06
"2009-07-13",1.01006056060979e-05,1.08552439245773e-05,2.54621805017235e-05,3.09734350537289e-05,3.13065942060602e-05
"2009-07-14",0.00016809296271295,0.00017323076556878,0.000204119125056211,0.000226394919597897,0.000229601385489723
"2009-07-15",0.0140805246352597,0.014114227814459,0.0135653309595571,0.0130602487161518,0.0131115738187475
"2009-07-16",0.00690704927558652,0.00694278235332698,0.00659954079638882,0.00685562903935306,0.00691774903907579
"2009-07-17",0.0126668646718823,0.0126679901339574,0.0124439714490304,0.0130432718827552,0.0130858439159959
"2009-07-20",0.000547915474249084,0.000542997669170264,0.000659559601246869,0.000755173928412593,0.000753204357004051
"2009-07-21",0.000734619113195453,0.000743226130749344,0.000856388450200962,0.000891856252046505,0.000903491608625146
"2009-07-22",0.000866500745405908,0.000868860683922655,0.000818667329143565,0.000904727790207135,0.000888395174766297
"2009-07-23",3.27171102000116e-05,2.92893396343707e-05,3.30189896040796e-05,6.05157672900361e-05,5.7987140642746e-05
"2009-07-24",8.35136381586954e-05,8.28180462235137e-05,9.70095039033863e-05,0.000110758892163309,0.000115095516488762
"2009-07-27",1.80318226495933e-05,1.87382643840816e-05,4.28211718298094e-05,5.10492144183557e-05,4.93643438705501e-05
"2009-07-28",0.00130535201024052,0.00128647421158138,0.00150742532556108,0.00152338822891281,0.00146499530403242
"2009-07-29",0.00323056567573674,0.00329683605044607,0.00349501293660482,0.0035008712481549,0.00337421224501829
"2009-07-30",0.00374355159684279,0.00375727828676145,0.00368384612432232,0.00365528355554773,0.00358953887279068
"2009-07-31",0.00293266097234759,0.00291311081164557,0.0030000504538507,0.00286116345093987,0.00291984498655749
"2009-08-03",0.00299613363520381,0.00300005536623631,0.00303565890621993,0.00324599602123035,0.00326319326055195
"2009-08-04",0.00745153446772862,0.0074598573669924,0.00712142494217913,0.00731100033056394,0.00733673445168651
"2009-08-05",0.00136006165311689,0.0013600082231021,0.00135582713564051,0.00144803061784365,0.0014365766822892
"2009-08-06",0.00134936518595249,0.00134680966072967,0.00131941964380441,0.00136462621991382,0.00133067972493535
"2009-08-07",0.00353112318869273,0.00353133351995467,0.00359440975190835,0.00381706770112055,0.00379911374008225
"2009-08-10",0.00288610011953381,0.0028851468831384,0.00292937599503278,0.0031357600115188,0.00311514129996561
"2009-08-11",0.000604773026357208,0.000605066550338162,0.000623939275105807,0.000664618079705096,0.000665178288585076
"2009-08-12",0.000590326201772571,0.000585901120996652,0.000641830858898554,0.000600053384838503,0.000620407406790062
"2009-08-13",0.00170676284031167,0.00169975666880378,0.00169484484748215,0.00164508757228375,0.00166294127899184
"2009-08-14",0.0020528784882664,0.00204931923757531,0.00207141433452149,0.00205532339088033,0.00203315424529642
"2009-08-17",0.000678695075619839,0.000676408895583803,0.00078595087473648,0.000784797156006537,0.000787481810846429
"2009-08-18",0.00129608766012921,0.00128970124686387,0.0010159604934886,0.00102167806224703,0.00103838689199512
"2009-08-19",0.00140825401114524,0.00141054364827975,0.00133729586247575,0.00133952857560863,0.00135476426026329
"2009-08-20",0.00612939170430587,0.00614666517715445,0.00557984561358357,0.0056829485238021,0.00567953615036678
"2009-08-21",0.00358084813527155,0.0035785283423798,0.00348026756328403,0.00351389424354408,0.00345947339058706
"2009-08-24",0.0013810194871644,0.0013836636317859,0.00147090354707518,0.00146238633422945,0.00146287000889416
"2009-08-25",0.00137492245166261,0.00137515591341266,0.00153267814147927,0.00155096447420758,0.00157312771336039
"2009-08-26",0.00059462883943483,0.000594642478335756,0.00062678120381018,0.000658794977287909,0.000666475003497429
"2009-08-27",0.0028865553769617,0.00288462589228798,0.0027233046293271,0.00268990948849194,0.00264683727185648
"2009-08-28",0.00194231104473913,0.00193790902419696,0.00199976314486833,0.00198195570567672,0.00193597574193277
"2009-08-31",0.000468892595113867,0.000462038795015016,0.000434805464338601,0.000437557348122527,0.000450656360788304
"2009-09-01",0.00367693995075269,0.00368720500069189,0.00347993196041177,0.00345762091513419,0.00347583166609212
"2009-09-02",0.00158818929962335,0.00158809839768022,0.00148599199855274,0.00147421580709415,0.00148678169545812
"2009-09-03",0.000119748678084727,0.00011999030658893,0.000189689624288488,0.000200414109891377,0.000170296764010662
"2009-09-04",0.00410097309109945,0.00410104907483548,0.00438549960317566,0.00441492304735472,0.00438270491649665
"2009-09-08",0.00305842024964757,0.00306157513283509,0.00310290160009755,0.00317372404402574,0.00317853457551399
"2009-09-09",0.000728286095544162,0.000733331003232424,0.000703235425366907,0.000695289155403398,0.000717435806045986
"2009-09-10",0.000370018616784382,0.000367914585772651,0.000413916106912485,0.000408974661585695,0.000408649570127177
"2009-09-11",0.000980076610418296,0.000979366242837122,0.00112864265955626,0.00114654549362246,0.00114661782264169
"2009-09-14",0.000713656193748416,0.000714982954117362,0.000835723923459736,0.000844789528036623,0.000826980139250264
"2009-09-15",0.00103821271469417,0.00103999191955042,0.00116394445236707,0.00116024100396865,0.00115454371138639
"2009-09-16",0.00214041767106069,0.00215475370205032,0.00230362980572366,0.00230088681156724,0.00234961715024621
"2009-09-17",1.1900601031118e-05,1.30223951375025e-05,5.33864846269689e-05,5.11553076054448e-05,5.81433078810612e-05
"2009-09-18",0.00147927434506106,0.00146471986649703,0.00175400902445723,0.00173810299558705,0.00180392561521965
"2009-09-21",0.000128007869450785,0.000131890568058613,0.000200602579673385,0.000196194959120939,0.000200449017260004
"2009-09-22",0.000105009752370919,0.000106226409867022,0.000146494981922559,0.000148405375359341,0.00016305246499093
"2009-09-23",0.00128622180971347,0.00128205474905363,0.00116749927606813,0.00116579639831451,0.00115306187606618
"2009-09-24",0.00216903932653754,0.00215798847244932,0.00177339860020101,0.00177083837735647,0.00177791593588268
"2009-09-25",0.00446873716277891,0.00443329850877223,0.00418251206386328,0.00417977119099187,0.00416822028834311
"2009-09-28",0.000509492925250729,0.000510185821977235,0.000525309842435586,0.000519217474784759,0.000517079798584459
"2009-09-29",0.00022587540821769,0.000217230272617695,0.000227575192420257,0.000229382934836567,0.000217452137409378
"2009-09-30",0.00271332777051838,0.00269216797104713,0.00256338089675914,0.00257998162018573,0.00256308128426588
"2009-10-01",4.15677795433258e-07,4.40232086782825e-07,2.69032436538713e-06,2.493477132849e-06,4.67850174094248e-06
"2009-10-02",0.000611442691804686,0.000604662408773774,0.00088956339242147,0.000895804272972581,0.000894254501118458
"2009-10-05",0.000440513128192468,0.00045045474587993,0.000599631594512985,0.000601220048016451,0.000622962704190318
"2009-10-06",0.0010212032418737,0.00101924372829743,0.00115418872407499,0.00115588039151343,0.00113839592175605
"2009-10-07",0.00465070719145675,0.00464473105170047,0.00511672477430744,0.00513409627732212,0.00510424783816803
"2009-10-08",0.00318394260903445,0.00317405499972269,0.00335485643525041,0.00335652580280113,0.00333092715834574
"2009-10-09",0.00861419307448929,0.00860296556303006,0.0090634665682508,0.00912629409505922,0.00906910748439098
"2009-10-12",0.00438721256883909,0.0043232812250961,0.0046823898352055,0.00478636656984888,0.00490767332507484
"2009-10-13",0.00524795255308689,0.00522142664003956,0.00558860974472248,0.00562424094701829,0.00541501625242061
"2009-10-14",0.00426132773732632,0.00436217605260772,0.0050387067418637,0.00508057933290109,0.00502417323040381
"2009-10-15",0.0088766427223562,0.00893472132824422,0.0096156164783055,0.00978811924268692,0.00992820740879458
"2009-10-16",0.000447311009194055,0.00055963632130818,0.000729569862128581,0.000728800308238993,0.000750211016630267
"2009-10-19",0.00199553734341064,0.00185970101147868,0.00156920213887257,0.00155311338911654,0.00136311791329973
"2009-10-20",0.00345795628649342,0.00338484652326878,0.00298608037997416,0.00296623993450888,0.00286058377327862
"2009-10-21",0.00692441580105482,0.00684837199265596,0.00648603887742791,0.00644167153092392,0.00640065492484527
"2009-10-22",0.0122085148356713,0.0120833524304794,0.0117343021668379,0.0119184191447518,0.012004536053454
"2009-10-23",0.00156446874946828,0.00158324111818638,0.00139258201857175,0.00136344280091654,0.00151822775055991
"2009-10-26",0.000951550885394471,0.000842147568668253,0.000847992320396649,0.000784893195890575,0.000769855560213841
"2009-10-27",0.0053566509404759,0.00522256779829459,0.00483101335592383,0.00467455100322309,0.00499729744257794
"2009-10-28",0.0090851996475364,0.00870044275710869,0.00890328335462579,0.0088455843920047,0.00932975093617836
"2009-10-29",0.000432067604138992,0.000386307836876209,0.000209225647710563,0.000211223138446038,0.000182526959088979
"2009-10-30",0.00895096824974765,0.0096502915733747,0.0096579764968951,0.00990464435029824,0.00963783245337096
"2009-11-02",0.0304896334380889,0.031091131231115,0.0313982057724373,0.0314990177953237,0.031628305860836
"2009-11-03",0.00291553028782465,0.00299246824362651,0.00292084170420989,0.00286449172659453,0.00274437168086886
"2009-11-04",0.000899070402910638,0.000767254573664143,0.000931837304069114,0.00102784517848478,0.00108288369945727
"2009-11-05",0.00318954879609146,0.00321282665171894,0.00358412667219708,0.0036260644666675,0.00374543174268431
"2009-11-06",0.0062130243700583,0.00595096740688405,0.00574104682138853,0.00576702545855262,0.00575335645841599
"2009-11-09",0.029534796360243,0.0288644697452619,0.0306744674969692,0.0306702098090455,0.0300364228113054
"2009-11-10",0.0176524543718142,0.0176146353570373,0.0190712844153069,0.0188155319911298,0.0186454179932169
"2009-11-11",0.00889340480834717,0.00869192752808291,0.00923634150459351,0.00931786697380564,0.00907929069218355
"2009-11-12",0.00319591972779581,0.00345991080080559,0.00376674402178344,0.0037523316088924,0.00376957029521721
"2009-11-13",0.00401886313522703,0.00422539546900242,0.00442169343178911,0.00440866275677322,0.00430694725598344
"2009-11-16",0.00202567391472691,0.00213972660673373,0.00264033024790276,0.00266193154539731,0.00284775135698832
"2009-11-17",0.0021699251179933,0.00232441809600304,0.00283528820539451,0.00284772880999929,0.00264574123565157
"2009-11-18",0.000873123117785922,0.000989039487498969,0.00139730081183164,0.00139050029798393,0.001560950850818
"2009-11-19",2.48327054672683e-06,2.30846662026814e-08,3.98143651735213e-06,5.68219995259853e-06,1.78324201923943e-05
"2009-11-20",0.000960720770628569,0.000960286173864979,0.00128432434711134,0.00134517848291217,0.00131856981738983
"2009-11-23",0.00144695590814943,0.00149515179920046,0.00193004195811424,0.00188978484944765,0.00185496223047821
"2009-11-24",0.000893200521018692,0.001153507910539,0.00156085805841911,0.00152762691075257,0.00143957955854876
"2009-11-25",0.00551689800379469,0.0060626142149518,0.00693104226840515,0.007107707941176,0.00713692466019184
"2009-11-27",0.000283369833582536,0.000222172765131889,6.56039087821433e-05,6.15526918152697e-05,3.72682743729813e-05
"2009-11-30",7.93206380336577e-05,9.97754589885578e-05,0.000221820884416716,0.000287136636539716,0.000322969996980026
"2009-12-01",0.000190797014142592,0.000278311289542078,0.0004227381932491,0.00045297239119749,0.000564601997751155
"2009-12-02",0.00108595813222737,0.00115097466436845,0.000939893642866679,0.000833369761887301,0.000801279532145072
"2009-12-03",0.00340822546160099,0.00316672553189335,0.00282581426503114,0.00271537866172715,0.00266916696971741
"2009-12-04",0.0101541446815603,0.0107515985708468,0.0106610172284534,0.0106140989608318,0.0108978358771963
"2009-12-07",0.00667489703292052,0.00677279527161587,0.00506422551680811,0.00511151418256934,0.00530681349060521
"2009-12-08",0.00352456837358303,0.00337029366933753,0.00235467879423033,0.00233689998682989,0.00247068321599053
"2009-12-09",9.10041409913075e-05,4.82286663278013e-05,1.04391054311598e-06,5.46444629644323e-07,5.16848080756714e-07
"2009-12-10",0.000374359987449687,0.000213812711975062,7.95637788912604e-05,7.40899558764175e-05,5.366751474708e-05
"2009-12-11",0.00434167960058364,0.00456609343344136,0.00545947901516016,0.00544655211912016,0.00564477171570231
"2009-12-14",0.00193249168767514,0.0025411500017157,0.00348347510050593,0.00361032884142692,0.00388690671353143
"2009-12-15",0.00411235520566323,0.00445695090371228,0.00563917996359495,0.00575034231638597,0.00569674881285651
"2009-12-16",0.00338126867280264,0.00370866029958736,0.00453558861673199,0.00454266601360793,0.00507193263907469
"2009-12-17",0.00491348812911098,0.00603810076662237,0.00631482512357214,0.00648178165459669,0.00627667867089325
"2009-12-18",0.0029741499035435,0.00332360982644748,0.00387259565554214,0.00405711283017145,0.00413690256377239
"2009-12-21",0.0019488039635843,0.00242233300561699,0.00278580714896864,0.00287797783894105,0.00307828296439219
"2009-12-22",0.003839946360357,0.00420859527863999,0.00467234721177821,0.00466093670868902,0.00461159796442563
"2009-12-23",0.00412672523187157,0.00386149206039423,0.00436370286119237,0.00447739802374785,0.00476442218428065
"2009-12-24",2.06524127917108e-08,6.64089673975162e-07,6.13125680435081e-06,7.18306532726904e-06,1.21668904300146e-05
"2009-12-28",3.94649678769645e-05,5.83045870994066e-05,7.62665416648785e-05,8.05699936672703e-05,0.000108705060491037
"2009-12-29",0.000443040963572676,0.000705279992674026,0.000763451955319238,0.000792926723808299,0.00073910639587246
"2009-12-30",0.000104872161061064,0.000230192548204206,0.000269622896389356,0.000268129850478792,0.000301446157872028
"2009-12-31",0.000660088314396594,0.000940125409142117,0.0011305554096375,0.00112971483643592,0.00139410877806449
"2010-01-04",0.00219815556958352,0.00313157180334069,0.00329767857883704,0.00327796927201352,0.00361166867694775
"2010-01-05",0.000922964922296706,0.00127292564818813,0.00165969513719884,0.00168201524674426,0.00199630051742324
"2010-01-06",7.39502113330109e-05,8.21757766865982e-08,5.30290895633814e-05,5.37958581249255e-05,0.000181275099648291
"2010-01-07",0.000367692420687269,0.000227619445511978,8.41867772204999e-05,6.23468955505837e-05,1.33456316359698e-05
"2010-01-08",0.000124234560972074,6.28352410460804e-05,1.04424102165523e-05,6.20536396988888e-06,4.10129726105184e-07
"2010-01-11",0.000678873867438877,0.000617416532499095,0.000442047595773226,0.000445615922727453,0.000471722401632851
"2010-01-12",0.00262563317688326,0.00241612888568473,0.00240290692915757,0.00241308462590423,0.00247854551898421
"2010-01-13",0.000607685905282664,0.000534487567881947,0.000419436306003254,0.000393223796859683,0.000477208796029991
"2010-01-14",0.00111084470395772,0.000967150918972649,0.00095722869750559,0.00100958513354538,0.000881976335546704
"2010-01-15",0.000405060679316271,0.000486532542452555,0.000414072111522513,0.000404745688802376,0.000357164314462097
"2010-01-19",9.91265216159264e-07,1.70904476768692e-07,1.37472954599568e-05,2.14675652882574e-05,5.23255053359646e-05
"2010-01-20",0.000304587060477163,0.000207328673875037,0.000497405988866468,0.000505845129754131,0.000536114422451269
"2010-01-21",0.0021877335218437,0.00195703984364732,0.00176119849986953,0.00172107382546347,0.00188924228358884
"2010-01-22",0.0130097271945229,0.0126905210559127,0.012316879258248,0.012268806546496,0.012098883398519
"2010-01-25",0.00125187108047178,0.00114502016165045,0.0011341750561339,0.00113350446101304,0.00109506193282192
"2010-01-26",0.042084503666754,0.0418476627821865,0.0411016757692859,0.0407949513412032,0.0405248933036796
"2010-01-27",0.112439225366597,0.112631640006905,0.111055920953336,0.110627052078107,0.111464204878105
"2010-01-28",0.0124406310887973,0.0127501870142844,0.012526023292442,0.0129216494884649,0.0134749478815635
"2010-01-29",0.0107018743787971,0.0112256475497567,0.0110569180386262,0.0114864661182539,0.0117644113262231
"2010-02-01",0.00717611453012279,0.00745208548319539,0.00702739085917953,0.00728741868620124,0.00739536728074044
"2010-02-02",0.00393895054784102,0.00432081147950434,0.00489761185820174,0.00486277026433003,0.00462307222476267
"2010-02-03",0.0255913401829277,0.0250053087291013,0.026865847297933,0.0276237641971905,0.0242536663303622
"2010-02-04",0.00532410357813967,0.00450631827766709,0.00496562212617653,0.00500685270990017,0.00433019983189547
"2010-02-05",9.09732793515863e-07,8.98929664925633e-05,4.4236029209435e-06,2.11829765243686e-06,2.32255903388613e-06
"2010-02-08",0.00654047862438883,0.00687864417997764,0.00948651578956222,0.00947156516942541,0.00952586381082392
"2010-02-09",0.00140857389821787,0.00141558826970279,0.00217441353332852,0.00216411896203644,0.00219628176495425
"2010-02-10",0.00505501002787769,0.00497535915433243,0.00555473604470506,0.00555575799233988,0.00620901415611683
"2010-02-11",0.00469558106515378,0.00438071128797122,0.00531547234128296,0.00527617329375514,0.00572781132853926
"2010-02-12",0.0109408118032543,0.00979249221493921,0.00991522900485104,0.0099009178169774,0.00993616951120145
"2010-02-16",0.0220437925478132,0.0214211370783775,0.0196566728089014,0.0196896647712935,0.0190624238074654
"2010-02-17",0.0138665794554517,0.0127450603520654,0.0113923780627338,0.0113736492436605,0.0114387046060877
"2010-02-18",0.00960044704093831,0.00911231027383395,0.00967808570653249,0.0096746661269068,0.00926804516762714
"2010-02-19",0.0120283357376689,0.0115889544267765,0.012544327109378,0.0125471797963913,0.0125396798963065
"2010-02-22",0.00693750117448205,0.00673028224061872,0.00752270951297618,0.00750827979944367,0.00715357105442838
"2010-02-23",0.000228481706484214,0.000193971239893289,9.25118692511135e-05,9.52658986011101e-05,7.37108080806626e-05
"2010-02-24",0.000203809678912058,0.000259178198915509,0.000475200997368213,0.00047762184174538,0.000438106975967991
"2010-02-25",0.00170889603476718,0.00161346629709753,0.00110080484650585,0.00109292452120011,0.00105888388928844
"2010-02-26",2.68461970013179e-05,2.9582745804506e-05,0.000114913711276614,0.000120622916119426,0.000131433925498053
"2010-03-01",0.0014181642845531,0.00150180176878433,0.00191253100047008,0.00190952210166519,0.0020450853158035
"2010-03-02",0.00238846023042845,0.00244283835225609,0.00335103765742252,0.00332811265204353,0.00332849749287934
"2010-03-03",0.00292655160763051,0.00297781889014871,0.00373818655157141,0.00371142046918924,0.00356871011678785
"2010-03-04",0.00547854170555251,0.00561853314029488,0.00674052924042012,0.00670390779448256,0.00706073514717662
"2010-03-05",0.00170174056041617,0.00178632970791202,0.00223977775392582,0.00222661319767733,0.00216794654698986
"2010-03-08",0.00253219217843884,0.00275306247953835,0.0034339503805573,0.00341974537288725,0.00358228576223037
"2010-03-09",0.000114033650865117,7.00614158273136e-05,4.09918620431662e-06,4.45676820298339e-06,4.72071869974328e-08
"2010-03-10",3.93329001679865e-05,2.05866631962477e-05,9.45414764527959e-06,9.00884057898417e-06,1.5013908071422e-05
"2010-03-11",0.000374826863549105,0.000474619253647111,0.000753844620397931,0.000751727600674169,0.000792929194479094
"2010-03-12",0.000135767620047878,0.000170991808937328,0.000351937092138818,0.000347746658450112,0.000407228228057825
"2010-03-15",0.00367262804576048,0.00346536752438384,0.00313678178432755,0.00314427366549335,0.00309586765149641
"2010-03-16",0.000851546232214046,0.000983555364667558,0.00132058604705984,0.00131737454844152,0.00135435770925974
"2010-03-17",0.0024514562204503,0.00252324802646261,0.0030889622216442,0.00308140352383189,0.0031183940169115
"2010-03-18",9.2109029784853e-05,0.000143147143649098,0.000218327064024288,0.000215627428246904,0.000190022970564064
"2010-03-19",0.000270172643956372,0.000324126357464283,0.000448267371804032,0.000442212783651655,0.000474021833024549
"2010-03-22",0.00178682432634911,0.00198929367036257,0.00224035002908948,0.00223437773024825,0.00245295331511613
"2010-03-23",2.8480488771785e-06,1.63489187979713e-06,3.95904738167541e-07,3.65099935523633e-07,5.09393487958359e-08
"2010-03-24",0.000398492993319549,0.000330541011063193,0.00029306247001831,0.000295249456445308,0.000249301423237577
"2010-03-25",1.6921608747705e-07,1.15795449011022e-06,1.33591479689298e-05,1.28543508779182e-05,3.28326850791522e-05
"2010-03-26",0.00140675333241469,0.00134045951444048,0.00163091693502837,0.00163713261824709,0.00168532877548268
"2010-03-29",0.00117696905641503,0.00122998035495323,0.00136285474282051,0.00135717934936907,0.00146249301871034
"2010-03-30",0.000348786808724639,0.000407366523305108,0.000708693759163097,0.000703190767676899,0.000797144833160787
"2010-03-31",0.0015569842173472,0.00157540977483435,0.00192367901383942,0.00191371413258997,0.00191826143871356
"2010-04-01",0.000225614375192928,0.000229634273512768,0.000390436448203419,0.000383743905832636,0.000395408828505478
"2010-04-05",0.000366953428744612,0.00038221240645101,0.000648554309304402,0.000645665121338294,0.000805459223250383
"2010-04-06",0.00173257555243772,0.00180807530646379,0.002348816121896,0.00234453608383911,0.00241114290381997
"2010-04-07",0.00028253422165924,0.000329373615556555,0.000551859433765154,0.000548464898458014,0.000601758330874088
"2010-04-08",0.000433295295817233,0.000474931202792845,0.000259498601055907,0.000263955295215342,0.00021420412062429
"2010-04-09",0.00386501342767998,0.00393619658775077,0.00417251752520955,0.00414913208261934,0.00440406066604982
"2010-04-12",0.00428816442884393,0.0045587548587894,0.00504215893200121,0.00501938195389212,0.005266514679165
"2010-04-13",0.00284929619382763,0.00302514039697243,0.00327475482109575,0.00326033401178186,0.00343311225618512
"2010-04-14",0.00357277625875495,0.00367023627320517,0.00421501254849413,0.00421090162526293,0.00424882095954614
"2010-04-15",0.00611865751125502,0.00654059046186064,0.00722521518530198,0.00721808365662179,0.00777142560857242
"2010-04-16",0.00710935737941313,0.00709359093087459,0.0065567452011256,0.00654285363340896,0.0062593040714248
"2010-04-19",0.00605158200220878,0.00579784614744683,0.00520964266382163,0.00520180123241815,0.00504833834885232
"2010-04-20",0.00526044330976442,0.00518271056115342,0.00496518332613016,0.0049670286312849,0.00472089051245022
"2010-04-21",0.00923776784283132,0.0092354925672771,0.00883707354520049,0.00883409124334082,0.008435223589815
"2010-04-22",0.0100610094581329,0.00984330134616665,0.00931612283464444,0.00928840791204765,0.00888909040393336
"2010-04-23",0.000646068814703977,0.00065215507546115,0.000619228480526569,0.000594198862862964,0.000474992290619358
"2010-04-26",0.000884755036656397,0.000812515237252184,0.00106042083030773,0.00106981859203866,0.0013944338929861
"2010-04-27",0.00586004448222936,0.00542410313088866,0.00473915445739933,0.00470592398436535,0.00438618893173705
"2010-04-28",0.0154242208445471,0.0147069075666996,0.0149786277128107,0.0149477684270566,0.0164555142707111
"2010-04-29",0.000614147119590255,0.000660136782926756,0.000293830812626356,0.000294727709728513,0.000242216847916847
"2010-04-30",0.00450123996084222,0.00482496342284759,0.00507560233481018,0.00508452095679139,0.0047393041652368
"2010-05-03",0.000137476074504486,6.83247568262301e-05,6.66998481919026e-05,6.83904483557976e-05,2.97770785452102e-05
"2010-05-04",0.00258649702689645,0.00243583448137346,0.00241474449211122,0.00240342286737778,0.00234834926160706
"2010-05-05",0.0100982892204173,0.00953680637766602,0.00938949070698281,0.00936145228891138,0.00914045976765284
"2010-05-06",2.55652598302946,2.55184120350962,2.54964704894905,2.54902776617874,2.55014145946214
"2010-05-07",0.29861877397943,0.299113848657449,0.297622203296607,0.297833883093755,0.295734786455897
"2010-05-10",0.0178809267312573,0.0177796177131769,0.0177557851156004,0.0176818672029214,0.0170231213378128
"2010-05-11",0.0130624691004496,0.0134638415071274,0.0138164704706111,0.0137866348202496,0.0134473706587053
"2010-05-12",0.00114621829325271,0.00103441743769696,0.00101445549784056,0.00101163850218999,0.00116562890679501
"2010-05-13",0.144562863242081,0.12811667865884,0.114101521741643,0.113970444439741,0.108244435555834
"2010-05-14",0.0730454366939255,0.0639735195559443,0.054518533891834,0.0544021320195224,0.0472545007615234
"2010-05-17",0.00275436716524617,0.00170194270974537,3.90540850237063e-05,5.06571298926844e-05,1.7265648550467e-06
"2010-05-18",0.00287725793569171,0.00301334050263454,0.00152114291212601,0.00154769726477032,0.0014085498297772
"2010-05-19",0.0145157607582238,0.0142517622329836,0.0136520236059622,0.0135897221971433,0.0123875520595081
"2010-05-20",0.0260109672551064,0.0251409143811053,0.0268241657385494,0.0266075740043968,0.0256827020618261
"2010-05-21",0.0278775362192633,0.0288223403701569,0.0305266094829168,0.0307495045781892,0.0309778313518152
"2010-05-24",0.00138050852712052,0.00121846402591092,0.00109006898017216,0.00103690122805275,0.000950282847976406
"2010-05-25",0.00923521188428219,0.00999365332107651,0.010223248449801,0.0102880234841949,0.0108652945793837
"2010-05-26",0.00272826240616445,0.00213942855680316,0.00165875575074231,0.00161988189711854,0.00138868926522459
"2010-05-27",0.0403861813888986,0.0361880353609556,0.033683254329717,0.0334246614095882,0.030156523742281
"2010-05-28",0.0169311469132711,0.0149156640409393,0.0118643316679666,0.0117684106514188,0.0102449989692345
"2010-06-01",0.00450264660405012,0.00418611595103131,0.00362593860353435,0.00365596796409697,0.00320634440586335
"2010-06-02",0.0239945930652269,0.0228935679311658,0.0226252257256499,0.0226194385258592,0.0199014123942435
"2010-06-03",0.0168372247742096,0.0159020708371963,0.0147121657336831,0.0147506277629483,0.0135398837391998
"2010-06-04",0.000528807912247838,0.000501164519089273,0.000367031440903149,0.000369630270672431,0.000235074175307933
"2010-06-07",0.00134008605766099,0.00140932844641289,0.0014700906889203,0.00146846969217348,0.00170317311785472
"2010-06-08",0.00784665039412273,0.00792876069184886,0.00799798652631017,0.0080111357989698,0.00855050828028149
"2010-06-09",0.00397014253927948,0.00359512287006753,0.00496717559422601,0.0049663585378545,0.00512442854783486
"2010-06-10",0.00185008476925253,0.00161182570656298,0.00224356489842852,0.0022448321470915,0.00249101756981023
"2010-06-11",0.000599619030962406,0.000548794246761825,0.000331467187603095,0.00033641118929689,0.00028045840621181
"2010-06-14",0.00904571838599609,0.0096230859391806,0.00956319627134212,0.00956341612755199,0.009552143184703
"2010-06-15",0.0366540517048693,0.0350842138662766,0.0367591812305133,0.0368167005505051,0.0358291963491277
"2010-06-16",0.0279104596280376,0.0280756685694288,0.0294720954018643,0.0294630168855116,0.0290204806698986
"2010-06-17",0.0151202187754304,0.0158546000041303,0.0162498497968135,0.0162629010885011,0.0166210392525089
"2010-06-18",0.022274271334131,0.0229810569597002,0.0232481281341959,0.0232810288648793,0.0214797815981021
"2010-06-21",0.00145699058879664,0.00146679973507811,0.00156966774424679,0.00157173793586822,0.00153086393312508
"2010-06-22",0.000451696190751484,0.000377812833887718,0.000300337306638658,0.000300171581750303,0.000311198871218248
"2010-06-23",0.00729627937449133,0.00685926506147194,0.00587073011325845,0.0058865104955226,0.00596479690281934
"2010-06-24",0.00135690789293431,0.00120136125349066,0.000971783285258329,0.000980040999813771,0.00115240331187495
"2010-06-25",0.00629010177370081,0.00579320280661481,0.00616795708762589,0.00617277383209867,0.00636421683188482
"2010-06-28",0.00159121040232887,0.00133733690699331,0.00198060976224981,0.00197043976319595,0.00167789058551154
"2010-06-29",0.0195443472672351,0.0188027558768877,0.0192217106294243,0.0191799378851979,0.0190304297393468
"2010-06-30",8.93000256393872e-05,0.000132370339716629,5.39215214281898e-05,5.41124069669034e-05,5.77078865091541e-05
"2010-07-01",0.0206210180420885,0.0207661312162783,0.0208043508262104,0.0209071044008357,0.0211149902264214
"2010-07-02",0.000404461128349555,0.000442122261398438,0.000470370595075461,0.000470883956467144,0.000614373393417394
"2010-07-06",3.04003285399324e-05,1.92505286409263e-05,3.98591483076251e-05,3.81971115170903e-05,3.47717311678002e-05
"2010-07-07",0.016653885811752,0.0164117244575409,0.0158318305286357,0.0158476640339867,0.0159986619104712
"2010-07-08",0.00299266024452587,0.00245748894496998,0.00263996583602554,0.0026410931281869,0.00292598820109506
"2010-07-09",0.0222646014179266,0.0216141465836738,0.0204682270668068,0.0204184531387035,0.0206085001061322
"2010-07-12",0.0076736405844771,0.00753620826958576,0.00784013762663484,0.00783510857074927,0.00797886121455688
"2010-07-13",0.00108635389883655,0.00110692669767334,0.00104583585512504,0.00105163072299501,0.00102478536652565
"2010-07-14",0.000452082731097761,0.0004826466143688,0.000656123836847339,0.00066118706900046,0.000774305727054133
"2010-07-15",3.20629034117668e-05,1.14810077794882e-05,2.63700830856634e-06,2.92239653626892e-06,7.92435293959494e-06
"2010-07-16",0.00653253530336078,0.00595277406407744,0.00566953914366227,0.00566816919085192,0.00534481038806248
"2010-07-19",0.00429948662418756,0.00388837127724474,0.00294134419231541,0.00294558307294649,0.00246474835082389
"2010-07-20",0.000511316566057427,0.000821971517545397,0.00137908056298919,0.00138232296506989,0.00171671011917025
"2010-07-21",0.00412624354550017,0.00373636238964888,0.00354313506172396,0.00357083964272852,0.00321032281486521
"2010-07-22",0.00300214877292833,0.00324059524837991,0.00367526628683481,0.00365481261362219,0.00308852936900428
"2010-07-23",0.00708270689008869,0.00712162479789716,0.00706345791704617,0.00704490846710066,0.00713470122555203
"2010-07-26",0.0216523156576319,0.0224588197805857,0.0228543869093489,0.0228189423223438,0.0238030675361129
"2010-07-27",0.0115800473700474,0.0119634942770987,0.0108747830500476,0.010848240838986,0.0106838445049765
"2010-07-28",0.0163314112653671,0.0161272391180563,0.0159632453194192,0.0159169594991408,0.0155191683955175
"2010-07-29",0.00228276058837138,0.00223013153675584,0.00208634800913384,0.00209282960601623,0.0021109916290826
"2010-07-30",0.00126999865950457,0.000860664548837435,0.00062862743597032,0.000640605818632551,0.000761332541821469
"2010-08-02",0.00705650493792341,0.00700608217601957,0.00702935650115985,0.0070358581147607,0.00730817349526073
"2010-08-03",0.00378217603638726,0.0038320161679895,0.00372237605323287,0.00371751507577011,0.00359517522639457
"2010-08-04",0.00211787845785539,0.00233165838389283,0.00243429823749856,0.00245785530636911,0.00198220092815293
"2010-08-05",0.0117182584955976,0.0116396809976372,0.011514256790557,0.0115380156723149,0.010974432812491
"2010-08-06",0.00575022508347646,0.00609845129283915,0.0050197967176259,0.00500248170711497,0.00474271208038554
"2010-08-09",0.00562130671982139,0.00531625846819834,0.00527559264169404,0.00532939376708837,0.00534446312470005
"2010-08-10",8.50460240727877e-05,0.000148804330675397,0.000136838531028008,0.000136920869528734,0.000115683555115273
"2010-08-11",0.000552449127573702,0.000698019366113047,0.000949451881351316,0.000905681583271477,0.00109978261387407
"2010-08-12",0.000420519816693968,0.000379483550508763,0.000234822492811567,0.000230723473194467,0.000245714249368788
"2010-08-13",0.00216475974633413,0.00205702753916678,0.00203220737724166,0.00204699985989215,0.00185523393676241
"2010-08-16",4.0600492241736e-06,2.28614331310553e-05,1.4641874362106e-05,1.51832486999839e-05,2.57195269831261e-05
"2010-08-17",0.00317326879392006,0.00301861119574167,0.00298281377775311,0.00298841688319214,0.0029919852687792
"2010-08-18",0.00253051746140215,0.00234602570162255,0.00250394003634107,0.00259858697581009,0.00258001425197736
"2010-08-19",0.00175845252574314,0.00192020099489641,0.00162255174207611,0.0016583137990528,0.00162467596044107
"2010-08-20",0.0037759900949214,0.00397065204005184,0.00406309817178604,0.00405058848239335,0.00382069331564204
"2010-08-23",0.000102814740958827,7.53175676059842e-05,7.35347700118621e-05,7.70554423376174e-05,5.97768368348445e-05
"2010-08-24",0.0044819954920537,0.00460942577461036,0.00436484860897713,0.00432312499234899,0.0045189220239339
"2010-08-25",0.00449858150056441,0.00436197427582985,0.00436398261684097,0.00440708516702938,0.00452040559132379
"2010-08-26",0.00105074140694113,0.00108866092412011,0.00125105075128185,0.00123987365311372,0.00120005099348381
"2010-08-27",0.013991052008696,0.0140854214980542,0.0140843721841106,0.0141534582845553,0.0139886192236814
"2010-08-30",2.66581096808498e-06,2.35225758326418e-07,5.22742454068175e-06,5.51621103316662e-06,1.62404142505484e-05
"2010-08-31",0.00045634374308223,0.000486921374242523,0.000471717538318583,0.000469323825486938,0.000422523167731189
"2010-09-01",0.0038770488107599,0.00393745991814958,0.00378113030497559,0.00377248567193391,0.00368294171737777
"2010-09-02",0.00561332127024789,0.00562103885542457,0.00530131028819679,0.00531075681737322,0.00515120343815352
"2010-09-03",0.0116406437723558,0.0113985141190217,0.0107763777960396,0.0108373388232105,0.0103445843048218
"2010-09-07",0.00342329257434448,0.00363344032414083,0.00382396135407211,0.00382649043770438,0.00385768042753119
"2010-09-08",0.00463886423244792,0.00459040516502422,0.00485694345584896,0.00483790877944233,0.00465418782577682
"2010-09-09",0.00344235956293817,0.00320182838784978,0.00331764278562989,0.00333269275478399,0.00326126282418335
"2010-09-10",0.00134169149797002,0.00129014895951586,0.00140830234482583,0.00140363431764028,0.001537751548173
"2010-09-13",0.00439311354360598,0.00409305487016946,0.00450463833902301,0.00451535898791145,0.00476470816852303
"2010-09-14",0.00186984357070048,0.00191737439199492,0.0021610363326498,0.00215820752704781,0.00238571572133751
"2010-09-15",0.00453031379307023,0.00471057665180323,0.00541151869331367,0.00539763552806415,0.00576347194203634
"2010-09-16",0.00236030889367205,0.00248993127298421,0.00296939426230645,0.00295095303710117,0.00303835822964912
"2010-09-17",0.000647807065947117,0.000745866267186519,0.000889300868258693,0.000896793690125943,0.000929453334506573
"2010-09-20",8.85502615083294e-05,0.000111886310633382,0.000155510604815682,0.000152055656114975,0.000192015991570789
"2010-09-21",0.00185198154965907,0.0017519330769708,0.00174526666706785,0.00173619434820375,0.00177235007790148
"2010-09-22",0.00139273144056505,0.00133299667353619,0.00124497025446891,0.00127148497673932,0.00134296626212055
"2010-09-23",0.00175893789982477,0.0017719821572597,0.00137195395663969,0.0013731168761583,0.00147062636383079
"2010-09-24",1.1561360650939e-06,2.50556076633349e-06,4.1701898198053e-05,3.88584386239632e-05,3.07929759271565e-05
"2010-09-27",4.16375033192225e-06,2.21000922999689e-09,5.57200871319199e-06,5.7491826995889e-06,2.26555008560503e-05
"2010-09-28",0.118589401531216,0.117817442881712,0.116196029562588,0.116205697103291,0.114345242705235
"2010-09-29",7.31571566162673e-05,7.67284092717947e-05,5.28074263214894e-05,5.27141449049127e-05,3.13378189623728e-05
"2010-09-30",0.0041507755367722,0.00430296029725335,0.00378939636165909,0.00368872544317869,0.00360580554642272
"2010-10-01",0.00149451464918193,0.00144025665475283,0.00149395019448473,0.0014701917956661,0.00141709839209979
"2010-10-04",0.000937876610296846,0.000918286989486271,0.000567994955274503,0.000567231827516212,0.000479223067742297
"2010-10-05",0.022169698406724,0.0240232507391137,0.0255100214251345,0.0258632070075669,0.0274080036820652
"2010-10-06",8.41130834408015e-06,2.52196758425468e-05,4.51763524938207e-06,3.88197852522035e-06,7.17077126148284e-06
"2010-10-07",0.00195657824445066,0.00217513467151737,0.00210905813224945,0.00209122450240609,0.00206531902440872
"2010-10-08",0.00216653448116377,0.00227474994828261,0.00222559579814546,0.00221031386977,0.0022992782865634
"2010-10-11",0.00638379508160761,0.00627599671371955,0.00664624117934506,0.00654486168746028,0.00597276542487119
"2010-10-12",6.68864368005452e-06,1.38804889500279e-05,1.65062009994946e-05,1.03936758637448e-05,3.23347594249187e-07
"2010-10-13",0.00677868343887089,0.00745305871511893,0.00869885031251589,0.00872619634744898,0.00918260364110364
"2010-10-14",0.00843482906527979,0.00929271069012576,0.0105943570386145,0.0103805773619702,0.0103928002525977
"2010-10-15",0.00114603256884461,0.00132832141055856,0.00157281010895534,0.00146971560135621,0.00141980238496763
"2010-10-18",3.25319593825117e-06,2.28861122072698e-05,0.00021649159669998,0.000210904651195229,0.000276544386456291
"2010-10-19",0.0261565500826859,0.0251423201747374,0.0229386758868388,0.0226885170380608,0.0227445817494801
"2010-10-20",0.0063986999773295,0.00631945989969816,0.00629240161401095,0.00626122904578114,0.00604146348529946
"2010-10-21",0.00538520262396065,0.0054626579672642,0.00557728186924029,0.00551093128044489,0.00529156426353757
"2010-10-22",2.59696897587917e-05,1.42020801124155e-05,4.36256025369797e-06,6.26471081333917e-06,4.30320899502042e-06
"2010-10-25",0.000874776503841194,0.00111949783620954,0.000883684160152707,0.000876365516480639,0.000968388617510326
"2010-10-26",0.00820178012427819,0.00867422917310623,0.00858276348083371,0.00868318454357614,0.00918228237311214
"2010-10-27",0.00320204140739835,0.003205930309597,0.00302548488176424,0.00287646564875306,0.00284556473096391
"2010-10-28",0.00145533869325325,0.00140502878445969,0.00149529084010643,0.00139577416789343,0.00138816822868344
"2010-10-29",0.00265631385536856,0.00202103111655897,0.0027210787292392,0.00283082506978482,0.00346089263339731
"2010-11-01",0.000212837076800675,0.000151080497438289,0.00020948595144347,0.000220368587517792,0.000296386866060964
"2010-11-02",0.00129951662140179,0.00140427463885525,0.00132518133138968,0.00125467452409753,0.0013516152269458
"2010-11-03",0.000414934356995345,0.000372643179871286,0.000287172604626049,0.000300468867550236,0.000270534420608221
"2010-11-04",0.0027240594783682,0.0029882389765036,0.0033010842223425,0.00326626204518916,0.00326094675183888
"2010-11-05",0.00130620495319682,0.00159375324769617,0.00186459358600128,0.001837554977971,0.00177872757193009
"2010-11-08",0.0037209883026649,0.00407916087000459,0.00443122795870961,0.00425373135550585,0.00421725939473868
"2010-11-09",0.000667997261743561,0.000828034038757076,0.00115159793720176,0.00105719604173923,0.000819645292185732
"2010-11-10",0.000970080673543112,0.000757534781419483,0.000981644939289282,0.000909794036577263,0.000791806844876673
"2010-11-11",0.00018468800180541,0.000225678967536209,0.000197053340035296,0.000172399930806915,0.00016735167935684
"2010-11-12",0.00878742006662078,0.00855008059465805,0.0084812239967173,0.008523570070931,0.00874766812088961
"2010-11-15",0.00304244077946121,0.0028130416562126,0.00239699569803888,0.00231243486477829,0.00230262605885717
"2010-11-16",0.0037629172480525,0.00331136066613132,0.00308471171373168,0.00303598750228072,0.00303074009574359
"2010-11-17",0.00225394331861767,0.00213834490123137,0.0020079458572744,0.00198936190681005,0.00206525894134033
"2010-11-18",0.00121393190333383,0.00125899340496173,0.00148035705431219,0.00143694545382085,0.00136143449500326
"2010-11-19",0.00384499177242277,0.00416882205742602,0.004945000085947,0.00494770649787429,0.00466972565009344
"2010-11-22",0.000826758096694653,0.00113842498341678,0.00164700303413837,0.00162549254117286,0.00165670339530852
"2010-11-23",0.000461752871849526,0.000166509461393574,0.000306309655697036,0.000302581378768968,0.000414914457854983
"2010-11-24",0.0105713369801836,0.00948370679094391,0.010676177569774,0.0105759420103362,0.011204048282408
"2010-11-26",0.000707200300083642,0.000691979118356906,0.000719347596926655,0.000690245991031781,0.000657781663093717
"2010-11-29",0.00036634938885657,0.000296779463960688,0.000270293987288425,0.000323339917600397,0.00035519395925395
"2010-11-30",9.03005753507602e-05,0.000114685291863962,0.000161645229634663,0.000137490794738066,0.00010720583183637
"2010-12-01",0.00540217999654307,0.00493878941171139,0.00540785489877012,0.00522319533279352,0.00530985828044434
"2010-12-02",0.000147960781699455,0.000142950082118415,0.000232843615597747,0.000219725918647846,0.000175984663222137
"2010-12-03",0.0017390249276896,0.00165071432488709,0.00225937883220619,0.00229489853487562,0.0020557449221436
"2010-12-06",0.00175417349571571,0.00178430747711869,0.00204760371906154,0.0021624740068129,0.00227577634044044
"2010-12-07",0.00169662809805919,0.00155228677157344,0.0018591340022378,0.00187227251407089,0.00188137958399442
"2010-12-08",0.00017041861916099,0.000119031901986438,0.000135932608288905,0.000124597549672218,0.000168928845888713
"2010-12-09",0.000851151347601283,0.000741382614574115,0.000873170049159913,0.000813536436444137,0.000945640611228216
"2010-12-10",0.00280261097462461,0.00286057564703806,0.00315642820476434,0.00314637051923991,0.00326734581986837
"2010-12-13",0.00196928725055431,0.00226214398976272,0.00275064149911487,0.00253186798343988,0.00257667640688774
"2010-12-14",0.000402493630628845,0.000500690588470335,0.000669397223677412,0.000617372041205428,0.000720223771755855
"2010-12-15",0.000594804659179071,0.000742446560082058,0.00113332312500919,0.00101333176556269,0.00104650190267317
"2010-12-16",0.00193097578669589,0.00207364320507139,0.0027674246251884,0.0026996761204547,0.00285049212487957
"2010-12-17",0.00375128275851999,0.00381540382764217,0.00403825799751189,0.00381108756668899,0.00396837648497017
"2010-12-20",0.000172213382073241,0.000251553212148714,0.000335101238288623,0.000319920435641158,0.000377829275343081
"2010-12-21",0.00346015898105274,0.00411873896070271,0.00357725274919338,0.00349730518256264,0.00369285496333684
"2010-12-22",0.00478091611607208,0.004221014047631,0.00413819606414437,0.00402829589238316,0.00435423618332988
"2010-12-23",0.00384168992190874,0.00371526968580936,0.00356863456581599,0.00354892013515124,0.00364485039111744
"2010-12-27",0.000247763922661396,0.000164344961018153,0.00012810352382125,0.000150208877448599,0.000163324570286858
"2010-12-28",0.00243112649289078,0.00275097288868166,0.0027507096757747,0.00288765195548393,0.00298219850879359
"2010-12-29",0.00339890823403995,0.00374337141313312,0.00389734691578387,0.00394105774284375,0.00408896564379666
"2010-12-30",0.000642254832924499,0.000790635734708408,0.000914425274500484,0.000932223835708963,0.000997375895254225
"2010-12-31",0.000104561770631522,0.000196651772694629,0.000245428340453214,0.000251328135534377,0.000265711393478653
"2011-01-03",9.62847075750485e-05,2.8322282742709e-05,1.86424648836717e-05,1.9541387297676e-05,1.67209803528548e-06
"2011-01-04",0.000624089552604216,0.000489509600756076,0.000438496952102985,0.000440368524088704,0.00036913975632461
"2011-01-05",0.000451518815849525,0.000332974764397089,0.000284845090947773,0.000288900501668563,0.000260693039588681
"2011-01-06",5.44156871446904e-05,2.96211490408357e-05,9.63152020286733e-06,1.31296093523908e-05,1.15861199413552e-06
"2011-01-07",0.00229345735973689,0.00202310721484505,0.0018339476516798,0.00188071024510797,0.00171919451456028
"2011-01-10",0.000250032836700772,0.000153469383906768,0.000123083763052322,0.000125866480917866,0.000107880871949875
"2011-01-11",0.00100178944218427,0.000894943136656815,0.000946827642812447,0.000940421267250857,0.000880301933451994
"2011-01-12",0.000169037999476055,0.000162571691861441,0.000157204413200093,0.000164034716589745,0.000183496971050573
"2011-01-13",0.000330477791618867,0.000295985157710856,0.000302062657454436,0.000318667169389244,0.000317202961872974
"2011-01-14",0.00171471633993599,0.00164195990875007,0.0017740525228945,0.00179198336321316,0.00174610763146138
"2011-01-18",0.0260669334195553,0.0272371465622113,0.0267467941458939,0.0266884618874823,0.0265148779918471
"2011-01-19",0.0119447790327078,0.0115376367654623,0.0112441433485658,0.0113552074369325,0.0111318646068964
"2011-01-20",0.00949828764651737,0.00909066443255741,0.00884558401819729,0.00890213049753464,0.00883164445218597
"2011-01-21",0.00438118794989268,0.00399977986837194,0.00398789602718747,0.0040065131174041,0.00398219772625649
"2011-01-24",0.00699142075244858,0.00631059687056216,0.00618566866322937,0.00608241763460072,0.00614497359047071
"2011-01-25",1.65685173991044e-05,3.08542569925835e-05,9.30071002321651e-05,8.48621097547317e-05,8.21995092542408e-05
"2011-01-26",0.00105831412632529,0.0017090872109205,0.00206688327223031,0.00216852527957476,0.00192897319437233
"2011-01-27",0.00592586654918787,0.00586283275229095,0.00654942287779111,0.00651779057735624,0.00623671471706522
"2011-01-28",0.00153852882076329,0.00117374242906705,0.00112896768486254,0.00114234529147092,0.00103984550892212
"2011-01-31",0.00135830475081795,0.00116015479492882,0.000999386235673497,0.0010578866980508,0.00105345778066052
"2011-02-01",0.0038121313903065,0.00395849838112687,0.00373478960710775,0.00383400831239792,0.00416429933306585
"2011-02-02",0.00249708357664606,0.00260044428230896,0.00247073996728112,0.00242298888252493,0.00193873934104002
"2011-02-03",0.000156483692347938,0.000122699879367906,0.000139214007458992,0.000141774200708378,0.000160406622129394
"2011-02-04",0.00442790393977139,0.00368211423228771,0.00383309590260067,0.00368928688134797,0.00408193563887539
"2011-02-07",0.00825251900892202,0.0085264425644513,0.00909054509803644,0.00888065582550389,0.00911688440250266
"2011-02-08",0.00319038124263462,0.00307097340699673,0.00328680593243661,0.00324822098684007,0.00334708094889923
"2011-02-09",0.00067756051312555,0.000715047591761636,0.000759643294403362,0.000721664517388948,0.00075902175103204
"2011-02-10",0.00681108906225753,0.00611673899324825,0.00579545590862645,0.00588452243576569,0.00572542891209132
"2011-02-11",0.00035115844884345,0.00045449437192983,0.000572713869238166,0.000586048473537897,0.000651674773215854
"2011-02-14",0.00264795731558792,0.00268582172085126,0.00312314385310036,0.00314072086256635,0.0033141663118526
"2011-02-15",0.000415208499743791,0.000863703263960038,0.00105175597112831,0.00111179180167799,0.00122776531379474
"2011-02-16",0.000124019054441015,0.000289109246879416,0.000348217906634534,0.000382334201996441,0.000495937019022311
"2011-02-17",0.00223196346985754,0.00278792841321151,0.00304544087352688,0.0030564372982204,0.00353059873375699
"2011-02-18",0.000349824856857111,0.000276684967205412,0.000250966382696888,0.000279635337576111,0.000280243130661987
"2011-02-22",0.0277353912163679,0.0268091465479039,0.0264690359160043,0.0263759388702129,0.0269098281739945
"2011-02-23",0.00984796610716311,0.00918447684361802,0.0087303751789071,0.00866943267167331,0.00849283001450612
"2011-02-24",0.0111967103719934,0.0106995902672583,0.0111440699581026,0.0111476711583796,0.0108400724219173
"2011-02-25",0.000348858556694299,0.000589417484543183,0.000641370320826133,0.000639148814050307,0.000757024212460691
"2011-02-28",0.000687291480500821,0.00114573080696881,0.00119897206480831,0.00120325025122494,0.0015827141348682
"2011-03-01",2.74065703245431e-05,1.50019672078757e-07,2.68810166759817e-05,2.62251732658632e-05,3.60985823481621e-05
"2011-03-02",0.0013928599130374,0.00179067351865889,0.00162983634271844,0.00164309680853499,0.00171709508262844
"2011-03-03",0.00982847839167125,0.00885610603321385,0.00962387169918838,0.00956483704953398,0.00891000719576609
"2011-03-04",0.00100059654841818,0.000766398418470726,0.000854721438254362,0.000866875146178646,0.000672482082848581
"2011-03-07",0.00184696829550556,0.00190410370806708,0.00176214906814346,0.0017766722458919,0.00184704649503465
"2011-03-08",0.00110692297196771,0.000967307124345351,0.00103404734770114,0.00101315741516147,0.00104006995530271
"2011-03-09",0.00087766397102656,0.000815243400867042,0.00113955366061295,0.0011103098307314,0.00108894951422755
"2011-03-10",0.000775391425615969,0.000903126002423216,0.000945512218713611,0.000980538076033638,0.000994866236591995
"2011-03-11",0.000422793540273737,0.000559271593027433,0.000564715344531006,0.000573659476022771,0.000616590719835616
"2011-03-14",0.000657512986718382,0.000566292154035072,0.000604921025813895,0.000603354177375714,0.000581918613821446
"2011-03-15",0.0035576995055105,0.00375375435799546,0.00358012513678337,0.00359862590551477,0.00361535750646678
"2011-03-16",0.0222532145741988,0.0235198848155425,0.0227416357517657,0.022862989787282,0.022339324072063
"2011-03-17",9.30297565028752e-06,2.03473050437021e-05,1.80362413429721e-05,2.15916542922293e-05,2.96978417490657e-05
"2011-03-18",0.00143794691665526,0.00149890907353299,0.00175132691171944,0.00177960137877656,0.00197434479139199
"2011-03-21",0.00168625434940918,0.00144876655731213,0.0013009795238912,0.00126144098714935,0.001268869751083
"2011-03-22",0.00501970700991931,0.00411346265556596,0.00375366317760804,0.00370275437162555,0.00378619304108975
"2011-03-23",0.0142050294744038,0.011684911326232,0.0110204764839766,0.0108990893832014,0.0104131244801729
"2011-03-24",0.00484701940814733,0.00415242494091627,0.00335012019076265,0.00327951272940355,0.00306364332475649
"2011-03-25",0.0120812188384496,0.0122400289270808,0.0116416156595723,0.011573578205782,0.011929559961312
"2011-03-28",0.00273907931495741,0.00329150402919189,0.00334089172408557,0.00332559385428388,0.00320122579935085
"2011-03-29",0.000747807503529261,0.000886065044464864,0.00110093753212292,0.0010890243832447,0.00113452734667144
"2011-03-30",0.00338355480450374,0.00348232132528555,0.00366602682493998,0.00362410655221978,0.00360320426574357
"2011-03-31",0.00156897225929581,0.00199716709043873,0.00209076512632997,0.00205988167587165,0.00233338890925772
"2011-04-01",5.16850038191974e-05,0.00016410492922295,0.000243107045933467,0.000233924382955657,0.000284823884820921
"2011-04-04",0.000221279367223338,0.000185275174683106,5.44217577644801e-05,6.38070518217818e-05,3.01458915082247e-05
"2011-04-05",0.000636066162425476,0.000487410317529992,0.000232156710014045,0.000241582824018161,0.000175573242141419
"2011-04-06",0.000888693372357642,0.000689151262261041,0.000564792741660181,0.000572318261400199,0.00050425644668101
"2011-04-07",0.000672042708710243,0.000350463021120389,0.000322445902643612,0.000327523124768941,0.00029071651552757
"2011-04-08",2.65721902537561e-05,1.03973694162862e-05,3.53036110337124e-06,4.30008210025665e-06,1.86992672245187e-05
"2011-04-11",1.24093696354392e-05,3.37115522676416e-05,9.88914223637217e-05,0.000100639718551849,0.000111796904241145
"2011-04-12",2.58948977528656e-06,3.68419552079854e-05,4.79140737245528e-05,4.87574459112187e-05,3.94132541097254e-05
"2011-04-13",0.000623348757942271,0.000822904987320993,0.00102469363628512,0.00101887249658302,0.000911593016819257
"2011-04-14",0.0012270182355467,0.00130214890163367,0.00137288007983168,0.0013510968131732,0.00142503558669138
"2011-04-15",0.00154985216071597,0.00180011153020911,0.00218122418766506,0.00217494395559327,0.00223829682465215
"2011-04-18",0.0151444991773621,0.0144509957827762,0.0139784575455992,0.0139749595143212,0.0134845851903756
"2011-04-19",0.00131062481807676,0.00152783066531977,0.00154966279212333,0.00154610166525146,0.00189090114439699
"2011-04-20",0.00225275299280044,0.00242923837488895,0.00247844190664978,0.00245187482682539,0.00255894281729478
"2011-04-21",3.59782738059308e-05,3.99796090483909e-05,3.38213766723071e-05,3.42527186601223e-05,3.93639951878324e-05
"2011-04-25",0.00122293903775762,0.0012450704176823,0.00113526056834606,0.00113369075659704,0.00113874336415821
"2011-04-26",0.00549174467658984,0.00571013976037137,0.00595636833587661,0.00592882601034283,0.00581134037375782
"2011-04-27",0.000763121630778179,0.000832104869804479,0.00103948414793534,0.00102690970259965,0.00104966667129405
"2011-04-28",0.000513623571348275,0.000486537957815559,0.000537715970821566,0.000528797930009183,0.000621323978789606
"2011-04-29",0.00102370055462343,0.000565078825395134,0.000284358991311413,0.00028180022747793,0.000539583792949935
"2011-05-02",0.000127969712689637,0.000123797661730548,0.000212824490426677,0.000198548697353764,0.000127769596054834
"2011-05-03",0.000445930478810338,0.000507047142308348,0.000380876713780331,0.000367221531632284,0.000442293676380688
"2011-05-04",0.00245689523327721,0.00214283179428425,0.00213796796586084,0.00216605508258406,0.00262245214522618
"2011-05-05",0.000721860971052838,0.000431705343495313,0.000331240479766258,0.000336449162410889,0.000405442027280365
"2011-05-06",2.10766902313739e-05,0.000141640844320336,0.00015771730303406,0.000157862822037311,0.000115117519657121
"2011-05-09",0.00210585936396007,0.0026475627514951,0.00292412478662314,0.00293233700506904,0.00285231620140932
"2011-05-10",0.00156269827500954,0.00169043003946737,0.00163699421712671,0.00163005343042386,0.00156696603601533
"2011-05-11",0.00128001297802228,0.00139978794755538,0.00149340322737632,0.00148079219035748,0.00152243055003816
"2011-05-12",7.89443739772011e-06,6.12871969247837e-06,3.96035373607694e-08,9.2616010114094e-09,3.26178406800893e-08
"2011-05-13",0.00103264893732938,0.000647435194549112,0.000765750999141356,0.000759221962097949,0.000756414421680919
"2011-05-16",0.000535311648564013,0.000642578103226315,0.000624765958777825,0.000629538413268214,0.000574009908355127
"2011-05-17",0.00284858427391949,0.00237986492524867,0.00214927831170513,0.00218225972310912,0.00204751539526416
"2011-05-18",0.00177462092508796,0.00191726993461189,0.0018892330323947,0.00189708344643409,0.00200114557780387
"2011-05-19",0.00168110559902387,0.00180249944950382,0.00186829757452934,0.00189502440916895,0.00183238127429924
"2011-05-20",0.000609969478184359,0.000544764586613234,0.00034790561862876,0.000354421859262521,0.000351309133531317
"2011-05-23",8.55125437469863e-07,3.16074913634627e-06,3.27437596205033e-09,1.1602293962197e-08,1.53996949965863e-07
"2011-05-24",0.00104864642129077,0.000891723243110994,0.000394520559773843,0.000392707535458908,0.000376387548689163
"2011-05-25",0.000146251642901078,9.21581954281324e-05,1.94134150132998e-05,2.10698976712781e-05,4.04809280067119e-05
"2011-05-26",0.00126983480380679,0.00126716617087164,0.00121476039176518,0.00121753347429861,0.00126517596140984
"2011-05-27",0.003092943115525,0.00306743676379892,0.00307434066978682,0.00306438625912487,0.00316786441318639
"2011-05-31",0.00166156899136304,0.00172275249535964,0.00207110981156959,0.00205053990830166,0.00199720990816844
"2011-06-01",9.08461845129374e-05,4.96445077981738e-05,3.64509076633643e-06,4.49404346590027e-06,8.93382852705921e-06
"2011-06-02",0.000180322356004902,0.000166893996112807,6.49270157020805e-05,7.26249038688511e-05,5.34286569298499e-05
"2011-06-03",1.17490523903404e-05,1.00582730963145e-05,7.2139536771678e-08,6.47841986655538e-07,7.65788623995377e-08
"2011-06-06",0.00986942552427268,0.00989161345431027,0.00907416756676413,0.00906033527982735,0.00893782862190877
"2011-06-07",0.00382001159002707,0.00370502171931115,0.00347464511961397,0.00346238879881849,0.00337937499559806
"2011-06-08",0.00207153942002913,0.00198418523143711,0.00165612591526126,0.00167078781704447,0.00163595386371489
"2011-06-09",4.93780598551256e-05,4.67690608932494e-05,0.000115778422620422,0.000109173537799812,9.69464218903714e-05
"2011-06-10",8.70488729847784e-05,9.9827125083735e-05,4.96921608720392e-05,5.10584087863519e-05,4.99121532421218e-05
"2011-06-13",0.000291015501740313,0.000436635750448832,0.000554419780986052,0.00055951192207448,0.000668197706643306
"2011-06-14",0.00579974771972221,0.00648812210905083,0.00716340125283433,0.00717378542130671,0.00772968698275029
"2011-06-15",0.000731232434923861,0.000749946359637409,0.00102225608112983,0.00102231457414813,0.00121525353516944
"2011-06-16",0.000707864019930038,0.00067972190861095,0.000497257066073123,0.000493307779214251,0.000403332313517705
"2011-06-17",0.0021995722179882,0.00224824988149012,0.00203892097418906,0.00204721327151877,0.0019686603138937
"2011-06-20",0.00358250925014703,0.00326322311905235,0.00271100887277007,0.00270677911445706,0.0026582022503877
"2011-06-21",0.00258246365740877,0.00231729610318999,0.00161974287211358,0.00165540430796575,0.00152099556622651
"2011-06-22",8.51341343582602e-06,1.22112654067633e-05,3.04488443533824e-06,3.32142712899937e-06,7.76618788351522e-07
"2011-06-23",0.00382571625291018,0.0039111168047543,0.00342355649368348,0.00342417707888226,0.00351674054539621
"2011-06-24",0.000245194530843168,0.000377824982625057,0.000429402469269739,0.000435566460323585,0.000476678821444775
"2011-06-27",0.00561364006975069,0.00636551857570824,0.00754971412946953,0.00760415996513941,0.00782715750164263
"2011-06-28",0.00933259742257657,0.0103167714314045,0.0109574733340829,0.0109735243835067,0.0112518871813645
"2011-06-29",0.000467776697026801,0.000654141794378915,0.00111818832558731,0.00111870647100821,0.0011053892530563
"2011-06-30",0.00596024384752596,0.00557128086048246,0.00619861813799193,0.00620455307938142,0.00580959922459892
"2011-07-01",0.00804565746721662,0.00776516567396226,0.00660852806865932,0.00666012678075518,0.00687823029934358
"2011-07-05",0.00219463922631256,0.00230215842392747,0.00226866022751774,0.00227826411250407,0.00247675272306282
"2011-07-06",4.29053890580929e-05,5.90007823597403e-05,4.44106721877068e-05,4.57402126912286e-05,2.45062352170888e-05
"2011-07-07",0.00365966647226768,0.00361587713377534,0.00437034975862944,0.00436327520624998,0.00457043927322407
"2011-07-08",0.000364803209372074,0.000382940917333136,0.000616090769244686,0.00061657083378198,0.000660977504669491
"2011-07-11",0.00122705670043586,0.00111431205099352,0.00085830881368096,0.000854938879174636,0.000882477579008094
"2011-07-12",0.00260644885994495,0.00253281043642469,0.00221711214136844,0.0022179869276325,0.00226312933355979
"2011-07-13",0.000898924805961565,0.00111555608468032,0.00135524642962027,0.00135080191027892,0.00132064354553218
"2011-07-14",0.000757839809429132,0.00053000416909496,0.000466528535044799,0.000470004073465928,0.000464474978036649
"2011-07-15",0.00192604222229897,0.00215210839260649,0.00218237009264736,0.00218305729374747,0.00219746939092362
"2011-07-18",0.0017717861801938,0.00170364276464486,0.00215594352906441,0.00215974818977112,0.00215852637118787
"2011-07-19",0.000866706283647866,0.000819580673577004,0.00110799166799585,0.00110295524171838,0.00102226820232756
"2011-07-20",0.00312896667946877,0.00317103636591062,0.00277642568552849,0.00278515425434003,0.00294864642075234
"2011-07-21",0.00010295546192055,5.56579892513446e-05,5.79522682121023e-05,5.8431639014886e-05,5.18240064514648e-05
"2011-07-22",0.000632174093985484,0.000473551147506025,0.000403652644254787,0.000404831990521669,0.000370127904098426
"2011-07-25",4.3896213020324e-05,7.3777158332048e-05,0.000120192309918176,0.000118547425432413,0.000125756832675161
"2011-07-26",0.00159136302415602,0.00178414762048866,0.00171011147956142,0.00171984347902604,0.00172548497589168
"2011-07-27",1.44071594564123e-05,7.6490160587752e-07,7.39008467859755e-06,8.27544818745248e-06,6.29957887313553e-07
"2011-07-28",2.62809561588338e-05,4.59025485837197e-05,3.31205427049129e-05,3.24869071696915e-05,4.52050513007937e-05
"2011-07-29",0.00536177166364995,0.00648390453641096,0.00618283809419305,0.00612343944238534,0.00592069667109896
"2011-08-01",0.00493375617686963,0.00545447446139962,0.00515108249969707,0.0051347212471936,0.00512422499714107
"2011-08-02",0.00437081428754633,0.00437490793047561,0.00411553694415841,0.00412094817107313,0.00429431921420739
"2011-08-03",0.0135248228924272,0.0140609601795129,0.0141021989173371,0.0140755247848273,0.0152168690049469
"2011-08-04",0.0178492466193383,0.0182466709002326,0.0190643746401731,0.0190787087209657,0.019322101440619
"2011-08-05",0.131095840700598,0.135275041217025,0.144548974926925,0.144596426624559,0.144186115932462
"2011-08-08",0.0942957024804407,0.0971046883862518,0.102701221430547,0.10279575963372,0.103734075327689
"2011-08-09",0.107333171999983,0.109129115133486,0.111122755422675,0.111185244603963,0.111182094078993
"2011-08-10",0.0322672158626644,0.0354438596017163,0.0361581604381475,0.03618006822893,0.036860815683428
"2011-08-11",0.000400359118837635,0.000969990111907402,0.00131446678561323,0.00132082339085448,0.00157073037083993
"2011-08-12",0.0359544103449075,0.0285385901354209,0.0247405007668924,0.0246546819032119,0.0228139004544138
"2011-08-15",0.0585929499884204,0.047094807428748,0.040659356088106,0.040693853753197,0.0380858830890071
"2011-08-16",0.0509396875989056,0.0389830727751013,0.0320041240096379,0.0321377613584311,0.0281436174858354
"2011-08-17",0.0479391057041247,0.0377535435902073,0.0314871931566035,0.0315807977195297,0.029275435618428
"2011-08-18",0.0033733538294438,0.00182398284091958,0.000898138245234873,0.000914204916884594,0.000493688440895273
"2011-08-19",0.00048196843687467,0.00100630046851714,0.00150420578087435,0.00150576791647166,0.00188022917906793
"2011-08-22",0.00472282334685567,0.00473443908685366,0.00511420294041547,0.00509021342682183,0.00500589135836227
"2011-08-23",0.000367964609068125,0.000574667792141782,0.000684313435726061,0.000679576223482749,0.000701096067846388
"2011-08-24",6.92476264411385e-06,1.63724011405599e-05,8.68543339892735e-06,4.65695773792745e-06,1.24191267093076e-07
"2011-08-25",5.74898773627686e-06,2.42560172991245e-05,7.35043629119222e-05,6.90762314128077e-05,9.37956654237172e-05
"2011-08-26",0.0027718491640363,0.00219982521065398,0.00181892072922077,0.00182014700799243,0.00158943076586484
"2011-08-29",0.0284957535821925,0.0263963276414255,0.0253484052590846,0.0254946352831485,0.0245392359843897
"2011-08-30",0.0105413971569125,0.0093340592866693,0.00915944611850565,0.00910612484677652,0.00907023704457665
"2011-08-31",0.00465363578069105,0.00428080673491658,0.00417477540844927,0.00416457448269912,0.0038686288108667
"2011-09-01",0.00784813916822488,0.00678407208364467,0.00661409404460777,0.00656732416750126,0.00673861477719507
"2011-09-02",0.00769927442117525,0.00631834786454857,0.00576041836016833,0.00570452068944892,0.00551056616130802
"2011-09-06",0.0041286773367707,0.00453397127460466,0.00444520581700055,0.00445587476897533,0.00456300453819506
"2011-09-07",0.0051636508823727,0.00488277938948852,0.0049012253939071,0.00487376628477385,0.00473528587830466
"2011-09-08",0.000499254464682292,0.000421660669383943,0.00048294386202946,0.000501431124192757,0.000510398886658807
"2011-09-09",1.72847980328225e-05,6.87662870817316e-05,4.66178481572801e-05,3.95703538983797e-05,8.04516376690523e-05
"2011-09-12",0.00178152691777852,0.00199879402082794,0.00193910895999621,0.00190977601915698,0.00215359919252781
"2011-09-13",0.00305592527430377,0.00280319395008393,0.0026845466910608,0.00273392487070233,0.00276040833046391
"2011-09-14",0.00115801937035947,0.00122390601780832,0.00118006386164957,0.00118147219242112,0.00125368027698392
"2011-09-15",0.00373034958887637,0.00339457860236164,0.00333401607305359,0.00330633843767254,0.00336667732014126
"2011-09-16",0.00875308998386114,0.00783625648052899,0.00756371001425774,0.00754144886300901,0.00738222628679664
"2011-09-19",0.000210842681866187,0.000105890608144953,9.39546291051866e-05,8.90597799193281e-05,7.16364620309775e-05
"2011-09-20",6.60973075232184e-05,0.000152624467947323,0.000124408196173459,0.000125545261356824,0.000164109727398705
"2011-09-21",0.00515606804001914,0.00604714126181257,0.0060525683057245,0.00606922612111831,0.00624088452661079
"2011-09-22",0.0377386645348879,0.0387321666757178,0.0382243281435427,0.0382740130778387,0.0384433948421051
"2011-09-23",0.0112122525037367,0.0119384392868924,0.0125150470243437,0.0124992317630115,0.0126418837928286
"2011-09-26",0.0196746612059102,0.0194147918397654,0.0195030972209425,0.0194727586144995,0.0194796055627977
"2011-09-27",0.00276747480174223,0.00255487458104077,0.00221325546851642,0.00219545893625889,0.00223593760418481
"2011-09-28",0.000955789531595938,0.00115567109250334,0.00114574527393375,0.00116144890198675,0.00116193066362545
"2011-09-29",8.45050931278632e-06,0.000133315219562998,0.000219310749075104,0.000225415531411684,0.000290269922922685
"2011-09-30",0.00149017846362284,0.002157626644075,0.00246698811289485,0.00247143743933418,0.00273706349619917
"2011-10-03",0.00981623421545733,0.0103661513171162,0.010872031796212,0.010837650391024,0.0110770917010789
"2011-10-04",0.100904668802135,0.102255232408112,0.100976499056959,0.100955779566304,0.101062756669994
"2011-10-05",0.0179325102063489,0.0180174818204911,0.0183638808803894,0.018317867797332,0.0180251459478343
"2011-10-06",0.00971804601289671,0.0104415156493377,0.0107824864656729,0.0107796322111754,0.010762815487961
"2011-10-07",3.57528795722126e-05,2.67206887345861e-07,8.97872771093524e-07,9.43832350321613e-07,2.4699155203689e-06
"2011-10-10",0.0218250656941673,0.0203826962560882,0.0202391077242742,0.0202641616256439,0.0199614776593532
"2011-10-11",0.0433739096483914,0.0413340876145247,0.0393849013785733,0.0395262790003613,0.039345406165088
"2011-10-12",0.0295320597888885,0.0289589666124797,0.027731937439599,0.0277848194038199,0.0280108384721291
"2011-10-13",0.0458789708769134,0.0465124065595965,0.0465356037940914,0.0465933098018317,0.0468227773507192
"2011-10-14",0.0461101133022164,0.0433056049329622,0.0427757476501892,0.0428726717657198,0.0428180658230485
"2011-10-17",0.00100480749442828,0.00109490054615966,0.0012028633201291,0.00121081703339052,0.00121576303617444
"2011-10-18",0.00426545477624488,0.00438161110557527,0.00467472666140973,0.0046724759622935,0.00481829910550811
"2011-10-19",2.19888775526218e-05,7.9669597373708e-06,1.39337660413195e-06,1.35716426468181e-06,9.28458636962261e-08
"2011-10-20",0.000232715931784526,0.000308028142669507,0.000235884961439973,0.000236617154081838,0.000203990361461446
"2011-10-21",0.000387156695829895,0.000355013562886822,0.000357719020096575,0.00034698932528952,0.0003511068366922
"2011-10-24",0.00345841505728248,0.00388538467053976,0.00409445090702187,0.004097738554365,0.0041083678772463
"2011-10-25",0.000535598994414055,0.000381646415853125,0.000429348954683048,0.000428744114919785,0.0004018707474415
"2011-10-26",0.00140742725777519,0.00129841107360925,0.00150453820750758,0.00150078543091486,0.00154925660930695
"2011-10-27",0.00766687287863024,0.00694195789893922,0.00706808497109509,0.00704481716913681,0.00712379907815561
"2011-10-28",0.00467492158554754,0.0039496708313742,0.00415114920210351,0.00421227165429659,0.00449557043800472
"2011-10-31",0.000589786082633274,0.00064481538127131,0.000682389368740672,0.000698197260925163,0.00067668406778414
"2011-11-01",0.000562168506656529,0.000720906673896793,0.00117387312001878,0.00116274312768644,0.00118831877710156
"2011-11-02",0.00427344402048393,0.00394330770521373,0.00357775009873733,0.00358885688481206,0.00327235248599468
"2011-11-03",0.00131185952460855,0.00129581788866136,0.0012262210741764,0.00121867422342275,0.00120769759892201
"2011-11-04",0.00478736016357639,0.00504174923272813,0.00489145814378819,0.0048935124049255,0.00484179879779527
"2011-11-07",0.00314979384787821,0.0034827915368814,0.0035715850884299,0.00356944155993127,0.00357433379940861
"2011-11-08",0.0094418178130019,0.00830510570066413,0.00829234859041275,0.00826915850926889,0.00817635227478997
"2011-11-09",0.00150848350081338,0.00134729568514518,0.0012838976911147,0.00128752170780406,0.001306253765085
"2011-11-10",0.00363338808309749,0.00384406942806765,0.00381430258991317,0.00384005303919863,0.00384935172126449
"2011-11-11",0.00245270078937619,0.00253420898032808,0.0026011039061255,0.00261541376766118,0.00264219108852551
"2011-11-14",0.00178835003190648,0.0018626912741068,0.00224621562410516,0.00223366494472817,0.00218824713855642
"2011-11-15",6.05151948688568e-07,2.1967019347495e-06,6.36552551110563e-06,5.93612758747358e-06,5.74324456364399e-06
"2011-11-16",3.85032971581603e-05,9.09156372940457e-05,5.95037014765325e-05,5.99592069883978e-05,5.85497713922545e-05
"2011-11-17",0.000176001229996599,0.00016587114222218,7.33288295954842e-05,7.37836722430837e-05,6.66405414490887e-05
"2011-11-18",0.00173134373519073,0.00216681003742996,0.00250104635013409,0.00251738160042025,0.0026807811323813
"2011-11-21",0.000954247173255686,0.000657602913141726,0.000398320132301113,0.000395920125057404,0.000430385489335101
"2011-11-22",7.48919742681436e-06,8.03292964155597e-06,5.0067695815846e-06,5.01468963200575e-06,5.38049852813129e-06
"2011-11-23",0.00119281642825427,0.00120068000035932,0.00111973976017263,0.00111191271938943,0.00106280357556471
"2011-11-25",0.00123762694040024,0.000999699025435087,0.0010920584937027,0.00108904559328819,0.00107064220631189
"2011-11-28",0.00195543381163831,0.00195091903375914,0.00216058676877759,0.00217509593994463,0.0021475429399093
"2011-11-29",1.90154181351795e-05,2.56029436677421e-05,5.3794612795012e-05,5.44568496573807e-05,4.73563793257586e-05
"2011-11-30",0.00338986603553731,0.00339366221651561,0.00346602121738191,0.00348163778691817,0.00348203254048129
"2011-12-01",0.00453182432282164,0.00450341207904728,0.00471788339774327,0.00476881655476202,0.00488919161547967
"2011-12-02",0.00638387081175445,0.00612531678706517,0.00594622481445159,0.00597827196820585,0.00600807792463834
"2011-12-05",0.00160140005493388,0.00165198128657502,0.00160799594396908,0.00159563037253508,0.00159775056695006
"2011-12-06",0.00637981144719215,0.00653555813259413,0.00671969082415286,0.00671752115133469,0.00666998548122708
"2011-12-07",0.00180401138369559,0.00184819048398266,0.00190209850877675,0.00189701404640121,0.00189499905578742
"2011-12-08",0.000205266359524226,0.000226603592590409,0.000264794962776239,0.000265636072429526,0.000259838157688097
"2011-12-09",0.00295637054322502,0.0029297722359975,0.00304205393111859,0.00301768342703523,0.00299944045834162
"2011-12-12",0.00114318347003371,0.00111265825230512,0.000960011587317653,0.000962737452228869,0.000955105165513324
"2011-12-13",3.74287069573742e-05,4.69518794830681e-05,0.0001542882770394,0.000150637097202496,0.000153189373431947
"2011-12-14",0.000618340119351782,0.000616686396813886,0.000468746922199472,0.000468985689943296,0.000481446282498552
"2011-12-15",0.00114167311907194,0.00106543432989684,0.00100531549418789,0.00100721014545896,0.00101920719622514
"2011-12-16",0.00178394139112424,0.00177666183148311,0.00168801221894762,0.00168495722429387,0.00166971029976084
"2011-12-19",0.00100983813947896,0.000994701522944845,0.00101423254359419,0.00102220278412042,0.00102890301037144
"2011-12-20",0.00363607253849794,0.00358348796169809,0.00350477800515788,0.0035105626434199,0.00351470626510118
"2011-12-21",0.002503088173363,0.00242270570522388,0.00242150228814022,0.00241700156878975,0.00247701665538987
"2011-12-22",0.0102822664455691,0.0101064730523313,0.0101738841831837,0.0101990226718265,0.010216471619446
"2011-12-23",0.008540297630111,0.00831433353839771,0.00809284934830037,0.00808377717624453,0.00807744483254632
"2011-12-27",0.00332291671446641,0.00323689022574401,0.00318509943275221,0.00319077953119196,0.00324939213645802
"2011-12-28",0.00130914902014915,0.00133581701994815,0.00135483387292385,0.00135223198587727,0.0013794119972141
"2011-12-29",0.00340826092577759,0.00336017897248785,0.00320876845610056,0.00321900532957972,0.00317112075325272
"2011-12-30",0.00378762012613177,0.00374749160506969,0.00364829282620562,0.00363762431951512,0.00365837487102496
"2012-01-03",1.50540585543988e-05,2.53484093498681e-05,2.00276767333387e-05,2.07741573008342e-05,1.84731449029119e-05
"2012-01-04",0.00040886913571332,0.000505839997233871,0.00053838746739818,0.000525530030873496,0.000497365733564254
"2012-01-05",0.000651156736318243,0.000699582582177774,0.000716995213977678,0.000731293429057324,0.000749742890920812
"2012-01-06",0.00204303687703449,0.00205017014461873,0.00203616812240153,0.00207400434578232,0.00214415896169707
"2012-01-09",0.00156888376898136,0.00154210192465994,0.0015876612069807,0.00157397431764192,0.00159088208178631
"2012-01-10",1.23497139326415e-07,3.54923141453752e-08,1.00873196063918e-06,1.14211454845001e-06,5.95284840274732e-07
"2012-01-11",7.13221179653426e-06,3.1104697023108e-06,1.52809871927478e-06,2.0004866027014e-06,1.40854728009665e-06
"2012-01-12",4.12546215336246e-05,3.81307919662922e-05,3.62460185752682e-05,3.14315352156107e-05,2.8020900968906e-05
"2012-01-13",0.00028916703196103,0.000280515864396442,0.00026465237170418,0.000259699382780508,0.000260109682366758
"2012-01-17",0.00214655767431109,0.00227712468588625,0.00212945353619179,0.00216236794231327,0.00220746312249141
"2012-01-18",0.00179128331008627,0.0018471572289253,0.00181707035238434,0.00181007321734444,0.00189424003333179
"2012-01-19",0.00246974894398423,0.00255661395609284,0.00254711647819879,0.00259837068617859,0.00270555289343517
"2012-01-20",0.00128276623058101,0.00129220302464825,0.00133199594727142,0.001333396251199,0.00138872274804791
"2012-01-23",2.17661214099901e-05,2.73323760891146e-05,2.57694002467752e-05,2.4520092900733e-05,2.5400860485083e-05
"2012-01-24",0.000187754500109911,0.000183990730209992,0.000177023509204875,0.00017562223591546,0.000171833235372701
"2012-01-25",0.00775943876753389,0.00776587206470204,0.0079802256236691,0.0080645374332867,0.00789442403157953
"2012-01-26",5.20392126324841e-06,5.15197944361534e-06,6.94175381927471e-06,6.65881470685936e-06,4.1020856180044e-06
"2012-01-27",0.000104082399873153,9.9309828639036e-05,0.000109782508675514,9.68980465595867e-05,0.000111498609853364
"2012-01-30",2.78333974625592e-06,2.33097971967645e-06,4.27626293792479e-06,4.1164136542864e-06,2.24831936770622e-06
"2012-01-31",8.2037426370166e-05,0.000119305283614816,9.5275882840283e-05,9.41543973982209e-05,9.25942338663202e-05
"2012-02-01",0.00400750413232409,0.00412366077424252,0.00402849467698655,0.00414502564610066,0.00390561526661109
"2012-02-02",0.00117798056042935,0.00113656480386254,0.00109526852520101,0.00112811345054112,0.0011135833885887
"2012-02-03",0.00208587525927393,0.00185492131917974,0.00172611391708024,0.0017974953334886,0.00184577745596852
"2012-02-06",0.00140907050760057,0.00139395578802748,0.0013142769508723,0.00134706548227398,0.00147089581879054
"2012-02-07",0.000688016458213401,0.0006974461446939,0.000741602292728529,0.00076722835180899,0.000762413262231714
"2012-02-08",0.000198325602763461,0.000230626644829882,0.000222372626026121,0.000214402231600488,0.000227948330168959
"2012-02-09",0.00758586763746963,0.00745550094679772,0.00720234642097551,0.00701756076280078,0.0069124042300991
"2012-02-10",0.00717116295197946,0.00711139125138761,0.00698553792505156,0.0069334903618107,0.00691988842571477
"2012-02-13",0.0036066547228514,0.00347014921628817,0.00357440132635481,0.00356454659275841,0.00339421611187291
"2012-02-14",0.000582948851395988,0.000544044871122937,0.000550889699727249,0.00052445625618937,0.0004791642881633
"2012-02-15",0.0749015480649818,0.074199391338003,0.0747420721094549,0.074671099999715,0.0746255875745971
"2012-02-16",0.016390000793607,0.015705336143222,0.0160380958528043,0.0159905454785882,0.0156999853537489
"2012-02-17",0.000339427839734162,0.000298538491359322,0.000186467958900944,0.000156313735571755,0.000107980930494093
"2012-02-21",0.00070659440633325,0.000517833982413081,0.000436313420401966,0.00039648485692257,0.000349261826370681
"2012-02-22",0.00263603403187533,0.00249384233089828,0.0023703397874721,0.00229924026562443,0.00232466747776503
"2012-02-23",0.000694155009051885,0.000845208735950381,0.00108759287541205,0.00112104474727063,0.0011942732418407
"2012-02-24",0.0199078526888994,0.0210896478513676,0.0214414052516754,0.0217071816023129,0.0222379179494093
"2012-02-27",0.00167112079587733,0.00209383589458049,0.0019695091263231,0.0019953693967555,0.00212720039651354
"2012-02-28",0.00153390555195532,0.0016947712822413,0.00180728721541973,0.00190253935350896,0.00199414719608378
"2012-02-29",0.00227019088063999,0.00207226382429088,0.00196477544613118,0.00180796887835406,0.00181397560186616
"2012-03-01",8.73004321519282e-05,0.00010522441850641,0.000133245305269978,0.000187321215435446,0.000187700447285188
"2012-03-02",0.00118098396479127,0.00115949132380695,0.00117298088643477,0.00122736308081867,0.00117819964235819
"2012-03-05",0.0178583862526114,0.0177794689132914,0.0173725274250276,0.0174561285870172,0.0176140662229987
"2012-03-06",0.0164668236085954,0.0164254421658763,0.0161822499884728,0.0163287306099128,0.0161622077161924
"2012-03-07",0.00951472700459142,0.00957787988393902,0.00915012019898648,0.00916573828573965,0.00894575573052316
"2012-03-08",0.00226676211484957,0.0022835568791464,0.0024956958470264,0.00253805491660411,0.00255107819276652
"2012-03-09",0.00271817514509098,0.00276258819180814,0.00281606314695863,0.00288164544771247,0.00288247708276784
"2012-03-12",0.0119810264450575,0.0123129034042565,0.0125801016817043,0.012786947519299,0.0129172739556872
"2012-03-13",0.0155237890081622,0.0162200664905482,0.0158358746127322,0.0160330474041941,0.0160633818280682
"2012-03-14",0.00260326072428486,0.00247825584317003,0.00214159733958023,0.00200997713778313,0.00186795114229444
"2012-03-15",0.0154273128402249,0.0155622911454083,0.0149196344589639,0.0147142534481973,0.0146542908282929
"2012-03-16",0.00332734581545063,0.00341640315438017,0.00323479205693696,0.00324291444848843,0.00326035366640219
"2012-03-19",0.0067452630331964,0.00678243121817485,0.00659747906510149,0.00649633111537116,0.00655313591766378
"2012-03-20",0.00523532992319446,0.00515740990329865,0.0050888860060231,0.00514983712451186,0.00509835356566453
"2012-03-21",0.0047946293625628,0.00528574323211036,0.00555540507472393,0.00540276398574821,0.00552489250178482
"2012-03-22",0.00942089159790434,0.0109837674182045,0.0111034124171208,0.0111427644090767,0.0114662436953246
"2012-03-23",0.01186186965079,0.0131252275030462,0.0133809743358167,0.0133833209952739,0.0136313691608827
"2012-03-26",0.0126049982543493,0.0140968235540121,0.0144569281795073,0.0143069171377081,0.0150889480701195
"2012-03-27",0.00885341699392581,0.0095082691262259,0.0100116826951811,0.010161978842896,0.0103929012558403
"2012-03-28",0.000608744697084255,0.000618800136211748,0.000710539714026335,0.000806819720822646,0.000863760333990584
"2012-03-29",0.000651456577780464,0.000614802326551522,0.000679379394064496,0.00064310557781285,0.000598112800629114
"2012-03-30",1.34083141500228e-06,6.78991436513656e-09,3.59813818379389e-06,2.69014559670567e-06,1.42593821035609e-05
"2012-04-02",0.000120594061854316,0.000158273578141349,0.000186908166927884,0.000157835816204691,0.000157063065764848
"2012-04-03",0.000481188390620857,0.000424735963033242,0.000357339130514795,0.000368702501410642,0.000256672030386673
"2012-04-04",0.000621775639044855,0.000581271340348154,0.000704168940614549,0.000701673016052125,0.000779348815155536
"2012-04-05",0.00378487692478275,0.00385547426815863,0.00391913852464991,0.00408345464144366,0.00395175200390387
"2012-04-09",0.000397184042759933,0.000467119212890255,0.000515975832604298,0.000563184898427842,0.000715044980628305
"2012-04-10",0.00550934398436336,0.005607973938507,0.0055346613045523,0.00540019139640927,0.00545656643866987
"2012-04-11",0.000945426568460632,0.000942877587507196,0.000796842042558492,0.000812726501307541,0.000751605605947428
"2012-04-12",0.000642391642111776,0.000547108343874351,0.000537257392867699,0.000579944020123723,0.000542264754891294
"2012-04-13",0.0075801135425963,0.0070314549686831,0.00640326518387336,0.00655796759496524,0.00692983112846225
"2012-04-16",0.0503273398178379,0.0502998939065744,0.0491723440389318,0.0482798311557807,0.0463161738300546
"2012-04-17",0.00553665534502279,0.00560053897915593,0.00522821676380797,0.00529349667629432,0.00482665629114288
"2012-04-18",0.00763698589003623,0.00755037547365084,0.00735080069363772,0.00693585827179607,0.00698838078875972
"2012-04-19",0.00762980111952343,0.0074085715342883,0.00662765142771993,0.00652550535808885,0.00653707914302386
"2012-04-20",0.00380152261318242,0.003685027486608,0.00308248856773297,0.00306890857142125,0.0032955533876915
"2012-04-23",0.0157930725924711,0.0145892927980212,0.013667057342813,0.0132227784520403,0.0131018071051702
"2012-04-24",0.000262434722168938,0.000214861402847097,0.000180028639863008,0.000187161178215302,0.000145939541870217
"2012-04-25",0.00223589001635522,0.00242531699627827,0.00255471119866118,0.0025459886856779,0.00259177002421504
"2012-04-26",0.0105550532823426,0.0102483444957753,0.0103039751420538,0.00940437811071078,0.00961746078701556
"2012-04-27",0.0220924240910645,0.0213506966051727,0.0218165569400383,0.0223577316974963,0.0243681112406701
"2012-04-30",0.0187783640279596,0.0196036755925187,0.0211483030167687,0.0226489962330678,0.0233592294531714
"2012-05-01",0.00561799344302198,0.00589119905201515,0.0058714485110802,0.00637210838014446,0.00621239585655176
"2012-05-02",0.00180852350072921,0.00202215642979396,0.00143846614172581,0.00157512911995325,0.000909681020317034
"2012-05-03",0.00366296003077258,0.00383994368125812,0.0035410905920188,0.00373096818896457,0.00341921008467829
"2012-05-04",0.000264428628768429,0.00028152166957118,0.000279592759172928,0.000200532398032156,0.000237243731550279
"2012-05-07",0.000321138211962343,0.000297102459879375,0.000313523657994912,0.000250586265427732,0.000190094134962877
"2012-05-08",0.000162128922655922,0.000134258434864585,0.000123065556939373,0.000158621809390009,0.000142992261457779
"2012-05-09",0.00024013844410949,0.000253652382608447,0.000292460756410833,0.000310500933948283,0.000454276407527712
"2012-05-10",0.00329653227490838,0.0034198711360852,0.00346400020583768,0.00351699520191389,0.00403989238739512
"2012-05-11",0.00211863410762755,0.00221193943960173,0.00209781273363673,0.0021728159956534,0.00238098679246651
"2012-05-14",0.00317043787815103,0.00331709115993489,0.00317175546358478,0.00338060216312862,0.00367738705968687
"2012-05-15",0.000946209846374857,0.000961556717757992,0.000920164312125804,0.000903638837284762,0.000885787809872113
"2012-05-16",0.000186478919934855,0.000153072206375381,0.000130783464623906,0.000135520356174213,7.51347441705938e-05
"2012-05-17",0.00389772026808628,0.00390114383792463,0.00365300182605286,0.00337379433579149,0.00378425173217432
"2012-05-18",0.00559870452546972,0.00557088655807173,0.00522756406685777,0.00519338185541041,0.00517075543451715
"2012-05-21",0.00160111680846622,0.00163519015121721,0.00158227973301692,0.00153877701607641,0.00157654183640913
"2012-05-22",0.00196642925819445,0.0021466685358469,0.00196561779655522,0.00197446638730635,0.00231907371482742
"2012-05-23",0.00211062082861292,0.00215215905156719,0.00218148800479976,0.00215418092158152,0.00245731506338992
"2012-05-24",2.5844309992239e-10,1.0735946752803e-06,1.11539617495288e-06,6.8833568459666e-06,1.69666821303355e-05
"2012-05-25",0.0107374226595348,0.010518052035314,0.0102099289350065,0.0101726470216568,0.00959573278615558
"2012-05-29",0.00349495978783381,0.00338661126011289,0.00386165878046182,0.00389131908820484,0.00346306582437231
"2012-05-30",0.00335697443745033,0.00343426925372733,0.00381765812550942,0.00383378539801573,0.00372759345512134
"2012-05-31",0.00564011499523932,0.00547746792850488,0.00562953638853864,0.00533446604483405,0.0050768063042388
"2012-06-01",0.00725618340890277,0.00719974429016494,0.00703447946360418,0.00702230666388565,0.00633467489529823
"2012-06-04",0.0115718750812362,0.0113115019457334,0.0105052049425408,0.0106665065380476,0.010319512626302
"2012-06-05",1.17891072362545e-06,4.63887895433035e-06,4.85999729782118e-06,8.00167232865754e-06,2.51103754115479e-05
"2012-06-06",0.00819319032377217,0.00821940614593273,0.00789407363905839,0.0083811438002103,0.00836163978542291
"2012-06-07",0.0057380047945725,0.0055082854840518,0.00561204264632117,0.00577704622772148,0.00527136015870309
"2012-06-08",0.0135338053773877,0.0130189821264007,0.0127037426562309,0.0126812720092397,0.0122183903728304
"2012-06-11",0.00348336583561889,0.00353101480396,0.00319803481208674,0.00319710332243952,0.00335825586396406
"2012-06-12",0.00172252831390681,0.00176245771299087,0.00170068008887224,0.00168388774102465,0.00180933176862848
"2012-06-13",0.00153697294262866,0.00153320621070127,0.00161632763733093,0.00163495887846698,0.00175197181837267
"2012-06-14",0.00082059555182266,0.000747571756571406,0.000698020651403098,0.00074936650299803,0.000640963245507132
"2012-06-15",0.00343092490561625,0.00334222617381034,0.00337238005783992,0.00348209722135924,0.00349006554995397
"2012-06-18",0.00115590884970477,0.00115063500034529,0.00121217244155442,0.00128983930388811,0.00152088523594372
"2012-06-19",0.00249090638567352,0.00247202626802825,0.00244915042407083,0.00247392714938798,0.0023541045106417
"2012-06-20",0.000152316764873169,0.000138192799256275,0.000109774029644916,0.000101156333113597,9.4358610693726e-05
"2012-06-21",0.00229088435311707,0.0022039532090499,0.00202428951964956,0.00188665701354047,0.00190210536099194
"2012-06-22",0.000328195421289671,0.000339277757258625,0.000322726802746054,0.00028971535308882,0.000282714927049427
"2012-06-25",0.00102914734324597,0.00108274271369834,0.00112892529578569,0.00107040939627296,0.00117930787551542
"2012-06-26",0.000177854034910683,0.000198364636057364,0.000209135805723698,0.000266288411100844,0.000289893910872125
"2012-06-27",0.00662114565296928,0.0064973877764792,0.00639978309741744,0.00647241217071827,0.0061067692886974
"2012-06-28",0.000835019698704306,0.000763182231400543,0.000736116241515649,0.000818725100078256,0.000756434570183923
"2012-06-29",0.00508913863680698,0.00502823989583517,0.00502614937240228,0.00508421315435428,0.00518784171607639
"2012-07-02",0.00031074611915484,0.000315149759137292,0.000314072273839465,0.000385302533366244,0.000420229925192288
"2012-07-03",0.00606351858704738,0.00608624540161106,0.00600815054209878,0.00626299283489439,0.00605504603722106
"2012-07-05",0.000427677975936566,0.000427226075611868,0.00043429338253164,0.000499561571920432,0.000540156087359732
"2012-07-06",0.000719011974848539,0.000668958736838842,0.000588398188320962,0.000635852310286424,0.000642573273802007
"2012-07-09",0.000419393929443029,0.00043428320061464,0.000438716485678911,0.000367591349637312,0.000382244515158836
"2012-07-10",0.000335754829690953,0.000364392548516392,0.000346891224944569,0.000302227125447997,0.000364806015906688
"2012-07-11",0.00398630614712143,0.00415966744022782,0.00403382705608082,0.00408464330951658,0.00405003241312149
"2012-07-12",0.0021162557023391,0.00212162111679251,0.00210049525332947,0.00205397223632908,0.00187394739262115
"2012-07-13",0.00111812361215048,0.00115603255158198,0.00121803186882975,0.00121823263533292,0.00132158836736935
"2012-07-16",0.000813441566652781,0.000874389965916965,0.000944807163904112,0.00104647584297905,0.000923280822420144
"2012-07-17",0.000191680304361646,0.000187852327053737,0.000253942193801483,0.000257399476657879,0.000210881679190029
"2012-07-18",0.00516248793288249,0.00520310344609956,0.00521419783358969,0.00526591503308737,0.00510826420009263
"2012-07-19",0.00406009373353164,0.0040307383129999,0.00363668802040954,0.00360841494928283,0.00335412262519344
"2012-07-20",0.00225033089640396,0.00229885761154981,0.00226223457316623,0.00232867604240275,0.00248435418472895
"2012-07-23",0.0052486758569416,0.0052285796573221,0.00528973799628494,0.00559162666643557,0.00557642578392874
"2012-07-24",0.000285282808878216,0.000306035613538088,0.000291124683879264,0.000328790314357917,0.000328902132632042
"2012-07-25",0.00754045932187537,0.00781784340613893,0.00775862936505163,0.0076770818948242,0.0072510938695828
"2012-07-26",0.000539192671725923,0.000551368970549482,0.00057342796424402,0.000945575190297118,0.000949417645141454
"2012-07-27",2.2912706150171e-05,2.39836462594873e-05,3.90211170380345e-05,5.18719765648351e-05,6.92511128648296e-05
"2012-07-30",5.02981488045211e-07,4.41591228004475e-07,1.81320895657511e-06,2.44017331132841e-05,1.91710553473008e-05
"2012-07-31",0.000896435243795737,0.000882102405532627,0.000717188269926097,0.000642885933961108,0.00062005976359105
"2012-08-01",0.000546292035264698,0.00052971642567748,0.000282940574831304,0.000382555802337999,0.000161934020559874
"2012-08-02",0.00014018782728133,0.000135405874749835,4.74175562302604e-05,5.76630123792546e-05,1.23278894490921e-05
"2012-08-03",0.00564029236572016,0.00558349170209919,0.00481248274449165,0.00488841380823736,0.00489810417114466
"2012-08-06",0.00478758222597447,0.00484002606460516,0.00449500277256477,0.00465727692353348,0.00458959991807614
"2012-08-07",0.0022165961911245,0.00222112898597143,0.00224459774851802,0.00225075549100307,0.00235552002876578
"2012-08-08",0.00688226632350678,0.00687722986578609,0.00682700398747768,0.00681239290407553,0.00695128699040681
"2012-08-09",0.0112796466115729,0.0112474921858263,0.010838696123668,0.011091778679466,0.0107766580714846
"2012-08-10",0.00560650766829407,0.00560078033853877,0.00558978828887191,0.00580027684137132,0.00592737925618193
"2012-08-13",0.00237101976778788,0.00237055383754109,0.00245552301955038,0.0028324091248524,0.00295620806352099
"2012-08-14",0.00056663491461036,0.000572240294423194,0.000583537116978858,0.000722314423168008,0.000784361754763041
"2012-08-15",0.000875296181330815,0.000881302333785147,0.000863296724402413,0.000962425558618918,0.00106259998105763
"2012-08-16",0.000751495505757,0.00076435335810929,0.000779903403951311,0.000707746159837278,0.000706222057550424
"2012-08-17",0.000340687615352588,0.000339270040141736,0.00035404158591179,0.000345791941732916,0.000362098712683878
"2012-08-20",0.00110897264321607,0.00110287098276856,0.000998228416044735,0.00100370606172308,0.00101321299421822
"2012-08-21",0.0143064471233623,0.0142280825541126,0.0139820562832298,0.013691748139642,0.0132918582449111
"2012-08-22",0.00591114658076244,0.00589000018442082,0.0055910305117932,0.00534485003271418,0.00504741460663901
"2012-08-23",0.00671856316234379,0.00671386409580045,0.00647069293752563,0.00659441558062015,0.00621060670799314
"2012-08-24",0.000789273003284684,0.000785528841010533,0.000788831877621035,0.000691639369775406,0.000600113113507409
"2012-08-27",0.00122574902273793,0.0012018425082594,0.00107356678318727,0.000909037933008977,0.000812703006003356
"2012-08-28",0.00540346213300935,0.00556083499580906,0.00577575923990982,0.00642618514509841,0.00682981342837767
"2012-08-29",0.0107700662672123,0.0107657612622171,0.0115394071896627,0.0119254819854529,0.0125225335701812
"2012-08-30",0.00581367354415268,0.00583707028580483,0.00605567509651374,0.0068358209158919,0.00692374568544606
"2012-08-31",0.00028958790247746,0.0002907161003108,0.000332569851112617,0.000397094321335693,0.000313551160581132
"2012-09-04",0.000909976286698301,0.000942562250171436,0.000872507804915563,0.000991950653490904,0.00132130562992507
"2012-09-05",8.06938815802349e-05,8.01571597835566e-05,0.000162070792184799,0.000168519656838458,0.000219164805148843
"2012-09-06",6.26213689658942e-05,6.7526459108731e-05,9.48249489882041e-05,0.000114183261639754,8.48542570093435e-05
"2012-09-07",0.000772740261402203,0.000803637298631258,0.000841804443453442,0.000922585063554541,0.000867888230571316
"2012-09-10",0.0004361007421114,0.000466640311783539,0.000494781690088167,0.000511743574505636,0.000567771827813127
"2012-09-11",0.0026797870636095,0.00271900242625069,0.00270748543617487,0.00258487880811565,0.00257383252174012
"2012-09-12",0.0181091404525249,0.0181337485663722,0.0183058106934035,0.0182620329820622,0.0182161710061357
"2012-09-13",0.000731863299243579,0.000743027874682072,0.000590770171546516,0.000550801162141062,0.000586857602739265
"2012-09-14",8.77691373180763e-05,8.44074150927187e-05,6.49455698512574e-05,6.61571651488822e-05,6.20230207312429e-05
"2012-09-17",0.00164399396149618,0.00167436768179906,0.00186789459925557,0.00248860910912134,0.00207723029393966
"2012-09-18",0.00588639217726369,0.00599864235726798,0.00647123696672267,0.0072225813820218,0.00798571881836157
"2012-09-19",0.0200008710392702,0.0203499677359236,0.0208388440481663,0.0223726520246916,0.0236896685679657
"2012-09-20",0.00843957813770438,0.00828543221413651,0.00807868825739345,0.00765390171348498,0.00747730068759414
"2012-09-21",0.00888484427639324,0.00875133441342242,0.00807380224465259,0.00785491362155223,0.00819356976322575
"2012-09-24",0.00312563812373495,0.00312095739015132,0.00342320928140996,0.00322914067890623,0.00282195953662799
"2012-09-25",0.000768107555511841,0.00077533841697669,0.000599759619952565,0.000588355045437805,0.000544597386298738
"2012-09-26",0.0125637076686043,0.012599699498537,0.012438834178993,0.0119064649564429,0.011664370710576
"2012-09-27",0.00582808071939788,0.00587983303861494,0.00554233026321023,0.00557221890618629,0.00533370813289431
"2012-09-28",0.00643686110202237,0.00636942410986636,0.00641928744152175,0.00632451856380676,0.00612332391361213
"2012-10-01",0.00421300272410987,0.00410639692696276,0.00414124158557243,0.00355051024394911,0.0035679699387303
"2012-10-02",0.0076736702616818,0.00761554354045361,0.00782437463485651,0.00768865876128694,0.0073436472506324
"2012-10-03",0.000851593072758651,0.000888909312530846,0.000790733368575696,0.000916270022642766,0.000942012232205486
"2012-10-04",0.00176985763770118,0.00178860802361656,0.00172950392506915,0.00183454073319189,0.00204923085581834
"2012-10-05",0.00017702983239872,0.000152819220838773,0.00017039457623562,0.000257347617339025,0.000356508166509152
"2012-10-08",0.00398630335150212,0.00417786100927363,0.00381136097072743,0.00378252704947047,0.00346697697481745
"2012-10-09",0.00584476199802723,0.00588415631867137,0.00568568831496585,0.00550625019217311,0.00496207564802034
"2012-10-10",0.000139459757772328,0.00012885128171772,7.62350857607984e-05,9.00695784022259e-05,6.56965345297716e-05
"2012-10-11",0.000696880367240955,0.000650505581116115,0.000610051802950975,0.000573999699803637,0.000408358147350188
"2012-10-12",0.000125494463226669,8.49063355521191e-05,8.43066925478679e-05,0.000114411790462359,9.542249649067e-05
"2012-10-15",0.000145250684430077,0.000188145343456185,0.000247061212840103,0.000341092952126855,0.000561023363590534
"2012-10-16",0.00746579135253067,0.00795305217062655,0.00792100526726608,0.00786500682698161,0.00849527124546834
"2012-10-17",0.00491604463419216,0.00496868017241707,0.00531643412082906,0.00523779559462849,0.00527477750360429
"2012-10-18",0.000549658768213674,0.000583055134350541,0.000630998098791237,0.000986013362596389,0.0012589474229439
"2012-10-19",0.00157220672146115,0.0016143450393331,0.00159264661316503,0.00167597516969957,0.0016804685444627
"2012-10-22",6.88811486212255e-06,2.13458671207263e-06,4.3831266096151e-06,3.15354650500804e-07,1.28954423509183e-05
"2012-10-23",0.0214428316932886,0.0211186852241883,0.0209197100037769,0.019976422279972,0.0191330000817836
"2012-10-24",0.00887934232975968,0.00887617580564405,0.00892313161141095,0.00864497970999016,0.00974145237337299
"2012-10-25",0.0011014581675314,0.00113345797435301,0.00123410430747601,0.00185423644552419,0.00130143943159845
"2012-10-26",0.0157150307792784,0.0165929212871717,0.0169710328131615,0.0161463589020293,0.0142705501966895
"2012-10-31",0.00102819863613821,0.00111991668505062,0.00168187278426527,0.00157124614284712,0.00119923843608978
"2012-11-01",0.0159863670839874,0.0164499676633709,0.0149637190825164,0.0150730096259021,0.0152735650638564
"2012-11-02",0.0120815496355978,0.0122385606877532,0.0113538742081649,0.0120771109829051,0.00925763354218582
"2012-11-05",0.000508064187813036,0.000492034896437364,0.000307040571130594,0.000301987373099324,0.000664022662554438
"2012-11-06",0.0177589054026317,0.0178700632619266,0.0184977879993209,0.0193321955061084,0.0187816910788178
"2012-11-07",0.00189228045637008,0.00188816723785178,0.00198014917523145,0.00211260286551476,0.00223787016167293
"2012-11-08",0.0345069603267332,0.0346120682991746,0.0362642028283628,0.0334858180406192,0.0344145309534962
"2012-11-09",0.0170558752993261,0.0170681997039047,0.01752197405627,0.0167217576340867,0.0165013308686078
"2012-11-12",0.000555668637378515,0.000498886635579954,0.000876817366733173,0.000494569495460702,0.000376317204570639
"2012-11-13",0.00661763602219696,0.0066266578242364,0.00651661665382496,0.0055885317160186,0.00562857303249424
"2012-11-14",0.0002044484501778,0.0002006343698151,8.07895931945398e-06,4.81581365633542e-06,2.6520793923587e-06
"2012-11-15",0.000297390757979401,0.000292032035539616,0.00033614215270434,0.000248107507392662,0.00022851857998474
"2012-11-16",0.00591763854969512,0.00592130205811644,0.00597060132951922,0.00677724245887799,0.00778346815131227
"2012-11-19",0.00419277472867402,0.00439349841982991,0.00406912742696887,0.00478791312558821,0.00444834169262658
"2012-11-20",0.00134731575246322,0.00137924845134223,0.0015185191816408,0.00156263297466546,0.00112207876925353
"2012-11-21",0.0072677367340928,0.00724700725891968,0.00723618468729407,0.00637488688804827,0.00593909706778268
"2012-11-23",0.030358540677458,0.0303740305670281,0.0296052077503231,0.0276912889369615,0.0255865308497411
"2012-11-26",0.0371873617562625,0.0371561581271461,0.0363058294085532,0.0334407523867993,0.0331735964633562
"2012-11-27",0.00257458843100999,0.00271378700534828,0.00231491776023402,0.00262567205437655,0.00252037614420026
"2012-11-28",0.00631911324815453,0.00637462206498321,0.00760347023605925,0.0081251331636137,0.00839452306563382
"2012-11-29",0.00226018231171445,0.00228752964213731,0.002689096525167,0.00405936864866113,0.00370381256892306
"2012-11-30",0.00444348994287857,0.00445794668592805,0.00447409066891542,0.00589410123120186,0.00638585668031691
"2012-12-03",0.00195439929694945,0.00197917805710392,0.00252050344311332,0.00312310368031347,0.00329990626746859
"2012-12-04",0.00171663488061879,0.001716916480075,0.00242284341099204,0.00238509119316675,0.00232569807488509
"2012-12-05",0.0121892530085539,0.0122363251571264,0.0120022957548297,0.0127325509981861,0.0131442121274171
"2012-12-06",0.0348757005827704,0.0348690107370574,0.0334628170734724,0.0331524414219812,0.0335512166123615
"2012-12-07",0.0270442596973821,0.0269961336878854,0.0258989058441117,0.0239306112754567,0.0241679286796849
"2012-12-10",0.0329367815755008,0.033002096709127,0.0322817393239731,0.0309823292532396,0.030027010840529
"2012-12-11",0.00207434193935257,0.00208509666021356,0.00190867782120372,0.00177952083451379,0.00178511325969334
"2012-12-12",0.000885822092235255,0.00090438100906806,0.0012170460047787,0.00154688186477158,0.00157927326170971
"2012-12-13",0.00804327224153466,0.00811647865416121,0.00975767932752187,0.0104940823837512,0.0117542145194438
"2012-12-14",0.00499343769617033,0.00538572615079375,0.0059356182543881,0.00761941919829633,0.00812786444889673
"2012-12-17",0.000622703413979452,0.000557650818612482,0.000364212575665549,0.000114379309824385,1.46566155974162e-07
"2012-12-18",0.000916626180806853,0.000927277633565257,0.00113691363077244,0.00140322838365175,0.00202435154717763
"2012-12-19",0.00645208602362988,0.00649671817153235,0.00702021120809076,0.00692498595574826,0.00650824906470231
"2012-12-20",0.00526639142172808,0.00531513298386945,0.00545065651647891,0.00598582132988405,0.00621178830991681
"2012-12-21",0.0167450689953111,0.0168264895439144,0.0170464077727733,0.0184825600414112,0.0180423568232906
"2012-12-24",0.0322599857330736,0.0327349583484442,0.0353562467261333,0.0344370349139484,0.0353191472409624
"2012-12-26",0.0225108297219731,0.0225944771964052,0.0243963038765617,0.0249311920943685,0.0238336895559809
"2012-12-27",0.00605990197429164,0.00598557095921314,0.00625917226993047,0.00683842793277682,0.00672294273281077
"2012-12-28",0.0113008963461634,0.0112629091506222,0.0115726136824449,0.0129226977116539,0.0128997329300515
"2012-12-31",0.00279203173255853,0.00283774761883121,0.00349413434426833,0.00441553438246316,0.00494122286468781
"2013-01-02",9.81668253996399e-06,7.2873941086775e-06,2.00464806341928e-05,4.40047356909923e-05,6.26842955564691e-05
"2013-01-03",0.00202052664148133,0.00204176269704075,0.00198548045247597,0.0026959816836849,0.00312097439572188
"2013-01-04",0.0014361418681543,0.00141002882002913,0.0011269740740272,0.00112676763633831,0.00108074738531829
"2013-01-07",0.00113237779591155,0.00113824634359931,0.00134768317907491,0.00121705974245109,0.00108264734492329
"2013-01-08",0.00111328990524819,0.00105027696034947,0.000678028660033396,0.000687398169546365,0.000627112992134034
"2013-01-09",0.00327100143846131,0.00327872821426204,0.00304004871381548,0.00296578422297325,0.00334094544771471
"2013-01-10",0.00081803199429479,0.00078125085951873,0.000807748868602869,0.000598053706563295,0.000785015754944622
"2013-01-11",0.00381807916347038,0.00389675535068084,0.00429415305346683,0.00653598768117765,0.00598052010995952
"2013-01-14",0.000680029009283052,0.000671943302640411,0.000403521763194554,7.26217872249706e-05,0.000250922300304549
"2013-01-15",0.000327047390657346,0.000281082517707877,0.00034369997534169,0.00015348685359712,0.000904714370532236
"2013-01-16",0.00074923325254922,0.000803236159586933,0.000867921388349251,0.00108002706842511,0.000576194324973296
"2013-01-17",0.00431527710238497,0.00433771052611022,0.00408961831257193,0.00445537675377608,0.00475734431831285
"2013-01-18",0.00466593159984657,0.00476933121569761,0.00538101542422084,0.00383724435823035,0.00336490998712629
"2013-01-22",0.00380731708022022,0.00397068104880654,0.00456662368545998,0.00447319470299605,0.00458589201363794
"2013-01-23",0.00235926315602093,0.00242850521537734,0.00249766288307934,0.00280059173046482,0.00325755621434659
"2013-01-24",0.00688273061601015,0.00678831683242917,0.00667220394345158,0.00572392706433465,0.00672470297124795
"2013-01-25",0.0130953082979119,0.0130116674084594,0.0122420745820188,0.0115579268404555,0.0136223247218152
"2013-01-28",0.0250516868171906,0.0250335484416699,0.0271567804178919,0.0288785373048198,0.0287187330219893
"2013-01-29",0.000108790285171829,0.000101310292014642,0.000190397085098061,0.000250146438469528,0.000122214910893099
"2013-01-30",1.5390300677767e-05,2.08072603463813e-05,6.45495160119582e-07,5.44036455738602e-06,1.95362350445434e-05
"2013-01-31",0.0119190214494789,0.0118934072565862,0.0103208122297246,0.0115926917041847,0.0119519045909021
"2013-02-01",0.0107406534766869,0.0108534575918676,0.0112009830762064,0.0129262122111382,0.0154140847364503
"2013-02-04",0.00710816564495651,0.00710150347841906,0.00642083523547717,0.00754586273338358,0.00822184820774035
"2013-02-05",0.000317829298515972,0.000301757988414788,4.85426422256446e-05,8.41345738583343e-05,9.38411794007452e-05
"2013-02-06",0.0039642575358389,0.00410837871180762,0.00448416467877858,0.00494611545745566,0.00550069674464572
"2013-02-07",0.006144024653306,0.00614974780850084,0.0061580355138528,0.00636741709517534,0.00612283239040353
"2013-02-08",0.0040368512340856,0.00402918654911502,0.0040026264629,0.00401505253631796,0.0044574907330058
"2013-02-11",0.00127776833831516,0.0012638408086962,0.0013518507276581,0.00162445648754362,0.00207517074129075
"2013-02-12",4.30206058521213e-05,5.5766051424031e-05,9.39057117367239e-05,4.81049774217013e-05,7.65457522525116e-05
"2013-02-13",0.00392319060257863,0.00388288600908043,0.00348128996098807,0.0041051691272692,0.00434625503776166
"2013-02-14",0.0120092201636935,0.0120967620959889,0.0114857968504268,0.0116425603640048,0.0111433791554087
"2013-02-15",0.00521956018978467,0.00514871426965699,0.00431038059575339,0.00437839798193341,0.00461835988168003
"2013-02-19",0.000742748290960387,0.000672075585420047,0.000520129645727184,0.000630222215226785,0.000759794596814767
"2013-02-20",0.00503980353766737,0.00497591908421704,0.00498006403293966,0.00495538050670768,0.00566854776713458
"2013-02-21",0.00114705324093522,0.00112687206369413,0.0012170238313235,0.0014617768656358,0.00175398167809876
"2013-02-22",0.00596657483300308,0.00600033968936252,0.00580585578040668,0.00638198557838556,0.00700676666812741
"2013-02-25",6.21262966088685e-05,6.80035658121131e-05,5.4545633544652e-05,4.72572825929387e-05,0.000108071158480927
"2013-02-26",0.00142975905288274,0.00146097207397053,0.00129424292882018,0.00111939780525435,0.000887197816614529
"2013-02-27",0.0199111917032993,0.0197427803048508,0.0194134184766301,0.0190796747853304,0.0194519620500154
"2013-02-28",0.00204230048734827,0.00206126661752879,0.0020838528319796,0.00208065538020512,0.00195831143800748
"2013-03-01",0.000228637063013633,0.000223976376080578,0.000221842229085421,0.000123015773065422,0.000120220987086872
"2013-03-04",3.99033281778931e-05,3.1493639866137e-05,0.000140273867267776,3.8533874281567e-05,1.62068921389318e-05
"2013-03-05",4.40454799510057e-05,3.65504480854412e-05,0.000114204377160624,0.000113029466291079,0.00010086503711825
"2013-03-06",0.00740841821323261,0.00728648593525784,0.00783488890022201,0.00810009799217951,0.00757668835685851
"2013-03-07",0.00025292225798807,0.000250582893762193,0.00019626044894979,0.000195888080799669,0.000179549322532892
"2013-03-08",0.00212275409614552,0.00218195034235631,0.00188620989883566,0.00196608866098334,0.00205216841192912
"2013-03-11",2.06150883065354e-05,2.31961407943379e-05,4.37197939603403e-05,0.000103833825714428,9.91199077088208e-05
"2013-03-12",0.000529274248980719,0.000506765195958449,0.000515735963343214,0.000505300108774926,0.000473018965004266
"2013-03-13",0.00212148056435694,0.00210630774302748,0.00234407439564873,0.00265481709571342,0.00258611432027986
"2013-03-14",0.00559639336548734,0.00550513855494682,0.00586277376339079,0.0065350236923699,0.00481810960404093
"2013-03-15",0.00434888960744589,0.00433870916158016,0.00466110679097781,0.00471413877307369,0.0044212477904645
"2013-03-18",0.000752072546586182,0.000720545707698125,0.000730655449430553,0.0010418893763378,0.000965507467117529
"2013-03-19",9.38130257240087e-05,9.02662223924077e-05,0.000159801743827427,0.000216908078667828,0.000108541120476068
"2013-03-20",0.00383981705721797,0.00381492051268352,0.00434409089617933,0.00477762795774127,0.00422012284883281
"2013-03-21",0.000110168545886173,0.000108135461431504,0.000142228811036527,0.000270022992769224,0.000260816475525429
"2013-03-22",0.00282020929150308,0.00281244656278974,0.00304948286879172,0.00296168573193862,0.00291753472797501
"2013-03-25",0.000853345190228777,0.000877004978737633,0.00122686852651516,0.00119828140935255,0.00132354500412244
"2013-03-26",0.0105717774443514,0.0106966902345777,0.0106172556383833,0.010995912265048,0.0113608408146608
"2013-03-27",0.00160213576860065,0.00160671096019794,0.00145367420977192,0.00171999115137886,0.00191622081836388
"2013-03-28",0.00381112687975146,0.00378982861642839,0.00411966444779792,0.00454276628611059,0.00421706458661652
"2013-04-01",9.25595231819384e-05,9.82978581976043e-05,0.000127110537895862,7.27811815651353e-05,9.21428189091057e-05
"2013-04-02",0.00179322578121805,0.0017731298281084,0.00175837608637025,0.00177192199763424,0.00174992679068942
"2013-04-03",0.000415718138782705,0.000416586958058745,0.00042542190147674,0.000408987258489335,0.000414054299329203
"2013-04-04",0.00131874787574865,0.00131882438328067,0.00140064458633495,0.00121830063549064,0.00111657120533394
"2013-04-05",0.000211978049680652,0.000206311553129179,0.000139025737692087,0.000309662760329338,0.000336866435799111
"2013-04-08",0.000860260299477183,0.000870523305009764,0.000688686642596396,0.000863183285005761,0.00097144590155602
"2013-04-09",0.00545803590807424,0.00542160282093204,0.00483878056564951,0.00557151930048408,0.00546285032897939
"2013-04-10",0.00327390593928612,0.00331435946932809,0.00280076167560742,0.00304601510861229,0.00301714681437091
"2013-04-11",0.00354074267417175,0.00352698171324453,0.00294540079383548,0.00319497357733632,0.00333438701654876
"2013-04-12",0.00422595372488831,0.00423300525089677,0.00382488317312752,0.00353004182806584,0.00350497471090673
"2013-04-15",0.00153744903001493,0.00152976472973131,0.00126784272583231,0.00131478662248287,0.00139687420017337
"2013-04-16",0.000695847725618416,0.00067915428231057,0.000614762915496011,0.00069293987246916,0.000573991927831465
"2013-04-17",0.0289387125820887,0.0289792764719457,0.0303595303799334,0.0279049095145059,0.0282751598372232
"2013-04-18",0.00943801738098809,0.00947385371359583,0.0100686809719232,0.00975130098491072,0.00993407815886741
"2013-04-19",0.0199951084060466,0.0200269037487832,0.0212873383217651,0.021567295323025,0.0216616607325009
"2013-04-22",0.00683090897787987,0.00677335269372073,0.00720280596227375,0.00753154663237478,0.00800454963873418
"2013-04-23",0.00583487352511903,0.00581145970401696,0.0059241480474028,0.0062315547848113,0.00647413804993944
"2013-04-24",0.0309791222143147,0.0309390373011088,0.0318092600696314,0.0335122373870191,0.0331803880431886
"2013-04-25",0.000865679552537584,0.000886053874913057,0.000634347464273649,0.000296065349771054,0.000403747758804066
"2013-04-26",0.00739574431242093,0.00757034688668456,0.00684844833578968,0.0067004476394202,0.00663606000097522
"2013-04-29",0.00471911285774964,0.00470757397250481,0.00400932483837472,0.00417581103480852,0.00424456271888251
"2013-04-30",0.00160739871918375,0.00159655374280072,0.00114497082783197,0.00106408267407948,0.0010571676452561
"2013-05-01",0.0147395120983874,0.014459008289512,0.0109459290520757,0.0131409283885498,0.0103931254534135
"2013-05-02",0.0124896279364876,0.0120376300952963,0.00984276058118512,0.00952679347136959,0.00836211158054098
"2013-05-03",0.0176335529373546,0.0175776982954534,0.0167258390361487,0.0161346322808683,0.0162809809580359
"2013-05-06",0.0057859739093805,0.0057688473202306,0.00550398903973687,0.00584427232949957,0.00572114392418786
"2013-05-07",0.00206895001744252,0.00208252737810221,0.0018893472146379,0.00250856313689038,0.00227011120306425
"2013-05-08",0.00734669237406963,0.00732814210042328,0.00638284685160887,0.00658143540066162,0.00679765192153614
"2013-05-09",0.00118330257957466,0.00117342990264428,0.00113378386772994,0.0012710501177082,0.00105367386982551
"2013-05-10",7.68343649284193e-10,2.72435094002402e-09,4.76701331743192e-06,2.51071052100399e-06,6.77966552622812e-06
"2013-05-13",0.000103741870021297,0.000101148334806308,9.87555723705982e-05,0.000102204535405097,0.000112537784109247
"2013-05-14",3.73594311033446e-05,3.73158651012904e-05,7.64408859523214e-05,0.000115525063940074,0.000234999857019147
"2013-05-15",0.00673386107275408,0.00673688141111946,0.00655259135897066,0.00614433199683505,0.00511297110497181
"2013-05-16",0.011747901150538,0.0117473209665973,0.0116178278518888,0.0120894380164697,0.0110034878125006
"2013-05-17",0.000777604994975089,0.000777494177123185,0.000785532019494261,0.000734568890165355,0.00060396580154678
"2013-05-20",0.00140976092376902,0.00141388954143253,0.00153040268100504,0.00146171478787827,0.00119778496905356
"2013-05-21",0.00265832620854128,0.0026580690625469,0.00276181009320575,0.00262919331503052,0.00223439912299155
"2013-05-22",1.18378612230322e-06,1.17079945890838e-06,3.84418922837513e-08,2.5773361405641e-07,2.1347159374397e-05
"2013-05-23",0.00603885089164826,0.00604362039498493,0.00554643747662252,0.00588110399990953,0.00741937520369791
"2013-05-24",0.0135558047256588,0.0135622850838375,0.0131203697653699,0.0127786375149755,0.0131711980267619
"2013-05-28",0.00250314898096389,0.00250323881016673,0.00216185671941047,0.0020584030349094,0.00272353360904468
"2013-05-29",0.00676396901888545,0.00676442958839969,0.00637229717678866,0.00629606784429296,0.00771379755730636
"2013-05-30",0.0164034271844401,0.0163898717429167,0.015111517010459,0.0139441413303079,0.0155722087687328
"2013-05-31",0.0112855566844709,0.0112833699459235,0.0103001788909441,0.0093166300351572,0.00976206131654489
"2013-06-03",0.000987410322070038,0.000986553495977843,0.00118608304323818,0.00130291414207238,0.00144720876829214
"2013-06-04",0.00201603069075252,0.00201947788911959,0.00200923073665694,0.00163479974183015,0.00197855536843201
"2013-06-05",0.0002846984285433,0.000287073450723165,0.000298336970830955,0.000164281161060902,0.000135022073667694
"2013-06-06",0.00126709163258717,0.00126664465840748,0.0012528225985745,0.00155232572504342,0.00152155650014926
"2013-06-07",0.000150283307279447,0.000150917041678646,0.000191951118328268,0.000251773723237458,0.000249938785182675
"2013-06-10",0.0024635818062515,0.00246517834351848,0.00310493333920515,0.00366509317955024,0.00370188531210778
"2013-06-11",2.34977138613229e-06,2.47083716698627e-06,5.94395670906152e-06,3.03577393105851e-05,2.1379408837969e-05
"2013-06-12",0.00202640878263076,0.00202944173769942,0.00173098627821326,0.00140421816645414,0.00127990807575439
"2013-06-13",0.00135513368603985,0.00135829109599108,0.00118289576568438,0.000951240703798952,0.000964340201493097
"2013-06-14",0.00499680414242235,0.00499699248899402,0.0048575960463584,0.00454089492854266,0.00468822531388581
"2013-06-17",0.00692125573576215,0.00691926786075332,0.00680683335242406,0.00656261785130161,0.00618331288557499
"2013-06-18",0.00938859026578218,0.0093909012553731,0.00915222718287395,0.00882734669157096,0.00836046654295144
"2013-06-19",0.000731968526204012,0.000733157688023673,0.000592744644931575,0.000498209828093789,0.00048345284142578
"2013-06-20",3.9659448925588e-05,3.94190917685186e-05,2.56640570093955e-05,4.27836797315962e-06,1.12636407982065e-06
"2013-06-21",0.00192059522736372,0.00191564237859209,0.0020338970914911,0.00223761138682818,0.00221864672384323
"2013-06-24",0.00701397657029814,0.00701324914638649,0.00701608588882743,0.00712123429012897,0.00741013863335434
"2013-06-25",0.00150839947614162,0.00150910367418301,0.00168789745747509,0.00160973712457674,0.00150821138589093
"2013-06-26",4.96967247063461e-06,5.33768040432938e-06,1.23248190524989e-06,8.86267903383472e-08,2.68561450112246e-06
"2013-06-27",0.000799739212970595,0.000806906462200244,0.000619223661781239,0.000564947782160261,0.000473876651836617
"2013-06-28",0.000142384321850193,0.000137044314658756,0.000244853965333833,0.000350220491118321,0.000521775118462349
"2013-07-01",0.00355805460434998,0.003573978794671,0.00320848789769589,0.00279216947856803,0.00214799576610114
"2013-07-02",7.43162481086485e-05,7.34566713141397e-05,2.2270728014296e-05,4.28555494834461e-06,1.75231208361e-05
"2013-07-03",0.000909414923128591,0.000917894726628134,0.0010261914296601,0.00100581589221624,0.000835251455970136
"2013-07-05",0.00193110094768507,0.00192588801627276,0.00194259045338335,0.00223225832072351,0.00241680395448254
"2013-07-08",0.00107680826469286,0.00106755075233983,0.00100832074076431,0.00108671400293099,0.0011392208968057
"2013-07-09",6.3627897720626e-05,6.22880820506904e-05,1.08384748435249e-05,5.54636603493834e-05,0.000125891127174526
"2013-07-10",0.000160809500427028,0.000164450892121996,0.000148280401511366,0.000258387178075279,0.000338007874669787
"2013-07-11",0.00754955702828366,0.00758017835078815,0.00758462067461008,0.0073951328967932,0.00703323394799943
"2013-07-12",0.00371754186073331,0.0037228395003575,0.00372203442452411,0.00351341738785439,0.0035064579483853
"2013-07-15",0.00567315869445435,0.00561178150189754,0.00562171056838874,0.00567779482919796,0.00640488137943689
"2013-07-16",0.00435082360653937,0.0042608654766411,0.0043389234040119,0.00463549805929682,0.00506341686511789
"2013-07-17",0.0122142675004254,0.0121809026630343,0.0119091331573752,0.0127136902914543,0.0142594452255249
"2013-07-18",0.00670913563925396,0.00667916839769529,0.0064136382160253,0.00648512028566154,0.00668051780667573
"2013-07-19",0.00218849295544806,0.00218882403101785,0.00220793376311425,0.00232673484760646,0.000955541032665261
"2013-07-22",0.000868346954915243,0.000865269594336384,0.000888950889445863,0.00102927556045241,0.000516030299531877
"2013-07-23",0.00136138173215771,0.00135159658107813,0.00137643180081436,0.00160024384996139,0.00153431152503558
"2013-07-24",0.00286864793229517,0.00286690631182219,0.00274153814068079,0.00339712718577465,0.00341596506855426
"2013-07-25",6.72027013479189e-06,8.36133363105978e-06,2.22693869199253e-05,8.28274165986792e-07,1.88312978351049e-06
"2013-07-26",0.000446331679949451,0.000454061291895628,0.000402062533969725,0.000482525398085532,0.000516607272554935
"2013-07-29",0.000760474448975195,0.000751295556644028,0.000707148064256993,0.000857704268652427,0.00104335819785697
"2013-07-30",0.000406870951732379,0.000376591062763576,0.000375021668354787,0.000443149862160327,0.000423659775616595
"2013-07-31",0.00170766939633523,0.00165736145309188,0.00166224145024142,0.00158358624470019,0.00133313392286342
"2013-08-01",0.00227434896123597,0.00222487150548867,0.00220474610047192,0.0023363444336184,0.00225466415904387
"2013-08-02",0.00465835852894825,0.00465973065092438,0.00460393324152164,0.00482621614715922,0.00483078885085451
"2013-08-05",0.000277044445242281,0.000271223291389765,0.000298824712365646,0.000324859860033645,0.000352041315079393
"2013-08-06",2.05376345343055e-06,2.23227449282954e-06,2.7562383246713e-06,1.83689472861249e-05,5.22013419289949e-05
"2013-08-07",3.04967679486757e-05,3.20579086243776e-05,6.06656235646397e-06,1.08016458365368e-09,5.44622627751997e-06
"2013-08-08",0.00129568823238171,0.00128566726193732,0.00131303330123967,0.00124476088155368,0.00144022500818713
"2013-08-09",0.000281512080879894,0.000281400135113445,0.000374142627385936,0.00046707185599107,0.000443744254432865
"2013-08-12",1.11254515238694e-05,8.87122982994471e-06,3.26237277353921e-05,7.24301294478588e-05,7.99356914036967e-05
"2013-08-13",0.00905162306320452,0.0090746759773246,0.00897951372921421,0.00812087318263217,0.00797095071931078
"2013-08-14",0.00287643217674232,0.00287427774734874,0.00350771358108958,0.00299878012135996,0.0028819231322959
"2013-08-15",0.00168748008478734,0.00168712568174667,0.00192718168862877,0.00179565537268305,0.00184793709097292
"2013-08-16",0.0002909030458988,0.000294230251114334,0.000255628110497565,0.000314584582510674,0.000302001171035167
"2013-08-19",5.46765350621856e-05,5.77699220302267e-05,6.11359365235639e-05,5.95921948959618e-05,4.59198046026713e-05
"2013-08-20",0.00306728765511609,0.00300987826311672,0.00288730294749254,0.00287800658157109,0.00294177957238984
"2013-08-21",0.00224098580092507,0.00222626976408994,0.00225956678038705,0.00227814859074411,0.00228702521769569
"2013-08-22",0.00241163573630316,0.00242144052775843,0.00213273354029141,0.00237553014968971,0.00221671981706057
"2013-08-23",0.00375809736807727,0.0037686559508694,0.00350077302913625,0.00370746681953736,0.00371000292806549
"2013-08-26",0.00246930722903213,0.00246959041504488,0.0024557702640132,0.00267154658782497,0.00262224436779136
"2013-08-27",0.000724714458911972,0.000745696680488899,0.000662789540776661,0.000667011738170918,0.000501042286598352
"2013-08-28",5.28702437092879e-06,6.06737741855023e-06,6.36379864911764e-06,2.54702868429189e-07,5.58323997408799e-06
"2013-08-29",0.002492471689414,0.00250476967721667,0.00238021123864296,0.00237625109136565,0.00241556843206044
"2013-08-30",3.54388697158533e-05,3.7980693159873e-05,3.48109367242716e-05,4.38275271726297e-05,4.99975228668411e-05
"2013-09-03",0.00308358721286971,0.00310989763512299,0.00350761634239459,0.00350693761519264,0.00353597295255657
"2013-09-04",0.00157909612469626,0.00157910961145806,0.00142418202321522,0.00143818348752053,0.00128776517567899
"2013-09-05",0.00769354796672841,0.0076776799184984,0.00757582883563045,0.00764991452325473,0.00775852286494144
"2013-09-06",3.13912444242639e-05,3.18301238773002e-05,3.48128506203023e-05,3.52104842423878e-05,3.76695734807302e-05
"2013-09-09",0.000528367437005815,0.000532494096150325,0.00046828420801867,0.000474366575990758,0.000469654905344254
"2013-09-10",0.0148731448485117,0.0148802334313988,0.0151140866783975,0.015460942212986,0.0153234188530335
"2013-09-11",0.00907035306008002,0.00910363323596255,0.00906195965714459,0.00904477257081013,0.00891183894348479
"2013-09-12",0.00278995628203855,0.00278861790707224,0.00272675440243989,0.00271571444248755,0.00281128806680361
"2013-09-13",0.00186745828845261,0.00188366971163692,0.00173154745083343,0.00167508205105954,0.00163755025918736
"2013-09-16",0.00328896357157765,0.00328982000438848,0.00319087411842515,0.00302164373000331,0.00291934671205147
"2013-09-17",0.00137749050840839,0.00135865080618931,0.00158675095871193,0.00191782979990185,0.00219723333968334
"2013-09-18",0.00277414074293495,0.00272039694678726,0.00312478528856797,0.00335330247395948,0.00379924092233772
"2013-09-19",0.00837335132215517,0.00828064097074152,0.00827698104259911,0.00857391014131052,0.00892691829242205
"2013-09-20",0.000172598280784004,0.000170536144274172,0.000157728855507491,0.0002252992223267,0.000225797857592313
"2013-09-23",0.00309997375650674,0.00309358154855494,0.00304476547623162,0.00265789474976772,0.00298139204925512
"2013-09-24",0.00135010010026627,0.00133806261708513,0.00137563060987199,0.00156523055241191,0.00141247351906797
"2013-09-25",0.00110999118746255,0.0011081027710548,0.00109659397395099,0.0010861366552262,0.000949345060533717
"2013-09-26",0.00225330895394425,0.00225258516828415,0.00228948880330982,0.0023163361958016,0.00219924605293841
"2013-09-27",0.00394761027385263,0.00395158646815621,0.00392611252413957,0.00388540616189875,0.00397276471845069
"2013-09-30",0.00472714008012961,0.00471681051090557,0.00480161509071982,0.00487227734060817,0.0046430896610556
"2013-10-01",0.00140045942361956,0.00139947415191982,0.00155522900680107,0.00161827799745907,0.0013670594975622
"2013-10-02",0.0019491966866768,0.00193837966199372,0.00190083690844808,0.00188205840982168,0.00182780589219166
"2013-10-03",0.00073291010292863,0.000735650970263236,0.000734086394580262,0.00070167259992153,0.000675884941327781
"2013-10-04",7.54539204740281e-05,7.55892759511917e-05,7.96085798410802e-05,5.32826414263054e-05,4.91058397786675e-05
"2013-10-07",0.000264812440894928,0.000263447872168311,0.000285170376245571,0.000287437946694655,0.000316629889571985
"2013-10-08",0.000208679910567098,0.000210246419021534,0.000210222180944098,0.000208798720503552,0.000195176220237913
"2013-10-09",0.000295736502721234,0.0002972115653071,0.000308512786857656,0.000265416386761812,0.000229552967888355
"2013-10-10",0.00185960007834077,0.00185278002006814,0.00183402031018951,0.00183093167599154,0.00183130675660926
"2013-10-11",0.0019902443710326,0.00198979296530278,0.00190980587645068,0.00218035938252823,0.00222156187546116
"2013-10-14",0.000842484727077567,0.000842361049663028,0.000890364133373015,0.000983369699553969,0.00108652347762982
"2013-10-15",0.00123111955907597,0.00123118087260768,0.00124413726068645,0.00130525360845521,0.00128682236797112
"2013-10-16",0.00667711845094288,0.00668549202443125,0.00619048702318641,0.0060393898354191,0.00574207835246299
"2013-10-17",0.00667957076943806,0.00667955297830282,0.00657100394861988,0.00660933327034277,0.00654757071398356
"2013-10-18",0.00557199953470358,0.00557838822812091,0.00541267959920537,0.00537326645410592,0.00539358601626022
"2013-10-21",0.000284204381963631,0.000283826219010913,0.000298021426361324,0.000347897063545583,0.00033031548233747
"2013-10-22",0.0293907911233032,0.0293963475928053,0.0293092117402831,0.0297430031657153,0.0300539510352852
"2013-10-23",0.00118726903428642,0.0011865536848946,0.0011985614856675,0.00131286626705146,0.00131662805425202
"2013-10-24",4.02361449084794e-07,3.72187052228882e-07,4.96732141797051e-08,1.60792170118612e-05,1.9789266934956e-05
"2013-10-25",0.000467012014924926,0.000478949536209174,0.000422775007247428,0.000441642211096447,0.000450826674421123
"2013-10-28",8.62814932391002e-07,1.1063366758546e-06,1.7513472645811e-06,7.67990072146394e-06,1.48536356761205e-05
"2013-10-29",0.00249399211175974,0.00244285364722413,0.00246005559093549,0.00214374896296013,0.00234343204136812
"2013-10-30",0.000189488583848221,0.000190464065055855,0.000262467176489361,0.000209874135779313,0.000449394829468931
"2013-10-31",1.47749373858877e-05,1.82598918428411e-05,1.64489720223922e-05,2.91888791362146e-05,1.02765382620713e-05
"2013-11-01",0.000256214658356955,0.000261308471284378,0.000296721284626474,0.000349538801110891,0.000301297229811924
"2013-11-04",0.000137793241863508,0.00014032012358703,0.000183063805548958,0.000215511508067485,0.000157774768439717
"2013-11-05",0.00898158784275398,0.00909642472849669,0.00942711730431569,0.00985761629310046,0.0102124291742937
"2013-11-06",0.00865807941355061,0.00856953048959559,0.00855405837703213,0.00854067640063811,0.00838193452203156
"2013-11-07",0.00017862082088177,0.000173260410121681,0.000199109382989955,0.000203493241952684,0.000184650739276608
"2013-11-08",0.00363704104453291,0.00358929083391551,0.0036748348913285,0.00382438250505299,0.00357264069993566
"2013-11-11",7.25307090204508e-06,1.20092964844566e-05,1.73291295455644e-05,3.52762845745072e-05,3.61494319647398e-05
"2013-11-12",0.00105463865852985,0.00105985031937262,0.00108763848724086,0.00117812387132089,0.00110034152475824
"2013-11-13",0.00214382159433856,0.00213046690094248,0.00215235602948737,0.0024205454061135,0.00229901610090505
"2013-11-14",0.00613625014256784,0.00608883402877485,0.00588126238903668,0.00589088449390027,0.0056758586377752
"2013-11-15",0.00181829104058338,0.00179307114305312,0.00171623092213812,0.00172295043554304,0.00162207110393615
"2013-11-18",0.00258705235990303,0.00269073970117158,0.00266513271316294,0.00286796105774187,0.00289116975659832
"2013-11-19",0.00102358222823875,0.00103088768009641,0.000948874808069771,0.00102716304777988,0.00109790551136712
"2013-11-20",0.000660579061110225,0.000672340719596558,0.000639489975260161,0.00066688686863194,0.000722663436706538
"2013-11-21",0.00029423696626545,0.000298609841431052,0.000249092057183465,0.000317967578276618,0.00032490043208522
"2013-11-22",0.00162290555322997,0.00165052827240482,0.00161196201285617,0.00165204923051771,0.00160548026298027
"2013-11-25",0.00178118423914783,0.00175874174567595,0.0018171624376138,0.00195089416799849,0.00175971818476051
"2013-11-26",0.00181971932390869,0.00181217428621749,0.00185684669400233,0.00185900215333412,0.00184052825842165
"2013-11-27",0.00102320633786468,0.00099985358797748,0.000943906002689954,0.000952337998779761,0.000844307403498071
"2013-11-29",0.000845629535366308,0.000852660374020108,0.000729744588397744,0.000827246440314656,0.000807485700968728
"2013-12-02",0.00567511133638988,0.00561320241864963,0.00562507904266645,0.00552713602285213,0.00560482104921063
"2013-12-03",0.00156964594764582,0.001528955655985,0.0014815150436218,0.00143578211384725,0.00166902183591679
"2013-12-04",0.00206003317412536,0.00204350723056572,0.00196819217479901,0.00191922896138325,0.00205604738506541
"2013-12-05",0.00072849054337294,0.000717330251658602,0.00068596931161496,0.000639436237675217,0.00069135531967448
"2013-12-06",9.00888071704877e-05,8.56219937333921e-05,9.41617670689824e-05,8.52611714095475e-05,0.000118399951036451
"2013-12-09",0.00412018906295444,0.00417015343844425,0.00435326612121985,0.00426538009780431,0.00452498147225684
"2013-12-10",0.00236603384866936,0.00234869880804137,0.00247551536473999,0.00243867119628699,0.00247306615309128
"2013-12-11",0.000694920127854787,0.000668831803023564,0.000672738591975084,0.00061021814618607,0.000619941248822594
"2013-12-12",0.00154076223873203,0.00154991791575806,0.00160560238192758,0.00154218055407912,0.0014926398760168
"2013-12-13",0.000663150029420175,0.000661137147157233,0.000674629548605703,0.000705243274808324,0.000722519859408795
"2013-12-16",0.00042671178528883,0.000439550685560571,0.000453967385040852,0.000469755759146982,0.000467863190431084
"2013-12-17",0.000260774471807151,0.00026773716792149,0.000279159221887946,0.000280125673698938,0.000246562777706917
"2013-12-18",0.00484275400822258,0.0048824863510929,0.00475272196598909,0.00477874784745419,0.00462377174418966
"2013-12-19",3.95463692171259e-06,3.8298229649582e-06,5.98927808919935e-06,3.19810805668987e-06,2.27871613776541e-06
"2013-12-20",0.00286965755162224,0.00276467868699924,0.00279233615794435,0.00287788955124865,0.00293048422344587
"2013-12-23",2.6832159543747e-05,2.55072765673147e-05,3.64320122684837e-05,2.78803965889322e-05,2.80928600018981e-05
"2013-12-24",0.000267385407684809,0.000264177219387873,0.000255670695263189,0.000280061575487258,0.000246769365875946
"2013-12-26",0.00849655633850791,0.00832902556202059,0.00809701748717092,0.00800304186763371,0.00790506320089996
"2013-12-27",0.00592230311984406,0.00591298384151458,0.00599020082569124,0.00622798700368675,0.00608430615753632
"2013-12-30",1.66327018426773e-05,1.97430587059506e-05,1.9308850560146e-05,2.3971811208129e-05,2.38495623527352e-05
"2013-12-31",0.00198815680624681,0.00203414332821083,0.00213678788927314,0.00221031230725267,0.00225819786628174
"2014-01-02",0.000666445703485538,0.000677303759068629,0.000742317714536528,0.000734743562931301,0.000808442598359969
"2014-01-03",5.70074113410667e-05,6.60723404402167e-05,9.39330757710472e-05,0.000125429209130846,0.000143819155889873
"2014-01-06",0.00537199057280748,0.00533921461680529,0.0052218124530658,0.00504516790418412,0.00493343948602537
"2014-01-07",0.000133215670037469,0.000108844573305142,9.21801920169023e-05,7.78089576326678e-05,6.0390663880373e-05
"2014-01-08",0.000560584275363703,0.000537540303875533,0.000485160613382721,0.000490826218199075,0.000480552694564276
"2014-01-09",0.00084367496825297,0.000870845590763097,0.00087429203798825,0.000910910679668226,0.000892878754654334
"2014-01-10",5.34815406223679e-07,9.11179939927776e-07,4.00831214161745e-06,5.76979497219572e-06,5.88079979872269e-06
"2014-01-13",7.81941733633047e-06,1.01627224584467e-05,3.93102438050382e-06,4.3158121419603e-06,5.87315602814118e-06
"2014-01-14",0.000425178099201419,0.000449167860056382,0.000414305626924508,0.000425841896054774,0.000388318043396881
"2014-01-15",0.000731765218672113,0.000707429334905074,0.00069962047001677,0.000654154171731494,0.000604398590053345
"2014-01-16",0.00118853242094742,0.00119063112751787,0.0011487505668619,0.00117796392129426,0.00117732667795211
"2014-01-17",0.000427771055784201,0.000406605073601194,0.000377120388137493,0.000372844349673449,0.0003561211274991
"2014-01-21",3.92688445001087e-05,4.13490966736954e-05,6.62747541468974e-05,8.89300639407364e-05,8.51748126412635e-05
"2014-01-22",0.000590856426870175,0.00063040617794059,0.000622618676712273,0.000682543994517709,0.00083991787502793
"2014-01-23",0.00105115324087178,0.00103537221340407,0.0010835534584215,0.00111287586817309,0.00111370356559148
"2014-01-24",0.000382992160747318,0.0003459009696769,0.00036133219696038,0.000394799880375544,0.000377113989076812
"2014-01-27",0.00323522066790099,0.00321369898822432,0.00320881748181319,0.00384386381190233,0.00368570995682818
"2014-01-28",0.0188696911081388,0.018918187483808,0.018871912146572,0.0198684100552719,0.0195945396345114
"2014-01-29",0.00495594080533166,0.00492907880898535,0.0051477431343241,0.00502771396298766,0.00508390717295602
"2014-01-30",0.000309197066350063,0.000287220162972589,0.000224403364763256,0.000197900948290036,0.000187422834262779
"2014-01-31",0.00119513249815461,0.00102529671458779,0.000906696210718502,0.000852260928215722,0.000870028420472537
"2014-02-03",1.04420232879348e-06,1.82051314375017e-07,7.74005911799859e-06,1.04549317931031e-05,1.33160553038216e-05
"2014-02-04",0.011334166701317,0.0114662233770936,0.0108587476268322,0.0106589042672338,0.0105485115305261
"2014-02-05",0.009649369174963,0.00932569059466952,0.00836174578619836,0.0081331878485492,0.00719454922213537
"2014-02-06",0.00545621108348355,0.00553827364163256,0.00534261998695018,0.00540257547771587,0.00487380507057016
"2014-02-07",0.00451953254877816,0.0043732915562074,0.0042633807982251,0.004077953392227,0.00380622686387478
"2014-02-10",0.00319827299646305,0.0030642490483763,0.00302671935405415,0.00281339350830925,0.00263203840569521
"2014-02-11",0.00443355519079258,0.00432355534510101,0.00427380697810474,0.00411211000690801,0.00388933160931691
"2014-02-12",0.0009949209034176,0.000935091335616585,0.000825294310009155,0.000772067180446061,0.000677934413107659
"2014-02-13",0.00322744104158029,0.00332940801640227,0.00336583352917932,0.00315949928690684,0.00317065916351467
"2014-02-14",0.000525732713756644,0.00052012314099228,0.000515961696526632,0.000481600704100587,0.00044294665590829
"2014-02-18",0.00248117816622556,0.00250970736410836,0.00242440335512529,0.00232185671472012,0.00231294113516698
"2014-02-19",0.000516580407578973,0.000502276850168888,0.000523370410685752,0.000520985168772633,0.000489698282859898
"2014-02-20",1.70824711547025e-06,7.14783105965921e-07,3.30790757178901e-07,6.3995366795472e-07,6.4120037959681e-07
"2014-02-21",1.55487304309918e-07,4.27410199549132e-07,2.44332634622848e-07,1.54377553524429e-06,1.68364354192191e-06
"2014-02-24",0.00111806679236697,0.00107858284433188,0.00105212502248967,0.00106514298945498,0.00102597130673666
"2014-02-25",0.000518342725358626,0.000503235906648187,0.000556817108180194,0.000516204773352926,0.000482650619759281
"2014-02-26",0.00010405599532064,0.000101366065454497,9.33091017877573e-05,9.04699728674955e-05,0.000116846590777629
"2014-02-27",0.000258300760461256,0.000248508468836151,0.00029244874184736,0.000264527051962334,0.000280183945419188
"2014-02-28",1.61829651327531e-06,7.95411183807217e-07,1.21723598610003e-08,1.39243421810515e-11,1.22333705470612e-06
"2014-03-03",0.000149803047824468,0.000132382004297685,0.00011828091086859,0.000125632387179961,0.000108373910565773
"2014-03-04",0.00165598455262749,0.00163612441895099,0.00173580451078862,0.00173449726391532,0.00172624912172766
"2014-03-05",0.00140687320913422,0.00140439863109365,0.00146395557548138,0.00138183992981537,0.00139517663926991
"2014-03-06",0.00312194760794524,0.0031264684083684,0.00312717129919814,0.00318110492876253,0.00328984491559365
"2014-03-07",0.00263140326510849,0.00258660006769051,0.00244507653162883,0.00242412259223527,0.00259956681566907
"2014-03-10",0.00358510632746368,0.00346808578593291,0.00339477362645087,0.00339139281380014,0.00336026565181769
"2014-03-11",0.00100242339697829,0.00101236666150208,0.00105926506830685,0.00111587808477383,0.0011871380581348
"2014-03-12",0.000735563255310873,0.000715605960007234,0.000748482797192134,0.000846682116449742,0.000888168222241063
"2014-03-13",0.000187985977496879,0.000182848355975866,0.00020202255874479,0.00013769350440121,0.000143580300664705
"2014-03-14",2.53889055465895e-05,2.19267234455618e-05,6.76678853768526e-05,6.77145359942902e-05,7.27861696393466e-05
"2014-03-17",0.000998487595841058,0.00100819457827499,0.000953195635065253,0.00094811894394717,0.00084513940783733
"2014-03-18",0.000668700045891747,0.000664614587013356,0.000683328688833476,0.000709718606844795,0.000664648957737797
"2014-03-19",6.91096519191835e-05,6.59081722915484e-05,5.90121074718089e-05,6.38942355289479e-05,7.7956924443598e-05
"2014-03-20",0.00076246721316372,0.00074323219516967,0.000701259165583917,0.000702059627753809,0.000721417051195328
"2014-03-21",0.000413521279761633,0.000399787559970123,0.000338287186794136,0.000315292739725338,0.000306887780407241
"2014-03-24",0.00126413469252382,0.00126261544811098,0.00132506055102207,0.00131615229122396,0.0013336614460093
"2014-03-25",2.12271327981228e-06,1.38256174074264e-06,1.37295328928821e-06,8.41218733105615e-08,2.24675678725293e-07
"2014-03-26",8.7373936056853e-05,8.47848196336452e-05,7.07180622033084e-05,6.96212467980284e-05,6.86739767428528e-05
"2014-03-27",0.000328171461237392,0.000326357118267946,0.000297813810094819,0.000305990566567166,0.000336575768603105
"2014-03-28",0.00188804437614949,0.00187145532637387,0.00167728496209122,0.00156679873701621,0.00160127229714208
"2014-03-31",0.00260501925697212,0.00262215399743718,0.00234322038045049,0.00229150717561364,0.00222863727277401
"2014-04-01",0.00203268801334198,0.00201238887072282,0.00188081382190494,0.00194341026281611,0.00191704594415383
"2014-04-02",0.00158195451306621,0.00159613164616297,0.00139946220063151,0.00137658825032715,0.00138232256312638
"2014-04-03",0.00409151704729396,0.00402155381945742,0.00369120361855703,0.00368513621645922,0.00367660840094889
"2014-04-04",8.62686266190668e-07,1.27764808336142e-06,2.0085700127839e-08,4.00192970107637e-07,1.62453048724943e-07
"2014-04-07",0.000263651838922182,0.000265530642863711,0.00029639444248352,0.000310917001482225,0.000267949814653825
"2014-04-08",0.000433747603995829,0.000427254922054902,0.00044343581668491,0.000446815280532925,0.000426444105877069
"2014-04-09",2.00152007607703e-05,2.27739589923533e-05,2.39804737248704e-05,2.8062460498585e-05,3.01798925873138e-05
"2014-04-10",0.00062799555800213,0.000598054995432148,0.000623097532124386,0.000589862366370424,0.000588595190147782
"2014-04-11",0.000660070937472616,0.000692192680903518,0.000756797365310079,0.000752241497802444,0.000760708555238166
"2014-04-14",0.000327835551310482,0.000318937048157391,0.000260352117765005,0.000258755066381292,0.000254350754926133
"2014-04-15",9.29204902873273e-08,4.66833043876239e-08,3.62412061906753e-06,7.07776009858213e-06,8.49931261154351e-06
"2014-04-16",6.15126034963969e-05,5.82641865615753e-05,4.81654904449775e-05,4.49978565043979e-05,4.05798858488567e-05
"2014-04-17",0.00270776467529612,0.00265748371737121,0.00257361590912001,0.00254888371909616,0.00251492847134608
"2014-04-21",0.0026721806479232,0.00262550729674328,0.00241384996350141,0.00229811595912778,0.00234335807457849
"2014-04-22",0.00290032193159778,0.00286334161907514,0.00271201061633484,0.00265164316591013,0.00270352664704012
"2014-04-23",0.00263456235678629,0.00254474076551856,0.00242106111146906,0.00231895752161932,0.00228035106786092
"2014-04-24",1.19645039575486e-07,1.93552622919378e-09,1.52830466891348e-06,2.61381436428175e-06,2.83842494856824e-07
"2014-04-25",5.48283817370192e-05,3.69561086096221e-05,4.08511324276662e-05,2.68048522754878e-05,3.9446364437492e-05
"2014-04-28",0.00674125867520073,0.0065351313354618,0.00657803718070473,0.00674160588974018,0.00663567940741878
"2014-04-29",0.00245429947492379,0.00238978856428244,0.00238884278827037,0.00237034429789552,0.00240171183432204
"2014-04-30",0.00249484070725468,0.00246420211653309,0.00262357699047656,0.00260141322583392,0.00263978179819681
"2014-05-01",1.89188129720417e-05,2.0401762924017e-05,2.76417278245567e-05,1.98807146990893e-05,1.99271073156142e-05
"2014-05-02",0.000300067551415544,0.000301046666033434,0.000307190345645145,0.000302532556400244,0.000316045682941984
"2014-05-05",0.0029329439179053,0.00288820608880992,0.0028730650660069,0.0029108157473968,0.00291199211865142
"2014-05-06",0.00149224527837973,0.00148256068054062,0.00147168557677544,0.00150138586348877,0.0015551484179681
"2014-05-07",4.18313200306319e-05,4.15794297682992e-05,4.07119136606381e-05,4.35570355577775e-05,5.91090822431398e-05
"2014-05-08",0.00130912293787319,0.00129618828934781,0.00132121306159059,0.00132828968692269,0.00136618994208254
"2014-05-09",0.000280232295848071,0.000290026132497548,0.000298468418277316,0.000302335549582599,0.000337743440347868
"2014-05-12",0.00110108905530597,0.00113252599749946,0.00113902034207633,0.00115518535178041,0.00114038600462072
"2014-05-13",0.00100101622284824,0.00103399819206547,0.00112160457487696,0.00113122883262811,0.00106563641246575
"2014-05-14",0.00288789015956911,0.00286982134525672,0.002902562412946,0.00288204644013644,0.00287245151500208
"2014-05-15",0.000179569294057895,0.000187306419294091,0.000197516290008855,0.000189822165670847,0.000189640762669668
"2014-05-16",0.00174036574426138,0.00173058817489933,0.00173596831583416,0.00174070937366071,0.00176815154263321
"2014-05-19",1.03208351737609e-05,1.78073240883164e-05,1.88362733883433e-05,2.410854862958e-05,2.77572494460856e-05
"2014-05-20",5.5980918871899e-06,1.1026390502688e-05,1.75705351479085e-05,2.20357523480763e-05,3.32569157425262e-05
"2014-05-21",0.000899038140790403,0.000896779688427564,0.000942735559152552,0.00097761318341644,0.00100663693948791
"2014-05-22",0.00221185359379739,0.0021872424883268,0.002199998859022,0.00220484089699661,0.00221987865930531
"2014-05-23",0.00221654731877541,0.00223983314581514,0.00222332150065567,0.00220656509664339,0.00223580547881711
"2014-05-27",0.00120405214516293,0.00126080517414845,0.00124920711704812,0.0012564136875001,0.00126517046815685
"2014-05-28",0.000631705003796995,0.000632682834755764,0.000646982713854099,0.000664566788045658,0.000644062583050097
"2014-05-29",0.000148862257531449,0.00015674088500286,0.000169501059190829,0.000182549342214782,0.000181798308289453
"2014-05-30",0.00140215050642425,0.00137309674195162,0.00136091435522496,0.00130177763864688,0.00129448419245305
"2014-06-02",0.00673673115433292,0.00663150145541293,0.00654693772088496,0.00641944913382656,0.00639485901326359
"2014-06-03",0.000895562942596602,0.000840022909050815,0.000808083434124353,0.000835457108867267,0.000802113729438887
"2014-06-04",5.13458524481177e-05,5.02770769104019e-05,3.51680209417228e-05,3.10107773273374e-05,2.74882219441092e-05
"2014-06-05",5.29523338487966e-05,4.18919574911022e-05,3.47932635671597e-05,3.0893719411483e-05,2.74067802779203e-05
"2014-06-06",0.000522750022043329,0.000562160570345477,0.000656754489627042,0.000681813015381646,0.000700882948967837
"2014-06-09",0.000254449627334363,0.000225535354733894,0.00020447431576982,0.000186298963434075,0.00015510197573872
"2014-06-10",0.000282087202911029,0.000269570890111783,0.000208403202599965,0.000186622339091111,0.000146209189407769
"2014-06-11",0.000104378448930493,0.00010964553274555,0.000124894882639484,0.000153081565717204,0.000168858160331651
"2014-06-12",0.000829229954307642,0.000829373137609765,0.00081654637989207,0.000823086411689315,0.000806573095096932
"2014-06-13",0.00160054271997298,0.00152767201420572,0.00151850246280093,0.00153096951525687,0.00146074398766159
"2014-06-16",0.000561580106016064,0.000585254022123439,0.000671826398340371,0.000667844422860856,0.000708034028517107
"2014-06-17",0.00127970043178839,0.00133292332691951,0.00131253568496658,0.00136644183782024,0.00139960903291073
"2014-06-18",0.00018240862559822,0.000162666506897584,0.0001716114166221,0.000177951909152603,0.00018199173623061
"2014-06-19",0.00132720414299375,0.00133798380284853,0.00139582051244361,0.00140641681092739,0.00142202768982996
"2014-06-20",0.0035960900413823,0.00360456343515703,0.00369186371331563,0.0036711910941093,0.00368757317648308
"2014-06-23",0.00124571981581207,0.00125919562033174,0.00134890267944713,0.00134168001684143,0.00132154330985561
"2014-06-24",0.000244658595188159,0.000247241190298186,0.000305749432703233,0.00031898930784936,0.00032115318865589
"2014-06-25",1.43063505765931e-05,1.49178284670627e-05,9.93917897595747e-06,9.91599081506264e-06,1.05128935661391e-05
"2014-06-26",3.47528971381976e-05,2.57799160017748e-05,1.79875604615003e-05,1.72723444528988e-05,1.50132817862985e-05
"2014-06-27",2.27953781724285e-07,3.99316103960774e-07,2.55647160315695e-07,2.25527624969278e-07,4.4546693109891e-07
"2014-06-30",1.07932112598063e-05,1.58508043955189e-05,2.17792133026519e-05,1.90088833200539e-05,2.09078212664965e-05
"2014-07-01",0.000268920155371597,0.000272390808245523,0.000272937351267619,0.000275026114664318,0.00028354542018193
"2014-07-02",0.00196283201350637,0.00196447973929249,0.00199890761006686,0.00202759665050466,0.00190556569821118
"2014-07-03",0.000202132122260662,0.000209532373533144,0.000199696766067302,0.000182833790124585,0.000172408249073697
"2014-07-07",0.000239966125676578,0.000238501826978714,0.00025048742557515,0.000260509347798777,0.00027758911953524
"2014-07-08",0.00120191993264499,0.00116562616616837,0.00107331722600715,0.00108660979040317,0.00121387434065933
"2014-07-09",0.000183831828347547,0.000199744906202921,0.000154345356245008,0.000165115170269382,0.000143533907122944
"2014-07-10",0.000398214050362409,0.000372669785095115,0.000330113995491562,0.000317514668668497,0.000293521225346984
"2014-07-11",0.000549667572601042,0.000594641315506609,0.000583991706325622,0.000600225033158591,0.000630421703436291
"2014-07-14",0.00167413587605383,0.00175587010108205,0.0017518335777879,0.00178089265903147,0.00181750125451243
"2014-07-15",0.00199582574747035,0.00196309919391694,0.00193979293310977,0.0019697649249679,0.00203668253686742
"2014-07-16",0.000930538518718671,0.000953795109857278,0.000909555956515843,0.000901593163989165,0.000851388487231199
"2014-07-17",0.000554067836279349,0.000532429438199854,0.00053320097815676,0.000570015872459824,0.000582772703975483
"2014-07-18",6.64401305831009e-05,7.47848259030485e-05,6.48669748097121e-05,6.8248035676968e-05,6.10486030885591e-05
"2014-07-21",0.000396461811333371,0.000433437526684861,0.000439062906615125,0.000443546012677938,0.000428903682582519
"2014-07-22",0.00172274462741836,0.00168154054811067,0.00161517741825433,0.00162179647947591,0.00164270871875022
"2014-07-23",0.000832169641618945,0.000806171082688071,0.000810859630452286,0.000810701216387035,0.000824339194070434
"2014-07-24",0.000575981894934444,0.000575166518457309,0.000562649723397136,0.00055467933193852,0.00053514236276412
"2014-07-25",0.000486009876362739,0.000388585117328387,0.00040439006307331,0.000419744196776543,0.000466903155198108
"2014-07-28",0.000305797677034921,0.000302127229036448,0.000284226057184504,0.000278714903512487,0.000274616609745278
"2014-07-29",9.01002406109785e-05,8.71878782457513e-05,6.87160435530066e-05,6.62055960491544e-05,6.85178416009166e-05
"2014-07-30",0.000143523294070763,0.000164764565954603,0.00016845116536357,0.00017402862666184,0.000138879037385563
"2014-07-31",0.000661294584066947,0.000620060649649721,0.000561666301092977,0.000557610115918623,0.000553621678016932
"2014-08-01",0.00333728177542627,0.00317638126674116,0.00311617403701158,0.00315361938760889,0.00318689415074149
"2014-08-04",0.000188846444096956,0.000174378279692182,0.000205363520460131,0.000201806595397765,0.000168038428190349
"2014-08-05",0.00251725229038873,0.00257376072099261,0.00253081257386464,0.00254771470691672,0.00250127848760035
"2014-08-06",0.000462167433885565,0.000440757472967817,0.000321234966708073,0.000303880811989593,0.000314042233812183
"2014-08-07",0.000809519148807654,0.000731940774116363,0.000642634610435557,0.000640161561667975,0.000601349139824851
"2014-08-08",0.00138204575904663,0.00124061873666635,0.00115679954020515,0.00113535784296829,0.00114332490638215
"2014-08-11",0.00332711672425135,0.0035921888864853,0.0033932312487934,0.00340184207033021,0.00332292558615528
"2014-08-12",0.00411853584287043,0.00379510982994396,0.00371281404302601,0.00374262467389519,0.00370620810153542
"2014-08-13",0.00366450941453992,0.00348481869617949,0.00342317053093433,0.00346234007043389,0.0034356090038422
"2014-08-14",0.00489224209767784,0.00478110305911225,0.00463919148618936,0.00467839840988187,0.00462733812006542
"2014-08-15",0.00202395012614064,0.00204333767365131,0.00204886497929546,0.00205819385937065,0.00205620220143306
"2014-08-18",0.00254066012344141,0.00262626520720508,0.0026662434732921,0.00268858312108413,0.00280081896080438
"2014-08-19",0.00168786437970522,0.00168466794924692,0.00173351418050818,0.00177339015828009,0.00179211303117332
"2014-08-20",5.97623398674565e-05,6.73100293970992e-05,7.494824294115e-05,7.67424806502961e-05,8.98186593686477e-05
"2014-08-21",0.000749995678265793,0.000821525089980534,0.000726444159972473,0.000756064402339862,0.000738646112283022
"2014-08-22",0.00119805240794286,0.0011489306261884,0.00108149242478266,0.00109338354024987,0.00109971526300029
"2014-08-25",0.000269221182268597,0.000319640834812011,0.000333546486050161,0.000346176600441493,0.000367904908835283
"2014-08-26",0.00101809288425462,0.00107413153640183,0.00112787155742147,0.00114777230642208,0.00124071989104361
"2014-08-27",0.000409278503937041,0.000414145889614227,0.000430660245708602,0.000441770395990756,0.000481596895904977
"2014-08-28",0.000128579265707037,0.000159085702060185,0.000188749711365071,0.000196341849807724,0.000210350190139888
"2014-08-29",0.00179471679966451,0.00176854372218652,0.00184966207879352,0.00184955461298129,0.0018787040408774
"2014-09-02",2.39600134265644e-05,1.06306079704771e-05,8.3171334232739e-06,9.07695594651329e-06,2.88220884468332e-06
"2014-09-03",0.0424502628396826,0.0416735398430918,0.0415597069753892,0.0415890266364195,0.0412242207250343
"2014-09-04",0.00801582377658207,0.00775402466733286,0.00773976161999261,0.00770108133312788,0.00759880113165491
"2014-09-05",0.00214989075366488,0.00203768271251497,0.0020500621401453,0.00206182356688794,0.002051341626705
"2014-09-08",0.00110879786122769,0.00108287039921697,0.00107917544871301,0.00106153200208531,0.00106787673752808
"2014-09-09",0.135039974180424,0.135269016486835,0.134881855697721,0.134679770011034,0.134836874556206
"2014-09-10",0.00712644021158162,0.00662870505572078,0.00639745574273893,0.00630436800891136,0.00624664775792903
"2014-09-11",0.000891632270126281,0.00103680524425823,0.00106161709798044,0.00106099459355528,0.00108764502943859
"2014-09-12",2.75265512101483e-05,2.51841396933572e-05,1.95874352720186e-05,2.12948312051561e-05,2.37689196696713e-05
"2014-09-15",0.00176591107778663,0.00168751730451411,0.00170446651823471,0.00169746047911085,0.00174175393165884
"2014-09-16",0.00798356378206518,0.00830122971305225,0.00851999126465489,0.00847557251615541,0.00863643529740482
"2014-09-17",0.00889736101446548,0.0091817515689193,0.00922526120473131,0.00916414445793337,0.0093220900768146
"2014-09-18",0.00624131263117414,0.00628000817221037,0.00628549394690224,0.00626330399484358,0.00636583041468948
"2014-09-19",0.00293293615094896,0.00296939427854821,0.00298012066795373,0.00291525080412101,0.00299949708069284
"2014-09-22",0.00081651558758448,0.000811736355461074,0.000824575400456833,0.000853576986811561,0.000857302223963873
"2014-09-23",0.00253895766612168,0.00252010989202825,0.002577408174851,0.0025606283652281,0.00257632219063164
"2014-09-24",0.000444016750975834,0.000392490880675258,0.000369425129393661,0.00034850337544744,0.000355720796303085
"2014-09-25",0.00715416480393503,0.00695456602342493,0.00690055630434975,0.00691554691339811,0.00686803412664507
"2014-09-26",4.89023009432467e-05,6.7341846193138e-05,6.60158258969139e-05,6.50941991073339e-05,7.01317328776979e-05
"2014-09-29",5.48817556875913e-06,6.01749218730367e-06,6.77556241474624e-06,3.84528331566702e-06,2.3618986118079e-06
"2014-09-30",3.90597717166721e-06,9.79921245091451e-06,1.01417850322224e-05,6.24152035879718e-06,6.76452785904811e-06
"2014-10-01",1.403580769864e-06,1.52479265101082e-07,3.21844257954739e-07,2.28569202950031e-07,1.87591050161373e-07
"2014-10-02",0.000469966885251536,0.000454127086477306,0.000406723407822457,0.000394041593029106,0.000408596300151083
"2014-10-03",0.000561811188880635,0.000556618319666171,0.000529679375848556,0.000509791869479551,0.000519670689840155
"2014-10-06",0.000478943887796526,0.000460014069172782,0.000476010065296802,0.000481775011720408,0.000477618601945668
"2014-10-07",3.72811158133691e-05,2.05219588619811e-05,1.50500755771208e-05,1.59460484639597e-05,1.52539105683389e-05
"2014-10-08",3.14887762439667e-05,7.69735102731652e-05,8.3819021330636e-05,8.0969602419029e-05,8.47249160918337e-05
"2014-10-09",0.000613635439094034,0.000706793485644965,0.000728437684878284,0.000768061654751037,0.000767369900112628
"2014-10-10",0.00496952278618562,0.00508197711747863,0.00500785042210332,0.00504477764312963,0.00503011532432645
"2014-10-13",0.00511563375972685,0.00526347674025944,0.00512797068398531,0.00513941994198139,0.0051395799642881
"2014-10-14",0.00572751476944337,0.00612999846756726,0.00609556852290772,0.00607079623543866,0.00609510032246164
"2014-10-15",0.0421457946432672,0.04351688441564,0.0435672900087909,0.0436273992881817,0.0437221056506472
"2014-10-16",0.014785082963879,0.0159685487899131,0.0161345363330757,0.0163423668557571,0.0164409787709233
"2014-10-17",0.00241100914313346,0.00190822370571478,0.00173903283637719,0.00165907527426457,0.00162774071910732
"2014-10-20",0.0068063115994421,0.00599723980695878,0.00584247987753252,0.00578603848425752,0.00572289468805045
"2014-10-21",0.0039495881024604,0.00317843003722879,0.00299548429442629,0.00306108508541931,0.00299576096496913
"2014-10-22",0.031640475057032,0.0269944658622715,0.0262647252019453,0.024945769694055,0.0248343875972002
"2014-10-23",0.0385549795411844,0.0342962435114498,0.033680411750361,0.0327886431452105,0.0326365683589896
"2014-10-24",0.0172913601277946,0.0156448445632166,0.0150958176827504,0.0149436152178396,0.0149574514761317
"2014-10-27",0.00762942438541555,0.00709642862900914,0.00695486647552706,0.00696130750250598,0.0069928531728401
"2014-10-28",0.0121114223898253,0.0124094021464178,0.0116581689459025,0.0117834567987739,0.0118063219520473
"2014-10-29",0.000988177494501558,0.000934828229770014,0.000888353983741368,0.000915002262973511,0.000869706766005216
"2014-10-30",0.000842661810647643,0.000769409419705892,0.000778402343967064,0.000791637294640762,0.000781375477755111
"2014-10-31",0.0010113090354156,0.0009594011252775,0.000960865016855863,0.00097174400116013,0.000983164877595018
"2014-11-03",0.00044809305446088,0.000409689048919731,0.000419615052379805,0.000432092824616242,0.000439849279335892
"2014-11-04",6.75928945412982e-05,8.82679391149295e-05,7.02561633621201e-05,7.32946639494214e-05,7.62130198358951e-05
"2014-11-05",0.00057443858966555,0.000513941069737485,0.000497534003590553,0.000497397743047173,0.000494695830949007
"2014-11-06",0.00227553196825227,0.00221162723647264,0.00222223264701451,0.00219910575396712,0.00220614531122365
"2014-11-07",0.00120213021875591,0.00127249937338331,0.00126907926593967,0.00127506488400942,0.00127647449727263
"2014-11-10",0.00361755498348433,0.00365635926958511,0.00365399003116416,0.00365190815419117,0.00364879629628134
"2014-11-11",0.00180553117550686,0.00186255458309851,0.00187176066851007,0.00187843023400449,0.00187616520996426
"2014-11-12",0.00133505919878128,0.00144842801652666,0.00146151507216444,0.0014649058806966,0.00146653992955667
"2014-11-13",9.33289568043313e-05,8.27377150017276e-05,7.98295657175016e-05,7.8574244812691e-05,7.63760316474378e-05
"2014-11-14",0.000155544619293734,0.000192658477454044,0.000187690359460923,0.000191046324232931,0.000193406655298241
"2014-11-17",0.00280146140903765,0.00256366642256919,0.0025287647762928,0.00251991971288656,0.00250666671586167
"2014-11-18",2.63406470378083e-06,4.44120495160873e-10,4.60799170574263e-09,2.3459828535595e-08,3.9570960555772e-08
"2014-11-19",0.00177952823394073,0.0017159617575396,0.00170355255422997,0.00168076241108545,0.00166900114595921
"2014-11-20",0.000414216536689475,0.000426792336985075,0.000431276401292959,0.00043327415007696,0.000430042301793425
"2014-11-21",0.000769390906545811,0.000658626716111137,0.00069111541652189,0.000669565047022928,0.000685806718936892
"2014-11-24",0.00198387496701954,0.00216663253188069,0.00211484670518904,0.00212894314533864,0.00212658537391302
"2014-11-25",0.000960534667057847,0.000870012251930042,0.000856751233477943,0.000824188913581865,0.000834491969505185
"2014-11-26",0.00185907267270251,0.00201978407570534,0.00203626830731915,0.0020165776629303,0.00200831959815892
"2014-11-28",0.0015603384224993,0.00142806775921505,0.00143169513333201,0.00142312130460112,0.00142421008381933
"2014-12-01",0.114837292211089,0.113667663829869,0.113915874631638,0.113437270443346,0.113389044684795
"2014-12-02",0.0100237869673744,0.0098028882236643,0.00977284747535423,0.00965366876572335,0.00964117522745107
"2014-12-03",0.000283481405907836,0.000233802076856786,0.000242221046063366,0.000230262400532722,0.000226982458272972
"2014-12-04",0.00051816543155208,0.000488601196013301,0.000460283235149475,0.000451404527277577,0.000446911370526079
"2014-12-05",4.70775306387587e-05,8.90879270993062e-05,8.81339736234698e-05,8.54770005916095e-05,8.14543031966542e-05
"2014-12-08",0.00534601157086739,0.00573844761357776,0.00569905798829186,0.00559752879721745,0.00559149233076879
"2014-12-09",0.000118406606340631,7.38143329981929e-05,7.4065713998528e-05,7.63117689209373e-05,7.67002988908622e-05
"2014-12-10",0.00232295117547216,0.00211715368123182,0.00208317849091863,0.00212209093345974,0.00211864461249314
"2014-12-11",0.000295643204317139,0.000308911869997869,0.00030076181020411,0.000298782309713654,0.000296945009125219
"2014-12-12",0.00213136129753441,0.00194465643902209,0.00185508104011917,0.00183554683428369,0.00183604378664152
"2014-12-15",0.016148444918681,0.0161396943086664,0.0161907681605133,0.0160795555342599,0.0160708493898925
"2014-12-16",0.0101507147604559,0.0105069145555166,0.0105898777963938,0.0106097114768403,0.0106119412885216
"2014-12-17",0.00223734839213235,0.0025308533803092,0.00260231941078577,0.00266182301980041,0.00267347896068773
"2014-12-18",0.00153880400057605,0.00142056596785495,0.00134203155574467,0.00132948252772473,0.00132741199908354
"2014-12-19",0.00277755685076964,0.00233105615534473,0.00219583280529358,0.00216839006836727,0.00216624472437171
"2014-12-22",0.0262487045328895,0.024008453676171,0.0235947595425263,0.0233411674453368,0.0233538402657459
"2014-12-23",0.0384426045059561,0.0351773638478525,0.0347245788556699,0.0344446761735368,0.0344467496672991
"2014-12-24",0.0293123261466653,0.0264028744230822,0.026050273003916,0.0257125287385413,0.0256958655195253
"2014-12-26",0.0159663330083265,0.0154999675012096,0.0154249286752836,0.0153988240019748,0.0153886306744237
"2014-12-29",0.00798426417705008,0.00812722790842117,0.00799736010696021,0.00793398365975629,0.00788646939763544
"2014-12-30",0.000422898341858252,0.000508691426657054,0.000446457235117902,0.000475126427112355,0.000473141417770981
"2014-12-31",0.000160914042595056,0.000113806942692526,0.000158313157927994,0.000144171648115619,0.000145214411050268
"2015-01-02",0.0121321728410385,0.0116256087910322,0.0119984425009087,0.0119494184661599,0.011953351999241
"2015-01-05",0.0162112118359992,0.0153847535309505,0.0154278598697558,0.015088061543199,0.0150965688042006
"2015-01-06",0.0259280791708114,0.0251254731644327,0.0250349730367233,0.0248171007077652,0.0247988810196826
"2015-01-07",0.00614080291819657,0.00578874678600637,0.00579975616341217,0.00572761946199275,0.00573397980433376
"2015-01-08",2.60485464305688e-05,2.19910111630297e-05,1.68992592717453e-05,1.67835385970089e-05,1.66998382523689e-05
"2015-01-09",0.000174906037343462,0.000274924097672094,0.000291269909975625,0.000307034722588328,0.000301504931204586
"2015-01-12",2.62759200507147e-05,7.32111831815756e-05,9.72488264319802e-05,0.000123234009135148,0.00012185320540358
"2015-01-13",8.82844749767281e-05,1.24053855891044e-05,6.93419229905007e-06,2.02874492371285e-06,2.40731785880083e-06
"2015-01-14",0.000575066216306567,0.000822366264812055,0.000890829268550632,0.000935373266102427,0.000922061120304041
"2015-01-15",0.00570488644394263,0.00547045837562821,0.00567312562658973,0.00570086759656333,0.0057033302385935
"2015-01-16",3.86646737938517e-05,2.1154217733558e-05,1.82523742624597e-05,1.30485262179292e-05,1.36061599171722e-05
"2015-01-20",1.87119373994888e-05,2.42814072290218e-06,3.08101287482979e-06,2.65848167841076e-09,2.88855759945426e-08
"2015-01-21",0.00217342403224532,0.00182166599556471,0.0017497497670365,0.00167553334514968,0.00166324691195797
"2015-01-22",0.00468494924883049,0.00386712465094952,0.00382331375607382,0.00366388852297725,0.00365110658838743
"2015-01-23",0.0108823239688948,0.00953801890508155,0.00940281109774546,0.00863388189065589,0.00863669622443995
"2015-01-26",0.008488138052667,0.00741032819514809,0.00733636935093944,0.0071405616085688,0.0071626270014651
"2015-01-27",0.000262153127972875,0.000187985984042729,0.000187269072607346,0.0001551228113865,0.000155681117395498
"2015-01-28",0.0027204746002143,0.00320880913913541,0.00324404734225044,0.00330104705449754,0.00330386302437614
"2015-01-29",2.30905551962168e-05,9.2373519844207e-05,0.00010011104391189,0.000163500991229234,0.000158233719150266
"2015-01-30",0.000589019405349759,0.0010751313364673,0.00103195468733288,0.00100355618651082,0.000993417538189847
"2015-02-02",0.00675553142879796,0.00711004660684865,0.00701788495706917,0.00692881751210161,0.00692669285910396
"2015-02-03",0.000219458938395644,0.000125887334689676,0.000127966897312081,0.000132442941222525,0.000130593357460081
"2015-02-04",0.00490501882675969,0.0041998535150614,0.00397350557184614,0.00405962033652514,0.00400330570869876
"2015-02-05",0.0095192514785947,0.00820291924927626,0.00808078866539733,0.00821311690019913,0.0081976041649552
"2015-02-06",0.00585429030681977,0.00501026486415632,0.00497458896190509,0.00502054042531236,0.00502548453950532
"2015-02-09",0.0112179724979293,0.0100650432802086,0.0100191486403633,0.0100261503298677,0.0100418952301789
"2015-02-10",0.0123468386969131,0.0117393426731536,0.0117339978733697,0.0118674930707172,0.0118758470128289
"2015-02-11",0.00855880987827278,0.00808002260021316,0.00799648208625196,0.00817742213102368,0.00818010807926062
"2015-02-12",0.000662639611499995,0.000705878696106907,0.000705455881435344,0.000721308473408678,0.000721070059239907
"2015-02-13",0.00203494899425139,0.00206325347879958,0.00205063459117838,0.00204697020618606,0.0020449363221731
"2015-02-17",0.000610296746916596,0.000607471580917246,0.000619771448669691,0.00063213861112479,0.000628897164114692
"2015-02-18",0.00127632693557104,0.00141540821039296,0.00142987206152986,0.00143033274729468,0.00142507333952293
"2015-02-19",0.00462047410528416,0.00458206267886502,0.0045944447716698,0.00454692719406653,0.00453938357744616
"2015-02-20",0.00508034077230383,0.00569602872344941,0.00572625368473105,0.00529204552597064,0.00528196282948577
"2015-02-23",0.00194564503871609,0.00233235094962445,0.00231436115859926,0.00209826957700613,0.00209056528783285
"2015-02-24",2.02467987224604e-05,1.60554208008051e-07,2.34738061020667e-07,2.52990285823095e-06,2.46451430400427e-06
"2015-02-25",0.00475079729538734,0.00459051298325562,0.0046357439404877,0.00472443216447469,0.00472948330213741
"2015-02-26",0.0229199559187036,0.0227680192070057,0.0226416667539109,0.0230833965071571,0.0230921034055393
"2015-02-27",0.00596427265850242,0.00619728680395298,0.00614353287587178,0.0061005844903113,0.00610657329058784
"2015-03-02",0.00158513882660949,0.00134163214203622,0.00130803494387153,0.0012671607129729,0.00125938996260228
"2015-03-03",1.20480790653849e-05,7.07890122544675e-07,3.12316490370428e-06,2.75833300101529e-06,3.12100728922078e-06
"2015-03-04",0.00170038445728071,0.00231713574390767,0.00227914818338789,0.00233629345005013,0.00233715043306728
"2015-03-05",0.00303523524672573,0.00394198615003305,0.00396974101386594,0.00395392501200878,0.00395385495943313
"2015-03-06",7.38647276586688e-05,0.000120059165167963,0.000119760275147187,0.000118531874750786,0.000119057913325376
"2015-03-09",0.00824348122683996,0.0082648115947897,0.00813605656598444,0.00811125504247233,0.00812473074546541
"2015-03-10",0.00225028993812214,0.00236815636165322,0.00226308886946455,0.00220454573515038,0.00217014120743364
"2015-03-11",0.00291504864840189,0.00321456118410859,0.00310419438894885,0.00303390855157695,0.00301419888179331
"2015-03-12",4.17304667407868e-05,7.95492480019278e-07,2.13039301030632e-08,7.72606125087791e-08,2.29705879425631e-07
"2015-03-13",0.000399920743115569,0.000334400459022947,0.000328493883088976,0.00033534449565595,0.000338678354422663
"2015-03-16",0.0115943668652292,0.0123332376670003,0.0123955424411367,0.0126549543942601,0.0125780302584027
"2015-03-17",0.0107744178143651,0.0104895700760785,0.010525191442309,0.0107218818505521,0.010687918226875
"2015-03-18",0.00298787375282914,0.00310101047817681,0.00310704913867532,0.00314491232090324,0.00308776080336194
"2015-03-19",0.00580187254817446,0.00587363459037471,0.00602422627810832,0.00594120101366469,0.00589034639222778
"2015-03-20",0.00655062466836269,0.00625238466748585,0.00628888051644005,0.00620454840613158,0.00620154478322783
"2015-03-23",0.00275310379614885,0.00272829697882644,0.00270894909065119,0.00272147152938324,0.00271045318584652
"2015-03-24",0.00110597414110199,0.00107352875867158,0.00110367386260286,0.00110005680753417,0.00110038897653026
"2015-03-25",0.00134652930112912,0.00102038289816083,0.00101757950184575,0.000971243874513684,0.000984013577912865
"2015-03-26",0.000850541675729258,0.000947360772431907,0.000904526383510411,0.000893708046629822,0.000905370428839401
"2015-03-27",9.10771047237288e-05,2.35728488039616e-05,1.43465696779286e-05,2.41024347592958e-05,1.61027096187973e-05
"2015-03-30",0.000686380001665775,0.000593801437474952,0.000578052572024529,0.00056320641946176,0.000539044464562302
"2015-03-31",0.000123564687036768,0.000147548180567235,0.000145972486116844,0.000139483149699306,0.000133180068750709
"2015-04-01",0.00102792222517002,0.00120411238078849,0.00125653934090706,0.0012756661349379,0.00127909003445231
"2015-04-02",0.0043587902035481,0.00392450876153732,0.0035934698377955,0.0035499633054997,0.00357323026983458
"2015-04-06",0.00156715231759545,0.00152293596786306,0.00146858734411973,0.00144794948551954,0.0014424296453666
"2015-04-07",0.000932629409602003,0.00104490022392671,0.000978034949214751,0.00100008577840576,0.00098877215685725
"2015-04-08",4.76519169132898e-05,4.22986438797552e-05,2.84743690310954e-05,2.59453280818582e-05,2.6042170177973e-05
"2015-04-09",0.0022846073810495,0.0019530016320787,0.00175977193231864,0.00181884240864543,0.00185366557273409
"2015-04-10",0.00104555918538145,0.00103049641191302,0.000951446417691146,0.000983403127240043,0.000978003258012995
"2015-04-13",0.00103788444223618,0.00116260402605497,0.00120648696964365,0.00117826404652367,0.00118904915047562
"2015-04-14",0.000757120998138717,0.000950026612864982,0.000981678530129753,0.000915701197969706,0.000911490986819781
"2015-04-15",0.00367354204395333,0.00365838811551438,0.00368070995214106,0.00367453622755182,0.00367040290519405
"2015-04-16",0.00266599923137266,0.00260713882740685,0.00266830385390259,0.00266638782075224,0.00266322016418257
"2015-04-17",0.00032167124993053,0.000463390399531664,0.000488820919060029,0.000520645791708713,0.000516043473835073
"2015-04-20",0.000847575909513696,0.000966188101505378,0.00107215519452609,0.00112394869467272,0.00112856878660022
"2015-04-21",0.00076655701252913,0.000763470311924461,0.000765215879762871,0.000756453919373241,0.000749901139854863
"2015-04-22",0.000138278810721693,0.0001729139512719,0.000181711586765864,0.000184196046632597,0.000181939636530007
"2015-04-23",0.000284552825424117,0.000357018750228032,0.00035030736669119,0.000311430385678277,0.000306523341322372
"2015-04-24",0.00215041396250139,0.00131858010607958,0.00134052896138048,0.0012457506958261,0.00120942410001328
"2015-04-27",5.09923949838118e-05,5.21555786460644e-05,5.02424099842812e-05,6.45000442699617e-05,7.08611841230027e-05
"2015-04-28",0.024129031785419,0.0246413323413359,0.024415982886622,0.0242326809430525,0.0242899639753094
"2015-04-29",0.00552648112772306,0.00574193553645478,0.00596520098005391,0.00581818504313572,0.00572878268737322
"2015-04-30",0.00540243905231535,0.00554599356067813,0.00554153064113069,0.00543529483265747,0.00540741521564496
"2015-05-01",0.00093228021498709,0.000912236457049143,0.000905639586620732,0.000888358325617503,0.000887820918417852
"2015-05-04",0.000101563609161432,6.8416743556908e-05,8.60991824074305e-05,8.56992642420797e-05,9.12018087625353e-05
"2015-05-05",0.00307266661429815,0.00249053113816624,0.00229153855975504,0.00260200942050425,0.00254921919541195
"2015-05-06",2.94029372838116e-05,0.00012269368472173,0.000176812129281112,0.000158778696056497,0.000159636005518981
"2015-05-07",0.000739197398033506,0.000563381010844053,0.000497475901043169,0.000505677677168545,0.000517523329220751
"2015-05-08",0.00167902536056205,0.00177898161234266,0.00172674214437397,0.0018182462862293,0.00182403996502739
"2015-05-11",0.000374321230050887,0.000586191236400316,0.000546497283822621,0.000588739467729095,0.000637878459567555
"2015-05-12",0.000724908252160933,0.000757087545507065,0.000713042834167854,0.000754920025134658,0.000780317563328096
"2015-05-13",0.00462007108500353,0.00451112411061652,0.00446188073163393,0.00437851003942328,0.00440565035581288
"2015-05-14",0.00873681748297806,0.00835957276673439,0.0085567370936079,0.00867811305421153,0.00885787320489514
"2015-05-15",0.00184419870683617,0.0022561386324244,0.00231467006611304,0.00232409795872626,0.00238900692500071
"2015-05-18",0.00141296520836163,0.00173141706486665,0.0017559801114959,0.00175845839554357,0.00178556175217683
"2015-05-19",0.0033982844294742,0.00326525874279518,0.0032136294386804,0.00319260318566295,0.00317427894302516
"2015-05-20",0.00241871012858025,0.00210248188842859,0.00213804079213505,0.00216275925292971,0.00212474608085612
"2015-05-21",0.0011639058470455,0.00116562933988645,0.00122661056202156,0.00124359100512688,0.00123155155784473
"2015-05-22",0.00208044936789743,0.00248447745143785,0.00257421719529527,0.00256244111363974,0.00253312060830621
"2015-05-26",2.28297348729967e-05,0.000178023144048871,0.000209630214806914,0.000181340418628113,0.000183330951675948
"2015-05-27",0.00117424694817774,0.00133510752159023,0.00140581375892446,0.00135863452054517,0.0013453452160803
"2015-05-28",0.0014370384667875,0.00150255174883171,0.00154030054355555,0.00152015889697438,0.00151671420130319
"2015-05-29",3.15570464293003e-06,1.50763371282994e-05,1.35677027807762e-05,1.33105233469342e-05,1.2042187145631e-05
"2015-06-01",7.19448994352088e-06,6.37705938952404e-07,1.98437629310667e-06,2.01553599433982e-06,1.8239443390565e-06
"2015-06-02",0.000846606825028763,0.00110673125653344,0.00106189787329682,0.00102737947905574,0.00103097614056992
"2015-06-03",0.000633571367190707,0.000797600526433625,0.000836509478993672,0.00080716926996574,0.000804264396041073
"2015-06-04",0.000120206751846693,9.29512589067179e-05,8.14392533852846e-05,7.5052170063096e-05,7.23920220888354e-05
"2015-06-05",0.000246392874950205,0.000210538252568041,0.00020556097809511,0.000225778582158554,0.000229458144385248
"2015-06-08",3.64179931409471e-05,4.50565537098422e-05,5.19130028402571e-05,5.11257922363492e-05,5.18736845211328e-05
"2015-06-09",0.000432427439323935,0.000504262275880748,0.000490078506612005,0.00049143161617339,0.000490266802782534
"2015-06-10",4.66488631300765e-05,3.20248195391735e-05,4.97569598865881e-05,4.89226107295609e-05,4.83535000020469e-05
"2015-06-11",0.000375224669688315,0.000264499912127478,0.000278333660004449,0.000277173358087944,0.000279390291812154
"2015-06-12",0.000387278959804916,0.000406380785342437,0.000394825975101925,0.000381580774074881,0.000388938320400395
"2015-06-15",0.00014068978380168,0.000200077826988716,0.00020103295774335,0.000224393100946581,0.000229488134985511
"2015-06-16",0.00246160393996723,0.00276018970823889,0.00277976573795494,0.00281587913660528,0.00280027396552905
"2015-06-17",0.000220263163327834,0.000249980553282828,0.000241096984584984,0.000242328651437125,0.000244644162157359
"2015-06-18",0.00174240240030932,0.00177161482705143,0.00178075143739022,0.00182230286199506,0.00182868937745928
"2015-06-19",0.0018277607423035,0.00178473335949232,0.00187054804113054,0.0018659992112947,0.00188373098576052
"2015-06-22",0.00265878360502913,0.00251241973978681,0.00246237064222665,0.00246719164039722,0.00246243053943014
"2015-06-23",0.00206869849697277,0.00222697210136734,0.00225099901529254,0.00221123889702375,0.0022245240582363
"2015-06-24",1.37101522003022e-05,6.77650636783995e-06,6.94180631447673e-06,4.74007306191796e-06,4.91555587009616e-06
"2015-06-25",5.22183186801496e-06,9.87543271000645e-08,3.9531524981108e-07,5.01495676628824e-07,3.06252052457268e-07
"2015-06-26",0.000113450733912453,8.64488303120641e-05,8.13798042167882e-05,8.33395491554542e-05,8.58069027823392e-05
"2015-06-29",0.00146982429375783,0.00130448922909241,0.00131308240133906,0.0013106701834899,0.00132257119218402
"2015-06-30",0.00350506807275654,0.00316645767682333,0.00313077368061861,0.00311759557440097,0.00311390799069603
"2015-07-01",0.000304180362332917,0.000417267174873186,0.000485384178533494,0.000476628621799665,0.000494565413835471
"2015-07-02",0.000849780721172515,0.00102855257037495,0.00107799224202213,0.00108267612652812,0.00108258835267232
"2015-07-06",4.26955838233518e-06,7.00327192752726e-08,4.37174917523859e-08,3.87374714551065e-07,8.01143339541321e-07
"2015-07-07",8.39232658640012e-05,0.000125321823372216,0.000137757458556929,0.000133827782864329,0.000131000483013393
"2015-07-08",0.000465925448645977,0.000700445277107314,0.00075647335490254,0.000740880240733239,0.000734079569342
"2015-07-09",0.00546412456646494,0.00576435579165478,0.00582336063567434,0.00586306708559091,0.0058661500049367
"2015-07-10",0.00100524059020165,0.0010924267692357,0.00101351790979495,0.00101607220925334,0.00103991771710978
"2015-07-13",0.00136958945877577,0.00136284680088594,0.00132790883345567,0.00135791019969938,0.00137365308861765
"2015-07-14",0.00320881912601478,0.00266547647708254,0.00259045025516844,0.00260538647283967,0.00259247742916722
"2015-07-15",0.00570778006360793,0.00495185833826188,0.00482652341038973,0.00483701989511459,0.00483028078178551
"2015-07-16",0.0125744433943559,0.0123593537272486,0.0125483616048474,0.0125808368023253,0.0125542801578961
"2015-07-17",0.00472800121941493,0.00470191242277174,0.00479515017602998,0.00503295767816526,0.00497214760410024
"2015-07-20",0.000307745152286075,0.000460200217346983,0.000469513585108812,0.000479476878198508,0.000458637623102075
"2015-07-21",0.00157325954584947,0.0011814231789319,0.00111885957111356,0.00111032565326754,0.00113668709941007
"2015-07-22",0.021085042341739,0.0200306472720788,0.020158167121528,0.0200713473125169,0.0201499645701973
"2015-07-23",0.00217812180088879,0.0022495458718592,0.00219000591640528,0.00205661553742005,0.00207430501268616
"2015-07-24",0.00212526294536848,0.00281196063134671,0.00280177139575753,0.00248759659539017,0.00253714397745061
"2015-07-27",0.00179399067058019,0.00205204309607029,0.00198142049675448,0.00188493600030375,0.0019484968804398
"2015-07-28",0.000224788253779838,0.000195539913196441,0.000213506662505929,0.000237111781708542,0.00022583181040881
"2015-07-29",0.00559608576671357,0.00656984813804857,0.00643743694373371,0.0067361902038986,0.00678807125189861
"2015-07-30",0.00130016690221739,0.00180666423098638,0.00178453463256045,0.00142282824661806,0.00145426197697583
"2015-07-31",0.00179526282316214,0.00179497725653386,0.00140459216141784,0.00135907710757133,0.0013495162136989
"2015-08-03",0.00326678500405386,0.00357888005235474,0.00384416383156664,0.00394944252909161,0.00397141093672371
"2015-08-04",0.0337878509243742,0.0355619949630849,0.0363867904032777,0.0358505471998176,0.0359196207928456
"2015-08-05",0.0111973578394589,0.0121170539447546,0.0123110339896709,0.012280391129577,0.0123342213550646
"2015-08-06",0.00180758276457924,0.0020737454800966,0.00222609990668456,0.00209540648473682,0.00211631789336665
"2015-08-07",0.00101786665881821,0.000882050710581869,0.00116175061071534,0.00108976686760605,0.00109965784917064
"2015-08-10",0.00349784549808407,0.00333563102785066,0.00324353827312067,0.00340982323423292,0.00337074635569829
"2015-08-11",0.00294933486130619,0.00333058358067061,0.00345114035694671,0.00390149491329362,0.00381949712435434
"2015-08-12",0.00829779713312713,0.00742162607266671,0.00703482348247001,0.0070569631899821,0.00711439751464944
"2015-08-13",4.79862026802067e-05,6.52150666784432e-05,4.92586077132413e-05,6.39689293847229e-05,5.75576894214636e-05
"2015-08-14",0.00140378869876394,0.00155192856634314,0.00122721714217788,0.00046728997645282,0.00044155067105147
"2015-08-17",0.000285814685847301,0.000468205792093664,0.000397493165783299,0.000164814330283974,0.000161180926558875
"2015-08-18",0.00761924044109926,0.00819823263134499,0.00787322674404382,0.00770070639053134,0.0075792558795684
"2015-08-19",0.0124919884155512,0.0108552835972328,0.0101035019327242,0.0102950048794679,0.0101503652032256
"2015-08-20",0.000595686545377162,0.000558432285090023,0.00050287311896818,0.000476425869232169,0.000508310219298645
"2015-08-21",0.0483797936323942,0.046864254543401,0.047616032578417,0.0468073126209858,0.0466310799864212
"2015-08-24",0.697769135639975,0.693670277956987,0.693611533559302,0.690609520166051,0.68982532565468
"2015-08-25",0.101941976746216,0.101553728422506,0.1009954034541,0.100536317062057,0.100327941998962
"2015-08-26",0.0782296396970714,0.0802110187606066,0.0809107466663485,0.0816615834387182,0.0815867557205632
"2015-08-27",0.0130739289908624,0.014169044080806,0.0145537672250875,0.0148051360682091,0.0147605873520434
"2015-08-28",0.00954693719909585,0.00522754742109368,0.0045614103875427,0.00454202406074736,0.0047331387476668
"2015-08-31",0.239195065440295,0.142573063858319,0.128782060186469,0.121437143545307,0.127296673116365
"2015-09-01",0.0208579498944585,0.00866923173623267,0.00666200010318351,0.00603423186795078,0.00622698946768223
"2015-09-02",0.0445678848891745,0.0277769272295145,0.0239724051098033,0.0227799891156208,0.0230221926433521
"2015-09-03",0.0120119678825497,0.0076754300890114,0.00657059674725087,0.00625640671535902,0.00630168784052337
"2015-09-04",0.00341482165222382,0.00228807723023807,0.00183382540026329,0.00190101856216379,0.00190964379756771
"2015-09-08",0.00753210465489688,0.0068048724445497,0.00628611865669607,0.00596290929857117,0.00598587948746662
"2015-09-09",0.00164858382286822,0.000651081289092728,0.000463660785827331,0.000414097819322297,0.000429482422194672
"2015-09-10",0.00284967824030976,0.00200710485155997,0.00179497764962231,0.00178328539101952,0.00177916659987752
"2015-09-11",0.0187310002449946,0.0175399186396409,0.0172856136585732,0.0172882909982763,0.0172339567289397
"2015-09-14",0.00546085867452098,0.00528731044883885,0.00519528883054225,0.00520998560390943,0.00514995278656127
"2015-09-15",0.00597722824834761,0.00721002644069743,0.00703767731589628,0.00693359818842175,0.00690776190513489
"2015-09-16",0.0318428097952888,0.0320038554922256,0.0311266416921133,0.0312844697883634,0.0311768846752815
"2015-09-17",0.00031146801942565,0.000136194330230928,0.00016114990620682,0.000173699202238996,0.000174558672874277
"2015-09-18",0.000309235833798299,0.000558972575354421,0.000456437498189691,0.00040048933450024,0.000406831172688797
"2015-09-21",0.00298903358393282,0.00363656502251412,0.00431271777049642,0.0044414587065192,0.00439402922314181
"2015-09-22",1.86380387362565e-05,1.59312612229738e-05,3.66463198094281e-05,4.0235791084831e-05,3.59333584919621e-05
"2015-09-23",0.000748785773303886,0.000678699149025008,0.000639191098087062,0.000722131096747733,0.000695209054576479
"2015-09-24",0.00571933250976387,0.00432743774689717,0.00411965541515037,0.00383305105961084,0.00377572227076858
"2015-09-25",0.00206059434721717,0.0015251144355565,0.00142114101579802,0.00133754025001793,0.00133063869237328
"2015-09-28",0.000336157160530967,0.000301009261021835,0.000469648866733886,0.000433556568402717,0.000435000368743303
"2015-09-29",0.00405211821404396,0.0042612430714533,0.00459902360027505,0.00446321169191477,0.00447758134410216
"2015-09-30",0.00630737034263742,0.0064752937394137,0.00651993258180008,0.0064489181041295,0.0064557763581183
"2015-10-01",0.0046344278573188,0.00588976131895082,0.00588423167351963,0.00583128667819878,0.00582384476790142
"2015-10-02",0.000135057564842946,0.000196632871656804,0.000319884817806653,0.000315620984753721,0.000310491467400503
"2015-10-05",0.00379300374945916,0.00311444146767985,0.00233714550742339,0.00251219539633277,0.00252333692911517
"2015-10-06",0.00505041107915522,0.00468758186645661,0.00365456756900561,0.00377804740535838,0.00378414168969131
"2015-10-07",0.00542548543370709,0.00587923531226593,0.0051261960175855,0.00521030649459178,0.00520697833820601
"2015-10-08",0.00428423189746047,0.00327260532272662,0.00302595440330794,0.00300111663121773,0.00299327289895987
"2015-10-09",0.00523060749824098,0.00391685856016216,0.00374890566606515,0.00371637919170103,0.00370875528438517
"2015-10-12",0.00570996264018655,0.00595440243882517,0.0057481312739011,0.00542500243612161,0.00541553190757577
"2015-10-13",0.00674844357506642,0.00734085334655724,0.00701080375734866,0.00703959756410488,0.00703895337096149
"2015-10-14",0.00309578739150286,0.00278535525573552,0.00233003822431036,0.00235345804344209,0.00234827853104407
"2015-10-15",0.00702186878930514,0.00711821631826862,0.00643351098611033,0.00665514888067013,0.00664177549501539
"2015-10-16",0.00514419293782352,0.00602090612612553,0.0056751331540318,0.00587636625873415,0.00586631537861976
"2015-10-19",0.000672441526560659,0.00098815798129438,0.000944468237806667,0.00106157705732464,0.00105658492471804
"2015-10-20",0.000649968957136896,0.000573451219702756,0.000623774600945752,0.000543511856633229,0.000548051603890959
"2015-10-21",0.000260988765481152,0.000218237364760887,0.000197471422624023,0.000207963857881425,0.000211303384905765
"2015-10-22",0.000405647695393132,0.000211333649334364,0.000242176716648495,0.000248966726735198,0.000246922149056582
"2015-10-23",1.90870664826454e-05,0.000122544361707651,0.000113538205850995,6.19018522194806e-05,5.89680964737406e-05
"2015-10-26",0.00021402248245425,0.000305009895475516,0.000347018158449632,0.00024995531190905,0.000257557202752648
"2015-10-27",1.85431347972988e-05,4.83908345466161e-05,6.40264108164996e-05,0.000116465713853562,0.000114405637040367
"2015-10-28",0.00351377356655808,0.0034989355354002,0.00386811656433644,0.00381995756757203,0.00370832180432303
"2015-10-29",0.00057800794441483,0.000419569913573077,0.000271340941945453,0.000126381434449247,0.000132129612698908
"2015-10-30",0.00188549901185581,0.00175370648989327,0.00163600826021417,0.00153010450673364,0.00153908747440871
"2015-11-02",0.0076010252625566,0.00845472155295971,0.00839970422566191,0.00824455185588079,0.00817320997901593
"2015-11-03",0.00396435432477689,0.00406627575265252,0.00425462470931378,0.00453457810227799,0.00450464183772763
"2015-11-04",0.00641415417479243,0.00646844393097507,0.0064854943229236,0.00669993843298681,0.00672968126142403
"2015-11-05",0.000741681991695596,0.000797305675464691,0.00063318853274177,0.00065798059005008,0.000655683156495526
"2015-11-06",0.000177016893378681,0.000201427538538412,0.00023690753094662,0.000219519800555995,0.000219348659347054
"2015-11-09",0.00103176940887373,0.000873214310717038,0.000836476739677864,0.00080037586731468,0.000805291301712549
"2015-11-10",0.00260732434000825,0.00245650726507197,0.00232222387841776,0.00216108267478645,0.00215402468281933
"2015-11-11",0.000403246341170823,0.000304630034097675,0.000298839109833143,0.000281854898277663,0.00028186486116656
"2015-11-12",0.000270925668826234,0.000269978570139686,0.000262378338491136,0.000265447065856392,0.000267748111449046
"2015-11-13",0.00128746269456795,0.00120969562684969,0.00118690676536922,0.00124591007461969,0.00124283043030143
"2015-11-16",0.000722688399019469,0.000666004629555296,0.000614993890684952,0.000657834007152548,0.000657606033154843
"2015-11-17",0.0013091341017945,0.00158027581884558,0.00164856862275512,0.00185800659722192,0.00185357539004638
"2015-11-18",0.00220535799709106,0.00289862290115119,0.00325259897630878,0.00336066695333825,0.00334811534085711
"2015-11-19",0.00184981115609755,0.00180589262356529,0.00200706244714903,0.00200296818108406,0.00201987675968836
"2015-11-20",0.00971713921896905,0.00996382863154935,0.0097402528154774,0.00970379962006411,0.00983144031850714
"2015-11-23",0.00564707235964968,0.00488915357820557,0.00487970219328843,0.00468349178067233,0.00470988492274769
"2015-11-24",0.000738746445700864,0.000531100416695878,0.000594528640985148,0.000540925023422702,0.000538637471711925
"2015-11-25",0.00501581286291508,0.00500388049211178,0.00510192574456986,0.00496090940468256,0.00492975051373398
"2015-11-27",0.00275854416900598,0.00334268991681088,0.00380650146480313,0.00372017181591087,0.00373050995188465
"2015-11-30",7.13804427104754e-05,0.000150921972447924,0.000188304673065447,0.000165506197763874,0.000163165906158246
"2015-12-01",0.0006525932987593,0.000756204301137948,0.00085986879900887,0.000916199988129404,0.000880131786783947
"2015-12-02",0.000893322347645692,0.000913744571111453,0.00115808728308148,0.00116733781181473,0.001164973522273
"2015-12-03",0.00257342035883,0.00259392638849579,0.00223753501429187,0.00219725432615759,0.00221533775617818
"2015-12-04",0.00142775927522371,0.00116946300772005,0.00115277890902768,0.00124677981008512,0.00126544936183614
"2015-12-07",0.000635863349936393,0.000532841099275519,0.00053095742442059,0.000485723686384872,0.000489716354938419
"2015-12-08",0.00165505507176949,0.00187013382919231,0.00185140424342199,0.00180537581938948,0.00178095613193619
"2015-12-09",0.00138333246365598,0.00108224411865371,0.00101225661944597,0.00093964230247521,0.000929910742801024
"2015-12-10",0.000157893557500185,0.000118575703777268,0.000103626620813248,6.16542209645311e-05,6.37737864996063e-05
"2015-12-11",0.000187834091873599,0.000219295168158935,0.000207739771393525,0.000207675588833031,0.000212138940797167
"2015-12-14",0.00772173715041394,0.00770097709407912,0.0079179606199939,0.00796674844684512,0.00795875254651472
"2015-12-15",0.000488110294492448,0.000394172622111668,0.000382514032587029,0.000328754728054538,0.00033009665728513
"2015-12-16",0.00248296418911634,0.00287486086765868,0.00329437257032495,0.00356823920630189,0.00355651735070117
"2015-12-17",9.2115862743375e-06,1.33693705456858e-06,9.33916322548001e-07,8.47768647873541e-07,5.67016331134271e-07
"2015-12-18",0.000723681214989194,0.00109353883812303,0.000979019256999802,0.00105743529848583,0.00105135341513126
"2015-12-21",0.00434754695220493,0.00285564164903496,0.00272979784780198,0.00255317074881523,0.00253442484181654
"2015-12-22",0.00139272488234991,0.00111143692196171,0.00114580927743758,0.0011200245913346,0.00111468919009749
"2015-12-23",0.0123418178330951,0.0098413192746974,0.0101851550991959,0.00988482390157053,0.00977526986611728
"2015-12-24",0.00529477882664578,0.00438803040531247,0.0044050598346821,0.00442536765383708,0.00442190006900243
"2015-12-28",0.0129914614889987,0.0111627997184862,0.0116011018198877,0.011380964118571,0.0115884442332491
"2015-12-29",0.0129145201866877,0.0124129356036031,0.0126757723437958,0.0126755877929018,0.0127170109482316
"2015-12-30",0.0045180469818283,0.00464018943024876,0.00474728665596639,0.00487935635246933,0.00482808498927575
"2015-12-31",0.00111356633857129,0.0010212904579332,0.00124382747693842,0.00133486711017122,0.00128881355893557
"2016-01-04",0.00937564342297042,0.00777371953880432,0.00760040794216108,0.0074387769841188,0.00748113177740591
"2016-01-05",0.013637692888499,0.0128388357984447,0.012466161062957,0.0122098872458623,0.0123443666806934
"2016-01-06",0.0209631498275325,0.0194967156578762,0.0189814928950555,0.0187608133647687,0.0187478282830436
"2016-01-07",0.0254877473987458,0.0252040390296359,0.0244068534528241,0.0240493575992987,0.0241481124945523
"2016-01-08",0.0216196700281287,0.0217721907995438,0.0215074207272957,0.0211313950186772,0.0211890492640096
"2016-01-11",0.00133542740358558,0.00165285101770194,0.00195138386855315,0.00202636447302195,0.00207046736925006
"2016-01-12",2.20594936263521e-05,4.04449815828095e-06,1.08607337729879e-06,8.80595380348888e-06,9.95140547856793e-06
"2016-01-13",0.00225406610051743,0.00265065307134766,0.00250590689115434,0.00253939080598084,0.00255970638997258
"2016-01-14",0.000959352988351716,0.00140768397908769,0.00158877327176409,0.00175529318108819,0.00172654139117601
"2016-01-15",0.00306462082964802,0.00370012078143056,0.00389861214673874,0.00387650356030373,0.00383371394200619
"2016-01-19",0.000359386234779466,0.000125880310680844,3.79501721007178e-05,1.31395782468466e-05,1.19104392676167e-05
"2016-01-20",0.00702219789594638,0.0080132341823336,0.0087719850126192,0.00896324171460451,0.00896571345806772
"2016-01-21",0.000146436521548863,0.000321030441420314,0.000465801045529527,0.000678858991880016,0.000685755166097873
"2016-01-22",0.010054201395023,0.00802971481359831,0.00703907930571282,0.00663431832877855,0.00669066129657842
"2016-01-25",0.0177882685657416,0.0132206846156752,0.0118932505812076,0.0113892954794214,0.0113961469942126
"2016-01-26",0.000735941639563324,0.000208502602511712,8.60768302926687e-05,4.10621784211925e-05,3.61854586343892e-05
"2016-01-27",9.77533504844863e-05,0.000894932133786249,0.00127948722733536,0.00144432690654749,0.00140252647700451
"2016-01-28",0.00507582620486997,0.0025735558105646,0.00199617139835757,0.00177987766637006,0.00182835650916569
"2016-01-29",0.00332905044351609,0.00294830030944074,0.00280450405733584,0.00147923593898655,0.00147143071677889
"2016-02-01",0.00505069072836675,0.00455150126937125,0.00431189582657376,0.00344895591487166,0.00337264662736386
"2016-02-02",0.00773639290184066,0.00712139504424171,0.00691276419313863,0.0069053819138209,0.00686825894898305
"2016-02-03",0.0043408086828347,0.00297515740406311,0.00277524723457926,0.00269489381099105,0.00303102427549565
"2016-02-04",0.00162140396891782,0.000985636232650411,0.000728651811206201,0.000607776309610671,0.000634210806546438
"2016-02-05",0.00015067481632867,7.02636745804252e-05,0.000160964407371817,8.90041945852493e-05,0.000108928637697271
"2016-02-08",0.00554695994404228,0.00693628089095163,0.00721827844254632,0.00728682499706574,0.00739572854845155
"2016-02-09",0.00298844967487134,0.00367827577849155,0.0036788733976066,0.00369315224460441,0.00378691191175483
"2016-02-10",0.0028919667711489,0.00196737927447809,0.00178693336506043,0.00158922754211354,0.00157989601609813
"2016-02-11",1.06181712042687e-06,0.000210526572687172,0.000228151034064786,0.000214886959689569,0.000200175623234613
"2016-02-12",0.0105623908698402,0.00967689352243693,0.00933347435569458,0.00953073897525041,0.00956122547451058
"2016-02-16",0.0188351414233238,0.0183053688350162,0.0175619065691127,0.0180375728088409,0.0181014945990704
"2016-02-17",0.015694870061976,0.0122713578869264,0.0119012370886307,0.0116654427135199,0.0116806960688559
"2016-02-18",0.0101566972963269,0.00847535899127103,0.00851004474465687,0.00852947586677991,0.00854980967195956
"2016-02-19",0.0151685959154719,0.0117097111432145,0.011228404986338,0.0106168064492126,0.0108186707586355
"2016-02-22",0.0044737902030217,0.00359949228812363,0.00367098871979497,0.00383181589969543,0.0038547819193509
"2016-02-23",0.00536941331889186,0.00426959204852803,0.00429680654798306,0.00430645796485458,0.00437069175469138
"2016-02-24",1.90716737455965e-05,5.79634591984496e-05,6.08455101784003e-05,4.13065805359413e-05,4.45142218539737e-05
"2016-02-25",0.00107428012452269,0.00109619236304288,0.00111066620031637,0.000997899405866411,0.0010179744318481
"2016-02-26",0.00136292929216466,0.00150770342733785,0.00142973044134635,0.00131240203413303,0.0013309000232939
"2016-02-29",0.000315503862842795,0.000123122252977604,7.28056182337289e-05,3.38336787468299e-05,3.99266203467249e-05
"2016-03-01",0.0001793401741801,0.000786624647950476,0.000701376862938649,0.00062293166432457,0.00063780257319577
"2016-03-02",0.00222210199850286,0.00181397314736339,0.00191159200082405,0.00181152608749953,0.00181138997980633
"2016-03-03",0.00060445849346893,0.000709771154076069,0.000716560372935553,0.000701754945716177,0.0007089475377528
"2016-03-04",5.63902329369142e-06,9.76458014530725e-05,4.92312865764864e-05,4.05278039397046e-05,5.01714263411066e-05
"2016-03-07",9.87749716127345e-05,6.05793928196259e-05,0.000109369590653445,9.56419484822392e-05,9.11179203644638e-05
"2016-03-08",3.92828877243118e-05,9.2280989619802e-05,6.17530466650411e-05,4.83398853150506e-05,5.01776510186019e-05
"2016-03-09",1.2615904214058e-06,1.27716138952064e-05,5.42859084804055e-06,7.80547150772465e-07,1.36110959950632e-06
"2016-03-10",0.0022493146278858,0.00231647790430699,0.00203924068296275,0.00206388257484302,0.00210648799149113
"2016-03-11",0.00370189853939951,0.00432871937548031,0.00436431602206303,0.00417740577665357,0.00411462246746901
"2016-03-14",0.00381571049183615,0.00441119685642917,0.00431905500349633,0.00382865947181168,0.00379362700063837
"2016-03-15",0.00239440644002732,0.00229011543402212,0.00244335973089633,0.00208443174812816,0.00207467762287738
"2016-03-16",0.00125723529990458,0.00210161826651363,0.00211190232559828,0.00186873787596102,0.00184688911014141
"2016-03-17",0.00570264026765337,0.00588328390658078,0.00567587792796644,0.00504806166129024,0.00500930783124374
"2016-03-18",0.00105341020438105,0.00129019113432051,0.00124815834477714,0.00121098154213495,0.00119301029810413
"2016-03-21",0.00136077388520479,0.000967574211993783,0.000915871390159287,0.00101520841913474,0.00102715662848219
"2016-03-22",0.000747731862658083,0.00100854943832118,0.00110281975347742,0.00113675898232903,0.00111356063249651
"2016-03-23",0.0020145687187127,0.00199533900695455,0.00142359048663029,0.00148839603544058,0.0014645705009948
"2016-03-24",0.00222908967542657,0.0026757611215414,0.00250198899016767,0.00264456541983213,0.00262000253645429
"2016-03-28",0.000905076329693482,0.000827466363054434,0.000824886316292307,0.000769786751558162,0.000765205207704277
"2016-03-29",0.00340538792939023,0.0051314784209014,0.00544361794377836,0.0054364518456492,0.00549706017765086
"2016-03-30",0.000116951932798525,1.84205928633098e-05,6.29592938015951e-06,6.95897884766458e-06,5.52973957952929e-06
"2016-03-31",0.000410244707406146,0.000562949114241428,0.000560634404433668,0.000579659451258939,0.000600514405583981
"2016-04-01",1.19872069674265e-05,3.14655741829519e-05,5.44835643635197e-05,3.71938225604015e-05,4.23192921064113e-05
"2016-04-04",0.000681342929182628,0.000522356535294276,0.000448597631113975,0.000469009664585638,0.000450852104964729
"2016-04-05",0.000411272520962107,0.000552738428555779,0.000453405276100923,0.000432003800010327,0.000414803073090483
"2016-04-06",0.00132170652116687,0.00196144278980036,0.00206613378856398,0.00198992971319924,0.00203924698688079
"2016-04-07",1.6026228155684e-05,2.23009307441522e-06,1.24120262558147e-05,1.89274473435262e-05,2.73830773198344e-05
"2016-04-08",1.801467347227e-05,8.80867586586597e-07,2.93055006855868e-07,9.02315407915147e-07,2.17923232139926e-06
"2016-04-11",0.000196477616102421,0.000250087782307897,0.000324841779030281,0.000396730037845831,0.000408581257984641
"2016-04-12",0.000343267238597282,0.000311222131917983,0.000339458476159466,0.0003911377980826,0.000394791316311948
"2016-04-13",0.000644685884460294,0.00070071391203685,0.000646943963164028,0.000680982264023432,0.00067773300990334
"2016-04-14",0.003017426937712,0.00293252153575696,0.00285729307000921,0.00293065137513123,0.00294085131896451
"2016-04-15",2.12545214203512e-05,9.4346289289975e-05,0.000103927446953055,6.24260042165121e-05,6.56387801871375e-05
"2016-04-18",0.00100417310501857,0.00136034746444055,0.00139658090873268,0.00138755631395908,0.00141189918355907
"2016-04-19",0.00021335232547564,0.000337957883106925,0.000357721329962075,0.000382921381994549,0.000414977538086345
"2016-04-20",0.000277992200657036,0.000343749275208932,0.000371414805562637,0.000334530378777763,0.000337264491927793
"2016-04-21",8.80639016304068e-05,6.95610734444512e-06,7.34908213006985e-07,2.24977481508141e-06,2.47816321180966e-06
"2016-04-22",9.44578739739984e-05,0.000385329202304359,0.000559076986781014,0.000572796248539048,0.000542300574161357
"2016-04-25",0.000532934424819625,0.000832595922265067,0.00102028206400379,0.000972079998601757,0.000973984731941656
"2016-04-26",0.000249529004811787,0.000537773726000826,0.000544226911042571,0.000497856518284333,0.000514113780566978
"2016-04-27",0.011703979555044,0.0117094946562628,0.0115463946655646,0.012124024661171,0.0118949850625416
"2016-04-28",0.00460262945991831,0.00503242349026864,0.00485558577282672,0.00577424574746485,0.00573766733449714
"2016-04-29",0.00082489015137138,0.00235400386202397,0.00218528595812619,0.00217069335078079,0.00222460668332598
"2016-05-02",0.000541738728617986,0.00118824880037339,0.000959956777216637,0.00092649153723516,0.000950976606115159
"2016-05-03",0.000632558841508683,0.000299209046329815,0.000223979992478827,0.000180448912698718,0.000166997220593236
"2016-05-04",0.00361267220058995,0.0044138888951253,0.00496883318230217,0.00494800699835666,0.00519802260094913
"2016-05-05",0.00675034528149171,0.00706025669259611,0.00691895895183036,0.00721819614791463,0.00728736864162353
"2016-05-06",0.00225544235172033,0.00220155414043746,0.00174873237050149,0.0018018825730609,0.00180332994140512
"2016-05-09",0.0025866032891271,0.00306788033862699,0.0030727825954174,0.00336230999958415,0.00336508980911042
"2016-05-10",0.00203309995275406,0.00201860814999766,0.00212443003393835,0.00232692952658663,0.00233482302060277
"2016-05-11",0.00322800767707022,0.00366912204099742,0.00366750219121588,0.00375859806633016,0.00375775516132449
"2016-05-12",0.00208886845416283,0.00217340678045285,0.00225704773277992,0.00211556173146514,0.0021269541426991
"2016-05-13",2.28812190435883e-06,1.62218553537017e-06,3.11022002770217e-07,7.80017406291333e-07,1.01331211188593e-06
"2016-05-16",8.87054263652067e-06,4.51155503939632e-05,2.98241691859332e-05,2.27705478404309e-05,2.23089471614984e-05
"2016-05-17",9.6876864912948e-05,1.49302549728e-05,4.20280948023662e-06,2.74347929452395e-06,2.73965943289297e-06
"2016-05-18",0.00073076168866967,0.000557702479452686,0.000477691794403892,0.00056989195378807,0.000569882993299572
"2016-05-19",0.00169477991984508,0.00227357032203518,0.00249622408076928,0.0025989214161153,0.00261670370857071
"2016-05-20",0.0065624252054306,0.00712584747612567,0.00693904783692342,0.00657384736738294,0.00661362676247943
"2016-05-23",0.00213157549735426,0.00185857851585936,0.0019488422076827,0.00212609325016994,0.0021333642061451
"2016-05-24",0.00676214899417587,0.00736873981430817,0.00735273664745432,0.00734790031107518,0.00734526879047249
"2016-05-25",0.0059221605647573,0.00508413957039767,0.00528165415212504,0.00483816454024133,0.00485265499758379
"2016-05-26",0.00327780642476007,0.00309115231259218,0.00326898108726424,0.00298422226346041,0.002999432358353
"2016-05-27",0.000664300473096794,0.000774238379290953,0.00081909516611184,0.000779809713167307,0.000780390810808083
"2016-05-31",0.00187535245070877,0.00225444424287817,0.0023153050393854,0.00249629247553256,0.00250663277712114
"2016-06-01",0.00054833181490361,0.000729860562982507,0.000843121455837725,0.000888762544560016,0.000897472819637205
"2016-06-02",4.00458932565451e-05,3.71243612968892e-08,5.77650009670267e-07,1.5411314788522e-05,1.6550664098517e-05
"2016-06-03",0.000768137352315568,0.00109287263227693,0.00110277644709897,0.00132385947892557,0.00132963964986054
"2016-06-06",0.00106030307052143,0.00179006204221805,0.00200562046465311,0.00210379582098319,0.00211250528397441
"2016-06-07",0.00101683502751066,0.0012481757407771,0.0013554864879206,0.00125601049015327,0.00127281954742037
"2016-06-08",0.00177252597754538,0.00183181217236733,0.00195714680761137,0.0019448493259406,0.00196894406458894
"2016-06-09",0.00235615779996036,0.00286401629789081,0.00301771336101347,0.00319714591410025,0.00322714254266431
"2016-06-10",0.000535272373280387,0.000494830976336763,0.000499509569094216,0.000469019213107463,0.000474626415949693
"2016-06-13",0.0012278157691778,0.00119295456060468,0.00105702621964179,0.000981435871594715,0.000978507912684859
"2016-06-14",0.000686829804143678,0.000482395095731429,0.00041621340945156,0.000391316802541391,0.000388184950616831
"2016-06-15",0.000886716900756444,0.000869459563532572,0.000810232031560186,0.000796289508466918,0.000793418593055577
"2016-06-16",0.000579348851162052,0.000385058958896812,0.000374260750823733,0.000401358698238955,0.000400723966362551
"2016-06-17",0.000545646549291575,0.000675768596307162,0.000686963967440429,0.000665260006502447,0.00067033711823972
"2016-06-20",0.00260386473673315,0.00309852155151896,0.00304448415321825,0.00298457058953401,0.00296663260851752
"2016-06-21",0.00025315706834309,0.000246975287499015,0.000294335552232989,0.000119596888732387,0.000120080783456988
"2016-06-22",0.000688387311708675,0.000627096684471843,0.00064113951317335,0.000546186029242272,0.000548383932291486
"2016-06-23",0.00141325474751287,0.00119140715903478,0.00113184085086053,0.00111442831635907,0.00111643379278379
"2016-06-24",0.00257539960483789,0.00257005186581847,0.0025326684037858,0.00253184001501409,0.00252287612184217
"2016-06-27",0.00362235534618582,0.00372530924158406,0.00369973449990654,0.00391407725202396,0.00391088317396592
"2016-06-28",0.000399203022041211,0.000822295489708974,0.000825604389006203,0.000721069232915709,0.00072326590508528
"2016-06-29",0.000149217786326266,0.000279711617472994,0.000217847945913769,0.000209728538819539,0.000208201232635738
"2016-06-30",0.00033614090891683,0.000459238084032815,0.000473051194394908,0.000463061102826694,0.000475651919639325
"2016-07-01",0.00790480922084569,0.00630924449700374,0.00593993001036776,0.0057134762587408,0.00570581482799075
"2016-07-05",0.0099867924995027,0.0082109183045903,0.00813276547290329,0.00751609836307072,0.00749316969248791
"2016-07-06",9.71825887306834e-06,2.86604514651468e-06,1.64296831021475e-06,2.37967112292138e-05,2.45848864762522e-05
"2016-07-07",0.00124688000308661,0.000917750308761613,0.000979421914866343,0.000921600641447382,0.000916821805101033
"2016-07-08",0.00132891093125684,0.00126937411887076,0.00138608350748067,0.00113874720650099,0.00112646515627284
"2016-07-11",0.00213111162617439,0.0019740204497323,0.0021269847671428,0.00204314562651073,0.00201654792338918
"2016-07-12",0.00109343851262341,0.000915667038791342,0.00090655276193067,0.000874649772039299,0.000867132111256095
"2016-07-13",0.00421519268243571,0.00407719463105646,0.00413295159931202,0.00380365956143776,0.00379526708840887
"2016-07-14",0.00188031554786153,0.00199120957313794,0.0019912056757798,0.00192286848020487,0.00193209494267994
"2016-07-15",0.000941942239070653,0.00115909165183605,0.00115555232842358,0.00102653504076094,0.00101336814181141
"2016-07-18",0.000480867009147833,0.000578871029560581,0.000605232569501584,0.000584029189904851,0.000596348947657671
"2016-07-19",0.000376284439868506,0.000428938336608991,0.000491095849617786,0.000509318707012966,0.000522161711652369
"2016-07-20",0.000739485402089223,0.000788646743438909,0.000835600937123052,0.000830249610032726,0.000841670827637004
"2016-07-21",0.000126210074422838,0.000186410559670819,0.000203690564846123,0.000180263745342712,0.000190529588742214
"2016-07-22",9.18649853120967e-05,0.000179570906108794,0.000163563162087924,0.000198140104440874,0.000194969223969911
"2016-07-25",1.20674830267403e-05,6.2359681359226e-07,1.09988444142542e-06,2.71791091747409e-06,2.68486377481258e-06
"2016-07-26",0.000315108495405403,0.000311046720859515,0.000281445925615003,0.000254318308046521,0.000246320363384392
"2016-07-27",0.002608350153297,0.00227345908053654,0.00220118312560682,0.00237731618189879,0.00236509787634708
"2016-07-28",2.91779178261871e-05,3.71397321967319e-05,4.91687050164748e-05,3.32526838579501e-06,2.42787068296255e-06
"2016-07-29",6.51102870349234e-05,4.08949752279905e-07,1.89378447230579e-06,2.29326618535094e-06,1.15490100187319e-06
"2016-08-01",0.000798647410390454,0.0005872841043409,0.000674691520328868,0.000872997725485762,0.000867664259355127
"2016-08-02",7.43150998345215e-06,1.65581395785749e-06,1.09705764143878e-06,1.22373338528205e-05,1.20639098027799e-05
"2016-08-03",0.00345287881823287,0.00363421653014182,0.00372688709823986,0.00383374355535001,0.00389031064909846
"2016-08-04",0.000273112318421428,0.000301134021553457,0.000200623940927495,0.000228649568666387,0.000239557783800197
"2016-08-05",0.00152818370193243,0.00159892189799228,0.0017947721541249,0.00182353313866882,0.00183301358205802
"2016-08-08",0.000307171956270797,0.000232522071772637,0.000239651225114443,0.000227321434031621,0.000228219012283877
"2016-08-09",0.00112264883288277,0.00118745062294674,0.00103066757476386,0.00103514178659665,0.00103180352936995
"2016-08-10",0.000851284526908725,0.000979379612045167,0.000892362880334413,0.000856312979072567,0.000842636476338761
"2016-08-11",0.000769753820531552,0.000881055318484842,0.000893069144725425,0.000959417987252161,0.000951483181315962
"2016-08-12",0.000507619825554897,0.000562755844670915,0.000543243889934885,0.00051554603599664,0.000518605340148901
"2016-08-15",0.000349527202461754,0.000443524628265232,0.000530683307268633,0.000547147100548706,0.000548996150641113
"2016-08-16",0.000371637275108037,0.000489652754506075,0.000537278740588214,0.000583424193331698,0.000576409563909874
"2016-08-17",0.00133695896310751,0.00127634081679321,0.00123928410543436,0.00121026061748166,0.00121044212565988
"2016-08-18",0.000145599667592867,0.000200862792075362,0.000254168536065763,0.000272694867024607,0.000271862462408339
"2016-08-19",0.000136370528986427,9.02536350136193e-05,7.68432893964991e-05,7.34703597091929e-05,7.29795317034114e-05
"2016-08-22",0.000279229968028754,0.000215062274471374,0.000214947686800068,0.000167163888744443,0.000166417984854168
"2016-08-23",2.9861483083661e-05,4.6243817104683e-05,6.02932447401487e-05,7.3800418108665e-05,7.36966068030562e-05
"2016-08-24",0.000513275799479089,0.000600257072124632,0.00060575188377418,0.000628277940070737,0.000629054553031343
"2016-08-25",0.000124505897558387,7.71344557522892e-05,9.17597822844062e-05,8.79898677723443e-05,8.70360841196237e-05
"2016-08-26",0.00132989741681489,0.00117968585827895,0.00118639783526459,0.00111860212898754,0.00111812124728913
"2016-08-29",3.19870128067068e-05,2.51089256164389e-05,1.69818732989838e-05,2.24691457506561e-05,2.26787137140757e-05
"2016-08-30",0.000224820546421831,0.000192049033084662,0.000147349424355272,0.000172669829775671,0.000171283889039398
"2016-08-31",1.0219279750737e-05,1.64775887717498e-06,1.8006447329131e-06,1.95714656514707e-06,1.91520306058942e-06
"2016-09-01",6.15089263123334e-05,0.000105572454903466,7.09980243451166e-05,7.82313432339816e-05,7.86200156278541e-05
"2016-09-02",0.00136699526156956,0.00128742572951505,0.00109963435714792,0.00110045351816326,0.00110096151513381
"2016-09-06",0.00151743788943709,0.00152330660699082,0.00155454231911362,0.0017030927806085,0.00170137765561131
"2016-09-07",4.94682609463379e-05,3.98397134406746e-05,3.58918302247518e-05,2.80674129835246e-05,2.70637145718991e-05
"2016-09-08",0.00144527554465411,0.00129266478449381,0.00117799940683868,0.00122403750090935,0.00122480015342587
"2016-09-09",0.00181303225912825,0.00198594428863539,0.00191766866964498,0.00199123191140884,0.00197611336082223
"2016-09-12",0.00450028672796876,0.00474459404693779,0.00481068430413166,0.00480037696128337,0.0047732733672523
"2016-09-13",0.00715031463672724,0.0072333596209164,0.00703896092541968,0.00706725168298465,0.007171961946927
"2016-09-14",0.015388635497627,0.0147641964235124,0.0143530755007043,0.014012311597814,0.013820768046494
"2016-09-15",0.00100090542072002,0.00075353542055892,0.000573804883486166,0.000488193401867567,0.000478110625754424
"2016-09-16",6.81073127284862e-06,4.32626962914899e-05,1.52201865638571e-05,1.73762527394147e-05,1.76527254538495e-05
"2016-09-19",4.16481677168556e-06,2.79194644456275e-06,1.60591585537993e-05,2.83346336486508e-05,3.45136890698949e-05
"2016-09-20",0.000295997884557199,0.000197870944399894,0.000135760970764203,0.00010398195148821,0.000103017850381457
"2016-09-21",0.00555286033377706,0.00511625230131867,0.00558717446696894,0.00542197524732875,0.00551283092284041
"2016-09-22",0.00816365508028011,0.00759271890672357,0.00788099970553256,0.00789652533616863,0.00793826446807477
"2016-09-23",0.00152269859051627,0.001673537675432,0.00162823502433461,0.00164319051179092,0.00163149048317468
"2016-09-26",0.00351247462638781,0.00366437509155458,0.00421767842465278,0.00429530239803176,0.00434553277805219
"2016-09-27",0.00288057383700385,0.00328104683712429,0.00375933796925655,0.00385431486655335,0.00385448476937847
"2016-09-28",0.00379098604811421,0.00368413397970785,0.00377814330211436,0.00370508889930424,0.00370936854535445
"2016-09-29",0.00074519976863582,0.000734288638510187,0.000647909966116317,0.00063206537542985,0.000626128949814251
"2016-09-30",0.00663163297796965,0.00702445327170219,0.00752611776009948,0.00760099037531145,0.00768236789547782
"2016-10-03",0.00282316829488736,0.00279374746393474,0.00286096938823688,0.00257997369540851,0.00257537618999623
"2016-10-04",8.33509403421934e-06,1.41452851562357e-05,2.7534460878741e-05,3.05053587166784e-05,3.050225712846e-05
"2016-10-05",0.000494114927200522,0.000403783040670772,0.000466115095496714,0.000487886619271012,0.000495831797332508
"2016-10-06",0.00279494177455878,0.00250665679241021,0.00248839677580474,0.00244736744138621,0.00243771086975633
"2016-10-07",0.000441215516811504,0.000364368715795633,0.000380482232247116,0.000383808020033428,0.000388482531084367
"2016-10-10",0.000167819508383643,0.000140450844147449,0.000111661790331643,9.9541570613328e-05,9.69386497869268e-05
"2016-10-11",0.000158303024907663,0.000138960154756074,0.00010272478883494,0.000104105385817342,0.000105901513483982
"2016-10-12",8.43611963982152e-06,5.92659697991971e-06,2.77805570483681e-07,1.26580546404997e-06,1.58750070862138e-06
"2016-10-13",1.48594797984459e-05,1.55858649840227e-05,2.08521897121818e-05,5.024061389766e-05,5.05840215445863e-05
"2016-10-14",7.74828179635084e-05,2.09809865435227e-06,9.39313661067815e-06,1.47713249027876e-05,1.39917915069856e-05
"2016-10-17",0.000153077241217993,9.5327547555327e-05,0.000177915399203828,0.00019048165311244,0.000192561536006596
"2016-10-18",0.00513600959332235,0.00512022719427674,0.0052407090361897,0.00527400334650948,0.00529582845131027
"2016-10-19",0.00341196204153295,0.00342677150402117,0.00345371884676943,0.00348831833241787,0.00347765081475769
"2016-10-20",0.000322888737460177,0.000296095911080613,0.000271693394510392,0.000261520981208802,0.000220499643432034
"2016-10-21",0.00199736972723311,0.00190297655380482,0.00206764390591561,0.00207772415421555,0.00208833828266815
"2016-10-24",0.00239919116676005,0.00239203680699819,0.0023309831247242,0.0023733114755942,0.00237705046083695
"2016-10-25",0.000722652044208677,0.000716004044728489,0.000764237698804187,0.000738302039663972,0.000751549759866133
"2016-10-26",0.00770296486432853,0.00761720211500278,0.0075241310976473,0.0076430816648814,0.00761456754332364
"2016-10-27",6.06467436236184e-05,7.78651839689526e-05,6.66572990010958e-05,2.56018994044374e-05,2.77234886227496e-05
"2016-10-28",0.00272060777685317,0.00298809003926999,0.00299028019486478,0.00307582515672195,0.00305057979934747
"2016-10-31",4.26239818690538e-05,6.29225449130689e-05,4.45077912993902e-05,4.68542667511768e-05,4.8612987602089e-05
"2016-11-01",0.00263011337166618,0.00257798475213083,0.00246141835754365,0.00246863299753847,0.00250448116620209
"2016-11-02",6.00737404823511e-05,0.000106405326196876,0.000119280212119465,0.000141542186331806,0.000106527287334098
"2016-11-03",1.59636795404143e-05,1.42393062249005e-05,1.50948666142944e-05,1.35246394506939e-05,9.5219134857625e-06
"2016-11-04",3.66168127534797e-06,2.83002299182742e-07,8.71590095505184e-05,6.5564064377303e-05,6.16273114181251e-05
"2016-11-07",0.000307935256143575,0.00030596622556411,0.000223026589947647,0.000225592026833935,0.000226850132364604
"2016-11-08",0.000383265173877716,0.000369841175538954,0.000279831368312087,0.000282741382308087,0.000283953953174057
"2016-11-09",0.0340997609549788,0.0339649161489114,0.0345131593838813,0.0345492481360431,0.0345553096576758
"2016-11-10",0.0394994864029628,0.0397835063720156,0.0404873057510464,0.0402030743408924,0.0402020898457464
"2016-11-11",0.00496211837630897,0.00499995793142389,0.0055164375029666,0.00546782376236774,0.00546626984225547
"2016-11-14",0.0148579149444169,0.0150950838994205,0.0152062341358904,0.0151005163768527,0.015102111483284
"2016-11-15",0.00240204361082873,0.0023152509995851,0.00247089852395252,0.00247193992441211,0.00247141413360607
"2016-11-16",0.0046576346410977,0.00435118686792783,0.00314388994946565,0.00306606006381471,0.00307028678167898
"2016-11-17",0.0140412697627104,0.0134682761148905,0.0119827094125939,0.0118162388599983,0.0118388455951655
"2016-11-18",0.013643940788543,0.0148743676538129,0.0142305203967601,0.0140698894808204,0.0140537134096523
"2016-11-21",0.016348891909258,0.0168397865050617,0.0174026885570508,0.0171690868248079,0.0172640434524099
"2016-11-22",0.0077545849767484,0.00836688054669209,0.0078003113076338,0.00780018389047218,0.00780512996108106
"2016-11-23",0.00694897395646938,0.00746409759130873,0.00755108553541804,0.00755820248158682,0.00758720913091175
"2016-11-25",0.00624533507806229,0.00685574030085634,0.00726134914780011,0.0073983353280676,0.00728806081399724
"2016-11-28",0.00126709894574595,0.00129646702544139,0.00129602424554399,0.00136990780525387,0.00136522175636413
"2016-11-29",0.000204879851073775,0.000272237042492084,0.000358845862370315,0.000368450346936636,0.000352243687970301
"2016-11-30",1.5871294040767e-05,1.30569964795579e-05,6.36741167389481e-06,6.54677182901796e-06,1.01994986638132e-05
"2016-12-01",0.00155105365414596,0.0014807758356487,0.00149185227837036,0.00152981712452911,0.00154218873899247
"2016-12-02",0.000575081672747374,0.000776852634006679,0.000723599133112936,0.000700016213728669,0.000665940234630557
"2016-12-05",0.00127724648337351,0.00127205601978717,0.00123346173666352,0.00123784375489201,0.00127948177467363
"2016-12-06",3.56736102403854e-05,5.6443510927969e-05,9.31628010089753e-05,9.06745731129869e-05,8.42369417945514e-05
"2016-12-07",0.000248478537695681,0.000288310177853687,0.000262300083767654,0.000251772827283074,0.000238879393079661
"2016-12-08",0.000482624823346532,0.000483052245730687,0.000444719931383608,0.000432554212019979,0.000417176278605273
"2016-12-09",0.000558009736101893,0.00068172229498646,0.000673459056709259,0.000681824352818656,0.000682560807279358
"2016-12-12",0.00190741405509685,0.00212240292165317,0.00220914645742033,0.00226858735723735,0.00229616341702373
"2016-12-13",6.18123354181492e-05,7.58537164747153e-05,4.72435715504712e-05,4.6451350160733e-05,5.39722396062437e-05
"2016-12-14",0.000354062722518183,0.000496516143061859,0.00058171165659281,0.000555678466401926,0.000513496937422229
"2016-12-15",2.23461203488848e-05,3.8977225441015e-06,6.09275807079785e-07,6.98964709173971e-07,8.2325441208629e-07
"2016-12-16",0.0013006902471604,0.00121307033994771,0.00110673331045389,0.0011260155018854,0.0011475581713942
"2016-12-19",0.000732975333597913,0.000732981686835508,0.00071179591796918,0.000700457734112775,0.000619419207016678
"2016-12-20",0.0045785899930597,0.00488658369556224,0.00462887406395375,0.00463060717430337,0.00445572926854715
"2016-12-21",0.00862882830885428,0.00833797052095168,0.00840481783646554,0.00822434743780487,0.00827262253217314
"2016-12-22",0.00432925752450585,0.00404993743691952,0.00451058369310024,0.00440697401611382,0.00443374162922878
"2016-12-23",0.00431269185660881,0.00351438998101941,0.0037293142470699,0.00373421242698026,0.00377216436821149
"2016-12-27",0.00269780308524752,0.00271437669794116,0.00285200482442204,0.0028732548888071,0.00283131671333935
"2016-12-28",8.74162399818494e-05,0.000108155105567757,0.000106140505042192,0.000104265578682456,0.000102738957567028
"2016-12-29",2.6956020127552e-07,8.70568525826221e-07,3.55329706283994e-06,4.74490072646712e-06,5.35422524070394e-06
"2016-12-30",0.000818528399314907,0.000695391038926753,0.000592103138500452,0.000582194773189953,0.000608612362002212
"2017-01-03",0.0025963085528044,0.00246507452744215,0.00222469953497136,0.00221660959343746,0.00223533118544239
"2017-01-04",0.000285548914417679,0.000246530129916266,0.000210127468841088,0.000202542687009345,0.000192650376289491
"2017-01-05",2.73487591693908e-06,4.3093237153376e-06,9.21073878234333e-06,9.23067647923231e-06,1.04091188772027e-05
"2017-01-06",8.98462484195635e-06,9.25149025231009e-06,2.0343821798566e-06,1.9702454857388e-06,1.58971283316818e-06
"2017-01-09",0.000380929213693324,0.000489910992601062,0.000530429290756412,0.000538008093626091,0.000536993063260727
"2017-01-10",0.000683632704661221,0.000638550502164535,0.000647945503914044,0.000628371604404492,0.000623614981267952
"2017-01-11",0.000132186555680533,0.000158382626097889,0.000130380441262364,0.000132732032311838,0.000130713671178075
"2017-01-12",5.46081075529633e-05,5.89842161972053e-05,6.2517528654329e-05,6.10064517673832e-05,5.93407931069616e-05
"2017-01-13",0.00123072939099194,0.0012657151206183,0.00101705261316949,0.00101789489199,0.00105542755369223
"2017-01-17",0.000182276065245555,0.000178966667557065,0.000162070042924841,0.000157394993198961,0.000170403718827308
"2017-01-18",0.000658133265843159,0.000651374956021629,0.000745379223756504,0.000686341997147619,0.000721737914357029
"2017-01-19",0.000135876599136962,0.000110833242193033,5.66126546475701e-05,4.84296364099916e-05,5.07653367675149e-05
"2017-01-20",0.00118142068059611,0.00115360789998205,0.00112530017786092,0.00113289924534467,0.00113678807700642
"2017-01-23",9.24309165285345e-05,0.000111462839112164,0.000129079654266808,0.000124623325787001,0.00012247047474764
"2017-01-24",0.0023679384601668,0.00239412977226033,0.00235279172061818,0.00235971334727557,0.00238314784645991
"2017-01-25",0.000716065107573107,0.000750174978061569,0.000807036418789014,0.000788023083041766,0.000808078524259138
"2017-01-26",0.000385536314478883,0.000404512324939405,0.000450709779141493,0.000437724056102621,0.000449426510706947
"2017-01-27",0.000821980815457788,0.000740458113798626,0.000746046749686989,0.000697652397718368,0.000694657021727441
"2017-01-30",2.00355916248962e-05,1.24156158176208e-05,2.46514140324267e-05,2.62850275642165e-05,2.76909596381491e-05
"2017-01-31",0.000139208493330993,0.000140568119152919,0.000134295732620637,0.000128312242627839,0.000139202645036934
"2017-02-01",0.00864975048518611,0.00870322226630652,0.00849447684376866,0.00850603468040995,0.00868811114682743
"2017-02-02",0.000484938561034686,0.000531715813731267,0.000555792819017846,0.000547566056183544,0.000562714214723693
"2017-02-03",2.04404863452302e-06,4.19638866339339e-06,8.62900375140169e-06,6.64041954816517e-06,8.17389246062405e-06
"2017-02-06",0.000293577927908229,0.000281609334926075,0.000261149383523204,0.000262058786054877,0.00025085503719358
"2017-02-07",9.16895443507911e-05,8.88965009284141e-05,6.44978968777094e-05,6.6867496407156e-05,6.99417368775703e-05
"2017-02-08",0.00539509692337015,0.00556520759971666,0.00554629433659399,0.00555981615585897,0.00562223802609688
"2017-02-09",0.00232947202317421,0.0022900599255034,0.00218717700504109,0.00224586802846909,0.00224010241819399
"2017-02-10",0.000352958653002735,0.000354998378821424,0.000239925762618664,0.000243319054510092,0.000247856171085179
"2017-02-13",0.000765061825227989,0.000771826318953072,0.000791022335443121,0.000793070313509269,0.000805112524018194
"2017-02-14",0.000147973033968368,0.000198812227590273,0.00020425877524282,0.000211050571153904,0.000205628261162214
"2017-02-15",0.000152631823852045,0.000144142588950846,0.000126387783765178,0.00012199977996418,0.000120318954982928
"2017-02-16",0.000191174074495078,0.000188646008393043,0.000193595064897175,0.000178837531501365,0.000178304902679764
"2017-02-17",0.000257630863239468,0.000262590331787617,0.00035172723640757,0.000369396048188312,0.000376984506792778
"2017-02-21",3.36665178941537e-05,2.38163207465221e-05,3.62588218008873e-05,3.45948717015736e-05,3.20257865222732e-05
"2017-02-22",0.000318496278027293,0.000326372251092512,0.000369070371371087,0.00036721033354144,0.000363132642125016
"2017-02-23",8.71316557702398e-05,9.43728728556782e-05,0.000144415530696145,0.000127277145484469,0.000144821014043593
"2017-02-24",0.000179484337775171,0.0001982791116359,0.000196964775414204,0.000193658265350135,0.000200059425229509
"2017-02-27",2.62483337095746e-07,1.46255106218873e-06,1.75525415590925e-06,1.98704781344485e-06,1.25195307939052e-06
"2017-02-28",6.77525992332037e-05,7.92624492879732e-05,8.4727323204196e-05,8.4459902765965e-05,7.87770252203295e-05
"2017-03-01",1.25046826884568e-05,1.36504378675522e-05,6.3030718212609e-06,6.0255160279889e-06,6.31010213636402e-06
"2017-03-02",2.54754408189703e-05,2.02492844752066e-05,1.45111301655861e-05,1.31261158748889e-05,1.24323452190167e-05
"2017-03-03",0.000106452024479856,0.00011243486939278,0.000116329744067844,0.00012291068086574,0.000119811607293159
"2017-03-06",0.000234048486770533,0.000228308376928478,0.000286974238689288,0.000293498247794719,0.000293285275357195
"2017-03-07",2.07483279179356e-06,4.0963693685223e-06,3.24862162337017e-06,2.9004276494141e-06,3.10005670332058e-06
"2017-03-08",3.87582386690782e-05,4.00672857517195e-05,7.05176732007707e-05,6.89916432545268e-05,6.96160994853573e-05
"2017-03-09",0.000805893752600056,0.000775352077666191,0.000734917750429163,0.000738814073014373,0.000741816672766188
"2017-03-10",4.72623051271018e-05,5.95859920663161e-05,5.39128790515684e-05,5.24765237031172e-05,5.27059837860616e-05
"2017-03-13",9.52099970778995e-05,0.000101314748819049,0.00010258695966523,0.000102615367436407,0.000104562891952691
"2017-03-14",0.000836132858310827,0.000878209230748201,0.000864593127356635,0.000862498265053434,0.000866795511765378
"2017-03-15",0.000450757442479038,0.000474228460838141,0.000503497966347282,0.000490373126766983,0.000500430482135648
"2017-03-16",0.00196386169307285,0.0019640969091223,0.00208987351998066,0.00209439143079498,0.00210084832837284
"2017-03-17",0.00146014503050244,0.00148323830218412,0.00141222934710431,0.00141183551053897,0.00139834244687717
"2017-03-20",0.00084171560033726,0.000880861592546498,0.000934264766124817,0.000946249150504427,0.000935699940326245
"2017-03-21",0.00438006688918546,0.00432938776154346,0.00429966639083634,0.00431600197452213,0.00432130895043878
"2017-03-22",0.00232550934853989,0.00234028258672301,0.00236225791371483,0.00236540153769043,0.00235432620633347
"2017-03-23",0.000793585429035476,0.000767081209743598,0.000904856870516647,0.000890643860217276,0.000885339377430688
"2017-03-24",0.000705115486459648,0.000677570045512557,0.000945188430176568,0.000921061417793574,0.000911161224555271
"2017-03-27",0.00180013215130582,0.0017671792271596,0.00179009406612962,0.00178041212847725,0.00179317943853201
"2017-03-28",0.00044039684175948,0.000436926300275751,0.000453884305110474,0.000437079370417439,0.000442443164334984
"2017-03-29",0.00161576203886177,0.00162394058307063,0.00175533631200334,0.00171692320958776,0.00174921813442968
"2017-03-30",0.00129598539880199,0.0012635747104783,0.00128423737220143,0.00128725843212008,0.00131007238396941
"2017-03-31",0.000693933960678845,0.000712910734876776,0.000767799779057018,0.000752975383299819,0.000746287828186903
"2017-04-03",0.000439974326623859,0.000396458700744879,0.000426411958603546,0.000416110983807828,0.000421864760845105
"2017-04-04",0.000588889692827876,0.000607277759176344,0.000637671578125364,0.000647596992303248,0.00064730919394395
"2017-04-05",0.000153489987325335,0.000135866423672131,0.000105746447173112,0.000107160402245903,0.000107599244108232
"2017-04-06",0.000352615265603903,0.000345438847325945,0.000316291813770777,0.000308767958046539,0.000301991947599936
"2017-04-07",1.75901833362298e-05,1.81685359853065e-05,2.36074881578461e-05,2.49463173008482e-05,2.56585883606869e-05
"2017-04-10",0.000415712468487064,0.000383759260398795,0.00042275435109162,0.000420609340666107,0.000422806023903161
"2017-04-11",0.00625555741306288,0.00623969189875779,0.00591468634801148,0.00589059555690832,0.00589427550960633
"2017-04-12",0.000159377856125708,0.000152997880553307,0.000116762333104503,0.000121688009352935,0.000120667928935796
"2017-04-13",0.000620902378410911,0.000634419205596078,0.000702192303990305,0.000695168899169735,0.00069212483563268
"2017-04-17",0.000372148629756378,0.000378457840313371,0.000437703750769944,0.000435765942721392,0.000431978696564425
"2017-04-18",6.08579490654871e-05,6.10144214367555e-05,8.91620353962864e-05,9.15762231453055e-05,9.15340386519431e-05
"2017-04-19",0.00423156147402337,0.00426056932756833,0.00466749994732922,0.00462627039991334,0.00463451423447305
"2017-04-20",0.00178543932504635,0.00178909264575719,0.00193311917242272,0.00193720255884276,0.00194449441464161
"2017-04-21",0.000767346901055278,0.000779661624262847,0.000893387906271322,0.00083966583647648,0.000840208511752106
"2017-04-24",0.000855200607626625,0.000884048381071325,0.000931348422519057,0.00095886467192827,0.000955875248615977
"2017-04-25",0.00124915165816269,0.00127047433885347,0.0012957174440484,0.00130065929129827,0.00129893582358714
"2017-04-26",1.71954644042159e-05,1.6375530264262e-05,1.18694545165341e-05,1.20803246594984e-05,1.18814382190201e-05
"2017-04-27",0.000538038655042451,0.000549409143626553,0.000542169133813289,0.000461995034146536,0.00046702042625763
"2017-04-28",0.000136116269999578,8.52656915936773e-05,0.000114623745672053,0.000114306430648443,0.000114252701038284
"2017-05-01",7.22824364190159e-05,9.61594756023697e-05,6.15777210586165e-05,5.85512847540453e-05,5.71737600464146e-05
"2017-05-02",0.000729908803781015,0.000773116974853228,0.000704119256210227,0.000676647031190775,0.000675824318246937
"2017-05-03",0.0047702579234557,0.00468545556545888,0.00452327012713082,0.00453754396247675,0.00455844170840062
"2017-05-04",0.000124034181382672,0.000120926701437463,0.000176694865323302,0.000166344905290234,0.000166520760040064
"2017-05-05",9.87457571818693e-05,7.78114472984655e-05,0.000103046932385414,0.000103928847721712,0.000105339907289624
"2017-05-08",0.00152582058825548,0.00151713899869227,0.00138596836967334,0.00139192329028599,0.00139262605357125
"2017-05-09",0.000795190247236559,0.000790441646952202,0.00070557168822658,0.000699112259384273,0.000693830274729792
"2017-05-10",0.00150762613705885,0.00158664126628205,0.00204279011002317,0.00210345365307183,0.00211153733092766
"2017-05-11",1.15127322490738e-05,1.26484395534132e-05,2.58889745856549e-05,2.28334524524402e-05,2.26790054499847e-05
"2017-05-12",0.000396937524114409,0.000356031853778872,0.000359136837580337,0.000370595853314318,0.000370534226545364
"2017-05-15",0.000676349617528192,0.000761736287467197,0.00084832232852351,0.000887690417345757,0.000887612192068934
"2017-05-16",0.00110673025301665,0.00112585295406396,0.00128086134130364,0.00134440330921385,0.00134544299411004
"2017-05-17",0.0251920339955304,0.0249203345665362,0.0247678891127903,0.0247223604043353,0.0250512017833999
"2017-05-18",0.00148288465140377,0.00152227810081346,0.00152442446421081,0.00153231243441769,0.00155472261891178
"2017-05-19",8.15721752712425e-06,1.02560718483805e-05,3.02434220427473e-05,2.81790037341264e-05,2.89661944390383e-05
"2017-05-22",9.40088424850944e-08,6.06119776382923e-07,6.88423503930752e-06,7.10404545368378e-06,7.01968720283419e-06
"2017-05-23",7.56987919854891e-05,6.69618793320804e-05,0.000105888651748845,0.000106303082719465,0.000106198045540044
"2017-05-24",0.00941186427944545,0.00963702484616734,0.00992830797587137,0.00992683926806154,0.00988282540416915
"2017-05-25",0.00438009205355524,0.00430220967361812,0.00422201898558873,0.00414629467361565,0.00415320781871043
"2017-05-26",0.00219157864408197,0.00217449509669616,0.00220833114526002,0.00219687715105737,0.00220651740052753
"2017-05-30",0.00187692544460705,0.00191637805354074,0.00178926896752963,0.00183616426531678,0.00184320626660524
"2017-05-31",2.95856893227164e-06,4.49129941932127e-06,6.13967249630142e-06,8.9897520340936e-06,9.08444012303579e-06
"2017-06-01",0.000338910331883917,0.00034364937490237,0.000381988093790927,0.000412459692734971,0.000412582723118298
"2017-06-02",0.000126569700469748,0.000120631048309435,0.000154095221457421,0.000156873988239047,0.000156404260669733
"2017-06-05",2.53047213931386e-05,1.69498141661154e-05,1.66817319718891e-05,1.3323035414167e-05,1.30204440953186e-05
"2017-06-06",0.000308362771037986,0.000288162999023427,0.000254400214720584,0.000256496503989553,0.000257265642328171
"2017-06-07",1.18582612057316e-05,1.02558950859189e-05,1.44299194375905e-05,1.5562343591692e-05,1.61099339739843e-05
"2017-06-08",7.06714133107825e-05,6.45939327217365e-05,6.07481889130263e-05,6.66698377678553e-05,6.34324077894081e-05
"2017-06-09",0.0438121605242232,0.0438492223364503,0.0437111071870677,0.0437003699973032,0.0436943446326428
"2017-06-12",0.0908032871368132,0.0897301157217162,0.0903684092225482,0.0902490276810413,0.0903003152940966
"2017-06-13",0.00262036153052732,0.00250299027855068,0.00241049646426931,0.00241201100603189,0.00241604139963089
"2017-06-14",0.00391827207631139,0.00382916157665239,0.00372297162405474,0.00371595899327634,0.00373231412178333
"2017-06-15",0.00338332516099673,0.00330808792455013,0.00335503872199187,0.00341185389825559,0.0034134560466509
"2017-06-16",0.00524292427156429,0.00549138169897832,0.00541101982765155,0.00547754800822623,0.00542146478050702
"2017-06-19",0.0295691794188084,0.02998415003426,0.0293819904309974,0.0298673768372007,0.0298893987830457
"2017-06-20",0.00434481437483787,0.00433332188883921,0.00426668115801829,0.00442369399416709,0.00441575265017971
"2017-06-21",0.00372609635602058,0.00359964631465712,0.00384680649081435,0.00372152374152443,0.00371656427807229
"2017-06-22",0.00548558438454593,0.00560813707587858,0.00562801468305617,0.00562509830648248,0.00562140691367518
"2017-06-23",0.00327353851718455,0.00326014258834214,0.00305973579294422,0.00316943218189624,0.00316284897314655
"2017-06-26",1.33737261880359e-05,1.32930494680746e-05,2.01240108345402e-05,2.67127152474572e-05,2.6948593188136e-05
"2017-06-27",0.00105311679940029,0.00112988754028674,0.00119313448507526,0.00115057632544927,0.00115200965909752
"2017-06-28",7.16625108819321e-05,6.48189154517375e-05,0.000116820227394057,0.000105780406942709,0.000105346207719061
"2017-06-29",0.00714954710992565,0.00733085105646466,0.00774992153958099,0.00751671164285144,0.00751559023145574
"2017-06-30",0.000547918384331152,0.000552121450800113,0.00060407235377179,0.000556305919680679,0.000556084442401079
"2017-07-03",0.000521786481095057,0.00057867095569057,0.000567117859141473,0.000582744361119658,0.000582726124436844
"2017-07-05",0.00106604132257756,0.00113452523096373,0.00111356371319973,0.001125640796778,0.00112252169198379
"2017-07-06",0.000106209548963206,8.97021085032678e-05,8.84078461016307e-05,9.58336596256418e-05,9.78766778813722e-05
"2017-07-07",0.00623435284208773,0.00623709356437334,0.0060691795717979,0.00572428570501778,0.00573539487326965
"2017-07-10",0.00223637495720958,0.00224741538955624,0.00223895013184572,0.00232839855324676,0.00232857977516612
"2017-07-11",0.00074993107549884,0.000763216615729174,0.000824689257425095,0.000809689962098766,0.000810272321709075
"2017-07-12",0.000742038384028179,0.000779987234492534,0.000663403943739697,0.000678746281174398,0.000677327156397714
"2017-07-13",0.00110747519450631,0.00120410132239849,0.00103361345495311,0.00109087165092506,0.00109277470265344
"2017-07-14",0.00159038029543385,0.00163399646432647,0.00171505071905125,0.00177747268814868,0.00176504008589991
"2017-07-17",3.21319545700228e-05,2.9080466969171e-05,4.85661055644611e-05,4.96686797793127e-05,5.09076224142421e-05
"2017-07-18",0.00120817541461807,0.00113257646019347,0.00110647563537699,0.00112364985626321,0.00112108941882327
"2017-07-19",0.00115530046125755,0.00114842541902188,0.00126492175628368,0.00124373592893472,0.00124065263349171
"2017-07-20",0.000486867683695713,0.000491949640427232,0.000467173082447547,0.000489989682668874,0.000493207122843701
"2017-07-21",9.47548150115954e-05,0.000102641301292977,0.00011767813280169,0.00011379730221974,0.000113854014419675
"2017-07-24",0.00117055337207268,0.00123123055872447,0.00134086677902136,0.001419627053796,0.00142831554983459
"2017-07-25",5.14943950943658e-05,7.04154499467105e-05,6.84062283300124e-05,6.44526476477493e-05,6.42813063641494e-05
"2017-07-26",0.000214527733886873,0.000262796830210126,0.000238414358862895,0.000229756818168769,0.000233130268757251
"2017-07-27",0.0230422771652202,0.0231488394870061,0.023090890306228,0.0236455499273923,0.0235962602663836
"2017-07-28",0.000386134891779944,0.000488845199232217,0.000360414676003045,0.000389002395504184,0.000387249067747377
"2017-07-31",0.000525101996055724,0.000540179558969509,0.000490096633913919,0.000542616372141017,0.000537570095688597
"2017-08-01",3.72268665943794e-06,6.69775522463176e-06,8.02299267503406e-06,7.66618928193189e-06,8.16762403089378e-06
"2017-08-02",0.0162860967860707,0.0163229255513261,0.0167705448344661,0.016485575651856,0.0164713632635725
"2017-08-03",0.00184287738624415,0.00189308454035564,0.00175143593492172,0.00184915861497122,0.00192112150160521
"2017-08-04",0.000263641718501989,0.00028243131201519,0.000291421366208897,0.000306087377069783,0.000316346445343155
"2017-08-07",0.0024788905317535,0.00243089906892241,0.00252344194000129,0.002723636276558,0.00279148528728906
"2017-08-08",0.000365357748700587,0.000384926899504489,0.000371258155154268,0.000348309471084176,0.000342460212495608
"2017-08-09",0.00127274332270756,0.00123279669200893,0.00138335812875271,0.0015324058577772,0.00154827574835586
"2017-08-10",0.00222207045993164,0.00215695781571433,0.00199522504653716,0.0019742011588863,0.00193428410204214
"2017-08-11",0.00138766092783607,0.00136264460695535,0.00131296664874991,0.0012546663456706,0.00123113553446808
"2017-08-14",1.73759834530211e-06,5.0823476167847e-07,2.8794801859258e-06,4.27247671288595e-06,5.04044334346155e-06
"2017-08-15",0.000526529789801044,0.000545090846148489,0.000586769232318302,0.000577703590121198,0.000563736893055203
"2017-08-16",3.30506285203883e-05,3.44385511907991e-05,3.4123990202809e-05,3.42813331532929e-05,3.20398156786162e-05
"2017-08-17",0.000159413921209728,0.000148915721398486,0.000158396610531384,0.00015829626169124,0.000155032224894544
"2017-08-18",0.000129616290649177,0.000147096044542295,0.000145900527261391,0.000147149496646585,0.000148361282623818
"2017-08-21",0.000573890173602775,0.000590512703122263,0.000611426633703768,0.000600635185579954,0.000618283484969942
"2017-08-22",0.000880432538455973,0.000918215490797827,0.000934341138522157,0.000935253586901431,0.00093138986121163
"2017-08-23",0.000755360795988028,0.000768488643482507,0.000807542334990022,0.000815465774949908,0.000792946382693142
"2017-08-24",0.000215968436339319,0.000218586366530471,0.000212311140112414,0.000211694244258802,0.000208086988916099
"2017-08-25",0.00214714832490386,0.00214216378825122,0.00211407316456826,0.00209850061259361,0.0020758780152597
"2017-08-28",0.00275753202889544,0.00283565002465887,0.00287699198480886,0.00291261326647916,0.002902800085122
"2017-08-29",2.75251741186329e-06,4.44760272091734e-06,7.15167677161092e-06,6.33635484962086e-06,6.65038149303713e-06
"2017-08-30",0.000158118840815655,0.000172218029019455,0.000185360646712418,0.000185672194162856,0.000198379344383046
"2017-08-31",0.00244498041785187,0.0024735241097587,0.00246578694883945,0.0024948183827684,0.00249866185217673
"2017-09-01",0.00240755057766442,0.00244247978178027,0.00244821223711376,0.00247549354156313,0.00246933148248763
"2017-09-05",0.00200967445272573,0.00195185341350288,0.0019484614383947,0.00194091201355198,0.00193157362652869
"2017-09-06",0.00015665912728867,0.000167786479609691,0.000186347285951817,0.000177716147553558,0.000192034526644568
"2017-09-07",0.00024081478766158,0.00022501551977538,0.00022375822746975,0.000219255265772278,0.000208616831234929
"2017-09-08",2.39050191603871e-07,2.24162402253814e-07,3.30751697832355e-08,1.16158933875713e-07,9.85836364838381e-09
"2017-09-11",8.09443828153197e-05,8.4394489034432e-05,9.59555258126764e-05,9.45983571465561e-05,9.62831282133507e-05
"2017-09-12",0.0210649197656974,0.021134504188255,0.0211581823135682,0.0212052575663929,0.0211437020114735
"2017-09-13",0.000297594242558077,0.000305194155916543,0.000301787791056627,0.000297038363882242,0.000295510577237365
"2017-09-14",0.00282206915719674,0.0028525722888373,0.00277615453899545,0.00277732541363279,0.00272364413621829
"2017-09-15",0.00031754567493835,0.000301310377963457,0.00029560737950183,0.000292531301624337,0.000289984333433851
"2017-09-18",0.000358124764003485,0.000365541192990757,0.000350535500839522,0.000348858119775162,0.000350245090531106
"2017-09-19",0.00507789660224318,0.00525124197663699,0.00523678199859239,0.00528599128918617,0.00524198561268349
"2017-09-20",0.00196335816343134,0.00192104353297906,0.00191328083694261,0.00188291879808829,0.00176175155415533
"2017-09-21",0.00130446309763937,0.00130128967429498,0.0013293557455077,0.00130225306813742,0.00124468254506079
"2017-09-22",0.00288643765242168,0.00290801904727691,0.00300047015741373,0.00296138349488271,0.0029232940285246
"2017-09-25",0.0061111286441832,0.00615158492798867,0.00616783389798805,0.00615253927143474,0.00607720692016924
"2017-09-26",0.000861285469674871,0.000841409364722232,0.000799891505140346,0.000792817004441161,0.000772179080341097
"2017-09-27",0.00202063842014472,0.00203326796544677,0.00202019447555636,0.00204119675903006,0.0020459790949541
"2017-09-28",0.00206125008491304,0.00206300246860162,0.00211770501397343,0.0021293698808787,0.00210206983168727
"2017-09-29",0.00201011233135635,0.00205282421209897,0.00207154187285872,0.00208592473265549,0.00204778252039331
"2017-10-02",0.00429463897162553,0.00436123035774043,0.00438157073387977,0.00438560464776524,0.00439076635000081
"2017-10-03",0.00436631056974123,0.00435791651906412,0.00440487738410751,0.0044269070284982,0.00441750110300705
"2017-10-04",0.000722601134165295,0.000709836148510834,0.000705703597855823,0.000682724385720668,0.000714748847064917
"2017-10-05",0.00135794196798182,0.00134479524329137,0.00128262368293078,0.00128862415283521,0.00131551048978357
"2017-10-06",0.0032049913011975,0.00315725627952933,0.00317931565373992,0.00318607566420493,0.00315259727689672
"2017-10-09",0.000899295404582578,0.000914053391721792,0.000911413365366455,0.000884737815890184,0.000892348737972844
"2017-10-10",0.000254994951029092,0.00025209044566001,0.000273119135131439,0.00027352284687054,0.000275497608210226
"2017-10-11",0.00165955862303531,0.00169266680613366,0.00169952530250022,0.00170465982450641,0.00169002994746112
"2017-10-12",0.000307183180976637,0.000306282337752871,0.000231731583262871,0.000241885644223142,0.000237672922070644
"2017-10-13",0.000460271859676517,0.000487017694005901,0.00044986222733588,0.000460092790666887,0.000457825827213784
"2017-10-16",0.000307156085699542,0.00030613473431261,0.000315129125915741,0.000322981260048879,0.000315894046746096
"2017-10-17",0.000598279321683436,0.000529132701623597,0.000558062847049782,0.000583370781502743,0.000581537789920463
"2017-10-18",0.000322844977669011,0.000317892660264752,0.000333717417374907,0.000331152586861364,0.000328328722665733
"2017-10-19",0.00198844640193439,0.00199201760682059,0.00193171804769708,0.00195767228469876,0.00196044013024472
"2017-10-20",2.31625791594116e-05,2.30044024786096e-05,2.75581144296841e-05,2.55386606784018e-05,2.54335693951748e-05
"2017-10-23",0.000434982603162508,0.00042364721946065,0.000416806559941742,0.000501456081157081,0.000525139259799041
"2017-10-24",3.62918572044672e-05,4.00364104634596e-05,3.82103367589208e-05,3.97533125853046e-05,4.20102912842422e-05
"2017-10-25",0.00162633921718178,0.00160006778584717,0.00164901006789848,0.00167159823738458,0.00169584650098231
"2017-10-26",0.000219051595321391,0.000212677688053224,0.00020818457143076,0.000152255504931806,0.000138727683289402
"2017-10-27",0.00254516798257059,0.00263761764341783,0.00266936164710728,0.00273958348902283,0.00278030700633599
"2017-10-30",0.00142832596041489,0.00143054392610273,0.00142587075659776,0.00139705074556667,0.00137995705197706
"2017-10-31",0.000115603006595762,0.00012348393976042,0.000130030274645784,0.000127853213437649,0.000120127392559971
"2017-11-01",0.00161942243956306,0.00161880502284674,0.00164947775266284,0.0016602814967674,0.00157513942944104
"2017-11-02",0.00318668790794763,0.0031797410997804,0.00345048167602424,0.00340274352954942,0.00334525944861349
"2017-11-03",0.00429499742111893,0.00425181344004603,0.00442336985461746,0.0043208740547833,0.00433761395175607
"2017-11-06",0.00044366565930952,0.000453399357080628,0.000441523199049548,0.000459508205481056,0.000461397307320285
"2017-11-07",1.26328760888257e-05,1.12735817767698e-05,1.06585186629302e-05,9.40969582486241e-06,9.7027502849169e-06
"2017-11-08",0.00227949626702417,0.00230168231615031,0.00228555320585973,0.00228800660554117,0.0022679186726974
"2017-11-09",6.15903785690384e-06,5.03642236576755e-06,7.65051185395344e-06,8.41032697161276e-06,1.21359563353969e-05
"2017-11-10",0.00655790247854969,0.00663327122984742,0.00668473739326103,0.00679349531519804,0.00684313481205943
"2017-11-13",0.00439211605940357,0.00444120383811618,0.00448390900298033,0.00454223518623334,0.00455937534637088
"2017-11-14",0.000219728438757142,0.000228072733417241,0.000223843954315464,0.000210841816859835,0.00020758645355041
"2017-11-15",0.000446344071691665,0.000434409782999745,0.000421415562100273,0.00044750676158593,0.000456826890108962
"2017-11-16",0.00294139953831078,0.00295372943445297,0.00295329950588478,0.00287556752803047,0.00292591828636344
"2017-11-17",3.89312821720888e-05,3.79049586261162e-05,3.80032059289723e-05,3.49214145979179e-05,3.52680960195952e-05
"2017-11-20",0.000936107724384282,0.000928686524657509,0.000936936630889792,0.000926624413421029,0.000938105578324565
"2017-11-21",0.000715742979993956,0.000698772750419071,0.000698988708973962,0.000703507407008199,0.000687653264674678
"2017-11-22",0.000677678345404948,0.000667396560660505,0.000665806271634499,0.000668334792504174,0.000671109313264566
"2017-11-24",0.00303993753918747,0.0030498181413882,0.00302152769810448,0.00297528347322373,0.00292340320969089
"2017-11-27",0.000104723283153482,0.000101917615809901,0.000111890100842032,0.000113772960542714,0.000109777935583974
"2017-11-28",0.000193843364395441,0.000195933681276203,0.000179165684728802,0.000182289754922439,0.000187587652660836
"2017-11-29",0.0112732015793694,0.0112872431575517,0.011229941846772,0.0111845800605195,0.0112290172936592
"2017-11-30",0.0046573085670884,0.00461698662388884,0.0045351417302574,0.00453555344639236,0.00454303611538385
"2017-12-01",0.029543871136314,0.0296082257166128,0.0294971823269542,0.0293111162998414,0.0294140307208206
"2017-12-04",0.00835711565095937,0.00831764296203467,0.00825996223439127,0.00825186864149346,0.00829430215078612
"2017-12-05",0.00286791668622801,0.00288012200265308,0.00286665522289526,0.0028770114416294,0.00289448745911095
"2017-12-06",0.000955407089921911,0.000956028135544396,0.000962348823762646,0.000971089938056112,0.000952563390920053
"2017-12-07",2.70118322146646e-05,2.51278557150736e-05,2.43082645730965e-05,2.0097116113162e-05,2.12575266305698e-05
"2017-12-08",0.0055493118703514,0.00541086155958961,0.00531734602633754,0.00521688811801732,0.00535925828087739
"2017-12-11",0.00250237227911918,0.00244848462254414,0.00241116362604432,0.00238483691740368,0.00242632403016
"2017-12-12",0.00434548100304506,0.00435524192179838,0.00433166091406983,0.00432257536942701,0.00437166704201646
"2017-12-13",0.00251675403370599,0.00254539926121095,0.00250410304552321,0.00253670961899983,0.00254864582165747
"2017-12-14",0.00149389946851878,0.00151844051652144,0.00148867076912868,0.00148704755516698,0.00153946993063616
"2017-12-15",0.000833330902486401,0.000839837509021378,0.00084784980438942,0.000857994233617449,0.000883137135471053
"2017-12-18",0.00173501970106079,0.00176041535876226,0.00177850009453191,0.00180027488126527,0.00182290867804561
"2017-12-19",0.000202515468551661,0.000206627259858526,0.000209734065637292,0.000209785543560057,0.000219195980521112
"2017-12-20",0.000231868934278508,0.000220953113324863,0.000224102578887508,0.000224583408869964,0.00023558269188215
"2017-12-21",0.00103313527024578,0.00102135872811098,0.00102630471581536,0.00102816723456361,0.00103282662784631
"2017-12-22",0.00166611851663655,0.00165556191502568,0.00160920192805607,0.00161338220414636,0.00161023867675389
"2017-12-26",0.000572717407334147,0.000570656478690821,0.000570582347055564,0.000580012039024636,0.000586792706183417
"2017-12-27",0.00119434877688533,0.00119587100528227,0.00120952053026382,0.00121870336929224,0.00120852849949848
"2017-12-28",0.00246114082879703,0.00247071587633471,0.00251055143996258,0.0025097407359954,0.00248268196835176
"2017-12-29",0.00112040484880875,0.00112940077694028,0.00114855387814104,0.0011527947217348,0.00115254264900276
"2018-01-02",8.66871114338902e-05,8.83005133865017e-05,9.30670566144911e-05,8.95287406225663e-05,8.36833175778642e-05
"2018-01-03",0.000398073915143294,0.000411120244540084,0.000439774562614975,0.00045663999076404,0.000425781705642795
"2018-01-04",7.14559595005423e-05,7.32722582387377e-05,8.06247714119801e-05,8.34196154280072e-05,7.13738023121811e-05
"2018-01-05",0.000123302727012282,0.000124643068967477,0.00013299181712652,0.000133629523118863,0.000121061653126245
"2018-01-08",2.30191046501214e-05,2.45767021013879e-05,2.89277038880101e-05,2.98916118024961e-05,2.541280742296e-05
"2018-01-09",1.87968254064406e-08,1.18781930503277e-08,2.46988539096627e-08,4.05368127779815e-08,2.14246371147393e-07
"2018-01-10",4.37153911461979e-05,4.25766876492053e-05,4.43685899457799e-05,4.50125865098819e-05,4.53228417505069e-05
"2018-01-11",0.000937626373619598,0.00093155843734172,0.000937697659747069,0.000938330337456177,0.000933759183609714
"2018-01-12",0.000630091697953364,0.000623741693781028,0.000635741065719697,0.000635483308971402,0.000658811160988273
"2018-01-16",0.00171192804131055,0.00171573948815088,0.00172681406030093,0.00171897736848979,0.00169508454735483
"2018-01-17",0.0022947304234149,0.00229495699934606,0.00232166860770586,0.00231821530956279,0.00227392042871069
"2018-01-18",0.000746228093691228,0.000748409404611855,0.000763868878988249,0.000759962010338468,0.000741413848509722
"2018-01-19",0.000500912011810596,0.000501549456695277,0.000483042613926766,0.000484253426165499,0.000468007430246854
"2018-01-22",4.06044153570837e-06,3.88104794517652e-06,3.45812485990402e-06,3.67084898759041e-06,1.826989266567e-06
"2018-01-23",0.000731553315730757,0.000736796943837622,0.000738189359304332,0.000742442536905339,0.000684839010012494
"2018-01-24",0.00227314484125074,0.00227722067265098,0.00228578051722827,0.00230544747797712,0.00222928653167111
"2018-01-25",0.000991092085262548,0.000989648858806286,0.00097514941508792,0.000992114810616888,0.000964390246223195
"2018-01-26",9.78623897830175e-05,0.000100155362269239,0.000107243031889779,8.25540482227845e-05,8.33712233367252e-05
"2018-01-29",0.0073533368277127,0.0073400361842081,0.00735260345580588,0.00748277830306461,0.00742845737424463
"2018-01-30",0.00723815703442646,0.00724016977449383,0.00725205251504484,0.00724986712863167,0.00729732037660017
"2018-01-31",1.98602415559855e-05,1.95558117621261e-05,1.62294272140848e-05,1.67453426464125e-05,1.42084804056249e-05
"2018-02-01",5.69146379101067e-05,5.80052178639458e-05,6.08469091074178e-05,5.73987954471393e-05,5.46993225379287e-05
"2018-02-02",0.0160470531599065,0.016087807210331,0.0160915685701181,0.016038860381928,0.016055935043563
"2018-02-05",0.0984966502847563,0.0985287316012821,0.0985528067054931,0.098477213009609,0.0986360117442668
"2018-02-06",0.201832039018078,0.201985562138982,0.202275300085496,0.202066753040468,0.201969948206287
"2018-02-07",0.0148542569473751,0.0148622865357737,0.0149695293792725,0.0149530263016972,0.0147439620283644
"2018-02-08",0.0313325534786269,0.0313694722267157,0.0317556537406971,0.0317670399941345,0.0316298128343021
"2018-02-09",0.09391763626021,0.093957845960045,0.0947855568422488,0.0947270747568457,0.0946880221124095
"2018-02-12",2.8163085624007e-06,9.0998617817712e-06,1.76624478218735e-05,4.02342229555907e-05,1.67743217593952e-05
"2018-02-13",0.0272861629718629,0.0268035775235787,0.0258461168551161,0.0255469372363299,0.0259649448088208
"2018-02-14",0.00917022330949304,0.00908318157807679,0.00885186564288843,0.0088261071557322,0.00893688075060542
"2018-02-15",0.00978989213166614,0.00964612250771888,0.00936486915478539,0.00930458024982055,0.00947134223238741
"2018-02-16",0.0261904724515016,0.0258782264034435,0.0252632936988062,0.0251215586924941,0.0256602111895031
"2018-02-20",0.0109785785760561,0.0108247653837288,0.0106169520646231,0.0105937394178532,0.0106130837012605
"2018-02-21",0.00278936683924865,0.00280014814352746,0.00278001787046914,0.00275909037144272,0.00275544411535302
"2018-02-22",0.00143347301448113,0.00142603898135677,0.00140098418315026,0.00139426857317086,0.00136308846369053
"2018-02-23",0.0101683993958624,0.0101485843774311,0.0101936857436277,0.0102053125247702,0.0101383346275481
"2018-02-26",0.00721612360227902,0.0072025806603059,0.00716143690377366,0.00717223763834199,0.00718829222333623
"2018-02-27",0.000822584401374067,0.00081555722462559,0.000840669521528644,0.00084530927296315,0.0008380658575895
"2018-02-28",0.00283596834354767,0.00282444776231862,0.00282242440635914,0.00282562499931736,0.00281415263653177
"2018-03-01",0.0118843380952124,0.0119017589692012,0.0118671618169808,0.0118803001066385,0.0119054482890673
"2018-03-02",0.00822463958642549,0.00822019193237721,0.00816664048541863,0.00816975433593392,0.00821479231196942
"2018-03-05",0.000634907966839913,0.000631689634547873,0.000629531378695994,0.000631533457123595,0.000644748240884436
"2018-03-06",5.27111980143394e-05,5.11464032676854e-05,4.95614064904222e-05,4.7589024206199e-05,4.79848716509696e-05
"2018-03-07",2.13795122908406e-05,1.99278498831005e-05,1.55147633859362e-05,1.47811575634906e-05,1.37548069479156e-05
"2018-03-08",0.00953412523296147,0.0094851950596954,0.00942132874791641,0.00937237978248633,0.00952447353000917
"2018-03-09",0.0128538933742123,0.0128280547805467,0.0127258713893527,0.0126738577971137,0.0128678347529766
"2018-03-12",0.00647963915331802,0.00647182643406178,0.0063206882445275,0.00633059295762822,0.00640060450578187
"2018-03-13",7.79291581039084e-05,7.8295977656424e-05,6.44126480443724e-05,6.44904752944972e-05,7.17336056868905e-05
"2018-03-14",0.000197018509051004,0.000196587963593792,0.000210410634013385,0.000207474098352983,0.000217335491365402
"2018-03-15",0.00187046524426568,0.0018690012956467,0.00185262743899889,0.00185313882513366,0.00186325652475824
"2018-03-16",0.001602209958199,0.00160231978521744,0.00158023847685831,0.00157612404836704,0.00154228741253648
"2018-03-19",0.00129274152156403,0.00128998777162552,0.00133138567337595,0.00133318920870032,0.00134364800381631
"2018-03-20",0.00188576775867571,0.00188867576834449,0.00187030837984058,0.00186546690319978,0.00186328317870672
"2018-03-21",9.85964119465579e-05,9.90382239715322e-05,0.000108305652784713,0.00010936176776296,9.3666088066708e-05
"2018-03-22",0.00736085147827606,0.00735773358911225,0.00736848419343867,0.0073718025800413,0.00724285359776201
"2018-03-23",0.0146351085551078,0.0146324998354127,0.0146502003100811,0.0146680098616462,0.0146795819735428
"2018-03-26",0.0018303071005814,0.00182935350950942,0.00185452463010515,0.00185506115284269,0.00186337632014188
"2018-03-27",0.0223790402523197,0.0223767627025996,0.0221970010001628,0.0221923939075526,0.0221566214507307
"2018-03-28",0.0350543427651486,0.0350577981185838,0.034906048859027,0.0349108153010041,0.0349229359926139
"2018-03-29",0.000439242696806342,0.000440843388521964,0.000429118397009134,0.00043372876475834,0.000415949139687529
"2018-04-02",0.00614052661411365,0.00615861485266739,0.00612329177565603,0.00613593604612121,0.00603561543231181
"2018-04-03",0.00238472105692353,0.00239047041145851,0.00243665416088834,0.00244006430128462,0.00242024753183662
"2018-04-04",1.36808561092468e-05,1.42548675465996e-05,2.31319589168087e-05,2.30595002220379e-05,2.08502378923304e-05
"2018-04-05",0.00935887446009324,0.00931828701332386,0.00908495497607789,0.00908111816013922,0.00930156826438742
"2018-04-06",0.00100096613043627,0.00100049855821161,0.00100980508311866,0.0010094696104651,0.00103361078122449
"2018-04-09",0.00697576570743099,0.00695918695205672,0.00683772787319403,0.00683469441412912,0.00687595710378082
"2018-04-10",0.00360209469894854,0.00359511313742168,0.00348861327357715,0.00348836781393903,0.00348905271481783
"2018-04-11",0.00522604801141883,0.00522611261345309,0.00507030662905896,0.00507009278885463,0.0052168283834939
"2018-04-12",0.00479561857629738,0.00479701175573129,0.00483836123700887,0.00483918068188686,0.00484560953836361
"2018-04-13",0.00795723767612256,0.00794091824494901,0.00791653487567676,0.00791903441023272,0.00796680450533102
"2018-04-16",0.00808593521973701,0.00808420444599436,0.00807441608615355,0.00807692097238189,0.00803696467310174
"2018-04-17",0.011793023986182,0.0117689234212521,0.0116605724403497,0.0116615493183311,0.0116702032651579
"2018-04-18",0.00714650609810953,0.00714447985205147,0.00720213323425502,0.00720305380672206,0.00722225841168649
"2018-04-19",0.00139863088465845,0.00140026218982078,0.00142587782477701,0.00142587414594635,0.0014094761277902
"2018-04-20",0.000398314653904993,0.000396971560254554,0.000353064527201259,0.000357020979648011,0.000359281406747084
"2018-04-23",1.39037336318774e-05,1.35739087524102e-05,1.99821816940103e-05,1.98753218379583e-05,1.90902082021033e-05
"2018-04-24",0.00532152842294262,0.00530835153634578,0.00522959771980693,0.00522616767026647,0.00522684361098338
"2018-04-25",0.00417588725854746,0.00415252384440395,0.00409387188835399,0.00410020999027891,0.00414625635721714
"2018-04-26",0.000344159883795393,0.000337460626413004,0.000356047515258493,0.00035255813263897,0.00034427966664237
"2018-04-27",4.03881561389147e-05,3.58945025547315e-05,5.05562011476643e-05,5.03552619802745e-05,4.67152186797674e-05
"2018-04-30",0.00146000273371582,0.00146351906351894,0.00149579268199279,0.00150098913597654,0.00151013448357648
"2018-05-01",0.000281930912403419,0.000270847777292043,0.000245773747384679,0.000245466290855669,0.000259450936657636
"2018-05-02",0.000156097259574772,0.000163874277634698,0.000210981880373074,0.000210415588428072,0.000174706023437463
"2018-05-03",0.00087972028307736,0.000882324995338114,0.000907834965681324,0.00090764483063132,0.000887729174963373
"2018-05-04",0.000768938101950436,0.00077317293314202,0.000806515273084175,0.000794803995839417,0.00079921702048432
"2018-05-07",0.000792141701577561,0.000800357461122481,0.000829627990421563,0.00082079756191489,0.000805531510486644
"2018-05-08",0.00059916578448539,0.000594570252099414,0.000533028300296761,0.000529771055341524,0.000535185475876618
"2018-05-09",0.00903400577235457,0.00903944605679425,0.00895041309535568,0.00894068210786046,0.00890107129658862
"2018-05-10",0.00928240302769398,0.00923662646793352,0.0092576402675517,0.00928451976814382,0.00931503387250916
"2018-05-11",0.0047736513187824,0.00476063117256279,0.004841043324396,0.00484487031870851,0.00484170314339111
"2018-05-14",0.00912072978813198,0.00916050599006483,0.00926185437156267,0.0092513153471323,0.00923851444359637
"2018-05-15",0.00108280170698963,0.00108851235104164,0.00108560138891025,0.0010898875884744,0.00108857838540622
"2018-05-16",0.00281480209213425,0.00282298337523781,0.00283591199263624,0.00284359830132311,0.00283777758270042
"2018-05-17",0.00126547135942159,0.00127042635040968,0.00131123630765978,0.0013105147858004,0.00130546488021077
"2018-05-18",0.000563042231809337,0.000566913500117938,0.000529289729406537,0.000527134166488664,0.000511268198278937
"2018-05-21",0.000515885926023367,0.000518102714654316,0.000474218607303377,0.00047179379164163,0.00046363514360949
"2018-05-22",0.00229567212421898,0.00229519339802034,0.00228719950518499,0.00228058926551705,0.00228270923469889
"2018-05-23",8.73564587036025e-05,8.80867735992202e-05,8.37071420189142e-05,8.22185994302698e-05,7.48070209566481e-05
"2018-05-24",6.15314553145094e-06,5.95395871039667e-06,6.41135351630638e-06,6.1811885529523e-06,7.57966989231499e-06
"2018-05-25",0.0013551868431229,0.00135494604547276,0.00134597358536411,0.00134347676112443,0.00133853816211839
"2018-05-29",0.000312453419086559,0.000312457207281824,0.000294383226208834,0.000294504308433906,0.000287141873441922
"2018-05-30",0.000757479967700633,0.000756374898068843,0.000769085322793652,0.000767517629337267,0.000773629224901771
"2018-05-31",0.000149931008034789,0.000148184149062335,0.000159128305921346,0.00015903131796614,0.000161328376596106
"2018-06-01",0.00277207687030508,0.00276793008158996,0.00277861629027426,0.00278142819565432,0.00278031511198589
"2018-06-04",0.000254712645771117,0.000254268540415155,0.000270353745359806,0.000269604087695312,0.000265889250363123
"2018-06-05",0.00171958051517357,0.00171932076670472,0.00172208702668162,0.0017244567930113,0.00172327987192943
"2018-06-06",0.000888383147289846,0.000888464602636668,0.000886004763448174,0.000894280088351908,0.000881458986325579
"2018-06-07",7.56785122053071e-05,7.5650795379229e-05,7.36124228253074e-05,7.58008299073829e-05,7.64925347699328e-05
"2018-06-08",0.00015633629097444,0.000156387048194082,0.000164153295085917,0.000164357137862901,0.000168124918795849
"2018-06-11",0.000700422731855307,0.000699517649693554,0.00068687690517034,0.000676628789705787,0.000667965699025524
"2018-06-12",0.000856393282270116,0.000853504354486232,0.000826991502449246,0.000828251176557123,0.000818226057298414
"2018-06-13",3.1305190485566e-05,3.11805294593699e-05,2.96671786255152e-05,2.99550802507702e-05,2.91425128035255e-05
"2018-06-14",0.000412788660086642,0.000410955151247456,0.000417569158394726,0.000421375159474441,0.000434559205166209
"2018-06-15",6.9982614218964e-06,6.35049471427112e-06,5.80653456928324e-06,6.27284697311466e-06,6.96428921323676e-06
"2018-06-18",1.18356520546128e-05,1.13128437835967e-05,1.48006325669689e-05,1.44104119764919e-05,1.35295528690706e-05
"2018-06-19",0.00115054999115627,0.00115565542966354,0.00113113546490041,0.00113470973735717,0.00114358155969876
"2018-06-20",3.97368871681306e-05,3.92183847434493e-05,3.82494824237296e-05,3.75866636303333e-05,3.71095597305882e-05
"2018-06-21",0.000519257228932368,0.000519776239470767,0.000526063833321578,0.000523131511419329,0.000514741594968278
"2018-06-22",0.000485360417946955,0.000487144167784544,0.000465114104884143,0.000471530466156696,0.000489838721238936
"2018-06-25",0.00499895337265317,0.00499805569930847,0.00502363156601399,0.00501885116919309,0.0049760332018614
"2018-06-26",0.000523751724837604,0.000523819971481868,0.000523467389575737,0.000523047532634028,0.000508386240559726
"2018-06-27",0.00200851081661361,0.002008814123615,0.00203909676679417,0.0020467067613279,0.00202082713300644
"2018-06-28",0.000734810186212188,0.000734938464589252,0.000738275652926839,0.000740567659415496,0.000739162446846502
"2018-06-29",0.00804827760578814,0.00804886343887106,0.00805089678527097,0.00804970638726762,0.00809191735426364
"2018-07-02",0.000726822438200579,0.000732742153945614,0.000751152263630538,0.000781556862343872,0.000747490901609902
"2018-07-03",0.000735134948010646,0.000734991475882216,0.000754966308190539,0.000750552579349031,0.000731709668243619
"2018-07-05",0.00156890372000079,0.00156842067209042,0.00157653059483838,0.00157886354516036,0.0016124146430857
"2018-07-06",0.00232362160754687,0.00232057219649008,0.00231544645407705,0.00231200642712519,0.00234990303341989
"2018-07-09",0.00669922606328649,0.00670347474756027,0.00678236433960407,0.00677338904372847,0.00671378082487852
"2018-07-10",0.00329073117614947,0.00329251408820458,0.00328433125465098,0.00326836253875768,0.00329332183351973
"2018-07-11",0.000329577377474204,0.000329114500937426,0.000343010745987486,0.00034477998493803,0.000336911381568849
"2018-07-12",0.0020825338594198,0.00208188853693027,0.00211543003578166,0.00210756588988912,0.00215556099926036
"2018-07-13",0.00238221904836293,0.00238329259876512,0.00237571088391858,0.00236801787807508,0.00237901858129114
"2018-07-16",0.000998913214948581,0.000995999306627303,0.000999989560650881,0.000995856260616581,0.000986396573038559
"2018-07-17",0.000195492978595166,0.000196849973542175,0.000196360637216631,0.00019497780016978,0.00020101462062602
"2018-07-18",0.000841340424169975,0.000838829390695826,0.000838879959358867,0.000835646021282467,0.000833764016859247
"2018-07-19",5.51204646759394e-05,5.38002971275611e-05,5.83385396438003e-05,5.75933061596209e-05,5.60237193911671e-05
"2018-07-20",6.41022074078531e-05,6.37730573662475e-05,6.54280607784907e-05,6.48140292747098e-05,6.74833723811903e-05
"2018-07-23",0.000213529772313392,0.000215629728124136,0.000217049726622377,0.000216814092294907,0.000223413686074372
"2018-07-24",5.70103735532569e-09,4.69301071341115e-10,5.70916257565952e-08,3.43584078046232e-08,6.01244737197064e-08
"2018-07-25",0.000213342664966573,0.000213773019207758,0.00021598553988724,0.000215509431629793,0.00021851455890775
"2018-07-26",5.60982424627678e-06,5.51198585167881e-06,5.25680309616276e-06,3.78931199457287e-06,2.23116349736115e-06
"2018-07-27",0.0020251742870818,0.00205705804263981,0.00201635755067779,0.00197251549824394,0.00202492343535554
"2018-07-30",0.000374369007947747,0.000382377138771243,0.000370718096760705,0.000362114845538311,0.000370499442218189
"2018-07-31",0.00082157775825518,0.000829154252189589,0.000827861509816421,0.000816579902075881,0.000802096119088902
"2018-08-01",0.00951387900475805,0.00953879900417226,0.0095214038919637,0.0095026805744723,0.00921063756461974
"2018-08-02",0.00443740752526057,0.00445278687691699,0.00448093824645815,0.00446103674039575,0.00444140420594692
"2018-08-03",8.08269151070144e-06,7.79669780228196e-06,1.28075815231803e-05,1.09805932762939e-05,1.31962091339248e-05
"2018-08-06",0.000273552950135734,0.000276517674740605,0.000267883907801933,0.000255352132810644,0.000248454319009129
"2018-08-07",0.000784563443015884,0.0007975593459067,0.000802301933089984,0.000800699622129347,0.000812029575934312
"2018-08-08",0.00143496837014626,0.00143621920726319,0.00146005558406939,0.0014634113279424,0.00141964236658762
"2018-08-09",0.00524937256644588,0.00527941972481704,0.00529118148712874,0.00535576153832919,0.00537029867606291
"2018-08-10",0.00103133520295511,0.00104754960480655,0.00107531898999438,0.00109423456196403,0.00108863058257559
"2018-08-13",4.68888274388939e-05,4.96142019584287e-05,4.96424347668427e-05,4.97727814320949e-05,5.65956175457708e-05
"2018-08-14",0.000718023431251533,0.000733898700895695,0.000745578058182546,0.00075050935562054,0.000753067025107297
"2018-08-15",1.80961852909666e-06,8.05255933785678e-07,1.13660955849176e-06,1.92511546544121e-07,1.97484637616968e-07
"2018-08-16",0.000557047373322333,0.000563586976529685,0.000565264846541327,0.00057433837403587,0.000572098288712723
"2018-08-17",1.03927328693983e-05,9.94556524499816e-06,1.06126405119816e-05,1.00396935848953e-05,9.91737913747644e-06
"2018-08-20",2.41137708850382e-05,2.28097860541616e-05,1.92183759372366e-05,1.96095638397137e-05,2.11610305870057e-05
"2018-08-21",1.43785480969922e-07,1.94893842311781e-07,1.38325686424576e-09,3.80278034325373e-08,1.11360769263485e-08
"2018-08-22",0.000297417589500421,0.000291528527919921,0.000288437655106739,0.000284287270639408,0.000296351692776357
"2018-08-23",4.41551794967587e-05,4.54656304419627e-05,4.46889884865233e-05,4.84822449967253e-05,5.86614487068978e-05
"2018-08-24",0.000881878978602502,0.000894363942148172,0.000891615733973024,0.000906616631777326,0.000949556872335892
"2018-08-27",0.00137942841793095,0.0014033514450107,0.00144707688370259,0.00149758576561104,0.00151615670585093
"2018-08-28",0.00232664207452539,0.00234478794417574,0.00239911726922026,0.00241348214806545,0.00238408188662048
"2018-08-29",0.00120407881792294,0.0012085511682104,0.00122585428547105,0.0012314095135922,0.00120303001983483
"2018-08-30",0.00180757070347896,0.00182531456731191,0.00177942331416521,0.00174728046331686,0.00172347025895603
"2018-08-31",0.000250729813576702,0.000251415036630335,0.000242468003692174,0.000234942696280072,0.000239722591780801
"2018-09-04",0.000485678703805168,0.000483150502960287,0.000464319163817891,0.000463794553665768,0.000474226899121962
"2018-09-05",0.00492586637273046,0.00490871413167712,0.00488580371513046,0.00484486018745198,0.00480162736139155
"2018-09-06",0.00846315812735213,0.00845032132994249,0.00841505372148882,0.00840885049842253,0.0084579087246744
"2018-09-07",0.00896480780917457,0.00893695881043868,0.00886629351565691,0.00880771045677652,0.00887087271527463
"2018-09-10",0.0088697276892969,0.0088392891919238,0.00875503283797513,0.00869346731098322,0.00865436439191859
"2018-09-11",0.00167524345966837,0.00166150275445892,0.00165017432613098,0.00168762691828294,0.00170812327042445
"2018-09-12",0.0156485504689574,0.0156044169003795,0.0154820435495742,0.0159059940351183,0.0161643256232053
"2018-09-13",8.73317467272121e-05,8.86806385614973e-05,7.62099539610684e-05,7.63477011563243e-05,7.8198081474858e-05
"2018-09-14",0.000130301432542351,0.000137982508047879,0.000149579117290122,0.000168441409960214,0.000154066782672093
"2018-09-17",0.000166480726502784,0.000157987063879924,0.000161658148137386,0.000140393521646394,0.000143696458730424
"2018-09-18",0.000158141805832704,0.000160655305295685,0.000142687781197961,0.000163934893506709,0.000174576216867691
"2018-09-19",0.00184509004275567,0.00186223077976643,0.00185885812463406,0.00191527879675964,0.0019332130798991
"2018-09-20",0.000939429101250583,0.000956559360086134,0.000980560625399614,0.000993694650469661,0.00101429089156831
"2018-09-21",0.000769255217523831,0.000773746021240738,0.000791472513511992,0.000807434749247299,0.000797747508200623
"2018-09-24",0.00224945074421607,0.00227433071481082,0.00231503036179121,0.00233726854389959,0.00233633629990293
"2018-09-25",0.00138358183382957,0.00140024927573845,0.00139931977239528,0.00156191834591333,0.00160698546352775
"2018-09-26",0.00060403379572886,0.000638473892117063,0.000659578874302817,0.000723640618271944,0.000761304732962765
"2018-09-27",0.00218405325897677,0.00219516979994714,0.00221981988253713,0.00220156505199801,0.00224808763661579
"2018-09-28",0.0021431370970542,0.00216599319135523,0.0021729798206659,0.00221984253746858,0.00221225183759752
"2018-10-01",0.00118044959744228,0.0012146992152372,0.00124552649238896,0.00128203029420161,0.00129997567459767
"2018-10-02",0.000292513178412381,0.00029596245482878,0.000311433159924435,0.00033473894207227,0.000323873326529764
"2018-10-03",0.000146657900947203,0.000142150009946734,0.000144561294872703,0.00015019298570984,0.00014436165787345
"2018-10-04",0.00570744422817725,0.00567801340984717,0.00562477738759441,0.00562716574552151,0.00564044433169541
"2018-10-05",0.0106993413409845,0.0107088166198634,0.0108114119843185,0.0108370781683352,0.0108063276863033
"2018-10-08",0.00920142819406848,0.00940356797664619,0.00927780245234788,0.00934847875593908,0.00930535908583728
"2018-10-09",0.00777762518746084,0.0077265380453367,0.00766441062622945,0.00761733460159834,0.00750517005761833
"2018-10-10",0.0287217739694271,0.0286026401620715,0.0282802392623816,0.0282358432089442,0.0281632736909313
"2018-10-11",0.0851950901859393,0.0854041294582407,0.0852988618287043,0.0853309221380521,0.0853604839019406
"2018-10-12",0.0153084447571351,0.0152861841514645,0.0153973134602635,0.015338541460361,0.0153773428372307
"2018-10-15",0.00157415266723484,0.00156115285263304,0.00155346522877406,0.00158174883281474,0.00156052853959242
"2018-10-16",0.000905870416266713,0.000883012871620834,0.000868212375206095,0.000851521265526707,0.000830594349514209
"2018-10-17",0.000379399973636028,0.000336193181005026,0.000320321927003653,0.000306417027177676,0.000350859867414793
"2018-10-18",0.00366127929144726,0.00335187168621971,0.00307120289085685,0.00285007326040091,0.00306835234352221
"2018-10-19",0.00565673904664257,0.00540994274760984,0.00516143558635024,0.00492354619266584,0.0050200434768306
"2018-10-22",0.00379769942601327,0.0037226378426207,0.00369701411989258,0.0035582789139585,0.00353765157921861
"2018-10-23",0.00324370359235584,0.00326042114861601,0.00325789059440833,0.00325056009874674,0.0033329494948864
"2018-10-24",0.00660426768091388,0.00672827117431512,0.00683685283498334,0.00684872243242619,0.00685931938534297
"2018-10-25",2.40420826333807e-05,1.68099730131847e-05,1.06632300027331e-05,8.50552553180259e-06,1.0371443474545e-05
"2018-10-26",0.016441194213476,0.0174534265194442,0.0174245677326819,0.0178936954957389,0.0182469870737962
"2018-10-29",0.0211571980034292,0.021794642307003,0.0220458704968286,0.0223230848966645,0.0223551630001521
"2018-10-30",0.0169281584058499,0.0176092538482721,0.0176858267531996,0.018085349716044,0.0177507963263987
"2018-10-31",0.00466555443209162,0.00438198614633249,0.00433538270210015,0.00419673129941819,0.00450144354702418
"2018-11-01",0.00107770470547597,0.000967933282789767,0.000929230155318154,0.000904626458481562,0.000930054434843748
"2018-11-02",0.00103962522914258,0.00122045091556383,0.0012337274050571,0.00138654836533549,0.00139756459671116
"2018-11-05",0.00215459333082211,0.00195071292959335,0.00194997460865591,0.00187877770070837,0.00195856201118427
"2018-11-06",0.0239250041199583,0.0234294813796678,0.0234030799151261,0.0233906056679919,0.023821512670789
"2018-11-07",0.009885346456894,0.00962644344446885,0.00961616441623482,0.00958272730129092,0.00949665847653193
"2018-11-08",0.0083987748312209,0.00835058936048915,0.00835203660086726,0.00833780779544763,0.00838757329797859
"2018-11-09",0.0159481525894019,0.0156446011412992,0.0156445415698381,0.0159006419374486,0.0159536615395571
"2018-11-12",0.00182402209629564,0.00177701821533877,0.00179755440246046,0.00191396410762821,0.00185389593421395
"2018-11-13",0.00405658238693994,0.00404514365403994,0.00402574293571145,0.00392141836425303,0.0040336675773975
"2018-11-14",0.00866733801822426,0.00861558815490441,0.00862601614700324,0.00873021660195095,0.00861653536152219
"2018-11-15",0.010455904599418,0.0103671913708829,0.0103714098474228,0.0104085656947308,0.0103844037604475
"2018-11-16",0.00125116747965953,0.00125700948991717,0.00126355715986853,0.00136557768693431,0.00140162586365048
"2018-11-19",0.00107027650607195,0.0010973401698931,0.00109433064378835,0.00103991895502013,0.00102609243727622
"2018-11-20",0.0256790812905533,0.0259151106403109,0.0259265427285287,0.0259273851851425,0.0254827071520473
"2018-11-21",0.00333105577427577,0.00324297549826559,0.00323711170830164,0.00324454008878956,0.00331002918492297
"2018-11-23",0.00944805277546435,0.00924359643653847,0.00922525375136667,0.00900451107369077,0.00912225418114574
"2018-11-26",0.000255710361952187,0.000236724597092914,0.000233865412005745,0.000210793685010837,0.000195151371570721
"2018-11-27",1.07282933259255e-05,1.67308531490227e-05,1.65652927120394e-05,1.64383135705998e-05,9.57141743547217e-06
"2018-11-28",0.00833060440829913,0.0082237317217409,0.00822915906320057,0.00820530566752288,0.00868447532899976
"2018-11-29",0.0018794105889187,0.00190270582045936,0.00190332300184556,0.00193024332379758,0.0020140817485909
"2018-11-30",0.00222224200791342,0.00220756813247706,0.00224518255696065,0.00236747031850493,0.00231284690749866
"2018-12-03",0.00181388387652742,0.00187964340044826,0.00190179238667108,0.00190259785992309,0.00187314160958378
"2018-12-04",7.15881089810437e-06,7.67866945759537e-06,7.81699179589653e-06,5.06775887194632e-06,6.48718262173443e-06
"2018-12-06",0.00532826935401882,0.00540872143013565,0.0053967948869136,0.00535669592541009,0.00524072968177952
"2018-12-07",0.0041537429029126,0.00416781751224813,0.00414733647634994,0.00413964001119822,0.00407693669466651
"2018-12-10",0.0219125400462831,0.0217784876480713,0.0217933291798177,0.0218262532730608,0.0219223387773023
"2018-12-11",0.00644073438415404,0.0065337576877532,0.00657247458753598,0.00666846623188126,0.00650474472631912
"2018-12-12",0.00110160049323752,0.00101289827295974,0.000999622751774659,0.000877990937840027,0.00091105553961525
"2018-12-13",0.00102719308222637,0.000904192855898969,0.000878706031367818,0.000711586952576134,0.000756158930355814
"2018-12-14",0.00255159899067911,0.00230416885517785,0.00228258926387811,0.00205859148552713,0.00205749848820066
"2018-12-17",0.00169920861304468,0.00155843945981021,0.00153450296865746,0.0013640966585079,0.00138806977388557
"2018-12-18",0.00319139664659366,0.00306729553688462,0.00306457688701414,0.00286942831805602,0.00290469893019837
"2018-12-19",0.0139806683625668,0.0141352546019745,0.0141603590901321,0.0144284630965598,0.0145254921945157
"2018-12-20",0.022257798667704,0.0223482421259031,0.0223289662548383,0.0226805079459501,0.0228233152351188
"2018-12-21",0.0269163950375406,0.0269949186184626,0.0269986679228497,0.0273510670634622,0.0276875454357907
"2018-12-24",0.00289243391184076,0.00308255043012313,0.00308267841463646,0.0032666796893296,0.00324024840677169
"2018-12-26",0.00774239767883246,0.00784373667861492,0.00787868587116118,0.00822162035492932,0.00819150115991796
"2018-12-27",0.000562357728345271,0.00073511145048038,0.000749917173838285,0.000968103502725819,0.000969191701839268
"2018-12-28",0.000573790471656607,0.000424547672024388,0.000411352998753218,0.000298636501869696,0.000301495889277651
"2018-12-31",0.0275532637747076,0.026677633468262,0.0265616370144005,0.0256271661014903,0.0255998505778177
"2019-01-02",0.00623818785162223,0.00579115045666512,0.00577181488818821,0.00506505641954201,0.00494400235605407
"2019-01-03",6.93053261460435e-05,0.000108104489188402,0.000113642880997728,0.00016914048671138,0.000178420218233756
"2019-01-04",0.00736136243948888,0.00696105141291856,0.00694553584433515,0.00644309004264586,0.00647350372764338
"2019-01-07",0.00130723165157207,0.0011793184485537,0.00117913377938675,0.00103740577254039,0.000976258123269705
"2019-01-08",0.00207058056012283,0.00203178144090938,0.00203859600480621,0.00197983266388551,0.00191429509012494
"2019-01-09",4.10612546322622e-05,3.18590247783438e-05,3.12714002587001e-05,3.75024551199466e-05,3.32212198429251e-05
"2019-01-10",0.0120928670401658,0.0119032546780729,0.0118637905977618,0.0120070177940969,0.012097248735293
"2019-01-11",0.0150895400005815,0.0148915194179605,0.0149054539568202,0.0147242699519677,0.0145447813170924
"2019-01-14",0.0181469884749508,0.0183586903230965,0.0183617021903543,0.0187980445516845,0.0187936936089436
"2019-01-15",0.00763671754351636,0.00765682705961775,0.00765900157123497,0.00758156616053954,0.00748776963286052
"2019-01-16",0.0127033901439665,0.0128868203598393,0.0129096639756858,0.0130672310119471,0.0128041831570087
"2019-01-17",0.00149123060272007,0.00152977748571683,0.00152931243125267,0.00161054804294209,0.00160524625735293
"2019-01-18",0.0010715962317277,0.00110757979576771,0.00110721237998503,0.00116333557352081,0.00112147388857024
"2019-01-22",3.58466255479454e-05,4.51039745714243e-05,4.8413993253877e-05,6.36294389030727e-05,5.62451527082525e-05
"2019-01-23",0.000804234765133992,0.000806330607040962,0.000812796802093371,0.00085984148755603,0.000852595785182748
"2019-01-24",0.000741420671379842,0.000801245620609162,0.000800420500850164,0.000899097685803497,0.0008417213022902
"2019-01-25",0.00427438517845867,0.00432266122405305,0.00433729027484188,0.0044014612409758,0.00442967302239986
"2019-01-28",0.000894996095288551,0.000882219928868487,0.00088486934002541,0.000638443131710296,0.000581315691040037
"2019-01-29",0.000623578874821328,0.000616351863734234,0.000617325075221444,0.000609824442131865,0.000607101149318554
"2019-01-30",0.00191842026144426,0.00189474771310154,0.00188521911134703,0.00184141784673311,0.00183534404383938
"2019-01-31",0.000176236125522959,0.000174172556654787,0.000176317410761329,0.000194156283564635,0.000188240616366952
"2019-02-01",2.44459976037484e-05,3.37733630708611e-05,3.2732466740739e-05,4.26799344137688e-05,3.29119701383142e-05
"2019-02-04",0.00131686977885224,0.00131554228722757,0.0013122058201369,0.00137523008186624,0.00134190220662786
"2019-02-05",0.00243845347930183,0.00252877275846451,0.0025378113440223,0.00268248092436487,0.00267551107112177
"2019-02-06",0.0044572298996527,0.0044772145566848,0.00436099288171282,0.0045467951101742,0.00479901801651438
"2019-02-07",0.000415849029472562,0.000430479093607163,0.00043975966282734,0.000413978167750633,0.000414461909436234
"2019-02-08",0.00193939267044866,0.00170010095122888,0.00173371482927594,0.0018304788071631,0.00176465444991093
"2019-02-11",0.00128405350615367,0.00132023680351557,0.00134327939752613,0.00154146912148434,0.00151691410534567
"2019-02-12",0.00504949418937178,0.00523558045169539,0.00527911374954373,0.00548156551158031,0.0055544939519778
"2019-02-13",0.00291512799258477,0.00304678489661719,0.00306920726527339,0.00317280186410826,0.00329315249245541
"2019-02-14",0.00205786469993275,0.00210384512471417,0.00208961959373675,0.00211374400674865,0.00214411263119391
"2019-02-15",0.00211136157125572,0.00215878373547075,0.00217858832258634,0.0022248161937126,0.00219664470740534
"2019-02-19",0.00439669763411095,0.0045610871302709,0.00458907753913987,0.00462124777497308,0.0046146355566348
"2019-02-20",2.40892809196488e-05,3.71894065612622e-05,3.86168227607051e-05,4.03411953795306e-05,3.73139069579831e-05
"2019-02-21",0.000556481471503702,0.000619388732381594,0.000626120852153162,0.000644427871819807,0.000669524593714546
"2019-02-22",0.00397001128364525,0.00392227175355178,0.00392173305484388,0.00397321528744669,0.00396148509491424
"2019-02-25",0.000968907666031676,0.00101011208040287,0.001005549982538,0.00109025383129178,0.00106002324914524
"2019-02-26",0.0010288855995758,0.0011137544467899,0.00112985189423602,0.00119447003864126,0.00117030202072501
"2019-02-27",0.000635857445265633,0.000674173620667979,0.000667182947325435,0.000703964255756252,0.000667324321739128
"2019-02-28",0.00131399307461429,0.001366870564828,0.0013575100203718,0.00131625862314872,0.00128167297623194
"2019-03-01",0.000368659353078847,0.000383911680595706,0.000379578586911062,0.000380427057982921,0.000361611401690689
"2019-03-04",0.000357853397338807,0.000321086951582799,0.000322677353033189,0.000286549502398704,0.000293664068047477
"2019-03-05",0.000641145476283184,0.000672013183258786,0.00067376600471089,0.00067749592896703,0.000650603771168506
"2019-03-06",0.000521074920955976,0.000530949954877901,0.000532696206470898,0.000525386618282071,0.00050950298229776
"2019-03-07",0.00071403626858129,0.000705420372182202,0.00070586532206188,0.00066796953709848,0.000634056781302035
"2019-03-08",0.000389163154251871,0.000369276824388343,0.000367835652505279,0.000383055767850088,0.000376226393213706
"2019-03-11",0.0012686087093679,0.00121474750083514,0.00121153523335499,0.00122712759189394,0.00131314730418084
"2019-03-12",5.70765435317618e-06,7.47930906851514e-06,7.70710041504006e-06,7.69972155653122e-06,5.55977589020013e-06
"2019-03-13",2.11684773309566e-05,2.23914746168273e-05,2.16322764182737e-05,2.24269093548057e-05,2.4821383890569e-05
"2019-03-14",0.00267714519299282,0.00262142903749595,0.0026190937422245,0.00266043467398905,0.00269023648606301
"2019-03-15",0.00168621392469784,0.00165226748194224,0.00165375809111401,0.00167457630684246,0.00167671101814033
"2019-03-18",0.000847420446150798,0.000849509545487018,0.000851299375388506,0.000866902430510747,0.00104391336056284
"2019-03-19",6.61544998455776e-08,7.46622255333938e-08,9.86737496907006e-08,2.54415862530107e-07,1.45845702092854e-05
"2019-03-20",0.00120890224737215,0.00112932143124935,0.00112655777144954,0.0011715608022347,0.000971225250151719
"2019-03-21",0.000952923555125095,0.000889706956460873,0.000887234593403602,0.000932097714640605,0.000886400066232254
"2019-03-22",0.00982886825576059,0.00966013854253496,0.00965842177274739,0.00959966036316772,0.00926714272206712
"2019-03-25",0.0203712754644537,0.0201459010622084,0.0201747253432534,0.0200527956900887,0.0199587282485886
"2019-03-26",0.00952190353431624,0.00943784251699173,0.00945513205324489,0.00933859721229084,0.00936595861798269
"2019-03-27",0.00328307491170654,0.00323597215780569,0.00323351547166539,0.00328546469920385,0.00338911618872288
"2019-03-28",3.09284141162829e-05,2.47200917859262e-05,2.40276145014757e-05,2.77998914777255e-05,3.97111856333128e-05
"2019-03-29",0.0031983611024182,0.00319889072115172,0.00320700312337636,0.00310041588149622,0.00297300836868561
"2019-04-01",0.00511526026673529,0.00517599366675162,0.00517403519017157,0.00510443689337286,0.00494411729728889
"2019-04-02",0.0101249700143763,0.0104434188206683,0.0103809762878729,0.0101721461573585,0.00992682919213375
"2019-04-03",0.0062332005558076,0.00624510924637994,0.00623724669555157,0.0063785986658606,0.006459101104132
"2019-04-04",0.00454812372869405,0.00473109549027029,0.00472607992219125,0.00474223028064502,0.00465481021027229
"2019-04-05",0.00417844646844245,0.00423011946532718,0.0042313166786974,0.00430445429496675,0.00427575813998134
"2019-04-08",0.00193008345447745,0.00196076827874762,0.00196564940097579,0.00199655342788408,0.00199283913175075
"2019-04-09",5.96553013875614e-06,5.10124472959906e-06,5.14628226970991e-06,8.6786290011506e-06,1.00803711771497e-05
"2019-04-10",0.000573190016654389,0.00060575562662556,0.000605197800164682,0.000646656589748177,0.000654626904710029
"2019-04-11",0.000505087076160999,0.000537244482238701,0.000536931337392877,0.000547600663980152,0.000581994192189605
"2019-04-12",1.00029396722432e-07,8.64604789784995e-08,5.70801696759246e-08,1.27997846016016e-07,1.70571480192907e-07
"2019-04-15",0.00117536958692462,0.00126496843814995,0.00126584291333499,0.00127172767775331,0.00129951901199704
"2019-04-16",0.000411757733011601,0.000467223242379187,0.000466241976398066,0.000504389274836748,0.000498372526129324
"2019-04-17",3.19882105449959e-06,6.78333019520513e-06,6.65972685842453e-06,7.17421864724485e-06,5.67693313873477e-06
"2019-04-18",0.000510046106036548,0.000565262270255065,0.000565614986935829,0.000563267845444707,0.000563170151148584
"2019-04-22",0.0012754824248467,0.00134385717055051,0.00134171478465756,0.00131565716579431,0.00129765388419608
"2019-04-23",0.000395693599671695,0.00043294563768459,0.000432909056626844,0.000447843979343631,0.000444310427453839
"2019-04-24",0.00147111687916844,0.00149379395290671,0.0014939086677382,0.00157442595864947,0.00161802911912245
"2019-04-25",0.000429476904096387,0.000413727123325057,0.000418219084137789,0.000429758833673376,0.000413844371504792
"2019-04-26",0.00154675340141029,0.0017677266082748,0.00174212592596406,0.0018035388734696,0.00186879773639374
"2019-04-29",0.000433385744792982,0.00041408924160771,0.000414278703999818,0.000408652974535375,0.000391283268356651
"2019-04-30",0.00321440511289993,0.00328094127845572,0.00326459752970986,0.00323588775133194,0.00324800559417087
"2019-05-01",0.0110336895771523,0.0109602795608306,0.0109501830225986,0.0109479190380883,0.0107729535625823
"2019-05-02",0.00280570087574436,0.00305251059396023,0.00305694678773891,0.00306785055144676,0.00308320148420319
"2019-05-03",0.00283253264140882,0.00291721303986936,0.00292282633927827,0.00292295973497528,0.00290559025602552
"2019-05-06",0.00249182400455953,0.00240647273061589,0.00241679908494092,0.00242183974652822,0.00240344458452535
"2019-05-07",0.00741895291009837,0.00725296415005613,0.00724006310434729,0.00722265247468282,0.00732886033234209
"2019-05-08",0.000141298761262053,0.000119366831122085,9.27977809293855e-05,8.91165585625008e-05,0.000113115430488099
"2019-05-09",0.00651614011121828,0.00670887920649629,0.00668523840915506,0.00667007934764096,0.00683613135138428
"2019-05-10",0.0160724066245183,0.0162572578323262,0.0162662389515799,0.0162209519476121,0.0161852611015954
"2019-05-13",0.027032858275625,0.0271172923570049,0.0271951918609246,0.0272452988062985,0.0273258772047646
"2019-05-14",3.66260894455906e-05,4.91857174125136e-05,4.90737517254325e-05,5.0507668478968e-05,4.85574220437434e-05
"2019-05-15",0.000168695027373109,0.000140998386885848,0.000150882416375539,0.000150393826992066,0.000154805744786272
"2019-05-16",0.00295275340284128,0.00286690257631577,0.00286663039739965,0.00284745356894008,0.002834837628334
"2019-05-17",0.000173673956103014,0.0001404042629653,0.000130868900680169,0.000135238362012079,0.000129951273234057
"2019-05-20",0.00010358555446551,6.31880202750072e-05,6.08940542609556e-05,6.83068350517887e-05,6.63424738853808e-05
"2019-05-21",0.00476324527179235,0.00466898141744142,0.00463990801688123,0.00468071498728766,0.00465708790274875
"2019-05-22",0.000994506613941918,0.000964813240824365,0.000974768918879512,0.000985476105429963,0.00101115003205019
"2019-05-23",0.00119950971299275,0.00119086360613786,0.00116482470028756,0.00113932838988525,0.00109400082320188
"2019-05-24",0.00408400519709416,0.00412312570233287,0.00412028621652154,0.00410596291677953,0.00407509210328397
"2019-05-28",0.00201321723848524,0.00212479191005473,0.00208802655513704,0.00219301619012392,0.00217218882573067
"2019-05-29",2.87437077942726e-05,3.51549743088919e-05,3.31688072448592e-05,3.71243766717352e-05,3.73508233632241e-05
"2019-05-30",0.00131626082595001,0.00132088068433359,0.00129665388579447,0.00131382638592329,0.00128887368595224
"2019-05-31",0.00261036715965143,0.00251799943841428,0.00252002501835664,0.0025495206889114,0.00255789561220813
"2019-06-03",0.049205558138672,0.0491410226656719,0.0493495230618082,0.0492251251013786,0.0487702215304023
"2019-06-04",2.11565470207437e-05,2.70904256308206e-05,2.64374696242037e-05,3.23351666363045e-05,2.69208030058961e-05
"2019-06-05",0.000117342556195526,0.000150276202048437,0.000149910996290806,0.000145881498071727,0.000152829736917067
"2019-06-06",0.000264517899607894,0.000267343539784663,0.00026316011020936,0.000260410320481128,0.000247261443471626
"2019-06-07",1.12435769692859e-05,8.99061568326896e-06,6.06730990779944e-06,7.82343878101949e-06,6.20009075461677e-06
"2019-06-10",0.00837442151292133,0.00824220378705758,0.00834451378568228,0.00844353100060344,0.0084188129934296
"2019-06-11",0.00201462631854691,0.00203614436931242,0.00214727668498921,0.00216425054719244,0.00214034942784339
"2019-06-12",0.00470210267565602,0.00477901720167301,0.00473286446671214,0.00478045890541232,0.00499201735726154
"2019-06-13",0.00164985420257256,0.00170944781207089,0.00169485152646825,0.00169853205401275,0.00167508151500137
"2019-06-14",0.00181055612496483,0.00182000679325608,0.0018135805684944,0.00181658209972822,0.00172170711292983
"2019-06-17",0.00356946453448775,0.00360726977672842,0.00355292994174476,0.00355175132208618,0.00346745041353227
"2019-06-18",0.000179562249799068,0.000176516746617281,0.000167234833204971,0.000166597475028463,0.000156837546990804
"2019-06-19",0.000583990558657136,0.00055077280552521,0.000555393120857165,0.000554523412035211,0.000534488491583734
"2019-06-20",0.00196966037016421,0.00208844384117324,0.00206669757326407,0.00206743504108188,0.00205819083485311
"2019-06-21",0.00266833335236089,0.00273729162181377,0.00271687054576689,0.00271738842744691,0.0026680290317753
"2019-06-24",0.00276130270906618,0.00287307695762973,0.00287229479275704,0.00287485302083116,0.00294803023317309
"2019-06-25",0.000873203781989769,0.000872233342830813,0.000897013171722832,0.000886871779887021,0.000941920130589508
"2019-06-26",0.00437739021172045,0.00437051962665401,0.00431284850636772,0.00430199769724809,0.00446198506597977
"2019-06-27",0.00360289533430838,0.00351488198217212,0.00359838630466037,0.00359255371998323,0.00354792624057114
"2019-06-28",0.0016970476581752,0.00164394505525133,0.00167831190311887,0.00165829635756159,0.00160520477357124
"2019-07-01",1.72504082754372e-05,1.97586104746088e-05,2.08493931116581e-05,1.98821477955552e-05,1.63394537956941e-05
"2019-07-02",0.00206740053396165,0.00208698291950551,0.00212736391204044,0.00212297867720087,0.00207496449056357
"2019-07-03",0.0061056401342348,0.00618243607620933,0.00623073820147079,0.00623129615694479,0.00647578035718974
"2019-07-05",0.000711016465088946,0.000725161156622811,0.000693473398364606,0.000692564498887036,0.000868926099699265
"2019-07-08",9.65607199291903e-05,0.000105023608835543,0.000104868383508841,0.000104750028253018,0.000109345211594147
"2019-07-09",0.00143171837314643,0.00145984082559078,0.00141930993187022,0.00142047649391269,0.00146731573817876
"2019-07-10",0.000337114088376395,0.000351955344284904,0.000380086921039167,0.000379542725018348,0.000391220623696497
"2019-07-11",1.73747239272177e-06,2.71067637272254e-06,2.6813983053862e-06,2.67374109051083e-06,7.84736469107652e-06
"2019-07-12",0.00109974978866977,0.00108901345465849,0.00109975984037996,0.00109948270351861,0.00107502916681344
"2019-07-15",0.00175013321250393,0.00178361653446908,0.00181450864379002,0.00181451112880068,0.00177922819716277
"2019-07-16",0.000588810037648311,0.000625378184879324,0.000621335467966016,0.000621151880535884,0.000673177442917975
"2019-07-17",0.00101884081631756,0.0010155249987007,0.00100387393929573,0.00100295093111556,0.000993829794258853
"2019-07-18",0.000626507969439432,0.000622126214965182,0.000668941419507187,0.000669196904639546,0.00067347885681495
"2019-07-19",4.7781505299377e-05,4.45773324153642e-05,3.93983261264019e-05,3.9473042453731e-05,3.87069960856024e-05
"2019-07-22",0.000206875320962582,0.000206212439221575,0.000215592403242589,0.00021492591666722,0.00021209692161851
"2019-07-23",5.09388829041347e-05,4.56483125046231e-05,4.08448230899985e-05,4.10928674576731e-05,3.30065078618887e-05
"2019-07-24",0.000378497199396876,0.000337618902988781,0.000332722132932606,0.000332986945188853,0.000310962985398369
"2019-07-25",6.34463059321127e-05,0.000106014183161583,0.000116839964273938,0.000117665155871825,0.000119795627305489
"2019-07-26",1.27436785370064e-05,2.15752148250078e-05,2.18095946875071e-05,2.3459869603833e-05,1.97084760176223e-05
"2019-07-29",0.000210845398084417,0.000215232293387462,0.000232057910472006,0.000232529477343091,0.000260772256865403
"2019-07-30",2.16801442417319e-05,1.98007914796311e-05,2.02506154047989e-05,2.05601526414294e-05,2.06757485817576e-05
"2019-07-31",0.03125766622738,0.0310586021062224,0.0310697961147942,0.0310881297517039,0.0308007017714383
"2019-08-01",0.0355967254118196,0.0355215827104,0.0355324088867783,0.035538631732916,0.0351287115993359
"2019-08-02",0.0245800038922275,0.0242583461363375,0.0242442598910855,0.0242429439403602,0.0242985294013989
"2019-08-05",0.024765694467266,0.0244983134224927,0.0244966052192537,0.0244302746805834,0.0245112214091459
"2019-08-06",0.0108715528534279,0.0107889945969109,0.0107976312030265,0.0107850545483692,0.0107306426778054
"2019-08-07",0.00681472149572197,0.00698626953933545,0.00701849758140924,0.0070063244291808,0.00717536881290893
"2019-08-08",0.0049648912911931,0.00470222872556056,0.00469853755987481,0.00469909442958959,0.00463211139700296
"2019-08-09",0.00267211602740756,0.00254984217863485,0.00257996383034108,0.00258001238769765,0.00256574863178302
"2019-08-12",0.00262387922717384,0.00236421207768599,0.00237273986347877,0.00235727368421909,0.00231598870005498
"2019-08-13",0.00609416324624697,0.00634621206669154,0.00635833345955962,0.00631154355703291,0.00635747735852227
"2019-08-14",0.00143921480765724,0.00152155720452342,0.0015203288007593,0.00154288414271779,0.00156024684035789
"2019-08-15",0.0042340612588323,0.00431330765800344,0.00430343547420719,0.00430387566332705,0.00431193047355697
"2019-08-16",0.0017760813250011,0.00169888432432237,0.0014058733415845,0.00143156290193644,0.00137729445014798
"2019-08-19",0.00553097600373226,0.00559029292417582,0.00534322537907125,0.00532383293163429,0.00523996366637523
"2019-08-20",0.00863406375143814,0.00828882201233233,0.00819881147964926,0.00819854075775769,0.00804074566864829
"2019-08-21",0.01833020215792,0.0180235865233887,0.0179985816840376,0.0178358025432963,0.0177204070848193
"2019-08-22",0.00945457418648795,0.00911345037978131,0.00918516979836629,0.0091484066268974,0.00920048121588708
"2019-08-23",0.0188855092186567,0.0188104381895597,0.0188562200984276,0.0188947038245977,0.0188540151579074
"2019-08-26",0.000183507617249588,0.000163432091297818,0.00017139355077132,0.000176112315551102,0.000185316685135496
"2019-08-27",5.44630334992025e-07,8.07329284816966e-07,9.6555919407381e-08,2.5362619695162e-07,6.41500049330959e-07
"2019-08-28",2.97683007145992e-06,1.05490529336193e-06,4.82848312079155e-07,4.99147569308934e-07,1.16124040156136e-07
"2019-08-29",0.00156608373816271,0.00159114730265258,0.00159332578198806,0.00158378045039198,0.00165704126567688
"2019-08-30",0.00864773459894247,0.00837975489212331,0.00837928923527464,0.00834727323201974,0.00849517433713184
"2019-09-03",0.00122752332585683,0.00113158037661888,0.00111701843033401,0.00111710090224228,0.00114363825472008
"2019-09-04",0.00855233050583328,0.00851424471362986,0.00851105601945951,0.00847988434411401,0.00855721080905716
"2019-09-05",0.00571803512771997,0.00568915809841325,0.00566853356801298,0.00567717122459362,0.00560753467745407
"2019-09-06",0.00180656611708951,0.00177032235748522,0.00176052333700029,0.00175359820041735,0.00172933981149684
"2019-09-09",0.00208624693055997,0.00209833924255083,0.00208257272736939,0.0020879137516414,0.00207576258381218
"2019-09-10",0.000850006067692828,0.000885383223952046,0.000882369278521156,0.000888798322029137,0.0008749655699364
"2019-09-11",0.000251995752425534,0.000264315612462528,0.000261673586730111,0.000250483095717555,0.000251295117022164
"2019-09-12",0.0042750240383908,0.00437132672362292,0.00437295371228975,0.00440776402047969,0.00437970343533499
"2019-09-13",0.00211487711785545,0.0021378336687183,0.00214354922436074,0.00206300134546193,0.00206739990915107
"2019-09-16",2.04611000514931e-05,2.4913565338555e-05,2.8279089323303e-05,2.77848023208399e-05,2.42311771096307e-05
"2019-09-17",0.00349040517915614,0.00352210205856412,0.00351011724226665,0.00342422649854252,0.00338451637944235
"2019-09-18",3.17958781994666e-05,2.28117701319895e-05,2.01086957912803e-05,2.33950249134457e-05,2.0905650530331e-05
"2019-09-19",0.00335483502540422,0.00334248883601651,0.00334821703032943,0.00329037133137486,0.0032826540120923
"2019-09-20",6.92424833388633e-06,4.82707256613907e-06,3.83825471719724e-06,8.1582897512204e-07,3.3034934347105e-06
"2019-09-23",0.00109343404659431,0.00111780724764067,0.0011313160911396,0.0010715625660237,0.00105580532098188
"2019-09-24",0.00738810500930661,0.00735034990058029,0.00730904193039973,0.00740028315882761,0.00743780081651081
"2019-09-25",1.8765013518184e-06,8.6947642180786e-07,9.05885139486028e-07,1.839942313359e-06,1.66600745996546e-06
"2019-09-26",1.17092085494932e-05,1.35299645101334e-05,1.47313970161905e-05,1.88849991322504e-05,1.67755739911436e-05
"2019-09-27",0.000560573261707734,0.000596380596717169,0.00059488471073155,0.000608559056045502,0.000625994876961555
"2019-09-30",0.000596597507344148,0.000559942783000222,0.000564198471446898,0.000545541141301395,0.000526269854001819
"2019-10-01",4.52829117916503e-07,1.92097815618385e-07,1.44683985349162e-07,8.27792431194138e-07,2.16673303949674e-06
"2019-10-02",0.000249527827461363,0.000249994472353443,0.000249699158359596,0.00024484796642206,0.000228980313618402
"2019-10-03",0.00722493545005832,0.00704406120046196,0.00704023951214636,0.00706661919428831,0.00707231277019587
"2019-10-04",0.00135641923902929,0.00134474019358476,0.00134580762134681,0.00134961148235425,0.00128283516296599
"2019-10-07",4.15076933868284e-05,5.4109254882923e-05,5.17515801045437e-05,5.57885184022695e-05,5.55143638191058e-05
"2019-10-08",0.00148432696011018,0.00150428609809909,0.00150702876144624,0.00151920809708719,0.00157397880850449
"2019-10-09",0.00264099677428806,0.00245507955094196,0.00245547051360063,0.0024476725001101,0.00242726253433583
"2019-10-10",0.00394045554552014,0.00381167744204679,0.00380199339734411,0.00377108603995976,0.00369063606239925
"2019-10-11",0.000201748105830048,0.000213276207289686,0.000210990231908757,0.000215421390425525,0.000191957648329008
"2019-10-14",0.00324699963939056,0.0032778479021306,0.00327663570093404,0.00329450436760012,0.0031624115787862
"2019-10-15",0.00771323535564759,0.00757529998691523,0.00757260166670566,0.00756903491746148,0.00763551193754881
"2019-10-16",0.00374175465669375,0.00366644653029084,0.00366961496561371,0.00368986143901126,0.00367394269521209
"2019-10-17",0.00322730222498894,0.003215541751915,0.00321569641142554,0.0031743243176551,0.00311716022073509
"2019-10-18",0.00407303960198049,0.00399208869204496,0.00399073500252656,0.00398987883266979,0.00395657108784668
"2019-10-21",0.00313793271395966,0.00315371172212734,0.00315525023210225,0.00319121296116885,0.00321302779557926
"2019-10-22",0.000717995170207994,0.000731912660277291,0.000734717383908674,0.000734212937340488,0.00068866132917852
"2019-10-23",0.000407374011104159,0.000401094954435135,0.000404540969664359,0.000412683784752885,0.000424783044183968
"2019-10-24",0.000394004401877495,0.000322992346696113,0.00032344588537712,0.00033134849680238,0.000307633645208504
"2019-10-25",0.0014972947563201,0.00138674206686034,0.00138266023319554,0.00131584492625937,0.00136663099487546
"2019-10-28",0.000816207647203767,0.000825577292677559,0.00083254010199764,0.000803837497156116,0.000955057469647216
"2019-10-29",0.00206961049556501,0.00207712023464081,0.002090949346619,0.0020748728708767,0.00197967426109158
"2019-10-30",0.000393299074483474,0.000358720364287072,0.00036425941533185,0.000382157511773804,0.000337877200756186
"2019-10-31",0.00707014574716379,0.00702305847360099,0.0070047710217163,0.0069909255591148,0.00690864591286384
"2019-11-01",3.25766728699096e-05,2.20145799528855e-05,2.09560953006594e-05,2.32619395024817e-05,2.58950915460353e-05
"2019-11-04",0.000106902790812745,9.6242359560555e-05,9.8540057768606e-05,9.71639583719043e-05,9.76493162207219e-05
"2019-11-05",0.00240732190638176,0.00252541549816776,0.00248302992316125,0.00251614090673271,0.00252899760456892
"2019-11-06",0.00186689595256673,0.00192111286196422,0.0018650905690229,0.00190644981725397,0.00190996100230158
"2019-11-07",0.00495653482374837,0.00505386767310215,0.00505361166759127,0.00518221045759805,0.00493774622159888
"2019-11-08",0.003389758933911,0.00341067181062121,0.00341126649104279,0.0034725519769134,0.00341081077996247
"2019-11-11",0.00203728026445286,0.00198768417906986,0.00199334551165282,0.00202806140130047,0.00198504710778931
"2019-11-12",0.000284270962983009,0.000238076510218553,0.000228068119259276,0.000224948469666322,0.000243441633240498
"2019-11-13",1.99218054427402e-06,2.11045483753331e-06,1.91578914930597e-06,1.99533234944141e-06,6.81170568553052e-07
"2019-11-14",0.000207582771032921,0.000205704888922779,0.000207912321260406,0.000212651653153412,0.000235428509405746
"2019-11-15",0.000447245700014226,0.000483478123042149,0.000484965404977689,0.000477110542115837,0.000467799022549458
"2019-11-18",1.76496254062482e-05,2.01156470365597e-05,2.12153043807404e-05,2.27202845477465e-05,5.83010959617659e-05
"2019-11-19",3.45232093594483e-05,4.01188817125499e-05,3.97236283586562e-05,4.21968503246299e-05,5.51086317306627e-05
"2019-11-20",0.00152332024515413,0.00153453345697213,0.00153923893431624,0.00154022630714452,0.00156655041650093
"2019-11-21",3.75312791425548e-05,4.79632874539209e-05,4.81572598506161e-05,5.41676630091629e-05,5.96694111037687e-05
"2019-11-22",2.40944873658153e-05,2.44386160456174e-05,2.6002138632709e-05,2.7210246431695e-05,3.42896189672915e-05
"2019-11-25",0.00200750267463638,0.00202876892328212,0.00204648608041365,0.00202750502797504,0.00204717678916809
"2019-11-26",0.000190993677271373,0.000210941395169272,0.000208548931944876,0.000218861778884697,0.000295504707776596
"2019-11-27",0.00394280133064948,0.00383675542828415,0.00384289621339099,0.00391537316785268,0.00382008855703991
"2019-11-29",0.00368850706938877,0.00362375788812582,0.00359822581112761,0.00359093930323247,0.00344494979078969
"2019-12-02",0.0011210934770517,0.00112782937512232,0.00112730845732484,0.00109703116110109,0.00110763324727684
"2019-12-03",0.00467480824853402,0.00475530212504393,0.00479480343377627,0.00477234089649049,0.00478069939096053
"2019-12-04",7.53299105495161e-05,8.30578443103557e-05,8.1428077624898e-05,8.68237070805722e-05,7.65533099775145e-05
"2019-12-05",0.000186127882262126,0.000176096981387839,0.000176566608746603,0.000180610893631129,0.000171752010756957
"2019-12-06",0.00016315764335117,0.000141625359803212,0.000141695344656525,0.000146336985712268,0.000129378852332602
"2019-12-09",6.98956137881204e-07,8.964720176676e-08,3.60134611024182e-09,5.7905059763511e-08,7.03554633859576e-07
"2019-12-10",0.000175110083029894,0.000155419361263376,0.000165155191667416,0.000165661376364417,0.000173448661721881
"2019-12-11",0.00046690039624764,0.000432922382052847,0.000427927635005963,0.00044131608061726,0.000417633859360546
"2019-12-12",0.00620942197892775,0.00620476296434097,0.00624226114715545,0.0062634794774591,0.00620421874466564
"2019-12-13",0.00227853736219591,0.00240443722426007,0.0024020301171207,0.00241387504942714,0.00241298066809147
"2019-12-16",0.00128138525927499,0.00139743762124643,0.00139734606718132,0.00141487699558003,0.00140081885463915
"2019-12-17",0.000252038828206447,0.000287067612683515,0.000302408611078523,0.000306336618520837,0.000286107069930899
"2019-12-18",0.0014557268102649,0.00149787980219475,0.00149272322354028,0.00152410717149248,0.00155239415154525
"2019-12-19",0.00628364854199513,0.0062136146144877,0.00626392585859788,0.00626008980336776,0.00636617240812604
"2019-12-20",0.00332985019314038,0.00327093506000178,0.00327899941893448,0.00332026845876858,0.00331152160916055
"2019-12-23",0.00177293250442037,0.00186847394934318,0.00185092835513702,0.00179183772580734,0.00185985881125428
"2019-12-24",0.00403968581516869,0.0041459446312005,0.00413969608331156,0.0040959494054313,0.00420951998806317
"2019-12-26",0.00144786058133134,0.00142579984698156,0.00141256345145963,0.00140816076844937,0.00141222760452928
"2019-12-27",0.00112530256188592,0.00111598084316971,0.00111409506195869,0.00106516068028654,0.00106462542532918
"2019-12-30",0.00395888206736027,0.00398594799671689,0.0040765621797828,0.00417932595673457,0.00419567555678836
"2019-12-31",0.000262521764625112,0.000237906861038755,0.000227755709918471,0.000245491423391181,0.000231242474577977
"2020-01-02",0.00163042844306791,0.00155343199497719,0.00152752696044668,0.00150286527201268,0.00150113669959196
"2020-01-03",0.00385906030459829,0.00372973733379043,0.00368274833247566,0.00367968311066118,0.00368872784769664
"2020-01-06",0.000486815544317257,0.000365964555608611,0.000346507179244412,0.000310824762143308,0.000321001323487362
"2020-01-07",2.1029276491554e-06,7.8461026617387e-06,1.11252305652233e-05,2.91655736870293e-05,2.66800525396912e-05
"2020-01-08",0.000469466392539946,0.000491213786724338,0.000469151631806334,0.00045036307998546,0.000463864561018586
"2020-01-09",0.000663506929918679,0.000672130048394147,0.000659410310987897,0.000669118723356307,0.000679781609972342
"2020-01-10",0.000119270465746847,0.000149837628565355,0.000150776999381923,0.000151885149437944,0.000155742712231328
"2020-01-13",0.000830063465856267,0.000869240192709252,0.000888945499586141,0.000915267311006698,0.000910987236461619
"2020-01-14",0.00287184882106059,0.00287872687945193,0.00281415440502939,0.00281974610101139,0.00277948389779394
"2020-01-15",4.88381427339922e-05,4.9852751512021e-05,5.35585228524744e-05,5.9931163267561e-05,5.92826341841616e-05
"2020-01-16",0.000985008061079223,0.00099105200869504,0.00107491346483473,0.00110846204638624,0.00112316426592511
"2020-01-17",0.00195696228744202,0.00209306329397139,0.0021555984361679,0.00214012830929004,0.00212797265711504
"2020-01-21",0.000237038076587973,0.000260719325608961,0.000244686768986199,0.000239134350714025,0.000236112972176173
"2020-01-22",0.00249065038551756,0.00262827103785093,0.00260022490244499,0.00254886011965521,0.00253604417648115
"2020-01-23",0.000299781288697521,0.000313466183770054,0.000337322058134636,0.000338558155552563,0.000326693026084139
"2020-01-24",0.00101478580720337,0.00101857468821875,0.00102122699476304,0.000983103433800423,0.000999525745306058
"2020-01-27",0.0189666972069351,0.0189717516751037,0.0191279586734033,0.0191620478493526,0.0190996796139
"2020-01-28",4.57896741939656e-05,3.4066602771153e-05,4.26711636221696e-05,4.66039792807776e-05,3.12119781096284e-05
"2020-01-29",0.010758992875529,0.0107365846992192,0.0106425283386079,0.0107683174616435,0.010513393870368
"2020-01-30",0.00221550588388639,0.0022227141533814,0.00230334740102819,0.00237324682270972,0.00237638578801133
"2020-01-31",0.00852500783202806,0.00850653690752104,0.0087112806062566,0.00915313581905394,0.0090837320269188
"2020-02-03",0.00203344149966467,0.00195248948037895,0.00196106114520053,0.0020730982112688,0.00208931440070085
"2020-02-04",7.96622161777644e-05,9.14050419850338e-05,8.66526519816521e-05,8.76243758350134e-05,9.50410067321996e-05
"2020-02-05",5.75683127906898e-05,7.36921774382664e-05,7.94550467163792e-05,8.7885330999759e-05,9.75912416119666e-05
"2020-02-06",0.00158771162838548,0.00146719631839841,0.00145947375905403,0.00146341829963554,0.00146866203204375
"2020-02-07",0.00186295322476449,0.0017107981903674,0.00171486371177578,0.00174930099349342,0.00166386958167036
"2020-02-10",0.00346191151248501,0.00342872742732443,0.0034174865198849,0.00344755522230888,0.00326938028500432
"2020-02-11",0.00130714022655187,0.00131412104964534,0.0013097947478589,0.00132572575976651,0.00127387168827771
"2020-02-13",0.00057040712173713,0.00058784089251582,0.00048354291989177,0.00048695859903857,0.000661553205393245
"2020-02-14",0.00288126814053069,0.0028678306679389,0.00273885342693154,0.00273061389583035,0.00271983070960449
"2020-02-18",2.26539124486852e-05,2.04247211633376e-05,2.89561250189913e-05,2.76543661071446e-05,2.72164895382804e-05
"2020-02-19",0.00328234790081557,0.00327364873255795,0.00319414272945834,0.00320639672866093,0.00319011116575904
"2020-02-20",0.00120375493913497,0.00120504171518871,0.00122587078040557,0.00120754219977025,0.00123766236053172
"2020-02-21",0.00239380046868069,0.00239641751330335,0.00242769330836353,0.00242978621800237,0.00249032703720521
"2020-02-24",0.165422970367488,0.165354713350685,0.165578915642432,0.16561611077991,0.165292889081759
"2020-02-25",0.0656932321538354,0.0656899527105809,0.0659958830173674,0.0659252573891294,0.0663883708884134
"2020-02-26",0.0539722021387321,0.0541236703060197,0.0542784433490883,0.0542444522899777,0.0542575747504511
"2020-02-27",0.15431854499108,0.154454966163895,0.154868606057051,0.154920371588541,0.15535837619052
"2020-02-28",0.583760844371446,0.583896704601938,0.584496349348994,0.584544212932488,0.58601843469287
"2020-03-02",0.0691645075681914,0.0691720871880227,0.0692121900293754,0.0691919717402523,0.0700114287488166
"2020-03-03",0.220410853745554,0.221579082992106,0.221749550547455,0.222083109740397,0.222194358674216
"2020-03-04",0.00392539919659069,0.00411374230110902,0.00412083352421796,0.00417964255811838,0.00416745358626341
"2020-03-05",0.000234381191439716,0.00030202787507539,0.000299338956418955,0.000313279338305229,0.000273701480369349
"2020-03-06",0.00163585327771145,0.00134075719153768,0.00135545603178159,0.00129252180840384,0.00129182975864935
"2020-03-09",0.0731887757163759,0.0743206117132119,0.0742351427209372,0.0744650573271592,0.0745446013389665
"2020-03-10",0.00774973239119755,0.00816637515351053,0.00801132777132567,0.00807810690974073,0.00806348824345273
"2020-03-11",0.0203215787958381,0.0205808544083055,0.0203282893753664,0.0203278303325597,0.0204024456317908
"2020-03-12",0.429046428186836,0.430283655960757,0.429853627608683,0.430183202170593,0.428722095839447
"2020-03-13",0.226359307101448,0.227734015565414,0.227370526183101,0.227627158571672,0.225880600007557
"2020-03-16",0.200171105173953,0.201530063615348,0.200424339328425,0.200671887075878,0.198848085589581
"2020-03-17",0.169972920895947,0.171163464418424,0.170499490777261,0.170607003340801,0.169533847279502
"2020-03-18",0.194387884960772,0.195403130418303,0.194853362225639,0.195333574375141,0.19167191375951
"2020-03-19",0.0227469074382719,0.0234364796738434,0.0229551633415488,0.023077717172267,0.020934514346189
"2020-03-20",0.0168941202715269,0.0177938281172353,0.0172206149946299,0.0174054729478019,0.016585338751858
"2020-03-23",0.110865316700727,0.113627458257689,0.111799484128235,0.112471231716238,0.109254041552992
"2020-03-24",0.020308565409967,0.0192858792808892,0.020266799627644,0.0200062825611283,0.0235165525143854
"2020-03-25",0.00603881466954775,0.00546651192859945,0.00606192586326907,0.00584230431776996,0.00673782282152408
"2020-03-26",0.00389077785791177,0.003532821455072,0.00384323009364828,0.00367454920024464,0.00418904907975388
"2020-03-27",0.0462578237227763,0.0449771671177353,0.045741291320855,0.0452096972620739,0.0464829799763216
"2020-03-30",0.142114611111619,0.13956101026983,0.141112560796357,0.14035137211851,0.144715913940776
"2020-03-31",0.034468289841376,0.0340150415646786,0.0344684615513496,0.0343149355655125,0.0360190535961994
"2020-04-01",0.059133378299349,0.0578667424138945,0.0585274720474466,0.058142040218873,0.0619821360359376
"2020-04-02",0.0273666385607013,0.0266263889697083,0.0269177519048907,0.0267389552546115,0.0279908725155303
"2020-04-03",0.0371320626336067,0.0365205237719427,0.036737757394831,0.0366391053300854,0.0377849514479537
"2020-04-06",0.0296086446906106,0.0291092961548921,0.0291244302840972,0.0289614027062508,0.0296813036586389
"2020-04-07",0.00226936705699426,0.0021667754464423,0.00219012588820383,0.00216261386060258,0.00211599138643612
"2020-04-08",0.0142631658870577,0.0138973775481232,0.0139989682290742,0.0138729770820747,0.0143622159602376
"2020-04-09",0.0127803557143316,0.0125141234695771,0.0126149046807657,0.0125484372658637,0.0132143954261215
"2020-04-13",0.0152741985158994,0.0150854797566264,0.0150642102617816,0.0150034400231831,0.0158233261636988
"2020-04-14",0.00705390726661315,0.0069487883956059,0.00694519535460779,0.0068417486589672,0.00725457608796475
"2020-04-15",0.0204034482740342,0.0203108037625598,0.0202723463856511,0.0201724579071348,0.0214291913833298
"2020-04-16",0.00666781666138341,0.00662961751050123,0.00665486821319565,0.00662168102268306,0.00694977587378656
"2020-04-17",0.00628703394514761,0.00621197860168981,0.00614821133578852,0.00610291737847085,0.00622519862648412
"2020-04-20",0.00554094164453056,0.00548914690635684,0.00530565191843035,0.00510338758297585,0.00514420960781605
"2020-04-21",0.000601402503307865,0.000604914325328022,0.00063820859971159,0.000639534808889819,0.000617079091194451
"2020-04-22",0.00560456354699934,0.00560351904937709,0.00555092059125506,0.00542572221885441,0.00573772574433362
"2020-04-23",0.000782326391485601,0.000772484103127617,0.000758716697305332,0.000742199323853855,0.000742514550605852
"2020-04-24",0.00894166987955203,0.00888383231307426,0.00887893132710533,0.00886447337934128,0.00896822785141744
"2020-04-27",0.00560382032076787,0.0055911755112063,0.00561447878651634,0.00558929856199779,0.00559390537710037
"2020-04-28",0.00490044023468304,0.0049374254678478,0.00490323188051292,0.00483208702331516,0.00473961875235852
"2020-04-29",0.00272214888360179,0.0027267390278456,0.00275142843065999,0.00274595394778135,0.00264830361559364
"2020-04-30",0.00106752973466021,0.00106917098519282,0.00103868611602528,0.0010216678791607,0.00102158071847027
"2020-05-01",0.0136938894394857,0.0136843964051366,0.0137340535213632,0.0138980851337584,0.0139681452430462
"2020-05-04",4.31239262294234e-06,4.71551684528522e-06,2.53348448839742e-06,2.03512050973741e-06,6.53057285082882e-06
"2020-05-05",0.00281923367510499,0.00280877550880431,0.00280731220971709,0.00280983549294941,0.00299968171706472
"2020-05-06",0.00135695830534586,0.0013597372876295,0.00136899828369404,0.00135130493211619,0.00152445410790531
"2020-05-07",0.00643246254449645,0.00640681045964847,0.00646098790683912,0.00644641843269745,0.00672609641843012
"2020-05-08",0.0217139978675788,0.0216820873020475,0.0221037432170112,0.0223061272461305,0.0221007960682485
"2020-05-11",0.0142004676206856,0.0141871580848335,0.0140824878933827,0.0141115485561152,0.0144781392766136
"2020-05-12",0.000766114091391851,0.000765860822613984,0.000761013580912643,0.000759347087975009,0.000788554433489476
"2020-05-13",0.00975998907098358,0.00975582629111779,0.00980170282838302,0.00983345626687992,0.0097653306942641
"2020-05-14",0.00531421480161512,0.00532538990598997,0.00533102887418405,0.00534351742063783,0.00528068582023485
"2020-05-15",0.00300711789572156,0.00301267342461047,0.0030148737854527,0.00301269102848538,0.00300635851081814
"2020-05-18",6.79605718249282e-06,7.05069030621477e-06,7.90408881020261e-06,7.22981944307111e-06,6.73774895540381e-06
"2020-05-19",0.000859250763602986,0.00086303569537659,0.000859766811352294,0.000860434204652956,0.00082098830222424
"2020-05-20",0.0103143848033662,0.0102687990700452,0.0102562992046402,0.0102736532401777,0.0101371105446615
"2020-05-21",0.00693578086371704,0.00682043186593492,0.00681425594018316,0.00666184209545422,0.00682883775980458
"2020-05-22",0.011638412339093,0.0115158132533061,0.011499268346696,0.0113908998102197,0.0115372102740866
"2020-05-26",0.00228659487560337,0.00225843510438952,0.00226966469679612,0.00225683591530996,0.0023191978809475
"2020-05-28",0.00011360432572477,0.000112395792494837,0.000136771426094916,0.000136652168786733,0.000142811068598023
"2020-05-29",0.000460267761273178,0.000456782236244737,0.000438102819122086,0.000435355187900863,0.00039045066675263
"2020-06-01",0.00260723434302345,0.00264671802669648,0.0026630385779314,0.0026651389518691,0.00267287510105093
"2020-06-02",0.00352288538383314,0.00353624264506964,0.00354794771953535,0.00356673544399719,0.00354106133078043
"2020-06-03",0.00691759497049813,0.00680893089762389,0.00682402031308973,0.00670397150349003,0.00671904060692194
"2020-06-04",0.00457991569067656,0.00446971710726314,0.0045060028638487,0.00439234991285122,0.00440157956899528
"2020-06-05",0.00475639786080809,0.00462028953889843,0.00464538696962723,0.00461818270100333,0.00462831029889716
"2020-06-08",0.0032511575738618,0.00322811919998091,0.00326341305364444,0.00325194236463409,0.00329582153614776
"2020-06-09",7.02149552486002e-06,6.75596758376558e-06,7.92652864609645e-06,7.67606535925962e-06,8.27367334857343e-06
"2020-06-10",0.00348268368971028,0.0034911766826353,0.00346824721359429,0.00348806314006895,0.00334833949667261
"2020-06-11",0.0206528463495435,0.0207832918345253,0.0207130156393566,0.0207735302845433,0.0203185001502714
"2020-06-12",0.0260614340188501,0.0263061938733653,0.0262224534682514,0.0262981858194061,0.025665614214697
"2020-06-15",0.0143395389626394,0.0143675074746005,0.0143282368461115,0.0143682845022554,0.0139899343285392
"2020-06-16",0.0162029573148092,0.0162541920377102,0.0162369231052432,0.0162412943314679,0.0159094351898244
"2020-06-17",0.000642265576956063,0.000626923814299815,0.000624411575302748,0.00061143405091874,0.000679966755251208
"2020-06-18",0.00689080387062303,0.00679580804320713,0.00674647384855282,0.00671176094085098,0.00696924506821579
"2020-06-19",0.000279141396212744,0.000258463619792805,0.000244426134083343,0.000232502651332139,0.000261896806186004
"2020-06-22",0.0104967116637947,0.0104127547200662,0.0104008118257851,0.01030512609572,0.0104932922303307
"2020-06-23",0.0104373662047592,0.0102354608644735,0.0102292855073278,0.0101442246000291,0.0102557743455737
"2020-06-24",0.00173512915658618,0.00172207544560506,0.00171145668351621,0.00178872492490991,0.00177239899782155
"2020-06-25",0.000333673321948666,0.000350847195329904,0.000341772016531986,0.000344126843945196,0.00032912658599341
"2020-06-26",0.000830785108262871,0.000842383452251263,0.000843701438678447,0.000837452529092871,0.000861847252053295
"2020-06-29",6.02576068079309e-05,6.2593815903409e-05,6.14161463640421e-05,6.26206171244159e-05,6.42527441720229e-05
"2020-06-30",0.000895757032296983,0.000918976818276675,0.000941385255087117,0.000949455967668437,0.000928070249249371
"2020-07-01",0.00638265553180521,0.00644176142695417,0.00641242533377919,0.00643230034176682,0.00632123794589839
"2020-07-02",0.00481957319499582,0.0047847521324172,0.00475054645176981,0.00473561949222796,0.00476125966915284
"2020-07-06",0.012324705799129,0.0123115519184656,0.0122478294425279,0.012241835393893,0.0121665143118332
"2020-07-07",0.00511108965922648,0.00510990205118373,0.00512517938005165,0.00512764359222988,0.00521172389961044
"2020-07-08",0.00205436270678583,0.00207266420568601,0.00207485290185565,0.00207408584007506,0.00212378375094868
"2020-07-09",0.00084768036879083,0.000862222991460716,0.000975570560949991,0.000975897814600384,0.000969447167403738
"2020-07-10",0.000562785288930275,0.000566934190484729,0.000518686597252223,0.000519605799456279,0.000503946810229574
"2020-07-13",0.0096214406919616,0.00962510911650123,0.00964138407490288,0.00964005731874644,0.00962736847277581
"2020-07-14",0.0243262254024564,0.024260667596957,0.0243484091715557,0.0243151042355293,0.0245245397279577
"2020-07-15",0.0109908881481001,0.0109455807502014,0.0109490724672342,0.010979217729369,0.0110262201395048
"2020-07-16",6.48783365286603e-05,6.04105089357058e-05,5.9079070209198e-05,5.92657838633162e-05,6.39573775253098e-05
"2020-07-17",0.00146002271633549,0.00145292072066524,0.00150370637894051,0.0015019926656388,0.00153445918333713
"2020-07-20",0.0068672966992653,0.00690390430023767,0.00689950134796803,0.00690522947503526,0.00684806300469963
"2020-07-21",0.0047159733333974,0.00482694179584119,0.00473425868652602,0.00473238678676082,0.00468323419794952
"2020-07-22",0.0086175073616677,0.00865327972852314,0.00863215874554839,0.0086253836690488,0.00858879755002265
"2020-07-23",0.0054813762415714,0.00542716341699102,0.00541932062657952,0.0054198578346139,0.00547200543634366
"2020-07-24",0.0158491358149933,0.0158196506901108,0.015774405280665,0.0157724594355506,0.0158490236655493
"2020-07-27",0.000123992468741822,0.00012280667596154,0.000122624769905123,0.000122466705782932,0.000128011597046282
"2020-07-28",5.11363712737592e-05,5.05035183796804e-05,5.69622406696087e-05,5.65919869436414e-05,5.85883818121959e-05
"2020-07-29",0.00035625068912314,0.00038060568118949,0.000396289003416937,0.000393587151895651,0.000390718404831185
"2020-07-30",0.00122932381952722,0.00130097620984776,0.00128472440595946,0.00128384403019096,0.00122218749997583
"2020-07-31",0.000707806638402039,0.00074287344665214,0.0007386438396465,0.000729252623663733,0.000790609557204937
"2020-08-03",0.00290939489697755,0.00295073470675589,0.002871050908763,0.0028685215766069,0.00288303514868915
"2020-08-04",0.000112575076167142,0.000118824717804256,0.000123702943186811,0.000121958441499593,0.000119002580867767
"2020-08-05",0.00205699095012573,0.00205449712730557,0.00198810799218009,0.00196366980564081,0.00204816823443038
"2020-08-06",0.000910703144346843,0.000914625001247954,0.000923309653457086,0.000918924273677412,0.000908502491453004
"2020-08-07",0.00129601973746601,0.00133591240356277,0.00130304855368512,0.00129948577884733,0.00123178429720962
"2020-08-10",4.50189536297657e-05,6.42839470807392e-05,6.07476792985539e-05,5.86397451353552e-05,6.30332714210433e-05
"2020-08-11",0.00022607663907114,0.000200315525227798,0.000199801173616126,0.000203443309724795,0.000204266368979986
"2020-08-12",7.67255793115397e-05,7.79229729592643e-05,8.81402097872422e-05,8.80151310814142e-05,9.33835938680506e-05
"2020-08-13",0.000107278139081593,9.38539991013857e-05,8.95177707030471e-05,8.96566371376962e-05,9.03278682252846e-05
"2020-08-14",0.00179599821073263,0.00191654527655636,0.00195736257663022,0.0019578897133973,0.00188294883732047
"2020-08-17",0.00931006599495458,0.00963532130398383,0.00974261444336916,0.00976571614621965,0.00972608733517942
"2020-08-18",0.009667265008674,0.00963042491690539,0.00973817918364822,0.00979102033430366,0.00992808942024834
"2020-08-19",0.00174204954068059,0.00178339807644405,0.00176395546102255,0.00177726523595261,0.00179217844013189
"2020-08-20",0.00827031147184683,0.00844690472911366,0.00843160937988253,0.00846656601914601,0.00843122851942393
"2020-08-21",0.000889638425224219,0.000841505006526267,0.000807769479973506,0.00080863002074871,0.000793212993175785
"2020-08-24",0.0229909887421372,0.0228090102532964,0.0227101934957264,0.0226621181671281,0.0227516462563143
"2020-08-25",0.004421652327556,0.00436623558739888,0.0043143044116766,0.00429132416956614,0.00433960936575895
"2020-08-26",0.000343012679088627,0.000346887388289513,0.000361747773222768,0.000358315995287527,0.000345168559568456
"2020-08-27",0.00227312210867806,0.00225028100184728,0.00221017964141154,0.00219503235705865,0.00218495733332755
"2020-08-28",0.000629606090731369,0.000656371561239655,0.000655850122692735,0.000632010541934039,0.000569299602582297
"2020-08-31",0.00922308190788887,0.00881372857456248,0.00884707019249944,0.00895212892409083,0.00896319334961335
"2020-09-01",0.000155573584843394,0.000181074345203183,0.000198815173488414,0.000209952069710434,0.000208231578926623
"2020-09-02",0.11393556151257,0.114243242769041,0.114722104419491,0.114877160715289,0.115222441111192
"2020-09-03",0.132305323121824,0.132650682103046,0.132913223868671,0.132985566743603,0.132890847418579
"2020-09-04",0.531319753322228,0.532385972711022,0.532999971635676,0.533081518412797,0.533289287865759
"2020-09-08",0.194320263231129,0.192568385852169,0.192760255193666,0.19297545420832,0.194232287481477
"2020-09-09",0.0234645509707526,0.023184305274426,0.0232264241478664,0.0232560307428211,0.0234459504032065
"2020-09-10",0.0171596161624306,0.0166906180563273,0.0169812622813083,0.0172008437918492,0.0177828293691987
"2020-09-11",0.00678440047055642,0.00695427366689415,0.00709469444721811,0.00702460910853923,0.00709642104200066
"2020-09-14",0.0813272879285888,0.0819015453297659,0.0809042853424055,0.0809216785232488,0.0802773410369773
"2020-09-15",0.0711535722655348,0.0725405604738985,0.0712846797099388,0.0712076880833103,0.0709083738564408
"2020-09-16",0.016614797117414,0.0172802353153757,0.0172820033682433,0.0173720899628241,0.0172186363744987
"2020-09-17",0.00526186920102219,0.00538008827565387,0.0053518771032056,0.00534585672544129,0.00523176448143529
"2020-09-18",0.0099173581524611,0.010548533960651,0.0102348841493597,0.0100938442249465,0.00994744868011662
"2020-09-21",0.00650612858435415,0.00631909882024296,0.0062588511978476,0.00627696835913922,0.00630863789273171
"2020-09-22",0.000260616784313412,0.000313614439754175,0.000334185956160435,0.000333708917679208,0.000325196214568788
"2020-09-23",5.96392091976167e-05,4.56075245310502e-05,4.39233601096189e-05,4.03562978395772e-05,3.81099969939705e-05
"2020-09-24",0.00208166375171167,0.00209972747411534,0.0021793691733368,0.00218785561717993,0.00218413225694699
"2020-09-25",0.00242423995680168,0.00238657120996915,0.00235770015361497,0.00233353757792148,0.00233320271598872
"2020-09-28",0.0178811139449711,0.0176750175652535,0.0175144279871624,0.0175628637155298,0.0174934195140871
"2020-09-29",0.0229040599602176,0.0231181598684842,0.0232098406753673,0.023234726451142,0.0230915316756672
"2020-09-30",0.010296599372564,0.0102897612671642,0.0102976444824365,0.0103361827319843,0.0102249579656619
"2020-10-01",0.0278283571898018,0.0279129131160228,0.0278356974298087,0.0278360639383143,0.0280373210246193
"2020-10-02",0.00379137233467483,0.00388623279996793,0.00389839896372513,0.0038959932453486,0.00395099224858024
"2020-10-05",0.0324552000815468,0.0328075643355972,0.0327082042398548,0.0327180006173638,0.0328415818531227
"2020-10-06",0.00152555748536376,0.00149623244867437,0.00147604238532981,0.00147416864732007,0.0014593536983243
"2020-10-07",0.0174781927666466,0.017362930673363,0.0173758741949909,0.0173814474946742,0.0174765889288845
"2020-10-08",0.0206846694309018,0.0202996929736527,0.0203404028362999,0.0203388847180765,0.0204286641544476
"2020-10-09",0.0307031591451526,0.0303507286304142,0.0302704533285868,0.0302571692340503,0.0302768943634626
"2020-10-12",5.01221352358035e-05,4.74102003166389e-05,4.82698061353571e-05,4.77806999298805e-05,4.15711018461611e-05
"2020-10-13",0.0173633991980977,0.0174774815751272,0.0174939643225841,0.0174640054892609,0.0172938773632859
"2020-10-14",0.000386015956278138,0.000389011104185336,0.000376046818540496,0.000373094009115924,0.000369309606892867
"2020-10-15",0.000928548152836651,0.000944553685908583,0.000950034042844468,0.00095362036530293,0.000955993164293413
"2020-10-16",8.24943119885151e-06,3.80702513992747e-06,5.39751430973389e-06,4.51660867966226e-06,3.67025294204752e-06
"2020-10-19",0.000989057247482772,0.000964984959019603,0.00096931039232636,0.000988527300442049,0.00104343461263441
"2020-10-20",0.00116963699707586,0.00145027232603416,0.00142868911561656,0.00136666675145298,0.00130600737491094
"2020-10-21",0.00315299690852593,0.00320700265846795,0.00322797966782733,0.00319186848179338,0.00311050353682099
"2020-10-22",0.000672764357160419,0.000679370079244758,0.000684655747649645,0.000683521011979114,0.00067386241694027
"2020-10-23",0.00191462342876658,0.00188642625038496,0.00193177335427122,0.0019278912751748,0.00194922616777429
"2020-10-26",3.7178865717333e-07,7.48721374726613e-07,3.94851492303046e-07,3.6932952051061e-07,2.82412508827295e-07
"2020-10-27",0.00238604938623865,0.00240479629804575,0.00239764003794525,0.00239742671414272,0.0023688829463359
"2020-10-28",0.00385748609537939,0.00389045769674034,0.00382282487483584,0.00382938770694764,0.00386376016346096
"2020-10-29",0.000378246711338546,0.000355169337203865,0.000341711138639053,0.000338100169347029,0.000347266155577388
"2020-10-30",0.032307828041059,0.0323072868411122,0.032172917018432,0.0318927323053536,0.0319408354926233
"2020-11-02",0.00236872089297682,0.00239344643079897,0.0023324541152117,0.0023207942694062,0.00233114308296388
"2020-11-03",0.000322024310864418,0.000319794321887744,0.000337006854253785,0.000328114124234039,0.000322009483587869
"2020-11-04",0.000435236947002757,0.000459232678332591,0.000459103701015379,0.000459648396260409,0.0004477100166038
"2020-11-05",0.00200164125312304,0.00196032122169852,0.00191421329330827,0.00191837125141253,0.00191912487259538
"2020-11-06",0.00995325706395336,0.00987810189589569,0.00989202606027896,0.0098736403661133,0.00987483060495031
"2020-11-09",0.00331876835888471,0.00334079953320591,0.00334083467566286,0.00334658958195848,0.00335933534612439
"2020-11-10",0.0106722043214791,0.0107006697052809,0.0106568414102173,0.0106955157614499,0.0107014896047111
"2020-11-11",0.00681344066609138,0.0067612815083561,0.00666720684070302,0.00664889122859705,0.00659536144916323
"2020-11-12",0.00300805052714599,0.00299550257272281,0.00299535348851416,0.00297362668050487,0.00293520591929088
"2020-11-13",0.0111233237710759,0.0111312036384348,0.0111137973832924,0.0111536698323193,0.0110494645756882
"2020-11-16",0.0175043552814204,0.0163243198739623,0.016476479836521,0.0167637692794477,0.0168704473777846
"2020-11-17",0.0317120358782618,0.0309707118745132,0.0309995737667379,0.0309150705228946,0.0315665617759732
"2020-11-18",0.0145011983047347,0.0145416198869182,0.014554358917911,0.0148219220099732,0.0148873340083004
"2020-11-19",0.00774915499598193,0.00774916338009952,0.00779044918714727,0.0078243970212532,0.00785332586892516
"2020-11-20",0.00964082197683931,0.00963779485957181,0.00972032033523877,0.00975377686570224,0.00977081834390298
"2020-11-23",0.00208527119734694,0.00208253026942911,0.00210461464215806,0.00214113519842952,0.00218724781854645
"2020-11-24",0.000218755488710422,0.000216769735974996,0.000221489744338384,0.000227804426204671,0.000245519668769084
"2020-11-25",0.0015979453071872,0.00159458022905746,0.00160760510830421,0.00162641498846175,0.00170041047489511
"2020-11-27",0.00933208160804831,0.00931596542526036,0.0093784904019093,0.00939194897718498,0.00947556953932829
"2020-11-30",0.00259280309910285,0.00259449127901723,0.00258308356669385,0.00253601547323823,0.00253089242797273
"2020-12-01",0.000149393017567136,0.000150175512572537,0.000148393759623774,0.000143251248870381,0.000137456091920033
"2020-12-02",0.000858364564685488,0.000859922453542086,0.000848439475767713,0.000859643358791367,0.000881563000168795
"2020-12-03",0.00220960620874562,0.00220999305128828,0.00224097245982536,0.00225248947660975,0.0022556247675386
"2020-12-04",0.000598978638930555,0.000605402181905208,0.000608618256075268,0.000607045173795779,0.000600332630868558
"2020-12-07",0.00295680817015233,0.00295889445370547,0.00294691481426139,0.00296475799655665,0.00294054457581324
"2020-12-08",0.00263919194520578,0.00263411350719638,0.00265386897606508,0.0026516738774025,0.00262840985631157
"2020-12-09",0.0010228474041114,0.00101831446728432,0.00102038742429633,0.001016940974576,0.000977850359719777
"2020-12-10",0.00150580359098038,0.00150431830544894,0.00149171660528206,0.00148781195206329,0.00140287373092327
"2020-12-11",0.000124938472670572,0.000124626298341607,0.000117064818782535,0.000118250915475579,0.000105029301530472
"2020-12-14",0.00021321885819659,0.000215257831740301,0.000218977093493488,0.000223076712745776,0.000232234803835952
"2020-12-15",0.000107364827449444,0.000104471111037634,0.000102238395983944,9.90763925713975e-05,0.000104080281236904
"2020-12-17",0.00507380870210787,0.00508682487251056,0.00507535770494494,0.00505223115279175,0.00501088735290097
"2020-12-18",0.00221379912764841,0.00223335227266538,0.00221806474674788,0.0022224655786531,0.00218079085531797
"2020-12-21",0.000410762930128215,0.000409971718053732,0.000393026572329769,0.000391472321862561,0.000405003778876203
"2020-12-22",0.00433422372197335,0.00432711741385499,0.00433597227360552,0.00432288291096773,0.00430911301351465
"2020-12-23",0.000802420218226845,0.000804458361161377,0.000797426727044545,0.000801048271653757,0.000789302385112722
"2020-12-24",0.0018768656491874,0.00187802445291381,0.00193122480448114,0.00191907044252919,0.00189358589804613
"2020-12-28",0.000407366692098656,0.000405920730998444,0.000413656351773618,0.000410625945356108,0.000390573663513334
"2020-12-29",2.18993514739747e-05,2.19306288342632e-05,1.68834587098416e-05,1.64529314138664e-05,1.75643429399598e-05
"2020-12-30",0.00342754539407464,0.00343068371646989,0.00342025050190302,0.00340352077710898,0.00334405822506909
"2020-12-31",0.00163640780528224,0.00163632298377795,0.0016980943227417,0.00169689767629643,0.00165613870561629
"2021-01-04",0.0144543549057294,0.014471683743319,0.0145261368759731,0.014535448088733,0.0147120369503809
"2021-01-05",0.000190127011425094,0.000193223036903164,0.000200934328489456,0.000201575721779141,0.000211288889392477
"2021-01-06",0.00471583457967849,0.00469552662597688,0.00468185643424027,0.00468070940529659,0.00466936358340086
"2021-01-07",0.000265937255629846,0.000270185749255261,0.00028047488323154,0.000280621682287229,0.000271238369101414
"2021-01-08",0.00289184700764568,0.00286825807491006,0.0028392888282947,0.00283791352800121,0.00288178419421088
"2021-01-11",0.000442691983485891,0.00043196374399373,0.000429369037649548,0.000430590535561243,0.000434418651440476
"2021-01-12",0.00012764583177838,0.000127049222069321,0.000136758014762105,0.000138545361110059,0.000142433961044399
"2021-01-13",0.00464346591801179,0.00462304157768253,0.00461480654546129,0.00463570454854307,0.00465854500882735
"2021-01-14",0.00143995770861088,0.00143933790203321,0.00143261117394181,0.00163346737702802,0.00157349865320697
"2021-01-15",0.000631281334983351,0.000631059211438009,0.000656407901047677,0.000654999214507107,0.000635273730926596
"2021-01-19",0.0060340610679576,0.00604436888638818,0.00600236421043351,0.00598183335422851,0.00606256715381659
"2021-01-20",0.00345766872832515,0.00345487299886118,0.00350769435414242,0.00350218286148139,0.00347151773352434
"2021-01-21",0.000911935356898448,0.000914860636843722,0.000965115378344068,0.000963742875113249,0.000928846583600677
"2021-01-22",0.000232991027070723,0.000236455947914687,0.000239197066502233,0.000233614476185479,0.000223735618838601
"2021-01-25",0.0414556297508096,0.0415060536958936,0.0414760537433844,0.0415737710653607,0.0418038133187699
"2021-01-26",0.00260201122847322,0.00260434180925938,0.00258865251898558,0.00256595204296562,0.00256230614988221
"2021-01-27",0.0289379304253581,0.0289095863840884,0.0290661471786533,0.0289775133874598,0.0290433089672199
"2021-01-28",0.0442423545519793,0.0442402295038477,0.0443340088861181,0.0443117160363264,0.0445131952902009
"2021-01-29",0.0651402744080605,0.0651387491528747,0.06419732842667,0.0641437852696381,0.0645313664690422
"2021-02-01",6.59854802479912e-07,1.09014067309174e-06,2.96835931786124e-07,1.38141750706231e-07,1.19074515497636e-06
"2021-02-02",0.0042410127077152,0.00420993639929327,0.0041631875695888,0.00440593078130283,0.00433659577615712
"2021-02-03",0.0137653495069145,0.0138231804365341,0.013667147334493,0.0137370771753837,0.0138538817955586
"2021-02-04",0.0266516015817771,0.026693892750399,0.027727742428441,0.0276692465888088,0.0275129922258907
"2021-02-05",0.0362506538450114,0.0364958925192133,0.0360790725711412,0.0357478185745051,0.0356541423554015
"2021-02-08",0.0282938158791011,0.0283195995161795,0.0283127812584171,0.0283015608268696,0.0281596529149148
"2021-02-09",0.0138544665308835,0.0138642308588071,0.0140259436590463,0.0139799410571287,0.0139475550374333
"2021-02-10",0.00281764375264161,0.0028179155009871,0.00292911955657354,0.00291182094389963,0.0028547105876244
"2021-02-11",0.00514913254485227,0.00514300068835333,0.00515354160053983,0.00519779779798376,0.00520759275036736
"2021-02-12",0.00748229681847175,0.00748232101461575,0.00747145112123459,0.00748668065992402,0.0073767694314366
"2021-02-16",0.00146684880756068,0.00147748622335497,0.00147316802488479,0.0014648269366531,0.00146089200271817
"2021-02-17",0.00130186299387278,0.00130480863038463,0.00131830794006055,0.00133311940685964,0.00131559813755749
"2021-02-18",0.000110217418943461,0.000110516276337513,0.000111644991240295,0.000106565243994771,0.000114792844134606
"2021-02-19",0.000102926728166196,0.000102922718254809,0.000108658801230629,0.000109924420685289,0.000105231845492039
"2021-02-22",0.0059540495882501,0.00595337876640407,0.00598391153883944,0.00598254074473452,0.00602590483314052
"2021-02-23",0.077687970108595,0.0776951632785707,0.0776087997528179,0.0775651855686703,0.0778041906080051
"2021-02-24",0.00730307082951024,0.00730224134279917,0.0073159212966445,0.00732300845373148,0.00735318941151185
"2021-02-25",0.0290738725715377,0.0290651828325867,0.0291393892283914,0.0291195652604283,0.029171079944408
"2021-02-26",0.038273590564995,0.0382630102873585,0.0383736519805916,0.038354836276621,0.0383896134923977
"2021-03-01",6.51693179620667e-05,6.42292030962115e-05,7.46485039401692e-05,7.47647649663541e-05,6.35599930279253e-05
"2021-03-02",0.00272392401585473,0.00276130988526485,0.0026978020086971,0.00270023395291488,0.0026811521686028
"2021-03-03",3.36479128801143e-05,3.28539550266547e-05,3.67091965112983e-05,3.69230254057808e-05,2.95852898686212e-05
"2021-03-04",0.0208883104089619,0.0209032410635129,0.0210563379984051,0.0210622619791101,0.0209009849453935
"2021-03-05",0.00528967999564882,0.00530364144854354,0.005374217082396,0.00537574927394581,0.00532886533395254
"2021-03-08",0.00201387700624742,0.0020039702159189,0.00204860030480822,0.00204850724063242,0.00199822969723048
"2021-03-09",0.00133542912990049,0.00134030842454971,0.00131760787739972,0.0013163626913482,0.00133359804504074
"2021-03-10",7.24920833225288e-05,7.22172375155384e-05,7.63481151370266e-05,7.65223717887311e-05,6.74412774348825e-05
"2021-03-11",0.023765637087599,0.0237571582441222,0.0236604818817225,0.0236843530816783,0.0241061236544175
"2021-03-12",0.0303812450421085,0.0303209798029882,0.030215637421383,0.030234704451107,0.0307486451485796
"2021-03-15",0.0253571378751477,0.0253186231114375,0.02522635649552,0.0252583318805138,0.0253970830765396
"2021-03-16",0.00578355440042609,0.00578260958517662,0.00578310565518691,0.00577210978877232,0.00580583581746942
"2021-03-17",0.0030562308132988,0.0030701998192792,0.00304485748663103,0.00304551555718908,0.00309987319514941
"2021-03-18",0.00257202502091983,0.00256783504423359,0.00258429322432418,0.00256258550347954,0.00271012414883594
"2021-03-19",0.000378071129590381,0.000387544054185134,0.000376319820819787,0.000376466450014891,0.000440833223950789
"2021-03-22",0.00182580638616628,0.00182175090700423,0.00182602906306922,0.00182021758522964,0.00193217027473762
"2021-03-24",0.00188001809220088,0.00189399522814049,0.00191301355140783,0.00191161303013901,0.00193156899745297
"2021-03-25",5.03768971192837e-05,4.95942522461417e-05,4.82153585346334e-05,4.94255024340563e-05,5.0452980795371e-05
"2021-03-26",0.00134061439812468,0.00133753227708214,0.0013481308072447,0.00134417419687192,0.00136993343358714
"2021-03-30",0.00391752934689351,0.00355815929243522,0.00362435635609145,0.00361764407233258,0.0035742547326467
"2021-03-31",0.00316596166886762,0.00300248739110335,0.0030090892284481,0.00300825730953482,0.00310889529606238
"2021-04-01",0.013296423399939,0.0130994331793816,0.0130436169006467,0.0130527138930461,0.0135488281458735
"2021-04-05",0.00751785958729036,0.00740101258501463,0.00738401843437818,0.00738413189059826,0.00750956233850756
"2021-04-06",0.00479087318006855,0.00473083068096717,0.00476162225833857,0.00476144199643051,0.00478560289034101
"2021-04-07",0.00314964601528382,0.00311152711629127,0.00313171172284759,0.00312923148374324,0.00306791987527543
"2021-04-09",0.00340451785773083,0.00337230880967174,0.00337346262456283,0.00337174750688041,0.00327166629633663
"2021-04-12",0.000833513041058687,0.00082156435770637,0.000830524575981933,0.000830866167932858,0.000759538432966908
"2021-04-13",0.000926517123545719,0.000914409096630139,0.000911909750607115,0.00091252276519196,0.000878999650506129
"2021-04-14",1.38336608280195e-05,1.25509574306333e-05,1.2393773214738e-05,1.26329078344222e-05,5.16500289797155e-06
"2021-04-15",0.000630841460829443,0.000623134244393218,0.000620768785234858,0.000620674065603006,0.000547434201864511
"2021-04-16",0.00205176659841806,0.00204599385415785,0.00202027215352131,0.00201657737801776,0.00198580088643393
"2021-04-19",4.92493122616182e-05,4.81110387920073e-05,4.26159306917482e-05,4.18849035673328e-05,3.37412983118412e-05
"2021-04-20",0.000167980333692682,0.000169696210724509,0.000176233115240797,0.000177823141503717,0.00017927474888294
"2021-04-21",0.00122071781723857,0.00122041518634393,0.00120399334017648,0.00120448918264008,0.00118988798124285
"2021-04-22",0.000553811017300485,0.000537392492274109,0.000528041201852086,0.000534840097822304,0.000588682075182919
"2021-04-23",0.000805182851895884,0.00080167525898268,0.000811749370298273,0.000814875577765331,0.000815396983493876
"2021-04-26",0.00247867116552306,0.0024660309814805,0.00246522667152307,0.0024834349079995,0.00245946242301584
"2021-04-27",0.00162725672912923,0.0016218382594762,0.00160347908154167,0.00159923580493487,0.00161860192640305
"2021-04-28",4.95329650473796e-05,4.90407101204255e-05,4.77863507681442e-05,4.25914429582958e-05,4.34645704770965e-05
"2021-04-29",0.00178131013620607,0.00176805356625192,0.00176314185106875,0.00177845350319103,0.00176411406737952
"2021-04-30",1.88472584455737e-05,6.41391232541386e-06,3.39286511275485e-06,7.43578629360339e-06,2.12738536196159e-05
"2021-05-03",2.29822754616249e-06,2.97791112564968e-06,3.5300791305425e-06,1.26117168987733e-06,8.26819868110169e-07
"2021-05-04",0.00235944934940774,0.00236318127301636,0.00235240621026247,0.00233939901084109,0.00238274634059287
"2021-05-05",4.46683495756195e-06,6.03663410355158e-06,5.25746491304829e-06,3.32568230157955e-06,1.48469722164152e-06
"2021-05-06",0.000210472060142145,0.000178661166538973,0.000168124024480086,0.00018406547406202,0.000187705617606865
"2021-05-07",0.00028175998331291,0.000262765450090591,0.000257706047467708,0.000267504857297409,0.00023310574823808
"2021-05-10",0.000160096672085975,0.000147672368708943,0.000146972024410111,0.000150360835789817,0.000139168112679114
"2021-05-11",0.00160876195252198,0.00161228760731565,0.00161612380365948,0.0016169966590536,0.0015934617803689
"2021-05-13",0.000849410968684855,0.000885460941477884,0.000895210281888806,0.000880222648128802,0.000889492978597382
"2021-05-14",0.00257397523978603,0.00249406337303583,0.00246976886615229,0.00247071196053853,0.00244109643022089
"2021-05-17",0.000431727009578022,0.000413044483260973,0.000410374957284491,0.000434379827687187,0.000416850088509068
"2021-05-18",0.00215294324959826,0.00215202797744338,0.00217205451193257,0.0021797650509836,0.00219267088394457
"2021-05-19",8.0623505648924e-05,9.70376899710676e-05,9.97832846821581e-05,9.73175122078762e-05,0.000103555090512975
"2021-05-20",0.00668556716436266,0.0068078621579987,0.00680003796157246,0.00682432210060518,0.00688588954717818
"2021-05-21",0.00170200146863994,0.00176589912961718,0.00177968750346542,0.00179859095458801,0.00173342608629656
"2021-05-24",0.00605299925014663,0.00598066717910389,0.00596970480493461,0.00597176628402306,0.0059891468338591
"2021-05-25",0.00193685969526932,0.00194488828324724,0.001953775784772,0.00195049131464082,0.00189627384338802
"2021-05-26",0.00994078894170419,0.010165838270613,0.0101947008433688,0.0101817691545431,0.0102576675750765
"2021-05-27",0.00295732260063924,0.00301809506730926,0.00303405814919909,0.00304175486368786,0.0029649590635558
"2021-05-28",0.00334733682376363,0.00339235067726898,0.00339129032839612,0.00340527887964159,0.00340979056730629
"2021-06-01",0.00256244341860736,0.00258945502900177,0.00259237073710175,0.00260455439900216,0.00257539931423673
"2021-06-02",0.00197899527373073,0.00195696077005016,0.00195177540287538,0.00196577745439162,0.0020207355588523
"2021-06-03",1.81325929548785e-05,1.55145971095414e-05,1.71884260489639e-05,1.7539603290323e-05,1.33672860361088e-05
"2021-06-04",0.00257181147486395,0.00261846200621492,0.00264036624618313,0.002669348647407,0.00267638081952309
"2021-06-07",0.000661327783684321,0.000661485158809552,0.000683763554067244,0.000685147140627815,0.000681562458299433
"2021-06-08",3.99637807021629e-05,4.32560348654002e-05,4.72567251677776e-05,4.75319036329968e-05,5.027084533665e-05
"2021-06-10",0.000697649164358012,0.000692556057708458,0.000787367985254757,0.000790869646777986,0.000776032484870076
"2021-06-11",0.00093276485438882,0.000928163527553019,0.000961729539372689,0.000964480296334135,0.000927576465614905
"2021-06-14",2.51046705367475e-05,1.97764240929547e-05,2.32968449348171e-05,2.58217635527163e-05,2.18054866270571e-05
"2021-06-15",0.000688477435096291,0.000672571095386615,0.000685241684572137,0.000686604144036012,0.000712011266627722
"2021-06-16",0.002635166638402,0.00265242526157307,0.00262795352795862,0.00263477201485672,0.00266415322330445
"2021-06-17",0.000299366241970318,0.000278708399658504,0.000266998683541146,0.000256615651596872,0.000257218151125214
"2021-06-18",0.00201740133710128,0.00200204866687638,0.00197740184473726,0.0019551748610871,0.00199853247981898
"2021-06-21",2.59930307205331e-06,4.79342848381979e-06,4.83504902778208e-06,4.13671240297485e-06,7.52810248452029e-06
"2021-06-22",4.85414648211862e-05,4.42719472861254e-05,4.5315428868687e-05,4.82945611411897e-05,4.52544072805627e-05
"2021-06-23",0.00341816745876181,0.0034250326680227,0.00342929999984955,0.00341511311013732,0.00341128056344682
"2021-06-24",0.0033341499890692,0.00340255108726907,0.00342055778483202,0.00340057530147815,0.00333438866881399
"2021-06-25",0.00396356304261486,0.00412571187528869,0.00415833204208728,0.00413016867887601,0.0040601164765255
"2021-06-28",0.00392589701166077,0.0039412486615827,0.00395904369813735,0.00394802864194888,0.00389731714295075
"2021-06-29",0.0022667924692548,0.00224744203768148,0.00226249429654753,0.00226076931183297,0.002256153140533
"2021-06-30",0.00107290635254443,0.00106708274643117,0.00107371487298819,0.00107157478164943,0.00105528452856765
"2021-07-01",0.000895193411333607,0.000888424713351791,0.000897980590154427,0.000895572399043766,0.000881245437353855
"2021-07-02",0.00108715644152051,0.00112263663304279,0.00113520632102773,0.00113524829885174,0.00111729087585923
"2021-07-06",0.00155464249866938,0.00149644831376214,0.00148236858728757,0.00147818283019059,0.00148891209103508
"2021-07-07",0.00229446573109535,0.00225941730729438,0.00224465293935286,0.00223768147697553,0.00225430093953181
"2021-07-08",0.00655597015735981,0.00657946136201218,0.00656079230909055,0.00656310733717616,0.00659137596315754
"2021-07-09",0.000342719492954849,0.000349956854420822,0.000349008966001921,0.000349407029969988,0.000359691981793316
"2021-07-12",0.000719151976171579,0.000750198615282098,0.00074113374783013,0.000743421105552237,0.000701218191919244
"2021-07-13",0.00140751004134622,0.00140322095222092,0.00141738904547894,0.00140848748790131,0.00146996097767311
"2021-07-14",0.00046050576799255,0.000489882365997257,0.000503030049091129,0.000498821372835252,0.00051401751020231
"2021-07-15",0.000132211359280736,0.000132924837244413,0.000133635632147219,0.000130034440135218,0.000105072105589999
"2021-07-16",0.000433168219779669,0.000455163067779317,0.000462743319360054,0.000462077467796456,0.000462381121556208
"2021-07-19",0.0070679972548668,0.00705786610281916,0.00705375106905462,0.00704461595940084,0.00716046936309632
"2021-07-20",8.26690199376973e-07,2.91098117347673e-06,4.11336302026355e-06,4.18333915733464e-06,4.11438908587306e-06
"2021-07-21",0.000642377324725617,0.000655435104758484,0.00064691460734778,0.000642676628116067,0.000627413814452058
"2021-07-22",0.00186005557885921,0.001903514714083,0.00188214250227032,0.00185685361107249,0.00188649906232012
"2021-07-23",0.0041650081120629,0.00415777771641439,0.00415960027295671,0.00416550121758227,0.00414024089894323
"2021-07-26",0.00431145307123037,0.00434427439722095,0.00436060089982355,0.00444561945781855,0.00447710341290576
"2021-07-27",4.0608630521293e-05,5.31503446661746e-05,5.50407402965758e-05,6.01356042338425e-05,5.93773730951214e-05
"2021-07-28",0.0073706152522092,0.00732178251126621,0.00727704110505484,0.0073458392426386,0.00736694679582788
"2021-07-29",0.000672635778368193,0.000698103177291441,0.000705811867283098,0.000697403114615005,0.000702427546333525
"2021-07-30",2.34503078132886e-06,1.10743648642779e-07,3.85973688793803e-08,6.11447409610677e-07,6.09898564285748e-08
"2021-08-02",3.21782545240659e-05,3.25089350573459e-05,3.38048990512025e-05,3.22037033121576e-05,3.49479244204264e-05
"2021-08-03",0.00012133031542066,0.000118947455524729,0.000114711052968772,0.000120708238006699,0.000119851304985817
"2021-08-04",0.00275573433742347,0.00273665056281862,0.00266860385708996,0.0026279079577028,0.0027320568175952
"2021-08-05",0.00186623354622547,0.00184176787196115,0.00182150331648179,0.00182977693211151,0.00180523399385032
"2021-08-06",0.00163176510702498,0.00163523328244453,0.00165389265906048,0.00164437089737918,0.00163507714500061
"2021-08-09",0.00198693998715914,0.00197557700280491,0.00201784203558218,0.00201132127936597,0.00199994615660271
"2021-08-10",0.000972009345491503,0.000973659234197849,0.00100377352880255,0.00101867759689179,0.000998231163282216
"2021-08-11",0.00122686245724822,0.00124141197132802,0.00134970942843188,0.00135908406056979,0.00142076218828125
"2021-08-12",0.00089730947925371,0.000894726579343202,0.000921059990443266,0.000913407615416479,0.00091144698936833
"2021-08-13",0.000755112470201019,0.000750389472781753,0.000762844017683898,0.00076751605035726,0.000758458803184507
"2021-08-16",0.0023565368110328,0.00236343255321932,0.00238770419644355,0.00236264430315941,0.00238000448644062
"2021-08-17",0.00248629741229947,0.00249894407995557,0.00248317722329024,0.00247743705588023,0.00249384894564167
"2021-08-18",0.000952006355236728,0.000974812118728393,0.000954855015797078,0.000957525157250775,0.000962056976915197
"2021-08-19",0.00417875170254177,0.00419632266998129,0.00416710191999716,0.00419789957238264,0.00421331680162271
"2021-08-20",1.03435996726327e-05,1.08784478819318e-05,1.20063566428683e-05,1.24192273406316e-05,1.5812157349116e-05
"2021-08-23",0.00230297519879991,0.00225069321498293,0.00219540460754289,0.0022006893848328,0.00218601799189102
"2021-08-24",0.00328699447413755,0.00332034640149874,0.00322977406704331,0.00322454179694627,0.00320787175846462
"2021-08-25",0.00417615630250209,0.00419383982182426,0.00411469581527678,0.00410325215472834,0.00411678495670093
"2021-08-26",0.00384817032313525,0.00392930081653017,0.00390235472093697,0.00390490082522407,0.00391779579134362
"2021-08-27",0.00187565479736396,0.00187057429006695,0.00194021365369529,0.00194658023595703,0.00193959699981014
"2021-08-30",1.41831793150133e-05,1.59620025919143e-05,1.59826853282484e-05,1.43979705131538e-05,1.53447919767994e-05
"2021-08-31",0.000354413087222446,0.000355090005577312,0.000366445881475921,0.00037482729995583,0.000376191039412443
"2021-09-01",0.000431187245675294,0.000431727950561944,0.000421159666182661,0.000416375127857256,0.000421804922965587
"2021-09-02",8.49938767887273e-06,7.81614624778324e-06,1.09179283339072e-05,9.70331531979054e-06,1.00894154237356e-05
"2021-09-03",0.000171358342754053,0.000163881042598975,0.000171322615976348,0.000172775303389692,0.000172080020286441
"2021-09-07",8.34691847623012e-05,7.19367530369073e-05,6.84389290466852e-05,7.28427523639957e-05,6.89334410131604e-05
"2021-09-08",3.48976244843297e-05,3.22445112516959e-05,2.60641414968902e-05,2.58846354272286e-05,2.53144790614575e-05
"2021-09-09",0.000374002495528904,0.000369853859917851,0.000372882265610348,0.000364932725919365,0.000365558473591055
"2021-09-10",0.0215345565110982,0.0216609479777515,0.0217571564417852,0.0216210418430135,0.0216365511034895
"2021-09-13",0.00294561021147482,0.00297173627964396,0.00297039675640609,0.0029008384566658,0.00291876475162087
"2021-09-14",0.00169151743414394,0.00167673863125474,0.00164290760706438,0.00167441485697789,0.00167179917793748
"2021-09-15",1.46882595100991e-05,1.65770406584291e-05,1.63947273446281e-05,1.60419344063167e-05,1.52670562412434e-05
"2021-09-16",9.51009830748989e-05,9.22800146692233e-05,0.000101874238071483,0.000109623068152337,0.000107881965151108
"2021-09-17",0.00159814772901578,0.0015239332401681,0.00144699348132744,0.00139748370482928,0.00135742108892292
"2021-09-20",0.000556132312509598,0.000546340625117679,0.00054845941322312,0.000570421399245561,0.000571975340718222
"2021-09-21",0.000210169254254183,0.000210995206256523,0.000198596546671396,0.000256191368594471,0.000251128362674247
"2021-09-22",1.17577418228651e-06,1.49009626714173e-06,1.31412834855084e-06,1.68264958565742e-06,1.52362468434607e-06
"2021-09-23",0.000775573659097806,0.000788364475271882,0.000813918780590505,0.000830878009910723,0.000827510491052469
"2021-09-24",0.00266382322878655,0.00265413614356861,0.00267484186645692,0.00268877178796739,0.00268390817993112
"2021-09-27",0.00186386647608151,0.0018950294044336,0.00190383200372372,0.00199316886739533,0.00200000426074991
"2021-09-28",0.000352127100764739,0.000349366781449563,0.00034505155848262,0.000328075292079902,0.000330469120139455
"2021-09-29",0.000124221319759861,0.000127650753762148,0.00013170624321554,0.000140226063206432,0.000139489016165473
"2021-09-30",0.000461098384943077,0.000460761907593119,0.00046959493884308,0.000485560006750341,0.000490472105687347
"2021-10-01",0.00306697366285173,0.0030739172820187,0.00304266361723472,0.00310036235291764,0.00310853862690782
"2021-10-04",0.00179230627515218,0.00184639360318911,0.00186219163129227,0.00184154450246319,0.00184237185909138
"2021-10-05",0.000739114702664788,0.000746109823381144,0.000746649497200011,0.000782853173193626,0.000786042820566167
"2021-10-06",0.000113629107550759,0.000113534473509244,0.000112291401395125,0.000108674658270166,0.000106501304363433
"2021-10-07",0.00348501202681568,0.00352780145312931,0.00354080811190609,0.00357957249206041,0.00358081505987698
"2021-10-08",0.00372182506390519,0.00373572003614116,0.00373479370807445,0.00376336921811325,0.00376271485027562
"2021-10-11",0.00458212444565431,0.0046006026988821,0.00462964910051481,0.00475733419580329,0.004756932835692
"2021-10-12",0.000293319315704068,0.000295204121878019,0.000294288254717454,0.0002915347076799,0.000291594741964379
"2021-10-13",0.00127832763425583,0.00128254906177302,0.0012616415757851,0.0012988712873708,0.00129935733660236
"2021-10-14",0.00352606761498621,0.00352810596947816,0.00355373249994472,0.00350663178089827,0.00350431983222587
"2021-10-15",0.0026331405011798,0.00263780192511509,0.00263351937575356,0.00269546428213824,0.00268539023828682
"2021-10-18",0.000525526605247592,0.000526759118496871,0.000520670076118612,0.000531658084917276,0.000529707804836003
"2021-10-19",0.00219698803515135,0.00220192504331869,0.00220879470731236,0.00224100434584893,0.00224030760352552
"2021-10-20",0.002888819564221,0.00289339668370369,0.00292102065510431,0.00305582502717357,0.00305242326806246
"2021-10-21",0.000950131138476822,0.000948152143913287,0.000973570240447049,0.000983910223785201,0.000983125756123577
"2021-10-22",0.000294690516810536,0.000294689265090004,0.000305711467342646,0.000300433707858228,0.000303467520476253
"2021-10-25",0.0010991140200643,0.00110789471230578,0.00111634280065463,0.00109323367958261,0.00108797926293213
"2021-10-26",1.30368568948296e-08,3.3251558498437e-08,6.39104498318605e-08,2.41446230686492e-07,2.7360288348379e-07
"2021-10-27",7.62371634907105e-05,7.81404812768816e-05,8.19627929265846e-05,8.16168816968574e-05,8.09310990475642e-05
"2021-10-28",7.2724486900458e-05,7.37300821673933e-05,7.47417163062141e-05,5.84684753695162e-05,5.89258350131059e-05
"2021-11-01",8.72984064227343e-05,8.70724336892563e-05,8.70892879274564e-05,4.68803154782613e-05,4.52445373611551e-05
"2021-11-02",0.000111914962514638,0.000113433447103552,0.000107786345765732,9.63346089581079e-05,9.6368534021175e-05
"2021-11-03",0.000264886748339859,0.000266064755240087,0.000263492250437568,0.000282338958711732,0.000282148331169725
"2021-11-04",0.000160285771886243,0.000160896835537098,0.000164227101937134,0.000193732174094831,0.000193067233768459
"2021-11-05",0.000279796666177519,0.00028257708949797,0.000286064982556003,0.000318209406951684,0.000318889723756106
"2021-11-08",0.00246987850023694,0.00248793292542422,0.00249225645046367,0.00240302633519479,0.00240427477336721
"2021-11-09",4.8285882324256e-06,5.68509427906038e-06,5.52401151299068e-06,3.77545736411323e-06,3.89136881118788e-06
"2021-11-10",0.000331202311008521,0.00032696993296188,0.00032696378899579,0.000327244575391467,0.000322763262391545
"2021-11-11",0.00291981877002536,0.00292430905844869,0.00294865264087898,0.0029346716519352,0.00294602374366593
"2021-11-12",0.00179524254689201,0.00179444322635317,0.00180715761343655,0.001897485149867,0.00188728472171123
"2021-11-15",3.88030550831269e-05,3.90305443168189e-05,4.12416443797426e-05,5.21771953308964e-05,5.02796635173046e-05
"2021-11-16",0.00139550492245184,0.00139887582531044,0.00140640331948302,0.00137311931116228,0.00138492180981081
"2021-11-17",2.89242362006105e-05,3.03175064215377e-05,2.90258608404715e-05,2.83620703254805e-05,2.82228538487652e-05
"2021-11-18",0.00805186880011163,0.00805833945299933,0.00800990098143905,0.00795231131836801,0.00795500477139626
"2021-11-19",0.00260463312887622,0.00260715599439309,0.00258571040067067,0.00262067375184873,0.00261990479015319
"2021-11-22",0.00567420141913004,0.00566503835905277,0.00565158108704278,0.00571209640205107,0.00574226291516338
"2021-11-23",0.011856171732806,0.0118252356235116,0.0118557481933921,0.0118162514696475,0.0118446828123447
"2021-11-24",0.00178987352220318,0.00177563888991957,0.00178963972259036,0.00166497093273043,0.0016700404976124
"2021-11-26",0.00171316881774887,0.00167479825452977,0.00171829890788754,0.00170481736805202,0.00171175211167256
"2021-11-29",0.00022566065369826,0.000220203857820267,0.000225932954886218,0.000216933820411991,0.000218825977074724
"2021-11-30",0.0110829938643679,0.0110306189925201,0.0110523736695279,0.0109601809979202,0.0109579456766126
"2021-12-01",0.00567954110909724,0.0056627124888827,0.00569249937732463,0.00577927872334352,0.00577946008667831
"2021-12-02",0.0161185588186977,0.0160979607733961,0.0161552692399718,0.0162361244456409,0.0162204572972627
"2021-12-03",0.0128209497878887,0.0129717626296961,0.0128970449355107,0.0124962893378459,0.012490959645919
"2021-12-06",0.00725606596115531,0.00725115976900768,0.0072516701123014,0.0066699890752727,0.00667666492702036
"2021-12-07",0.00276008956057973,0.00273541218054681,0.00267859207252871,0.00275102170109093,0.00276640652242462
"2021-12-08",5.59395188776272e-05,5.56245913807119e-05,5.21791266269257e-05,6.80274324878265e-05,6.85693505210846e-05
"2021-12-09",0.0019786085431882,0.0019698004956051,0.00194324002149541,0.00201533738859138,0.00204170260568956
"2021-12-10",0.00449246848587869,0.00433875506212829,0.00428306365693289,0.00423012156152623,0.00425260335456647
"2021-12-13",0.000388191730771524,0.000381496165957336,0.00036892295487482,0.000371027296320972,0.000373374589458953
"2021-12-14",0.00406868306952087,0.00416012617983383,0.00411117656047878,0.00419685984473369,0.00417247902893701
"2021-12-15",0.00845069961975034,0.0083627989116094,0.00838458762024808,0.00869110426131183,0.00879982400133518
"2021-12-16",0.00676436521020906,0.00668355285775425,0.00673727150931322,0.00709582446998178,0.00711215959745202
"2021-12-17",0.0114900452068324,0.0114267765948659,0.0114315385199431,0.0114469493909637,0.0115571237821227
"2021-12-20",0.00117827186942844,0.00106593271747634,0.00110583970269177,0.00101498594430776,0.00104612133082822
"2021-12-21",0.00385704619089823,0.00390999209850496,0.00390090876918111,0.00373258037722387,0.00372234583049806
"2021-12-22",0.0110443550303254,0.0110694475362394,0.0109940504902352,0.0109052526780519,0.0109688124320682
"2021-12-23",0.024820791109752,0.0251940335989168,0.0251877863033921,0.0247896007525611,0.0247382416867644
"2021-12-28",0.0138483793571422,0.0138332128312061,0.0137959049049836,0.0137692382352982,0.0136323361115274
"2021-12-29",0.0183569259604988,0.0184080105308173,0.0183388779902488,0.0183664455235609,0.0182873619127142
"2021-12-30",0.0113653219606652,0.0112757692665683,0.0113321227616742,0.010872749803637,0.0109209121011235
"2021-12-31",0.00519142614678689,0.00525722850914974,0.00526674247172268,0.00488693715547836,0.00491540537065179
"2022-01-03",3.0590354568997e-05,2.93685431964263e-05,2.83931079085566e-05,4.02416268306615e-05,4.03617625571405e-05
"2022-01-04",7.25604871121717e-07,4.01521582696522e-08,1.9105612252841e-07,1.01154456042575e-06,3.98391088943947e-07
"2022-01-05",0.00333810205368914,0.00320299192260967,0.00325935845578306,0.00331654276569244,0.0033030626647127
"2022-01-06",0.00951179374823751,0.00936473726196239,0.00937736498807935,0.00958893721904427,0.00955122150070106
"2022-01-07",0.00159186337304095,0.00154791491170789,0.00155499792569604,0.00156465783448973,0.00158457529277543
"2022-01-10",0.0173425345220829,0.0174605497910393,0.0173686952559518,0.0174950278822696,0.0174249003702874
"2022-01-11",0.00102927423912185,0.00105104853287558,0.00104841695887785,0.000979384720266785,0.000964360016234827
"2022-01-12",0.000743885861496029,0.000735870817995131,0.00074113289227129,0.000776326007660198,0.000789536145559469
"2022-01-13",0.000288121343631691,0.000282113647058978,0.000275580377657548,0.000309199765269903,0.000314848917968252
"2022-01-14",0.000314755445846552,0.000313633579659441,0.000316788027118927,0.000346062771504393,0.000354467861745814
"2022-01-18",0.000663670962273772,0.000682434635713594,0.000636216244768521,0.000710547180561033,0.000693798117033332
"2022-01-19",0.000211442580647615,0.000207283367164963,0.000202826509384325,0.000142428348194699,0.000138074871228982
"2022-01-20",3.45673315649749e-05,3.77608399740664e-05,3.18508313542394e-05,5.68077345718078e-05,6.09968211289912e-05
"2022-01-21",0.0123654292735443,0.0123658904083392,0.0124222716156761,0.0123302603431827,0.0122175987413129
"2022-01-24",0.0608526174306647,0.0609618922893922,0.0611078334944556,0.0595108502667346,0.059599546164583
"2022-01-25",0.0260467908628779,0.0262577422515044,0.026308955719658,0.0260860228996072,0.0260206447899514
"2022-01-26",0.0327627753813301,0.0329687419351042,0.0329924012051903,0.0330537746030318,0.0330479726723495
"2022-01-27",0.0102292539599318,0.0103227572294836,0.0103123109421249,0.0101835726371746,0.0101810580501604
"2022-01-28",0.00632518565308218,0.00641361260678092,0.00641671286392859,0.00632155450048779,0.0063147300199912
"2022-01-31",0.0117435978521664,0.0114239060645735,0.0115411102917445,0.0118114281629909,0.0118906641182555
"2022-02-01",0.00919155909691996,0.00898936799436969,0.00898185727123798,0.0111295227928481,0.0111460145628356
"2022-02-02",0.018817440511454,0.0185104819555168,0.0185485731535523,0.0186536418600392,0.019033905412287
"2022-02-04",0.00912188367445636,0.00904046798955244,0.0103543626005508,0.00991987577990196,0.0100179213229144
"2022-02-07",0.00769768257596476,0.00768560415857897,0.0080581293918987,0.0077564898616766,0.00790431250379852
"2022-02-08",0.00769617759458084,0.00752540931134734,0.00773374634012729,0.00701152579666144,0.007047263238112
"2022-02-09",0.0111675929248828,0.0113096183345256,0.011467350232286,0.0108139545225138,0.0108739981004237
"2022-02-10",0.000988906056679454,0.000678920990985883,0.000714571345442365,0.00051768612997473,0.000495756788884355
"2022-02-11",0.00192655251846898,0.00210046637195425,0.00205958993688009,0.00219505753473449,0.00218279949783437
"2022-02-14",0.00270000146815088,0.00271390656167787,0.00267091161990163,0.00288890874274203,0.00290435284620108
"2022-02-15",0.00384784135328761,0.00398336243188517,0.00389952611217426,0.00379138185066685,0.00378982415839628
"2022-02-16",4.88877061437891e-05,4.76101676218822e-05,4.63968293747026e-05,3.41517273213794e-05,3.29925781707252e-05
"2022-02-17",0.00476343809125626,0.00463763956514139,0.00465555288902659,0.0045407456945191,0.00454142968676113
"2022-02-18",0.00311083610236618,0.00303854259982318,0.00307589287824499,0.0031292567175009,0.00313403405007016
"2022-02-22",0.000162224271891142,0.000152730188909446,0.000154855536990294,0.000150368014930436,0.000149966085579227
"2022-02-23",9.20925659831046e-05,0.000100507883965108,8.9825861501621e-05,9.3478808940713e-05,9.28271890017472e-05
"2022-02-24",0.0327288272987831,0.0330882126664402,0.0330215167163067,0.0333019931201842,0.0332936035142718
"2022-02-25",0.00222298230520662,0.00227172136169223,0.00220604354870295,0.00223394394417517,0.00223335840777748
"2022-02-28",0.00219442411545447,0.00232609981974117,0.00227134449664345,0.00232785874593711,0.00232756352150939
"2022-03-01",0.00106123254146169,0.00117407013054058,0.00115357827024417,0.00113937250207151,0.00112671963942002
"2022-03-02",3.50398096368292e-07,7.65098760083571e-09,1.41522527321175e-07,7.40932836940446e-08,5.98900738188367e-08
"2022-03-03",0.00647578137685687,0.00590426942629174,0.00586228375812666,0.00593683031419169,0.00594122795952077
"2022-03-04",0.000166668023985712,0.000106873700131191,0.000109670612918847,0.000105644268372499,0.000105788026553923
"2022-03-07",6.92663903878298e-05,0.00010657963537566,0.000109861516855882,0.000140123475364349,0.000135936536806371
"2022-03-08",0.0159960424408932,0.016580125364749,0.0165314033820711,0.0159359820888318,0.015932211663896
"2022-03-09",5.65480608652243e-05,3.94042747274884e-05,4.41156224552627e-05,5.05559380985055e-05,4.96593703042539e-05
"2022-03-10",8.96014600741435e-05,5.26815537258107e-05,5.51165703246585e-05,3.36741730192694e-05,3.3732065554191e-05
"2022-03-11",0.000829503989542663,0.000721964911988565,0.000719429552187842,0.000738079065129207,0.000737691847408989
"2022-03-14",1.78663774107798e-06,7.2624245750336e-06,9.50616351073134e-06,1.15487047304503e-06,1.36674517662343e-06
"2022-03-15",0.00860732228215899,0.00849762820490705,0.00834634473558583,0.00913746656388247,0.00910782699809831
"2022-03-16",0.000428901242029572,0.000399677819553614,0.000411061057801517,0.000313238406798591,0.000316388881314859
"2022-03-17",0.0041371483600698,0.00431167700210778,0.00429358668288576,0.00448694685792361,0.0044777656327084
"2022-03-18",0.00454875428681958,0.0047558147821684,0.00478201909961545,0.00474616062114876,0.00473239744648381
"2022-03-21",0.00293945237025412,0.00331031606129799,0.00331646965615093,0.003573154325069,0.00355424007788441
"2022-03-22",0.00803467095525159,0.00821601686402016,0.00820648360035335,0.00847206765132033,0.00846082123174677
"2022-03-23",0.00908122291282539,0.00882241433068082,0.00878729600546185,0.0089399223982666,0.00885798292269545
"2022-03-24",0.00208502082318755,0.00214657196543442,0.00218699686315755,0.00249606561167493,0.00251390317361916
"2022-03-25",0.00198604623436757,0.0017602324477837,0.00180356166934071,0.00166769247032627,0.00168560068270221
"2022-03-28",0.00151677901535735,0.00159061992667768,0.00160132052053533,0.00153454980421242,0.00148764868373083
"2022-03-29",0.000889734311045923,0.00113534501991217,0.00116845698383189,0.00109117607369483,0.00107346740673831
"2022-03-30",0.00238084563492951,0.0028304923094704,0.0028257980957442,0.00280281898837688,0.00282897162146289
"2022-03-31",0.00209091069627703,0.00242113984624338,0.00244474107526313,0.00244186723919187,0.0024797556678318
"2022-04-01",0.000303445110656906,0.000374793441095801,0.000419236935897098,0.000326922418040207,0.000327437467827701
"2022-04-04",0.00406675734925663,0.00424880574981841,0.00437305501788565,0.00419535507005037,0.00419956838211208
"2022-04-05",0.00118788802596267,0.00120029072524769,0.00122301226900965,0.00121065162978703,0.00120981859518584
"2022-04-06",0.00254234029031014,0.00253371244630411,0.00251199558264904,0.00261855995084058,0.00262617568383341
"2022-04-07",0.000502955060297365,0.000446702678567747,0.000448125793507594,0.000481656200200633,0.000477966727256019
"2022-04-08",0.000224327670831275,0.000270212493636903,0.000283183556775739,0.000260946216358262,0.000269207442416999
"2022-04-11",1.96167520652667e-05,1.22765916443163e-05,1.05939315480218e-05,1.22317149065148e-05,1.21713977814334e-05
"2022-04-12",0.00145584405338976,0.00139352129640477,0.0013904201586726,0.00133307468975798,0.00133747960402736
"2022-04-13",0.00314678760865571,0.00321704837211274,0.0031948906299811,0.00329731072709191,0.00329492054207049
"2022-04-14",0.00217738643581999,0.00226071198112207,0.00227962753796016,0.00239935921686197,0.00240038882377632
"2022-04-18",4.30677378696116e-06,8.24140607242452e-06,8.90915652779803e-06,9.24435040707674e-06,9.35736087697236e-06
"2022-04-19",0.000329545221856535,0.000361518834819251,0.000336867439148131,0.000398344885299372,0.000394951369212185
"2022-04-20",0.000489953505370533,0.000566848347026597,0.000558235234177376,0.000612836657469128,0.000612428798364438
"2022-04-21",0.00105414710890557,0.000977973038937534,0.000966066389820841,0.00093498107827371,0.000937371477379427
"2022-04-22",0.0023723641668664,0.00241201339405618,0.00239160303740066,0.00227695381972382,0.00227279152228731
"2022-04-25",0.018349182426057,0.017910026475059,0.0178351470246428,0.0174796923296557,0.0174851939689646
"2022-04-26",0.00370211238455728,0.00356168949027622,0.00354244739708454,0.00365662132743982,0.003661462617043
"2022-04-27",0.0166954512630966,0.0165533599936055,0.0164527801918679,0.0167217622670692,0.0167238398146676
"2022-04-28",0.00614818394669342,0.00602205321485277,0.00597223482492796,0.00599634858088994,0.0059957174366413
"2022-04-29",0.0109031737008968,0.0106109251047373,0.0107125761271632,0.00990789104700232,0.00990272379650432
"2022-05-02",0.0101914072163083,0.0104779212868784,0.0107023153546916,0.0107878054567603,0.0107906526669957
"2022-05-03",0.00717477755866393,0.00754250731202837,0.00753498166776417,0.00758261238844044,0.0075844500464652
"2022-05-04",0.0157105792226109,0.0166361382767554,0.0169783223996468,0.0171221758786242,0.0172829411424123
"2022-05-05",0.00690396289196079,0.00715303669110436,0.00775654427043084,0.00831449868203968,0.00833117071130746
"2022-05-06",0.0213075722949367,0.0242473494510185,0.0244874883099389,0.0268889894046229,0.0267995528045786
"2022-05-09",0.00146449557548328,0.00213041992593419,0.00223898863905402,0.00244620720280324,0.00246313809838623
"2022-05-10",0.000879770638092786,0.000985256758601561,0.00103046529998806,0.00091960053061318,0.000911252705422127
"2022-05-11",0.000979407903135255,0.00115814490475557,0.00116260233204902,0.00130589202429189,0.00132694884728815
"2022-05-12",0.0261729108005356,0.0280024478646507,0.0281710017252124,0.028594459011023,0.0286118136623103
"2022-05-13",0.0143430646732288,0.0132220500573035,0.0129909412521011,0.012540373777349,0.0125283712134812
"2022-05-16",0.00363272719878765,0.00318747776954099,0.00308210774594249,0.00289042557568453,0.00284625768284803
"2022-05-18",0.0100149711417131,0.00936345524932648,0.00924741180652566,0.0095384322033476,0.00932012289586301
"2022-05-19",1.05424885688303e-11,1.27213754889227e-05,1.98710459342177e-05,2.75825532934463e-05,3.23889209221094e-05
"2022-05-20",0.00270861091629947,0.00252889470659875,0.00247835660330651,0.00267574058177359,0.00262969391151867
"2022-05-23",0.000289035445246264,0.000295359573252756,0.000291175093352154,0.000306732615285958,0.00033806081919685
"2022-05-24",7.35742471574523e-06,3.35443199560487e-05,3.23717552951669e-05,4.89852882065281e-05,3.92361559494652e-05
"2022-05-25",0.00129954843098983,0.00118675574172094,0.00118339973642669,0.00116450455034111,0.00116630821595687
"2022-05-26",0.0132873935936179,0.0131284978655173,0.0130907308186377,0.0132921016253658,0.013268895813453
"2022-05-27",0.0296896083805769,0.0295269868724304,0.0295938551410633,0.0294107755893357,0.029386980132143
"2022-05-31",0.00614054967654393,0.00648576813073367,0.00653155496257614,0.00654088772469481,0.00652120794631506
"2022-06-01",0.00605900671135721,0.00632448391210449,0.00636680325122963,0.00652571929142786,0.00652251322325785
"2022-06-02",0.0125895834641577,0.0129177391812542,0.0129609405690716,0.0130358230083278,0.0130434432372631
"2022-06-03",0.00204844586837687,0.00229067734675619,0.00233401438720816,0.00214132842162135,0.00214379804316814
"2022-06-06",0.000670645679442182,0.000831973664536143,0.000843221565377822,0.000746125619640945,0.000747203804531437
"2022-06-07",0.00543866034342385,0.0056494287747783,0.00567441765464259,0.00568200543736999,0.00567403108642735
"2022-06-08",0.00872441200794805,0.00891950866336262,0.00892808223732907,0.00894112623397027,0.00894612279864149
"2022-06-09",0.00363333797452017,0.00359226313165335,0.0035718346611707,0.00353630595960135,0.00353370231785612
"2022-06-10",5.72549248025409e-05,3.95211347588018e-05,4.02260025150126e-05,2.59958776897201e-05,2.54180569630811e-05
"2022-06-13",0.00710445573497398,0.00644619381057171,0.00640791826902235,0.0064842745734991,0.00648067021332223
"2022-06-14",0.00217110163741636,0.00201904484844853,0.00199589055748818,0.00217220392964512,0.00216709810622065
"2022-06-15",0.041744349588723,0.0409560211534902,0.0408502825425951,0.0410842615800852,0.0410694162942343
"2022-06-16",0.00598964194343358,0.00594784981637683,0.00591723055495522,0.00588267781477016,0.0058620767933465
"2022-06-17",0.00247287806839118,0.00268602063283157,0.00269552519898939,0.00255416495213145,0.00256291636278017
"2022-06-21",0.0058419170959179,0.00562775915882461,0.00560161761463889,0.00601483815143861,0.00601294810280926
"2022-06-22",0.000406984447472432,0.000322998958930798,0.000319315945211473,0.000333163067110861,0.000334703381398334
"2022-06-23",0.00569007118042395,0.00513538125769837,0.00507424597699704,0.00550296468997424,0.00555230327887325
"2022-06-24",0.0183228479024443,0.0179989538780239,0.0179662768158965,0.0183160381840736,0.0183772615624405
"2022-06-27",0.00886826643459929,0.00845522821567724,0.0084131669920959,0.0085917929078987,0.0085998742050562
"2022-06-28",0.00235453633971872,0.00246805257792234,0.00248082373083307,0.0025498081680011,0.00255222325260239
"2022-06-29",0.000670508690532798,0.000690700578688633,0.000694065140137685,0.000702225555922653,0.000700315671696367
"2022-06-30",4.34092906262192e-05,2.47039447727472e-05,2.62046104703012e-05,2.4624205501219e-05,2.49879873938459e-05
"2022-07-01",0.000427450452490384,0.000431828381320946,0.000425666517089004,0.000392111842034294,0.000390492537144655
"2022-07-05",0.000468225739883153,0.000487179962451849,0.000483825027695405,0.000424129666504638,0.000420980230576189
"2022-07-06",0.00124683712169021,0.00135130798348636,0.00135563592980994,0.00142737192028435,0.00141616467847434
"2022-07-07",0.00930693908273223,0.0091169885344639,0.00911862005770165,0.00890751481888965,0.00891829543720631
"2022-07-08",0.00899460415315519,0.00881267066214547,0.00882179043678817,0.00885710166454381,0.00886108286841223
"2022-07-11",0.00764364889155984,0.00753396651568349,0.00754033900946436,0.0075926610801221,0.00761009092171958
"2022-07-12",0.00218913567693095,0.00200664360806017,0.00205324683254434,0.00190167807209943,0.00192457434010958
"2022-07-13",9.06392668919261e-05,0.000118054042862824,0.000118950419789312,0.000139053630160183,0.000137711768216853
"2022-07-14",0.000683404906918939,0.000891597317645487,0.000897785183683124,0.000990448997633824,0.000991227329109263
"2022-07-15",3.5785684346759e-05,2.76522828652769e-05,2.93059254181273e-05,2.14565987135335e-05,2.13474332682901e-05
"2022-07-18",2.63787422078409e-05,1.36157366827797e-05,1.41433966970188e-05,6.5702806376727e-06,6.34941284362481e-06
"2022-07-19",0.00360953997637209,0.0037329371566237,0.00373926739799559,0.00392718190743464,0.00395985085606542
"2022-07-20",0.0067918856045554,0.00645111003927277,0.00646792248702784,0.00662222253731473,0.0066486518408254
"2022-07-21",0.0020326993104491,0.00202335795046996,0.00202811787667457,0.00219504838877413,0.00220404217414884
"2022-07-22",0.00215148140484497,0.0021075637729875,0.00211285312415691,0.00210906400727106,0.00210102270047937
"2022-07-25",0.00148206691367294,0.00162353307382349,0.00164768066482347,0.00179283814798374,0.00180882232850199
"2022-07-26",0.00213797708110448,0.00224575810280684,0.0022669857030932,0.00223931543675215,0.00225461900663952
"2022-07-27",0.000214113339622268,0.000203045837714525,0.000205871953860979,0.000211424727515071,0.000209368266925472
"2022-07-28",0.00112427443497154,0.00114707280020985,0.00116455147721701,0.00127675485080278,0.00126695956355339
"2022-07-29",0.000535249834495002,0.000505310283574252,0.000506204710850945,0.000773390899835071,0.000755560533804947
"2022-08-01",0.00196105115286731,0.0019845267048919,0.0020040936014964,0.00210395250435585,0.00210102744599442
"2022-08-02",0.000102842929967999,6.80874692031667e-05,6.78943002050127e-05,3.62342992428824e-05,3.47642447652316e-05
"2022-08-03",0.003468620107448,0.00326091684500143,0.00325941477871633,0.00330446959515523,0.00331464692205426
"2022-08-04",0.00235244262345658,0.00208158331070858,0.00206870078421438,0.00185019944450191,0.00185809041370369
"2022-08-05",0.00338562373904416,0.00328624808218641,0.00328651447300392,0.00328192274540372,0.00326010658499487
"2022-08-08",0.000671168267444374,0.000549393519618276,0.000557577482143111,0.000477552478327255,0.000478428209654014
"2022-08-09",0.0015931459101547,0.00143935536359378,0.00143638412593441,0.00122185488791696,0.00122392122076385
"2022-08-10",0.00150415123827613,0.00149532927293669,0.00150058337559634,0.00137876906834065,0.00137177313051917
"2022-08-11",0.00152889512963438,0.00168907930646139,0.0017083681370801,0.00178187846134119,0.00177862953903833
"2022-08-12",0.00325716577381621,0.00330053683702373,0.00333612657159755,0.003266961129674,0.00323091246699702
"2022-08-15",0.00604668551353835,0.00620229100569119,0.0062829876000115,0.00631721005369999,0.00632819582274352
"2022-08-16",0.00424556086218243,0.00445249721780549,0.00446734267241246,0.00441127777260579,0.00441411627316407
"2022-08-17",1.50543186763959e-05,1.64748938164076e-05,1.74444145007866e-05,2.25095948312986e-05,2.23888060709813e-05
"2022-08-18",0.00139288397696276,0.00142293272827761,0.00143035275561522,0.00137818159533808,0.00137215140019631
"2022-08-19",0.0010469691446383,0.00121192308515246,0.00123153052048364,0.00122750785834307,0.00123427824220607
"2022-08-22",3.10977847847941e-05,3.2411363105326e-05,3.3992891384868e-05,2.87037190947556e-05,2.85487018146536e-05
"2022-08-23",9.81684890040207e-05,8.69026872804623e-05,8.51490559746931e-05,9.55273480390637e-05,9.5212500021232e-05
"2022-08-24",0.00135589892230804,0.00138422485374988,0.00138492334682508,0.00133490705542069,0.00133409620456665
"2022-08-25",0.00113435638062675,0.00124316325338579,0.00124771592921994,0.00114571503478,0.00114950792481393
"2022-08-26",0.00533534468950802,0.00532881515729466,0.0053148965311356,0.00542705151599167,0.0054192480932713
"2022-08-29",0.00169761099370113,0.00157953044881781,0.00157192734694728,0.00157744822916934,0.00157701965066801
"2022-08-30",0.00281264220705041,0.0027354698346865,0.00272774308375607,0.00278361132981772,0.00278531872542391
"2022-08-31",0.00579258000609939,0.00550891655994591,0.00549338797241052,0.00551429023453302,0.00551832980962763
"2022-09-01",0.00485247173334845,0.00473821718442423,0.0047482267481021,0.00493324479567039,0.00493484404163695
"2022-09-02",0.00158553213678398,0.00165185402485189,0.00166794347866528,0.00160580680775446,0.00162798043444773
"2022-09-06",0.00294494308694741,0.00290533115457797,0.00290745228244784,0.00289360678264445,0.00290620387582531
"2022-09-08",0.00161706406905959,0.00160470754590157,0.00160956689604223,0.00162271834199818,0.00161485649533308
"2022-09-09",0.00406368706056656,0.00407080824118524,0.00406734437265893,0.00407269971032092,0.00400492575921503
"2022-09-12",0.00249186475012017,0.00239466159732504,0.00236897199528341,0.00236411594929847,0.00238930275565964
"2022-09-13",0.000112097481390359,7.63813841171197e-05,7.34121720360546e-05,7.68898840704934e-05,7.59610375293376e-05
"2022-09-14",0.000237586165088924,0.000209639397512641,0.000205036810578148,0.000236231520393791,0.000232238694596693
"2022-09-15",0.00134388272979535,0.00121810878042791,0.00120667060741547,0.00125330677474606,0.00125004527631555
"2022-09-16",0.00340026347118538,0.00357047821274973,0.00358099313780556,0.0036226218208205,0.00365629800541226
"2022-09-19",0.000130707526054399,0.000105660708703642,0.000132944755172589,0.000121411665959682,0.000123492087171536
"2022-09-20",0.000789963926706882,0.000812842488870347,0.0008231192604401,0.000826811832061869,0.000842723809918865
"2022-09-21",0.0258986572559873,0.0261132039666001,0.026087972884532,0.0260402274122114,0.0260293123814165
"2022-09-22",0.00183190247886645,0.00187565036819828,0.00187589961865865,0.0018166571370584,0.00178062713584706
"2022-09-23",2.72581338264592e-05,4.04768216566483e-05,3.97973704603803e-05,3.19789775676253e-05,2.75354766229341e-05
"2022-09-26",0.0028624156998148,0.00270011567640086,0.0026882236404901,0.0026175993782073,0.0026039381123406
"2022-09-27",0.000780441979072516,0.000695075032744766,0.000683905771321426,0.000665242622921587,0.000664104538364764
"2022-09-28",0.000100908345904402,0.000139998286125038,0.000151685393860379,0.000133614118406607,0.000143150429235703
"2022-09-29",6.64003981144727e-05,7.85381389134517e-05,8.03401581125179e-05,8.81772961606418e-05,9.1223070236437e-05
"2022-09-30",0.000696046959078022,0.0007736813619533,0.000782998561440048,0.000769175285101692,0.000761222818965288
"2022-10-04",0.00370087414475332,0.00350935716285278,0.00348240155453367,0.00358445428609952,0.00362729074852903
"2022-10-05",0.00204871523336537,0.00186813284289765,0.00185778021001214,0.00189184711713129,0.00191612528021508
"2022-10-06",0.00315833173163641,0.00314989363591741,0.00314996421927444,0.00315206174718427,0.00319288601370179
"2022-10-07",0.00387707720160551,0.00384574887959353,0.00384674154001252,0.00384316023669198,0.00383974685041088
"2022-10-10",0.000463592726819172,0.000392350117944162,0.000380053359665268,0.000386172077063794,0.000388389140621328
"2022-10-11",0.000430360903251574,0.000501223033044836,0.000511182457086603,0.000578675776473123,0.000565325006576662
"2022-10-12",0.000226292785852405,0.000267349571666456,0.000268848998206022,0.000296343072723791,0.000294075580377488
"2022-10-13",0.0239440176985073,0.0242575346465449,0.0242443608627731,0.0244294288060109,0.0244016537393106
"2022-10-14",0.00863139352885496,0.00860869645183021,0.00859073344640093,0.00869979255898436,0.00874151281896961
"2022-10-17",0.00127952415517724,0.00131013538748099,0.00131661036647173,0.00137515154549737,0.0013777547930366
"2022-10-18",0.0106263568578396,0.010874825697584,0.0111911269726366,0.011434331580613,0.0114108395528937
"2022-10-19",2.49029714353162e-05,3.04423819124876e-05,3.61122130117127e-05,3.76396527086057e-05,3.35308425483847e-05
"2022-10-20",0.00624536641519957,0.00567243602941846,0.00559636842491447,0.00588722699144568,0.0059545735759276
"2022-10-21",0.000907613926555392,0.000701432812780537,0.000674693608766758,0.000752477620843247,0.000761469645550105
"2022-10-24",4.45914997013799e-05,5.89374925542547e-05,5.72388779382547e-05,5.5546884474643e-05,5.47954434332565e-05
"2022-10-25",0.0132799412589647,0.0137133322469071,0.0137222058992119,0.0141822921583931,0.0138304045580287
"2022-10-26",0.00173472812508008,0.00192676641499563,0.00193969378309762,0.0021355981490928,0.0021329513176633
"2022-10-27",1.52135426579764e-05,9.80390179675907e-06,9.48735486520916e-06,1.31422200061419e-05,1.09285218405132e-05
"2022-10-28",0.00334500399818204,0.00354449134325406,0.00356672403751241,0.00290264677047054,0.00297925083659231
"2022-10-31",0.000144732190884594,0.000113460816681674,0.000108847018801562,0.000137118275192591,0.000131215891093699
"2022-11-01",0.000378081266338833,0.000394203910961071,0.000397160613426634,0.000501511625525063,0.000516983210932131
"2022-11-02",0.0702458845939938,0.0708056173466813,0.0708722128161586,0.0716247413904731,0.071148139528852
"2022-11-03",8.12363783509921e-05,0.000179980953185295,0.000185894453974087,0.000321486076505533,0.00030945645174542
"2022-11-04",0.00744934713276443,0.0073247248510224,0.00736849831637861,0.00806254613532912,0.00819297840208439
"2022-11-07",2.2205654026283e-06,3.74285484539596e-06,3.54292723042359e-06,3.39095879199996e-06,6.02153871664195e-06
"2022-11-08",0.000154641714932561,0.000182675761875443,0.000185936011099598,0.000168141424899283,0.000162115315208203
"2022-11-09",0.0141562050816486,0.0142435939318888,0.0142610744352856,0.0142343555203234,0.0144913057590135
"2022-11-10",0.000943425348001379,0.000892299281954542,0.000888111414751545,0.000874429743418317,0.00094543776268376
"2022-11-11",0.00224781647897673,0.00229022680761981,0.00223912851212984,0.00208557880688016,0.00200184252428436
"2022-11-14",0.00525858095465089,0.00568426572018377,0.00573571582742051,0.00534025140896537,0.00536314253122365
"2022-11-15",0.00104145712174058,0.000911654532106636,0.000993839879422596,0.00112249523894433,0.00120651631813417
"2022-11-16",0.000773009248678547,0.000865618731215754,0.000808167693455897,0.0008044577503282,0.000785084065413187
"2022-11-17",0.00255838091314254,0.00254136478807255,0.00250109199483523,0.00252055295386552,0.00247724491446246
"2022-11-18",0.00397679409458882,0.00400595342972253,0.00386649115635925,0.00363889514084321,0.00353423017024086
"2022-11-21",0.00503128864599661,0.00532733828391165,0.0053332209515221,0.00512686116033499,0.00492295276191015
"2022-11-22",0.0151856013021557,0.0152984744623568,0.0152360769898774,0.0154181465953104,0.0152673070194815
"2022-11-23",0.00470777793439957,0.00488843815656761,0.00485056861471977,0.0048305429238461,0.00465055696191095
"2022-11-25",0.0140729197217306,0.0144280859693424,0.0145336772684466,0.013797946327766,0.0137647417935761
"2022-11-28",0.00307749262794342,0.00312972028367515,0.00311584516898205,0.00289018160206167,0.00282301324309202
"2022-11-29",0.000180286389201493,0.000157581410934917,0.000149280940715869,0.00020475781162498,0.00022299046658733
"2022-11-30",0.00688638592573966,0.00665449819701921,0.00677006607810242,0.00716628548120936,0.00728684022607541
"2022-12-01",2.59956990662944e-05,8.94802466171942e-06,6.99722126063745e-06,3.03387660886188e-06,7.66041464022446e-06
"2022-12-02",3.37103688220749e-06,7.25396388610244e-06,4.68090824979834e-06,3.07247066035419e-05,4.20402478811983e-05
"2022-12-06",1.30034080026478e-05,8.69279363138727e-06,6.42273425516054e-06,9.08187895158808e-06,1.46773116895135e-05
"2022-12-07",0.000375399456935555,0.000305659229407111,0.00025353931077632,0.000329320870444285,0.000350793569736764
"2022-12-08",0.00216257205816813,0.00224724297581905,0.0022132500554568,0.0022427192812262,0.00219611378799535
"2022-12-09",0.000318962274590014,0.000330804611096226,0.000376188920984342,0.000335813219946186,0.000341663554520708
"2022-12-12",0.000522697023171027,0.000497722382836926,0.000495078963228483,0.000514126565037432,0.000550882441530159
"2022-12-13",0.012897825666316,0.0128764353168834,0.0127845664853458,0.0120720685634184,0.0120295923180362
"2022-12-14",0.0312764306591183,0.0308476524149655,0.0305879583969843,0.0307654786773981,0.0307274105615656
"2022-12-15",6.8745585616523e-05,4.65516465478792e-05,3.38294712321711e-05,4.78389788745269e-05,4.58449899621654e-05
"2022-12-16",0.000567239756706032,0.000446798118088049,0.000394753335788264,0.000422625575110642,0.00042537128790144
"2022-12-19",0.000445710408581366,0.000530092671967076,0.000493526841002827,0.00041534513498671,0.00040537074802393
"2022-12-20",0.000113934898856347,0.000103991780402873,9.47387832006822e-05,0.000120103501350497,0.000121888492260275
"2022-12-21",0.0106230198416354,0.0104381798986628,0.0103465159350463,0.0106058571571025,0.0105717012097413
"2022-12-22",0.00090208409688015,0.000874668581787974,0.000887604028554709,0.00109329238859044,0.00104256146773125
"2022-12-23",0.000109402114882011,0.000118224651029598,0.000120360880597144,0.000133965934024191,0.00015362611008447
"2022-12-27",0.00119775516030205,0.00120912321491657,0.00123005410168972,0.00117040538717161,0.00118886782649628
"2022-12-29",0.00200144567818476,0.00207573135630782,0.0021300328443177,0.00207259345773598,0.00203940603600894
"2022-12-30",0.000423706508220068,0.000480642793698649,0.000508062686282739,0.000432944561932412,0.00042504095279997
"2023-01-03",0.00156309307245079,0.00153386571090357,0.00151113905882256,0.00153257000012293,0.00156759573757972
"2023-01-04",0.00583911934700943,0.0056686902971715,0.00556701440796389,0.00573729734925168,0.00578091028860826
"2023-01-05",0.000566871003858491,0.000524460583697814,0.000505877225037091,0.000576910749405892,0.0005841031991147
"2023-01-06",0.00340945688748334,0.00325072970523043,0.00318342915842885,0.00353100361238645,0.00354405201098854
"2023-01-09",0.000223257704890004,0.00025449401336012,0.000268554337083051,0.000222744849459829,0.000198536887861897
"2023-01-10",0.000110192021086844,0.000117338624719918,0.000117250363303484,0.000134019793840509,0.000130224459989839
"2023-01-11",0.00719177621858812,0.00690740911064971,0.00684711312483239,0.00604837565467074,0.00597218584624296
"2023-01-12",0.00117933761821083,0.0012177710626952,0.00122827689608752,0.00115173485400657,0.00119473288995905
"2023-01-17",0.00355921685799456,0.00354567017831871,0.00353536640633023,0.00352246704502083,0.00351729171857083
"2023-01-18",0.000361063213129006,0.000356670175310093,0.000356264580576055,0.000343954860604768,0.00034709542091672
"2023-01-19",0.000749497457046913,0.000772521959256384,0.000775866189513145,0.00068036881370917,0.000697282406814138
"2023-01-20",0.000675854074563697,0.000715722035623718,0.00072686103587243,0.00058753588071,0.00059833800110375
"2023-01-23",0.0012348027744333,0.001270657744424,0.00127190396328553,0.00142164101949767,0.00139968229571255
"2023-01-24",0.00213647215784322,0.00214982587717612,0.00215174763326594,0.0020867890767505,0.00204453234749821
"2023-01-25",6.04986534880126e-05,6.01316248371009e-05,6.13573973347024e-05,4.83711948226562e-05,4.62175571027184e-05
"2023-01-26",0.00218204642610139,0.00219627325547456,0.00220198783347708,0.00281041861362452,0.00280363351543795
"2023-01-27",0.00227788464061158,0.00228822393453652,0.00229358924298165,0.00237210121764668,0.00235145046811183
"2023-01-30",0.00096169641201032,0.000986250866044352,0.00099960994046738,0.000913865825118586,0.000889304291765819
"2023-01-31",0.000536856586000692,0.000529540564218728,0.000531584122166626,0.000535046893981437,0.000524095508940701
"2023-02-01",0.0100434402157899,0.0100162431499637,0.0100070966432,0.0100677153991382,0.00992595572686703
"2023-02-02",0.000996659540755288,0.000996433116134982,0.000993067293735786,0.00091765154898403,0.000903330769983518
"2023-02-03",0.0415796835275511,0.0415596309606498,0.0415301802950995,0.0375885959678078,0.0376944156308041
"2023-02-06",0.000742171668742824,0.000741899760673239,0.000737957881112966,0.000458458387064561,0.000453660184286146
"2023-02-07",0.00775607600467188,0.00773966902554757,0.00774411601212773,0.00775354421495274,0.00781854943616495
"2023-02-08",0.00117119738784857,0.00117805973393075,0.00120834127162912,0.00115666583263368,0.00113648929926635
"2023-02-09",0.000849932966823205,0.000809245140309405,0.000806755439212803,0.00058442882555469,0.000589986314935028
"2023-02-10",0.00645394303519438,0.00647086161988655,0.00642692451319411,0.00566678664085932,0.00572218087232658
"2023-02-13",0.00876744506619893,0.00863649587905499,0.00891198186518176,0.00846980730580963,0.00839317447500144
"2023-02-14",0.000480429460279029,0.00047922608429539,0.000489638304089351,0.000367768320179614,0.000365847470198577
"2023-02-15",0.000253926552806601,0.000269390359841607,0.000295478180924408,0.000254375287011187,0.000251738423355348
"2023-02-16",0.00122962993320129,0.00122526996013484,0.00123619070727261,0.00105999956000193,0.0010408337698447
"2023-02-17",0.00361508433085571,0.00355077216829287,0.00354277626181657,0.00335390111400062,0.00334851114206503
"2023-02-21",0.00276880939597868,0.00276535860882251,0.00282453557343847,0.00266949752527441,0.00266803154034677
"2023-02-22",0.000372304043386051,0.000408549844608327,0.000418995164551479,0.000378560453256093,0.000394053260683185
"2023-02-23",0.0046147194415453,0.00453895961281874,0.00464130145824765,0.00429507710282644,0.00429781727236144
"2023-02-24",0.00302245343659792,0.00300599469303792,0.00305766336600846,0.00299453792855811,0.00296544396428696
"2023-02-27",0.00403044167617134,0.0040359093273326,0.00398666046574762,0.00386534317103607,0.00384936074511534
"2023-02-28",0.0038283240864331,0.00394540174986179,0.00393418849315748,0.00368586240996579,0.00367205626851024
"2023-03-01",0.00224360680641851,0.00221627784044185,0.00222294040129449,0.00222657045128301,0.00220749996701837
"2023-03-02",0.00204387166610196,0.00201647256174896,0.00202886102843791,0.00211513824877957,0.0021024699092042
"2023-03-03",0.00103277677285467,0.00106480812339838,0.00107166939923158,0.00112802484571619,0.00114079956647849
"2023-03-06",8.3662671684552e-05,7.52913763915713e-05,8.14435420027951e-05,9.14918714252896e-05,9.13476497713395e-05
"2023-03-07",0.000298798771629221,0.000292438348340554,0.000281035370309943,0.00029925968502222,0.000300285143528071
"2023-03-08",1.63650369108672e-07,2.28173570759769e-06,2.41884096537099e-06,3.02360902330832e-06,2.90101002986131e-06
"2023-03-09",7.90408730168091e-06,4.03457953090125e-06,2.61339021219931e-06,3.32816005151901e-06,3.62287699588745e-06
"2023-03-10",0.00683079623901113,0.00691928294564227,0.0068804576967933,0.00694207962366035,0.00693517050772915
"2023-03-13",0.00354884235682357,0.00374987079277639,0.0037060288046621,0.00378541461503436,0.00377544630642179
"2023-03-14",0.000971412012376283,0.000980893716146342,0.000976751531704913,0.000942234670152801,0.000946526812181242
"2023-03-15",0.00795663797615605,0.00804116688143314,0.00804232303059044,0.00814906811238807,0.00822510211394165
"2023-03-16",0.000512785660292033,0.000518677936898167,0.000506559533784007,0.000338660182828215,0.000345564775552546
"2023-03-17",5.74160058227957e-06,2.48337310877205e-06,4.10875894086971e-06,2.1084619347876e-05,2.30034440803623e-05
"2023-03-20",0.00128439764081711,0.00125724650223815,0.00127157338542275,0.00230322486909502,0.00244292803341554
"2023-03-21",0.00570165576346648,0.00586476345049698,0.00578196052080504,0.00654697850385881,0.0065750146886463
"2023-03-22",3.27231714597181e-05,1.87052711929043e-05,2.56335501602131e-05,2.96610976410585e-06,2.17674691634506e-06
"2023-03-23",3.71642306794651e-06,5.50355067032727e-06,4.07979872987905e-06,1.78282241483261e-05,1.90147490761167e-05
"2023-03-24",0.000556974507643174,0.000587096585894611,0.000569717972039958,0.000622354545776934,0.000609164343834823
"2023-03-27",0.00439134109066718,0.00444151780337138,0.00444958142773718,0.0045180258342569,0.00448779205233686
"2023-03-28",0.00427466761369771,0.00424732619143008,0.00427669586873759,0.00424991300424564,0.00423979540471469
"2023-03-29",0.0107515307290291,0.0107870974828382,0.0108149364835168,0.0107360496932704,0.0107341540329296
"2023-03-30",0.0127665943243364,0.0128328086387931,0.0128488660584172,0.0126305082339417,0.0126480602420102
"2023-03-31",0.0120007715565615,0.0121817133546421,0.0122029287691139,0.012153611896716,0.0120931334048018
"2023-04-03",0.005821949030101,0.00580141124304928,0.00582383206959167,0.00610373091923892,0.00604905163551712
"2023-04-04",0.00333347627965884,0.00327185032193027,0.00339365927472553,0.00359638443941391,0.00362246979682106
"2023-04-05",0.00105578547953676,0.00100340354821192,0.00105820544228752,0.00116952288705343,0.0011578935189084
"2023-04-06",0.00104540887890127,0.00102518814638495,0.001070086978655,0.00114787177363974,0.00115990789100076
"2023-04-10",0.000173304774875659,0.000174335079852366,0.000191089717311501,0.000186484632394707,0.000187003773959794
"2023-04-11",0.00161513349722141,0.00164652026600836,0.00170764579630725,0.00163115277702896,0.00162244843071096
"2023-04-12",3.1828319411424e-05,2.81017936669881e-05,2.58404634629046e-05,1.79835072447126e-05,1.83753484043354e-05
"2023-04-13",0.000606704752965709,0.000616154358511171,0.000611735769669552,0.000663538660138053,0.00066585930692854
"2023-04-14",1.07828750468433e-05,1.02259588405924e-05,1.21001183949392e-05,5.79215824060468e-06,4.96916602191814e-06
"2023-04-17",0.000864651110115983,0.00084895413226445,0.00084908585299927,0.000785495513787772,0.000796864122538432
"2023-04-18",0.000323548977164186,0.00031797594338946,0.000350830824083618,0.000364836003952929,0.000354284872927801
"2023-04-19",0.00177581979548385,0.00181901325598518,0.00186005479934269,0.00190062640562659,0.00191952133711524
"2023-04-20",0.000661926015785627,0.000673797103086808,0.000703648349684798,0.000719188381229815,0.000735819345523492
"2023-04-21",0.000381966267039101,0.000381619314822021,0.000393313362453897,0.000481720957951253,0.000449698615005369
"2023-04-24",0.0013523101456696,0.00131084978634774,0.00134851111254006,0.0014080330272013,0.00137993463701686
"2023-04-25",0.000248382520248679,0.000253509328749019,0.000259925850758012,0.000231483936379802,0.000209684394134693
"2023-04-26",0.00013314149248017,0.000141030346075675,0.000125283386017039,7.97151366468431e-05,7.91919814120093e-05
"2023-04-27",0.000426501614090841,0.000424304970242009,0.000455559890555647,0.000978950047346595,0.00100590526085482
"2023-04-28",0.000199736499541044,0.000198971223845814,0.000217372096229417,0.000309248144683083,0.000324765449573714
"2023-05-01",0.000263169363457463,0.000258603815249842,0.000275267359977977,0.000285857844578282,0.000297644830902774
"2023-05-02",0.000261701066475935,0.000278267807630143,0.000285496241208135,0.000230574075513399,0.000239665511096161
"2023-05-03",0.0042254168790221,0.00411477512863441,0.00409157432135336,0.0043730986280441,0.00446120907475018
"2023-05-04",0.00184450827262353,0.00158046015087398,0.00161461345342639,0.00186696103319797,0.00188495552849646
"2023-05-05",0.00114578089813161,0.00107622203419989,0.00114867997929043,0.00120710794774047,0.001197501965505
"2023-05-08",2.19880916059906e-06,1.85220070473394e-06,7.07685612165986e-07,2.15797538157861e-06,2.49526081206485e-06
"2023-05-09",0.00124035929681656,0.00134248237159874,0.00135383977380499,0.00148978380543453,0.00149310728226445
"2023-05-10",0.00112025731621785,0.00120721806228136,0.00108345279546468,0.0011148725602721,0.0011160901176577
"2023-05-11",0.00249431615016152,0.00257979050193765,0.00255782591361429,0.00263637918282439,0.00263493457123575
"2023-05-12",0.00324555579785059,0.0031417043255746,0.00315811209778772,0.00303673274157677,0.00307018812056851
"2023-05-15",0.00328006270686923,0.00320044012559803,0.00318880028866462,0.00305406466686647,0.00305141985383644
"2023-05-16",0.00159884934470896,0.00159690142434287,0.00158715148694808,0.00154057228667786,0.00151081814449347
"2023-05-17",7.04768350174858e-05,8.53327748191715e-05,8.75627846101194e-05,0.000128034597673458,0.000128328309411941
"2023-05-18",0.000358665542970799,0.0003756314147786,0.000379605730926309,0.00046536960978896,0.000468340774840681
"2023-05-19",3.28088869765941e-05,3.1229711618655e-05,3.84086523001761e-05,4.28333001449275e-05,4.35327736495603e-05
"2023-05-22",0.000143850944813714,0.000142721293743699,0.000164965251162899,0.000153010035432471,0.000152887045960694
"2023-05-23",9.25284631287731e-05,0.000100821449809025,7.30944549849401e-05,0.000117750429274818,0.000119871139243372
"2023-05-24",3.75165105354977e-06,4.15853372885416e-06,1.11465040448271e-05,1.57876658093818e-05,1.61945881062523e-05
"2023-05-25",8.81614189154405e-05,6.87950453554722e-05,7.53797997391727e-05,8.78600188585447e-05,8.65016162248789e-05
"2023-05-26",0.000396989752995692,0.000428770661663935,0.000438618863892621,0.000417914269514867,0.000420601884611902
"2023-05-30",0.000106859040786924,0.000102199444102715,0.000107565259049994,0.000147025737310434,0.00014592915689857
"2023-05-31",0.00119704840749646,0.00118002947388491,0.00116747328340986,0.00116379855334662,0.00116379297366423
"2023-06-01",3.34987020106768e-06,4.40323590783578e-06,5.6268583021496e-06,5.52371653655223e-06,5.60763160904174e-06
"2023-06-02",0.000202539520053396,0.00022608902044719,0.000213403799185467,0.000215957211424509,0.000215283635150211
"2023-06-05",0.0162216350590252,0.0161889254628726,0.0163608718510482,0.0156746455697547,0.0156697276954398
"2023-06-06",0.00043570169694421,0.000405295729039742,0.000452521917164778,0.000452943772147793,0.000453646426398787
"2023-06-07",0.000114729416463627,0.000110680559300519,0.000121326308331615,0.000135854044903462,0.000135665526586613
"2023-06-08",0.00015202439824836,0.00015302633793032,7.94020457283335e-05,6.84474618557678e-05,6.81209220607486e-05
"2023-06-09",4.67551462455179e-05,5.65768488617379e-05,2.7395108445388e-05,2.51965605689362e-05,2.49559096425029e-05
"2023-06-12",0.00495831161823057,0.0046628332320785,0.00469837734783765,0.00457868679406686,0.00456179770316113
"2023-06-13",0.000840515465570258,0.000792770961830808,0.000811279409236313,0.000766739149571075,0.000791279091838958
"2023-06-14",6.90733184827464e-06,8.98717118146609e-06,1.20483811130676e-05,8.76017188979465e-06,8.73836760261247e-06
"2023-06-15",0.000930158468858238,0.000941892431835737,0.000940451561857003,0.000918398782806231,0.00091601490908967
"2023-06-16",0.000475327083889303,0.000484827040060754,0.000493764036487637,0.000410086242822758,0.000411455590300694
"2023-06-22",0.000543154646638667,0.000562770890455508,0.000550626385644411,0.000520054378233238,0.00051476469189827
"2023-06-23",0.0006884072120757,0.000669758099353734,0.0006629111843524,0.000673532356675079,0.00067335867094689
"2023-06-26",0.00133829514051967,0.00139051674855607,0.00139815576897421,0.00141234879749968,0.00141807415030481
"2023-06-27",0.00153813795289567,0.00153431932107923,0.00157022579309576,0.00184153970618476,0.0018427487433091
"2023-06-28",0.000451504378405864,0.000473172905553857,0.000426727869384881,0.000432578014513775,0.000432495763544619
"2023-06-29",0.000452125200520145,0.000455078425356768,0.000476172293721595,0.000474185746111807,0.000471778918129538
"2023-06-30",0.00047749361458768,0.000472945973188897,0.000466393020607797,0.000439026050132466,0.000438777011554303
"2023-07-03",0.00198318665670206,0.00196740301069327,0.00188364922254945,0.00187090321207718,0.00188128742782253
"2023-07-05",0.000387166089576706,0.0003847196186485,0.000347622531902402,0.000332128929687741,0.000333291177903131
"2023-07-06",0.000544270716931701,0.000542322605116314,0.00054112074132361,0.000532941843215255,0.000532375662691665
"2023-07-07",0.000358412940942627,0.000360912127965538,0.000348742150052454,0.000314181836713639,0.000315638349809091
"2023-07-10",6.37486916915113e-05,6.38468819525384e-05,5.81335829436018e-05,6.41757743723622e-05,6.41566743717075e-05
"2023-07-11",1.51086185780383e-05,1.65019322342765e-05,1.61353459286253e-05,5.81730588129012e-06,6.35737421724739e-06
"2023-07-12",0.000290760156241965,0.000287697606838503,0.000303402103259923,0.000320265718797372,0.000318843593630548
"2023-07-13",0.000620709912789974,0.000629366597518617,0.00060900198532735,0.00070821138727064,0.000709190425082858
"2023-07-14",0.000495724586459848,0.00049632778209793,0.000504542986351025,0.000577968424619261,0.000578121700885863
"2023-07-17",0.000548103537074048,0.000548357970019742,0.000550150422869293,0.000452632392044211,0.000456266023062504
"2023-07-18",0.000639037228673029,0.000637578714315892,0.000658175704931324,0.00068905953756641,0.00068799481527482
"2023-07-19",0.012295321877374,0.0122954482270712,0.0121638196269125,0.0122177742591749,0.0122208344184966
"2023-07-20",0.00145991196897115,0.00146154794013511,0.0014167291151229,0.00149418514128742,0.00149547921227394
"2023-07-21",0.000736865972086769,0.000735948209439244,0.000727629737821616,0.000671223270433111,0.000673188158297477
"2023-07-24",7.16904962074744e-06,7.96977787492617e-06,1.1886216932415e-05,4.46804870743414e-06,3.82725320671725e-06
"2023-07-25",0.000829195456307402,0.000840756931721898,0.000802272699970734,0.000819351262497253,0.000817384011457251
"2023-07-26",5.98115182582026e-05,4.97315975039e-05,5.49113261112449e-05,1.44473760022879e-05,1.4154341882813e-05
"2023-07-27",7.42483178147917e-05,7.04233899525049e-05,5.7133323709087e-05,9.43740636317713e-05,9.37214697308258e-05
"2023-07-28",0.00122341487436933,0.00123274080693378,0.0011850588635371,0.00162646599412511,0.00164108831174884
"2023-07-31",0.00267729674214101,0.00266375589470518,0.00263316743430716,0.00294900379410179,0.00295189399723095
"2023-08-01",0.000580753731675008,0.000584352690009795,0.00059549136171212,0.000624197614260895,0.000616975337127576
"2023-08-02",0.000335134074544345,0.000348870027955007,0.000358357720583333,0.000301373273360864,0.000310763797456953
"2023-08-03",9.71340932812552e-05,0.000134993386333079,0.000140400355683785,4.86802901722439e-05,5.15060857778107e-05
"2023-08-04",0.0164018192798823,0.0163658864323013,0.0162249489234655,0.0166805514381296,0.0166545092148181
"2023-08-07",0.00724131840098027,0.00726603799408531,0.00719780602774135,0.00715353466467294,0.00713444173104244
"2023-08-08",0.000262039863776567,0.000261097772814026,0.000248238486745527,0.000272909584838674,0.000267274241673208
"2023-08-09",0.000371588163871585,0.00037386026864353,0.000361242245625277,0.000338686669010283,0.000331125795937324
"2023-08-10",0.00139004869501651,0.00142845642668898,0.00145592954718084,0.00157202094742369,0.00157044163129061
"2023-08-11",0.000805940978165473,0.000686956937863367,0.000566505037634739,0.00035980238946509,0.000355329100631802
"2023-08-14",0.00272635028456674,0.00253780457250537,0.00234289735370845,0.00185071481097201,0.00184776922768247
"2023-08-15",0.0021483094293671,0.00208258367534657,0.00179806233463003,0.00172562961856325,0.001724177766812
"2023-08-17",7.57786440822976e-07,1.15611972628034e-06,8.43308104447655e-06,2.01436057752055e-05,1.9993012698625e-05
"2023-08-18",5.62554537580487e-05,6.01357960723253e-05,6.50756156616324e-05,4.0867698009965e-05,4.05146026372295e-05
"2023-08-21",0.00118437406611886,0.00116130685551228,0.00119461468602084,0.00115631663025813,0.00116062417370034
"2023-08-22",0.000365588305027141,0.000359159006873597,0.000386423134862461,0.000339519493616226,0.000339633630781039
"2023-08-23",0.000197255681832301,0.000197479580634407,0.000196784750066141,0.000261979705388968,0.000261780310717403
"2023-08-24",3.46072575053817e-05,2.48515738691398e-05,2.99024791209883e-05,2.97676184280152e-05,2.96674772297959e-05
"2023-08-25",0.00123117625648089,0.00128778727761271,0.0012562559537966,0.0013439342521971,0.00134310689338105
"2023-08-28",2.65548657122061e-05,2.20782779733741e-05,2.71560075068251e-05,1.79295815914119e-05,1.79164750002244e-05
"2023-08-29",0.00015782193372548,0.000153402418512422,0.000165277243719688,0.000191550645090431,0.000191436040194057
"2023-08-30",2.32267294810617e-06,1.03421586994253e-06,1.62294430589147e-06,6.54060276667614e-07,6.59581464467477e-07
"2023-08-31",5.61971379935556e-05,5.62286153049212e-05,6.37975381428822e-05,6.8276219384857e-05,6.57405790268825e-05
"2023-09-01",0.00136657460625753,0.00136011842992979,0.00142378194649994,0.00152590467960844,0.00159818986832256
"2023-09-05",0.00038537895169841,0.000385535810728114,0.000432535838735329,0.00040903044559145,0.000408933670039017
"2023-09-06",0.000562955404375057,0.000578557754884655,0.000551247012573139,0.000616856884227235,0.000625829731083011
"2023-09-07",0.00980095588508602,0.00987897087842828,0.00967554637749961,0.00975497539044317,0.00977351317747195
"2023-09-08",6.43284484666263e-05,7.11267381949012e-05,4.76778361195718e-05,3.69214848534666e-05,3.30019591776505e-05
"2023-09-11",5.70966929801957e-14,1.90865462468923e-07,3.8837892051465e-07,1.17975257757488e-06,9.91062245993387e-07
"2023-09-12",0.00780330502223819,0.00780160989159256,0.00763762479567334,0.00708678345888229,0.007141541476549
"2023-09-13",0.00186797516076949,0.00193162881311119,0.00198980882815437,0.00200298113489453,0.00203542515444649
"2023-09-14",0.000443373570872362,0.000387488522161698,0.000399649531641642,0.00028803581525567,0.00030530632701231
"2023-09-15",9.18594450723444e-07,3.01886394963832e-08,5.14988961919745e-07,3.90648650026887e-10,1.24257879219743e-09
"2023-09-18",9.41577644800086e-05,0.000111634632888153,0.000102572643591277,0.000130485573508553,0.000128527892494766
"2023-09-19",0.000967801696025037,0.000945661860995019,0.00100677092228197,0.000740317104664932,0.000722221866434343
"2023-09-20",2.74959929057976e-05,2.54885229976046e-05,1.36770919084261e-05,3.30787930215531e-05,3.78297708226711e-05
"2023-09-21",0.000113421476769136,0.00010777278057972,0.000110061848051398,0.000107859739952269,0.000102019317610833
"2023-09-22",0.000140238239369864,0.000140368659586129,0.000122608375446162,0.00011127418597349,0.000104990939754267
"2023-09-26",0.000383768530184238,0.000357383478419022,0.000376117385153308,0.000397473319670703,0.000382214752848676
"2023-09-27",0.000152262470996579,0.000168470626385104,0.000145584516156507,0.00013956937697947,0.000144347388380081
"2023-09-28",0.00134484277418771,0.00139008410209515,0.00138360534689941,0.00151699651391614,0.00152753273220187
"2023-09-29",2.45330989486321e-05,2.37278332251925e-05,2.7111134153132e-05,2.96895865795673e-05,3.01551707203929e-05
"2023-10-02",0.000371168577035448,0.000374628733244387,0.000358471661532641,0.000312490845593502,0.000314998271405893
"2023-10-03",0.000121049215185473,0.000115824908281345,9.26998396863305e-05,0.000119345229842599,0.000123502905848262
"2023-10-04",6.33302708549301e-05,6.49206200546895e-05,7.05060881656932e-05,5.48274324413875e-05,5.46560491740986e-05
"2023-10-05",0.00154130168153295,0.00152148535747768,0.00151660647921386,0.00156855153143804,0.00156031098125543
"2023-10-06",4.33797390925822e-05,4.69093630932505e-05,5.0951385325772e-05,7.79990656436726e-05,7.4200981014404e-05
"2023-10-09",0.00278661746382877,0.0028164240981454,0.00281732043287194,0.00281091546591963,0.00280597249777185
"2023-10-10",0.00217106531874339,0.00219787441913224,0.00213907875185786,0.00220242723010388,0.00224275137745417
"2023-10-11",0.00331625213196077,0.00331964324192574,0.00328962742366989,0.00339001206541888,0.00343854457844107
"2023-10-12",0.000710982848664278,0.000731030422716165,0.000712118835879579,0.000712214660957402,0.000724434323633749
"2023-10-13",0.000310842635488419,0.000348632722351801,0.00034366186492222,0.000324814918595172,0.000326004323431727
"2023-10-16",1.84678229341565e-06,2.88019516614216e-07,3.44524745041482e-07,1.78614114485794e-06,1.23935430812874e-06
"2023-10-17",0.000381693196242304,0.000334734687961252,0.000313739454091389,0.000353461952659871,0.000345696476969356
"2023-10-18",0.000440924032283986,0.000432352234346203,0.000480494045618067,0.000529063332086821,0.000518514835561466
"2023-10-19",0.00325014353876983,0.00321733292380028,0.00328779732960504,0.00320003904259457,0.00318660220425616
"2023-10-20",0.000264529211357013,0.000252621027975213,0.000355832074707116,0.00034005301633073,0.00032856131266795
"2023-10-23",0.000707860284196914,0.000744082920682467,0.000795419161594623,0.000847219879671594,0.000852150264937793
"2023-10-24",2.92663338167312e-07,4.56041678600245e-07,1.80889146839166e-06,4.3404938340467e-06,5.02461097924541e-06
"2023-10-25",0.000209097084710749,0.000194396944776578,0.000207279277118848,0.000185331597254664,0.000179614673642661
"2023-10-26",0.00103916456147149,0.000975910423381996,0.00104057210137023,0.000580543582711232,0.000591697579169607
"2023-10-27",0.00120986193386028,0.00116274975582539,0.0012416209429004,0.000750755454750696,0.000767244025383563
"2023-10-30",2.88417973607452e-06,3.16933569684962e-06,1.48545259707362e-06,7.07846719056981e-06,6.12738857243291e-06
"2023-10-31",0.000380617790472847,0.000399811191445808,0.00038971050541321,0.000376171865163526,0.000371977092181379
"2023-11-01",1.91650373504369e-05,2.00037774470101e-05,1.60454537777777e-05,3.55004569638738e-05,2.65422896021519e-05
"2023-11-02",0.00116101208120348,0.00133694586930681,0.00135782988290125,0.00119418891774639,0.00120528405379031
"2023-11-03",0.000245093073935005,0.000234306595726934,0.000233169675274735,0.000360757709025955,0.000370810238171354
"2023-11-06",0.000929168931764922,0.00094614977405799,0.000918488275924726,0.000651628543801973,0.000631140113908552
"2023-11-07",0.0011312074258718,0.0011342782186109,0.000884902205084517,0.000654709503693885,0.000640575976325382
"2023-11-08",0.00261161939156899,0.0026290508305723,0.00246198976982857,0.00238529437861511,0.00238093351811612
"2023-11-09",0.000896861666052639,0.000898088983920514,0.00086194301074146,0.000838235258021571,0.0008205665636008
"2023-11-10",0.00552527093565583,0.00540918830610414,0.00535958916812162,0.00510297420809352,0.0050069535655343
"2023-11-13",0.00592923429232354,0.00590665888465284,0.00600838066106055,0.00526378155480676,0.00519933556686528
"2023-11-14",0.00253592862671541,0.00246756956978026,0.00252456680675678,0.00227214791425251,0.00225415350676121
"2023-11-15",0.00187453226760722,0.00184276699642819,0.00185703448770671,0.00183617341080244,0.00182391991798396
"2023-11-16",0.000594211729572653,0.000608554643774074,0.000582653615133769,0.000569130400017863,0.000570106364176991
"2023-11-17",0.00107691735103461,0.00109523385681297,0.00109703173831479,0.00114677038836474,0.00117288584551956
"2023-11-20",0.000709820665297164,0.000747914576572948,0.000753831812231753,0.000759143749999456,0.000812410408547911
"2023-11-21",0.000874027508374573,0.000870932761507263,0.000892099195540627,0.000945404739041931,0.000954281632505948
"2023-11-22",0.000532256251487976,0.000546610732269172,0.000549149856675799,0.000604538651834104,0.000599938432032857
"2023-11-24",0.00388342734289045,0.00388883072983129,0.00384277825165725,0.00361185267544228,0.00360505817225414
"2023-11-27",0.000801102918597119,0.000797428916352945,0.000815084029545141,0.000830919529862463,0.000812844442502966
"2023-11-28",0.000972430064855264,0.000941051573995947,0.000912404322988011,0.00092786537181567,0.000946715305273442
"2023-11-29",0.000700406140426645,0.000665175003921853,0.000647194966988715,0.000652239881463291,0.000654066808354091
"2023-11-30",0.000282621967494883,0.000307431650802182,0.000323750447037578,0.00030538132820068,0.000306303276517511
"2023-12-01",6.97303058090854e-05,7.38688543328756e-05,5.09593839548037e-05,2.81022599437729e-05,2.80341745646506e-05
"2023-12-04",7.97377575117607e-05,7.70842754620119e-05,9.9475518975561e-05,9.43389600048835e-05,9.0880094308187e-05
"2023-12-05",0.00227853676090924,0.00227762649493838,0.00221943005406318,0.00210104763144786,0.00209020246524462
"2023-12-06",1.07939087140703e-05,9.81982108039495e-06,9.43125606629456e-06,7.70510701858985e-06,7.67067055705008e-06
"2023-12-07",3.873863210209e-05,4.07228393603786e-05,4.36541799833389e-05,6.57324778136786e-05,6.63369337566129e-05
"2023-12-08",6.80151652070385e-07,1.12287428710614e-06,2.10599897583437e-06,4.6357540036428e-06,4.59306950212084e-06
"2023-12-11",0.000558260560234247,0.00055835736065973,0.00054713043398601,0.000498013533392006,0.000498727798845555
"2023-12-12",0.000965242881081649,0.000952274645340755,0.00100547822326821,0.00148506236614034,0.0014609181893293
"2023-12-13",6.75285030606356e-07,1.44563565925651e-06,1.02923505786015e-06,5.23201736472678e-06,3.81910898486142e-06
"2023-12-14",0.000164568137164054,0.000175797350352005,0.000177516292604976,0.000245780351505719,0.00023558490412046
"2023-12-18",0.000222537710395546,0.000264476726697358,0.000271781385560796,0.000178353504770657,0.000177311154990795
"2023-12-19",0.00195566137626566,0.0019802798174214,0.00195918576888279,0.00156434861419791,0.00155407342731826
"2023-12-20",3.61660393949761e-05,3.38754885576499e-05,3.29408731147902e-05,2.62856610625046e-05,2.52012126458629e-05
"2023-12-21",0.000114798912375333,0.000102522120350148,0.000106424909961439,0.000138597838036565,0.000135532730234515
"2023-12-22",0.00216407979018636,0.00216134460437826,0.00214058450245225,0.00227182923189902,0.00226922666631831
"2023-12-26",0.00424023543205972,0.00416630377635671,0.00413372472446606,0.00415067369807718,0.00414975718635655
"2023-12-27",0.000920244162295738,0.000924834134878543,0.000939414956811485,0.000925882060643119,0.000924934242816899
"2023-12-28",0.00253460153630329,0.0025239484376957,0.00252671010941216,0.00269240695406223,0.00268278925326171
"2023-12-29",0.000879973672564826,0.000870006289605848,0.000876589735115048,0.00103815857697704,0.00104090005210071
"2024-01-02",0.00230106528932314,0.00229867621893499,0.00231321319587519,0.0022923237719908,0.0022952037917368
"2024-01-03",0.00177545484728271,0.001801069562757,0.00176517266952338,0.00174767805932767,0.00175340969005301
"2024-01-04",0.00113120065109997,0.00113830264517029,0.0011103269502059,0.00106050793234423,0.00107152039204469
"2024-01-05",0.00440138347568023,0.0044704586274981,0.00436026071300259,0.00416050485193404,0.00416720329556384
"2024-01-08",0.000217456715064205,0.000232972052971098,0.000201954377147985,0.000167133197328157,0.000169666124965322
"2024-01-09",0.000172095770230303,0.000162564392257001,0.000159518157951601,0.000143415691013038,0.000142710036205535
"2024-01-10",0.000414752446979971,0.000433593205586754,0.000405515530643683,0.000378536268928853,0.000381443990741442
"2024-01-11",7.93663736665848e-05,7.89429859896015e-05,8.56771197887225e-05,8.71659322747234e-05,8.84857547008374e-05
"2024-01-12",0.000772447523215499,0.000768602674917385,0.000769284749844778,0.000669616178910693,0.000659609784174876
"2024-01-16",0.000468296773580614,0.000473797387528721,0.000483543280920174,0.000404408536135446,0.000393605271356477
"2024-01-17",8.33936292649364e-05,7.63035551429454e-05,8.19556572043724e-05,0.000101765112520088,9.79451248097346e-05
"2024-01-18",0.000551702825195772,0.000562986449033815,0.000577997050268283,0.000497007258011664,0.000486058479165187
"2024-01-19",2.37580967037735e-05,2.19379033688477e-05,1.91561560848368e-05,2.60226175460971e-05,2.60887414661274e-05
"2024-01-22",5.51940568329521e-05,5.28791645011635e-05,4.84975924746729e-05,1.95478842447269e-05,1.90411245541321e-05
"2024-01-23",0.000400239562799763,0.000407732356137964,0.000409026059931984,0.000420727309335796,0.00043846971595233
"2024-01-24",0.000317398716435453,0.000311292134764046,0.000322719852747931,0.000338224968829786,0.000353481563960175
"2024-01-25",8.38113664690833e-06,7.03309142326211e-06,6.505821603634e-06,4.87460475168366e-06,6.22825739666944e-06
"2024-01-26",0.000565876396609435,0.000555928724652645,0.000548307964046887,0.000679603361959443,0.000683308855867132
"2024-01-29",0.000357687569713077,0.000351425512729168,0.000336511491252204,0.000278383577368519,0.000281855925743578
"2024-01-30",0.000604791911580942,0.000612776696250798,0.000569432472318713,0.000585279130543419,0.000571546774817921
"2024-01-31",0.00422459467499755,0.00420034826165901,0.00418080511901197,0.00417362956017117,0.00409622287018707
"2024-02-01",0.00168030080375731,0.00165975974138836,0.00164189972724071,0.00174640514794476,0.00170570955290349
"2024-02-02",0.0152721704519507,0.0153644391702829,0.0153245797822472,0.0127392979858117,0.0126637393736482
"2024-02-05",0.00210281811446081,0.00218571054961543,0.00213558243852143,0.00183975552530462,0.0018601287806352
"2024-02-06",0.000226977981305458,0.00021393652480093,0.000236070430934936,0.000194206442504713,0.000186837768489263
"2024-02-07",0.000874105144283206,0.000974133111866358,0.000975724204695296,0.000857813306369399,0.000887889475150906
"2024-02-08",0.00459930868966446,0.00528004020733081,0.00534944123495616,0.00485786949411833,0.00487039999530363
"2024-02-09",0.00717885097284024,0.00733383917372644,0.00740243013574674,0.00683809234394516,0.00671141021342946
"2024-02-12",0.00440456783430092,0.00433771626392603,0.00413324593880026,0.00380646313211024,0.0037554843453427
"2024-02-13",0.000164813150336795,0.000152660143434814,0.000106768652617448,8.38053557567336e-05,8.30735684729496e-05
"2024-02-14",0.000236478946185176,0.00022831437223533,0.000130635806153355,8.24618614914498e-05,7.89688226402761e-05
"2024-02-15",0.000401822363994515,0.00039288221443768,0.000503943177787367,0.00036908043115605,0.000383956981970112
"2024-02-16",4.58534708350866e-05,5.23758995858343e-05,6.54175996717758e-05,2.20432101854071e-05,2.57634872160947e-05
"2024-02-20",2.8293605164504e-05,2.25874432435786e-05,2.56079372407601e-05,2.0765810596186e-05,2.46011573910646e-05
"2024-02-21",2.38437303200975e-08,6.91819399751383e-07,9.48083425112329e-07,5.59511966011534e-06,5.2126979037301e-06
"2024-02-22",6.51921304235231e-05,6.12450157990339e-05,6.31149850793165e-05,5.05022286492012e-05,4.99126093765202e-05
"2024-02-23",0.00142924826750769,0.00138278008706899,0.00139500084279638,0.00134434997563087,0.0013288224044441
"2024-02-26",0.0014774178793461,0.001478081294168,0.00148087620114203,0.0014238543762509,0.00138887330033426
"2024-02-27",0.000176978815362321,0.00016123906652894,0.000176312136721669,0.000128942375999954,0.000134718052694781
"2024-02-28",0.000210345526260362,0.000182904955232982,0.000190723793872578,0.000237704432325012,0.000230944656577076
"2024-02-29",0.000756739094868327,0.000737138868620136,0.000731401034189504,0.000715244183063343,0.000718858465485552
"2024-03-01",0.000314780369678378,0.000295742879305751,0.000291270062380879,0.000335754443478535,0.000325540245229319
"2024-03-04",0.0042970820919801,0.00431905195639909,0.00423886941545201,0.00425458872084607,0.00424715672045942
"2024-03-05",0.00308257316423154,0.0032220641717221,0.00332603662332565,0.00356793322691582,0.00364371530270865
"2024-03-06",0.00232807664975014,0.00245351100625468,0.00245076221880092,0.002590596756003,0.00256859213209248
"2024-03-07",2.90194865789889e-06,1.03036725054334e-06,1.01036391735228e-06,1.15624716841111e-05,1.25711820703217e-05
"2024-03-08",0.00152120445838709,0.00150989276855849,0.00154435167294565,0.00166734405761264,0.0016434126516864
"2024-03-11",0.00152536997343863,0.0015952176610088,0.00160148260773919,0.00182043163260869,0.00181435351077221
"2024-03-12",3.14607847815938e-05,2.07835803336992e-05,2.18091328257277e-05,8.81267449260693e-06,8.58740289953724e-06
"2024-03-13",0.00292149959298426,0.00301439508631613,0.00308931238131414,0.00306150493237944,0.00302665899264896
"2024-03-15",4.55259976315668e-05,5.06288532182064e-05,6.42203611121143e-05,4.98938290759709e-05,5.20871809347907e-05
"2024-03-18",3.6461371495607e-05,3.94794697654976e-05,3.7002922283956e-05,6.3672874575355e-05,6.50863201763339e-05
"2024-03-19",0.00144662911251872,0.00140090092597126,0.00141717654530657,0.00132000747790375,0.00132677746168138
"2024-03-20",0.000650937521290986,0.000733811195824266,0.000758776366970503,0.000611385017511063,0.000621007367689418
"2024-03-21",0.00367559600025489,0.00360992325893875,0.00352874577466172,0.00365039224450872,0.00363124065624794
"2024-03-22",1.02772663816297e-05,6.52443112962238e-06,8.08348795883201e-06,2.32583588306856e-05,2.32972882438975e-05
"2024-03-25",0.00157000219511652,0.0014051202014447,0.00145411819705149,0.00131041652055534,0.00130983278995359
"2024-03-26",0.000534394131812624,0.000481279843890046,0.000515933488763529,0.000467981269110009,0.000468038819081456
"2024-03-27",0.000134303803677966,0.00014022282205954,0.000156156891916518,0.0001636784918649,0.000168714456922679
"2024-03-28",0.000552266500836189,0.000468448525126063,0.000494819573128839,0.000444815286239035,0.00044539620437258
"2024-04-01",0.00433845448467605,0.00400158690086743,0.00401310733705579,0.00403485195860943,0.00404228602090987
"2024-04-02",0.00124947426355589,0.00122856572573633,0.00126698962490139,0.00130437156308321,0.00131353202607843
"2024-04-03",0.000227883082609297,0.000191348170318187,0.000180579400329994,0.000152994215310439,0.000153527269471206
"2024-04-04",0.000141069239438085,0.000126622676140596,0.000138953043388773,0.000140243723406457,0.000139754827593916
"2024-04-05",0.000623605405642084,0.000602884820683274,0.000661281458447023,0.00068881906210989,0.000684635656767976
"2024-04-09",0.000150415229242737,0.00018189538125137,0.000177290908025772,0.000171775943126637,0.000169836743303343
"2024-04-10",0.000334318714852828,0.000296390439414035,0.000307379387849609,0.00030634518281797,0.000308396032210388
"2024-04-11",0.000615770932560429,0.000609008438296257,0.000592438135528224,0.00060365770370582,0.000604939075712105
"2024-04-12",0.00402299031682149,0.00397938836512915,0.00392129072693594,0.00367545915116837,0.00367689280997365
"2024-04-15",0.00404248169478003,0.00397760187896775,0.00399687055382228,0.00381628078482212,0.00381952524411967
"2024-04-16",0.00759801869442622,0.00754370769100711,0.00744270525679843,0.0070615795016348,0.00707011622386584
"2024-04-17",0.000224086886728004,0.000196982951824319,0.000199605985934478,0.000146326495946787,0.000145937361748604
"2024-04-18",4.53264443093537e-05,4.10238402348067e-05,3.4810516987466e-05,3.57414199079999e-05,3.58459599232141e-05
"2024-04-19",9.71060574056262e-07,1.93175633401122e-08,2.36127594111704e-08,4.94598142046724e-08,5.80527533210256e-08
"2024-04-22",0.00139753922865705,0.00134344600078594,0.00132010429268894,0.00139200066745252,0.00139063022441616
"2024-04-23",0.00329028066195451,0.00325732319899736,0.00328243355343038,0.00332967016316441,0.00332736650719357
"2024-04-24",0.00081398436623739,0.000839612614634526,0.000839558323885715,0.00084438325793932,0.000844645806723498
"2024-04-25",6.70883889270432e-05,6.74892147542615e-05,6.23109971780396e-05,3.98500428257599e-05,3.97613028748175e-05
"2024-04-26",0.00178050597418229,0.00182797340012682,0.00172711915575258,0.00216416581370861,0.00215699733649145
"2024-04-29",6.98445813060561e-05,6.717420984065e-05,6.97137411958863e-05,3.40105010954697e-05,3.45747756547709e-05
"2024-04-30",0.000706609431391199,0.000711950153452907,0.000695584686612329,0.000646630938658678,0.000648058469816252
"2024-05-01",0.00454700012074784,0.00450381592173569,0.00440508722711414,0.00442736726987328,0.00445484323668295
"2024-05-02",0.000421746882780546,0.000311759137927593,0.000293097452194653,0.000397093573281339,0.000397179446541777
"2024-05-03",0.00917079036418883,0.00905928256016269,0.00913961663924436,0.00921052879920517,0.00920630851592694
"2024-05-06",0.000301327063343919,0.000332307795827733,0.000351039315419907,0.000386378210285759,0.000386928785954963
"2024-05-07",7.83527079139719e-05,7.10332979198278e-05,6.45700814927015e-05,3.17773058689939e-05,3.14933773079116e-05
"2024-05-08",0.0042585032959161,0.00433167353462381,0.00428916368207865,0.00430532222904954,0.00429926094743558
"2024-05-09",0.00518099898365837,0.00519149379772673,0.00510641721059433,0.00489663987786734,0.0048978058014576
"2024-05-10",0.00537397430244094,0.00513305585499428,0.00447860733345644,0.00418871762366989,0.00417830929694075
"2024-05-14",0.00299654445140215,0.00305530775697104,0.0029301979961672,0.00264783202800774,0.00264748124828917
"2024-05-15",0.00196396764394303,0.00188759276313415,0.00182400111638707,0.00175946369787871,0.00176079007906365
"2024-05-16",0.000836278879341884,0.000777959231115667,0.000769911492135265,0.000762588035628329,0.000762587893217012
"2024-05-17",0.0017147489005949,0.00169159741815285,0.00168026786555898,0.00167882673742733,0.0016749188207406
"2024-05-20",0.00139364528172786,0.00142022478276892,0.00148899720837233,0.00144107520604354,0.00143608656406001
"2024-05-21",0.00254797305676965,0.00258801057139566,0.00263366652141225,0.00260109717046297,0.00260023775447732
"2024-05-23",4.45750190640526e-05,1.93543246477289e-05,2.04596396992519e-05,2.4757948255658e-05,2.43516669057644e-05
"2024-05-24",0.000140696220279915,0.000167761871068603,0.000186954826438058,0.000190215593730735,0.000190031604965305
"2024-05-28",0.000286833587612514,0.000257016891790864,0.000219195566017596,0.000220430895989887,0.000219842292614754
"2024-05-30",0.000293101470944913,0.000280677760632938,0.000266078301877396,0.000144081606649487,0.000143767151477367
"2024-05-31",0.00127207007033975,0.00125816911831503,0.00127873564222336,0.00102028158134398,0.00102847769080581
"2024-06-03",0.00155894177692222,0.00163303784320227,0.00160247178726204,0.00142567071340262,0.00143055386197022
"2024-06-04",5.34119119600474e-05,5.75049448119191e-05,5.13129845402412e-05,4.44432903714362e-05,4.41415423188805e-05
"2024-06-05",7.37085280323843e-05,7.23198407813369e-05,7.53732868761201e-05,8.89680603386712e-05,8.92848224972441e-05
"2024-06-06",0.000919840952268547,0.000909626579255828,0.00093223748484723,0.000990108452440411,0.000990711212820414
"2024-06-07",0.000642408950343837,0.000642900640616099,0.00065008896594383,0.000656452523287704,0.000657356843358978
"2024-06-10",0.0231801103143963,0.0230539385955809,0.0232645035251277,0.0227906753925574,0.0228376345655932
"2024-06-11",0.0161040449132849,0.015920864319542,0.0158999428467388,0.0156399824851936,0.0156546702961198
"2024-06-12",0.0704962268399252,0.0703054547979072,0.0703004504781515,0.0697283294605013,0.0697188494078442
"2024-06-13",0.0158344897153103,0.0156961946514812,0.0158795586990828,0.0160064389598394,0.0160052927753908
"2024-06-14",0.00342478019211989,0.00339112880901652,0.00337693868689687,0.00342913721840991,0.00342800876154477
"2024-06-17",0.000978948788358821,0.00109590359396975,0.00103915589496991,0.0012415594120435,0.00123956173531265
"2024-06-18",0.000146306490135446,0.000128068614219655,0.000149259203731676,0.000132557645213309,0.000134349944512401
"2024-06-20",0.00322403139260295,0.00314247455784899,0.00333357089908186,0.00314756438353718,0.00316184881253478
"2024-06-21",7.85565803943917e-05,9.97962974288116e-05,8.49698719984331e-05,0.000121401448097743,0.000122636097462365
"2024-06-24",8.06255826309347e-05,7.95753826664752e-05,7.75454888423868e-05,9.34052734535683e-05,9.30005816505078e-05
"2024-06-25",0.00154832642582131,0.00153680963415493,0.00153532381655353,0.00138130913032589,0.00137607413638926
"2024-06-26",0.000341165985601532,0.000339646400141546,0.000330804411305858,0.00026586996303213,0.000265074699819116
"2024-06-28",0.000208079983366269,0.000206145892200442,0.000172270279634858,0.000252794053098531,0.000253543835998037
"2024-07-01",4.86047169587988e-05,5.07855006941491e-05,5.55864733101103e-05,5.93890265881835e-05,5.98218672741753e-05
"2024-07-02",0.000130852601558673,0.000133156517526884,8.85432834405893e-05,8.33563423950386e-05,8.30456659818332e-05
"2024-07-03",0.000100260405023625,0.000100714317024045,9.61812301780689e-05,9.94558316979017e-05,9.89530457816619e-05
"2024-07-05",0.000446165526017311,0.000444830657842022,0.000409879426989003,0.000429323227196038,0.000427920375952259
"2024-07-08",0.000235873469841364,0.000242612755593737,0.00023348275400787,0.000284156834720433,0.000287614433740702
"2024-07-09",0.00128820947837432,0.00129290608841597,0.00125757605313067,0.00123905208126262,0.00121735553484717
"2024-07-10",0.000744143282785793,0.000716473395006863,0.000704637400942517,0.000647496727081643,0.000651360849128783
"2024-07-11",0.00249632333223457,0.00258276455290372,0.0025317917453281,0.00262398263417425,0.00261386608993577
"2024-07-12",0.000124886051817415,0.000122318002461281,9.78186816088788e-05,9.13065435085306e-05,8.59903521725565e-05
"2024-07-15",0.00198981056891142,0.00201704311668186,0.00199780769656234,0.00187251278838976,0.00190204714400908
"2024-07-16",9.88973339584905e-06,6.08777573696649e-06,4.54655820630949e-06,4.48247439962917e-06,5.11447877173758e-06
"2024-07-17",0.00145877332517901,0.00145329382739137,0.00154164627894225,0.00158647730135366,0.00156850773328401
"2024-07-18",0.0045660740128841,0.00455950908502231,0.00468342501223938,0.00468120400038227,0.0046352818586321
"2024-07-19",0.000468949413720891,0.000441004739429153,0.000462959571463215,0.000524523937023695,0.000516421842668996
"2024-07-22",0.000140343103251528,0.000135776633567903,0.000148156847361261,0.000153902034371128,0.000145477055053776
"2024-07-23",8.06921491052707e-05,8.65916777028896e-05,7.5024104641677e-05,7.02607332257074e-05,7.15980243907566e-05
"2024-07-24",0.000198092197234894,0.000194695587037862,0.000269841174529484,0.000257354446459909,0.000259553498971433
"2024-07-25",0.00351004548032307,0.00354730643321746,0.00380386431750728,0.00372204411641865,0.00371443000084125
"2024-07-26",0.000955174148116453,0.000922812031452694,0.00102285275961645,0.00074659965137284,0.000726902153838865
"2024-07-29",4.62842852257493e-05,5.02729788619143e-05,7.2247417164345e-05,6.18876428906188e-05,5.77170171583536e-05
"2024-07-30",4.88054848996287e-06,6.51258952318573e-06,1.40703295972102e-05,1.52740683611878e-05,1.57410907946749e-05
"2024-07-31",0.000597532705758792,0.000593455179526989,0.000632252734822974,0.000673604136560042,0.000670965508383622
"2024-08-01",0.000871099647260989,0.00072589281017466,0.000838767705291616,0.00109546549160214,0.00109365884268133
"2024-08-02",0.049452426098679,0.047672354595601,0.0476377508038647,0.049080656968723,0.0489518557048323
"2024-08-05",0.236835525876315,0.23598330794786,0.235567299581163,0.236476088754397,0.236171530074582
"2024-08-06",0.0204299054471531,0.020566724304731,0.0210432184504946,0.020989289610928,0.0209638328232918
"2024-08-07",0.00979978661670727,0.00970584133842442,0.010005279783229,0.0102190977158037,0.0105232673257799
"2024-08-08",0.00106616710832128,0.00104740965448507,0.00128505124049927,0.00137812594862225,0.00142827980103243
"2024-08-09",0.00467409410684371,0.00469617902239715,0.00420790724642867,0.00403534729053028,0.00403936123418468
"2024-08-12",0.0396427553290059,0.0394418729467604,0.0365024774697145,0.0357182108241433,0.0356984181640019
"2024-08-13",0.0251905242345353,0.0247979871885896,0.0235542948735892,0.0233335355013576,0.0232967733257135
"2024-08-14",0.0210863568836449,0.0211196954761006,0.0171823966779255,0.0164550477501214,0.0166169070056733
"2024-08-15",0.0145730433968423,0.0143508720378941,0.0122520363611401,0.0118434969518724,0.0119146816565524
"2024-08-16",0.0147909485934234,0.0145605040763499,0.0139112723630865,0.0138765391790534,0.0139578399803073
"2024-08-19",0.0119556571362258,0.0118412232243121,0.0114889104530578,0.0113899140612011,0.011451038941351
"2024-08-20",0.00580198484199028,0.00576125189086214,0.00592157687762272,0.00597631216161069,0.00595370777900187
"2024-08-21",0.00307838862276457,0.00308465522524775,0.00312473404155098,0.00310667388741245,0.00314477935652757
"2024-08-22",0.000102230396947049,9.28073197967477e-05,0.000116875288383387,0.000133014809927779,0.000134879610952497
"2024-08-23",9.01579301017983e-05,9.47048423221036e-05,7.00927018679451e-05,6.47989209719622e-05,6.54875304974845e-05
"2024-08-26",0.000230922193406134,0.00021938179850742,0.000299986820003059,0.0002612274026161,0.000268913649322991
"2024-08-27",0.000333523431401864,0.000316576125167996,0.000351916554394415,0.000319071665924568,0.000302353627028367
"2024-08-28",3.34051489393267e-05,3.49315977930257e-05,8.85155407080719e-06,4.85001911112188e-07,2.85107161083118e-07
"2024-08-29",0.00207407265329651,0.00212679159504241,0.00193990252796895,0.00196135153648351,0.00191748749825985
"2024-08-30",1.35265221935229e-05,1.39236517350979e-05,2.77346189251904e-05,3.15036871137601e-05,3.62858481635916e-05
"2024-09-03",0.000776906602437501,0.000781016250438358,0.00063582953280443,0.000606569610893264,0.000596992585626165
"2024-09-04",0.00288124844594666,0.00288628078121936,0.00273336521852576,0.00268866386306165,0.00265485902798799
"2024-09-05",0.000473394319803198,0.000491118947881129,0.000403370414808597,0.000360776007020599,0.000350983775632061
"2024-09-06",0.000769997521119379,0.00077821870353646,0.00069759092860759,0.000695570089990771,0.000684513007886475
"2024-09-09",0.00523547758096032,0.00531236638169203,0.00491972467207989,0.00491069501172811,0.00486321813963339
"2024-09-10",0.000418616187946588,0.000413818597300595,0.000353264341825536,0.000310287060546608,0.000362500511358931
"2024-09-11",0.000452900343748728,0.000453608624925105,0.000367047643040868,0.000320885028262974,0.000346968398352546
"2024-09-12",0.000462633076514712,0.000501923921949699,0.000536344934333159,0.000512744187261859,0.000507786986573726
"2024-09-13",0.00229267034643456,0.00233813863553022,0.00238761077397634,0.00250818352928111,0.00250995850833084
"2024-09-16",0.000914228398573589,0.00086042282733643,0.000890753708350216,0.000855497584534395,0.000821747643488392
"2024-09-17",0.00168632474736311,0.00167634463289173,0.001796082722249,0.00197385159535172,0.00192030247945602
"2024-09-18",0.00553167847844669,0.00548368440381161,0.00551817779617367,0.00520778301982819,0.00518498874241023
"2024-09-19",0.00142682325799031,0.00145494544896383,0.001530391531388,0.00162129052724346,0.00161133940335131
"2024-09-20",0.00201108131414171,0.00198571766789789,0.0020232971876952,0.00199372663894918,0.00212118171341252
"2024-09-23",0.000595674319999774,0.000541260764644641,0.000594206099825395,0.000576876963763866,0.000550566711183525
"2024-09-24",0.00341294009089689,0.0033985534810579,0.00360369408590104,0.0036102503478052,0.00361043740356291
"2024-09-25",0.01005045872896,0.0102602291856615,0.0101242216742911,0.0103165910262168,0.0103483971206933
"2024-09-26",0.00341429458583977,0.00349624778950141,0.0034900846183225,0.0036531365185924,0.00368473874600382
"2024-09-27",0.00688488581583693,0.00665595742881228,0.00695650681754758,0.00681052400020653,0.0068754247185199
"2024-09-30",0.000428856311951397,0.000402195559052026,0.00041721302319777,0.000402103456594132,0.000387344999941556
"2024-10-01",0.000292679624594842,0.000267094831639725,0.000294469112082758,0.000293189515319471,0.00028335781424065
"2024-10-02",0.000647435065467745,0.000664858473436072,0.000497362232548207,0.000454298342282687,0.000467620143260553
"2024-10-03",0.000271231358623328,0.000281108276700323,0.000241826914847508,0.000238934389569462,0.000235830637167683
"2024-10-04",0.000273621358000055,0.000288557258578959,0.00026463333296706,0.000263060340202005,0.000262943463029416
"2024-10-07",0.000759488991809008,0.000761186228966542,0.000782167246754713,0.00077301529989644,0.000783719126893642
"2024-10-08",0.00250529581542474,0.00257151741671701,0.00269474195025664,0.00279124160189942,0.00273229616642734
"2024-10-09",0.00230417805567603,0.00228830682708393,0.00231391766338105,0.00243601547361181,0.00245950148027041
"2024-10-10",0.00147733915913699,0.00149764057823042,0.00155685702846189,0.00162324904702218,0.00164960436213487
"2024-10-14",0.00107300429782654,0.00108716261439337,0.00108933745319514,0.0011772157473254,0.00117829039223016
"2024-10-15",0.000806952867969972,0.000810519921086772,0.000798120791934462,0.000730729480094618,0.00074630350992281
"2024-10-16",0.000343060555220216,0.000410127221914545,0.000502223713629909,0.00057273597132144,0.000576848825989403
"2024-10-17",1.30385240944116e-05,8.85552149356754e-06,2.21083449161966e-06,4.52610270429696e-06,6.22630395612095e-06
"2024-10-18",3.10177789673826e-05,3.10238112032296e-05,2.99373382729828e-05,3.85582004484654e-05,3.73825760876055e-05
"2024-10-21",0.000517780615057733,0.000454312152358016,0.000469638144177577,0.000462788605014604,0.000451066874288612
"2024-10-22",0.00235721284275585,0.00227714038634771,0.00235630319865741,0.00237132395025404,0.00231911912016717
"2024-10-23",0.00537311412210852,0.0055467415159238,0.00525419728615309,0.00521051620432099,0.00530623776648973
"2024-10-24",0.000267145049081936,0.000269895310657741,0.000265849796671377,0.000324213160400404,0.000319890806873634
"2024-10-25",0.000107721503457502,0.000108453842106305,0.000172629827614575,0.000313184290115368,0.000324751089857193
"2024-10-28",3.7293559307979e-05,3.53331196990654e-05,5.4938417682967e-05,8.13665892590634e-05,7.22363210771235e-05
"2024-10-29",3.51252495809083e-05,4.0535123289603e-05,4.2659856976217e-05,2.68782087818495e-05,2.64638059405655e-05
"2024-10-30",0.00129831159338218,0.00130283080619057,0.00139581044659799,0.00117812519624971,0.00107496889668142
"2024-10-31",0.00019193261485472,9.6306855806939e-05,5.42907619008236e-05,9.39528920788972e-05,0.000107566221040411
"2024-11-01",0.00527493262459652,0.0050947446720063,0.00483949223707618,0.0048221006508355,0.00487535935283566
"2024-11-04",0.000264073725641652,0.000256392218681506,0.000193323508506028,0.000208010554891829,0.000219004425879279
"2024-11-05",0.00041490509758925,0.000426725708149153,0.00051702539885326,0.000488816700120282,0.000452915204475227
"2024-11-06",0.00106090400698004,0.00102365365052285,0.00101559849824947,0.00101613142809347,0.0010443092728297
"2024-11-07",0.000650125006567486,0.000636146536698416,0.00045025862126828,0.000395649494031812,0.000388985117124707
"2024-11-08",0.00622340336966121,0.0060479323773493,0.0058435790064861,0.0056753935709692,0.00564958610901354
"2024-11-11",0.00243681432429996,0.00239485311905029,0.00242319397421013,0.00236122314050246,0.0023788784599813
"2024-11-12",0.000907617520800833,0.0009385120216002,0.000867789533868875,0.000825343685499235,0.000800733158762943
"2024-11-13",0.00128364981598812,0.00141807018166481,0.00122151366653233,0.00143351037215445,0.00140967558819685
"2024-11-14",0.000185471581022557,0.000181661815035809,0.000172596635362445,0.000219629331488659,0.00021631528895305
"2024-11-15",3.84994959759823e-06,4.27435945679302e-06,4.17435938014088e-06,2.07747747435651e-06,2.68220048484325e-06
"2024-11-19",0.000107613241523103,0.000184639960381372,7.65010557219188e-05,6.20370890451719e-05,7.05792394507359e-05
"2024-11-20",0.000147421439873075,0.000169253573108784,8.41228006551781e-05,7.8382052191475e-05,8.46834300622258e-05
"2024-11-21",0.000334848187908981,0.000336021382329747,0.000436969306372381,0.000453123380140809,0.000447722329962575
"2024-11-22",0.000413407179301186,0.000415852226340656,0.00029216395580915,0.000329676300000196,0.00034440343051179
"2024-11-25",0.00020313050511935,0.000225050639062469,0.000272117084763507,0.000269587312603636,0.000266585311242921
"2024-11-26",1.60463400935612e-07,1.27896930010721e-06,1.36359633751396e-06,8.89561809517771e-07,1.40110940290838e-06
"2024-11-27",0.000187005024299161,0.000188103835695823,0.000198039867292241,0.000190154795905477,0.000188511590660529
"2024-11-29",0.0039939314411987,0.00405339907402741,0.00405255195661523,0.00407141846703016,0.00409502863295212
"2024-12-02",0.000415434911237902,0.00040360949564584,0.000392146837355392,0.000415038311872423,0.000396877691521619
"2024-12-03",0.00293706278474528,0.00285017401825118,0.00285255525464589,0.00285692802375162,0.002838454128513
"2024-12-04",0.00189040412409284,0.00184256299528295,0.00148152044063453,0.00150685923846805,0.00151900145470221
"2024-12-05",0.00141577364899728,0.00137055959122779,0.00121149938975563,0.00120395112774184,0.0012472004060859
"2024-12-06",0.000559823825674294,0.000554703481567091,0.000545309654615482,0.000539366522137286,0.000560166802825989
"2024-12-09",4.18792956438543e-05,4.27464387787975e-05,5.11937234318454e-05,5.07755131495178e-05,5.28853971764857e-05
"2024-12-10",1.78088833247509e-05,2.45432079677034e-05,2.55557732553791e-05,2.82884193121626e-05,3.02000696412052e-05
"2024-12-11",3.81068832343644e-06,2.52119955608733e-06,3.12105184317698e-06,2.57206298504947e-06,2.13398632084294e-06
"2024-12-12",0.000131652716217945,0.000143231677696613,0.000154587828845301,0.00013812794716285,0.000135391791224506
"2024-12-13",3.50432587683623e-05,3.47315800657177e-05,3.50975601337046e-05,3.51534784300855e-05,3.1735255885746e-05
"2024-12-16",0.00029670852312865,0.000286406883317465,0.000278784612864003,0.000299610081530367,0.000280067796378223
"2024-12-17",2.60024770782195e-05,2.70343590367833e-05,2.94902828376456e-05,4.73745297527136e-05,3.67001463077869e-05
"2024-12-18",0.00405341993797758,0.00399435580482167,0.00392387582505227,0.00396372442805538,0.00404428408486869
"2024-12-19",0.00361292862248631,0.00360812422859583,0.00354099145801341,0.00363846368803386,0.00366000566973842
"2024-12-20",0.00323141210770131,0.00323797376537381,0.00321929151917831,0.0032031834518975,0.00321079515374437
"2024-12-23",0.000129277840603598,0.000105720200661682,8.65139572600202e-05,9.87101444967311e-05,0.000102121993617761
"2024-12-24",0.0013183628724523,0.00135444169532814,0.00136687710353299,0.00135713887537914,0.00134289430290222
"2024-12-26",0.00225128657800592,0.00228767706133533,0.00232354579933901,0.0024583223369278,0.00244949420578457
"2024-12-27",0.000588611581714915,0.000645544845125784,0.000630761899569226,0.000674673415920335,0.000652272130125023
"2024-12-30",0.000157618827214699,0.000154716489894948,9.96621144941436e-05,0.000121605154883558,0.000117247645855175
"2024-12-31",6.78855656804556e-05,6.27182633260286e-05,5.52157001726877e-05,6.74533101539655e-05,6.75712949150561e-05
"2025-01-02",0.00709844652827358,0.00713453434967237,0.00697989258627004,0.00712226712307346,0.00705744902471107
"2025-01-03",0.000950551534663536,0.00097862254739207,0.000905907327300753,0.000970996003513428,0.000938954311331258
"2025-01-06",8.62844589526954e-05,8.95845003850059e-05,7.26602220776848e-05,5.91945625200318e-05,5.14938328625728e-05
"2025-01-07",8.3371296135619e-05,8.36537590557583e-05,6.45551260646956e-05,6.14466950574857e-05,7.71451274254499e-05
"2025-01-08",0.000186981761486512,0.000189019802860857,0.000162314204591984,0.000169788868536107,0.000172993288601534
"2025-01-10",0.00312176731751646,0.00311589641679328,0.00312311864113367,0.00299079536941565,0.00301827277098286
"2025-01-13",0.00106309784972243,0.00108410667498475,0.000998096934138337,0.00105194575484536,0.00105930222721481
"2025-01-14",1.84584941904458e-05,2.01241437264484e-05,3.352853382792e-05,3.97913154674468e-05,4.20060022752892e-05
