"","HAR","VHAR2","VHAR3","VHAR4","VHAR5"
"2007-01-03",0.00851661111256215,0.00904970920487577,0.0106784845447784,0.0103424708147974,0.0102383086234245
"2007-01-04",0.000201767516004276,0.000239602904353075,9.402174276689e-05,2.58377095912143e-06,2.27366915471963e-05
"2007-01-05",0.00305851583730208,0.00337949529902545,0.00313541755795053,0.00309743250546846,0.00478368163199953
"2007-01-08",0.000843361559057656,0.00103722393367612,0.00111635494120293,0.00109031531109087,0.00107051956133198
"2007-01-09",0.0909868950289099,0.0874960109275951,0.0857689650545966,0.0877256253435441,0.0897793311716069
"2007-01-10",0.000420678360894273,0.00024175597633034,0.000533723949206063,0.000740466533864705,0.000565692180443673
"2007-01-11",0.00264591523293231,0.00243346963161347,0.00269041589663111,0.00286142601807467,0.00290502085048051
"2007-01-12",0.00269988878514288,0.00206866279336881,0.00172747515311767,0.00192751175703958,0.00209122188893714
"2007-01-16",0.00597267352803092,0.00533989290801727,0.00438673275287206,0.00476112675432853,0.00521233507050461
"2007-01-17",0.00120317878514393,0.00109682084026798,0.000681678075298733,0.000792879397738266,0.00108732485808254
"2007-01-18",0.00689966042993743,0.00633673833531424,0.00732647060087539,0.00706204363454823,0.00632138892841535
"2007-01-19",0.000928323042004471,0.000906773078825058,0.000809281870143189,0.00061750444807257,0.000366239280247949
"2007-01-22",0.00327698561260206,0.00378220634600233,0.00399056452944733,0.00376566848108337,0.00353703900817508
"2007-01-23",3.4404087026996e-05,3.87091242652221e-05,4.60034569373219e-05,0.000173036695101881,7.8885465453123e-05
"2007-01-24",0.00648184464361256,0.00598532039770413,0.0061756719650799,0.00638660001455679,0.00606139202055465
"2007-01-25",3.01274189585666e-05,4.02244186047036e-05,1.86627364164043e-05,5.20789706184114e-10,3.29913989059055e-06
"2007-01-26",1.81429281885716e-06,7.30097069835218e-08,4.85837435147077e-07,2.32535717669637e-05,6.90921132340144e-07
"2007-01-29",0.00275454941913079,0.00403005886416225,0.00401432630939472,0.00458508634750998,0.00504991219895644
"2007-01-30",0.0103101167685322,0.0107994670709655,0.0108728227784055,0.0120503654555994,0.0117635936659756
"2007-01-31",6.25246226966499e-05,0.00010040404278061,0.000122513178807823,5.1199755555706e-05,6.04149366577688e-06
"2007-02-01",0.00411267162533503,0.00436274540202771,0.00427230148443372,0.00451420057157082,0.00552100584333299
"2007-02-02",0.00101759411099553,0.000762670265396484,0.000600969622729931,0.000539347738831327,0.000561577755233333
"2007-02-05",0.00168499962809806,0.00123981101957957,0.000929195217381047,0.000910065556057283,0.000670236954320951
"2007-02-06",0.000291067078374148,0.000268927836550686,0.000472436435722865,0.000472811715671566,0.000997891533730497
"2007-02-07",4.4234905343663e-07,4.18478645114071e-07,2.09914805178416e-05,9.09131417324916e-05,0.000367043366304136
"2007-02-08",0.000426184181821557,0.000296269598692153,0.000248976508584155,0.000224602074020387,0.000150648697621899
"2007-02-09",0.000114524727828877,9.93715828346351e-05,7.35787167264606e-05,9.76899607838406e-05,8.27242518820293e-05
"2007-02-12",0.000759056761469713,0.000928222246873425,0.000765598886394995,0.000683159045298937,0.000652410388845742
"2007-02-13",0.00198812675005577,0.00148071009453672,0.00117068528274642,0.000986778132349665,0.000942501201340168
"2007-02-14",0.0055371727764548,0.00508812951693342,0.00408732984771327,0.00399253072955931,0.00389733185094056
"2007-02-15",0.00387264210377788,0.00417629876470111,0.00301789901150447,0.0028680785415735,0.00300102168076605
"2007-02-16",0.0106882870882849,0.00961153858243778,0.00761965500751249,0.00760412381056533,0.00851045378284287
"2007-02-20",0.000261702562691511,0.000246802762820482,0.000412670168365555,0.000383316810922169,0.000271825821870211
"2007-02-21",0.000838595557834298,0.000863525029088082,0.00102627934140205,0.00116662189951166,0.000831758583341985
"2007-02-22",0.000669291743383044,0.00084704276927785,0.000783914216345343,0.00076135092016277,0.000770435560769953
"2007-02-23",0.000672294270773289,0.000607224929713658,0.000831550776276117,0.000679286050510544,0.000615402115533649
"2007-02-26",0.00233095700467562,0.00264822477655571,0.00170547312658607,0.00166914355442059,0.00218520308209893
"2007-02-27",0.00627889022625931,0.0071172445063125,0.00681117376943712,0.00750511919133533,0.00786405584976259
"2007-02-28",4.14415504258617e-06,0.000116229657553626,0.000188053392283127,1.65995600550349e-05,3.24100091005397e-05
"2007-03-01",0.00676216932459186,0.00521887737978486,0.00511028583635367,0.00582337914889453,0.00531548013700961
"2007-03-02",0.000428767043651789,0.00112364823156316,0.00132561544317197,0.00087902819726829,0.00105487996632552
"2007-03-05",0.000317448850298531,0.000251877423029547,0.000239148105798834,0.000178560595914367,0.000472616621958984
"2007-03-06",0.00650791634595805,0.00711991606912013,0.00815228608487963,0.00931741009500582,0.00791706864620539
"2007-03-07",0.000924887471102142,0.000744944983495892,0.00116724828917317,0.00120881771644606,0.000582515598197686
"2007-03-08",0.00734794391161875,0.00729636792253707,0.00886210343004577,0.00840717231523165,0.0066034210376581
"2007-03-09",0.0014764494510262,0.00134358765787265,0.0015694305870601,0.00125693804734317,0.00102159460131439
"2007-03-12",0.000492699880688694,0.000483613553479443,0.000782319855554858,0.000529071947991714,0.000387749006596126
"2007-03-13",8.94530304425763e-05,1.84673933892453e-05,0.000108768523541756,3.61825655686936e-05,0.000295839379062644
"2007-03-14",2.60080750173883e-05,9.41893818668801e-06,0.000103229056661717,1.12645038307306e-05,1.7964553519867e-05
"2007-03-15",0.00240038434988362,0.00313861007993009,0.00431351395220893,0.0033444829497082,0.00433040878216324
"2007-03-16",0.00626048917712319,0.00574404249163632,0.00809376033281942,0.00669434648186477,0.00638751697756092
"2007-03-19",8.8099114659518e-05,8.59010512361527e-05,0.000344679916876912,7.80974065714876e-05,7.86899811572035e-06
"2007-03-20",0.00283277719892281,0.00273796922927118,0.00363576481529474,0.00249777186878352,0.00228876270016577
"2007-03-21",0.000354971620099782,0.000302232461989653,0.000499325788699957,0.000142492218792553,8.41437944545302e-05
"2007-03-22",0.000329605852313192,0.000477475252511876,0.000667890441513762,0.000172803101506937,0.000250026144807516
"2007-03-23",0.00342896670696475,0.00366990332734293,0.00393700831217299,0.00260059339978676,0.002739243522133
"2007-03-26",3.49565947778237e-05,8.57620999659853e-05,9.37727275943325e-05,1.89967047815667e-05,5.47673598984274e-06
"2007-03-27",1.335777958135e-05,1.57922898745311e-05,2.15230529463048e-05,9.86693913860181e-05,9.5166218288384e-05
"2007-03-28",3.29530631769434e-05,7.09161097336572e-06,1.33506952119968e-05,0.000104070239471551,7.31953050442814e-05
"2007-03-29",0.000138416574475651,0.000210324150588434,0.000190194654482193,1.20158652371532e-06,2.39628101342158e-05
"2007-03-30",8.28029221188373e-05,5.42143586745857e-05,3.34643802312574e-05,0.000375413930981739,0.000313614095248819
"2007-04-02",0.00263871578763733,0.00272592398215858,0.00265069294502063,0.00145303178748671,0.00174666047269636
"2007-04-03",0.00188714374947725,0.00211104617115371,0.00202364784637424,0.00110060336988198,0.00116643231269433
"2007-04-04",0.00120667790088076,0.00112885082374803,0.000985032255633695,0.000412531126255717,0.00038517403661228
"2007-04-05",0.0029676773389337,0.00327533246006642,0.00277838439136633,0.00180429483205498,0.00178954965138144
"2007-04-09",0.000283706379131518,0.000163215010215226,7.04814214048826e-05,9.81593440909513e-07,1.22315280789509e-06
"2007-04-10",0.00269215884993042,0.00209054779986537,0.00182965620678764,0.00110993839603102,0.00116100644929813
"2007-04-11",0.000208563468878817,0.000282203391613769,0.000422147001686032,0.000916583787975892,0.000746213290625537
"2007-04-12",1.83169346752587e-06,3.49885593169885e-06,6.07950967026091e-08,9.55944411883579e-05,6.35381801388227e-05
"2007-04-13",4.21877796980554e-05,0.000131254829344397,0.000202275363046516,4.37660385600707e-06,1.42115054734993e-06
"2007-04-16",0.00124191165711713,0.00137668588768644,0.00158215964181493,0.00101491198003063,0.00136485889422839
"2007-04-17",0.000189653244719026,0.000202956464441868,0.00010891636934073,0.000328017967504076,0.000240953092620324
"2007-04-18",0.00142202842511832,0.00127750778620779,0.00141279516185277,0.000806616323057291,0.00108131726267091
"2007-04-19",2.57739285642157e-05,6.3051842728178e-05,5.80506038088386e-05,8.6919782813271e-07,6.21961642786033e-05
"2007-04-20",0.00280010760469647,0.00522911435790568,0.00492230543489943,0.00420009054549382,0.0044475265753369
"2007-04-23",6.07304795481436e-05,0.000490265680251455,0.000230752824995629,5.77427456978544e-05,7.16254562919194e-05
"2007-04-24",0.0330410195913132,0.0335925418107381,0.0356306800091553,0.0386418604165799,0.038261351164051
"2007-04-25",0.00987340366914629,0.0102713413403785,0.00986082860922606,0.00884191932646519,0.0098203985723568
"2007-04-26",0.0324387314821288,0.032229173472731,0.0306190529427172,0.0323990186232867,0.0300501112994059
"2007-04-27",0.0055689564351746,0.00545526664698661,0.00495922269969568,0.00426381818972075,0.00395870502642622
"2007-04-30",0.0048935429741317,0.00538397349370901,0.00546409996995784,0.00456023005964822,0.00469431854083761
"2007-05-01",4.56179740667229e-05,4.17320252967036e-05,8.79384967441126e-05,0.000201473213801276,0.000249294410812124
"2007-05-02",0.00691930633432315,0.00677502941977659,0.00637165331070932,0.00576659123888382,0.00592534014203369
"2007-05-03",4.50061740034259e-05,5.54176800935235e-06,8.05870377917281e-05,0.000156581706442125,0.000118531204028626
"2007-05-04",0.00459573474581818,0.00505069368322725,0.00424937721134764,0.0039884118442607,0.00386629342280986
"2007-05-07",0.00166787158735155,0.00109178985545065,0.00168736146904376,0.00185669280207126,0.00183290659386666
"2007-05-08",0.00108689529962658,0.00120023230258994,0.00193432950006791,0.0021387951697107,0.00187361889630908
"2007-05-09",0.000638823035340458,0.000580543294542132,0.000149856151693321,7.69230362004985e-05,0.000164665930141054
"2007-05-10",0.0111732404329554,0.0120230569941744,0.0149502612978857,0.016041524246929,0.0146367301466499
"2007-05-11",0.00330865930836239,0.00350794937980518,0.00341063490001958,0.00309599739826612,0.00350013041886857
"2007-05-14",0.000597454697406599,0.000738455990846468,0.00158713044877695,0.00130689226595382,0.00153703051173239
"2007-05-15",0.00110338768027575,0.000815266901385083,5.34260639016799e-05,4.88589071316344e-05,3.60667689485459e-06
"2007-05-16",0.0214785522272679,0.0207786504090662,0.0147822955420807,0.0151735455843494,0.0140734193848115
"2007-05-17",0.00503429951133652,0.00415378064535849,0.00893795637107777,0.00902753680512965,0.00988953098920561
"2007-05-18",0.00716164893039945,0.00620164425298688,0.00826055881998351,0.00798697756873883,0.00863720603145052
"2007-05-21",9.25270891879376e-05,6.90654729008964e-05,0.000199732014303565,0.000140163326999174,0.000206730566983644
"2007-05-22",0.00197730222981348,0.00163647994637712,0.00237145984597785,0.00212035487732274,0.00217527008790049
"2007-05-23",1.87682117401352e-05,1.97923865481879e-05,8.0095411281988e-06,3.49847227375329e-05,4.01574985975789e-05
"2007-05-24",0.00507956679079024,0.00391681048731501,0.00455877201562677,0.00477276102300085,0.00463691356417907
"2007-05-25",0.00273957793793493,0.00327916781025479,0.00222523580711772,0.0020460540034122,0.00230858704235722
"2007-05-29",0.000237931251381962,0.000483369183954571,0.000134263858796725,0.000142626428192253,0.000196772347533632
"2007-05-30",0.00327971205778773,0.00453272006336381,0.00707875410864785,0.0072298429957534,0.00683958485595521
"2007-05-31",6.02009093790867e-05,0.000126888318179329,4.49234506704946e-05,3.61452983128255e-05,1.35337610540008e-05
"2007-06-01",3.94391150259623e-05,0.000222825414800209,0.00111509088675028,0.00100041429034194,0.00103516573956078
"2007-06-04",0.00011896121366809,0.000244028314260415,0.000837416232015288,0.000780374114216614,0.000693713252730729
"2007-06-05",4.25037858372489e-05,6.35299331936162e-05,0.000250723211900561,0.000211374828642842,0.000169786962603199
"2007-06-06",0.00113416452059642,0.00118460994093716,0.00082941999957537,0.000859451180710104,0.000962433980941615
"2007-06-07",0.00617209490284184,0.00577189590317704,0.0062464401788971,0.00646406112298571,0.00630364886512066
"2007-06-08",0.000940069708997864,0.00106724969533127,0.00167566485913869,0.00179117705732424,0.00177161269680834
"2007-06-11",0.014818816817089,0.0148563498000471,0.0175511169536562,0.0177877184912344,0.0177638624229146
"2007-06-12",0.000378096572729811,0.000665102035189533,0.00126152551865629,0.00124866697150667,0.00128961701652658
"2007-06-13",0.00055380865809955,0.000910155097364275,0.00147263044510815,0.00162384751011513,0.00152681192271586
"2007-06-14",0.00364938503470166,0.00305956214767691,0.00194591931326491,0.00203226409063643,0.00226196342393456
"2007-06-15",0.0240995931444201,0.0214272735431961,0.0179064397612613,0.0173605923194907,0.0175564690146111
"2007-06-18",4.23044455303196e-09,5.81937632976079e-06,0.000221011559177925,0.000311158233540244,0.000224640888833319
"2007-06-19",0.000133064084387371,0.000107903825803404,2.7321088400096e-06,1.57461714119389e-05,1.88407120286524e-06
"2007-06-20",1.03987708374099e-05,3.95874907247766e-05,0.000198554849768112,0.000311319780430526,0.000248268465016924
"2007-06-21",0.000454789626192997,0.000377947697460406,0.000631118152664565,0.00083308349860399,0.00069344460059776
"2007-06-22",0.000144894317992021,1.66286491472011e-05,7.44249340007037e-05,0.000301543978824159,0.000234114205075658
"2007-06-25",0.00048581056090021,0.000533259091246533,0.000636268840734958,0.00102963870765776,0.000924945846403035
"2007-06-26",0.00501464112301001,0.00451006033902228,0.00366217760681578,0.00458000527516005,0.00435278819605853
"2007-06-27",0.000137280147602346,5.45380669285773e-05,0.000146651362218921,3.08582494031973e-05,7.38244362588942e-05
"2007-06-28",0.000903992003983919,0.000607561677382024,0.00114411261629822,0.000764755054900916,0.000739922902827646
"2007-06-29",1.91000904338191e-05,6.88452823829327e-07,4.48932780855309e-05,1.83097114542614e-07,1.38965449568481e-07
"2007-07-02",2.93464585272928e-05,1.16091093749758e-05,3.25016100274231e-06,0.000116602785598442,0.000139212853448716
"2007-07-03",0.00342787327824163,0.00434999618694705,0.00383042093352157,0.00514255707156714,0.00518417222776825
"2007-07-05",0.000466509136867945,0.00035357245795697,0.000485516391639958,1.44293301024992e-05,2.13236048142532e-06
"2007-07-06",0.00387143140911756,0.00336566860287767,0.00333292086275788,0.00208128350112067,0.00242543228846486
"2007-07-09",0.00017015607793666,6.56293881351987e-05,7.08440048326147e-06,0.00013863735559505,5.4959596622865e-05
"2007-07-10",0.000655828362943645,0.00112075654525415,0.00170021047546045,0.00312239116341909,0.00249345005509466
"2007-07-11",0.00456893249985861,0.00458470432000886,0.0034059883587796,0.00210994862743436,0.00250478730103992
"2007-07-12",0.00279722716174227,0.00300216286310409,0.0021925997169044,0.000885978149304333,0.000990058840624281
"2007-07-13",0.00223367238852269,0.00197667192142762,0.0017009004388309,0.000601086379618535,0.00069791998448345
"2007-07-16",1.44545724079078e-05,2.17547684746455e-05,5.42824923025453e-05,0.000530536393260793,0.000432586169800319
"2007-07-17",0.00156939093470147,0.00133575104015722,0.00119373865360913,0.000417706296783382,0.000599391318555358
"2007-07-18",9.80414671295037e-05,0.00012993245381729,0.000211972585822969,3.58875141419276e-08,2.20662212535116e-05
"2007-07-19",0.00518318585391142,0.00731561574116098,0.00716824571710342,0.00492264216326127,0.00559861711203885
"2007-07-20",0.000131111353020813,3.28834171733985e-05,8.39454730939302e-05,1.26783036614001e-05,8.07158255421684e-07
"2007-07-23",0.000143280940855361,2.50400268528552e-05,3.0753674396365e-05,8.23867513078447e-05,3.18481220705974e-05
"2007-07-24",0.0155434462112674,0.0183124924394348,0.0170079266983676,0.0214161191165085,0.020326907524077
"2007-07-25",0.00406560211381396,0.00435472283432138,0.00342939893767316,0.00564999338636674,0.0052319130094487
"2007-07-26",0.0708161654930412,0.0706930139375321,0.0665020442795686,0.073476230581638,0.0718061299467
"2007-07-27",4.74943617732175e-05,0.000143407534989412,0.00107683720776841,0.000540662484069764,0.000579692480599967
"2007-07-30",0.00710183219300652,0.00570212178929673,0.00239997834990587,0.00360127437365074,0.00348772842056307
"2007-07-31",0.018095897032012,0.0184798663632072,0.0107442468289057,0.0132647509439406,0.0136764372951933
"2007-08-01",0.0329025338866688,0.0360508052978489,0.0244698375632668,0.0278770095047137,0.0289038420019955
"2007-08-02",0.0175080474714223,0.0180593458748766,0.0245322583577093,0.0227512965876162,0.0213948295061286
"2007-08-03",0.0078452609603228,0.0067754270415793,0.0110126674974316,0.00831543758987285,0.00740450639923287
"2007-08-06",0.0208385467689649,0.0187790819919673,0.0167862852557961,0.0204526380790241,0.0216145608126654
"2007-08-07",2.73296222295111e-07,7.12460577283463e-07,1.8128587301229e-05,0.00021674669445291,0.000460393305901443
"2007-08-08",0.000312482400234367,0.000536678195502461,0.000610836737188862,0.000237022920113743,5.30843360991181e-05
"2007-08-09",0.0152737977928563,0.0136241902169864,0.0142519411534084,0.0168623819530899,0.0185121715703591
"2007-08-10",0.079739372136409,0.0712163842864178,0.072302079886609,0.0745688499545363,0.0781736478442538
"2007-08-13",0.0270624501119002,0.0377919890158974,0.039693482442384,0.0446755515756366,0.0419690289235672
"2007-08-14",0.000573692406460495,0.000481016664346067,0.00124004066537815,0.00106061630470126,0.000598655566249661
"2007-08-15",0.00250043736220042,0.00167768464732912,0.00100344619162306,0.00126844795854224,0.00201410405827084
"2007-08-16",0.130779108441874,0.12007569764387,0.114307804090631,0.118018337156149,0.124407317316707
"2007-08-17",0.0243511198159399,0.0299938891264811,0.0313521014676194,0.0341050237835426,0.0309044169621638
"2007-08-20",0.0087947845657349,0.0122202512693706,0.0165007320750569,0.0160227506704009,0.0136070266656206
"2007-08-21",0.000256547420395934,0.000192385456685251,1.32605906062606e-05,4.36642960967426e-06,0.000223524870750012
"2007-08-22",0.0270700915443616,0.0266922969745073,0.0325062559943541,0.0294467534794619,0.0246276380529893
"2007-08-23",0.00514384238834005,0.00475093992828204,0.00565338290321349,0.00315931038079356,0.00174392805462437
"2007-08-24",0.00412632485635064,0.00346528384738262,0.00305901879531614,0.000806888754692398,0.00013958357236994
"2007-08-27",0.00723811191261103,0.00602970554285311,0.00459652377136785,0.00127698672206462,0.000493545662116196
"2007-08-28",0.00738644334381109,0.00626309262302002,0.00730937308608268,0.0145040602050632,0.0177947216292356
"2007-08-29",0.00329831465188626,0.00331129904479931,0.0021899613068256,0.000270513920809616,3.30834387563211e-05
"2007-08-30",0.00592411289943666,0.0050935437328908,0.0059874119457868,0.0116150855036183,0.0137528152847246
"2007-08-31",0.00500456953011954,0.00716204877494603,0.00420767885591616,0.00142765438367932,0.000894032645137979
"2007-09-04",0.000844497143691882,0.00162205250238534,0.000455043056122414,2.82255249550669e-05,0.000119556528833204
"2007-09-05",0.0812387999451951,0.0798957104007259,0.0948169449037445,0.1108492043262,0.114332858510526
"2007-09-06",0.00172769179934386,0.00231205007227034,0.00472877315230074,0.00616961756045736,0.00755154633365064
"2007-09-07",0.00817332623655189,0.00762878905647572,0.00438743402715896,0.00351574561978143,0.00274692479944244
"2007-09-10",0.000498529178793082,0.000622974371837768,0.000248069804408662,2.89331982761886e-05,1.0170350123763e-06
"2007-09-11",0.00240432558874546,0.00277675814783653,0.00212208447113027,0.00134544748887469,0.000959999498553149
"2007-09-12",0.00752407679401609,0.0078217232434846,0.011603313504358,0.00986695964011369,0.00832217532888271
"2007-09-13",0.00440531065968659,0.00413419893120053,0.0068567753770199,0.00540281066288101,0.00438417171086704
"2007-09-14",0.00338374687870737,0.00336471372345297,0.00627461705004434,0.00485364769567948,0.00398620312526286
"2007-09-17",0.000284138985606067,0.000265952725563992,0.00146261316357857,0.000747017843379787,0.000408814518017049
"2007-09-18",0.0014058764269938,0.000896937666723508,0.00010348286607698,0.000359442281724223,0.000580890606800602
"2007-09-19",4.369682987048e-05,0.000228582957391675,0.000496918583047682,0.000206311822781472,0.000116525401695556
"2007-09-20",0.00243334217769482,0.00300991835915337,0.0031498593540055,0.00264344599979499,0.00226369373925129
"2007-09-21",0.00385518084259536,0.00385200107273266,0.00364435161069914,0.0032708943974859,0.00299169691023946
"2007-09-24",0.000755854489500061,0.000609366209275508,0.0010679409380942,0.00138402573065103,0.00153378522743102
"2007-09-25",5.40953764935526e-05,7.5129323644009e-06,2.91234098378717e-07,2.68075789191755e-06,2.0888088623295e-05
"2007-09-26",3.12910734677404e-06,1.56403499944073e-07,5.03890453840155e-06,2.95466073593406e-05,4.05978153827946e-05
"2007-09-27",0.00279645169415393,0.00334970016510356,0.00279015101581924,0.00236466216646883,0.00243123833625811
"2007-09-28",0.00244966648955525,0.00221335155800554,0.00212824583263615,0.00162846987599998,0.00163852329015147
"2007-10-01",6.44702746558964e-05,9.49253522391678e-05,0.00023865488784992,0.00010854024403061,0.000108799987121115
"2007-10-02",0.000421307160614217,0.000349469013540741,0.000363416064692386,0.000136705564225697,0.000118246205048307
"2007-10-03",0.000117690228804371,0.000171343153873725,4.35726869619548e-05,6.28929356636727e-07,1.87460107745689e-06
"2007-10-04",8.78691666737986e-05,1.74793281743454e-05,0.000164827066562196,0.000350144366759615,0.000376620209716644
"2007-10-05",0.00156889743314755,0.00117826181202744,0.000584153042315525,0.000293242200465654,0.000264509825627706
"2007-10-08",0.000524245607966889,0.000424863025397551,0.000110071239294923,2.70902156265044e-05,3.68586843284896e-05
"2007-10-09",0.0060462980949824,0.00661746988483903,0.00881926878791214,0.00972215703093574,0.00985696326980097
"2007-10-10",0.00308485841176598,0.00266472131170983,0.00166340261007656,0.00129014269433603,0.00118441585292786
"2007-10-11",0.344416434130812,0.34099981673189,0.351100403644078,0.3563371701115,0.347267209468685
"2007-10-12",0.0267440954474803,0.023561648229263,0.0204792403845255,0.0190035495475773,0.0218832603217697
"2007-10-15",0.00201211011491195,0.00225935262566893,0.00264411221480451,0.0034392382264903,0.00481050878864982
"2007-10-16",0.00598344660486421,0.00489269005736751,0.00400490426036807,0.00318013857107988,0.00215499970407901
"2007-10-17",0.00433196755367796,0.00356573531933492,0.0031874484953909,0.00256996584921379,0.00264700485712415
"2007-10-18",0.0145064814224472,0.0150219955087202,0.0143152079783068,0.0130339878996073,0.0128761593381917
"2007-10-19",0.0010465890027682,0.000634252322601989,0.000385625164994461,0.000513427603643973,0.00087500334453855
"2007-10-22",0.00124350701084063,0.00494146868905946,0.00458539535542406,0.00427899919759324,0.00132301699271912
"2007-10-23",0.00578083780315855,0.00330687930577685,0.00352433289990329,0.00370504180081106,0.00557841341701621
"2007-10-24",0.0135664750000028,0.00910258671179788,0.00612701395358574,0.00602953883316578,0.0114773849311819
"2007-10-25",0.000308353614366795,0.00135658804731123,0.00210211099365754,0.00195838266678955,0.00464745038235129
"2007-10-26",0.00719133239786704,0.00918159493249596,0.0120515814791723,0.0119321936864544,0.0160107607821128
"2007-10-29",0.0119602756186379,0.0143215659174334,0.0176890202851978,0.0176707390430283,0.0157776950346569
"2007-10-30",0.000624846129029113,0.000358371413807935,0.00100806440745985,0.000928582769712154,0.000817491309787433
"2007-10-31",0.00182554251993888,0.00173086058690104,0.00152630167651852,0.00161636392107321,0.00516535337533927
"2007-11-01",0.000127111976322382,0.000700590822741345,0.000633412539503952,0.000680076008768171,7.04226980316735e-05
"2007-11-02",0.00950369776472185,0.00736118662914335,0.00798553247433574,0.00782512050472359,0.00937296218763387
"2007-11-05",0.000391756475661858,0.00108376302932097,0.00103658994542282,0.00128352517284432,1.54136674770749e-05
"2007-11-06",0.000672835680842175,0.00189475714444407,0.00154573071648792,0.00180671335103034,0.000841287901318973
"2007-11-07",1.64846842733166e-07,2.50969207565989e-05,2.42550274022993e-09,2.80016994963718e-06,0.000577548855255038
"2007-11-08",0.312445581363343,0.309593632116345,0.31227971463058,0.309403588451785,0.318484556574004
"2007-11-09",0.00722664365181944,0.00475160275357345,0.00611135047170871,0.00287589036143489,0.00506138532838672
"2007-11-12",0.136586637621193,0.127334038121278,0.133234363146049,0.116339162359385,0.124259062816711
"2007-11-13",0.0150868692284492,0.0146118347588551,0.0124178492252213,0.0167619738227265,0.0199497781468047
"2007-11-14",0.00547829651194248,0.00571227340542463,0.00710518557624974,0.00493800291759796,0.00399770160130781
"2007-11-15",0.0113575839667456,0.0116484396463531,0.013686822943293,0.0121594732898778,0.0112876613885784
"2007-11-16",0.000738749959547079,0.000709208899521171,0.0010333762740067,0.00119068527228356,0.00127200049287464
"2007-11-19",0.000593411410566771,0.00135418227369584,0.000974484763621472,0.000658131133339013,0.000534038202434632
"2007-11-20",0.020493862886809,0.0177170545880586,0.0184893902134876,0.0217763462860424,0.0195084729392209
"2007-11-21",0.00211615146365262,0.00251862515478684,0.00233556899266644,0.00151654404530022,0.000995295162374535
"2007-11-23",0.0476996379795494,0.0488892191451451,0.0474493728763399,0.0451378528210582,0.0473120819580895
"2007-11-26",2.85856134768225e-05,0.000266824715065194,0.000164071128579148,1.89814375664668e-06,2.18894871177866e-07
"2007-11-27",0.00115028022359197,0.00144037285756687,0.00145814328149497,0.00290215623360539,0.00271637699563037
"2007-11-28",0.0224517905226498,0.0232666534162009,0.0240055247175438,0.0206392946550316,0.0207088985880458
"2007-11-29",0.00186677569719924,0.00221425005846849,0.00264562436009778,0.00182397344374897,0.000948284372698195
"2007-11-30",0.00346931905208522,0.00361308471149908,0.00334793683046403,0.00471995581155768,0.00476366305352338
"2007-12-03",3.52886229965455e-05,3.37574382504566e-06,1.18740929341099e-06,7.82220652240602e-05,4.17003657081447e-05
"2007-12-04",0.00131474963704682,0.00172159837643432,0.00170592224476075,0.000846853313457385,0.000624133041498073
"2007-12-05",0.00570849629639769,0.00491881858656864,0.00501015840605539,0.0026795559702926,0.00209898556188043
"2007-12-06",0.00426514588797701,0.0045124208743202,0.0047688536201599,0.00320143780403073,0.00424344157959304
"2007-12-07",0.00176826493949183,0.00145478140478157,0.0015734424232777,0.000618699168227558,0.000373830305732466
"2007-12-10",0.00437546721098906,0.00373166330729607,0.00462489724978557,0.00315789219682063,0.00270590014665226
"2007-12-11",0.0202411208243803,0.0194144394709314,0.0160692270825483,0.0236219131746928,0.0214961983630112
"2007-12-12",0.00263260767229308,0.00288406191139476,0.00210681675528646,0.00312210437259611,0.00103775726562955
"2007-12-13",0.000156493709588071,3.08793231192695e-05,4.11314110061098e-06,1.96568885778961e-06,0.000244841722150257
"2007-12-14",0.00572184695312288,0.00934898105697285,0.00948528471620958,0.00937736901496454,0.00726890716396707
"2007-12-17",0.00843987199854906,0.00796820414973545,0.00801447889254502,0.00810052956073721,0.00898935031290432
"2007-12-18",0.00608747869143106,0.00591858508386636,0.00655138549111478,0.00643517382576596,0.00713934044136252
"2007-12-19",0.00858327762676088,0.00951084093688237,0.0092870275409901,0.00872933362479645,0.0080288372127587
"2007-12-20",0.00992870209737312,0.0113500935134833,0.0105473481245655,0.00977898508822992,0.0133085231722343
"2007-12-21",0.0118542950460786,0.0147434960263798,0.0148673397054228,0.0146675397254961,0.0138247595628507
"2007-12-24",0.00283445785424459,0.00458338593515352,0.00413450122166757,0.00260520117956957,0.00363737026066935
"2007-12-26",0.000768907838105884,0.00162470067587661,0.00170915609893358,0.000757794736540203,0.00108779382538575
"2007-12-27",0.000557117114980353,0.000372746121131492,0.000520022830710602,0.00125387521207005,0.00137716779620227
"2007-12-28",6.00805949966612e-05,4.38682336954478e-05,3.18519613112615e-05,0.000136179803790588,0.000123967632832433
"2007-12-31",0.000653247909587548,0.000931347444154971,0.000718531150166558,2.55750576941939e-05,1.55256803860432e-05
"2008-01-02",0.0105258236038704,0.00977881709276563,0.00999332721699552,0.014891145800904,0.0151117100042711
"2008-01-03",0.000712703311176746,0.00185221336347387,0.00208746579381745,0.000762035285626087,0.000266506056803458
"2008-01-04",0.0206920766523928,0.0197086010383501,0.0174558004419951,0.0219080886207637,0.0217531055039179
"2008-01-07",0.142605744095545,0.141484518835367,0.135562817955785,0.143827429660796,0.144841637535318
"2008-01-08",0.00409530974159673,0.00407458788124588,0.00435867564409457,0.00721514952230765,0.00777739641108327
"2008-01-09",0.0487709104085449,0.0507304945966625,0.0384681917189228,0.0438996029199519,0.0471024002727769
"2008-01-10",1.32673122803624e-05,2.41918395995462e-05,3.91140187924906e-05,3.42021934792536e-06,2.17476321460497e-05
"2008-01-11",0.00054209583222093,0.000524110374484358,0.000451671542365979,0.00131056462833381,0.00197577841378221
"2008-01-14",0.0388623911821337,0.0396600658942876,0.0373475813229545,0.0428496742799206,0.0383717201130466
"2008-01-15",0.122047296869851,0.125719415210915,0.119173184709443,0.114375043229482,0.107160648330693
"2008-01-16",0.0459558153124827,0.0509132390556295,0.0541765237915103,0.0472006683559706,0.027192616602771
"2008-01-17",0.00768295363989239,0.0096026900199712,0.0125183479067259,0.00744685109221593,0.00857886527846076
"2008-01-18",0.00329365720219045,0.00235598890248459,0.00249016674027781,0.00458718716657412,0.000418459404508218
"2008-01-22",0.103893150256753,0.104942014311077,0.10941969116843,0.100029245095075,0.0967845688327892
"2008-01-23",0.0479899537348268,0.0444169971207102,0.0421178624709298,0.0335875914624179,0.0284690951812325
"2008-01-24",0.013138881801993,0.0143117910762748,0.0142087382435201,0.0213626878072051,0.0218390646660735
"2008-01-25",0.00375285788923772,0.0030918140520251,0.00337471488174148,0.0066409284122072,0.00520262752862433
"2008-01-28",2.59664434006389e-05,2.02374900019195e-05,0.000340181811288558,5.53931549331897e-08,0.000308333521218173
"2008-01-29",0.0310786133781974,0.02594914813275,0.0241085003687791,0.0286709350956305,0.0160525345731497
"2008-01-30",0.000260426975254232,0.00100333861389481,0.0013343806221712,0.000295560777549417,0.0026484044380399
"2008-01-31",0.00103410544011046,0.000823530932129917,0.000977474558032874,0.00174496657923324,0.0137045004993415
"2008-02-01",0.00807893876690317,0.00960074925953166,0.00888963117677409,0.0121536704018687,0.0144453100400364
"2008-02-04",0.00418209761946672,0.00478321324490868,0.00780298182971061,0.00896848174340414,0.00473280210537413
"2008-02-05",0.000641342477470632,0.000719478210181248,0.00128060829649573,0.00224312308848726,0.00705268973771761
"2008-02-06",0.0160057487611939,0.0144413825074986,0.0157448062383243,0.017755336340863,0.0325190385789557
"2008-02-07",0.0814480161770229,0.0840857584380306,0.0814344173396309,0.0971566946169841,0.112632741321742
"2008-02-08",0.00537743854231316,0.00597741337270612,0.00481187622262982,0.00289586182130985,0.00103566033372288
"2008-02-11",0.0125395349825123,0.0131517303073158,0.0148170693377628,0.0107836449727283,0.00731970230245151
"2008-02-12",0.00187744866878496,0.00275885163356459,0.00135301741873832,0.000173334985864103,0.000294677366656516
"2008-02-13",0.00528525402149547,0.0066182210520975,0.00531786206753067,0.00273634968798925,0.00301781349169708
"2008-02-14",0.00249927822968369,0.00279518912575047,0.00288127018936111,0.00094243903952445,0.000364005866558405
"2008-02-15",0.00562068906737494,0.00596852170255534,0.00514283011228418,0.00305560405596643,0.00092970968587235
"2008-02-19",0.000184417959234203,1.78747447370963e-05,0.000271654668197134,0.00076720327314493,0.00157976534510996
"2008-02-20",0.00349227424631523,0.0026369236807387,0.0035922020641459,0.00398147002231997,0.00313254273398314
"2008-02-21",1.98518782299088e-05,0.000274218301356288,0.000280881294010304,0.000305764531262683,0.0010595881851023
"2008-02-22",0.00435862262089502,0.00361346433324238,0.00435354034740191,0.00403039264934067,0.0035395387501137
"2008-02-25",0.0036348750345265,0.00276596031427258,0.00255352948804537,0.00313762375043125,0.00398416958292573
"2008-02-26",0.000419979306568578,0.000229424470121724,0.000179669494432638,0.000171063177072478,0.000372553682737275
"2008-02-27",2.05677640931068e-05,6.03177024656088e-06,7.20649064225754e-05,0.000231117641616127,0.000180874625998646
"2008-02-28",0.00220192530432473,0.00212451102885766,0.00213039972357151,0.00156707931971953,0.00267915155151575
"2008-02-29",0.00024966865174055,0.000191334383003454,1.09104521695055e-05,0.000171912060003851,2.64104803897715e-08
"2008-03-03",0.00831642868411254,0.00803508554623557,0.00430483416716768,0.00455060955567962,0.00485072763963129
"2008-03-04",0.0397025539269247,0.0389812049668398,0.0227059759748938,0.0274182518203061,0.0209170727359785
"2008-03-05",0.00750494625112702,0.00674931412562218,0.00664271594091082,0.00470366329679876,0.00444252389164259
"2008-03-06",0.00139320331807159,0.0015340755346713,0.00112843340898692,0.00133107886280758,0.00108879169717638
"2008-03-07",0.000673101268637144,0.000770340133413457,0.000187245569219484,0.000164070141082751,0.000331704204910021
"2008-03-10",0.00054783525121637,0.000628175693553487,0.00159480319755405,0.00247070422313911,0.00274215040535548
"2008-03-11",0.000137744246479884,4.46419266879204e-05,0.000665250112746415,0.0026406937450964,0.00216750877751711
"2008-03-12",0.000212674695389523,0.000344695119452803,0.00295335866208254,0.00789165628634237,0.0089447590967627
"2008-03-13",0.00661226684854047,0.00663812855972386,0.00586281541771509,0.00235482577266268,0.00124123817065627
"2008-03-14",0.0249781548288295,0.0222232560831961,0.000406523478363993,4.84694707963185e-05,0.000775394343273802
"2008-03-17",0.000592801589591104,6.67135072968435e-05,0.000166788128435109,0.000551559654830528,0.00107773494017959
"2008-03-18",0.00775503606637437,0.00910224320890539,0.00773603371441538,0.0156417019066285,0.0235381882437611
"2008-03-19",0.00105167604150109,0.000930088218411617,0.00477028770030061,0.0118589254536628,0.00848026809901488
"2008-03-20",0.0133270111725274,0.013284931281579,0.00947753925756292,0.0187049354548529,0.015517903113338
"2008-03-24",0.00249343691667688,0.00298094904205445,0.00167355931795357,0.00790450795293052,0.00951594832210205
"2008-03-25",6.64630352560654e-05,8.37044677527641e-05,7.87249748864457e-05,0.000898094705318375,0.000398220562504051
"2008-03-26",1.18822143300427e-06,6.9833406857272e-05,8.65258479537094e-05,0.000244726577713963,3.88668346784531e-05
"2008-03-27",0.000204331115909677,0.000146454935160356,0.000133956710314547,1.02311317093048e-07,0.000269438180208131
"2008-03-28",0.00353400672351289,0.00409494294806405,0.00174489304564308,0.00289716274952256,0.00185497141636821
"2008-03-31",4.81389318599112e-05,0.000216417982598995,0.000601529303807023,0.000184089229207659,0.00121626862702231
"2008-04-01",0.00211805489507877,0.00251795896119955,0.000922211236920298,0.00114298349391606,0.00132913907477179
"2008-04-02",0.00040821130099156,9.18246356653543e-05,1.80194031989323e-05,2.99713229610482e-05,6.91736438209834e-05
"2008-04-03",1.71201132912248e-07,0.000125441584511934,1.20195646963389e-06,5.31173174767306e-05,4.876949877086e-05
"2008-04-04",0.000123680892142118,0.000290960713745779,0.000310579964165047,0.000441529023708348,3.06032482339829e-05
"2008-04-07",0.000139264028972156,0.000465272438951502,0.000258763176430296,0.000145502224128182,0.000149408458148931
"2008-04-08",0.000142755551790638,0.000497618075077272,4.7346103534627e-05,4.13607477560966e-05,0.000234285803930173
"2008-04-09",7.51463870241951e-06,8.85255364072803e-05,1.60200676273106e-05,0.00011588211987616,0.00014370094010267
"2008-04-10",0.000875088146569511,0.00214776451062121,0.000585520342291616,2.11123730205917e-06,0.00722742365310912
"2008-04-11",1.65347044653781e-05,0.000172973717199974,0.000205287664647845,0.000141472800329302,0.00028904885693433
"2008-04-14",0.00228204525923544,0.00134243333492505,0.00369303304023327,0.00773185628848698,0.0095630634586457
"2008-04-15",0.00142030536113721,0.00199761307231047,0.000429794593508957,1.67643102949632e-06,0.000136714098118498
"2008-04-16",0.00351037490862732,0.00400861517193414,0.00165594159573583,0.00103053067152429,0.000459960081769405
"2008-04-17",0.000113152472436504,0.000524007803172872,5.31942530955711e-07,9.19752630608665e-06,1.33892714288893e-06
"2008-04-18",0.00264843420123692,0.00313512991378642,0.00291285341276633,0.00397477030062827,0.00330530145183016
"2008-04-21",0.000308742776320053,0.000958647562372755,0.000635967254204597,0.00130448700473121,0.000670534950588391
"2008-04-22",0.00862859427098908,0.00624437713113429,0.00863351624329035,0.00795280501714984,0.00937251861630092
"2008-04-23",0.000415975958729862,0.000517070465898124,0.000679751180762839,0.000875045008878965,0.00263128489739005
"2008-04-24",0.0225332682687532,0.0209723525619533,0.0190653013731755,0.0191853767892959,0.00603242323082826
"2008-04-25",0.00152903162211762,0.00241808978982623,0.00288952830563469,0.00235280484223675,0.00221067743204579
"2008-04-28",0.00281220592254713,0.00330169199206605,0.00529321324417978,0.00495741146731577,0.00317351689128438
"2008-04-29",0.00246438268685904,0.00299598347475601,0.00171880784899714,0.00189658080857338,0.00185661793378923
"2008-04-30",0.00176871211927468,0.00157572464172625,0.00179621493622713,0.00157780909118153,0.00170381363371974
"2008-05-01",0.00328980845289651,0.00492412729820502,0.00377803180059098,0.00453512846669607,0.00325940557220389
"2008-05-02",0.00286257396518939,0.00212549374477834,0.0012148433354237,0.000642677304712693,0.00145364366800261
"2008-05-05",0.00122728611616002,0.00187227388418496,0.0018399131983641,0.00253553657887317,0.00196786831524915
"2008-05-06",0.000656140871097382,0.00122989894873716,0.00079050704582129,0.00140213547476438,0.000602578589832839
"2008-05-07",0.000659770142303878,0.000327246677153468,2.8706915051182e-05,1.55628227832296e-05,1.13396680582228e-06
"2008-05-08",0.00103473766769547,0.00158325235711065,0.00101089135543534,0.00212282026777186,0.00157681058002719
"2008-05-09",0.00166006368006308,0.00272849501045067,0.00234981658641971,0.00421809842376248,0.00383305771351087
"2008-05-12",0.00129900962758756,0.00210846955273915,0.00180853283343097,0.003828451665729,0.00522068096441401
"2008-05-13",0.000768226843006208,0.001271732919117,0.00157874986969906,0.0037041985819301,0.00250892641184716
"2008-05-14",0.00032770239830772,5.54237193923628e-05,7.94618683978662e-05,0.000219578861947916,7.68840530661867e-05
"2008-05-15",0.00171097210114129,0.0010425735272626,0.000497901975803363,1.49403545468449e-05,6.47791314826883e-05
"2008-05-16",0.00319068769343281,0.00527169536570059,0.00510693318404085,0.00759351229122774,0.00678595373410295
"2008-05-19",0.0044526550673345,0.00331978616673588,0.00260040428188859,0.00163274889621779,0.00177863679514626
"2008-05-20",0.00093112956004766,0.000396370992391902,0.000516399475411942,0.000273301696802996,2.8743351766159e-05
"2008-05-21",0.0127181847437984,0.0115479050989533,0.0118533281893084,0.0117097507150149,0.00991958532890457
"2008-05-22",0.00869906109988476,0.00786252497225861,0.00673209331510824,0.00670529887752338,0.00234053930810147
"2008-05-23",0.00281557214895132,0.00282848456672533,0.00168201699525192,0.00177383929073533,0.00223106529323297
"2008-05-27",0.00769895216593624,0.00795386023668735,0.00847775065620278,0.00882599593814477,0.00731106224783634
"2008-05-28",0.00179221254025318,0.00230634410789061,0.00285928257334551,0.00415690331109878,0.00448476213398417
"2008-05-29",0.00153155410772668,0.00189194004630635,0.00179789074162948,0.00308554013889817,0.00306712981629774
"2008-05-30",0.0110832636914952,0.011920853900939,0.0153451365288956,0.0199769835497344,0.0223071201067586
"2008-06-02",0.00064519277612704,0.000357535001054483,0.000741683914482417,9.8503970210842e-05,0.00126307886179508
"2008-06-03",0.000952120067397702,0.00082241396681295,0.000426105732531,5.25490588597108e-06,0.000196311794276746
"2008-06-04",0.00034236708178164,0.000171311006276295,1.00655556491075e-05,0.000174226772738235,0.000368490094608663
"2008-06-05",0.00569046389008013,0.00636243476908959,0.00842100834190926,0.0121328764143458,0.012835111277523
"2008-06-06",0.00245017330413749,0.00206215392960853,0.00237958719274122,0.00102798316005952,0.000222971216977872
"2008-06-09",0.10550009657987,0.0975363072876733,0.0995653149053236,0.08825476998232,0.0847468536017605
"2008-06-10",0.012511519930657,0.0127446421359614,0.010510475056389,0.0143473285651354,0.0106955990214327
"2008-06-11",9.99381411480213e-05,2.44702308824265e-05,2.08007149063306e-05,0.000310183596603896,0.000340246678266832
"2008-06-12",0.0128549329791919,0.00993003007398846,0.0121215191814168,0.0100900090099745,0.0105036455172541
"2008-06-13",0.0308508510781408,0.0319569156865348,0.0302352238459304,0.0270412251968449,0.0151411236289102
"2008-06-16",0.00630623582759304,0.00544674349631138,0.00548811672299747,0.00717173228513892,0.00703723714044279
"2008-06-17",0.00731952179826259,0.00714574017731387,0.00712099185307614,0.00951826190353772,0.00702338647186402
"2008-06-18",0.00162155065098734,0.00136039053957646,0.00171399411013461,0.00277364969538556,0.000575037996351247
"2008-06-19",0.000590986603440424,0.000601464188813978,0.00179602773736727,0.00317265553825516,0.0144357440456943
"2008-06-20",0.000650327394003532,0.000840632103828884,0.00161751081869037,0.00282879431652437,0.00253697493815564
"2008-06-23",0.0016555887987191,0.00155674343747716,0.00142500841494692,0.000431631431575192,4.76034171169123e-05
"2008-06-24",7.6689411049903e-05,0.000184538323131061,0.000104001079403608,9.48176177690147e-05,4.49665468376895e-05
"2008-06-25",0.00115974035598435,0.00146207262374702,0.00123027599753305,0.00305226372124912,0.00108368808004269
"2008-06-26",0.00178800867050334,0.000405809168632656,0.000827799864379836,0.000215602662632006,0.000413140246243238
"2008-06-27",0.00705261185727445,0.00420236887991405,0.00454199708807679,0.0034090565451014,0.00258876212564764
"2008-06-30",1.15471095110241e-05,9.46617134204498e-05,0.00010734254082246,0.000150608559500465,5.33551263414895e-05
"2008-07-01",0.00501391003121051,0.00503630026375505,0.00451717776639015,0.00431608636990524,0.00384396225712807
"2008-07-02",0.000386123454204271,0.000130155403458094,7.69293367559303e-07,2.0754712452977e-05,4.56530213968233e-05
"2008-07-03",0.0173231286964922,0.0162403972306469,0.0181682478548665,0.0161952266670733,0.0134144660915087
"2008-07-07",0.00616984500208557,0.0108160535878697,0.0127015421695241,0.0155602179642551,0.0259064196848563
"2008-07-08",0.000103695932662628,0.000763290991771041,0.00201240024978407,0.00367657534652906,0.00467171351298206
"2008-07-09",0.00106470989748063,0.00260202111046708,0.0034509361607933,0.00553924342532986,0.0050633200242806
"2008-07-10",0.00785587912157438,0.00565764142919915,0.00549250262839212,0.00328807947775754,3.0102570373015e-05
"2008-07-11",0.0145582679914925,0.0101182028633863,0.010945510585788,0.0066886736872839,0.00836345031682023
"2008-07-14",0.00106747322778014,0.00340409923725265,0.00196797742775401,0.00632825409408456,0.00750751553545202
"2008-07-15",0.0203134211733518,0.0115583003329232,0.0131275212046718,0.00655800180515256,0.00827511530443165
"2008-07-16",0.00554857908448001,0.0147111857762267,0.013899533414554,0.0229532133822174,0.0203874195231586
"2008-07-17",0.00492051757162662,0.0119928356271133,0.0116175844385488,0.0186894086864325,0.0223879868610232
"2008-07-18",0.00516760283613339,0.011699531748534,0.0113763546437501,0.0156461063254773,0.0108685190317194
"2008-07-21",0.00120482567356383,0.0011807077010113,7.61290674863428e-06,1.34838678476229e-05,0.00401023408693326
"2008-07-22",0.0240035317708637,0.0131644587146948,0.0144453506824036,0.0149856704515896,0.0202644348543603
"2008-07-23",0.00150425284021925,0.00591506395760208,0.00863646898936717,0.00692670863472878,0.00989727009187557
"2008-07-24",4.01465204411364e-05,0.00215670245113117,0.00418337345173229,0.0027195469256829,0.00955462007338304
"2008-07-25",0.00279760074029652,0.00765894636612893,0.0127116074703803,0.00946970565880022,0.0130067949003459
"2008-07-28",0.000879394239682493,0.0026781279058683,0.00617742047862311,0.00586628462937293,0.0110008584775882
"2008-07-29",3.35441186309776e-05,0.000255810677950541,0.0090538136348562,0.0110630487417382,0.00741485440004787
"2008-07-30",0.000264676808181511,0.00120054872464768,0.00490509744625003,0.00584306588307387,0.00159721671021209
"2008-07-31",0.000187588998001862,2.25314352045261e-05,0.000425819013983716,0.00068464812038693,0.00119114713891488
"2008-08-01",2.0004757214205e-05,0.000403765156875614,2.56900264928451e-05,0.00015575343741504,5.60603103307718e-05
"2008-08-04",1.33691742608328e-05,0.00081452961324948,0.000236027740837097,0.000230571289620455,0.000522564411262202
"2008-08-05",0.0038469862332024,0.00530497122318853,0.00469334855844163,0.00430046402074667,0.00443618498114799
"2008-08-06",4.07209653272349e-05,5.7088686364287e-05,6.3829596315888e-05,1.79643091836472e-06,0.000982605564751271
"2008-08-07",0.000354286541254294,0.000633008630370144,0.000568358862930531,0.000151379270521404,0.00296445568209048
"2008-08-08",0.00418275855670761,0.00556700546760684,0.00657246937581948,0.00450803665440541,0.0115281092896838
"2008-08-11",0.00101322998274961,0.000554347271529632,0.000374089982388076,0.000837637931558581,0.000678761777955505
"2008-08-12",0.00028353713114766,0.000487695860152679,0.000363664864029159,0.000247896699114166,1.33327877314713e-05
"2008-08-13",0.000380225554051139,0.000240139993791077,0.000164528730276217,0.000119487463868474,0.000240114508282693
"2008-08-14",0.00221462442414433,0.0029975299112957,0.00301159260320637,0.00354388725628396,0.000402533015460978
"2008-08-15",0.000536843064847569,0.0011631903768806,0.000739543703701384,0.00107729664923957,0.00205111500989603
"2008-08-18",3.82471928331086e-05,0.000155183545683024,0.00032507282404525,0.000572813849619066,0.000737090836611882
"2008-08-19",2.8702943705186e-05,0.00014168853315104,0.000102484324790163,0.000225825094954782,0.000658429344867185
"2008-08-20",0.000130202060156699,0.000267921029817465,0.000172425532523628,0.000355841418846437,1.18858092593182e-06
"2008-08-21",0.000206681454289058,0.000661667581523495,0.000332287036439802,0.000310669605403687,0.000471201573312202
"2008-08-22",0.00598510900016172,0.00736230968359928,0.00748311364136415,0.00779857680990688,0.0107276186334351
"2008-08-25",0.000123658917489617,0.000331154995143412,0.000663064848693005,0.000774258515178957,0.000560697054155369
"2008-08-26",0.00146427081065243,0.00208512457178219,0.00224709717897407,0.00215372746027747,0.00123917937211512
"2008-08-27",0.000402874352374415,0.00103564742095492,0.000347655406510986,0.000240642053181338,8.60857981145896e-05
"2008-08-28",0.000689181425100776,0.00113622873596259,0.000948959844928458,0.000560402961248798,0.000114618256290263
"2008-08-29",9.07275747914685e-06,6.68982933753441e-07,3.05677633932552e-05,0.000250546497961837,0.000376258674219416
"2008-09-02",0.0115016047748496,0.0115864829926178,0.0107691962807189,0.0129995784136168,0.00898182556288934
"2008-09-03",0.00212827404205363,0.0011697418730858,0.00169158750338417,0.00249573801049429,0.00150461256722192
"2008-09-04",0.00295622302819756,0.00163486282019224,0.00166380419912631,0.00230600196418803,0.00112696585309504
"2008-09-05",0.0238339577453488,0.0251691573830958,0.0197772051896673,0.0201313089905125,0.0223943129525111
"2008-09-08",0.0522673930596755,0.0470989734978996,0.045255594557372,0.0450720130388388,0.0473912338775708
"2008-09-09",0.0251719509563003,0.0217013954593138,0.021493264839729,0.0218079089036135,0.0141575348299493
"2008-09-10",0.000764292111832104,0.00122357987116201,0.000843547966954266,0.000700213862453782,0.00172153476783493
"2008-09-11",0.000625293983356223,0.000477849523858827,0.000173545000129721,0.000344716101321282,7.66876480377089e-05
"2008-09-12",1.32517749903407e-05,5.71597488441817e-05,2.47588060616173e-05,8.88259465537395e-05,0.000377159394935147
"2008-09-15",0.0140168022693396,0.0129253511929909,0.0136342643297032,0.0114295436860812,0.0121529067068691
"2008-09-16",0.0854278242848417,0.0788439944220958,0.0784159936136271,0.0726664926285287,0.095596457088132
"2008-09-17",0.00799433418381691,0.00409475024054727,0.000606648597764946,0.00157867846523589,0.00476216666788673
"2008-09-18",0.108283210233432,0.0896353146810441,0.102025927664494,0.0963706981462206,0.0843930000495787
"2008-09-19",0.0109387067101616,0.0245394865109366,0.0253254825134554,0.0267806892692556,0.0362800182077518
"2008-09-22",0.0146514199372936,0.0241378489180507,0.10218006030577,0.108477315553865,0.107422523256256
"2008-09-23",0.0107761578755473,0.00954492343474362,0.0151178723600019,0.0140501540846513,0.0163423216713145
"2008-09-24",6.69560480463493e-05,0.000342436694523182,4.93312423815825e-05,0.000166044311987839,0.000147064140892087
"2008-09-25",0.0154365879044831,0.0140233688284979,0.0123054236318664,0.0123296529777362,0.00355264660117289
"2008-09-26",0.01102412511411,0.0112989452117427,0.0157549111953468,0.0162520037000945,0.0140187302373557
"2008-09-29",1.38533377358081,1.36893280128304,1.35858449469385,1.37871381337787,1.43039371164872
"2008-09-30",0.265485005819868,0.281945797907831,0.27155222812711,0.278343458598869,0.307570577435846
"2008-10-01",0.0021577217827378,0.00502833466081249,0.00420601014106737,0.00249894854890594,0.00524861147464431
"2008-10-02",0.0110247749271335,0.00577132406875713,0.00769363875126582,0.0133931732362136,0.0084441283288093
"2008-10-03",0.870396855771807,0.887476552309586,0.894762311016569,0.932729116918245,0.899042604273844
"2008-10-06",0.00648848875649085,0.00546427348358825,0.00720179639924328,0.00594826573369223,0.00176795158950538
"2008-10-07",0.0081488230756524,0.00560024100729115,0.00106811409847347,0.00177966845979082,0.000222648839048593
"2008-10-08",0.102077413468188,0.0862213959127337,0.0801597681449316,0.0829981292330661,0.0838069313875417
"2008-10-09",0.0415805221007569,0.0631218365742729,0.0773185314991595,0.0870771949679235,0.0935614136481031
"2008-10-10",0.251113954501473,0.189385082922023,0.207844929774127,0.212669075045395,0.247478100894907
"2008-10-13",0.548290319441702,0.891797199913138,0.957622129004923,0.986539820416091,1.13287468405058
"2008-10-14",0.000173556427584977,0.000945456155770697,0.00226189890617982,0.000793732155771444,1.05856030804734e-06
"2008-10-15",0.0562757556805885,0.0669561852563761,0.068101047876822,0.0404816489151578,0.0273258187553435
"2008-10-16",0.0815826545896985,0.077525831224733,0.0690136576198756,0.0709233716216763,0.084485053739824
"2008-10-17",0.054657626325022,0.0630262340383728,0.0609136252063084,0.0581333481542529,0.0508336221424979
"2008-10-20",0.0196040020051046,0.0233180420068417,0.0260145003563338,0.0237281422644623,0.0195839770641887
"2008-10-21",0.0591742076755673,0.0865845201813375,0.097595912798702,0.0805504314203597,0.07862404728076
"2008-10-22",0.00328307064385843,0.000999142673936922,0.00258469232681031,0.0190711416616858,0.0198772898957673
"2008-10-23",0.038375186964834,0.0309502395577253,0.0368939703934182,0.0543215557090781,0.0518092038111099
"2008-10-24",0.088173244625076,0.0836056324114648,0.0879264098013228,0.117760587565383,0.122214282301466
"2008-10-27",0.0512455562731458,0.0711022386918615,0.0726217539215595,0.0670439262696928,0.0754038535184786
"2008-10-28",0.0161456981590899,0.0263402809837568,0.0220929582339529,0.0107868861704931,0.0108894519769558
"2008-10-29",0.00230057785063966,0.000913499155696575,0.00280507881438116,0.00935836271705939,0.00960701722688765
"2008-10-30",0.0543321965722878,0.0712439312897001,0.0661812549342731,0.0407572558125488,0.0414822240677339
"2008-10-31",0.0125295420478257,0.0157634152054942,0.0152568320705025,0.00530416979309318,0.00464124466966961
"2008-11-03",0.0353102257498879,0.0413569442321556,0.0490619319017516,0.0297206532642987,0.0314070010286627
"2008-11-04",0.00494785014477864,0.00694003244885472,0.0092608801808489,0.00396521232854711,0.00435436053818969
"2008-11-05",0.00150932209760793,0.00163266003097596,0.00317147796568005,0.000263405309031934,0.000762934959467159
"2008-11-06",0.0204179106985251,0.0229488316870754,0.0215293070073274,0.037687696445728,0.0289913070150639
"2008-11-07",0.00287314242801855,0.00284003549580836,0.00187419265087177,0.00756499539518629,0.00361268192062522
"2008-11-10",0.00152864052372607,0.00102201281220243,0.000211734852710449,0.00250092890241228,0.000729292562569836
"2008-11-11",0.00503783024780341,0.00387022247907322,0.0018680365391896,0.00387331732990953,0.000961060774166495
"2008-11-12",0.00217771982089826,0.0025236373959944,0.00401530374269368,0.0010314137437222,0.00365062270317657
"2008-11-13",0.0949791774852688,0.0922928667488724,0.0852784476573566,0.104083431059873,0.0863931470477729
"2008-11-14",0.00011978980056824,0.000133480160924915,1.85704724518783e-05,0.00534210970477339,0.00231197934360167
"2008-11-17",0.000184602857283267,0.000244805648963481,1.33679113109442e-11,3.64808375148688e-07,0.000894353430215667
"2008-11-18",0.00161949076737106,0.00209812099905272,0.00446684700389634,0.00513904778170184,0.0107855128759456
"2008-11-19",8.03525239342305e-06,1.09304639326835e-05,6.93052576267286e-05,2.56069991998879e-05,0.000954110151907057
"2008-11-20",0.0589974536784882,0.0590276750910546,0.0555828991303436,0.056455666735059,0.0451748775067283
"2008-11-21",0.0103019030676067,0.0108900375256873,0.00948143534105844,0.0103807717342031,0.00688142934011856
"2008-11-24",0.00379160824445976,0.00370671213591642,0.00239527827075592,0.0020926123049331,0.00396119789087675
"2008-11-25",0.000626721735649077,0.000190365571840423,6.59906183799461e-05,0.000112622197552169,0.000324615119071818
"2008-11-26",0.0232193793624141,0.0283310272712716,0.0304628361041397,0.0319811945006095,0.0395415650313891
"2008-11-28",0.0338345192189025,0.035507190317788,0.0305633218637036,0.0409829400099435,0.0521654650110079
"2008-12-01",0.00546711128225982,0.00661603669219647,0.0056285340464423,0.00548690898528841,0.00818571419659489
"2008-12-02",0.0156502071701506,0.0139220826999042,0.0166263583464965,0.0149065361854934,0.010735716473862
"2008-12-03",0.00530950777142418,0.00431945455765567,0.00668408148396661,0.00630671650947263,0.00411889545497543
"2008-12-04",0.00250875960842401,0.00200175128821455,0.00250197586293863,0.00176322601299022,0.000991198423173941
"2008-12-05",0.00108809846375101,0.000473296592614008,0.000810139460024281,0.000235999494294162,9.61013126100555e-05
"2008-12-08",0.0105496413362236,0.0116239303468367,0.0105397673028263,0.0147380656377742,0.0166966290465891
"2008-12-09",0.000598004545560959,0.000843197668046227,0.000382853843178828,0.000896835814997072,0.00102191340298284
"2008-12-10",0.00454539044718992,0.00489592004927733,0.00287566698807406,0.00353254947147869,0.0028911404525252
"2008-12-11",1.42498595600276e-05,3.78635317619967e-05,0.000214433867536838,0.000264563031519365,0.000928295365121038
"2008-12-12",0.00989845360697524,0.00920910085143669,0.0131352101519002,0.012342408594014,0.0148724454225162
"2008-12-15",0.00864661124969047,0.00946547451167993,0.00706904479230118,0.00663988096318753,0.0044103604777084
"2008-12-16",5.95801738033677e-07,9.40875870511718e-08,0.000285854188795804,0.000157090529860834,0.000532010593206549
"2008-12-17",0.00519823965328229,0.00508981293418904,0.00329170431607708,0.00246022533876924,0.00258269191387227
"2008-12-18",0.00779700444099428,0.00789737854652029,0.00556354621185827,0.00507705053547812,0.00644649049877149
"2008-12-19",0.0108237355246526,0.0107467118441327,0.00679083016963714,0.00575109329983321,0.00592164866401608
"2008-12-22",1.00553920190765e-06,2.15626484624622e-06,0.000360307995231432,0.000655584171067483,0.00055243785091849
"2008-12-23",0.000768165060756772,0.000949633104258477,2.30306427941122e-05,4.97450879809597e-05,5.34935925457543e-07
"2008-12-24",0.000994114935601451,0.0016262705504309,0.000262145064980097,0.000313499225043142,0.000254334218713365
"2008-12-26",0.0134248934486655,0.0160221528249194,0.00999960721386164,0.0127779913947959,0.011294805348397
"2008-12-29",0.00135331831217199,0.00233476037000355,9.87331426910548e-05,5.08560843519755e-05,0.00021513959845649
"2008-12-30",0.021981362277353,0.0191045371974987,0.0309933639765182,0.0346248521387268,0.0346656142369666
"2008-12-31",0.0102258584520139,0.0138538603337082,0.00843895677800595,0.00730736917649351,0.00940259612878651
"2009-01-02",8.37027116612602e-10,0.000199058333423342,6.70862122001678e-05,0.000430558871642704,8.35303589450284e-05
"2009-01-05",0.00916468000635407,0.00678136783638134,0.00949609998921986,0.0127806123011021,0.0118904182846569
"2009-01-06",0.0111026304193303,0.00857644149445603,0.00922661742856205,0.0114732148199274,0.00966183956808455
"2009-01-07",0.000566948487296374,0.00150762504101116,0.000563594412329501,0.00023896406705334,0.000194850844103199
"2009-01-08",0.00223858308949026,0.00136208847164205,0.00322334557692274,0.00394457249318587,0.00414243098418157
"2009-01-09",0.000374541694186117,0.0009279638430061,4.79427625223644e-05,5.19825958142906e-06,1.05388661040737e-05
"2009-01-12",0.00217055389195358,0.00300422613724244,0.00151337710348306,0.00106713994835392,0.000779737057573349
"2009-01-13",0.0029960408561842,0.00207865946908579,0.00215138656774624,0.00286346324134009,0.00299215817112708
"2009-01-14",0.000571028835571431,0.000839159434691264,0.000716944141798936,0.000316184966071506,6.44647692474355e-05
"2009-01-15",0.0200344848238583,0.0192858097810807,0.0216380499186759,0.0226282013767022,0.0267081827357364
"2009-01-16",0.00414018671210533,0.00415168568653138,0.00540119751774629,0.00613203555875661,0.00861295620430116
"2009-01-20",0.00198093534052077,0.00204058525016616,0.00292175113982567,0.00258395972031036,0.00347615336808809
"2009-01-21",0.0013075582187444,0.000840936279235429,0.00090123257711383,0.00119791532108292,0.000280479111123459
"2009-01-22",0.0115320291615705,0.013470196308276,0.0143699015159133,0.0127342988687406,0.0147043641753552
"2009-01-23",0.00179649231215763,0.000929863392246655,0.00100682384936035,0.00190038087315616,0.000486633177285447
"2009-01-26",0.0138959561299238,0.0109218764187936,0.0102013491413872,0.0116472067131287,0.00699208538003036
"2009-01-27",0.0238902666935453,0.0204619441583195,0.022703575354054,0.0265842426661899,0.0197061849842724
"2009-01-28",0.00463507802903936,0.00287127363128701,0.00254515645086106,0.00362899633300406,0.00112213254055046
"2009-01-29",0.0077709146291739,0.00501867423185044,0.00349806599341767,0.00555898852314256,0.00432137293536324
"2009-01-30",0.000598585906254345,4.66896702967089e-05,7.60470380079148e-07,0.000284684921996013,1.53616536098971e-05
"2009-02-02",0.00155673896231872,0.00438880107445998,0.0066435077287482,0.00443045107092021,0.00868893860322713
"2009-02-03",2.84249366409054e-05,0.00092759051161493,0.000970209393723549,0.000235305360435282,0.000604425305093502
"2009-02-04",0.000110408123939522,7.03421820342883e-05,5.53305917277208e-06,0.00019223261672263,0.000127305517604289
"2009-02-05",0.000153755577013067,0.000929766620423283,0.00077390368863268,9.57318954160957e-05,0.000391457708301013
"2009-02-06",0.00515693676676926,0.0032886931984953,0.00394821370500745,0.00577036364859336,0.00605718529648415
"2009-02-09",0.000288708616373002,0.000148537195512182,0.000106968390004321,0.000822387688721128,0.000502351546632485
"2009-02-10",0.0229427696647096,0.0241496539674506,0.0263497613468431,0.0185092051115716,0.0215667790218666
"2009-02-11",0.00154558765011276,0.00224155496280021,0.00312578071526854,0.00118789042657244,0.0018389178514423
"2009-02-12",0.00349392320151454,0.00344737811740739,0.00376748817178576,0.00109694550439846,0.00205131441888728
"2009-02-13",0.00536781157530008,0.00536291467301865,0.00467166224863274,0.00926562290592149,0.0059701989749697
"2009-02-17",0.000566564116421223,0.000566683787022746,0.000950763074111153,6.71983321389525e-05,0.000634067251408862
"2009-02-18",2.46625075332953e-05,6.58887524224645e-05,0.000189582107543327,0.000174378545565153,9.6067877088757e-05
"2009-02-19",0.000959741845262134,0.000774928869684368,0.000353006200727734,0.00155869231131397,0.000248346128098352
"2009-02-20",0.00147485454287929,0.00194820527115901,0.00206703955071834,0.000610318336645363,0.00242754290167249
"2009-02-23",0.000519504518591237,0.00102349268403516,0.00132967840006249,0.000244395086967049,0.0010439863591242
"2009-02-24",7.12945331194326e-06,6.35679122536311e-05,0.000229462458085997,5.59727815536461e-05,0.00024186913761344
"2009-02-25",0.00500976511141548,0.00620744716115889,0.00661939818080325,0.00343202223521546,0.00549249604658292
"2009-02-26",4.35274926219912e-07,4.73238568050209e-05,0.000171209993592208,4.7843194354678e-05,8.21039923485024e-05
"2009-02-27",0.00634076366470179,0.00776772500255206,0.00854476698757865,0.00526826097967609,0.0116799295066888
"2009-03-02",0.000300543390495604,0.000757592371956442,0.00102688574489744,2.64800764699883e-05,0.00116000000358175
"2009-03-03",0.00163538725610835,0.0022537234218167,0.00347238300215052,0.00101030726301051,0.00461243508472026
"2009-03-04",0.00646753108467521,0.00501274307019428,0.00347189627994495,0.00839329099565512,0.00362919190801174
"2009-03-05",0.00101332820253011,0.00189728669467879,0.00312965632963277,0.000940301402236318,0.0031184539237287
"2009-03-06",0.0113268631469947,0.0142471228439739,0.0168179261922902,0.00979835406406,0.0170816252575095
"2009-03-09",0.00129377197170237,0.00202207670541354,0.00255548113134278,0.00052765864501298,0.00337316317726568
"2009-03-10",0.00543654757307989,0.00462272917252392,0.00332891025030462,0.00688891730392269,0.0033794163246928
"2009-03-11",0.00141022273524403,0.00113034274495234,0.000834551027974063,0.00287106802342107,0.00111869763947712
"2009-03-12",0.00164044283713752,0.00154921106166416,0.00144153540441256,0.00302185125427383,0.000853689098457108
"2009-03-13",0.00469022594448452,0.0044883297757652,0.00399992399801009,0.00756081541757847,0.0034844692505626
"2009-03-16",0.000260601390997586,0.000275344966535267,0.000680942788272074,1.96925819564136e-06,0.00145267493936537
"2009-03-17",0.00101105357843332,0.00114749403280053,0.000518635229772451,0.0020416593219058,1.59136071464916e-05
"2009-03-18",0.00745061298047306,0.00671676545372339,0.00853049597622619,0.0028950351534308,0.0101504624331976
"2009-03-19",0.000165321932915749,0.000192458400346918,1.95718180707753e-05,0.0020961204411335,1.46662499554663e-05
"2009-03-20",0.0151747038391315,0.016336478318279,0.0145188580301265,0.0237718889180676,0.00948756716796778
"2009-03-23",0.000425525976172858,0.000696325315042077,0.00045652341500913,0.00387729905488583,0.000183758720132218
"2009-03-24",0.00025892910338346,0.000139397733276745,0.000346677044872647,0.000273397632685783,0.000622746791832568
"2009-03-25",0.000800898536503328,0.000603006765105774,0.00135325504365288,8.26312996944957e-05,0.00157701893024804
"2009-03-26",0.00120559364989243,0.00133211816821372,0.000644237386779422,0.00415237664368243,0.00155125295475392
"2009-03-27",0.00268160864026363,0.0027867080613653,0.00191151563387286,0.00721210693803122,0.00335999093704339
"2009-03-30",0.00134283508170637,0.00149994786323764,0.00115287032973313,0.00531302566104783,0.00216250775400579
"2009-03-31",0.00422378796648734,0.00449112524857168,0.00376724391820987,0.00916053867022747,0.00442705499803902
"2009-04-01",0.00128297741774442,0.0013188881136992,0.000867344313057463,0.00312391632286908,0.0014204612543013
"2009-04-02",0.000472357154893612,0.000535493067410312,0.000836462980642193,3.90200015137668e-05,0.00101165366545156
"2009-04-03",0.000978355930182826,0.00095008225197434,0.000543245348953526,0.00247897887520918,0.000734195531731867
"2009-04-06",0.000365615589728057,0.000495497249330276,0.0007048516299095,4.41084269810669e-06,0.000416401930363767
"2009-04-07",0.00239611282652988,0.00205731426091096,0.00137750142406391,0.00373789081499043,0.00202352714435409
"2009-04-08",0.00106013972591142,0.000728579604428182,0.000467700992452848,0.00172619050149168,0.000948616111205686
"2009-04-09",0.00829465230738052,0.00763751955199617,0.00828858324747965,0.0120488190671448,0.00973144987181304
"2009-04-13",0.00014344194808035,6.40958643734767e-05,9.9439429191144e-05,0.000420114486533099,0.000435471425206429
"2009-04-14",4.08615285600609e-05,5.15547226375267e-06,1.18717892768455e-05,0.000198067350474861,0.000748709055552791
"2009-04-15",0.000167485046948552,0.000242251976262198,0.000192287831104805,3.95679823373023e-05,2.9532293047235e-05
"2009-04-16",0.000399373063996397,0.000313621803617805,0.000395341580707908,0.00063765010366201,0.000605930953173381
"2009-04-17",3.45988667011419e-05,8.80625715447565e-06,6.78875894330797e-05,0.00068738957597127,0.000790148489320915
"2009-04-20",1.5511529054945e-09,5.06320881085501e-06,7.93794577094049e-05,0.000695661334891311,0.00114750006203602
"2009-04-21",0.000251600002677112,0.000324385270694299,0.000212655290485863,1.88768874955189e-05,0.00107537301509873
"2009-04-22",0.000536163148316076,0.000782114668295346,0.000554691654792852,0.000196953772391976,0.000175036576356522
"2009-04-23",0.0174970107464648,0.0190045914843116,0.0176361680013451,0.0158724965253656,0.00635124595653881
"2009-04-24",0.000183766794084612,5.05716858319481e-05,6.70955255832172e-05,0.000588771660757312,0.00290252683525721
"2009-04-27",0.00347828008783375,0.00223658682842632,0.00345562966968285,0.00558131774550061,0.00815391198898594
"2009-04-28",0.00426466030225405,0.002718817604971,0.00317448925985588,0.00555965007120237,0.0119188678387807
"2009-04-29",0.00200344384253558,0.000974146625100133,0.0012776324085465,0.00226196814539537,0.00522926518677341
"2009-04-30",0.00260118331158799,0.00143068375115199,0.00204108389415467,0.00300600216402158,0.00832606551946991
"2009-05-01",0.00539159086576452,0.00348293557956148,0.00524798659473135,0.0059370413724117,0.0126300967106351
"2009-05-04",0.00395954128799524,0.00299176050856024,0.00379943075109435,0.0039731913687356,0.0068271325906426
"2009-05-05",0.00167961540444213,0.00116453212116562,0.00187776050878243,0.00219434227595975,0.00477997666830388
"2009-05-06",0.00127643865311948,0.00177988515866703,0.00137963189962698,0.00113357362692836,0.000106322877907495
"2009-05-07",0.000611449810608404,0.00105416195687321,0.000779244750697837,0.00074119020404353,0.000257198155494742
"2009-05-08",0.00935959980897608,0.010627123395764,0.00871302342381416,0.00820913949452297,0.00679018609667082
"2009-05-11",0.00149596773387873,0.00113408760548651,0.00195989322368672,0.00312079401000624,0.00375570021051669
"2009-05-12",0.000338663104615994,0.000515725017350823,0.000175932016954098,7.86146939815536e-06,3.72839213362648e-05
"2009-05-13",0.000469008621801031,0.000460166470209777,0.00128999963955955,0.00210277220708868,0.00276657028605185
"2009-05-14",0.00198956855821375,0.00196024445646943,0.00222245667675176,0.00318136506813583,0.00247112587929708
"2009-05-15",0.00112315528568644,0.00117035733377521,0.00157120811898926,0.00182244803312903,0.00121362676988865
"2009-05-18",0.000637876356785426,0.000699642823457962,0.000338344337545492,0.000218249188506459,0.000541484083185068
"2009-05-19",0.00387790624074578,0.00388041957032524,0.00467711317878088,0.00560913224383278,0.00363358717459691
"2009-05-20",0.00139881298780795,0.00151232841027583,0.000731697096721783,0.000634090229055222,0.00102847125104455
"2009-05-21",0.000126861532945363,8.50448490201286e-05,0.000293400660547017,0.000284740169752377,0.000115764189148185
"2009-05-22",0.00125554852728803,0.00122257503177393,0.00224029120466044,0.00235729677760266,0.00249989704218751
"2009-05-26",0.000588071331274042,0.000607159675303089,0.00119877433654839,0.00138434198584033,0.00105300725569587
"2009-05-27",9.43203011490183e-05,8.76559819505849e-05,0.00039786960573143,0.000461892623518276,0.000156383929662029
"2009-05-28",0.000151447039416516,0.000106847849531551,0.00041213800141404,0.000520545810742608,0.000236506913492394
"2009-05-29",0.0092469422595485,0.00839800861470839,0.00966163222203564,0.00983318764470673,0.00831655582634297
"2009-06-01",0.00336326111163846,0.00248698968843015,0.00324826950947615,0.00289033107427782,0.00218141615029935
"2009-06-02",9.27615001154975e-05,8.70374259827017e-08,9.61529739136585e-05,1.26231605342537e-05,0.000126661210953447
"2009-06-03",0.00231872460163897,0.00153627769106126,0.0022203873252762,0.00183941854523418,0.00141984346330202
"2009-06-04",0.0016131920134733,0.000943744390315136,0.00227685609042622,0.00199287190148151,0.0010320669217678
"2009-06-05",0.000526036552511922,0.000952923920271399,0.000614108137123098,0.000698132089187065,0.00127146206205731
"2009-06-08",0.00711253059097636,0.00846270063848935,0.00700077316621762,0.00749126673468136,0.00964921863850325
"2009-06-09",0.000179286752450956,9.72155077967138e-05,0.000233212923357576,0.000126953733732576,4.99429612296545e-08
"2009-06-10",0.000706713677884904,0.000545981076414419,0.000932584396094224,0.000630000657622547,0.000408087168785583
"2009-06-11",6.56442911137072e-06,2.37398412754014e-05,5.46499294421883e-05,4.45992799765054e-06,2.21666569099011e-05
"2009-06-12",0.00957043748965179,0.00944519789620985,0.0115658218784851,0.0104972485277258,0.0119594549542744
"2009-06-15",0.000332902395615258,0.000375142280617831,0.000766393136685966,0.000622578609726002,0.000280274102178748
"2009-06-16",0.00134088439970142,0.00125272271391796,0.00153133417604578,0.00122530305552967,0.000575860299451018
"2009-06-17",0.0021032503868664,0.00230449989002328,0.00167621534061695,0.00201261326308451,0.00342134225494675
"2009-06-18",0.00135199222845668,0.00119771595506899,0.00168320234327581,0.00142015313449982,0.000860420975110152
"2009-06-19",0.0038529739293383,0.00317670034281389,0.00432054272731365,0.00393774997435736,0.00470375559628183
"2009-06-22",0.00213074794188058,0.00255104529196179,0.00151104964214824,0.00164121688027528,0.000711420243029625
"2009-06-23",0.000854832892427505,0.00108472331942568,0.000475066636566378,0.000596115282544402,6.08838070749503e-05
"2009-06-24",0.00118867938918497,0.000994783238535488,0.00128969580566244,0.000933680556464451,0.00334842871897755
"2009-06-25",0.00148575334853286,0.00119214760743973,0.00172275856811876,0.00140449736674356,0.00236330649197882
"2009-06-26",0.00892777382922034,0.00858318152565048,0.00970827997593633,0.00935559037431592,0.00995653234423439
"2009-06-29",0.00254670440802011,0.00229115487879107,0.00321793183479282,0.00322855263924751,0.00277758511163375
"2009-06-30",0.00226126815044527,0.0018774767265423,0.00284721194034744,0.00301053197196942,0.00209319366158458
"2009-07-01",0.00338942485777594,0.00271119659283182,0.0038513698012984,0.003698010076393,0.00449858830651155
"2009-07-02",0.000242216669271144,9.23463441441892e-05,0.000324911548242991,0.000268168561921596,0.000752969648430321
"2009-07-06",0.000424541635541504,0.000654879445119089,0.000279869738946879,0.000365455913745561,1.4698846626316e-05
"2009-07-07",0.000210474136398618,0.000105532078676499,0.000268109631105766,0.000121729609502537,0.000727275194191446
"2009-07-08",0.00673982459985083,0.00728289839203995,0.00617360350897899,0.00669080104100353,0.00379283290363598
"2009-07-09",3.60797119282917e-06,3.11502411160247e-05,2.72127072500675e-05,1.1161068277011e-07,0.000620423014801328
"2009-07-10",0.00119774765952494,0.00104360994646331,0.00151618557848027,0.00161547076520072,0.00498223406634778
"2009-07-13",0.000653533145031,0.000483771630532166,0.000638768835618594,0.000763791363905444,0.00422572504683746
"2009-07-14",0.00165211146085658,0.00129032156487176,0.00105529338080735,0.0010841177795352,0.00552457557537808
"2009-07-15",0.0110580480436662,0.00998558430699978,0.00978318950562401,0.00955960799441501,0.016987591992883
"2009-07-16",0.00129181031226146,0.000829219180456916,0.00106653253832732,0.000733457806327956,0.00335151784224697
"2009-07-17",0.00582806552322718,0.00483376417257909,0.00621906735540705,0.00549777019552037,0.0104666576047994
"2009-07-20",0.00115617622946051,0.00171070802635855,0.00103943026243736,0.000984744262145067,8.17142939887362e-06
"2009-07-21",2.02865457644401e-05,0.00014623778560891,0.000117808187697997,3.88862762090759e-05,0.000445161781861037
"2009-07-22",0.000712387271411329,0.00133224728067723,0.00133878487294622,0.00109455973151793,1.84051529916725e-05
"2009-07-23",8.02372612359773e-05,4.93272543146582e-06,4.04985978353698e-05,6.34308020767338e-05,0.00127462330049185
"2009-07-24",0.00082034540790599,0.00043309389176363,0.000797517704309937,0.000681794456251868,0.0020183693875322
"2009-07-27",0.000167266502621372,2.05054070115814e-05,0.000100004861864051,2.87835126940449e-05,6.36140536471404e-05
"2009-07-28",0.00177466597371622,0.000816393461602664,0.00105569302994485,0.00123373938573804,0.00147535264119745
"2009-07-29",0.00176125314571744,0.000772466317343451,0.00124925109653604,0.00111405597045752,0.00179348767410134
"2009-07-30",0.00157805158853274,0.000514721347510114,0.000621032727783682,0.00039254826523828,0.00212996729092975
"2009-07-31",0.00117028483490477,0.000293831744468839,0.000531057627365947,0.000233092673850429,0.00209383269354929
"2009-08-03",0.000640879147970297,8.24380562256617e-05,0.000129385619801862,6.17334988578394e-06,0.000399685787192121
"2009-08-04",0.00386033479913367,0.00254167537109718,0.0027831906421906,0.00208844068716697,0.003473266314888
"2009-08-05",4.77326580079474e-06,4.02397088280037e-05,2.23385038937166e-06,0.00010083555162099,5.99296441568773e-06
"2009-08-06",0.000330568385940159,9.7744976116866e-05,0.000191811590567321,1.12751439183999e-05,7.13663828109283e-05
"2009-08-07",0.00185192998602805,0.0012422023218348,0.00182160384886312,0.00120162200415716,0.00216873467539955
"2009-08-10",0.000715805410144387,0.00039828717383918,0.000590284279271344,0.000469471459770255,0.00134475893589141
"2009-08-11",0.000262192036254273,9.44718783982429e-05,0.000112038518891875,0.000116959087753622,0.000764634074066363
"2009-08-12",7.56723920509642e-05,1.13769217901925e-05,0.000314344952501755,0.000416632216382247,0.00126418943992286
"2009-08-13",0.000773984369772609,0.000367566193541501,0.000299320609578441,0.000266701984354235,0.000921521160843396
"2009-08-14",0.00142556362674645,0.000678200733624159,0.000994242487049873,0.000884785393033581,0.0019833514661252
"2009-08-17",0.000258497254821507,5.28928058963628e-06,1.20266881143401e-06,6.18624672258286e-05,0.000259989822777476
"2009-08-18",0.000828946431921363,0.000255084076381909,0.000108902217043219,8.46283656911274e-07,0.000416607365696282
"2009-08-19",0.000444123251931132,3.5507903887816e-05,6.80279442979204e-05,3.24527524882184e-07,0.000150732037818618
"2009-08-20",0.00437273012483117,0.00267057430512293,0.00341318229955359,0.00255432190625126,0.00368021566992157
"2009-08-21",0.00158526730055284,0.000890699855982715,0.00173174832123551,0.00119080801856505,0.00155060852714676
"2009-08-24",0.000124520724010823,7.90653103679444e-06,0.000356691983005804,0.000144288944036938,0.000210261178905476
"2009-08-25",0.000327159524701269,0.000115044946997816,0.000434337063998287,0.000135088098810376,0.000352693920239817
"2009-08-26",7.40231871528117e-06,5.09603346474052e-05,7.35691248260488e-09,5.73328941810467e-05,2.01191669074463e-05
"2009-08-27",0.00227066544815747,0.00341468384431307,0.00239168740749538,0.00299909416220401,0.00276539740466499
"2009-08-28",5.75199250640804e-05,0.000359553020970907,0.000151749799525352,0.000363633609992963,0.000183566909498368
"2009-08-31",0.000136771265294212,4.2769665660586e-07,0.000135414538303953,1.61312803119911e-05,5.18220059606541e-05
"2009-09-01",0.000664465253679839,0.00141336260935892,0.000582602093606215,0.00105739151701003,0.00205324581721398
"2009-09-02",8.22127045323083e-05,2.03409140818056e-05,3.82925284046352e-05,1.73212509115333e-05,0.000181368986223331
"2009-09-03",0.00151936616995531,0.000682175329371339,0.00130734709782316,0.000674987948377027,0.000120001764333171
"2009-09-04",0.00624936831839315,0.00437066915717599,0.00547891728785472,0.0043764893893491,0.00391640931011953
"2009-09-08",0.00274772925436514,0.0016311555373966,0.0023697409508371,0.00165529078779435,0.00177545776118096
"2009-09-09",0.00268334201054381,0.00417584137952906,0.00301215816897407,0.00385014401110735,0.00439641135252071
"2009-09-10",0.000363194840584694,7.6733128482915e-05,0.000368643782852354,0.000189835576052553,0.000117690305680108
"2009-09-11",0.000796920422554623,0.000451892713517033,0.00086426890474545,0.000596378550127609,0.000599680082617337
"2009-09-14",0.00198036636404916,0.00123934676718694,0.00151812914017869,0.00114655862796525,0.00128219733360317
"2009-09-15",0.00277414956087078,0.00212628327605252,0.00276045842657232,0.00219353655488834,0.00372694563648737
"2009-09-16",0.000600788084543644,0.00030738935538083,0.00050214020840146,0.000207524834861843,0.000969324545168684
"2009-09-17",0.000373044235324736,0.000845616831531835,0.000620443180450036,0.000941425795539729,0.000189503415987053
"2009-09-18",0.00127990218689003,0.000614543621772121,0.000601212105093134,0.000372085496749364,0.00123906680412129
"2009-09-21",0.000101457533908015,1.67485812925213e-05,5.31137854093091e-05,2.23363597328974e-05,0.000208045533679159
"2009-09-22",0.00066794695181824,0.000315401682607107,0.000413176069884097,0.000414587269002328,0.000933535650932492
"2009-09-23",0.000736892134729798,0.00104246404475071,0.000863902828580436,0.00116138175761109,0.000756291987248912
"2009-09-24",0.00136519513618251,0.00176294784538149,0.00197987504753651,0.00244601747423646,0.00147017570739805
"2009-09-25",0.000937301755966414,0.00134880894345952,0.00188067334927901,0.00263424259966424,0.00174160520720848
"2009-09-28",0.00507570209985265,0.00402113219740445,0.00307871723453897,0.00231819816886271,0.00381134702695738
"2009-09-29",0.000263548874566459,0.00015963914633326,0.000135364321924676,6.92563719275764e-05,0.000405682477624167
"2009-09-30",0.000894844716912095,0.00136964364550593,0.00124377349386212,0.00147241995962739,0.00119263774062188
"2009-10-01",0.000435617280551498,0.000132850177669327,0.000130813360640796,8.43015184066254e-05,6.2808979652296e-05
"2009-10-02",0.000591501086413162,0.000231987200821953,0.000291948166117992,0.000213705269150858,6.68178759055128e-05
"2009-10-05",0.00210153685084624,0.00129168570265345,0.0010576236986932,0.000793601210626631,0.000449360787719926
"2009-10-06",0.00186858508998134,0.00101939359082368,0.000916467682462742,0.000744017043223972,0.000233870346080095
"2009-10-07",0.00242960261907466,0.00143733755567029,0.00136726136284508,0.00105740110987261,0.000275472611443479
"2009-10-08",0.00061853526284948,0.000231298567296335,0.000136563082843247,4.06263536983288e-05,5.63965983808176e-05
"2009-10-09",0.00400871986120101,0.00275694825893184,0.00258608062891296,0.00214926790176422,0.00119175416612902
"2009-10-12",0.000987182660685121,0.000731426367280057,0.000639747794250326,0.00033109142190523,0.00014884292320243
"2009-10-13",0.00192392949108743,0.00155561088527968,0.00136245400278193,0.00104368178881676,0.000863711254036003
"2009-10-14",0.00122709293888888,0.000967363794898665,0.000836654885653811,0.000594153366059733,0.000758640571036729
"2009-10-15",0.00315430684048108,0.00269432193232635,0.00250886917717685,0.00208117186094077,0.00254490393675575
"2009-10-16",8.35541744196981e-05,0.00014562735193851,0.000239540541863191,0.000418545692503506,0.000274084050895098
"2009-10-19",0.0036947653277564,0.00488805178158534,0.0056325942899065,0.00623005301722154,0.00700138381791435
"2009-10-20",0.00148702526126344,0.00207478033958999,0.00225792410948021,0.00263337203768671,0.00315692510216111
"2009-10-21",0.00198244512848679,0.00264801384795181,0.00333817582898698,0.00385774822342518,0.00563859585068948
"2009-10-22",0.00102744479319595,0.00125575465676011,0.00143916400260504,0.0018535057618823,0.00329991606388596
"2009-10-23",0.001582995642274,0.00104248971851032,0.000909264058189481,0.000520803199139228,0.000189934486199027
"2009-10-26",3.79352540478263e-05,7.75501711208194e-05,0.000433218508473661,0.000936536700840468,0.00073165095109639
"2009-10-27",0.00175573770321992,0.00339370932035284,0.00426689961915337,0.00516113694141039,0.00514587593495921
"2009-10-28",0.00340226166334998,0.00577063948351704,0.00704350161900197,0.0078935090492637,0.00659650391817031
"2009-10-29",0.00466086590642244,0.00195589537736582,0.00136250324088582,0.00104069572199828,0.0020726841312397
"2009-10-30",0.0032838056551631,0.00565883223759896,0.00572497022134391,0.00680616202872178,0.00462135802649632
"2009-11-02",0.0118895853565157,0.0165190098446205,0.0162876602105222,0.0182650414241635,0.0162896152832491
"2009-11-03",0.000681952028740214,7.9654433763477e-05,3.34001607028728e-05,2.08395142182312e-05,2.36305890553742e-06
"2009-11-04",0.00407267785556324,0.00259820173220861,0.00263375289336844,0.00148223910257296,0.00165099568047885
"2009-11-05",0.0122060157374666,0.00990787966064992,0.0101265910282458,0.0086212212922045,0.00920637488410625
"2009-11-06",0.00634872426488979,0.00534751963432763,0.00564778081462651,0.0042311405191987,0.00448538074398369
"2009-11-09",0.0100805048875651,0.00936185867337685,0.0101645532789906,0.00878801471776948,0.00834572098613607
"2009-11-10",0.00162700107918197,0.00141573579449903,0.00136877044377094,0.00100209884638437,0.0013901416280621
"2009-11-11",0.000292623605616728,0.000202180844150142,0.000169373127103266,4.29486495256951e-05,0.000106529731281226
"2009-11-12",0.00041708434004605,0.000399596650427317,0.000345166456174258,0.000170408992165373,0.000582711903243041
"2009-11-13",0.000826447625117968,0.000775053773979486,0.000827204630046132,0.000600318800074262,0.0013887840806649
"2009-11-16",0.000787290576488691,0.000624837942589422,0.000558591603098102,0.000444994405271521,0.00117713279332336
"2009-11-17",0.000583395279758446,0.000470823398873576,0.000408995002131155,0.000153278118097775,0.000466191945340512
"2009-11-18",4.6374997001875e-07,5.87978764084525e-06,5.34241142391986e-06,2.30794059174635e-05,1.66634066412016e-05
"2009-11-19",0.000416670478278238,0.000288965072514539,0.000343801501374729,0.000468435539985319,0.000194539305615672
"2009-11-20",0.000982051794335825,0.00119560128847174,0.00114773754340921,0.000852785171085692,0.00097039791407293
"2009-11-23",0.00136447035486009,0.00199069975616629,0.00186282081582109,0.00182634645074962,0.0018889494796334
"2009-11-24",0.000658690211475163,0.00143111696134153,0.00118179460978837,0.00086496040714314,0.00128049350870198
"2009-11-25",0.00362037594788022,0.00384601309798432,0.00321818518462871,0.00290061457864906,0.0042891208367815
"2009-11-27",0.00398094530722264,0.00373967420038401,0.00434020029406847,0.00519522482282181,0.00342534002651644
"2009-11-30",9.62949753004128e-05,1.06610029195192e-05,9.7218878540091e-05,0.000278805684084462,6.64101547593194e-05
"2009-12-01",0.000454969857184218,9.59520697318451e-05,5.12569604072516e-08,8.54435542999585e-05,1.51710351031372e-06
"2009-12-02",0.00072003030190967,0.00154239580781877,0.0020219925547541,0.00281895148724402,0.00243673005368693
"2009-12-03",0.000122960079691603,0.000423367404725056,0.000625718527864073,0.00107601492955963,0.000857057561689822
"2009-12-04",0.0079219770827082,0.00924502582934613,0.0095089263974264,0.0105235547991421,0.0101718744854764
"2009-12-07",0.000888311452948694,0.00118075934802156,0.00123652344236798,0.00154746223426176,0.00133772877347364
"2009-12-08",0.000139721664635284,0.000294113951310633,0.000215277800601467,0.000153409813973268,0.000415367270986079
"2009-12-09",0.00201720001348117,0.00273318928933671,0.00237864503426962,0.00207715297591655,0.00297880878461075
"2009-12-10",0.000448006494240722,0.000884377917097922,0.000703913775162325,0.000440437027958291,0.00124021541079142
"2009-12-11",0.0044350735360209,0.00599954562579352,0.0059582909087557,0.00536386659110707,0.00716417815307109
"2009-12-14",0.000262094026419618,0.000693812425370037,0.000481688303320661,0.000365736822431373,0.000849560104353459
"2009-12-15",0.00207761295144465,0.00290031095618211,0.00244274097360043,0.00202570907252232,0.00314294418491407
"2009-12-16",0.00168711430362005,0.00245573476354142,0.00178989236898767,0.00128941908932618,0.0023241520336305
"2009-12-17",0.00156467569717708,0.00171360805557812,0.00104250065963046,0.000835486251605773,0.00159596656052591
"2009-12-18",0.00111007850111192,0.000966010088842322,0.000720399924157363,0.000406248181249027,0.00102672561246579
"2009-12-21",8.81238134240965e-05,3.63608648165882e-05,4.91087344074107e-07,3.14925591644966e-05,2.75120762707339e-05
"2009-12-22",0.00171761450269357,0.00143882113794075,0.00108610002640575,0.00073166313747288,0.00113453930205791
"2009-12-23",0.00169694476376956,0.00153348800975417,0.00116176804172912,0.00071553124493178,0.00147175370298859
"2009-12-24",0.00062296082113798,0.000406407772970733,0.000759368370553151,0.00111416165345256,0.000438563229236436
"2009-12-28",1.12459971080675e-05,0.000182220476382159,6.2353193448648e-05,6.93225396432551e-06,0.000245020181723892
"2009-12-29",0.000102956419820928,0.000544842687431639,0.000257896223173146,0.00017248626676132,0.000746067338924758
"2009-12-30",0.000149030828947077,0.000759317506120511,0.000494119927775619,0.000361053316158589,0.0014983061303658
"2009-12-31",0.00175540741807794,0.00311854805586304,0.00265620122505671,0.00261985128218628,0.00473488247502826
"2010-01-04",0.000989947273423971,0.00202970322834775,0.00187260307906099,0.00165419714714351,0.00286207562266533
"2010-01-05",5.86500994073052e-05,0.000204251488080668,0.000211502773622237,0.000103792002048743,0.00032408089326491
"2010-01-06",0.00079227544625613,0.000609068141411734,0.000619294537904092,0.000852551092616236,0.000588953223912308
"2010-01-07",0.000574225647464863,0.000699555393102745,0.000872860553022393,0.00107352528967691,0.00115323664472788
"2010-01-08",7.71931992129483e-05,1.79508337993833e-06,8.62658523554113e-06,3.52937613559755e-05,0.000132925644866266
"2010-01-11",8.92506032990236e-06,0.000155286690617071,0.000267121139534926,0.000440204224947244,0.000462676294561052
"2010-01-12",0.000684800097995807,0.00143678395744948,0.00165936493542682,0.00203533590411995,0.00189974054982402
"2010-01-13",7.81899154642494e-06,0.000252452312541383,0.000297284914404529,0.000535355733826481,0.000638336094667617
"2010-01-14",0.00214866282482621,0.0012981329279147,0.000953495928864382,0.00065045510766882,0.000427382220249365
"2010-01-15",0.000173750131337211,0.000330046200379702,0.000424871179130081,0.00066072635228617,0.000416863151765481
"2010-01-19",0.000296284649817322,0.000220125725543596,0.000134622858198817,4.54729209238107e-05,5.97001016445727e-05
"2010-01-20",0.000449612425735778,0.000428886415510376,0.000677625065899545,0.000868979263118102,0.00110758986807007
"2010-01-21",0.00198489718220165,0.00243868930387281,0.00213248497596369,0.00242740089248187,0.00335094270495155
"2010-01-22",0.00553627324265469,0.00688251542401459,0.0065754889604192,0.00764408022349806,0.00913039315474458
"2010-01-25",0.000303459584649206,5.95746171319941e-05,8.93377340048828e-05,1.0523179495553e-05,1.15295901988186e-05
"2010-01-26",0.0238675965770704,0.0263770210368883,0.0251236586997943,0.0267173971609835,0.0294452403160354
"2010-01-27",0.0565022566231916,0.0586338370665971,0.0564767591682291,0.0570643411262808,0.0643871080641446
"2010-01-28",0.00199651369995282,0.00196427023772906,0.00244414791627438,0.00284444787149633,0.000656103499358337
"2010-01-29",4.54548328236893e-06,7.89054408752213e-05,0.000286671985075592,0.000240129253267894,4.5183575084951e-05
"2010-02-01",0.00302681613576182,0.0026490795665992,0.0036611380181112,0.00340171007374892,0.00351936148200687
"2010-02-02",0.0212627200205789,0.0246653562878239,0.0294961165172013,0.0269948167025222,0.0269176816701763
"2010-02-03",0.0129526637707267,0.0140098305876302,0.017617022702835,0.0153541243622407,0.0166741086619167
"2010-02-04",0.000898225398129403,0.000564060381039205,0.00119346307829689,0.00071591549368029,0.00279436772808358
"2010-02-05",0.00261300299423854,0.00347905425164845,0.00247923424615831,0.00331849280587183,0.00083942281186664
"2010-02-08",0.0027066644052979,0.00217536069501242,0.00251895765307166,0.00200738950095726,0.00462446481849486
"2010-02-09",0.000593487374278118,0.000237981923603549,0.000220518230437037,7.31742581879015e-05,0.00105148361184317
"2010-02-10",0.00554163863415271,0.00340963344410579,0.00279351297711543,0.00203825862543534,0.00574193128375878
"2010-02-11",0.00223654400739556,0.000876910252267664,0.000626515669831636,0.000280144723725899,0.00167110191919128
"2010-02-12",0.00155349543416353,0.000350693226461728,0.000175650645674359,2.20675761563674e-05,0.00112075101504619
"2010-02-16",0.00924997796620268,0.00606253885907979,0.00501553812826825,0.00387852617492612,0.00741747943507603
"2010-02-17",0.00169766316356841,0.000738843475815067,0.000696975961907209,0.000340219181013254,0.00221402401958852
"2010-02-18",0.0015917949453729,0.00100845261569134,0.00113213781278816,0.000753160513144633,0.00226683461062666
"2010-02-19",0.00189777429698293,0.00155863403523042,0.00154330507781264,0.00112594223182014,0.00364623083498005
"2010-02-22",1.63475454937886e-05,6.15401435298512e-06,8.01656787676884e-07,1.91715364877046e-05,0.000510939312262128
"2010-02-23",0.00266888657931959,0.00268576958481148,0.00295737468178699,0.00362739433057265,0.000858708189443106
"2010-02-24",1.6888967225514e-06,1.46628997523371e-05,4.32820667555411e-05,0.000175701348377942,4.60352287385928e-05
"2010-02-25",0.00246088130196614,0.00269984873288758,0.00299668412637612,0.00390050548175188,0.00195236249203088
"2010-02-26",0.000886064341129743,0.000706796126071506,0.000507396147882352,0.000196429193799804,0.00110939776738726
"2010-03-01",0.00248683965284778,0.00279039540880773,0.00240618817679105,0.0016569355004013,0.00239095688240542
"2010-03-02",0.000827569772820141,0.00117530521815723,0.0010027499277331,0.000538057959376645,0.000411314634134685
"2010-03-03",0.00123529334863179,0.00167552144999363,0.00135952014032973,0.000848942329079462,0.000705297826208437
"2010-03-04",0.000699426566825662,0.00106536623976512,0.000912889811328234,0.000553984099188246,0.000725801349158095
"2010-03-05",2.13099391621123e-05,0.000145663289297347,8.86497154938369e-05,9.51789736612891e-06,6.39780794936721e-06
"2010-03-08",0.00113828823125321,0.00171617266125778,0.00148466787060531,0.00103805511593188,0.00122649234634576
"2010-03-09",0.00134383022417111,0.000781964228406959,0.000967412163659596,0.00141126523091375,0.00108065906888798
"2010-03-10",7.46284888001078e-05,7.60144374234069e-06,2.30789650174673e-05,0.000125698168014724,6.50866182038834e-05
"2010-03-11",0.000524562233378531,0.000752548670281131,0.00063930256763727,0.000359305101808786,0.000562614688864589
"2010-03-12",6.23619500985406e-05,0.000184606926906786,7.5064485921369e-05,3.6447682084065e-06,2.45571493549565e-05
"2010-03-15",0.00208969091661088,0.00171546101195985,0.00216019658298979,0.00281502054902005,0.0020593523776398
"2010-03-16",0.00174588746984989,0.00205623229293202,0.00157033302471212,0.00111631754726313,0.0015676349544634
"2010-03-17",0.00194520303566188,0.00218389204153178,0.00154904244397273,0.0010887003840445,0.0017923783119162
"2010-03-18",5.34435743543174e-05,0.000141957545619348,2.00092118657709e-05,1.0643850696778e-06,8.28976842776218e-05
"2010-03-19",0.000334173842983489,0.00040689054881244,0.000205520442108871,8.45369554893095e-05,0.000588029681494774
"2010-03-22",0.000276506198069709,0.000320635701477448,1.00527290905925e-06,2.55839221786044e-05,1.47611988118679e-05
"2010-03-23",0.000237344227515412,0.000314866637171049,0.000639662673512582,0.000975460318376845,0.000312531943993229
"2010-03-24",0.000106307773768695,0.000126304547745057,0.000229124201344828,0.000426884195714962,5.38634055831515e-05
"2010-03-25",7.60353521197344e-05,3.46264063352402e-05,3.52397113044665e-09,5.06291870722975e-05,8.04163284338853e-06
"2010-03-26",0.000771271847257321,0.00101899775140834,0.0012891743775604,0.00189011192774144,0.00131424134283342
"2010-03-29",0.00342610384898035,0.002794641647689,0.00303000620580086,0.00230694787473321,0.00328258921679621
"2010-03-30",0.000305211307524328,0.000244039682425067,0.000375865274139891,0.000166006260007112,0.000417669742046058
"2010-03-31",0.00120396840008059,0.00093545334685616,0.00103559596419355,0.000674375237862814,0.000936599986260898
"2010-04-01",2.23088001437387e-05,4.18860845497691e-06,1.59610403494744e-06,2.47290580670136e-05,4.93322048524029e-06
"2010-04-05",2.63273925762005e-05,0.000135914404055746,0.000185518157605894,0.000443978353148035,9.43569998211841e-05
"2010-04-06",0.00206885711093074,0.00165058918673029,0.00164370197915862,0.00109026335774653,0.00167012036998116
"2010-04-07",2.64764672703561e-05,1.94411079433583e-05,7.13811119082083e-06,2.8514219574738e-05,2.9263075955484e-05
"2010-04-08",0.000452359635515351,0.000622159213109423,0.000660005822480301,0.00110907359011611,0.000662064050645353
"2010-04-09",0.00426468856979021,0.00468316613900716,0.00430967199866955,0.00349983751801528,0.00446604114794634
"2010-04-12",0.00157814993775432,0.00200963767496745,0.00195759311098506,0.00148135459563419,0.00185087380846682
"2010-04-13",0.00179388146182743,0.00211194975259559,0.00215596061211479,0.00174722978221939,0.00202662967025845
"2010-04-14",0.00119825098068536,0.00134734775379213,0.00118167835211085,0.0008450567420792,0.00099114030631668
"2010-04-15",0.000867057206448666,0.000864725184011097,0.000777005481954573,0.000509137487443875,0.000937939646846705
"2010-04-16",0.0131468256267148,0.0140284243031134,0.014354039778509,0.0153361929273998,0.01409883329429
"2010-04-19",0.00365304873125753,0.00495249933330934,0.00619002310645395,0.00695574700673916,0.00668158107818626
"2010-04-20",0.000895672049792926,0.0017708043037218,0.0020993501661834,0.0025232132556267,0.00220595799390512
"2010-04-21",0.00133730951663156,0.00173932059816838,0.00196907613168207,0.0023409154193552,0.00270507593243963
"2010-04-22",0.000185193700707228,0.000174394451744036,0.000617804959022823,0.00093961164663637,0.0033942309231889
"2010-04-23",0.00094349261900949,0.00105064681705709,0.000102487854442236,3.46749398768042e-06,0.000311424770259488
"2010-04-26",0.00335019843372864,0.00322258957429194,0.00238515137257415,0.00167263959243547,0.000805081526562617
"2010-04-27",0.0041887571183759,0.00323060138096955,0.00427779217575352,0.00506452008607833,0.00755223051987036
"2010-04-28",0.00926826287659317,0.00921940099738284,0.0112781609329759,0.0126575135374209,0.0182238965560296
"2010-04-29",0.0055634350862899,0.00557717336503063,0.00468172101218398,0.00386014069326574,0.00329693661757245
"2010-04-30",0.00152416796860151,0.000928248050408473,0.000829607369336852,0.00112043624239985,0.00155366423810599
"2010-05-03",0.00373023207254286,0.00508652806354487,0.00534615227532393,0.00467685694991678,0.00355400420240769
"2010-05-04",0.000725530543758239,0.000236558429525141,0.000163710471636399,0.000337707453831944,0.000606510665967443
"2010-05-05",0.0107914421019602,0.0101320908141181,0.0101939607084519,0.0116635077721374,0.012251458429894
"2010-05-06",2.33966626653077,2.35447365840463,2.34892932303355,2.37209710935643,2.37002910971801
"2010-05-07",0.00212583719492242,3.62335926593798e-06,6.153174198507e-05,0.000771922782986628,0.0032367638513507
"2010-05-10",0.134779720816696,0.144377732821889,0.144239559007286,0.129963800363683,0.101179802214357
"2010-05-11",0.0824681120896397,0.0972352399854456,0.0862361796875867,0.06925515559778,0.0572019739753507
"2010-05-12",0.143697874313192,0.162663170653869,0.169691411803865,0.144801582472785,0.132543784770969
"2010-05-13",0.0925709929756809,0.104004961758646,0.112090873258171,0.0906615163645379,0.0878404698699754
"2010-05-14",0.00339130928425673,0.0057224664184939,0.00509639729114816,0.00287684051251605,0.00351921270091402
"2010-05-17",0.00268805373103795,0.000835084747160005,0.00109887443919019,0.0020486761376482,0.000439211570620406
"2010-05-18",9.89274562273934e-06,0.000507967869485886,0.000870176351082587,0.000550695314502021,0.00155135098590989
"2010-05-19",0.0140025391786007,0.00899681406898187,0.00779327431206903,0.00878151113709277,0.00660150671444646
"2010-05-20",0.00901396508466451,0.00580845322253075,0.00541078073612847,0.00659897125141823,0.00574450776027947
"2010-05-21",0.00663480827498875,0.00499005153168716,0.00417058203023263,0.00548743716193686,0.00904690041849677
"2010-05-24",0.0138623514990683,0.0158430956214912,0.0156070809526453,0.0131166732953414,0.00808950060643261
"2010-05-25",0.0035303998423022,0.00224562572088694,0.00200215192734062,0.00291984818617135,0.0051140292396866
"2010-05-26",0.00724206953220934,0.00901632812094465,0.0099286507852365,0.00794501370839158,0.00303368398744533
"2010-05-27",0.0277010475804688,0.0325425451978393,0.0325667377990687,0.0289888250982675,0.0214139705857795
"2010-05-28",0.000177845435477881,0.00131982786707364,0.00134133808381439,0.000841773655749435,0.000247855424282285
"2010-06-01",0.00119162646811586,0.00339709429941819,0.00372024783988425,0.00277405540936794,0.00174337837048307
"2010-06-02",0.00462180476783551,0.00860549445789435,0.00901571233020752,0.00755522792761217,0.00537654264845225
"2010-06-03",0.00221894466567582,0.00560403547088371,0.00389304455137968,0.00313949377263307,0.0041785130378317
"2010-06-04",1.54576824508993e-05,0.00138513447882747,0.000937820783193337,0.000750043566552043,0.00130993833120844
"2010-06-07",0.00557504653405802,0.00186827974689666,0.00241419987994181,0.00292068429630249,0.00157923924620116
"2010-06-08",0.00811779740879545,0.00334074270778447,0.00347836551392824,0.00395717477026178,0.00185147758035217
"2010-06-09",0.000322448840632157,7.06809592998007e-08,3.39032437994672e-05,1.75712621733852e-05,8.57873853404361e-05
"2010-06-10",0.000251824622038606,0.000987123443627857,0.00169082699757732,0.000980320453321651,0.00131116183778947
"2010-06-11",0.00545446006617526,0.00839756927597249,0.00935902078321898,0.00745463907086356,0.0102406350062173
"2010-06-14",0.00653432318739763,0.0107240878184832,0.0122501404867943,0.0103625331976706,0.00901766990734235
"2010-06-15",0.0139974360916116,0.0193757323344879,0.0217423430020183,0.0191870851669782,0.0227730599723456
"2010-06-16",0.00390029260501382,0.0080578209638917,0.00919012807275473,0.00827024830250713,0.0118027266703563
"2010-06-17",0.000386404632919621,0.00217120449617424,0.00295283709782819,0.0026501388702021,0.00475913908836247
"2010-06-18",0.00587267362316249,0.0101429449074118,0.0110350208332069,0.0105544043454732,0.0116560121559789
"2010-06-21",0.0017317532676997,0.000250892334469384,0.00028849477424622,0.000292457891541519,4.48039135300761e-06
"2010-06-22",0.0010381574388019,6.16791401765267e-05,0.000382231340169988,0.000493181990726592,9.44582486912756e-05
"2010-06-23",0.00612364850862008,0.00303550098818595,0.00288601910987215,0.00326680340416998,0.00133208027670994
"2010-06-24",8.67354713111884e-05,6.1740988150342e-05,0.000149783554846745,1.88974088739863e-05,0.000535691576432286
"2010-06-25",0.000291401805549606,1.35051417245334e-08,1.30851331502036e-06,8.37607530793506e-05,0.000171392523875878
"2010-06-28",3.57113608936628e-07,0.000153903885994444,0.000209736589044884,2.51990465322891e-05,0.000170844657973181
"2010-06-29",0.012920700214559,0.0105358138676624,0.00956125247343814,0.0112116224376332,0.00953283694373335
"2010-06-30",0.00100707631413177,0.00150765386196625,0.00189204342111957,0.00107604961209432,0.00149120607792757
"2010-07-01",0.0150455397070403,0.0131819148506203,0.0111639243227227,0.0138157849197779,0.00974470145020742
"2010-07-02",0.00271571323615415,0.00303771068217889,0.00326296400629374,0.00159455872378008,0.00276328211347624
"2010-07-06",0.00125235080827728,0.00181084243556781,0.00248038471889267,0.00111239156706879,0.00312306116737887
"2010-07-07",0.0121476029627384,0.0134922993094483,0.0146842246189641,0.0110909133895687,0.0153346761222371
"2010-07-08",0.000470152019141019,0.000826639044917738,0.000773622363748206,0.000214750799567986,0.000704269606522039
"2010-07-09",0.00460413657449987,0.00612594116531354,0.00679437017452266,0.00544284773189081,0.00624683616554742
"2010-07-12",0.000143531023877009,0.000662602432457348,0.00101032480362557,0.000777398188448542,0.00171126412804625
"2010-07-13",0.00932215280258427,0.00654907865041846,0.00479217032581681,0.00501595310315013,0.0028609225184275
"2010-07-14",3.34554437700336e-08,0.000317585471140784,0.000789840759605778,0.000644428106792482,0.00154807864961303
"2010-07-15",2.10322703564986e-05,0.000438136386771404,0.000815719393026271,0.000627107116208135,0.00153726412765182
"2010-07-16",0.00321850301765421,0.000845871779269802,0.000351237887153212,0.000476390491919869,0.000877068228135412
"2010-07-19",0.000275402254788199,8.95977969792023e-05,0.000238372211933559,7.20231313428703e-05,0.000224286196175533
"2010-07-20",0.000749090673305664,0.00306756126472492,0.00398077202660052,0.00328806319600938,0.00413208062495054
"2010-07-21",0.00384613583306786,0.00126617577224434,0.00134270302188598,0.00179038882904359,0.00223058339109637
"2010-07-22",0.00801762411380772,0.0128252012057744,0.0136990279243333,0.0122142751921563,0.00994796604414073
"2010-07-23",0.00296672595309826,0.00642635666935423,0.00616605434604688,0.00529475629154292,0.00651326717896568
"2010-07-26",0.0102710658081987,0.0143693506957608,0.0131548747515514,0.0119742141113703,0.0162372305063048
"2010-07-27",0.00183252041538013,0.00332303882228364,0.0033757689235121,0.00305274136091773,0.0051124553485109
"2010-07-28",0.000686883567475956,0.00137322056539402,0.00131737824763316,0.00125270448362497,0.00181061037762741
"2010-07-29",0.000218689276518452,1.89990994056987e-05,1.52122204199819e-05,6.80755187077594e-06,0.000103756630520057
"2010-07-30",2.58143897903668e-05,1.20521871445582e-05,1.62203871626926e-06,2.7839066967022e-06,1.71414819447424e-05
"2010-08-02",0.00699555486438835,0.00994320181458618,0.00783177512218112,0.00701158253339411,0.00509401930399239
"2010-08-03",0.000946258335766851,0.00215285480953997,0.00232212150377894,0.00194057283504837,0.00183106499515522
"2010-08-04",0.000177708665022063,0.000813538113097384,0.000742146191915285,0.00043549073964108,0.00020206211907787
"2010-08-05",0.0041319156914569,0.00611580261430713,0.0068353867890978,0.00675919988971462,0.00913741308609925
"2010-08-06",1.66191194325881e-05,0.000401593646903285,0.000656209906863392,0.000815168663036518,0.00136954565762435
"2010-08-09",0.00329278504217872,0.00462106120426055,0.00489530581761842,0.00506052863174966,0.00504912814452809
"2010-08-10",0.000691163098134131,9.41149690286688e-05,5.01525389902426e-05,2.27260131925685e-06,5.92607577185747e-05
"2010-08-11",6.78312835552753e-09,8.30907933553097e-05,0.0001561303650628,0.000214390248634476,0.000375516302184316
"2010-08-12",0.000347805303672672,0.000206104405843415,6.14614483593937e-05,0.000177295845488167,3.61167631047813e-05
"2010-08-13",0.00229534940925233,0.00264806005738724,0.00230309244703776,0.00134242888742926,0.00178128804136477
"2010-08-16",0.000168351152894802,0.000428937912774539,0.000691553363236817,0.000329378737588058,0.000575020782266882
"2010-08-17",0.00227244574832645,0.00240208156032416,0.00287642126066629,0.00157879026707414,0.00165290955586938
"2010-08-18",0.000528994998575671,0.000631102874602921,0.00110722823277386,0.000351759328102557,0.000341175323924426
"2010-08-19",4.66666352889762e-06,3.09825803547076e-05,8.07722729536391e-05,1.67608071530681e-05,5.72771888509503e-05
"2010-08-20",0.00238298868844901,0.00225327447346312,0.00233368578344102,0.00110980006287391,0.00120053263405076
"2010-08-23",0.00044304850953052,0.000604440942821284,0.000342024007146287,0.00110026311063672,0.000657091644673854
"2010-08-24",0.00448210682877597,0.00475701724810469,0.00385755153580347,0.00563733291635576,0.0043085271943786
"2010-08-25",0.00153095337167083,0.00193012302614935,0.0016987165087323,0.00318541701190985,0.00218794687340231
"2010-08-26",6.43648420939803e-06,5.79418234132653e-05,3.16582036713588e-05,0.000526626328751007,0.000327373653532556
"2010-08-27",0.00439824932419902,0.00478517426941882,0.00441677955199786,0.00683173994750053,0.00686535695179256
"2010-08-30",0.00412245815440903,0.00345557448789358,0.00362342874224364,0.00135952336567087,0.000495191378228236
"2010-08-31",0.000252967563552984,0.000349120015519317,0.000115064511424853,0.000990491879674069,0.00140446843991075
"2010-09-01",0.00458577488261192,0.00411232438398277,0.00479589941888401,0.00228455928283633,0.000714081836470439
"2010-09-02",0.00337179000908258,0.00296264177021386,0.0037093821186605,0.00166870386245706,0.000942401688433625
"2010-09-03",0.00240697144367423,0.00200515197492321,0.00281546640033018,0.00118984965044209,0.0013890937435277
"2010-09-07",0.000347467824129374,0.000146091082051129,0.000636451652257139,8.39083958668697e-05,0.000678190063920989
"2010-09-08",0.000107311518428947,8.14008383926878e-07,0.000144335322855396,1.97130877654907e-05,0.000219162299272856
"2010-09-09",0.000597431375458932,0.00025719380649602,0.000750334585492801,0.000166539534715322,0.00161088272260053
"2010-09-10",0.000163997336368369,8.61789995779552e-05,0.000473731246353677,0.000125610836664799,0.00128817565611586
"2010-09-13",0.0027280278705216,0.00253003796319992,0.00356742356406105,0.00246829093440921,0.00489043255750085
"2010-09-14",0.000151029731920442,0.000235678381813095,0.000525884733381311,0.000249774637209921,0.00150237909923849
"2010-09-15",0.00127539022374613,0.00143742252053862,0.00167236970982869,0.00104545028349193,0.00160887585719124
"2010-09-16",0.000246346530581089,0.000330843175095718,0.00058200047082247,0.000290578073043628,0.000298115488536676
"2010-09-17",3.98161835974795e-05,3.1626066385243e-05,1.98366557306369e-05,4.2684550748435e-06,1.61220558456872e-05
"2010-09-20",3.51239320781708e-05,4.1529729700698e-05,0.00022024551796741,0.000103512432178552,8.0735579276049e-06
"2010-09-21",0.00271415912048715,0.00255321281726519,0.00206443049307319,0.00254541399921554,0.00251230339126866
"2010-09-22",0.000181566928237994,0.000188698789806206,5.25124368397099e-05,0.000154679498342477,5.43422694972966e-05
"2010-09-23",0.000221850253688538,0.000229797221857786,0.000166415346878725,0.000330943792078906,0.000107841851825514
"2010-09-24",0.000641602741572624,0.000537020065880157,0.00101525986196252,0.000623501447058693,0.00142962632953113
"2010-09-27",0.000275665897617975,0.000199337522890869,3.48875402531212e-05,4.84448599806719e-05,0.000111890264520581
"2010-09-28",0.121774412999241,0.124624571513819,0.11518290049785,0.123490512918521,0.10662640057661
"2010-09-29",0.0176170608601858,0.0151016071271554,0.0124998780800087,0.00923124320249474,0.0134887400933155
"2010-09-30",0.00117215922461652,0.000965097092817411,0.00202140605609887,0.00375499239218754,0.00273167724944233
"2010-10-01",0.0008404717260702,0.00110652135567915,0.000885159753729942,0.0002423970968275,0.000234622757419986
"2010-10-04",0.000913786459825113,0.00108054708603386,0.000936832876088004,0.000387938986169389,0.000763179912471206
"2010-10-05",0.0085458144049155,0.00935066949875465,0.0104695352903451,0.00824462158849846,0.00282197553054318
"2010-10-06",0.0015594940640966,0.00199654691253933,0.00193603654744355,0.0011344861607506,0.000774905267153371
"2010-10-07",0.000345052044965227,0.000302561751503269,0.000345776864520879,0.000618154508917297,0.000769284287432351
"2010-10-08",0.000295692091324975,0.000216340497696778,0.000231447250203885,0.000391785805304406,0.000377731925833852
"2010-10-11",0.00257916674068505,0.00244805840158953,0.00248754942202795,0.0025615132127164,0.00208088580439573
"2010-10-12",0.000355441100840769,0.000490309251829601,0.000481306602426255,0.000331609422238903,2.38109760420501e-05
"2010-10-13",0.00425822347126785,0.00392824881417382,0.00376282630921625,0.00398364649551712,0.00390911911889822
"2010-10-14",0.00235335090390197,0.00257665218181362,0.00242254318487094,0.00226242180116672,0.0026346382771067
"2010-10-15",0.000156520022149062,7.14659875947903e-05,7.83499352998295e-05,8.35202891744798e-05,5.05707680563137e-07
"2010-10-18",7.84953195832458e-06,8.1818179050307e-05,7.3469175534568e-05,5.46107368012959e-05,0.000101188611563635
"2010-10-19",0.0293309352466736,0.0320841189348697,0.032768852708118,0.0322495038394056,0.0298648222391941
"2010-10-20",0.000626984652717812,0.000310227665498299,0.000262596127675865,0.000330316833312858,0.000696308122995052
"2010-10-21",4.32365769986902e-05,2.06957429024459e-05,1.04877139291476e-05,6.27770560205055e-06,3.49412194542146e-06
"2010-10-22",0.00354835599114736,0.00345465099820627,0.00364570061866462,0.00304831607281221,0.00348030100382797
"2010-10-25",0.00229756324014872,0.00357874255002627,0.00394293940627461,0.0034789822858014,0.00610836853424824
"2010-10-26",0.000949962354121094,0.000933100147002631,0.000954813420249302,0.000684048050941253,0.00158183905218526
"2010-10-27",9.27673520439353e-06,3.6455394908489e-07,1.09217914542076e-05,0.000185602980702867,3.93813624036697e-11
"2010-10-28",1.58445259619441e-06,1.52047586143152e-06,5.28550196402441e-07,1.61436761285881e-05,0.000119419811248456
"2010-10-29",0.00193429143406751,0.00190606300947605,0.00184878589633727,0.00154652171236947,0.00258423727379231
"2010-11-01",1.22153375321235e-05,4.32975892979489e-06,1.1088964860971e-05,2.96464052576393e-06,4.28522474295002e-05
"2010-11-02",0.00127378311741394,0.00122801022170464,0.0012218161697686,0.000818397348153095,0.00103809186296695
"2010-11-03",0.00179501683661748,0.00186621621877299,0.00181909580027899,0.00215873777500782,0.00268844271193774
"2010-11-04",0.00285711611470867,0.00354800740060499,0.00321353371640263,0.00194601741271368,0.00183290908797453
"2010-11-05",0.000648892089570039,0.000640563724159339,0.000416510913847129,0.000171200266674819,0.000199735392260585
"2010-11-08",0.00187026610054325,0.00191080923527458,0.00174524415358997,0.0013204136316135,0.00119904102454918
"2010-11-09",7.20895409136333e-05,7.92413065083648e-05,9.63040554317636e-05,0.000121585212830118,0.000123655132399929
"2010-11-10",5.26675231081888e-06,9.91141370115177e-06,2.22736856747773e-05,2.40030766077413e-05,1.81181134294477e-05
"2010-11-11",0.000113188294952478,0.000152326818101609,0.000140150894198981,0.000172915520006647,0.000124367872918384
"2010-11-12",0.00828625087731945,0.00798993492546447,0.00802429596797803,0.00797476803406503,0.00827386024161963
"2010-11-15",0.000188103906920737,0.000162920841161325,0.00016551623305825,0.000285831521101427,9.97736427350613e-05
"2010-11-16",0.000351533494227889,0.000456300598890142,0.000441756620611936,0.000348528937803319,0.00051477016536877
"2010-11-17",4.47049305275421e-05,1.52807039143167e-05,1.06694800689846e-05,4.92064085189032e-05,4.81936766711698e-06
"2010-11-18",0.00561478235524823,0.00620403071740343,0.00594340088377773,0.00485628234788451,0.00539082106837749
"2010-11-19",0.000427607782181179,0.000389152917657249,0.000167472000131001,3.05160514160723e-05,1.92634973536523e-05
"2010-11-22",3.67921184114795e-05,5.44204962190713e-05,0.000152617583201436,0.000544356503054887,0.000534231248398563
"2010-11-23",7.00617957891101e-05,6.24970545146951e-05,0.000129593715621744,0.000500800022307413,0.00058895002360067
"2010-11-24",0.00583865341657637,0.00674863862956402,0.00657510665218823,0.00463396681261791,0.00453885355332484
"2010-11-26",8.25726600389698e-07,1.13427837450042e-07,4.06058279413474e-07,2.39105293990322e-05,0.000143378285586934
"2010-11-29",0.00061899201559517,0.000469713294358115,0.000428446599486253,0.000571390928514631,0.00121623931810211
"2010-11-30",0.000191016607806499,0.000238728467402813,0.000117951440661786,0.000103446920542112,1.71202592290829e-05
"2010-12-01",0.00367585614119615,0.00411510963109244,0.00380714994398833,0.0032063762102621,0.00250260187144312
"2010-12-02",7.15868061480082e-05,0.000147140470585954,5.99779311349713e-05,1.76023331479246e-06,1.72314384863933e-06
"2010-12-03",0.00169171771595303,0.00201744535452016,0.00185593702655132,0.00117787359151292,0.00111911766561241
"2010-12-06",0.000107661031928638,0.000135505346096156,0.000131138877044266,6.02827796992534e-05,5.1905591417871e-05
"2010-12-07",0.000304196117181811,0.000290746322804194,0.000273217571121068,5.24216110647967e-05,4.76847834306152e-05
"2010-12-08",0.000259765308422825,0.000277472320278928,0.000237529972774467,5.91486650015605e-05,8.8809088608066e-05
"2010-12-09",0.000815137610356403,0.000815437246699086,0.000739246695331768,0.000386779870089366,0.000348020677032557
"2010-12-10",0.00326838153731411,0.0034489317881979,0.00312216213205569,0.00272882003714678,0.00273442989136895
"2010-12-13",0.000626965263610583,0.000737783548066865,0.000472485378962251,9.53717958098778e-05,0.000135755222099621
"2010-12-14",1.89857135784798e-05,1.75628950260842e-05,1.93847953986945e-06,1.56001057808554e-06,2.02310413162785e-06
"2010-12-15",0.000362731299893563,0.000307847526358972,0.000129663801210048,1.22642632976713e-05,5.0274464768e-05
"2010-12-16",0.00166465700482168,0.00265624840872389,0.00282868073615052,0.00135199402221672,0.00239302638926987
"2010-12-17",0.00422958922161635,0.00474110519348914,0.00506356577603523,0.00502588042747759,0.00596927178434878
"2010-12-20",2.14316686109297e-05,2.62803578315456e-06,1.32207280977248e-05,3.72189753127911e-05,0.000202140914873355
"2010-12-21",0.0025643087367449,0.00280973357429241,0.00355360765469613,0.00555246272593398,0.00659109942293168
"2010-12-22",0.00170302254259242,0.00191837280199212,0.00218262603627736,0.00245340490362312,0.00343696425571157
"2010-12-23",0.00157759074739346,0.00174278145004155,0.00187703841870584,0.00266804770397617,0.0035402000001481
"2010-12-27",0.000202771314421381,0.000271468213352748,0.000299987547776947,0.000649905309844346,0.00109299893695009
"2010-12-28",0.00145628731637453,0.00162515735737827,0.00158647047726176,0.0020974107609183,0.00328535192165674
"2010-12-29",0.00253894579670663,0.00272785631061079,0.00271415286898839,0.00306904217581893,0.00455818186767024
"2010-12-30",0.00023289574788086,0.000244680306849967,0.00025297516096012,0.000361779057370879,0.00105529373951725
"2010-12-31",0.00026431698297804,0.000338141509489685,0.000368278928357072,0.000327937400901946,0.00127090746028908
"2011-01-03",7.2659553683847e-05,5.28106235903014e-05,5.55960855737007e-05,8.59731054665022e-05,5.14354853149723e-05
"2011-01-04",1.47352534981135e-05,4.71257355091361e-06,1.45788872141674e-05,3.26479733918005e-06,0.000133024672354829
"2011-01-05",0.000410910401977334,0.000523573731463453,0.000411316759963646,0.000468677309197494,0.00126038566668536
"2011-01-06",0.000361982321515883,0.000541985432906675,0.000543963051041725,0.00064261868597308,0.00154789788375575
"2011-01-07",0.000888113446478434,0.000621618390698412,0.00055458569783507,0.000348099005425709,5.97547888086147e-05
"2011-01-10",0.000135728847822806,0.000310418727990674,0.00040112919059817,0.000542025466703881,0.000912457758346305
"2011-01-11",0.000456922930798021,0.000146167348405368,0.000124593572202976,7.86835235300632e-05,1.10255168383868e-06
"2011-01-12",0.00167114469025036,0.00225349634900045,0.00217625507680558,0.00251553255360966,0.00350865808588989
"2011-01-13",0.000728256329691893,0.00103719478595858,0.000986371040503247,0.00142132875658422,0.00200378784765237
"2011-01-14",0.000700867132749973,0.000891119726306166,0.000792013214938042,0.00109927570287796,0.00144608970316128
"2011-01-18",0.0323396157625848,0.0317525941158817,0.0317097231031563,0.0290391696202001,0.0282690942742975
"2011-01-19",0.00157323235258079,0.00189804603188307,0.00170074872946779,0.0012093244786284,0.00104175350510211
"2011-01-20",0.000515489274422544,0.000749685671397924,0.000746375017744868,0.000112531986105358,0.000173854411095155
"2011-01-21",0.000101593674457298,4.65121393653023e-05,3.72827539314687e-05,0.00024967950731392,0.00024222250366939
"2011-01-24",0.000301636865402645,0.000526717099790468,0.000678713841736105,0.000197410953762146,8.4571548986319e-05
"2011-01-25",3.07619732134675e-05,5.07706393713322e-08,3.00354425320186e-06,2.36451407799834e-05,5.02564135806063e-05
"2011-01-26",9.56747524545175e-05,6.53688117751929e-05,2.79096223658071e-05,0.00034943564596041,0.000699787800158888
"2011-01-27",0.00217790385616146,0.00218559441002321,0.0021685699175917,0.00230972732861254,0.00155466466422742
"2011-01-28",0.00613175755240774,0.00631063289895032,0.00602482284453805,0.00527066218899623,0.0049357435493519
"2011-01-31",0.00084854422513685,0.000659005172549248,0.000567740978217897,0.00100968015712411,0.000468729044299412
"2011-02-01",0.00593756524267366,0.00643227485148808,0.00670650537908834,0.00592135485576198,0.00652292044761454
"2011-02-02",0.000559388143751096,0.000742806783058556,0.000702224925745108,0.000636796198673396,0.000922621351892562
"2011-02-03",0.00014735576499672,6.74677004363935e-05,0.000103000882732063,0.000161502753681874,5.55593078657504e-05
"2011-02-04",0.00231677310357223,0.00260126264324315,0.0024180649189108,0.00228424450759873,0.00278862861073627
"2011-02-07",0.00129627044692241,0.00121370812873631,0.00113971676723628,0.00159897539081868,0.00205348596338814
"2011-02-08",0.00144918556974664,0.00155254968862649,0.00147841466756151,0.00215546876722026,0.00278091493941657
"2011-02-09",0.000120726928413742,6.58432477534854e-05,4.72841656091366e-05,0.000598282486294322,0.000935465214005049
"2011-02-10",0.0105145973225421,0.0111078076635264,0.0115467523468858,0.00772817458527668,0.00635175753025719
"2011-02-11",0.00581161499729733,0.00538961934448766,0.00515121851357534,0.00790923109905394,0.00967083228600604
"2011-02-14",0.00430092517093359,0.00395394458011243,0.00374762920464357,0.00545154648240298,0.00608379826610777
"2011-02-15",0.00055277645056073,0.000367449212979309,0.000360385566098067,0.00173731608864375,0.00183776221475185
"2011-02-16",0.000271526698875359,0.000194749383002772,0.000195158213380694,0.00116247578469356,0.00155700501137432
"2011-02-17",5.96154024628939e-05,3.82368947853419e-05,3.01874991834554e-05,0.000222982170306261,0.000441175684952035
"2011-02-18",0.000483382162746339,0.000562899772892522,0.000457869272241219,9.54202199190658e-05,3.3669264619022e-06
"2011-02-22",0.0147248482267293,0.0155730843628438,0.014993872267298,0.0121205190862929,0.00963383387763725
"2011-02-23",2.80907203145669e-06,3.74223138082202e-06,1.57573114118074e-06,0.000103513931520936,0.000263681898463892
"2011-02-24",0.00144761958854085,0.00157326218465138,0.00155971488747771,0.00137946456060382,0.00103573120119431
"2011-02-25",0.00751485201290247,0.00736801865816919,0.00687944936687936,0.0076563792698842,0.00769814716057727
"2011-02-28",0.000505276567947052,0.000555138332631352,0.000349134074830183,0.000916224447947464,0.0007291881303877
"2011-03-01",0.00355828514473005,0.00329749133350688,0.00400207985588268,0.00301559742665401,0.00253180056275069
"2011-03-02",0.00230985406396328,0.00196179640250234,0.00252421347959296,0.00222832139082793,0.00165187775994863
"2011-03-03",0.00841069344196044,0.00906254567181939,0.00811166157455408,0.00923754568655365,0.0100696177155708
"2011-03-04",0.00035175326450239,0.000467473618483024,0.000273219352528933,0.000359254791546273,0.00053801233582491
"2011-03-07",0.0019143045682301,0.0016680507416855,0.0020351053777201,0.00151776113530135,0.00134061426046857
"2011-03-08",0.000768354586384739,0.000948568712418825,0.000705504284029678,0.00100554778352704,0.00118284796247543
"2011-03-09",0.000375323736675574,0.000272554080621766,0.000447607927905936,0.00034062065919933,0.000238371544222547
"2011-03-10",4.07165221715116e-05,4.94024226258913e-06,4.64686851466869e-05,8.04688484810559e-05,6.24841766046022e-06
"2011-03-11",8.62300786480804e-05,0.000257060083471445,5.32861282103337e-05,7.92624499236827e-06,2.12136815604299e-05
"2011-03-14",0.000405489858023476,0.000552932488241311,0.000268857108383917,0.000118953033269832,9.24136951997393e-05
"2011-03-15",0.00387912095646345,0.00342174368037986,0.00408206422657315,0.00606524892773732,0.00546716410997135
"2011-03-16",0.0166264250541983,0.0152520751616625,0.0168735917263039,0.0222635095413857,0.0210218672991087
"2011-03-17",0.00515221960756439,0.00630227605531398,0.00519688162122564,0.0020059655717481,0.00186766255138337
"2011-03-18",0.000883902067399716,0.000682690217223336,0.0010304040034125,0.00374924271472019,0.00374856847254724
"2011-03-21",0.00583724210391143,0.00608861396480044,0.00536570623438121,0.00257954609559849,0.00329567352212275
"2011-03-22",0.00106667720345778,0.00095124649794083,0.000688179391909655,4.43423214520639e-05,4.96007865452378e-05
"2011-03-23",0.00059489009008172,0.000500169088368735,0.00027651986480081,2.76825350900651e-05,1.90189840856631e-06
"2011-03-24",0.000618053357180648,0.000501065667365405,0.000271861142666581,0.000161138112485817,0.000152142167261659
"2011-03-25",0.0028221631910678,0.0022034136618207,0.00169291081397143,0.000310740170795519,0.000556937502881855
"2011-03-28",0.000563703502868082,0.000303340184269558,0.000166190270502026,6.17034527525843e-05,1.62033830806185e-05
"2011-03-29",0.000141481750382945,7.42175383970603e-05,8.88011203189413e-06,0.000407541750132983,0.000193054971711473
"2011-03-30",0.00251557450251646,0.00208900385727734,0.00157253822395668,0.00065918373928626,0.00108150080706639
"2011-03-31",0.000351021226262692,0.000181123467892794,5.00280864028572e-05,6.15950964282982e-05,3.89632546595207e-06
"2011-04-01",0.000140540251285503,2.91212857661315e-05,3.83757987139194e-07,2.62239389705949e-05,6.5339892886328e-07
"2011-04-04",3.15879319453233e-05,0.000156862243011085,0.000201508027298412,0.000818836207100203,0.000504058805345945
"2011-04-05",0.000138315099178048,0.000274479067343284,0.000316673613901339,0.00118612245547236,0.000950352872121791
"2011-04-06",8.64565058137542e-05,1.19127692102868e-05,1.2034784949036e-05,0.000199049795679552,0.000136623245186679
"2011-04-07",2.02738214672438e-05,1.26982302643191e-06,3.08962696986142e-07,0.000235439865754827,0.000214543848252945
"2011-04-08",0.000381434374448682,0.000258561144422118,0.000242962526362201,1.40737794097828e-05,0.000108087049643306
"2011-04-11",7.37260051772096e-05,2.98308575528671e-05,2.62711588627527e-05,5.17544473779049e-06,8.7028918290339e-06
"2011-04-12",2.20107491820559e-05,4.70090026692719e-05,3.27428694221063e-05,0.000220148474117952,5.19334288532109e-05
"2011-04-13",0.000688234907652383,0.000614946286291422,0.000628194390779064,0.000269657956275589,0.000688114344018559
"2011-04-14",0.000561445264700629,0.000567249597697514,0.000640151633348227,0.000578359284345344,0.000827200406666764
"2011-04-15",0.00082885677617074,0.000979530930103886,0.00109192694344582,0.000864729220828965,0.000925475377545998
"2011-04-18",0.0202109979582337,0.0190993294455164,0.0179231389995025,0.0189198905912891,0.018068696369616
"2011-04-19",0.0075498305859095,0.0082374644274663,0.00884163024099717,0.00806654262281967,0.00825613787620074
"2011-04-20",0.0015451919855214,0.00191196081720937,0.00217016835629817,0.00242574639097424,0.00308436439344821
"2011-04-21",0.000303758977655834,0.000140364204133038,0.000103246047179419,4.94846692842271e-05,2.32038394767137e-05
"2011-04-25",0.00285847632647303,0.00425658816826438,0.00439075388320752,0.0036196251408377,0.00838542107672154
"2011-04-26",2.86280129543215e-06,7.08492533900745e-05,0.000229961400731902,4.85096910669775e-05,0.000289779095268426
"2011-04-27",0.000112286986875555,0.000348960609602447,0.000716472045984512,0.000203911050547461,0.00040037939090434
"2011-04-28",0.000768481487526335,0.00121354835253973,0.002021037166001,0.00124732320619371,0.000130730111340044
"2011-04-29",0.000156957209073786,0.0003276550257625,0.000864852720335798,0.000738633275846158,0.000795729959181383
"2011-05-02",3.27899970458059e-05,1.98824707081753e-05,5.72034062114722e-05,3.60513859090996e-05,4.92088554242725e-05
"2011-05-03",0.000802465548483773,0.000913448941518018,0.00177957826377064,0.00148621608899102,0.00201860921495246
"2011-05-04",0.00300778885630465,0.002803738372387,0.00182362945651691,0.00250593682463459,0.00207186819309544
"2011-05-05",0.00010925995431033,0.000147393859031459,0.000461296265422366,0.00022899205521485,0.000477554972588832
"2011-05-06",0.000786956603029784,0.00116791840938015,0.0017420779296013,0.000758273225265229,0.000928433681287479
"2011-05-09",0.00208057585059092,0.00288847640212636,0.00326567087669883,0.00178870150841025,0.00212814654996849
"2011-05-10",0.00105927386247857,0.00162686843167806,0.00193852796104622,0.000912727725857763,0.00139093381298929
"2011-05-11",2.20130533942958e-05,4.34587484333101e-06,5.34427591234637e-05,1.2219460239757e-05,0.000101639232749441
"2011-05-12",0.000426370712465033,0.000166475120473988,6.90487182666575e-05,0.000422091024215266,0.000252319585516486
"2011-05-13",0.00133054297643807,0.00176852661366435,0.00228470135421155,0.00111233049341448,0.00094732765145593
"2011-05-16",0.000327945243810163,0.000219925730316404,7.04444687198685e-05,0.000845283424450282,0.000799948032993515
"2011-05-17",0.000565510038501513,0.000501296208943663,0.000182489961449318,0.00103095003438109,0.000843380792447181
"2011-05-18",0.00483179566186562,0.005427907679792,0.00676962820691333,0.00267507277571317,0.002658230827573
"2011-05-19",0.000169102988183759,0.000332449720407476,0.000870319229971132,6.2207687654483e-06,4.07250765833797e-05
"2011-05-20",0.000340833339675271,0.000543356165538049,0.00132083355091974,2.6855659726554e-05,5.80321276507289e-05
"2011-05-23",0.000364779615142872,0.000231930216472483,7.44349113705932e-06,0.00099791949373762,0.000741554375340013
"2011-05-24",0.000209050042275031,0.000352826388073895,0.000988668302923707,3.09893647605058e-05,2.49940703167922e-05
"2011-05-25",0.000535033191373457,0.000804133340143497,0.00143038370468626,0.000478972177346776,0.000416521653709742
"2011-05-26",0.001462280079764,0.00179447453837248,0.00247213929864563,0.00171505156015918,0.00235927191200992
"2011-05-27",0.00233704059660177,0.00273110449658024,0.00329949620192941,0.00185607091699843,0.00177678060144901
"2011-05-31",2.46809443507389e-05,7.21921904618307e-05,0.000163512379429052,1.49215315926848e-07,3.47747300140164e-05
"2011-06-01",0.000882535145916776,0.000709582279912939,0.000526917289742348,0.00152158664320353,0.00131098065528302
"2011-06-02",6.5187141545846e-06,6.67407329082141e-11,8.67530645447835e-06,0.000135460088213777,9.72183501273382e-05
"2011-06-03",0.000434278726264541,0.000504700791805765,0.000600834195749335,0.000215902786290377,0.000220450893755577
"2011-06-06",0.00467668591519963,0.0044811503283684,0.00443863437844935,0.00555210984420486,0.00524063160335412
"2011-06-07",1.77109471479066e-05,3.39693802882737e-05,2.52561805015934e-05,0.000253590258450095,6.188695028818e-05
"2011-06-08",0.000505399202944698,0.000551702786311934,0.0004397961010131,0.00070865987348627,0.000318127046050138
"2011-06-09",0.000846282221060362,0.000912002821286208,0.00108055506991646,0.00107722065546308,0.00176084817303809
"2011-06-10",2.03364541441717e-06,8.02933650147369e-06,2.57408438967729e-05,3.91465971251976e-06,4.67809228658399e-05
"2011-06-13",5.38842960392857e-06,6.56459465177761e-06,1.48376464702904e-06,1.58775739985616e-05,3.74078665622933e-06
"2011-06-14",0.00339417784258037,0.00354421853541134,0.00365892196164422,0.00348545563082384,0.00372955927003083
"2011-06-15",0.000684128194875699,0.000536503185893569,0.0005079863144028,0.000166684187417128,8.33745119995871e-05
"2011-06-16",0.0012865453855332,0.000977035405539156,0.00120980158039075,0.000577959176935755,0.0010756352915246
"2011-06-17",0.00147871857969341,0.00117538091999968,0.00151567421130238,0.000742044560062734,0.000695911258536554
"2011-06-20",0.00196558211880602,0.00170459895632093,0.00242211941619274,0.00141381212576118,0.00109567945502448
"2011-06-21",3.61470604316689e-05,9.97449569172412e-05,5.78474760799201e-06,0.000165574860596585,0.000314565643351831
"2011-06-22",0.00034057890604759,0.000497320784701678,0.000181379461624413,0.000569710859203491,0.00084143591936404
"2011-06-23",0.00542304404696247,0.00497326634178577,0.00613703758175209,0.00440735176819038,0.0043862359858838
"2011-06-24",0.000658087850921584,0.000855025858691308,0.000373955303339933,0.000704011755733041,0.000433144822114325
"2011-06-27",0.00181759130779059,0.00228741134895258,0.0012582154452254,0.00115577684776435,0.00162637236349365
"2011-06-28",0.00296955747454936,0.00390396042021505,0.00312015374356126,0.00321008720860124,0.00400903686545655
"2011-06-29",0.000489162397541008,0.000118066176721636,0.000336288582192341,0.000183817951858913,4.41336411677049e-05
"2011-06-30",0.00072641305990467,0.00163807927696933,0.00117812496180308,0.00174596936024674,0.00225013425163483
"2011-07-01",0.00207894156146021,0.0035018882376894,0.00264267000226513,0.00354627862151609,0.00373262241138452
"2011-07-05",0.000199830242506499,0.000755254370527318,0.000391785000942552,0.000859524570295579,0.000712718846706483
"2011-07-06",2.43471339327688e-05,8.86492598993558e-05,1.87120728329665e-06,6.74488931502546e-05,3.81018306759912e-05
"2011-07-07",0.00267704268253298,0.00416084949627601,0.00326684140097712,0.00407236050630324,0.00398308330001492
"2011-07-08",2.9587067186098e-05,2.61730898568541e-05,6.39138559301322e-06,7.31560660420003e-05,0.000104635479355634
"2011-07-11",0.000632998590546166,0.000243776894831397,0.000532621673193181,0.000347903186678328,0.000311614814774509
"2011-07-12",0.000707879515061909,0.000280298205813207,0.00053338280625413,0.000534362543595212,0.000512887219967688
"2011-07-13",0.00276067014134429,0.00384189611634567,0.00298778724891683,0.0034251502813698,0.00311108227688849
"2011-07-14",0.000247865396216141,2.15897569122057e-05,0.000163044884165579,1.82159227543907e-08,7.11766275060451e-06
"2011-07-15",0.00364683291248324,0.00528950856285035,0.00388355942615383,0.00489121578256764,0.00498412095960578
"2011-07-18",0.000131873358690104,0.000628627974150348,0.000213385587657967,0.000651196114512031,0.000620025708930801
"2011-07-19",8.55098505681715e-05,2.44872034318404e-05,2.01932395631195e-05,2.87202791708762e-05,3.49365210764012e-05
"2011-07-20",0.00288322033294493,0.00155512462173823,0.00211945597013012,0.000794074527900269,0.000697300545688713
"2011-07-21",0.000729273580126542,0.00151204528816327,0.00111306239131012,0.00164011963773012,0.00120107767628473
"2011-07-22",0.00216240624679366,0.00312741907548554,0.00251306671758915,0.00410360719658505,0.00399924999361323
"2011-07-25",9.34957833124449e-05,2.29574439265167e-06,8.70585284204618e-05,0.000192135892720076,4.46885748833557e-05
"2011-07-26",0.00149563479711895,0.00209417474152922,0.0013937095721011,0.00080109158738786,0.000745802104247042
"2011-07-27",0.00265267094982129,0.00182162079861023,0.00261454133836453,0.00339868190972761,0.00398400413863488
"2011-07-28",2.77308171043639e-05,4.40954825992575e-05,4.92502042546288e-05,0.000453335864479267,0.00171298889239068
"2011-07-29",0.00267273701180644,0.00166199101788226,0.00296076578994584,0.00488286641909998,0.00456807763382317
"2011-08-01",0.00149181912374756,0.001029928246793,0.00228525489725677,0.00545473832101427,0.00438457035054313
"2011-08-02",0.000167728042627478,5.28676274692827e-05,0.000176107497386104,0.00127412624770092,0.00130305806175883
"2011-08-03",0.0100156370865147,0.00889966680336047,0.00971218024107266,0.0148177868563808,0.0135036604018401
"2011-08-04",0.00648032780290324,0.00566593795248845,0.00632934603871635,0.011809429056619,0.0125522703059032
"2011-08-05",0.0993910421048556,0.0945239916118683,0.098334491344943,0.118686535135078,0.123104585327448
"2011-08-08",0.0208859773038913,0.0163026469097403,0.0200240794532499,0.0288039220359076,0.0312799285959668
"2011-08-09",0.0273829575149594,0.0185283654214586,0.0219730363099145,0.0288947610888431,0.030373436046571
"2011-08-10",0.000817215230173645,0.000425918512187682,0.000156291606412337,2.63075241968241e-05,3.97244640616291e-05
"2011-08-11",0.00385360618147796,0.0118097423955627,0.0113643429004178,0.0107681722867874,0.0125378636381186
"2011-08-12",0.0104616535048934,0.0160623839485906,0.016563949387368,0.0142649643070178,0.013401280999657
"2011-08-15",0.00344051889878235,0.00416979199376204,0.00467131347707943,0.00340417832976015,0.00397858504036041
"2011-08-16",2.8583697693418e-05,0.000529311923160608,0.000333816451131982,0.00185488187111179,0.00120280756772347
"2011-08-17",0.00105545865578972,0.000458135662616316,0.000645514931001065,3.0825219650692e-06,1.95101969099779e-05
"2011-08-18",0.00578454747726299,0.010100919858708,0.00949364080117798,0.0193669742193455,0.0182773513702455
"2011-08-19",0.00103999473956479,0.00240570465907394,0.00238600610326586,0.00763426103994806,0.00801731884734366
"2011-08-22",0.00167389748184983,0.00464855751996538,0.00442591033388998,0.0112009787548284,0.0124090682479473
"2011-08-23",3.75189095597833e-05,0.000331286094569495,0.000269058313633848,0.00357336192978696,0.00401708173071986
"2011-08-24",0.000424044673774793,1.31055123997559e-05,1.65688896778032e-06,0.0012469187613565,0.0010219250678975
"2011-08-25",0.000855301371474918,0.00350860219730363,0.00314447089014238,0.0075543027830281,0.00803072831460152
"2011-08-26",0.000697810172931347,3.29970273902788e-06,1.64792782208197e-05,0.00045251517734453,0.000254923042091241
"2011-08-29",0.0125748907558943,0.00839736528592324,0.00867444952689744,0.00551113309336361,0.00562181412550266
"2011-08-30",1.57480862385313e-05,0.000884185857258329,0.00072190605335102,0.00237150254000212,0.00232748671160129
"2011-08-31",0.00012232215732342,0.000411341047210936,0.000435869064963109,0.0013449637836633,0.00138727843169924
"2011-09-01",0.000560975347792575,7.25290145874357e-05,9.51834787493023e-05,0.000860201806267966,0.000789149525133751
"2011-09-02",0.00115875297002306,2.3665207647407e-05,1.252135649665e-05,0.000335362466406097,0.00051460326982085
"2011-09-06",0.00346375325664071,0.00858152601652018,0.00897179944154138,0.0131887222361535,0.0140307303313709
"2011-09-07",0.0112269022081602,0.00587652765989259,0.0055934137540804,0.00290871320355616,0.00325172671575564
"2011-09-08",0.000277737211073335,0.00286273020278511,0.00290264013376193,0.00508076253464032,0.00459489462350534
"2011-09-09",0.000228135558655802,0.0015501086367433,0.00151926571951123,0.00230796306786697,0.00201872143324816
"2011-09-12",0.00109156006997543,0.00252004111206485,0.00248733958209288,0.00304245417892182,0.00304952280070642
"2011-09-13",0.00160485997128406,0.000626483749648519,0.000590504268383302,0.000380728952085369,0.000355496258051748
"2011-09-14",0.00192714258029794,0.000979513107721718,0.000773872312379308,0.000537820247906202,0.000461095937967003
"2011-09-15",0.00121793688526307,0.000876248883269614,0.000487732181896094,0.000381828385414394,0.000413312036452256
"2011-09-16",0.00207668765778673,0.000963099847063439,0.000508515320259786,0.000364190491584289,0.000397955768241349
"2011-09-19",0.00398584216566997,0.00569119655215856,0.00713678102762549,0.00803990656940709,0.00799043845271959
"2011-09-20",0.000232215674774437,0.00122110949622402,0.00161178835051786,0.00211111852742731,0.0021285302797044
"2011-09-21",0.00282697209836595,0.00548727134566637,0.00620518455872841,0.00748232781395804,0.00775846256190247
"2011-09-22",0.0202236859214413,0.0246390704806573,0.0266306174838816,0.0273630350397777,0.0271387766263347
"2011-09-23",0.00043034173685491,0.000310737132300961,0.000119782957723959,0.000148409321973535,8.87525365382441e-05
"2011-09-26",0.0108358417657858,0.0124730120436174,0.0145607415389323,0.0145027355453869,0.015681033664282
"2011-09-27",0.00013513403869163,1.4886546320381e-05,0.000176356181772779,0.000570242587650065,0.000633939383535114
"2011-09-28",0.000609655551828421,0.00148696249002178,0.00220113790014742,0.00261211785126157,0.00255525427849137
"2011-09-29",0.00272544439662863,0.00464791202763812,0.00617387848109691,0.00634797702710407,0.00583867086841636
"2011-09-30",0.00237322700973318,0.00341949216756661,0.00449514578122644,0.00559308647588484,0.00551287010782683
"2011-10-03",0.0180490607357898,0.0203505458810748,0.0228276160674055,0.0254712619379995,0.0258120488159485
"2011-10-04",0.0791804950940756,0.0828955683030019,0.0880405356052737,0.0897619002616733,0.090448693837223
"2011-10-05",0.000262501145505122,5.90726634671948e-05,6.08962405131341e-08,7.01785254501254e-08,5.48520879430873e-06
"2011-10-06",0.00238191350514616,0.00385643747219169,0.00506967928884968,0.00630582601895575,0.00575194516395451
"2011-10-07",0.00156872105897635,0.000464194191189181,0.000189013876824487,0.000112825374301313,0.000173922712978569
"2011-10-10",0.00792407026610637,0.00733457481229091,0.00593133613922607,0.00624179672112485,0.00679349609813781
"2011-10-11",8.64282168975264e-07,0.00043191318998322,0.000810469534132646,0.00133606300068095,0.0012875834522313
"2011-10-12",0.000171606511283555,3.07830514196475e-09,5.96082666558704e-05,9.54292584420257e-05,2.72707946496424e-05
"2011-10-13",0.0037589594155804,0.00233594827024048,0.00158048387455836,0.00146450955055791,0.00193341914111841
"2011-10-14",0.00615426637862594,0.00575889730120433,0.00451242718504298,0.00454175021558932,0.00569923725038139
"2011-10-17",0.00438145269176601,0.00539670132283046,0.00690070721368476,0.00584852128149497,0.00504931535501363
"2011-10-18",0.000639384025838126,0.000177365789065687,3.2496257127792e-05,9.94815948229432e-05,0.000170416185189751
"2011-10-19",0.00300619024913325,0.00257493351922353,0.0035091625602714,0.00290512165227247,0.00271773244877657
"2011-10-20",1.54646038917909e-05,7.89331353072112e-06,3.64405891347725e-05,1.97803454027907e-09,6.16157267118576e-05
"2011-10-21",0.00523113779682037,0.00588242288067603,0.00456342455273055,0.00643705673461885,0.0081019124221357
"2011-10-24",0.000541250746768572,0.00100763594922106,0.00041987735224858,0.000321576614165742,0.00120373752323557
"2011-10-25",5.0446115923442e-05,0.000122522398227879,0.000629774358877664,0.000889707630028264,0.000647777721240236
"2011-10-26",6.00306581010223e-05,8.24598518501237e-07,0.00024924173650051,0.000337169489395663,0.000138811157336868
"2011-10-27",0.00258074234427366,0.00319155080468309,0.00282248291744434,0.00244283857492065,0.00184869434353622
"2011-10-28",0.0021215657364531,0.00204935206554162,0.00187214854434144,0.00197370127416909,0.00315858348484616
"2011-10-31",3.21280269820369e-05,0.000167640334038446,0.000183552492668184,0.000222814034919894,5.50036827283207e-05
"2011-11-01",0.00237845891180478,0.00322874431650767,0.00308276182278155,0.00303493117669259,0.00215836693168641
"2011-11-02",0.00365824283646793,0.00548368504506747,0.00511440208412732,0.00594050547952973,0.00753369783470915
"2011-11-03",0.000219750055755527,0.000222857406417127,0.000110620412939975,0.000206268126124324,0.000563590904806241
"2011-11-04",0.00462507631886609,0.00468188910864003,0.00426110753756197,0.00570067341695205,0.00686095005685831
"2011-11-07",0.000140258791468257,0.00010093104759453,3.0184478407987e-05,0.000292636426269322,0.000532500645584957
"2011-11-08",0.000938128726024826,0.000949459456394062,0.000706446339569978,0.00135052579006341,0.0024288316974738
"2011-11-09",3.19571513037352e-05,1.70721919755004e-05,1.14636130014582e-07,5.93804577982459e-05,0.000239581746047263
"2011-11-10",0.00744402177672101,0.00664131553801234,0.00588755002230171,0.00434991632529454,0.00315633003667949
"2011-11-11",6.15610167495794e-05,1.78111589210567e-05,6.63670693396385e-05,0.000288049903359265,0.000742779155306377
"2011-11-14",0.000109129078129016,0.000532161558657138,0.000526268401785307,0.000325448661431286,2.61159002355665e-05
"2011-11-15",0.00152077064717065,0.000638712510386458,0.000463820239555965,0.000609159842488714,0.00075753720754948
"2011-11-16",1.17386458870843e-05,0.000130564463378467,0.000291959333718263,0.000198171548986868,5.06601931273264e-05
"2011-11-17",0.00226064733620722,0.00341168879168169,0.00426018931274269,0.00416444894338154,0.00300398112460023
"2011-11-18",0.00141593907356904,0.00155761380035943,0.00125539557552853,0.00143787943047595,0.001982010155548
"2011-11-21",0.00436211297187474,0.00543225041032313,0.0062991681456499,0.00645840758797225,0.00568186354614156
"2011-11-22",0.000551026276670936,0.000296094292409022,0.000133101585719824,8.353418431694e-05,0.000106145947922609
"2011-11-23",0.001372571717421,0.00172591969404063,0.00226404742582506,0.00247575989754457,0.00230173356671998
"2011-11-25",0.000649126721362046,0.000457298532579898,0.000242078935015583,7.8673819566144e-05,0.000215488888050735
"2011-11-28",0.00107779269350761,0.00104074832194148,0.000557319678551551,0.000324252408401899,0.000414365889368841
"2011-11-29",0.0028736293257031,0.00369902607936352,0.00471203832828239,0.0045602674305148,0.00399487484643354
"2011-11-30",0.00260289625545817,0.0019708858849289,0.00148642691968363,0.00123171079641581,0.00128032626633174
"2011-12-01",0.000105048708458292,1.31047233859131e-05,1.23401169769325e-05,1.995157904774e-05,3.51014943943304e-06
"2011-12-02",0.00170163854122478,0.00115133565325244,0.000786665983942552,0.000601313856091801,0.00062753546225432
"2011-12-05",2.53695676398501e-05,1.3702281986521e-06,3.31772659842361e-05,2.36695502382363e-06,1.06966167057202e-06
"2011-12-06",0.000628899100558519,0.0005259417798309,0.000168123073361984,0.00017296906966663,0.000187524531536766
"2011-12-07",6.32718271707359e-05,6.99161754432739e-06,2.28724843776719e-06,3.55195687030472e-07,1.44592403652156e-06
"2011-12-08",0.000128354780639101,0.000180353862308341,0.000458335475178002,0.000504211653485076,0.000650198307539583
"2011-12-09",0.00362530245919449,0.00401363001735428,0.00263954181713001,0.00252426330813142,0.00258183335344712
"2011-12-12",3.4505458861855e-05,1.73878561550003e-05,5.24465987918962e-05,4.72885442606899e-05,0.000126178871682909
"2011-12-13",1.78880148912932e-05,1.23339303890647e-05,0.000209990677602774,0.00039418144972763,0.000433533080810183
"2011-12-14",0.000740634988422159,0.000640299907882676,0.00118823972590357,0.00142662925043097,0.00155760247325989
"2011-12-15",0.00135288908324509,0.00155411289175629,0.00112243150931939,0.00105543089661217,0.00114902994988337
"2011-12-16",0.0025395889825234,0.00263354310819513,0.00205505361841124,0.0015274465683015,0.00156512885963691
"2011-12-19",0.00023702391298871,0.000298446239135147,9.14659195378527e-05,0.000109359344299982,0.000133714544412858
"2011-12-20",0.00156440455515403,0.00166128008233219,0.00124749144737592,0.00116377651738064,0.00146212102350009
"2011-12-21",4.01373863662918e-07,8.19895149463032e-06,6.28694819794999e-05,3.53602272006967e-05,2.35080518114875e-06
"2011-12-22",0.00642780552535244,0.00672320030179514,0.00596601248145563,0.00597415235736747,0.00590244330872171
"2011-12-23",0.00356891638130763,0.00338076081109108,0.00320761263359447,0.00390281981671628,0.00465341510403574
"2011-12-27",0.000167175141157929,1.98911915615566e-05,1.22665648604897e-05,4.45648663802777e-05,8.73475995355461e-05
"2011-12-28",0.000319365335661638,3.0406070368351e-05,5.1524253032704e-05,0.000301166268985596,0.000295078431701472
"2011-12-29",0.00105312358218244,0.000723152215309981,0.000814968677236371,0.00115038859527392,0.00145953767362987
"2011-12-30",0.00431734839552526,0.00380415748630287,0.00395074055338274,0.00443670300268679,0.00522462126181275
"2012-01-03",6.58392353194916e-05,1.75026721290167e-07,4.45867706543518e-06,6.55125500963634e-05,0.000127414788734573
"2012-01-04",0.000770989700955312,0.00043728048251035,0.000513883714151129,0.00104895841461604,0.00144336797198741
"2012-01-05",0.000523801231608912,0.000235442885174247,0.000429509938656282,0.00101591361489651,0.00137664607492152
"2012-01-06",0.00216717747922024,0.00198700190059342,0.0024258525957984,0.00458226647551442,0.00515572018443647
"2012-01-09",0.000619175715974954,0.000772734675567282,0.000573099878571599,9.39284476123843e-05,1.76897329747008e-05
"2012-01-10",0.000968573564385678,0.000509983303817729,0.000682490505382975,0.000976725922565775,0.00140825327521973
"2012-01-11",0.000203209605737655,7.46316459433118e-05,0.000263098020584012,0.000833863954259368,0.00152102923374796
"2012-01-12",0.000533832457753131,0.000296176244678857,0.000625876284628497,0.000954791100535707,0.0015982751667254
"2012-01-13",0.00182532986882678,0.00155788128134755,0.00230859283040748,0.00328426983110278,0.00446889078545085
"2012-01-17",0.00116133762355089,0.0011195854542614,0.00167779481582533,0.0024693996172184,0.00317600559433349
"2012-01-18",0.000899753305058546,0.000749859935598539,0.0011127080490362,0.00197204753721203,0.00266578976920768
"2012-01-19",0.00109539846694134,0.00106303621566896,0.00128684047167835,0.00282112708381223,0.00406507696331877
"2012-01-20",0.000300778150876779,0.000311186941229473,0.000568112139416532,0.00125578933243751,0.00198949496741994
"2012-01-23",2.72557187722116e-05,5.02865751512474e-06,2.83624775042449e-05,0.000495453518895734,0.00100694116475406
"2012-01-24",2.9943442813902e-05,5.60269428080628e-05,0.000166424641620859,0.000640571566363714,0.00109852600088535
"2012-01-25",0.0041323086754179,0.00488612469522181,0.0040982114298173,0.00268195331984057,0.00224312435660756
"2012-01-26",0.0041269027094157,0.00409090934369543,0.00497032168811804,0.00623155489489617,0.00587704709780933
"2012-01-27",0.000871773928724193,0.00114118663353838,0.00163920946706631,0.0023778016736662,0.00283923901362801
"2012-01-30",3.68640945477833e-07,0.000213165757996372,0.000459113946219463,0.000615496988614675,0.00116660808152431
"2012-01-31",0.000280084583070002,0.000328710912157979,0.000735889627044773,0.00112759322336729,0.00192955011367498
"2012-02-01",0.00121623305199378,0.00127708557670293,0.00208298596574901,0.00275862166294346,0.00319349118992511
"2012-02-02",0.000532300482074785,0.000385971712448888,0.000688006454087819,0.00137582661073693,0.00172994874540037
"2012-02-03",0.00202010987999794,0.00180421849680644,0.00253598919523939,0.0029197995711468,0.00330764185208555
"2012-02-06",0.000230421830496476,0.000157650140302906,0.000301335465155846,0.000534513101933161,0.000585069188504541
"2012-02-07",0.00012807386214701,2.71853400239945e-05,5.15360182504977e-05,0.00017445438812948,0.000271066878120878
"2012-02-08",0.00022127169651012,0.000120923819005265,0.000256388974337664,0.000294252266862607,0.000344956527859873
"2012-02-09",0.0066566633950489,0.00761968472134187,0.00707963299156556,0.00660197850410215,0.00674365726976291
"2012-02-10",0.000196262535704263,0.000627609033990735,0.000365381415751984,0.000337327477060478,0.00024155101713116
"2012-02-13",1.53817901521026e-07,3.25549586580455e-05,2.75985368741521e-05,2.59900602086162e-07,2.24397492211928e-05
"2012-02-14",0.000512403984264951,8.84137614397141e-05,0.000224067650651765,0.000137460628970594,0.000185972778469477
"2012-02-15",0.0589713284190216,0.0626869619485236,0.0602757344650647,0.0621448769356505,0.0626570739599941
"2012-02-16",5.26370746175194e-05,0.000548444754513344,0.000344765401364377,0.000633786626771722,0.000360751339137019
"2012-02-17",0.00209365602464287,0.00103012797545748,0.000973679944938718,0.000576514826570045,0.000945899303345521
"2012-02-21",5.00286543634644e-05,0.000394276660843605,0.000464282670893259,0.00090619830455078,0.000631464891361563
"2012-02-22",0.000216191570525139,0.00043059230818387,0.000360845523443799,0.000967097678259126,0.000693016289669554
"2012-02-23",0.000224038405825259,0.000460071990502891,0.00042633377160711,0.00134911529902324,0.00116073170921796
"2012-02-24",0.00916858198373186,0.00886436888390639,0.00916263007117508,0.005988094699529,0.00653168195909612
"2012-02-27",0.00062006998624463,0.000515690250711199,0.000517012112150277,0.00154057221299243,0.00149333033074308
"2012-02-28",6.22700330247019e-05,8.34838080303016e-05,7.38999422525901e-05,3.43787327670091e-06,1.68550999166606e-07
"2012-02-29",0.00717842458071396,0.00669911386066293,0.00702954892752168,0.00870943725605198,0.00774122975629085
"2012-03-01",0.000167279756346935,0.000321929675441629,0.000255305163243366,1.46531882890819e-05,0.000146641477642602
"2012-03-02",0.00526736677635391,0.0059712900827797,0.00537390358230294,0.00346567782518479,0.00404490080323214
"2012-03-05",0.0238286568261949,0.0225097858961222,0.0245805689064915,0.0294657305890415,0.0282094340001881
"2012-03-06",0.0032537323573927,0.00345970101424278,0.00407658383965268,0.00681744850593033,0.00578702825910146
"2012-03-07",0.00395337946791007,0.00424265896416584,0.00522003232864302,0.00787510132479435,0.00692054294009496
"2012-03-08",0.00978436783313692,0.0101470217952391,0.0097075772550796,0.00613996700582678,0.00753575721453325
"2012-03-09",0.00561453000023317,0.00683999190728084,0.00611144020352735,0.0034138214101822,0.00402751280693798
"2012-03-12",0.0017053864074994,0.0023794066326757,0.00176603095838107,0.000679866918081344,0.000902758844026651
"2012-03-13",0.000772793536295809,0.00125313029137719,0.000763409387051733,6.35402146800537e-05,0.000120486570351408
"2012-03-14",0.026288031636907,0.0241477040113971,0.0273440930355683,0.032390768922279,0.0307148160952714
"2012-03-15",0.00581034096557028,0.00567550544545314,0.00675724823977691,0.00906465652386041,0.00804942736101616
"2012-03-16",0.00215705084272075,0.00189262850258623,0.00138150753601457,0.000363836023730584,0.000555005413400601
"2012-03-19",0.000456086974028096,0.000500648824852232,0.00081754851106931,0.00205699290848206,0.00178090878033646
"2012-03-20",2.7822390166845e-05,9.00771547862736e-05,0.000217658572673604,0.000847494588180928,0.000597595229333639
"2012-03-21",0.00289488787678653,0.00262962003355019,0.00218009363574686,0.00090818828558229,0.000998094415655424
"2012-03-22",9.96879889751274e-05,0.000145570424174301,4.54724234610319e-05,0.000135533535552945,9.19284726410005e-05
"2012-03-23",0.00360783840780165,0.00426804232483924,0.00356664204284146,0.00240902323399482,0.00247108730447954
"2012-03-26",0.00122466760954249,0.00148941803362009,0.00105390224976924,0.000475732314616066,0.000686674334341193
"2012-03-27",0.00024071963626164,0.000394014946640747,0.000163998659290675,4.99285466522322e-05,9.26608289579218e-05
"2012-03-28",0.000192142657686007,5.81763376505307e-05,0.000209050218475509,0.000514806431287487,0.000266045906951255
"2012-03-29",5.41558768904902e-05,0.000279000176287562,0.000108019372225425,1.88626917754282e-07,3.39940241366402e-05
"2012-03-30",9.87526102363837e-05,0.00028189006769443,8.48175651082904e-05,1.20075369927158e-05,3.47071240486186e-06
"2012-04-02",0.00088928599090405,0.00124433830500528,0.000815701321945526,0.000320325204745467,0.000553835215297795
"2012-04-03",0.000331235116493369,8.51984189930793e-05,0.000255311754936765,0.000682743261092748,0.000566818132306358
"2012-04-04",0.000860265554399688,0.00137892910852202,0.000969853876683777,0.000631394454483324,0.000880514651920515
"2012-04-05",0.00224884844690033,0.00268448991699473,0.00201769271179024,0.00174370858405831,0.00204602990126241
"2012-04-09",0.000144539248344583,0.000114210871350639,0.000293347268785308,0.000362211502463668,0.000428053546256409
"2012-04-10",0.00580786323509304,0.00492413796058919,0.00586306771185734,0.00720894872906374,0.00616940866108191
"2012-04-11",4.89317006246278e-05,3.22649881233571e-06,5.94354678113079e-05,7.48669894785849e-05,9.18479265931186e-06
"2012-04-12",5.22228788674526e-06,3.53807917989355e-06,2.17620867491539e-05,0.00012595011541758,9.24238141068333e-05
"2012-04-13",0.00232233454863626,0.00199646656006051,0.00259733638985647,0.00272675599461973,0.00249650617729449
"2012-04-16",0.0319533614214522,0.0306150771065429,0.0327633348062076,0.0329760388548936,0.0330244743120058
"2012-04-17",6.3117854326967e-05,9.64081650225201e-06,2.3617569002816e-06,5.76159163880663e-05,3.38781411744347e-05
"2012-04-18",0.00338717751174159,0.00355729729029476,0.00424933526739962,0.00447383836493301,0.00417777012509706
"2012-04-19",0.00188968816500997,0.0022470531721693,0.00268654364390969,0.00302294217937562,0.00301060097158362
"2012-04-20",0.00139429369626513,0.00122575745343489,0.00148627591157209,0.00132381916208499,0.00110998131578346
"2012-04-23",0.0306512317794372,0.0291154948639909,0.029985131350211,0.0332764050230861,0.0304108437066248
"2012-04-24",0.000666562739578245,0.000351607303427488,0.000350724679254632,6.41134491299412e-05,0.000115639225308284
"2012-04-25",0.000424972422999169,0.000387924549756792,0.000288143033801144,6.52061723855443e-05,6.13868707468698e-05
"2012-04-26",0.00210519243026758,0.00204718493020255,0.00148212824959544,0.000965328976439427,0.000303735682849308
"2012-04-27",0.00386436645106379,0.00386293318814351,0.00330377833695635,0.00270129918902565,0.00231611832261095
"2012-04-30",0.00151966212127807,0.00134937135506807,0.00153679720490981,0.00106253526208346,0.000903419823903328
"2012-05-01",0.00085373119462283,0.000761851991385289,0.000854891084143035,0.000724583717729476,0.000556684914454357
"2012-05-02",0.0001076345478315,6.06862423208715e-05,6.99955054703501e-05,4.03776959965886e-05,3.60830520890044e-05
"2012-05-03",0.00221339278990394,0.00262024038589092,0.00263515996957416,0.00270827773261451,0.00282842320557716
"2012-05-04",5.21529897362917e-05,0.000130419367564951,0.00010662274630901,0.000108773471467673,0.000133026907393341
"2012-05-07",0.00265886977691433,0.00221433258588226,0.0024280230650482,0.00239563164436064,0.00235303687286649
"2012-05-08",0.00067694017664271,0.000531452879790163,0.000596718011141038,0.000595131978932242,0.000555740269707086
"2012-05-09",4.62922975093197e-05,0.000127512564885725,0.000116061942888626,0.000148866356329808,0.000150790321623155
"2012-05-10",0.00406162301918476,0.00513135945222597,0.00505730108330496,0.00518479203604631,0.00504010952472527
"2012-05-11",0.000232790205030223,0.000393075954646756,0.000425600206792025,0.000456771708239872,0.000375910195052943
"2012-05-14",5.27428890384761e-10,1.04810580543149e-05,1.60237914677579e-05,2.75595047782941e-05,3.48849232976372e-05
"2012-05-15",0.00105719292495658,0.000893197348450229,0.000888798877567343,0.000836904928984428,0.000814139041529747
"2012-05-16",0.000434000402043088,0.000232121428455543,0.000202430498895545,0.000176805739985853,0.000205059515864344
"2012-05-17",0.00280468542520172,0.00265259369624247,0.00265205923148156,0.00251468906851409,0.00256108395055818
"2012-05-18",0.00105861798233522,0.000883800544827517,0.000840432876671841,0.000767341452541064,0.000709864050222898
"2012-05-21",1.58773056203204e-05,5.59885008300636e-05,6.05814812929199e-05,7.24054992636732e-05,8.05931670068869e-05
"2012-05-22",0.00134205859681257,0.00111611586320033,0.000984824462635993,0.000935012802283448,0.000948629471146763
"2012-05-23",0.00117677558739714,0.00108410898381687,0.000979533867546703,0.000919737675833765,0.00087051151803113
"2012-05-24",1.10353622729253e-07,9.94060433500826e-06,2.27288334854942e-05,3.38881942797694e-05,3.24411414352091e-05
"2012-05-25",0.00596492010406954,0.00637739963592037,0.00649169218483392,0.00659840851504961,0.00630767229495116
"2012-05-29",0.000237291538332326,0.000188960332708383,0.000148577588279909,0.000128272141494252,8.86095701020743e-05
"2012-05-30",6.8127678197853e-05,4.6222410973212e-05,4.40225624215042e-05,4.28676598981071e-05,2.90443747116433e-05
"2012-05-31",1.31280126331047e-05,3.42210987900116e-05,3.26175837458298e-05,3.04968829340812e-05,2.50692654869504e-05
"2012-06-01",0.000233812329815688,0.000417698770538989,0.000461012789479078,0.000484655141772622,0.000376115444365418
"2012-06-04",0.0189910774220837,0.0171862418703024,0.0170735722704324,0.0168993227854841,0.017205350224585
"2012-06-05",0.0026283007959432,0.00252042772733532,0.00244581550308641,0.00258798373223456,0.00285306690218904
"2012-06-06",0.00602732804018859,0.00607918526137964,0.0060257798084092,0.0062421681358574,0.00639243016224997
"2012-06-07",0.000273450449627212,0.000349854930296229,0.000353736894973386,0.000366946526598401,0.000359381598196953
"2012-06-08",0.0052662296195515,0.00605153739843232,0.00586766012884253,0.00581114572087193,0.00525680590764931
"2012-06-11",0.006029043247659,0.00543285485633301,0.00557723381868844,0.00563676573773109,0.00596683629334502
"2012-06-12",2.21471818986727e-05,1.28226407785831e-05,1.40664400112456e-05,1.85080018925208e-05,1.11128127860002e-05
"2012-06-13",0.00153688518948691,0.0016418712429625,0.00163695416779243,0.00165516104878387,0.00148645850157079
"2012-06-14",6.80096366268629e-05,0.000113751602100512,9.49050965636679e-05,0.000103275972993696,9.18200965489181e-05
"2012-06-15",0.00577791745429796,0.0063379668955921,0.00615337679104468,0.00626877952814725,0.00611982354221381
"2012-06-18",0.00125434381297398,0.00122789469138739,0.00129510328077129,0.00129436673235941,0.00143022485950309
"2012-06-19",6.62785227083964e-05,4.78723147370295e-05,3.51962306155568e-05,3.19495982286071e-05,4.00443949211359e-05
"2012-06-20",0.000160060201898675,0.000175647715493992,0.000212674610607323,0.000245193404315392,0.000280966270672283
"2012-06-21",0.00126726558129813,0.00152189903314774,0.00144299011928703,0.0014207445212626,0.00123470666215454
"2012-06-22",0.00063018691894596,0.000928188938802029,0.00093167863843376,0.000896207312566301,0.000902655892035901
"2012-06-25",1.59102510384793e-05,2.9540116697242e-05,3.78980297064164e-05,5.28663327326016e-05,7.19185550803689e-05
"2012-06-26",0.000166199057529384,0.000163681477848869,0.000150410218530987,0.000135652481126249,0.000104717313522603
"2012-06-27",0.00338059560177128,0.00334399284853679,0.00336978162891053,0.00347683830961597,0.00354333544729082
"2012-06-28",0.00014311524954679,0.000135189990673992,0.000117424652856766,9.96887381282939e-05,7.58774852427585e-05
"2012-06-29",0.00378581507213074,0.00411189254648026,0.0039714929784696,0.00404949168211645,0.00411839741839737
"2012-07-02",0.000782986748444902,0.000730714329281981,0.000739992500847904,0.00072413805554392,0.000708287630172259
"2012-07-03",0.00267785600714348,0.0029065741300673,0.00299638617439809,0.00306859354590591,0.00310746358230454
"2012-07-05",3.59797487292752e-05,2.08978535074741e-06,1.19251762985293e-06,9.42483886167645e-06,2.62831558332778e-05
"2012-07-06",1.74831442317489e-05,1.16057116255054e-05,2.69089699141473e-05,4.37742383257395e-05,7.33761048657785e-05
"2012-07-09",0.000133095743336957,0.000182749474239769,0.000115605767508942,7.34196383347965e-05,5.51357571040246e-05
"2012-07-10",0.000388291734076629,0.000513380636456607,0.000397280609940217,0.000358063426509144,0.000419372411218447
"2012-07-11",0.00105311074015681,0.00102387445816984,0.000803383501601233,0.000720329930516972,0.000757326763000653
"2012-07-12",4.65629356802905e-05,6.09404351288612e-05,4.28786714214322e-05,2.77987754075148e-05,2.11174219585668e-05
"2012-07-13",0.0043237294930588,0.00433465058902877,0.00401968322247971,0.00423145479727586,0.00435748524371708
"2012-07-16",6.5601438634994e-05,4.40758945129389e-05,4.27263666123607e-05,6.23621531426988e-05,0.000134235272106509
"2012-07-17",0.000150539752615438,0.000164602500552243,0.000183759416203667,0.000118203633178002,9.68461822852446e-05
"2012-07-18",0.00194326449667315,0.00215573944980278,0.00216023903502952,0.00222123734347026,0.00223891879805642
"2012-07-19",4.41041762363065e-05,0.000381123399013769,0.000531461190207121,0.000410394393584022,0.000567375318309738
"2012-07-20",0.000974835565878652,0.000963811318647249,0.0011296522054025,0.00205467581731938,0.00197326347473427
"2012-07-23",0.00986494122905709,0.00992490153828757,0.00961710043207189,0.0103054497582658,0.0109473030223596
"2012-07-24",0.000173400503202167,0.000138009764462949,0.000210485596579415,0.000215558425280042,0.000217689722871454
"2012-07-25",0.00372531698511981,0.00362721822669863,0.00364022360852219,0.00385642967030243,0.00401739116826136
"2012-07-26",0.00121779244822637,0.00136208571967586,0.000929657495109848,0.000779261506799528,0.000580559168138444
"2012-07-27",0.00104422509230965,0.00110004652790116,0.00061602162974043,0.00063214533526961,0.000738059916103373
"2012-07-30",0.000746323646990416,0.000673104437752348,0.00141314843440348,0.00144100696378856,0.00100617589999173
"2012-07-31",0.000676427635631662,0.000519466632116782,0.000174051027579893,0.000206106824983099,0.000352638664041211
"2012-08-01",0.000513539212438734,0.000577286519415186,0.0010609624132298,0.000975290939494838,0.000656980795579355
"2012-08-02",9.27340859768584e-09,3.11967105778565e-08,2.84482076934147e-05,1.9832315314345e-05,5.3945354340024e-06
"2012-08-03",0.00626690868118224,0.00660270664919067,0.00581965314765547,0.00576580353037132,0.0056822796800697
"2012-08-06",0.000108687923507683,0.00010620182361362,7.41743290185261e-05,7.83914724198012e-05,0.000133330001041464
"2012-08-07",6.4416253945757e-05,6.27859811541336e-05,6.53843156137839e-05,5.24187430491391e-05,7.90163388039175e-05
"2012-08-08",0.00137872078872324,0.00126008062348379,0.00121052493197274,0.00126731272642899,0.00138423936450488
"2012-08-09",0.00192685168628544,0.00178934340795705,0.00169674371177355,0.00180896920449979,0.00206132839059394
"2012-08-10",0.00173371218743428,0.00148894006075995,0.00146506720361108,0.0017239736271941,0.00177153170900469
"2012-08-13",3.4292663282899e-05,3.20744000430617e-05,2.76879122064003e-05,3.85056517247837e-05,6.83158888972681e-05
"2012-08-14",9.74288865281707e-05,0.000132315521219085,0.00012252698343508,0.000113241605260101,8.88186599120448e-05
"2012-08-15",0.000604058442203722,0.000452252972623529,0.000455051801576401,0.000441708841651687,0.000597425094247813
"2012-08-16",0.000877438804640346,0.000753884556717954,0.000813920118567887,0.000788945868116538,0.00102755173017115
"2012-08-17",0.000728138769622973,0.00067227268326913,0.000759219654854889,0.000837221070046228,0.0010772757876008
"2012-08-20",0.00140882365606943,0.00147295882897402,0.00143459553305545,0.00147960973009073,0.00135607514074163
"2012-08-21",0.0109377652044183,0.0117614416949778,0.0115995109988596,0.011584260698569,0.0117061481764623
"2012-08-22",2.59021269783215e-05,1.166125302386e-06,8.10870182737653e-10,5.74949528680831e-08,1.4620398860403e-07
"2012-08-23",0.000174311288067346,0.000203933901523257,0.000146681461152739,0.000129252472780679,0.000124570956493432
"2012-08-24",0.00238957689324842,0.00218786676626493,0.00234509603247038,0.00235944248198758,0.0022333378758313
"2012-08-27",0.000326298361644446,0.000368577364268464,0.000272045648461948,0.000242836065357686,0.000280732995083305
"2012-08-28",0.00329635275929216,0.00283921397078808,0.00290742481578991,0.00299361851155171,0.00337093726973873
"2012-08-29",0.0025432492245321,0.00257868844675511,0.00298030656851747,0.00307811970264076,0.00318466372983484
"2012-08-30",3.30974998691192e-09,1.51680117672793e-06,6.05770769006163e-07,1.62668430086612e-06,1.81960949009847e-06
"2012-08-31",0.00027428243226779,0.000372161344491489,0.000326920489995896,0.000316560159471463,0.000276409537035209
"2012-09-04",4.82491213852817e-06,3.84809824633642e-05,4.56095163218714e-05,5.20289240948158e-05,5.78576604140148e-05
"2012-09-05",4.44609019623221e-05,0.000100761458579996,0.000152827263694137,0.000138886332579794,0.000221854988051854
"2012-09-06",0.000801725113912079,0.000912227854544153,0.000936526774545408,0.00094786600230082,0.00114700439385705
"2012-09-07",0.00066480186923692,0.00082521699744472,0.000965761809123698,0.000943016790612017,0.00100758930062877
"2012-09-10",0.00212908961856131,0.00206601954032247,0.00186426563625287,0.00183311881897601,0.00173182335988255
"2012-09-11",0.00189470111395547,0.0019672443730656,0.00172572280495086,0.00187106113224994,0.00204576961159503
"2012-09-12",0.010530129022716,0.01095087910344,0.010389199883834,0.010459629897415,0.00981723605771939
"2012-09-13",0.00497870370762252,0.0044446047784834,0.00482708122845956,0.00482838130613442,0.00518267283395759
"2012-09-14",0.00101047572551879,0.0012835407213513,0.00137080313777901,0.00149410966035441,0.00150618615818178
"2012-09-17",0.00136278514320512,0.00159378990708483,0.00147053795147387,0.00151068002389664,0.00163571092236642
"2012-09-18",0.00115842066258935,0.00120235856568543,0.0010176761461152,0.000983840141826825,0.000901349026113604
"2012-09-19",0.00188312347215011,0.00220440321443474,0.00238712843979458,0.00236424148836619,0.00213296289801527
"2012-09-20",0.000338546454364171,0.000480295325215186,0.000491667880955782,0.000496069988359942,0.000347322292411596
"2012-09-21",0.0019756310027444,0.00227252252609357,0.00219012446922592,0.00225088763355542,0.00198772402167762
"2012-09-24",0.0111931491115808,0.0108371480038993,0.0100154177918692,0.00991471712939218,0.0102707311925116
"2012-09-25",0.000307610162748639,0.000339346818569891,0.00052623152647445,0.000529475924069325,0.000476231135313866
"2012-09-26",0.00532213216450921,0.00523018965094492,0.00493422658171611,0.00482781803982498,0.00484335197790393
"2012-09-27",8.66656488628729e-05,7.48731908548449e-05,8.43569065366132e-05,8.37089038163555e-05,7.5744190022488e-05
"2012-09-28",1.56153599488285e-05,9.14018019709232e-06,1.16673077796177e-07,1.81013089154029e-06,8.33617742183821e-08
"2012-10-01",0.00265403630186802,0.00266159485275359,0.00293572624682912,0.00283713849489117,0.00298858009462435
"2012-10-02",0.0019765225034513,0.0018842730501696,0.00205745464035876,0.00194668371118075,0.0020574779384159
"2012-10-03",0.00285199285250044,0.00278741023316823,0.00292847204104115,0.00307365249554168,0.0030205334602677
"2012-10-04",0.000450994810337262,0.000433867208183844,0.000569029563731894,0.000639018857652772,0.000566380713851923
"2012-10-05",0.000166226314815706,0.000181246641312691,7.14260257979153e-05,6.04136948763582e-05,7.70883728435023e-05
"2012-10-08",0.0102073941200352,0.0105840513865252,0.00969745660576159,0.00962387259291504,0.00979765012514702
"2012-10-09",0.00502812209953286,0.00529645482195173,0.0051846495588257,0.00513610146978919,0.00496210507979578
"2012-10-10",0.00298330774094869,0.00273174561920512,0.00279226447008031,0.00288214812896595,0.00307021827396239
"2012-10-11",1.18567239251686e-05,2.37721337550046e-05,3.38937944500409e-05,1.81294858572808e-05,1.197396883569e-06
"2012-10-12",8.56753663116506e-06,9.37140190470177e-07,3.64920411602981e-07,2.84391690179942e-06,2.86014437536523e-05
"2012-10-15",0.00107048267329921,0.00120275939712702,0.00118172018773563,0.00106700232871667,0.000894878712961518
"2012-10-16",0.000788931057692672,0.000694972089565013,0.000639615920491123,0.000705101362498306,0.000945154169955275
"2012-10-17",0.000544642524022848,0.000499890488864336,0.000475250541116346,0.000528614054744867,0.000729789253836424
"2012-10-18",0.000916755678544259,0.000891005965658915,0.00098041920237529,0.000907616911997671,0.00075237275840227
"2012-10-19",0.000263160426608215,0.00030829424716345,0.000244215542258492,0.000299786879030506,0.000505476112844735
"2012-10-22",0.00318103102340462,0.00222340099185823,0.00223020037146141,0.00226993741213171,0.00186859696732663
"2012-10-23",0.0204544359198837,0.0192827338875345,0.0197382413533423,0.019385957016595,0.0181459581352284
"2012-10-24",0.000115521888945608,5.872176014845e-05,5.75715804974259e-06,2.29175336523284e-05,0.000108636296427218
"2012-10-25",0.000196590514067096,0.000176694462097247,4.30455852228315e-05,7.63278088643113e-05,6.08052581548007e-05
"2012-10-26",0.00875750978694467,0.00879177780323098,0.0107334195311429,0.0102033022231079,0.00946733228411112
"2012-10-31",0.000617867603398988,0.000502671333868449,0.000198107806728899,0.000273419413374188,0.000604233045218465
"2012-11-01",0.00552602921074696,0.00541145133415057,0.00495422084288977,0.0051393288592637,0.00671942932611741
"2012-11-02",0.000155703958691258,0.000214762070525795,0.000199538464939373,0.00025386993799568,0.000634968749822555
"2012-11-05",0.00977031872890484,0.0093201456544277,0.00960184563785171,0.00932039669172329,0.00810663210620515
"2012-11-06",0.00729817545066832,0.00690394384381042,0.0063749736227207,0.00666709247067611,0.00733748718001598
"2012-11-07",0.0201819461790896,0.0192146393834141,0.0216172090764861,0.0210858973854352,0.0199666284979151
"2012-11-08",0.0169475579429049,0.0162239839582618,0.0181460700803376,0.0176251705652392,0.0167184833360119
"2012-11-09",9.25191469296804e-06,7.31788680155917e-06,9.14788524106255e-05,6.01275387867224e-05,2.8857398495374e-05
"2012-11-12",8.55045232947789e-05,9.35304132678063e-05,2.74346854347761e-05,4.47061404013115e-05,3.99156246106517e-05
"2012-11-13",0.0005616410456675,0.000812260777191003,0.000881971903864326,0.000797600853896846,0.000790553515266402
"2012-11-14",2.9635632761656e-05,1.28771350296983e-05,4.23268204589116e-07,1.12014121907295e-06,1.43355980435856e-06
"2012-11-15",0.00521416055964619,0.00512457895244002,0.00487645183760281,0.00498735276034109,0.00501053280623585
"2012-11-16",0.0133813053242181,0.0132520510628853,0.0128675714433666,0.0132043734254011,0.0133508266728354
"2012-11-19",0.0113908157623492,0.011613489531857,0.0120842603705197,0.0117639867261195,0.0118343213614464
"2012-11-20",0.000611165409032374,0.000701986321908391,0.000583059908856712,0.000700497085952832,0.000794632789575553
"2012-11-21",0.002919063159261,0.0031068687698284,0.00311086168776833,0.00288676078738186,0.00281400463985472
"2012-11-23",0.00497441007777887,0.00538321122108063,0.00553665697128675,0.00548581438420638,0.00489170803303646
"2012-11-26",7.3024533704015e-06,9.62052744277694e-06,2.93948139039029e-05,2.83989027828422e-05,2.37310699334356e-06
"2012-11-27",0.00259720419093306,0.00200158775122665,0.00198548973993586,0.00188955426158455,0.00266233478312403
"2012-11-28",0.000226397223982185,0.000469801238490603,0.000603034590477536,0.000668302520999326,0.000312632172044915
"2012-11-29",2.3028642260014e-05,0.000166727659010503,0.000274132467947576,0.000292514069419887,0.000142757691356253
"2012-11-30",0.00452585505989255,0.00554479115645421,0.0059182048836574,0.00585071180213146,0.00516448785509964
"2012-12-03",4.77609234007828e-05,2.76467741790861e-07,6.8411347042466e-06,4.50566349002723e-06,4.70749544672464e-06
"2012-12-04",0.000756361081010098,0.00039961942001121,0.0002917682180157,0.00029470757532242,0.000393795288638817
"2012-12-05",0.0218410476612716,0.0197254178475653,0.0192149908968703,0.0190857814039262,0.0201403170205989
"2012-12-06",0.0151516888908868,0.0142353605042131,0.0136631216267018,0.0132902938054046,0.0143982736483639
"2012-12-07",1.41412025080609e-06,7.32127706260148e-07,8.20293649226006e-06,3.32114847706514e-05,2.54227595291154e-06
"2012-12-10",0.00432370363784726,0.00439114282441491,0.00399132581969572,0.00358562782021146,0.00457416958232939
"2012-12-11",0.00478459556664717,0.00454997647541655,0.00479536156170572,0.00536934475002168,0.00447532780962577
"2012-12-12",9.86994097843334e-05,8.86603784798951e-05,5.30759595384719e-05,1.2406072308833e-05,0.000169791809710835
"2012-12-13",0.000104385434864392,8.43052297632366e-05,6.12022741880933e-05,2.53466460128741e-05,0.000215053338481793
"2012-12-14",0.000255333521202261,0.000194990171028702,0.00018963547004522,0.000135247631745771,0.000336556476391272
"2012-12-17",0.0161568090265541,0.0154492514352659,0.0154317023646874,0.0150253881324205,0.0163974615239157
"2012-12-18",0.00383666729163732,0.00384751887103613,0.00372587500493542,0.00384221764626162,0.00356179718252551
"2012-12-19",0.00198306932317744,0.00235853581669887,0.00233578605879035,0.00244937697479569,0.00212182681335987
"2012-12-20",7.90729672002747e-07,4.18008886107736e-05,5.04475660131431e-05,8.83597059944413e-05,3.98959929831222e-05
"2012-12-21",0.00333099733080254,0.00413444838939451,0.00425680454495691,0.00468305766601793,0.00434184934918489
"2012-12-24",3.79880456981513e-05,0.000229656729650067,0.000340261495901626,0.000386162361795666,0.000269379610102256
"2012-12-26",0.00106474553221139,0.00193374911638707,0.00178942145475675,0.00193432447091398,0.00192180195165822
"2012-12-27",0.000123839933517409,5.50632340149132e-06,9.3332357132674e-06,3.54752329989323e-07,4.89685076503652e-07
"2012-12-28",0.00161197195231606,0.00262266723813351,0.00254996318157154,0.00270312270280254,0.00263499008354561
"2012-12-31",0.0103884669365526,0.00846715478174379,0.00898650053989928,0.00881845873195139,0.00871770215783427
"2013-01-02",0.00103050718181579,0.00203946801265652,0.00199472255279769,0.00227113188216207,0.00232976824063334
"2013-01-03",0.003164747331207,0.00418627268109666,0.00367207497979006,0.00401469774967102,0.00421597421703425
"2013-01-04",5.98731420820012e-07,3.27703239017302e-05,2.33786685391938e-06,1.30524112899239e-05,7.80382930964494e-06
"2013-01-07",0.00152292990288487,0.00110786618536389,0.00136229989430917,0.00113910780176388,0.0012103565432087
"2013-01-08",7.49492034145368e-06,1.29526338119598e-05,1.35064367749239e-06,2.63729584950115e-05,1.08787401199525e-05
"2013-01-09",0.00114074136768754,0.001371196380183,0.00148694498515429,0.00174220783680788,0.00115124531753295
"2013-01-10",0.00156322401479855,0.00132732315035887,0.00133270386716325,0.00113537247351008,0.00151549277890165
"2013-01-11",0.00580684535625962,0.00609634220610475,0.00619640267874179,0.00660057987035034,0.0065933797494231
"2013-01-14",0.00946124993848076,0.0091574958116878,0.00949095217459878,0.0103658889063225,0.0121088544893206
"2013-01-15",0.000407116207623198,0.000507761414600578,0.000629531530842103,0.000780210799623601,0.00100424483126523
"2013-01-16",0.00222372621080527,0.00213668831811724,0.00206389683868223,0.00178971831003745,0.00145103009595011
"2013-01-17",0.000472680772455895,0.000460362010568354,0.000409663202343265,0.000292695950039315,4.63720059906364e-05
"2013-01-18",0.00362196059173181,0.00371691588538514,0.00366730379484473,0.00323064611124295,0.00193484500323326
"2013-01-22",0.00144582748594816,0.00132040512174689,0.0013290186735519,0.00154024165687028,0.00222940216844525
"2013-01-23",0.000724018522368947,0.00074186324605432,0.000974740169881311,0.00125349493483217,0.00159452035095462
"2013-01-24",0.0116160313848622,0.0115959054425935,0.0125221640086854,0.0136897095317058,0.0148344273032205
"2013-01-25",0.00337132650807512,0.00326981558716749,0.00370897802309112,0.00438224250494126,0.0048568192171583
"2013-01-28",0.00243265054293844,0.00161575490881098,0.00238208740226232,0.00261267965467663,0.00237062009242589
"2013-01-29",0.00581533461704978,0.00603316882972427,0.00588768128515003,0.00597026808823479,0.00615595075538033
"2013-01-30",2.28744654155582e-05,1.78734773262874e-05,1.41395490087272e-05,1.10325324442818e-05,7.19997075254494e-05
"2013-01-31",0.00218358683660264,0.00214885105240332,0.00188869716361458,0.00183550850738145,0.00119076905985221
"2013-02-01",0.000227929411852925,0.000113158200494035,0.000159950733555176,0.000208445723572338,0.000371272484262987
"2013-02-04",0.0010274451271872,0.000769709443689417,0.000996174989815761,0.00120837802189056,0.00130922555144495
"2013-02-05",0.000258113921900553,0.000132823000737487,0.000217354556740531,0.000330453183073436,0.000296725214446818
"2013-02-06",0.00748638005339901,0.00689238642052521,0.00681297261958084,0.00741468103030952,0.00799270867523762
"2013-02-07",0.000367157364046781,0.000257884821663403,0.000230182572694146,0.000341888864957449,0.000332062012007724
"2013-02-08",0.0108241838218112,0.0119387249683185,0.0120931669364101,0.0114693842664951,0.0111722251852248
"2013-02-11",0.000871171964537259,0.000592814852498153,0.000576292943554959,0.000755772779891182,0.00072197024217755
"2013-02-12",0.00218818839158885,0.0019071306279709,0.00208950809170945,0.00239551020203935,0.00230240299876818
"2013-02-13",7.34043689880552e-05,0.000150178149645194,0.000109714475299526,5.16062927188081e-05,8.54148242704463e-05
"2013-02-14",0.00150379513421462,0.00194051262523195,0.0018318713761236,0.00162724547673552,0.00170208719503136
"2013-02-15",0.00231156439174612,0.00305498511912416,0.00298630224448679,0.00270629639596841,0.00276727476398353
"2013-02-19",0.00148300295057655,0.000903573227155896,0.000921771858661027,0.00121125373184072,0.00120115128247485
"2013-02-20",0.000199339912620522,0.000371207259305782,0.000379176999731109,0.000256466765036972,0.000262835241700325
"2013-02-21",0.000705552690276392,0.000287149281025402,0.000261271583992533,0.000382882262111259,0.000454398330549012
"2013-02-22",0.00426730201484911,0.0054336362056677,0.00564187298547919,0.00529813481892854,0.00520659539855916
"2013-02-25",0.00029632549147877,6.91762439335475e-05,5.11137886939225e-05,6.61081274130519e-05,7.04279386557502e-05
"2013-02-26",0.00453725353042797,0.00324873076779137,0.00296624198366929,0.00289419114415414,0.00269501333164097
"2013-02-27",0.0143285596063581,0.0124856735406241,0.0125843880233619,0.012698053932452,0.0123780671294731
"2013-02-28",0.0137378034879756,0.0141017578710963,0.0135661663759623,0.013467939250957,0.0133702067416933
"2013-03-01",0.00014910621772185,2.79193661063988e-05,4.28803630070403e-05,5.7854768925244e-05,6.46896119625961e-05
"2013-03-04",7.3264966150553e-06,4.15196891964304e-05,1.90974850793269e-05,1.46234245049549e-05,2.13470959378871e-05
"2013-03-05",0.00167773922706652,0.00116519829933358,0.0013261182789228,0.00130684124217879,0.00129832156985885
"2013-03-06",0.000220460294841943,0.000298060272184615,0.000337999596314425,0.000305748971889273,0.000319629281551221
"2013-03-07",1.30887825362459e-06,1.51453290008667e-05,9.52882381999088e-06,1.05861319924622e-05,1.11495867335131e-05
"2013-03-08",0.00075796799101471,0.00093312487023008,0.000999842330452954,0.00103334994310135,0.000578239543761254
"2013-03-11",0.00121479652104767,0.000896713949757124,0.000761834107629262,0.000792739983333792,0.000712470515108121
"2013-03-12",0.000168198356135678,0.00013017478430567,7.67689978093479e-05,6.9170436373905e-05,4.02432402202567e-05
"2013-03-13",0.000509837517028265,0.00064913442630283,0.00072294703615257,0.000716332885333654,0.000721623377171467
"2013-03-14",0.00119786969660957,0.001416296850864,0.00149431071611985,0.00153602750668007,0.00159428269971684
"2013-03-15",0.00054785846862627,0.000746627919420543,0.000857392692340256,0.000927973305142299,0.000942881796035072
"2013-03-18",0.00175833832103542,0.0014593656946911,0.00137576263987254,0.00137544945880923,0.00140355158234825
"2013-03-19",0.000945656284505319,0.000539925581945488,0.000491149072119321,0.00047060839354321,0.000391838043741857
"2013-03-20",0.00301717307026328,0.00398720209968791,0.00445592868253446,0.00470323889277489,0.00494644728229352
"2013-03-21",0.000267734593213176,0.000110171214024096,5.94800388167754e-05,2.65473694274293e-05,1.90993276654505e-05
"2013-03-22",0.00333656346538339,0.0037416183423099,0.00386551992778335,0.00420291835198227,0.00392175584354396
"2013-03-25",0.000988927637125998,0.000771266439080562,0.000632169545985643,0.000493895314380665,0.000561191051635894
"2013-03-26",0.00293877191219884,0.00354904584538362,0.00348669817228886,0.00377355685839017,0.00376417126649351
"2013-03-27",6.5026243543901e-05,1.01672714639324e-05,1.10033528716226e-05,1.92053719411534e-06,4.01313306022743e-06
"2013-03-28",0.000470471413653131,0.000696239992555077,0.00072056690125377,0.000836470530267691,0.000886492410320242
"2013-04-01",0.000608479372993204,0.000445606877458669,0.000454458774261396,0.00033905122840615,0.000355696151601788
"2013-04-02",0.00335899281837928,0.00284961976361458,0.0028941716534918,0.00260140487782702,0.0025583804669758
"2013-04-03",0.000818863911812712,0.000872287663180595,0.000788200559054607,0.00102134637336822,0.000963105081322543
"2013-04-04",0.00076170909234693,0.00047241049715104,0.000585237245445005,0.000407573456299768,0.000436523159092286
"2013-04-05",0.00221577261092481,0.00239874107946861,0.00209983135001816,0.0024842941096981,0.00253348940951417
"2013-04-08",4.14136851716025e-05,0.000103833607925622,2.30676898235135e-05,5.16885148694967e-05,3.18309974239433e-05
"2013-04-09",0.000322904451667594,0.000417571001438841,0.00023369655077432,0.000315200835257891,0.000304050095075874
"2013-04-10",0.000100175498453261,0.000127799031360681,2.17730678300487e-05,4.30547921987188e-05,1.13369175499641e-05
"2013-04-11",6.0638054260166e-07,2.03973956342754e-06,5.30460273985805e-06,2.71555332146461e-07,2.28115987898081e-07
"2013-04-12",0.0015801483314657,0.00170399725088864,0.00133126762944167,0.00144718493473738,0.00137655797024442
"2013-04-15",2.93778057669048e-05,8.58170152690779e-06,5.02314774182005e-05,3.80617650563639e-05,4.03375259326543e-05
"2013-04-16",5.22896922070855e-06,9.54837701630309e-05,6.19942944773913e-06,8.94732081295594e-06,6.19818760745032e-07
"2013-04-17",0.0353747618329685,0.0337090299041497,0.03656537121606,0.0364704273357702,0.0366349287921149
"2013-04-18",7.32926906472851e-05,0.000133215619669841,9.46016725862687e-05,9.63289967660085e-05,0.000162296950357141
"2013-04-19",0.00315504646583993,0.00266661166264965,0.00273171406410201,0.00284903384437627,0.00255102742323905
"2013-04-22",0.00018278229285816,0.000571260995026834,0.000649912849824453,0.00063912930090119,0.000729880308684551
"2013-04-23",0.000206074257596081,0.000217964437760585,0.00015511000802888,0.000147631084422718,0.00013761575427465
"2013-04-24",0.0437102038375708,0.0441697237735587,0.0432753155302224,0.0431065631861432,0.0434297129356239
"2013-04-25",0.0155885956825675,0.0128475883476267,0.0156864442365337,0.0157959404521562,0.0144428041998673
"2013-04-26",0.00104475782675901,0.0005897800388782,0.000616483806842202,0.000710331032872712,0.000581026689536373
"2013-04-29",9.03677617489819e-05,4.565147282727e-05,1.30674681099115e-05,1.85777886555068e-05,2.26973984698266e-05
"2013-04-30",0.000324735042916648,0.00038345132556224,0.000486268853438175,0.000514240208833231,0.00057384745199169
"2013-05-01",0.000325058681328601,0.000290888878645081,0.000314371299056794,0.000353222158174408,0.000441409576193657
"2013-05-02",0.00346713349680015,0.00339812356947768,0.00379561330725234,0.00367046368300915,0.00394193508498011
"2013-05-03",0.00485118028390329,0.00502208078596246,0.00541843401551903,0.00530355006219706,0.00479835620219997
"2013-05-06",0.000182602925149984,6.20025822815409e-05,4.22249642100892e-05,4.85948339153263e-05,3.58969203233079e-05
"2013-05-07",0.000754481934241791,0.00073680922074468,0.000632639855385587,0.000698769823108582,0.000701855710340402
"2013-05-08",0.000777139378084041,0.000920103876492412,0.00114001519627484,0.00102347822036521,0.00118441895197684
"2013-05-09",4.45259124756371e-06,2.41869143690152e-07,1.11131931143195e-05,3.03092499678503e-06,3.00866905809696e-05
"2013-05-10",0.000356929899263761,0.000471762846825648,0.000672633709216985,0.000579181979237784,0.000690988389283464
"2013-05-13",1.07928027575164e-05,5.60979442930694e-05,9.57724634496906e-05,5.5122224223384e-05,5.88859587704035e-05
"2013-05-14",0.000470866388470042,0.000409395296576166,0.000342592442930293,0.000424002192766332,0.000368478720081091
"2013-05-15",0.00621980499681911,0.00623115860844548,0.00596549710743053,0.0062941175895501,0.00607543810360843
"2013-05-16",0.00336607924861325,0.00328556616299801,0.00297617764842753,0.00324409464538571,0.00297491942637553
"2013-05-17",0.00285209204743328,0.00264164956257879,0.00304464666301672,0.00285028534888454,0.00351861755923306
"2013-05-20",0.000198867789176511,0.000184281928181299,0.000133672950546033,0.000174937152888776,0.000173172747686262
"2013-05-21",0.00140327774738423,0.00126403334719458,0.00108628544871608,0.00120991037148012,0.000940603095345668
"2013-05-22",0.000110007918191288,8.34101561701605e-05,4.09849589206019e-05,8.73412751362745e-05,2.31397680150411e-05
"2013-05-23",0.0010048615108057,0.00169492018713989,0.00194600932982631,0.00164914301752528,0.0021992059496896
"2013-05-24",0.00626488534642785,0.00784938441758001,0.00815108553125694,0.00730428935909694,0.007614914337736
"2013-05-28",0.00164268799248383,0.0010761705756705,0.00118399612465944,0.00159278292572863,0.00198669948350783
"2013-05-29",0.000216175785990095,0.000512673035758351,0.000472182431246322,0.000273337153454613,0.000352106832612289
"2013-05-30",0.00239331306080991,0.00344689587711255,0.00337911329802731,0.00274879285941612,0.0024793521333735
"2013-05-31",0.000526229455815109,0.000911169878571332,0.000925686696669518,0.000558527996457724,0.000494746194978734
"2013-06-03",0.00380154558377425,0.00276658968770726,0.00264405904252591,0.00351775817077617,0.00368703727204158
"2013-06-04",0.00135029776965011,0.00209565162522578,0.00230729883367724,0.001531265459466,0.00161192569556924
"2013-06-05",0.000308125529549257,7.64632143681807e-05,0.000118473560676241,0.000383189548697661,0.000372576246766459
"2013-06-06",0.000603803518767097,0.000280214093815046,0.00040860918968535,0.000825398203646989,0.00096862900361988
"2013-06-07",0.000629778524734621,0.00111045362796772,0.000857183149295262,0.000465325453379605,0.000489287255170641
"2013-06-10",0.00572479282336961,0.00506179651438134,0.00571429552927935,0.00698566083690477,0.00708999880138765
"2013-06-11",0.00198159534595097,0.00200227326773642,0.00202691674223744,0.00142755787053709,0.00131242614464471
"2013-06-12",0.0011818626547443,0.0014081580972514,0.00145193257103839,0.000946081636426583,0.000824331683556053
"2013-06-13",0.000105011063227126,2.97411371268143e-05,2.72533518352984e-05,0.000171640806245118,0.000169250557866129
"2013-06-14",0.00287243323555942,0.00303746506761381,0.00307705861951138,0.00221362471213669,0.00209554274862138
"2013-06-17",6.86094328598224e-05,5.3924917472776e-06,9.9669778191135e-06,0.00015409363371428,0.000158537567306859
"2013-06-18",0.00245469893809615,0.00273363950941297,0.00266585569916032,0.0018460945066257,0.00160150570161749
"2013-06-19",0.000578753922659288,0.000486394129766648,0.00059851557361139,0.00107411915683497,0.00104165712501323
"2013-06-20",0.000650591174464671,0.000386575537890614,0.000427073907443536,0.000864506467845566,0.00097728264468676
"2013-06-21",0.000716506560906054,0.000436427630016613,0.000485812118742829,0.00081764258666621,0.000830363084930453
"2013-06-24",0.00411756682148783,0.00343728132228893,0.00356847354035563,0.00427441236090435,0.00450723700674242
"2013-06-25",0.00160810999547278,0.00179709692081737,0.00164359588650313,0.00132469907898451,0.00107042838546271
"2013-06-26",0.000311745264753038,0.000243614379137828,0.000192719329530156,8.08052533688624e-05,0.000210635119781564
"2013-06-27",0.000124217937990856,5.41615293199947e-05,1.04055526320005e-05,2.99570089437283e-07,5.33551726669606e-06
"2013-06-28",0.00245017057079938,0.00269050620039859,0.00307173572079447,0.0033426799131998,0.00323378990048086
"2013-07-01",0.000612119771491661,0.000392741898858798,0.000363077197631101,0.000292397626429703,0.000297587843455138
"2013-07-02",0.000545265420440889,0.000709174965361587,0.000747556927827401,0.000737902679398792,0.000571458681794862
"2013-07-03",0.000934376110824781,0.000723002212537695,0.000789473939622838,0.000638314650533534,0.000562530815833383
"2013-07-05",0.00436267698199418,0.00487613679709576,0.00486666127051036,0.00520242717714467,0.00497138416326336
"2013-07-08",0.000668082864595679,0.000585654982244041,0.000655437511093319,0.000607200448660786,0.000597288061897481
"2013-07-09",0.000134766351468222,0.000285866436158851,0.000303666011197781,0.000256023348585343,0.000161189523104946
"2013-07-10",0.000121542863521397,0.000355202424630783,0.000288573414920876,0.000265840525817108,0.000241851778492038
"2013-07-11",0.00269999863003243,0.0023125898175911,0.00253474437872409,0.00254785581965026,0.00296633579063745
"2013-07-12",0.00102630596226266,0.000793562378761347,0.000806544744323672,0.000758477349941125,0.000666943402701308
"2013-07-15",0.000363071807913607,0.000347753320489754,0.000302114874750117,0.000294365493478328,0.00148303421657538
"2013-07-16",8.4823624546464e-09,8.3285019588709e-07,5.45899105769991e-06,3.54117303993571e-06,1.9769858419906e-05
"2013-07-17",0.00234492261317431,0.00201477895783347,0.00191153275861599,0.00200024918072856,0.00247894775752693
"2013-07-18",0.000798643983616809,0.00094012299870369,0.000862441622721341,0.000473448452613056,0.000487586252524043
"2013-07-19",6.76234219146009e-05,0.000577186065500034,0.000540999615267773,0.000265974955536577,0.000265136365187012
"2013-07-22",3.18577416622177e-05,0.000291622433592216,0.00029750449046676,0.000260553196031346,0.000304907112019144
"2013-07-23",0.000146218313920642,0.000108489887995809,9.50529387033014e-05,7.29400479066757e-05,0.000127845357039025
"2013-07-24",0.00300291614360019,0.003403278768808,0.00353695855698744,0.00380328373881649,0.00390691520565169
"2013-07-25",0.00300329227398362,0.00258096408921518,0.00249568745753633,0.00233693445058274,0.00204793055612742
"2013-07-26",0.000662143891511515,0.000555154728250981,0.000448836912704614,0.000469703223294094,0.000425437565558848
"2013-07-29",0.000271034554298088,0.000314515880728868,0.000231937940443635,0.000215873379938025,0.00018435828768843
"2013-07-30",5.1080136865598e-05,4.77492072091308e-05,2.04853587497192e-05,7.72680367466058e-06,3.69127308960437e-06
"2013-07-31",2.03490228474251e-05,5.39604098129464e-06,1.91266358131435e-05,1.70983883050097e-05,1.23612200747341e-05
"2013-08-01",0.00154621565990899,0.0017878842042009,0.00170772198985623,0.00137510575493251,0.00156497978660866
"2013-08-02",0.00253949479594678,0.00269368914140041,0.00222653418466393,0.00200415033329482,0.00183731237363938
"2013-08-05",0.000372463362485747,0.000264062717037933,0.000420359027758764,0.000453994506383743,0.000925899249227448
"2013-08-06",0.000113985201753414,7.72421798115431e-05,0.000127174114088172,0.000143443527811389,0.000400244360512087
"2013-08-07",3.1254673933235e-05,9.54978089297972e-06,1.91995598963671e-05,1.10809281380233e-05,0.000107173877811913
"2013-08-08",0.00218456232864415,0.00242665739546766,0.00262576608625917,0.00271708408027579,0.00236744015463992
"2013-08-09",0.000651352110807678,0.000744000336418617,0.000453583731788574,0.000372984941751273,0.000162071634357657
"2013-08-12",0.000255852283225528,0.00021241127963102,0.000539453836014196,0.000703828501707777,0.00106759077607141
"2013-08-13",0.0120851900000391,0.0119589558727754,0.014161362413465,0.0149883554073319,0.0158640401255741
"2013-08-14",9.23119968442048e-05,0.000137336240633183,0.000325529742249003,0.0004225139082516,0.000416030767231016
"2013-08-15",0.000191834898344741,0.000151345890634262,9.62048628459705e-05,7.49253880183152e-05,5.96004962818926e-05
"2013-08-16",0.0041039085416553,0.00398699332468198,0.00346484821453772,0.00330177859053416,0.00301439084148442
"2013-08-19",0.000252051059520244,0.000257078916926419,0.000454854093762316,0.00042217226914583,0.00040706611439163
"2013-08-20",7.7988842665455e-05,0.000100521238435698,4.90863389467165e-05,6.87107680677581e-05,5.20619701812562e-05
"2013-08-21",5.00594917647743e-05,1.94556379681448e-05,3.04355819747037e-05,2.09103547164217e-05,3.04736771053236e-06
"2013-08-22",0.00026928259061267,0.000456138154613261,0.000358425639904095,0.000395026111362875,0.000449685623897313
"2013-08-23",0.0039873443019212,0.00462506782707003,0.00428472576807763,0.00442392638623188,0.00443981904270382
"2013-08-26",4.24334643058054e-06,5.84347651014168e-05,5.60059979878336e-05,8.4795884599374e-05,9.97084568923036e-05
"2013-08-27",0.00396936018312876,0.0036074450618302,0.00439153372130167,0.00406021678491924,0.00395372664542899
"2013-08-28",8.8928988587466e-06,4.77736962741963e-05,5.9165318339846e-06,2.47307166595625e-05,4.31268615680358e-06
"2013-08-29",0.00239981687068741,0.00267090728040489,0.00221390756790266,0.00245035596335119,0.00262665200758645
"2013-08-30",0.000171573315525893,0.000279257378500478,0.000154283211404634,0.000216744581443641,0.000232973524607755
"2013-09-03",0.00296780684044758,0.00249209298320631,0.00313671389057499,0.00282924820347609,0.00276963466530263
"2013-09-04",0.00139297371709728,0.00159574336400954,0.0014268448521437,0.0017204087517073,0.00181685437292073
"2013-09-05",0.00309477504956579,0.00328105225919601,0.0030911420241562,0.0034536968222383,0.00356093272292663
"2013-09-06",0.00048744944178988,0.000327849340582487,0.000403293480304806,0.000290653421284918,0.000358835473190873
"2013-09-09",0.000720571366654004,0.00106966429741814,0.000896415925961622,0.0010586030117462,0.00104485407283677
"2013-09-10",0.0287252039896359,0.0275493460583681,0.0282191167763914,0.0276834175023524,0.0274142418727549
"2013-09-11",0.000303649888556366,0.000327688358296385,0.000255865662552246,0.000223935416979883,0.000148667555525764
"2013-09-12",0.00157114972956712,0.00141708894397414,0.00169978565655404,0.00169957535322176,0.00193093637375397
"2013-09-13",0.00537992253649217,0.00501669796547166,0.00525503598035135,0.00517295823247462,0.00543784333676961
"2013-09-16",0.00352571044438534,0.00389453600115416,0.00378756439108921,0.00393127304646367,0.00393428090294805
"2013-09-17",1.52545568798472e-05,6.07893414224989e-05,3.30887537603531e-05,4.64599451658084e-05,0.000123770085742475
"2013-09-18",4.84507684731304e-06,6.58576979499728e-05,5.20611762168486e-05,6.01059542635864e-05,9.55872820686667e-05
"2013-09-19",0.00459577052854262,0.0046273707936914,0.00456093526833155,0.00440934194224115,0.00397513831500225
"2013-09-20",1.65891518964182e-07,5.98477007668056e-06,7.97469711052518e-06,3.33904241029767e-06,3.22965568849179e-07
"2013-09-23",0.00974483108039504,0.00942120570853268,0.00944732019422166,0.00952730159747165,0.00951983687072743
"2013-09-24",0.00227755586176965,0.00240082241817293,0.00249052247131561,0.00258625184164696,0.00221993217284245
"2013-09-25",2.16329058131696e-07,1.62298103894524e-05,3.49805821650701e-05,5.1798668531505e-05,4.78385883081521e-08
"2013-09-26",0.00405744551473399,0.0048415609072472,0.00493677350896409,0.0050175853303279,0.00467796754948001
"2013-09-27",0.0015540375510583,0.00213577414605993,0.00215678374679568,0.00222752968975568,0.00210548478180665
"2013-09-30",0.000631442662226878,0.00030869650837648,0.000303992302033705,0.000295811296008389,0.000438014328904798
"2013-10-01",6.98121850427247e-06,0.000122508910517724,0.000108924197868901,0.000117146890322877,6.72822605068798e-05
"2013-10-02",0.000132689380125511,0.00041737310811136,0.000370693194946727,0.000385308366454809,0.000270525189697252
"2013-10-03",0.000483778772520427,0.000162822356721804,0.0001964024895997,0.000173892187529823,0.000215485261223927
"2013-10-04",0.00203705886094562,0.00283257342198479,0.00270891645247061,0.00269369247633937,0.00227473167624547
"2013-10-07",9.00273302744907e-06,3.8836967552532e-05,2.20672286008755e-05,2.2687224675143e-05,1.75392112532446e-05
"2013-10-08",0.000803294310578884,0.000371914481163923,0.000397793109391083,0.00046164966389787,0.000404613808772833
"2013-10-09",6.41339330009453e-05,2.05552778654395e-06,4.64701129623823e-07,2.75664285321409e-06,1.42563327965352e-05
"2013-10-10",0.00142176621755436,0.00225327816647523,0.00192433736203759,0.00162236451381491,0.0012705991716791
"2013-10-11",0.00180799589969146,0.00262298835238119,0.00244327529170492,0.00217077749748451,0.00204852264613662
"2013-10-14",3.94863254279051e-06,0.000107488426268332,5.5349428909746e-05,2.78122328062484e-05,2.05851482121435e-05
"2013-10-15",1.29879798637862e-05,9.79517422684023e-06,1.90842400059648e-06,4.73202898625694e-07,6.20514676405218e-06
"2013-10-16",0.00202781142824636,0.00251836329121598,0.00228241816810003,0.00206537928524925,0.00168694066780082
"2013-10-17",0.00206197170416356,0.00253692027312042,0.00234712060836986,0.00212553168261724,0.00199416516292371
"2013-10-18",0.00226600479195478,0.00269034429557697,0.00261827755193063,0.00222457425921278,0.00185737378279995
"2013-10-21",0.000962019776541054,0.000647790676494568,0.000593794619532486,0.000430089395631097,0.000588197551286403
"2013-10-22",0.0388956831900865,0.0365535140152908,0.0365633698830607,0.0347692946277003,0.034452422783759
"2013-10-23",0.00509359259777429,0.00545384804871014,0.00535711397414517,0.00629772895540988,0.00543772650351411
"2013-10-24",0.00242233725983203,0.00265812569277214,0.00231365969284992,0.00249223144468977,0.000515154108773993
"2013-10-25",0.000398036605057463,0.000534315077995072,0.000471757450346203,0.000321492760790675,0.000208354142825367
"2013-10-28",6.04511671305681e-05,3.85008052839205e-05,2.39432237235551e-05,2.71751470721725e-06,9.53493871611192e-06
"2013-10-29",0.0213756600348533,0.0218066177419148,0.0220685207414668,0.0230173106418274,0.0258455058797274
"2013-10-30",0.000458498847341089,0.000321892361080339,0.000291973682365481,0.000236937545647742,0.00042843137021312
"2013-10-31",0.00153777509231866,0.00140150526604896,0.00133381347253383,0.00110261428624168,0.000738677567108021
"2013-11-01",0.00092500290591247,0.000896794829927257,0.000959015090727255,0.000803384641408382,0.000547773327029548
"2013-11-04",0.000110720562762093,0.00012875691852097,0.000151883105848747,0.000119047805214002,7.4942448348644e-07
"2013-11-05",8.24272324968855e-05,9.02517905725449e-05,0.000102910940438705,7.07164882759946e-05,3.17434199324141e-05
"2013-11-06",0.000894229737434797,0.00103020442480439,0.0010649988051997,0.000913352803505598,0.00052185683923016
"2013-11-07",0.000650656222918857,0.000551724980012393,0.000524926942910981,0.000610839303175242,0.0010016238252067
"2013-11-08",0.00373515867922169,0.00401613636266925,0.00383625746118433,0.00316009918624638,0.00219228662049506
"2013-11-11",0.00106661504497632,0.000875398139660062,0.000966351361606414,0.00124571972249002,0.00209591491860932
"2013-11-12",0.000532320222645233,0.000694553531935901,0.000639903159683255,0.000549134751040977,0.000409448337175482
"2013-11-13",0.00151619276172476,0.00173816515873027,0.00148450861704283,0.00125663579192105,0.00110513604381489
"2013-11-14",0.00108574390466751,0.00128670470777172,0.00111538481077297,0.000964498113416785,0.000758657003124815
"2013-11-15",0.000933014542947765,0.00106908926967937,0.000788741602946656,0.000708291986224661,0.000514949867115918
"2013-11-18",1.97750021210252e-05,3.18934330530178e-05,9.58763561863311e-06,1.3702272193676e-06,9.45743598000778e-05
"2013-11-19",3.07045154433185e-05,6.99649247269802e-05,5.48599609936207e-05,2.13555591095271e-05,0.000111912137417806
"2013-11-20",0.000596973040103204,0.000872880646836359,0.000847722815943511,0.000582761435657064,0.000282043395907642
"2013-11-21",0.000383232279352136,0.000669389959686661,0.000545714034879127,0.000338238186586427,1.28676894447185e-05
"2013-11-22",0.00214928291062822,0.00280447594810415,0.00228844075736355,0.00207629985087813,0.00172747735931097
"2013-11-25",0.000363676108037079,0.000738259032960725,0.000730517591486152,0.000496128517388713,0.000284118274365854
"2013-11-26",0.000246258357632579,0.000463103512539224,0.000476800663532343,0.000342577944342071,8.90350484378803e-07
"2013-11-27",0.000231197415281328,0.000417065468941874,0.000434180217278922,0.000280883799636623,4.56355038963082e-05
"2013-11-29",0.000254336319314675,0.000371552574006152,0.000378307299434051,0.000248965785145942,5.96773302958733e-05
"2013-12-02",0.00470345841503183,0.00422281833062475,0.00408090470034028,0.0046998151812844,0.00504297045646968
"2013-12-03",5.56491673275612e-05,0.000123107571195681,0.000189708695780528,0.000134589297553304,4.9424329278114e-05
"2013-12-04",0.000272813192855567,0.000113469799514651,5.98652708956002e-05,8.30443999313351e-05,0.000430930628840889
"2013-12-05",5.07389525931401e-05,0.000231859900701709,0.00028524579354527,0.000220777089104983,2.77277911919485e-06
"2013-12-06",0.00138599514999369,0.0019872276882588,0.00223652973123871,0.00232925944349462,0.00104937286464965
"2013-12-09",0.000615513886595956,0.0010451679325121,0.00119150763746135,0.00130416208461277,0.00064661253217823
"2013-12-10",9.70036782384819e-05,0.00032059290657747,0.00040961575833894,0.000420442371826802,8.9691946872306e-05
"2013-12-11",0.00030970204842663,8.32175086519666e-05,4.64722552779759e-05,5.01553869794206e-05,0.00049566507747904
"2013-12-12",0.000292222162043199,0.000641562273423483,0.000808637461636316,0.000740476679910711,0.00038636994871451
"2013-12-13",0.000327663219185483,0.00063710550596211,0.000772237103716142,0.000672545817590862,0.000178841496422738
"2013-12-16",0.000245495175758707,0.000653750958018198,0.000796797438360032,0.000821686857830479,0.000357338192007721
"2013-12-17",3.51392865845298e-05,0.000224851526821355,0.000356019400869211,0.000258471850330228,1.13342142456484e-05
"2013-12-18",0.00899767341909375,0.00725922219304347,0.00692153777903712,0.00697957639346824,0.0100897366841843
"2013-12-19",0.00167569771610551,0.00257470249252307,0.00260666725466097,0.00221959467290249,0.00109664202526099
"2013-12-20",0.00407239656979426,0.00539762074040688,0.00579889939391505,0.0055241255319758,0.00380150988668202
"2013-12-23",0.000117920313545665,2.27066200974513e-05,8.96708018936905e-06,2.38260408633958e-05,0.000152649014406266
"2013-12-24",0.000318482348125491,0.000524382619877642,0.000668770704256309,0.000542709446145209,0.000315913516583739
"2013-12-26",0.000846091538720094,0.00110617948495983,0.0013463874470494,0.00116268373579326,0.000869321496347185
"2013-12-27",0.00128796381881595,0.00131913637969651,0.0016235310793837,0.00159831832127026,0.00133909691793754
"2013-12-30",3.4267906695633e-07,4.50408619896344e-09,1.08636104234292e-05,9.01653900639043e-06,7.58140682524249e-06
"2013-12-31",0.00105387299995058,0.000898483870877491,0.00112088001058633,0.00106090123983087,0.00116622369730633
"2014-01-02",2.78942774876014e-05,6.64343843411986e-06,4.16678948776159e-05,2.78665270874385e-05,1.85973799006464e-05
"2014-01-03",3.14342914352079e-05,2.21910770713224e-05,5.05800316686261e-05,2.24787249620453e-05,8.66480473714004e-06
"2014-01-06",0.00329516884800125,0.00348807775143337,0.00308008450302306,0.0029497124234193,0.00319073693232345
"2014-01-07",0.000678458935243403,0.00065913365394132,0.000847536546616256,0.000880005914286467,0.000592145375062082
"2014-01-08",4.17042831486257e-06,5.25173576230868e-06,1.76174461883773e-05,3.54272433047422e-05,1.11465972758722e-06
"2014-01-09",0.00011373623067565,7.02921359676488e-05,3.4107214049294e-05,4.06361822357183e-05,0.000205482084020085
"2014-01-10",0.000446880094575193,0.000494060228234274,0.000578542047189411,0.000638712727765826,0.000514428110684732
"2014-01-13",0.00119666864241877,0.00104283644744849,0.000956446821252007,0.000944651568692765,0.0012920350846104
"2014-01-14",0.0009292394646498,0.00101266615858945,0.00100156873732649,0.000947905363659665,0.000845780338149826
"2014-01-15",0.000298631930375334,0.000446953265420283,0.00054036442947931,0.000559127666099795,2.13345425838661e-06
"2014-01-16",0.000128487879218785,0.000181433307514245,0.000200033811079911,0.000248867116622551,0.000177248672139056
"2014-01-17",0.000110125808970341,0.000147805903952172,0.000180185359080282,0.000282062034545656,0.000182838531641067
"2014-01-21",0.00180625290249034,0.00167016800918769,0.00155086242179107,0.00181709309994326,0.00232119285426063
"2014-01-22",0.000168968596435676,0.000119076891228022,8.54518953129525e-05,1.28589609826377e-05,1.93700659683229e-05
"2014-01-23",0.000169689633641401,0.000141980619390425,0.000148769541055833,5.74954823981659e-05,1.45171583279798e-05
"2014-01-24",7.23767640174105e-06,3.465681203557e-05,2.32251970016047e-05,0.000476606688783377,9.27349914969403e-05
"2014-01-27",0.00152568767288588,0.000657470816378018,0.000710380279119955,0.000170732814749415,0.000546320443618977
"2014-01-28",0.0173164573643996,0.0142122721448222,0.014706928616277,0.0136386797630136,0.0164129425726669
"2014-01-29",7.81198005186945e-05,8.91897356203125e-07,9.9372555217169e-06,2.97254321227542e-07,0.000101668698225331
"2014-01-30",0.00261590328246542,0.00466206880195985,0.00380262246644284,0.00392489413901158,0.000731312019027429
"2014-01-31",0.00118836339920165,0.00200207834653126,0.00187610119146251,0.00231957613197756,0.000720222403647672
"2014-02-03",0.00111948356802959,0.000655671305886017,0.000830285716829652,0.000773514419532912,0.00245861961475746
"2014-02-04",0.00089661542097875,0.00130317266318118,0.0011046162840332,0.00123296327780066,0.000304513944141292
"2014-02-05",0.000268224999741051,0.000552767737187023,0.000420458850661814,0.000574285678376443,2.4362562199287e-05
"2014-02-06",0.00158192932472763,0.00208701575078648,0.00159427249848413,0.00184133439446562,0.000469010438028814
"2014-02-07",0.00181524671337627,0.00192704721911562,0.00174694737983357,0.00220755021074416,0.00112278053199576
"2014-02-10",9.66252678907343e-05,7.06669164807844e-05,0.00014328471022008,2.86368549991648e-05,0.00073754083220271
"2014-02-11",0.00137689718698662,0.00123861316358396,0.000882029313281455,0.00127915073692171,0.000384021781848841
"2014-02-12",3.68071904889085e-05,0.000109470002826715,0.000232946744257791,5.88529154073829e-05,0.00038383781568844
"2014-02-13",0.00310045822556146,0.00231211440468223,0.00205728756862144,0.00280831137430565,0.00129718542687195
"2014-02-14",0.000243550563954718,7.89109790956989e-05,2.00594301545597e-05,0.000104740456675669,2.02469318052538e-05
"2014-02-18",0.000696129894037409,0.000307126448486756,0.000197303223894241,0.000305196982625646,3.43657628406868e-05
"2014-02-19",0.00116757649394617,0.00187498717335453,0.00243585223283083,0.00211561872952031,0.00304578063611925
"2014-02-20",3.46346547712207e-06,4.67467949323214e-05,0.000136129794826581,0.00011426738245551,0.000385908227135989
"2014-02-21",0.00109110229785449,0.000671443692632169,0.000518113683796797,0.00049836375744958,9.0291269811264e-05
"2014-02-24",0.000462154711076536,0.000927625059319627,0.00113909249327264,0.000999211246031137,0.00161370654228999
"2014-02-25",0.000151138432000338,5.40543429960683e-06,7.34489150231295e-07,1.34213160751346e-07,8.22225756821548e-05
"2014-02-26",2.27634865650551e-05,4.67244668400834e-06,1.72300972950329e-05,3.43137560718557e-06,0.000199391687772147
"2014-02-27",2.98383739818128e-05,1.2721581235892e-07,1.15332938367489e-06,2.22327872350255e-08,0.00013349054717247
"2014-02-28",5.6874876528313e-05,8.57286161247101e-06,1.59212313364565e-06,3.63966918321372e-05,6.72177726730923e-06
"2014-03-03",0.000807976538945352,0.000935988284290225,0.00116122268378687,0.000997919003663712,0.00131339531743718
"2014-03-04",0.00196290508941067,0.00219580896296678,0.00206742577073135,0.00231003533901459,0.00149376547210813
"2014-03-05",0.000127908610605709,0.000109641301174847,0.000116042416976772,0.000217973784368345,0.000169823354539922
"2014-03-06",0.000923429549934673,0.00108515517902144,0.00112339105266941,0.00131204865768677,0.00120503497445447
"2014-03-07",0.000263341748456212,0.000304107391905684,0.000262923384127919,0.000339294515805091,0.00029108005567473
"2014-03-10",1.17518060963157e-05,1.53204752236503e-05,3.78124300016187e-05,8.99572059317557e-05,4.84919740773714e-05
"2014-03-11",0.000200139101628453,0.000210283869566183,0.000172699664606253,0.000136496266738929,1.31626930597006e-05
"2014-03-12",8.44067967534601e-05,0.000115149834699008,0.000141002146368494,0.000123148814024212,8.41127258337546e-05
"2014-03-13",0.000293166464191901,0.000222828385045647,0.000248124227879095,0.000263800855113747,9.52169087948659e-05
"2014-03-14",4.73958240082855e-05,0.000103697802133846,7.85775342823044e-05,7.72019286795541e-05,0.000144523234959456
"2014-03-17",0.001071153738569,0.00136139254121894,0.00106764334288694,0.000886530496217252,0.000955171388957501
"2014-03-18",0.000215698289386878,0.000294431030498096,0.00022386604815408,0.000223084939760234,0.000280650456009059
"2014-03-19",2.84206858974281e-06,1.5261231959388e-06,1.71209617450086e-06,3.85320619453718e-07,4.69267367229399e-05
"2014-03-20",0.000101496849127499,0.00014849715766346,8.64063798434554e-05,5.2320414476781e-05,8.24802826284941e-05
"2014-03-21",9.79569808081457e-06,1.09306979645428e-05,1.96279153014184e-05,1.18551393671984e-05,1.49735312915419e-07
"2014-03-24",0.000989387958835267,0.000908096026009602,0.00146715215151533,0.00195435055967123,0.0015062054439285
"2014-03-25",0.000603814668036961,0.000559445657743847,0.000233716270040926,0.000267976204407223,0.000253035293771443
"2014-03-26",7.58324830224606e-05,0.000108712892241943,2.96757244769537e-05,0.00010381988124461,0.000142135117527432
"2014-03-27",0.000376329078801386,0.000428270521697456,0.000908503765001631,0.00086828078084195,0.00058964194351572
"2014-03-28",0.00282245863304154,0.00316305090620178,0.00219917591798136,0.00229595342555541,0.00265146425870442
"2014-03-31",7.00978197494505e-05,5.08441208540342e-05,1.38898615313447e-06,4.2422175491723e-06,1.64664155268814e-05
"2014-04-01",0.000577844069070936,0.000591703209550794,0.000307198058897984,0.000260981471680052,0.000706890886126935
"2014-04-02",0.000224029199215347,0.000194005397284189,7.1853373787391e-05,0.000110532109107506,0.00026396715610521
"2014-04-03",0.000504735514838087,0.000449997769440406,0.000285223606380305,0.000368444640262069,0.000576854068010995
"2014-04-04",0.000150221388730116,0.000265613844973254,0.000514374381341165,0.000401900203203451,0.000208419975146974
"2014-04-07",0.000362429366665973,0.000259024065524653,0.000643135435357819,0.00080669906948659,0.000681570730908404
"2014-04-08",1.91829204316766e-05,1.50498608900536e-05,0.000205888718712613,0.000314113061669456,0.000189839777277724
"2014-04-09",0.000479738576447486,0.000359501252308788,5.80362795747959e-05,1.37627183859897e-05,6.23445722357945e-05
"2014-04-10",0.00018793134515282,0.00016752881276425,0.000409253063422803,0.000437757585806224,0.000355674446638057
"2014-04-11",0.000315097607147686,0.000220441069340326,0.00045131445033544,0.00044535348518125,0.000385821302507003
"2014-04-14",0.000380771032846468,0.000477672159027714,0.000136331151562883,8.73448320003689e-05,0.000257831931589313
"2014-04-15",0.000246248882922236,0.00017674374292708,0.000446656609099666,0.000317270505599554,0.000132341595168747
"2014-04-16",0.000304881717893061,0.000583001764331458,0.000289255700385215,0.000265593556830325,0.000236820068774045
"2014-04-17",0.00155259451147893,0.00189409065803619,0.00132209240465659,0.00167379034803802,0.00257058004218802
"2014-04-21",8.41456608796995e-05,0.000334478978246128,0.000233606127408295,0.000212608052353822,0.000515530477655933
"2014-04-22",0.000871721365113438,0.000855036733274203,0.000549136566158319,0.000714836503758592,0.00117125074528178
"2014-04-23",5.17507220092002e-05,4.50106825954018e-05,2.70958739708142e-07,5.56616573684211e-05,0.000116381367091504
"2014-04-24",0.000740157088518239,0.000782186916840194,0.00144885784836752,0.00118719557915737,0.000900980066534378
"2014-04-25",0.000484496875354795,0.000476805564440274,0.000203306082227755,0.000338156907020733,0.000586810630796008
"2014-04-28",0.00719738410211354,0.00769288420612081,0.00883006314907003,0.00918492773830795,0.00768785075775922
"2014-04-29",3.94116351618016e-05,2.59496956865667e-05,1.41357768485252e-08,5.68762541140615e-06,9.85393742396824e-06
"2014-04-30",0.000323668361412617,0.000356158129279367,0.000542054750741201,0.000640089967739749,0.000270454532405209
"2014-05-01",8.73739503772931e-05,6.96988651428535e-05,1.48198405097492e-05,2.8622686158054e-07,0.000108668186397069
"2014-05-02",0.00117175433931337,0.00113844968240685,0.000878980802291748,0.00072992082871614,0.00113958321956986
"2014-05-05",3.93954302875812e-05,1.9843142075586e-05,6.73484770133503e-08,6.94780947329337e-06,4.85820173282126e-05
"2014-05-06",1.57857716546696e-05,9.0539198124214e-07,1.19178786146107e-05,2.89073773350659e-05,8.55008068434627e-07
"2014-05-07",0.000891585203632896,0.00114730946659023,0.00134960456632167,0.00147254150780751,0.00144414359789446
"2014-05-08",0.00079870593222922,0.000687714461101626,0.000489906419058019,0.000361138389556902,0.00055528967630239
"2014-05-09",0.000155533086913729,8.00624656997223e-05,2.66809021471839e-05,1.23017034860424e-05,7.93035397275147e-05
"2014-05-12",0.000611545036977597,0.000499929881756802,0.000336616066305511,0.000338721749097422,0.000638640375954475
"2014-05-13",0.000166598428897263,6.2465701179878e-05,1.8647433836235e-05,4.92452188987672e-05,0.000241837712352619
"2014-05-14",0.000226168673921785,0.000104717051979901,6.87112302507925e-05,0.000102452538666689,0.000431124167889134
"2014-05-15",8.56284936065951e-05,0.000132354097768624,0.000177107447733911,0.000166049485767892,2.62385002215114e-05
"2014-05-16",0.00125200552488357,0.00117895345258707,0.00101577707032032,0.000803587877822107,0.0012144302574378
"2014-05-19",9.13504100424807e-05,0.000137062097287466,0.000194863593845463,0.000289874135952117,6.66424540409773e-05
"2014-05-20",9.88350004955337e-06,1.83704064869444e-07,1.44373023030341e-06,1.09104286411948e-06,4.5182435063094e-05
"2014-05-21",0.00111364931771341,0.00119585609374171,0.00113820363959803,0.00118826456936529,0.0014216313644616
"2014-05-22",0.000587224729411391,0.000577659763576798,0.000576077091073424,0.00070143068809001,0.00105347691905003
"2014-05-23",0.00153090719440213,0.00142846370240628,0.00139995597354751,0.00158250694881104,0.00220354373604959
"2014-05-27",1.58569210912384e-05,2.66660581194332e-06,6.33833831344897e-06,1.10312494058671e-05,0.000128416357171919
"2014-05-28",2.47060869221987e-06,1.06671758325147e-06,1.13786838425624e-10,2.04691633914919e-05,1.94134958812482e-05
"2014-05-29",0.00012145695085075,0.000112410546278601,0.000149632071303337,0.000148740400517297,0.000336647292783484
"2014-05-30",0.00118404013234131,0.00133430427817021,0.00123184166298723,0.00118999787333758,0.000735971105534045
"2014-06-02",0.00182311775015224,0.0018680630204756,0.00164751215003822,0.00151118844517096,0.0010856358240051
"2014-06-03",0.000236512626225814,0.00022522680210847,0.00027319351081426,0.000378696453962792,0.000757068581100302
"2014-06-04",0.000114415183735099,0.000126482735204981,0.000206631547881264,0.000236616566005821,0.000558515076449548
"2014-06-05",2.50062572747616e-05,2.81973721820593e-05,5.42262067401282e-05,7.77394488046122e-05,0.000232140030000499
"2014-06-06",0.000125446229935894,0.000141136310345381,0.000188329454369017,0.00010589568867424,0.000240354265061817
"2014-06-09",0.00284823284631757,0.00281301649713755,0.00259192290963193,0.00269960394833378,0.00188312482426182
"2014-06-10",0.000116719190087796,8.06847705562457e-05,2.75218949783089e-05,2.80499751270647e-05,1.07792345260324e-06
"2014-06-11",0.0004341869951036,0.000496513269165229,0.000586686297595572,0.000735210717816041,0.00120029975055435
"2014-06-12",0.0010995339540531,0.00084937337515282,0.000676633880103537,0.000570698816577434,0.000346796562858329
"2014-06-13",0.000441344611577193,0.000370469670508773,0.000249231893634459,0.000208437148103596,8.19161347235645e-05
"2014-06-16",0.000251402922240944,0.000343448854594265,0.000465632697369933,0.000461632396027488,0.000672335084466972
"2014-06-17",0.000121406870247122,0.000198657457882725,0.000319599048905719,0.00034201230070783,0.000462386446322152
"2014-06-18",8.08496707247907e-06,4.88292162829752e-05,0.000119085919052542,0.000178456386893999,0.000284712290211337
"2014-06-19",8.88189951679556e-05,0.000166044588669406,0.000251742410451501,0.000286191135915675,0.000386301036275336
"2014-06-20",0.000435271428333176,0.000500827131247683,0.000668970493861703,0.00078940403963439,0.0010650449650488
"2014-06-23",1.06049185559301e-05,1.51046857218671e-05,4.44358028873078e-05,7.11396060401192e-05,0.000183615833059029
"2014-06-24",9.34978076721525e-06,4.59442554357411e-06,2.82444459290148e-06,7.85672448624584e-06,5.06991214398947e-05
"2014-06-25",0.000247867143224904,0.000213900847707222,0.000122497476281904,5.86756459206472e-05,9.74021175297752e-06
"2014-06-26",1.38506056034576e-05,7.82030691515223e-06,1.36250377538049e-06,2.45973080309692e-05,5.92140539282098e-06
"2014-06-27",0.000168452723703845,0.000171751673917244,0.000276244503398299,0.000301488816451273,0.000383187006910446
"2014-06-30",4.93968441951025e-05,7.29711345065227e-05,0.000151292979008392,0.000287059504902813,0.000444446560609929
"2014-07-01",0.000197441027553913,0.000201417473784419,0.000353338656065251,0.000435831589535039,0.000223659041335969
"2014-07-02",0.000662676353918356,0.000784929298792274,0.00104495023012671,0.0011321954678506,0.00136464375735653
"2014-07-03",0.000259346663824985,0.000271821093581552,0.000157171760000148,5.55820624879329e-05,1.97749815151573e-05
"2014-07-07",8.55059575226193e-05,6.97623675182826e-05,0.000115146955386502,0.000175362902666184,0.000258061330281483
"2014-07-08",0.00189556721624323,0.00201796014355946,0.00178773915771512,0.0015322804920655,0.00135270744596226
"2014-07-09",5.31848352981088e-05,7.21077656863529e-05,0.000119860168809579,0.000161713209485462,0.000248196299300438
"2014-07-10",2.0676707722786e-06,7.72390479111562e-07,1.21674386560189e-05,1.31758966871689e-05,6.0739851410012e-06
"2014-07-11",0.00060948993132592,0.000559451474316012,0.000726043810435652,0.000702268965494558,0.000737081704110303
"2014-07-14",0.00102936571007525,0.000963122740292473,0.00115210426103747,0.00146981765021756,0.00146186363755419
"2014-07-15",1.67378843142891e-05,2.7596430173551e-05,3.49951749559435e-06,4.63159063696124e-06,3.87766255581757e-06
"2014-07-16",1.6554072044677e-06,4.84358586616305e-06,2.12025221985317e-05,6.08388310083727e-05,9.16354638415839e-05
"2014-07-17",0.00228632839400424,0.00238517983187321,0.00209820198576492,0.00183802074397208,0.00189921654627308
"2014-07-18",0.000697200774339833,0.000681480596118525,0.000820568367078051,0.000847620302098407,0.000735944425250562
"2014-07-21",0.00105905768034532,0.00164729009710966,0.00187106415417429,0.002112893491953,0.00247671026758023
"2014-07-22",0.000743459562562304,0.00084875828222423,0.00100174652321692,0.00104395989249742,0.00109739115230056
"2014-07-23",0.00290332226054352,0.0027097503204605,0.0024773403414129,0.00245382013434995,0.00250691143821808
"2014-07-24",3.27270018730897e-05,3.54089057413052e-05,5.15821005190008e-05,4.31607785270047e-05,2.20626039087059e-06
"2014-07-25",0.000224109015815144,0.000223813754908972,0.000275561991018403,0.000208970424820554,0.000222944460326677
"2014-07-28",0.000117020176040074,0.000159347890005518,0.000123531041200973,0.000169950549870631,0.000195892076031659
"2014-07-29",0.000292156968533034,0.00033085813230482,0.000394821305733909,0.000394514135220668,0.000175481789773511
"2014-07-30",0.000217941199877412,0.000179706891459142,0.000141307424041611,0.000131538220114875,0.000121844290411045
"2014-07-31",0.00147405938199572,0.00135048116396024,0.00145144940180079,0.00151165911439891,0.00144742825069008
"2014-08-01",0.00159305295039984,0.0013548639806551,0.00127458315772201,0.000974985693380479,0.00123683091044957
"2014-08-04",0.00125594136408486,0.00162438317285536,0.00169201786935056,0.00185969086932932,0.00180222119706503
"2014-08-05",0.00218429589387546,0.0024325082803812,0.0023191843215176,0.00180591084634562,0.00187515266086537
"2014-08-06",0.00158232252483673,0.00200404711797082,0.0021417411227082,0.00260372218904793,0.0023941183263838
"2014-08-07",3.52577241497753e-05,7.36720366911925e-06,5.53917032785075e-06,6.86522717317887e-07,4.497361059114e-06
"2014-08-08",7.04386651585437e-05,4.60652599288448e-05,4.54560062673036e-05,4.07198425061153e-05,6.57828796070782e-05
"2014-08-11",0.00266711230194205,0.00261759874827288,0.00267221004114494,0.00251708643145703,0.00253736558156758
"2014-08-12",5.38722106105943e-06,1.90216464915052e-06,2.91808154986666e-06,5.6970142840481e-08,2.40565045163436e-05
"2014-08-13",0.00162061692209748,0.00158733273694073,0.00162329950248969,0.00157404518378999,0.00169167856843539
"2014-08-14",0.000838370960999384,0.000728023558111853,0.000762309314911325,0.000649224693093417,0.000918834456220155
"2014-08-15",3.24262206819629e-05,8.89901512599273e-05,8.13942039803669e-05,8.5067756798644e-05,4.18487660552199e-05
"2014-08-18",0.00252429807370055,0.00253266270920076,0.0025978524037376,0.00223974900644218,0.00264573373861307
"2014-08-19",0.000114747309400476,4.60469517322552e-05,7.20703274082442e-05,3.69762163887278e-05,0.000173534556847597
"2014-08-20",1.49535853933446e-05,6.45521011058583e-07,4.72890529059299e-06,6.34342267436795e-09,8.02490857913539e-05
"2014-08-21",0.00136030279402921,0.00121916757956684,0.00129352889779533,0.00108734075501248,0.00162605213574122
"2014-08-22",0.000198869391840219,0.000107133549129402,0.000105925064972273,6.77081254082549e-05,0.000195587213377658
"2014-08-25",0.000526647276338651,0.000458039376305376,0.000433659935350914,0.000295524380132168,0.00049850088224019
"2014-08-26",0.00082631689681028,0.000586774260009908,0.000566936064970285,0.000453120614650615,0.000916798897687728
"2014-08-27",7.63425472126359e-06,6.44167077423191e-06,6.55370361672832e-06,1.39596283558601e-05,2.18106820975361e-05
"2014-08-28",0.000308820470591839,0.000157152162096539,0.000150692410551107,0.000155840546746,0.000411532382996644
"2014-08-29",0.00175852392236301,0.00136085976499133,0.00135411778670674,0.00129668935529285,0.00180455620861434
"2014-09-02",0.000272385373941347,0.000439745698779521,0.000384798139574887,0.000343470118299342,0.000169392474188261
"2014-09-03",0.0363006870166996,0.0373190664340051,0.0368382537456343,0.0370628697686721,0.0355334217063828
"2014-09-04",0.000202419812412193,4.58883359368206e-05,5.00843549652598e-05,4.14926622016475e-05,0.000157051688934287
"2014-09-05",0.0001766143731377,5.25318997856879e-05,6.23448261622997e-05,3.8344438500727e-05,0.000177836883596006
"2014-09-08",0.00062280992008996,0.00051942077083692,0.000509468720880961,0.00042528280254937,0.000756272705355598
"2014-09-09",0.119338759074842,0.122018825581668,0.121967469607455,0.122784415732754,0.120523971468745
"2014-09-10",0.000325787777425564,0.000192234261495997,0.000147772790320464,0.000130571527602054,0.000298415189524981
"2014-09-11",0.0052270197065631,0.00497638662424183,0.00487035247480099,0.00490815048824227,0.00603949814202364
"2014-09-12",0.000128872929858552,0.000127747238201814,0.000121356797299394,0.000130525361681386,0.000394650165839629
"2014-09-15",0.000121181532183307,0.000125300804941505,0.00013416895636257,0.000132947318148862,5.82338912314771e-06
"2014-09-16",0.000122646556564477,0.000115226410745363,0.000132606188856992,8.38355273909728e-05,1.23873989243951e-05
"2014-09-17",0.000180787569926027,0.000181977215302112,0.000200952526482066,0.00021667847879003,0.000515694855784452
"2014-09-18",0.0028890381146705,0.00311510948778987,0.00326973569542423,0.00319711627016239,0.00433993433429243
"2014-09-19",0.000250681116820142,0.000184246748676019,0.000246625240065218,0.000311930445684772,0.000792249351566653
"2014-09-22",0.000250879292859287,0.000306846721985596,0.000257898729203223,0.000227903862586172,2.85404301598431e-05
"2014-09-23",0.000113814136786015,0.000122320933704137,0.00014781131292774,0.000212197176597921,0.00059721954191322
"2014-09-24",0.000120980085139799,0.000153448214374501,0.000125447774031508,0.000134655582918357,6.10013998810072e-06
"2014-09-25",0.00491845857326607,0.00500603004447579,0.00496962794104315,0.00483179793930592,0.00374231238977029
"2014-09-26",0.00323832437059478,0.00334734224504539,0.00324592972490594,0.00321693693651002,0.00439603373241128
"2014-09-29",0.00011335600339773,9.37263494581453e-05,0.000102290361802473,0.000100795312597464,3.28072934034195e-07
"2014-09-30",0.000108665424803124,0.000144950612794403,0.000139113265866894,0.000204156994324725,0.000430917140568625
"2014-10-01",1.31390627252382e-05,3.54699657931566e-07,1.81496973297331e-06,5.30318510341215e-07,4.05782439598156e-05
"2014-10-02",0.000210942727411498,8.0198047781483e-05,9.55286690903815e-05,9.06901892733354e-05,1.3826890187725e-05
"2014-10-03",0.00169886163936377,0.00197453732504974,0.00185245636493865,0.00166854770594251,0.00232846797258889
"2014-10-06",2.99458490358451e-05,5.8076089536047e-05,5.14445463574059e-05,4.72459426676549e-05,0.000198413789924623
"2014-10-07",8.19537463675044e-06,7.88509762980328e-08,7.54763184040294e-09,1.45747230962045e-07,3.76254265458066e-05
"2014-10-08",0.000251601400666277,9.20077991316372e-05,0.000107702950597278,0.000100555711820791,3.53267861879389e-05
"2014-10-09",0.00140798745942397,0.000909681405927039,0.000965035811604951,0.00100590962334914,0.00078134182913561
"2014-10-10",0.00211670306686415,0.00127306271470252,0.0013417715946689,0.00166397769794626,0.00153750077970192
"2014-10-13",0.0015368546584665,0.000758168287577948,0.000818951179503264,0.00104307600969431,0.000952092034100075
"2014-10-14",0.00197829740429864,0.00113494307106564,0.00112774770062887,0.0011830408062389,0.00109074043582709
"2014-10-15",0.0313253915026308,0.0262846261047443,0.0262675142766909,0.0258781736201544,0.0267421519468183
"2014-10-16",0.00166226228035708,7.65551460129584e-05,8.37803603668761e-05,0.00070543018483238,0.00099678336647216
"2014-10-17",0.00878272640122794,0.0148535582542111,0.0149118825118228,0.0143158194191709,0.013446513737154
"2014-10-20",0.00234672285360399,0.00371067361596016,0.00391900022750835,0.00427370298980275,0.004869269540844
"2014-10-21",1.31259920635137e-05,1.24388179015498e-05,2.78914018996204e-05,0.000117158213720145,0.000255028615773349
"2014-10-22",0.00267870340043794,0.00189133363188689,0.00176670536842292,0.00249148807906622,0.00320580291049019
"2014-10-23",0.00284013915697005,0.00234630734308539,0.00260421729478359,0.00284180272589609,0.00260370881156458
"2014-10-24",0.00353376622883958,0.0029766039026661,0.00314157035576323,0.00306149131427491,0.00383904914188976
"2014-10-27",0.00108556855318559,0.000739172186228548,0.00075663276286469,0.000637858614717348,0.00126699108814976
"2014-10-28",0.00207614957314597,0.00166198188394733,0.00172198610264475,0.00156013639123604,0.00261577000048114
"2014-10-29",0.000341354739370061,0.00091027307120136,0.000863559924416453,0.00106774646391723,0.000410575937415405
"2014-10-30",0.000769012183957311,0.000514168135319512,0.000536748755130128,0.000370878468990414,0.000740187065414462
"2014-10-31",0.00205615605030895,0.00142534602782974,0.00147160202987183,0.00114035329786298,0.00189538678986178
"2014-11-03",0.000391140257883177,7.06355836201533e-05,7.91137028564596e-05,5.079646070908e-05,0.000219085112255512
"2014-11-04",0.000422041976628795,0.00010452928438872,9.75498364899291e-05,6.88304686316672e-05,0.000191486005556466
"2014-11-05",4.43476456781754e-05,2.69329085205653e-05,2.2557650129383e-05,2.63854606812725e-05,3.12983806811058e-07
"2014-11-06",0.00187422998649372,0.000944124618796277,0.000968507040968886,0.000939669176098579,0.00124524166964379
"2014-11-07",0.00121717894440721,0.000567505628904117,0.000586411782723418,0.000522156207633587,0.000793351271809985
"2014-11-10",0.00272067518352597,0.00157374151192119,0.00162473233503725,0.00153913508838691,0.00195318495778488
"2014-11-11",0.000394098798255564,3.36377335735166e-05,3.73184721799303e-05,2.24742657971602e-05,8.27107464115682e-05
"2014-11-12",0.00010518627777446,5.47452785887414e-06,4.00872327801988e-06,1.2856700726264e-05,3.77470779550343e-07
"2014-11-13",0.000176283977488853,0.000507406265214465,0.000490930721855642,0.000521724228883214,0.000371316984768545
"2014-11-14",0.000905740460375266,0.000509743553210957,0.000525256810148486,0.00043052600610076,0.000512153551862203
"2014-11-17",0.0011179261701922,0.00167912907528307,0.00168265498251591,0.00177176781650164,0.00172817850179717
"2014-11-18",0.000926311872210736,0.00065326565770929,0.000625438021841985,0.000464223417131795,0.000610109242256279
"2014-11-19",0.00156719343825519,0.00178897108311939,0.00183902078693444,0.00198082660458639,0.00193857931350342
"2014-11-20",0.00080319376231089,0.000661319944409994,0.000626294985386752,0.000407153913125786,0.000457670549951295
"2014-11-21",0.00060329785195406,0.000695989340585407,0.000743263707816339,0.000849450107488441,0.000700538917867226
"2014-11-24",0.00139783927683968,0.00128132708985238,0.00124044270896523,0.00128124962172002,0.00162940319226483
"2014-11-25",0.00161463315219289,0.00157486116035443,0.00158446763120694,0.00162345550955064,0.00132941244902588
"2014-11-26",0.00106934270585871,0.00106006694312297,0.00100082900096188,0.000913556262528701,0.00119937241101005
"2014-11-28",0.00271059527060484,0.00244962253034602,0.00247707079763063,0.00276983349089127,0.00236521826123215
"2014-12-01",0.113458062464242,0.114129034429064,0.11451897325739,0.117606071469223,0.118132438616763
"2014-12-02",0.0062915814870104,0.00562844028629671,0.00560105600580619,0.00511882605916471,0.005289645764406
"2014-12-03",0.00117512958712468,0.0012227448935253,0.00121472126846307,0.00124583449193957,0.00132292981623636
"2014-12-04",0.000851140600117827,0.000979247327292945,0.000968300640295911,0.00100367214107481,0.00112130580158349
"2014-12-05",0.000662047532171995,0.000985067752436975,0.000975566608976676,0.00115640260454588,0.00130141494392784
"2014-12-08",0.00256208697877683,0.00235843132052792,0.0024059385986379,0.00219613351290247,0.00207819477592953
"2014-12-09",0.00248809876391154,0.00193598336842085,0.00194851822459901,0.00188589844660087,0.00176196548832526
"2014-12-10",0.00183962925301499,0.00126984784216455,0.00127016978187419,0.00139381372535808,0.00136709617487515
"2014-12-11",0.000117708360187967,0.00033990647205331,0.000360045272262849,0.000232098473244441,0.000183506193894715
"2014-12-12",0.000809212957121943,0.000515331030921476,0.000485240318564955,0.000539102364885746,0.000565046260214459
"2014-12-15",0.0180632796924653,0.0159024829524804,0.0156964397356703,0.0160992104836483,0.0163426656353061
"2014-12-16",0.00505189397528207,0.00407994600249705,0.00396038655829976,0.0041520827598446,0.00415069294326821
"2014-12-17",0.000388355255780714,0.000166689038170287,0.000153208342377329,0.000165141413155185,0.000174848598388371
"2014-12-18",0.00610651996331652,0.00719933018773045,0.00725201961357344,0.00704218588984986,0.0069504553665129
"2014-12-19",0.00141534522920723,0.00116982871220169,0.00114487502278137,0.00129912580500441,0.00126954423130356
"2014-12-22",0.00608383729593427,0.00525927494790204,0.00527291633263607,0.00537953967979785,0.00503158174060687
"2014-12-23",0.00408457376102873,0.00359410064398788,0.00369405439320797,0.00411383808251175,0.0042209024360377
"2014-12-24",0.00116086629443198,0.00111084698969783,0.00118849250154246,0.00126156522864448,0.00134168598426409
"2014-12-26",0.00268149246532839,0.00297844828644251,0.00291891808737955,0.00276818561885611,0.00282093451682364
"2014-12-29",0.000262089448968984,0.000365374716916194,0.000243240311183576,0.000241589885336002,0.000197430203281194
"2014-12-30",0.000124165036057999,3.56049966923966e-05,0.00010237118327122,0.000174897812804799,0.000168410334222055
"2014-12-31",6.53735754373216e-05,8.82527883912419e-06,3.68465718467267e-05,8.39180877885397e-05,0.00012169950194389
"2015-01-02",0.00955003226858125,0.0081767862285581,0.00851607680028799,0.00914626631703059,0.00947760242798873
"2015-01-05",0.00229563079901083,0.00150242156096072,0.00154462710739113,0.00186011433272147,0.00189156472706893
"2015-01-06",0.00684157738424835,0.00616686102191476,0.00615004153462462,0.00667025920863785,0.00675743345541507
"2015-01-07",7.48464206129064e-05,0.000154154497604,0.000163487333105111,0.000130368489640928,0.000128879412120189
"2015-01-08",0.00237464007818835,0.00237022677643111,0.00250685374599969,0.00250560242949949,0.00258641448843413
"2015-01-09",0.00178833413783142,0.00285580522586662,0.00273177272020054,0.00265657371017516,0.00266976630053906
"2015-01-12",0.000545195350797003,0.000798936965106654,0.000769509945823563,0.00076053358811437,0.000779232539387798
"2015-01-13",0.00141580858156118,0.00168315019335363,0.00163226391120749,0.00177749004857829,0.00189866854831589
"2015-01-14",0.00154080165287609,0.00162852192985038,0.00153447012279455,0.0014749835566371,0.00155445398087261
"2015-01-15",0.00175852401515823,0.00149964268682519,0.00138220182131626,0.00133245655956318,0.0013811564736433
"2015-01-16",0.000308018366889155,0.0003102637810681,0.000405945583079845,0.00018726736898565,0.000190949983335814
"2015-01-20",0.000339876324457154,0.00044469346974606,0.000304269759213932,0.000180892353994912,0.000184651111113677
"2015-01-21",0.000195201024509071,2.47856570347748e-05,9.58253529429926e-05,0.000139781201573321,0.000125315575347106
"2015-01-22",0.000132575219971522,7.1063123110888e-05,0.000208683700324636,0.000302428542377336,0.000257907184676873
"2015-01-23",0.000945450311707708,0.000821611663493651,0.00114609729189904,0.00089669647200158,0.000977396517162283
"2015-01-26",0.000799605649592657,0.00142868988048917,0.00177854367083912,0.00238481632352585,0.0026141154222374
"2015-01-27",0.00368415037439592,0.00487264856588619,0.00438786400548608,0.00413591361739793,0.00387306366540497
"2015-01-28",0.00616722702217402,0.00734028421075787,0.0066477139517406,0.00650091641249534,0.00615042244430258
"2015-01-29",5.23027568605433e-05,7.93294074303109e-09,1.75126760979533e-05,3.93528760964395e-05,4.15507092291583e-05
"2015-01-30",0.000159961442882047,0.000267931758734812,0.000168788638063046,0.000163266843477495,0.000151832419478657
"2015-02-02",0.00278748968193158,0.00347916202536627,0.00332059903284269,0.00323670760153668,0.00300706664094911
"2015-02-03",0.000582031898467763,0.000239992378316207,0.000245708552803202,0.00028134248232676,0.000419907792523633
"2015-02-04",0.000322319252986389,1.66696631587672e-05,1.61027788782338e-05,2.86977100194526e-05,6.66317196635629e-05
"2015-02-05",0.00339551720765206,0.00215158138201506,0.00231054555733855,0.00250654878313816,0.00284501264409989
"2015-02-06",0.000184377043593261,2.39799951299286e-06,1.82825639650582e-08,1.02903663179986e-08,1.54833012411433e-05
"2015-02-09",0.000484193786451395,0.000101439929970417,0.00012577450829456,0.000124658456867427,0.000251892322795674
"2015-02-10",0.00197710878006955,0.00120780753057819,0.00127467131603338,0.00131360977888686,0.0016655320362696
"2015-02-11",0.000492074087690942,9.29693909213691e-05,0.000100657344706527,9.24465559961689e-05,0.000233633036299482
"2015-02-12",7.19804607490425e-05,0.000242103547687475,0.000217667186977061,0.000232812963963407,8.61733188247368e-05
"2015-02-13",0.000385688368340266,2.63699703576641e-05,3.83616582413236e-05,2.25704364080113e-06,3.19660265593356e-05
"2015-02-17",2.12018722785948e-05,0.00028389770197079,0.000252252429203362,0.000377907879815628,0.000193751555310276
"2015-02-18",0.00131140419151356,0.000652220058116564,0.000685162323211975,0.000745073668164009,0.00107906851799689
"2015-02-19",0.0030649520680276,0.00246388012497241,0.00250366763239979,0.00269374339936014,0.00322672887907744
"2015-02-20",0.000581726358634523,0.000424517011851437,0.000452462456744549,0.000304303821584228,0.000496368332289921
"2015-02-23",3.01350312695594e-05,4.12740363361183e-05,5.69378696098071e-05,0.000133818575354703,0.000193153858190083
"2015-02-24",0.00202463843048947,0.00277133621751698,0.00258015396789861,0.00238829523699677,0.00233666939684578
"2015-02-25",0.00389217938909768,0.00490812721035769,0.00457036375822671,0.00453192437847756,0.00448281370791423
"2015-02-26",0.0082383192061547,0.00976230165754744,0.00927361136529553,0.00890509852741614,0.00914391377390052
"2015-02-27",0.000248038698401468,5.51967193567441e-05,0.000102957713166173,8.40548200019998e-05,6.59505842292256e-05
"2015-03-02",0.00024197729416321,0.000165086232767457,0.00021887900056872,0.00021457439922816,0.000209282362210823
"2015-03-03",3.61653964560719e-05,2.62152048439258e-05,4.41272037371129e-05,5.19216152846226e-05,6.81162973536236e-05
"2015-03-04",0.00025138284250717,0.000265621457935639,0.000330292676047372,0.000370995121570508,0.000378303935022404
"2015-03-05",0.000368690883301318,0.000280452939074679,0.00018466501363304,0.000164904670165203,0.000168797407728243
"2015-03-06",0.000730841121849694,0.00098955725334082,0.000754564867519745,0.00084396690096511,0.000907830862794016
"2015-03-09",0.00989765802598963,0.00935267073566445,0.00864978704849047,0.00883879672992871,0.00903751558124828
"2015-03-10",0.000127286594942122,0.00023075657767874,0.00013840793632841,0.000113031482047464,0.000126779607165262
"2015-03-11",0.000702696476107873,0.000631453741749752,0.000511612022008497,0.00044196810764056,0.000447780280434025
"2015-03-12",8.16962822093911e-05,7.06825003510696e-05,8.80510607694919e-05,9.89506041717384e-05,0.00010434913462189
"2015-03-13",9.67080576035204e-05,0.000108960351159206,0.000144564543918993,0.000111036147280187,0.000115874332092319
"2015-03-16",0.00163162184065028,0.00192403276366002,0.00204460957641582,0.00190594071366659,0.00189192021749181
"2015-03-17",0.000775534358773865,0.000986493915733774,0.00110263342594969,0.00109837528649758,0.00107360947322644
"2015-03-18",0.00092785047774431,0.000649951641244332,0.000546408562539729,0.000562430133506036,0.00058137572486938
"2015-03-19",0.000906850866602341,0.00147285116590495,0.00160702587283125,0.00145665278552383,0.00142393172470234
"2015-03-20",0.000697160361114894,0.000963831101853437,0.00108624879601104,0.00113660934934253,0.00114355662071155
"2015-03-23",0.000250779475978526,0.000629817236773497,0.000624154088961116,0.000811905677247298,0.000890019052889234
"2015-03-24",9.76823184363667e-05,0.000221666166786395,0.000242162370047273,0.000194676173733449,0.000231183978072826
"2015-03-25",0.000174612794616591,0.000107410724595862,9.66698484203877e-05,0.000121772857891205,9.24630455147031e-05
"2015-03-26",0.00214435405024515,0.00154291806061288,0.00162753353759027,0.00172636443582973,0.00154959812258446
"2015-03-27",0.000973925852385623,0.00130844657805955,0.000980007256194103,0.00091401323069035,0.00104557228339885
"2015-03-30",0.000765050862987962,0.000889097590828094,0.000677457479961521,0.000690112598137487,0.000819078691134951
"2015-03-31",9.95517522688572e-07,7.65505478285396e-07,1.93027463641042e-05,7.01019964720205e-06,8.24281333905246e-09
"2015-04-01",0.00259406645765744,0.00251335549331816,0.00283213897945808,0.00268353150452699,0.00241344397568886
"2015-04-02",0.00207917612213984,0.00236805841045553,0.00176779530443491,0.0019920076658564,0.0021927124012514
"2015-04-06",0.00023625039168706,0.000263602036022268,0.000153269989905167,0.000180550890953157,0.000267955923798236
"2015-04-07",0.000526207601165451,0.000526346539052352,0.000505584936830514,0.000434787956791957,0.00055705045990734
"2015-04-08",0.000733380755906517,0.000802656733993955,0.00077633625848075,0.000950557660067033,0.000774936266724815
"2015-04-09",8.79106198787587e-05,0.000113628784705612,0.000102325100716271,0.00010945049780162,0.000180295679275711
"2015-04-10",0.000449201474025644,0.000499948135770547,0.000568719197178369,0.00059952784621729,0.000750903641189006
"2015-04-13",0.000322680045097016,0.000256345620268509,0.000369201255935557,0.000447943992185525,0.000571009453345526
"2015-04-14",0.000344520798125439,0.000321459218562583,0.000497757607075552,0.00058641766920012,0.000711968200461423
"2015-04-15",0.000444650046919895,0.000461011115460548,0.000659113733070934,0.000602896101230094,0.000744486388839797
"2015-04-16",0.00014368081466764,0.000131480088511742,0.000269048403439222,0.000252689005724412,0.000347798932975136
"2015-04-17",5.23571621127837e-05,5.79902078742587e-05,1.36485361939645e-05,5.90250634799541e-05,2.26735134795185e-05
"2015-04-20",0.000460166156945382,0.00130878381492654,0.00175479361889732,0.00131430913553504,0.00157980313957907
"2015-04-21",0.00025741864094107,0.000166621613981895,0.000326426314308753,0.000194935495326243,0.000294919929442335
"2015-04-22",9.63726943475027e-06,5.37996448580176e-06,7.0113133920442e-05,0.000133717965761993,0.000218747271443139
"2015-04-23",0.000154679477250519,0.000121537848884566,0.000220489748033682,0.000379946262657852,0.000502139147092509
"2015-04-24",0.000754846898641375,0.000648741443352203,0.000966138003560008,0.00115634395153097,0.00130876173903067
"2015-04-27",0.000556956493683938,0.000597897751190732,0.000454482021892398,0.000408758829245316,0.000307136695947148
"2015-04-28",0.021524268211864,0.0221774053122732,0.0216464230266299,0.02185960214094,0.0210847102551373
"2015-04-29",4.38125911720994e-06,4.21443812472632e-07,2.12452329580918e-06,7.27843284123244e-05,0.000138747946821604
"2015-04-30",0.000600970071532593,0.000710908802915551,0.000835792773802945,0.000703226744626334,0.000583641815083136
"2015-05-01",0.00118099787459622,0.000900533233276946,0.000698749884380209,0.000737885618883178,0.000854636952085591
"2015-05-04",3.92012664817531e-05,3.98612345279349e-12,1.63486085788711e-05,5.04132664137809e-06,2.61454625863073e-07
"2015-05-05",0.00022990075371541,0.000499890735523979,0.000715835077458373,0.000642978670088484,0.000535687022208565
"2015-05-06",0.00228855441253323,0.00260114658363736,0.00302741536974402,0.00272645334410547,0.00247518435640165
"2015-05-07",1.80719369308751e-05,1.723378693008e-06,5.6596559203904e-07,6.11917456691438e-06,7.01933337511304e-09
"2015-05-08",0.00151765128694788,0.00138713468280975,0.00136059014743058,0.00148787910901036,0.00168718452445321
"2015-05-11",1.82230200661016e-05,7.37335766599706e-05,6.26294531746256e-05,9.22678149659127e-05,4.72648679515303e-05
"2015-05-12",8.16728097774226e-06,4.14498975295592e-05,2.04939031699257e-05,4.27665322117836e-05,1.99586544191382e-05
"2015-05-13",0.000155873001203836,0.000137185667489491,0.000199654190172204,0.000140152148154549,0.000189414213810408
"2015-05-14",0.00198241633117635,0.00204169386367147,0.00241111473823965,0.0023464554880857,0.00255213512639732
"2015-05-15",7.58876974054888e-05,6.35145967404516e-05,0.000149940753922057,9.55956594477386e-05,0.000111190192004037
"2015-05-18",2.03371056884509e-06,1.80398453006672e-06,1.07233740536704e-05,1.66302058531051e-06,2.02417907757688e-06
"2015-05-19",0.000465916729476586,0.000308395407431428,0.000498324939660436,0.000214236417043928,0.000194367357175952
"2015-05-20",0.000134961892581219,0.000190392542220251,0.00041345754217828,0.000177900007932977,0.000136440393280212
"2015-05-21",0.000742886469944188,0.00092451979356277,0.00133785789285403,0.00089570890348113,0.000809206317568032
"2015-05-22",0.000726917234257443,0.000877509833090918,0.00126297164581796,0.000851233691550656,0.000759618866700203
"2015-05-26",0.000707746537809885,0.00058546471386519,0.000361181439216352,0.000613836206103759,0.00063942201683505
"2015-05-27",0.00125802143440463,0.00142775267742585,0.00182201719454054,0.00126976623956924,0.00121275373733437
"2015-05-28",0.000466768038354217,0.000636109135410811,0.00090452670937745,0.00054633703094903,0.00051543366803875
"2015-05-29",2.37981140389791e-05,3.36014941748191e-08,1.758983260549e-05,9.24843275605515e-07,1.16412699602595e-07
"2015-06-01",0.000104559654057813,0.000270783001881375,0.000396507840572751,0.000385301413955104,0.000369062433115184
"2015-06-02",0.000107571938829315,0.000230790570187413,0.000315494882151482,0.000241066822120143,0.00023549192891151
"2015-06-03",0.000666876617116173,0.000977710062195984,0.00116339039886029,0.00104050396841745,0.00105848316878986
"2015-06-04",0.000133762644572495,5.61694444481211e-05,2.47215082391256e-05,3.38501797156865e-05,2.64867476060651e-05
"2015-06-05",0.00023848169242953,0.000399334018138214,0.000468386013929287,0.000437541666568144,0.000508215515219299
"2015-06-08",0.000140094816575228,0.00011694865051816,9.31642631247217e-05,0.000155572727383122,0.000109880625026099
"2015-06-09",0.000237997040900865,0.000241701051050454,0.000214359539951647,0.00018603310555909,0.00012923836352823
"2015-06-10",0.0010810381474234,0.00107323568001558,0.00111755247401677,0.00111975700044866,0.00132109309741159
"2015-06-11",9.8797122809573e-05,0.000124180573856276,0.000120788416324435,0.000113387023303562,0.000199913676327189
"2015-06-12",0.000297962820801185,0.000360401419453034,0.000331532071906627,0.000369272140694897,0.000524511587145128
"2015-06-15",5.52080643029618e-05,2.64748459633653e-05,3.21968771284559e-05,3.42263883119804e-05,7.07494646957175e-06
"2015-06-16",0.000759828123572485,0.000907920241020828,0.000872018709050122,0.000892568130391374,0.0010493830005805
"2015-06-17",1.70757183196121e-05,2.36097286168779e-05,2.51442712294764e-05,1.07897395179686e-05,3.51195948887002e-05
"2015-06-18",0.00127286744557212,0.00143940883932004,0.00145157145822643,0.00129502784165975,0.00145580738463137
"2015-06-19",0.000771924999213763,0.000889560035330711,0.000921769388962924,0.000937290627509784,0.00108862047310799
"2015-06-22",0.000341409571198712,0.000335503700677211,0.000353080239607804,0.000297805710947829,0.000366824418040365
"2015-06-23",0.000769221164539459,0.000780037643853823,0.000805867053603016,0.000752424929539347,0.000864975055272999
"2015-06-24",0.000584112444057115,0.000580060031896723,0.000550316808333863,0.000567504838168351,0.000494595948575946
"2015-06-25",0.000225699970899806,0.000237710376272259,0.000259749350743828,0.00021568876912691,0.000264401834600627
"2015-06-26",7.94349631721633e-06,1.09926761348627e-05,9.24076720049262e-06,5.12070943048473e-06,1.40450796011257e-05
"2015-06-29",0.000503511414146406,0.00048305479038014,0.000515659213840588,0.000507786553443811,0.000436742664752928
"2015-06-30",0.000398383694417713,0.000322870689997652,0.000357512955276936,0.000361525890259649,0.000302437238447093
"2015-07-01",0.00138344485354895,0.00151821540217926,0.00142236070128784,0.00148276013393926,0.00160763910190045
"2015-07-02",0.00108254588692977,0.00108213037319693,0.00100686964136679,0.000904728555636974,0.000959725957573182
"2015-07-06",0.000113431715517041,0.00011230947002424,0.000112045766556366,0.00012540525188533,0.00011422349530355
"2015-07-07",0.000482813290783519,0.000539705673011012,0.000559725425576276,0.000550135363503375,0.000523241987842258
"2015-07-08",0.00121804213839479,0.00109439548370823,0.00111193191378934,0.00109524935821129,0.00105677337013105
"2015-07-09",0.00205547525312271,0.00203704826008863,0.0020881512398281,0.0021388346825093,0.00207438884113766
"2015-07-10",0.000892626096062664,0.000676870583460013,0.000658006002790318,0.000616844030419465,0.00057953716025156
"2015-07-13",0.00286825856655984,0.0024676685794217,0.00236802088332186,0.00256247550630394,0.00242018522114459
"2015-07-14",0.000766619185057291,0.000517465013898505,0.000478273398396469,0.000419830922379627,0.000341119868799213
"2015-07-15",0.00050787993101166,0.000362438881095313,0.000334234174334326,0.000289922101722255,0.000229477540588524
"2015-07-16",0.00125458419973753,0.00121015227667913,0.00116361343573377,0.00110250755569474,0.0010348743637239
"2015-07-17",0.000180121236289848,0.000274891491443811,0.000272579376793851,0.000316177147186097,0.000291585001162951
"2015-07-20",1.58918124523392e-05,0.000166662616039146,0.000162037177943555,0.000309840180682546,0.000252572781638517
"2015-07-21",0.0018181832323193,0.0017717378624002,0.00173806411021727,0.00179187788720199,0.00197167299827343
"2015-07-22",0.0146254773892551,0.0151453474024456,0.0150659459021924,0.015163949712102,0.0153832725063346
"2015-07-23",0.0023047488994078,0.00164085547432449,0.00160423834311113,0.00179879524977333,0.00203913974167612
"2015-07-24",1.75527175806284e-05,9.56977248180549e-05,0.000118051755515361,0.000341399971151171,0.000302816332583572
"2015-07-27",1.34264221588211e-05,2.29537393613882e-05,9.77824280785549e-05,0.000162856490070463,0.000140428810652099
"2015-07-28",0.000469653995004426,0.00044493055735964,0.00029779824479551,0.000168547497137898,0.0002361038641801
"2015-07-29",1.36359139421868e-05,1.01683829004862e-05,5.55373053100762e-05,0.000102733179229076,6.37179859431108e-05
"2015-07-30",0.000267733779660507,0.000246998531985146,0.000161511881106537,7.71455801524777e-05,9.00195513397606e-05
"2015-07-31",0.000245339884821356,0.000194073644754279,0.000122206495542153,0.00010348551516417,0.000102052384152499
"2015-08-03",0.00834737938726858,0.00911896267358312,0.00953301372591252,0.00974528299612678,0.00945404298915096
"2015-08-04",0.0235100664242277,0.0243748423223144,0.0249125015409176,0.0246412107379441,0.0243723727662036
"2015-08-05",0.000391832777982226,0.000745566409701996,0.0007708969925276,0.000600249470400565,0.000603690121577578
"2015-08-06",0.000803432870265112,0.000501538042037125,0.000464542995493231,0.000536472877090401,0.000547196187069114
"2015-08-07",0.000185316831450392,0.000117726801566582,0.000103127993470749,0.000181577083654826,0.000166166500477851
"2015-08-10",0.00112325724443566,0.000937626330368772,0.00114871032080018,8.97162585121087e-07,3.82820610755748e-06
"2015-08-11",0.00540565598673972,0.00582993816993246,0.00565788189067874,0.00751629570822803,0.00714013856494605
"2015-08-12",0.0237075312453978,0.0239609745567568,0.0234300828093913,0.023396175282285,0.0228099723870204
"2015-08-13",0.00310248076875874,0.00318099418274857,0.00339426176243319,0.00632441761864914,0.00633198866937724
"2015-08-14",0.00135407559428802,0.00136292929517605,0.00144971238325606,0.00228438083441821,0.00252069737731306
"2015-08-17",0.000243915155477214,0.000244987750645625,0.000345740392882423,0.000509711385987447,0.000646203802642966
"2015-08-18",0.000777377133972805,0.000840122984976918,0.00101671388199444,0.00119226031612213,0.00135221494863946
"2015-08-19",0.00225027297257526,0.00188701114745731,0.00152904587730364,0.00146560197700396,0.00127311509180054
"2015-08-20",0.000902382426566667,0.000527314032716842,0.000229810275635039,0.000298797114899392,0.000178949624103981
"2015-08-21",0.0507637207436375,0.0477686719387602,0.0444645550520631,0.0449633997461603,0.0439385665077364
"2015-08-24",0.519624717595661,0.5062104623662,0.49357840317001,0.487721174437035,0.480486980161434
"2015-08-25",0.0674804898266926,0.114009389270431,0.11531464227512,0.119467180977653,0.177050864729925
"2015-08-26",0.00917714090805685,0.0134603956178593,0.0117588557381407,0.0111231893145758,0.00699889086676683
"2015-08-27",0.00664754756212389,0.00393368869928264,0.00415206267506787,0.00451502073161824,0.007535952410461
"2015-08-28",0.00691687378288684,0.00383020970353846,0.00350562666914021,0.0039430503613583,0.00580829000616277
"2015-08-31",0.000950827409670227,0.000154284190658197,0.000122088879862496,0.000278794386603898,0.00053215480036815
"2015-09-01",0.010577295046862,0.0120117085258225,0.0128411421933178,0.0131166991881257,0.0171984704988699
"2015-09-02",0.000809007241840763,0.000593022183322769,0.000435629805744567,0.000531901936698412,0.000157382401856665
"2015-09-03",5.61092519791121e-05,0.000110144568416941,0.000150929788083643,8.68184780168907e-05,0.000335573880790016
"2015-09-04",0.000232176087915693,0.000129714817526181,9.90890095743726e-05,0.00017594422543357,6.63495601465088e-06
"2015-09-08",0.00237153130749297,0.00200148069999424,0.00208810720873147,0.00236989736824062,0.00149820273645013
"2015-09-09",0.00971659403818753,0.0104903758433952,0.00972885807651366,0.00922312685459813,0.0119152458087278
"2015-09-10",0.000413109968186392,0.000319958202548155,0.0004239269432397,0.000355810705188217,3.95249027606186e-05
"2015-09-11",0.00747578213030113,0.00744811782772566,0.00717183989356124,0.00666730158202747,0.0047472239214074
"2015-09-14",9.11303360438985e-05,9.16249337689366e-05,0.00012709388110998,0.000190979918182347,0.0006414236987051
"2015-09-15",0.00321991206555505,0.00281504304412198,0.00248616552047538,0.00205969337587045,0.00121639059001967
"2015-09-16",0.0024295044048384,0.00224162954079553,0.00237192422092571,0.00199036396550574,0.0012000191784569
"2015-09-17",0.0111132533035936,0.0114513105463127,0.0100458751425768,0.0103899305253954,0.0117293418897174
"2015-09-18",0.000259417665073527,0.000183653845782304,0.000369959126750634,0.000165852109854675,1.57705096034016e-05
"2015-09-21",0.00229219567780183,0.00192653022492841,0.00225575899703319,0.00182739553585955,0.00123184942965055
"2015-09-22",8.86502231805733e-06,5.40971950701176e-06,4.24441902421489e-05,1.57285250272404e-05,4.51826976800965e-06
"2015-09-23",0.00342670528790381,0.00288646705265145,0.00305953236524478,0.00276628229562035,0.00209204326474881
"2015-09-24",0.000253102472800112,0.000394231231137385,0.000458454300430362,0.00063721547226915,0.000919523088351394
"2015-09-25",0.000219798991722251,0.000175361723878904,8.42507829807437e-05,8.97503369959613e-05,6.51522079684358e-05
"2015-09-28",0.000957062482134679,0.00108835875419873,0.000460434595855585,0.000483276491758172,0.000476467952536459
"2015-09-29",0.00469070876434181,0.00494298052513098,0.00226725296490281,0.00184642986691824,0.00161306861510525
"2015-09-30",0.000261087205305952,0.000437519461950083,1.63836795383506e-06,8.00533223791389e-07,4.36951849646195e-06
"2015-10-01",0.0018131986032495,0.00231313929310454,0.00159466968028033,0.00155214877912711,0.00174473060086434
"2015-10-02",9.97554364369084e-05,5.56426794362507e-05,3.03676714791829e-05,2.41124450759652e-05,4.61257504281441e-08
"2015-10-05",0.00168132609476504,0.00152162437167798,0.00149450823188741,0.00144585389495055,0.00108141265705943
"2015-10-06",0.000431889382610452,0.000622207048387559,0.000382406973723705,0.000709054233924019,0.00106373147758953
"2015-10-07",2.39085879543628e-05,2.714750035087e-07,0.000184928404377523,0.000104628044994591,6.93918978629172e-05
"2015-10-08",0.000600207971871836,0.000730954603965098,9.92326562998621e-08,4.4704744028083e-06,7.94144399391759e-06
"2015-10-09",0.000415597297268126,0.000263748444422317,0.00152468147498053,0.00140312968868305,0.00131721279229688
"2015-10-12",0.0022948472412841,0.00187470245716801,0.00333759155879771,0.00302550739958962,0.00285346484691967
"2015-10-13",9.78452148807809e-05,4.51214798563617e-05,0.000313195140911617,0.000292933008944032,0.000222075806183145
"2015-10-14",3.08416165254031e-05,4.35893991538812e-05,7.11951312951942e-05,7.63641815247954e-05,4.33576156003892e-05
"2015-10-15",0.000293021807590802,0.000253764710468528,0.00132321855831526,0.00124765818188017,0.00098278673783802
"2015-10-16",0.000382724338412227,0.000445829541874105,0.00166493527886872,0.00145032626855186,0.00159419731135287
"2015-10-19",6.18371956612225e-05,0.000146270158343844,0.00108385458290017,0.00137722631987316,0.00197122710310355
"2015-10-20",0.00184757716823908,0.00240001473351891,0.000338055825000141,0.000445369233807058,0.00039443632878863
"2015-10-21",0.000282863843558714,8.70674752379573e-05,0.0010891474231855,0.00079281857284696,0.000876993312383122
"2015-10-22",0.000160109019232631,3.72586790484923e-05,0.00205611669446292,0.0017104034064973,0.00147483145257898
"2015-10-23",8.4374559968995e-07,1.55123446775917e-05,0.00152743458557191,0.000452516650390276,0.000457462403672133
"2015-10-26",0.000238063294874255,0.000466990231411489,2.63341301718076e-07,0.000127879825254457,4.651608089085e-05
"2015-10-27",0.000447641018775149,0.000776597586452807,7.84423404995082e-05,0.000497614114902543,0.000244468731625856
"2015-10-28",0.00360832895375355,0.00432657968856341,0.00299819053493997,0.00425842827218439,0.00354128944302412
"2015-10-29",0.00389900405423389,0.00313626108793747,0.00550428827859517,0.00427777888839044,0.00368664991604591
"2015-10-30",0.000755957107987636,0.000479007597842753,0.00335396482952821,0.00308947664199458,0.00266904718276861
"2015-11-02",0.00214547275473687,0.00162317731262558,0.00295461877291864,0.00228849104871154,0.00180660659206257
"2015-11-03",0.000152169854022152,0.000312623212808694,6.71944134364136e-07,2.38932810711839e-05,6.73700721957766e-05
"2015-11-04",0.00012292131857611,0.000237699517631866,2.96151269672279e-06,2.55609608191023e-05,7.87495485514182e-05
"2015-11-05",8.58900807758358e-06,1.59474042565661e-06,0.000297085530726808,0.000121337465101285,7.20532443372362e-05
"2015-11-06",5.17187730462121e-05,8.60546024738057e-06,0.000593844832423091,0.000283636853576777,0.00024709297982963
"2015-11-09",0.000189780079352732,0.000326229020798292,6.88134875013392e-08,6.98709522734305e-05,0.000151981653914021
"2015-11-10",0.00208353382353013,0.00259972529411197,0.00140677425013401,0.00210978497953351,0.00227420140472291
"2015-11-11",3.43686606146062e-05,0.000165949089663211,1.08516671561399e-06,3.93367198070971e-05,7.02341277702035e-05
"2015-11-12",6.24566380360402e-05,0.000221585195084962,6.78802378328241e-05,0.000237595533991236,0.000345888861601798
"2015-11-13",0.000563459596366346,0.000872475867300514,0.000447898139915889,0.00078430246490499,0.0011883286748722
"2015-11-16",0.000287634448950695,0.000531510489856768,4.5786227092795e-05,0.00013700774014131,0.000240890279072719
"2015-11-17",0.000290839785303345,0.000159008460466134,0.000634138242393346,0.000371501632284952,0.000397183056555135
"2015-11-18",0.000184230936980418,0.0001746072806362,0.000603982756742585,0.000430021310139197,0.000452654221359454
"2015-11-19",1.2122841251013e-05,1.29198141179659e-05,0.000223824933992088,0.000131214597944897,0.000129587597223619
"2015-11-20",0.00237350185542759,0.00235329574091262,0.00271709357352003,0.0023797814055339,0.0019926239763375
"2015-11-23",3.68640338083496e-05,1.81602440319961e-05,1.76484201658441e-05,1.08188214676916e-06,1.20113619219545e-07
"2015-11-24",0.000341721459767016,0.000230271268030225,8.79556366661071e-05,0.000173701245121005,0.0001449197676
"2015-11-25",0.0028798205791144,0.00329713747338147,0.00344132411800287,0.00283444556232047,0.0027199317067497
"2015-11-27",1.1196986793213e-05,5.75716481709831e-05,7.25478886364045e-05,1.18175307854988e-05,2.16608444350361e-05
"2015-11-30",1.4392893226269e-05,6.11179608521904e-05,0.000272076384419639,9.98829918364613e-05,7.96897835036173e-05
"2015-12-01",9.97644876920431e-05,0.000185890144657401,0.00045442728866232,0.000399913185187935,0.000320239464912707
"2015-12-02",5.88718920704051e-05,1.25629655464574e-05,6.17215419922227e-07,2.4018501826451e-06,1.83225754964865e-05
"2015-12-03",0.00149232085883622,0.00123305328640576,0.00118220799054039,0.00137639767033224,0.00147912436957222
"2015-12-04",6.94064454732502e-05,2.61588468707038e-05,6.67432732180412e-06,9.69576882179339e-05,0.000104195697835505
"2015-12-07",1.00417798701431e-05,1.12281516303459e-07,1.93996531579313e-06,1.13809754035364e-05,2.20845619388799e-06
"2015-12-08",0.000415312490164778,0.000323835676166696,0.000222682282198464,0.000296923486005541,0.000309632446671743
"2015-12-09",0.000359208581483715,0.000285530995687329,0.000324324579529435,0.000504585706202469,0.000581265354226174
"2015-12-10",4.92006649091602e-05,7.64595533475215e-05,0.000296920489080403,0.000123666421241159,7.61682318165843e-05
"2015-12-11",0.00107717875728731,0.000957683014483085,0.00129819687106104,0.00150097978704451,0.00174306831862951
"2015-12-14",0.00762801503094456,0.00753978539932527,0.00923514745922418,0.0102848909608127,0.0106589212339843
"2015-12-15",0.00304625515538374,0.0028756322484073,0.00247443431152401,0.00190450784324682,0.00199724582780476
"2015-12-16",0.00659268977726797,0.00696984062790652,0.00804355340694264,0.00876223287707161,0.00903646446608956
"2015-12-17",0.000974282167793574,0.000765895700339873,0.000346824032128428,0.000181025252603591,0.000275326700403188
"2015-12-18",0.00302949966646692,0.00349659596335355,0.00406652352396964,0.00445669155496415,0.0047408805221
"2015-12-21",0.000346602242855268,0.000196750160453797,1.36508781414651e-05,3.45035220608981e-06,5.9932491754774e-05
"2015-12-22",0.000467971430693602,0.000285446812143695,0.000100509275365847,4.54375951350123e-05,8.87832777877222e-05
"2015-12-23",0.000937397790124902,0.000639068141435441,0.000386824690416844,0.000312164780722536,0.000465742731565578
"2015-12-24",0.00017323307855716,7.24103654934272e-05,7.21505327556025e-06,1.78521895073052e-05,4.52930680759572e-06
"2015-12-28",0.000599994861671905,0.000370102027582245,0.000182526779152822,0.000144550770054454,0.000264296947370885
"2015-12-29",0.00164165649544028,0.00133264138673064,0.000830242084884296,0.000842082858135159,0.000955619292995987
"2015-12-30",5.71878235471447e-06,2.97265432077451e-07,6.06867877754948e-05,5.77874038450236e-05,7.16165390007026e-05
"2015-12-31",1.48918789641632e-05,1.49197188391322e-06,5.830476996002e-05,6.4284735270118e-05,3.95325541697014e-05
"2016-01-04",0.0135774945496319,0.0143030565344909,0.0160312247255175,0.0160098281732353,0.0155530454728803
"2016-01-05",0.00259290967308118,0.00306508008491417,0.00295737383242311,0.00313117965362034,0.00270580765699497
"2016-01-06",0.00221825333668181,0.00289572602848177,0.00411308303671111,0.00473349322113246,0.00451007454074644
"2016-01-07",0.00444383135019924,0.00538518912427379,0.00725497436496513,0.00785438591777372,0.00752851934994082
"2016-01-08",0.00178171686486154,0.00250249811487952,0.00322012226137614,0.0038758811709976,0.00406963037887854
"2016-01-11",0.000181932248547215,0.000490087858872823,0.000966813373057179,0.00119416622525799,0.00118128320779472
"2016-01-12",0.000531025288732092,0.000942608907340098,0.000872421388863139,0.00122048312495562,0.000976439774934886
"2016-01-13",0.0066249291622373,0.00783621571831207,0.00829784330864761,0.00921711321271134,0.00888222802569318
"2016-01-14",0.00287746896139528,0.00365039886893829,0.004488750366889,0.00592456852144338,0.00545671681441695
"2016-01-15",0.00572950593144782,0.00660298279126046,0.00672765797210887,0.00769730163226014,0.00763342791054809
"2016-01-19",0.00112130722002794,0.000822368429166399,0.000844960588820555,0.000530360984502197,0.000536034544435953
"2016-01-20",0.0135656674056839,0.014579921944708,0.0143223301680789,0.0161263069353606,0.0158080728966551
"2016-01-21",0.00051686816187324,0.00077287938792733,0.000481361079751869,0.000757129390778257,0.000977702798354942
"2016-01-22",0.00352478892405719,0.0028631090532929,0.00326634768154225,0.00276444077854906,0.0023839185272003
"2016-01-25",7.16588449946895e-05,1.68616197868865e-05,3.01986809437901e-05,0.00295949044062004,0.00271528524733029
"2016-01-26",0.00224147377003118,0.00256416429623952,0.00301896369313598,0.00540665125977417,0.0048617684445833
"2016-01-27",0.0129522201299803,0.0136946660688066,0.0148664038488054,0.0164586877303487,0.0155058361449217
"2016-01-28",0.00121105706112855,0.000996609494801998,0.0008376001859218,0.00112821990066882,0.000726498307544993
"2016-01-29",0.00168016733684875,0.00145564503779025,0.00230459238341578,0.00237306169809639,0.00263255045370278
"2016-02-01",0.00144183381622736,0.00103304404982054,0.00193317678158857,0.00345263685666148,0.00449222287310521
"2016-02-02",5.09522435354804e-05,1.83071723274317e-06,2.84267424853289e-06,8.11533268875716e-05,0.000208103009224805
"2016-02-03",0.0061210421600294,0.0070213114665659,0.0079934594843489,0.00669096844169264,0.00582832747782523
"2016-02-04",1.75275935041015e-06,4.58643017617933e-05,3.59299886330818e-05,1.45865999519455e-06,9.31634761812687e-06
"2016-02-05",3.42481085821465e-05,4.61363265871436e-07,2.94911231671487e-05,3.55988936994258e-05,2.50113127630082e-05
"2016-02-08",0.00365730263026864,0.00450029545349008,0.00422022353508789,0.00306438116059349,0.00296661358327357
"2016-02-09",6.5951181659198e-05,0.000217614987011628,0.000100354378240199,8.42530199557679e-06,7.23982296360096e-06
"2016-02-10",0.000846639422664665,0.000351117330295249,0.00035481505574875,0.000844175840484638,0.00090451412532224
"2016-02-11",0.00223952593241758,0.00328201278244123,0.00366139067256914,0.00243273509284946,0.00231811479823914
"2016-02-12",0.0100033101270386,0.00772756201595304,0.00804534007606333,0.00942383258027204,0.00486715584555759
"2016-02-16",0.000663441009914179,0.000192127867270302,7.68419598857382e-05,0.000329580937446986,2.33925478627321e-05
"2016-02-17",0.0002917634400718,1.76480610457008e-05,7.81965821901643e-07,4.24264499662234e-05,3.92890274595542e-05
"2016-02-18",0.000660796606426331,0.000235711391254261,0.000184533752896147,0.000270550216974496,1.66727318618267e-05
"2016-02-19",7.65697800417329e-05,7.18774302710935e-06,2.3151229360921e-05,8.40135861071278e-06,0.000323742542376913
"2016-02-22",0.00170355917035517,0.000934596277567691,0.00107602783154374,0.00124416118122281,8.8957009068371e-05
"2016-02-23",0.00138217130242287,4.38887688026417e-05,0.000239272322709059,5.72165687349002e-06,8.20597109140842e-05
"2016-02-24",0.00195614425182665,0.00424485272220821,0.00581056392287998,0.00542334844517733,0.00882085421756012
"2016-02-25",0.00110641328364806,0.000294155795916778,8.44688256568032e-05,5.12773317808012e-06,0.000667139484014197
"2016-02-26",0.000124246734881167,1.6790466163224e-05,9.69496533344421e-05,0.000250257458787221,0.00186413401216284
"2016-02-29",0.000240335603083906,1.23299448894085e-05,0.000225755804583826,0.000369444161829393,0.00100922487757597
"2016-03-01",7.16576260457807e-06,0.000579988146555654,0.00116919865527449,0.00176984321465044,0.00301620104841479
"2016-03-02",0.00033126052040936,2.55257493473526e-05,0.00021641807393585,0.000429356998746777,0.00112367408555991
"2016-03-03",5.4286508112031e-05,0.000200697538440946,0.000504875783800963,0.000678546829284424,0.00150005882919855
"2016-03-04",0.00026819860975917,0.00134056790529362,0.00220947927300386,0.00277461407778093,0.00394714106587365
"2016-03-07",0.000243069085609846,8.17877551015892e-06,6.50749684598384e-05,0.000202894514311174,0.00069083799000329
"2016-03-08",0.000415412497091049,0.00152881296027119,0.00187678235444272,0.00280692369776806,0.00441686265612112
"2016-03-09",6.2143778054801e-05,0.000128137208033553,0.000378271347175821,0.000827654507086168,0.001732261162212
"2016-03-10",0.0021445586752992,0.00393941366818,0.00454662222986899,0.00550563932692308,0.00745152514471263
"2016-03-11",0.00516199055362784,0.0029617162227623,0.00265106385214236,0.00190611546762392,0.00109636139793826
"2016-03-14",0.000853321552825694,0.000130258020283131,4.8782282247949e-05,1.59780905428364e-05,4.98415245702959e-05
"2016-03-15",8.37005063416509e-05,0.000686378087322779,0.00106076925991343,0.00134750277038351,0.00215953667787243
"2016-03-16",6.96621534366677e-11,0.000261789178578295,0.000533624795986365,0.000579186921719895,0.000372112573793108
"2016-03-17",0.000109666837888492,3.03800356566771e-05,9.71950056049064e-05,0.00015416682176372,0.000470166461603721
"2016-03-18",0.000547576573351555,0.000106598203646766,6.19310039718193e-05,9.2780366940776e-05,0.000326563466033304
"2016-03-21",0.00161527149204172,0.00306260843228148,0.00372357043248369,0.00387929016628649,0.00285613512374009
"2016-03-22",0.00133457619326886,0.000672703498230793,0.0003020354647882,0.000307846089675883,0.000599348649201737
"2016-03-23",0.00044870285439212,8.46163888520391e-05,6.92129023997548e-07,6.82164333955442e-07,4.69100441629138e-05
"2016-03-24",0.000443323973842103,0.000173956988288954,0.000180335595423107,0.000221436699382334,0.000223344573698372
"2016-03-28",0.000208886455527625,6.74750535488635e-05,3.14838416058836e-05,2.30672727145188e-05,2.21756029603032e-05
"2016-03-29",5.93142679244337e-05,4.33207720746342e-06,3.2092289289611e-07,8.29082396176202e-07,1.36750388926841e-07
"2016-03-30",0.000967011276696597,0.00141394415225972,0.00166922706399229,0.00157619871291644,0.00156041384323808
"2016-03-31",0.00130708418461516,0.00114036211027659,0.00112834011549918,0.00114087951173457,0.0009699567245547
"2016-04-01",6.93962625812969e-06,1.0488221408971e-07,9.00507630653686e-07,4.64039854054357e-07,4.86180359133164e-05
"2016-04-04",0.000447316424558181,0.000542689598393067,0.000547978499563651,0.000475534063479438,0.000728975052910744
"2016-04-05",5.02340723967971e-06,1.73635966433206e-05,3.21814573161189e-05,4.13085933472125e-06,4.15196287783869e-05
"2016-04-06",0.000591700319753332,0.000475152423265654,0.00051173044488654,0.000685541061396805,0.000439362721716734
"2016-04-07",3.17927630290805e-05,5.35962492732917e-05,8.84564287328737e-06,2.60046324415388e-09,2.50854429127698e-05
"2016-04-08",9.74115919283821e-07,1.01966183553607e-05,4.22084666822912e-08,6.86472811223989e-06,2.953310440221e-05
"2016-04-11",2.37769439390194e-06,4.42522161418964e-06,2.08119356659265e-06,4.89517411904665e-06,0.000139277349159321
"2016-04-12",2.4343406685001e-06,6.15075937467268e-07,1.36984733662116e-06,5.75963789633854e-06,8.38851181827532e-05
"2016-04-13",0.00064451008263784,0.000593018023254886,0.000611314873077959,0.000681183671051373,6.78954252868952e-05
"2016-04-14",0.00106240675454389,0.000980818149042038,0.000996507262291654,0.00096544156809209,0.000357257004586701
"2016-04-15",0.0012174509093178,0.00123610774393724,0.00130957902961001,0.00133556729799295,0.00247001827840949
"2016-04-18",0.000418536784866068,0.000444541801632759,0.000282237523552789,0.000299133586814728,6.28131497610038e-05
"2016-04-19",0.000113014222447299,0.000101411468993154,0.000174203475046558,0.000182309263309623,0.000723464557726401
"2016-04-20",0.000393399117285671,0.00043833361302878,0.000500270437916469,0.000507845993505749,6.42044755548113e-05
"2016-04-21",2.56717592944352e-06,2.47759058740936e-06,3.5044229504885e-06,7.25231334884865e-07,0.00053686758693838
"2016-04-22",0.000125332722940226,0.000159151854854252,0.000187135514624845,0.000520343499479783,0.0014220835269426
"2016-04-25",0.000561593644807459,0.000231097054112717,8.16324008613235e-05,0.000111302819215262,3.7478406498141e-05
"2016-04-26",8.14336036040208e-05,0.000173698861999706,0.000457133590953391,0.000444746260248563,0.00070047985052791
"2016-04-27",0.0118535990265561,0.0113099683251543,0.0122266825714764,0.0120579993643392,0.0150283935005523
"2016-04-28",2.19749982374221e-05,3.79124677306183e-09,4.44036832454018e-05,4.23845871863325e-05,0.00061026911422627
"2016-04-29",9.92759574279451e-06,3.72246449869003e-05,3.61538532484789e-05,7.60354951469013e-05,3.43189088167157e-09
"2016-05-02",0.00014420854019392,8.80425126273907e-05,0.000332660714222497,0.000441132666641132,7.25323877712992e-05
"2016-05-03",0.000163719224973067,0.000264700655541435,0.000370651453872271,0.000248328625802104,0.000942233327514685
"2016-05-04",1.88613140192965e-05,8.3154219657801e-10,2.69695358866625e-05,4.34216093865278e-06,0.00025018868510579
"2016-05-05",0.000880707280843628,0.000783605904835731,0.000589183768685359,0.000705846164101088,0.000303498012404568
"2016-05-06",6.9948699367514e-05,0.000116473685079818,0.000158376664420497,9.19137760119284e-05,0.000349610122925178
"2016-05-09",0.000520778168741658,0.0004896936628142,0.000450189171173714,0.000476302150560663,0.000187107682268553
"2016-05-10",1.25088952477723e-05,1.0932525321135e-05,8.75610158169945e-06,2.26044429098169e-06,0.000116247591542039
"2016-05-11",0.000414286513945975,0.000445929036241113,0.000234169410621957,0.000286783946762084,5.37893099717455e-05
"2016-05-12",0.00458290729128863,0.00453373489274003,0.00532803912973367,0.00540652699327617,0.0068301347882336
"2016-05-13",0.00015773405448429,0.000186904447157109,5.66723754826432e-05,9.78975429080993e-05,6.96283493917431e-07
"2016-05-16",0.000206078812571305,0.000211444281425912,0.000201370505357666,0.000213767338394091,6.831812712724e-06
"2016-05-17",0.000284190071313314,0.000351898334561462,0.000517901077953197,0.000383100086546809,0.000854318012195071
"2016-05-18",8.1441357797709e-05,7.83350153966903e-05,0.000118851778025602,8.21929148808942e-05,0.000342053011529725
"2016-05-19",9.11402206109744e-05,4.58742207463503e-05,1.91849342472669e-06,2.40568458466115e-08,0.00013391017246408
"2016-05-20",0.00310386880275932,0.00303242245413418,0.00242328482005889,0.00237033400656256,0.0014444394230692
"2016-05-23",1.50249392133708e-05,2.2805360219625e-05,8.3485480060086e-07,2.43539542165943e-06,3.91060965113172e-05
"2016-05-24",0.00134752784562644,0.00146609269333324,0.00121080198721853,0.001310254740599,0.000576240434183804
"2016-05-25",0.000125518050747621,0.000245224094513948,0.000113634362960943,0.000126691843775382,6.11476302882243e-06
"2016-05-26",2.87664490551215e-05,0.000134142103498378,9.56104581529344e-05,0.000156456852740493,3.58836651684039e-07
"2016-05-27",0.000543983632892452,0.000836218680605155,0.000775286882794899,0.000928497868248604,0.000376350531686135
"2016-05-31",0.000591970903566661,0.000887988735653771,0.000640693567767469,0.000701805636854867,0.000293633661509638
"2016-06-01",0.000266449132018964,0.000405743795980354,0.000306984458081369,0.000282083046377084,2.2489812480657e-05
"2016-06-02",0.000319680240560309,0.00022039143296306,0.000327463399742819,0.00031176195626046,0.000943560657892931
"2016-06-03",0.000829523508360709,0.00109966228630518,0.000894201500235939,0.0010164777252572,0.000396302035859382
"2016-06-06",0.000748041112931307,0.000912137272560814,0.000891952086716558,0.000902262444400276,0.000336558360279491
"2016-06-07",0.000696956697611892,0.000901492757321166,0.000657274453612956,0.000747529471267278,0.000284114897682448
"2016-06-08",0.00102411993443054,0.00136044170094763,0.00110446077842485,0.00119120703811381,0.000531559594769855
"2016-06-09",4.13216910882714e-05,9.50258546895451e-05,4.49947829351973e-05,5.5460721798512e-05,7.95665014124014e-06
"2016-06-10",3.84784795443588e-05,0.00013167062238558,9.56351304046002e-05,9.01627262823214e-05,1.69219476889091e-07
"2016-06-13",0.00116101891476275,0.00099958648757806,0.00104072117998797,0.000983252412603453,0.0014473462564601
"2016-06-14",0.000113868521994832,0.000240513389592753,0.000216423779195453,0.000214591408422653,5.66026719109079e-05
"2016-06-15",7.60784214265522e-05,0.000131653401135276,4.2911477119289e-05,7.30217222107512e-07,0.000104386047660376
"2016-06-16",1.81568068807902e-07,1.54051240136334e-06,3.18163370075557e-06,6.595773783075e-06,0.000124651701478877
"2016-06-17",1.29318591991857e-05,4.56459673970676e-06,6.02989641814861e-06,1.82237597198782e-06,0.000111874795416861
"2016-06-20",0.00176175262953764,0.0018925828195843,0.00160694200435552,0.00171040684315468,0.000956739858129949
"2016-06-21",0.000140175758898511,9.85668078461424e-05,0.000150851795692622,0.00018451670554439,0.000524899805823749
"2016-06-22",0.000377693998679382,0.000570955701028366,0.000469286314268538,0.000445384728633771,0.000158431368503284
"2016-06-23",0.000309048581895521,0.000429113297538245,0.000588174811565894,0.000657958571099757,0.000304838845281101
"2016-06-24",0.00672005364157188,0.00633280820935735,0.00670884404066621,0.00655555631099085,0.00848895152355862
"2016-06-27",3.31881205739832e-05,4.50395207922714e-05,1.60612076874188e-05,1.59270244288646e-05,0.000122467583842603
"2016-06-28",0.00227035591745235,0.00216100841089497,0.00190786175329169,0.00171464994777655,0.00127814857344427
"2016-06-29",0.000178760071254456,0.000189115723633842,8.8074586745433e-05,4.17312579932365e-05,3.54890405181279e-06
"2016-06-30",0.000635038451523385,0.000633291654876518,0.000402897238172812,0.000450935815693444,0.000345166996003506
"2016-07-01",0.000612854368416719,0.000698786526851555,0.000409032208771832,0.000292461277106973,0.000321967986557377
"2016-07-05",0.000872345658692016,0.000922950312845116,0.000619845040292969,0.000659386431863617,0.000837324540507001
"2016-07-06",0.00104599840327616,0.00107243049601244,0.00113309522938474,0.00106772091148134,0.000819003345874054
"2016-07-07",0.00135975783683118,0.00138224332039553,0.00118857480551771,0.00108676311458566,0.00145867249155566
"2016-07-08",0.000753068174142094,0.000776659617889077,0.000702838234031183,0.000799135022391432,0.00101602545404904
"2016-07-11",0.0013731604007482,0.00142606217300931,0.00132458100013765,0.00131767944660787,0.00185695551061238
"2016-07-12",0.000575265620835058,0.00057753074887342,0.00042912835469474,0.000495140145308734,0.000561174188599431
"2016-07-13",0.000400764994843656,0.000364434949727217,0.000186485299305803,0.000255112520144038,0.000303391030657869
"2016-07-14",0.000499068068377264,0.00047257739531593,0.000328884094639473,0.000386535161580232,0.000453928558571893
"2016-07-15",0.000421269821548937,0.000400975518460116,0.000291870593219956,0.000302332208758501,0.000274503276513796
"2016-07-18",0.000741812083482125,0.000736645536029951,0.00080224965979697,0.000970016167037288,0.00119612447349882
"2016-07-19",0.000455226850516616,0.00043478117480955,0.00024955797008246,0.000294459134689535,0.000384416248203867
"2016-07-20",0.000725154420694872,0.000652943810022781,0.000498955203026957,0.000572356778663991,0.000567739232073873
"2016-07-21",6.83713210931112e-05,6.0362988147239e-05,2.38512761652718e-05,4.90334315111419e-06,1.89650897545991e-05
"2016-07-22",0.000241512627926,0.000201941974665535,0.000131971520912916,4.82533070947323e-07,3.41483747432046e-05
"2016-07-25",8.42764554731099e-05,3.87351022725257e-06,3.00791728415291e-05,1.71336890014476e-05,2.92202271364502e-05
"2016-07-26",5.63832810438574e-07,2.19231340570767e-05,0.000117823293697251,3.37067030116168e-05,2.61987371720447e-06
"2016-07-27",0.000434143032535844,0.000577275502370682,0.000669921505134807,0.000495590262742211,0.000197089730352149
"2016-07-28",0.00188927052711827,0.0017578334477463,0.00141759031561503,0.00156414023347972,0.00148333458926692
"2016-07-29",0.000282441563126692,0.000215948803917292,0.000478074675341761,0.00063074837679214,0.000514253791390192
"2016-08-01",0.000969919106872557,0.000761371770976593,0.000444155215118256,0.000498163802518543,0.000439343591878076
"2016-08-02",0.000223598936017641,0.000401366965384085,0.000540116702967166,0.000544722973106547,0.000704347372580954
"2016-08-03",0.0015476993465072,0.00126133607946285,0.00146237732179991,0.00149537810623231,0.00122450422155192
"2016-08-04",4.29147239004251e-05,1.46743453556211e-05,1.74821600518443e-05,1.02564782425914e-05,3.99515558333682e-06
"2016-08-05",0.00157761691520461,0.00139467837523378,0.00124950220424626,0.00134999176368734,0.00127461331049355
"2016-08-08",0.000213489633277954,0.000147613460232818,0.000131130807040933,9.99154516086342e-05,4.40966575263598e-05
"2016-08-09",0.000101729229431891,5.5550798452642e-05,4.36819599830829e-06,5.33967728372442e-06,8.10626366468752e-07
"2016-08-10",0.00100929277925434,0.000864737171857889,0.000723695177509336,0.000780605466900671,0.000692924950991237
"2016-08-11",0.000175226832001395,0.000109500517227974,8.65473577503261e-05,9.7008632064111e-05,4.42648290052596e-05
"2016-08-12",0.00105167457417662,0.000920873251684618,0.000754221165029805,0.000787105140862194,0.000749869629503899
"2016-08-15",0.000235915972532804,0.000180993984421336,0.000160116688657757,0.000164798690553579,9.91169001533762e-05
"2016-08-16",0.000173095584710387,0.000127880093273149,0.000135205037715494,0.000199190425046555,0.000154699257959629
"2016-08-17",0.000702438604699926,0.000808572109078965,0.000899628159274081,0.000827718016021539,0.00105589114066103
"2016-08-18",0.00192918619149109,0.00175347037927089,0.00173602140868572,0.00177937098916539,0.00163044516536284
"2016-08-19",4.27691249194061e-05,2.50108659473292e-05,4.08694518718724e-05,4.64408845274943e-05,6.95604133343893e-06
"2016-08-22",2.16985933523258e-05,8.61401007832e-06,8.86806712709472e-06,1.99043029130869e-05,4.05367717722049e-06
"2016-08-23",0.00077167841729531,0.00066241455525664,0.000592422569089887,0.00053113614656596,0.000226831099707708
"2016-08-24",1.16590729775938e-05,1.08338741160142e-05,1.64541160197366e-06,1.31054631700929e-06,6.07206271334121e-05
"2016-08-25",2.15573363874203e-05,3.89330627188303e-05,6.02019928156522e-05,4.27816569615533e-05,6.5394402702417e-08
"2016-08-26",0.000582664765597326,0.000488626155419249,0.000273989189426551,0.000280728030157234,0.000488525672358551
"2016-08-29",0.000354490004410842,0.000380475132125417,0.00071892767261346,0.000663032703874109,0.000535740386925845
"2016-08-30",6.62754604616665e-05,8.97737964813992e-05,8.91722801972594e-05,0.000131367059013615,6.65094578255924e-05
"2016-08-31",0.000123438035852574,0.000166297468001698,0.000164193706131156,0.000188921129107536,7.85168278810054e-05
"2016-09-01",0.000128272417792319,0.000209763119858118,0.000198109767061646,0.000164529070257788,8.32095212669627e-05
"2016-09-02",0.000219876728110229,0.000250474568964252,0.000268486533973049,0.000208363018184908,0.000176807303728664
"2016-09-06",0.000600699618159952,0.000656766902780434,0.000780239178237518,0.000772520291032554,0.000736664128674279
"2016-09-07",0.000753055454180343,0.000627639066762503,0.000614933100241475,0.000655726628661046,0.00127594216469787
"2016-09-08",0.000915339987033484,0.000610527448262106,0.000630628918066978,0.000555913564481056,0.00053817658040809
"2016-09-09",0.00012684397667477,1.75818611719964e-05,3.74885599667535e-05,1.84912692668392e-05,2.38807947567438e-05
"2016-09-12",0.000824377543120718,0.000810504311700357,0.000928332508148509,0.000940429211834722,0.00104969172514216
"2016-09-13",0.000421982443125734,0.000411971509497886,0.000322661701176567,0.000412780734333218,0.000798943835469811
"2016-09-14",0.00682598306580082,0.00682243185731995,0.00651485360623656,0.00698056514294389,0.00767313624838215
"2016-09-15",0.000891834333634716,0.000968191651164087,0.000676273493704552,0.000600446843490389,0.000727452845593656
"2016-09-16",0.000196880870647244,0.000219263159349112,0.000120109479562215,0.000137580307779794,0.000148844140725938
"2016-09-19",0.000134419228657681,0.000112385624669078,0.000186998378295419,0.000180933479102724,0.000178867963867882
"2016-09-20",8.1290833530268e-06,3.33030007153817e-05,9.46730681085166e-08,1.48228526844142e-06,2.16422181978361e-05
"2016-09-21",5.2817337656044e-05,0.000131440853686591,3.95681208578566e-05,6.62751811098587e-05,0.000112446099603706
"2016-09-22",0.00273388360255855,0.00292537186452034,0.00258017907140672,0.00255602806944762,0.00276479495507015
"2016-09-23",0.00820201638385873,0.00780606218594825,0.00854663800021543,0.00829732747586264,0.00806102812301325
"2016-09-26",0.00496822963863735,0.00560942842288476,0.00477112941588375,0.00491364685392183,0.00592858397840912
"2016-09-27",0.000150723037940095,0.000198225556990893,0.000102077149642864,1.47221437777145e-06,1.02528027404048e-05
"2016-09-28",0.000732005564193797,0.000848153143553608,0.000749951268266781,0.000714672612409215,0.000788759931504858
"2016-09-29",0.000905609488140318,0.000859213619044558,0.00123644897250802,0.00113528011512214,0.000910869340298483
"2016-09-30",0.00142587299741348,0.00141632749854745,0.00110131934267187,0.00103277609051135,0.00119415756443764
"2016-10-03",0.00144570358889001,0.00161179455239611,0.00118793672146215,0.00121933468296541,0.00154074759031411
"2016-10-04",0.000826648580470358,0.000688825736593035,0.000889838763333356,0.000990470247334918,0.000827021268854798
"2016-10-05",0.00164176884869602,0.00205861315757617,0.00144208585645055,0.00140884770796458,0.00165285911150098
"2016-10-06",0.000306849100359908,0.000457509044499881,0.000152267667304583,0.000196884603830614,0.000309852603588835
"2016-10-07",4.88159639429674e-05,9.92013072095974e-05,2.42086513344911e-05,1.07016255006188e-05,7.62581217896147e-08
"2016-10-10",0.00071188841630119,0.000145704831747716,1.2608075668402e-06,2.14372116005612e-05,7.18329374166615e-05
"2016-10-11",0.00154905604208981,0.00199796355700566,0.00321324177009127,0.0030009897426049,0.00231182255288486
"2016-10-12",0.000723347997554941,0.00075463796762511,0.000381456469768791,0.000402381707941514,0.000966142903008861
"2016-10-13",0.000102962309039249,0.000124850694282113,1.3069526198394e-05,1.99346669624152e-05,0.0001240988010067
"2016-10-14",0.000255232773734354,0.000229145807413343,8.19057742862076e-05,7.72463640085662e-05,1.71773467391927e-05
"2016-10-17",0.000589492609955726,0.000388549101146704,0.000107776163024103,0.000128294414687246,0.000156387610995937
"2016-10-18",0.0016111552351529,0.00130173392706286,0.000931937652038545,0.00103828224220444,0.000939373896504862
"2016-10-19",0.000555993603371847,0.000391902090189268,0.000152275689668979,0.000133569348298642,0.000146202894208801
"2016-10-20",0.000255522484084564,0.00036886629249746,0.00065668376845164,0.000745344465672315,0.000688712660256072
"2016-10-21",0.00145569879396557,0.00120838377937997,0.000927497206716213,0.000316783149279756,0.000697370895054187
"2016-10-24",0.0010484313130344,0.000455951405935766,0.000248078509438683,0.000211536845791365,0.000578963602640737
"2016-10-25",0.000412319881457893,0.000136593988762421,2.1788125884436e-05,2.48839933486801e-05,9.80153121471003e-05
"2016-10-26",0.0080737018185138,0.0092077431502884,0.010443974300327,0.0104018536254739,0.0104065795586319
"2016-10-27",0.0025521167747197,0.00228267697772082,0.00175105153222819,0.00196732682992659,0.000354450146992684
"2016-10-28",0.00118572392569366,0.0017595740459499,0.00222691884360764,0.00227410056234808,0.00389912700419711
"2016-10-31",0.00265808956138553,0.00165097925610618,0.00329623427602385,0.00409053471982838,0.00358408697327509
"2016-11-01",0.000705487922060719,0.00128570474152193,0.00142431506402284,0.0013982294220001,0.0022923576138119
"2016-11-02",3.32084013217989e-05,0.000241350320100183,0.00024166974510451,0.000229370524595354,0.000367473622528767
"2016-11-03",0.000473549087953935,0.000235653474173271,0.000223463532131717,0.000209920757172576,8.87036638499349e-05
"2016-11-04",0.000323707882813017,0.000738926805722861,0.000732186750242628,0.000600231389096267,0.000771436526984749
"2016-11-07",0.00209898058680727,0.00140405183111202,0.00156101576346397,0.00167094545571126,0.00174741108251823
"2016-11-08",7.00240983571539e-06,0.00017974793906531,0.000204602991294527,0.000147919359800752,0.0002184441620968
"2016-11-09",0.0417424136066469,0.0435933459819374,0.043161376996829,0.0431866595832206,0.043840072862155
"2016-11-10",0.00571875644741299,0.00676878871565161,0.00552554498431175,0.00592579997388133,0.00492419338757346
"2016-11-11",0.00227387023466033,0.00179971483447132,0.00205819042273656,0.00193857782852847,0.00231245735243538
"2016-11-14",0.00175136789105378,0.00179674189561781,0.00173940297569417,0.00186418938980137,0.001954412271091
"2016-11-15",0.00171789514256113,0.00141416769534853,0.00127420314145435,0.00115916033130918,0.00137131911160536
"2016-11-16",0.000146821665636055,6.8403915253486e-05,9.08923877069906e-05,0.000103032730029558,0.000107719936895181
"2016-11-17",9.16038526155834e-05,3.65926670041682e-05,1.85110721847878e-05,2.26583675332292e-05,4.43108913194136e-05
"2016-11-18",0.00298612805895402,0.00275961046867083,0.00248193362730378,0.00266019489307903,0.00234865870578122
"2016-11-21",0.000514420306041547,0.000345711942978906,0.000313595061125296,0.000399960204924249,0.000378951864038693
"2016-11-22",0.000437849217057274,0.000418670705203545,0.000302705412522134,0.000327513820037004,5.4097987691913e-05
"2016-11-23",0.000646020492372335,0.000579505115909676,0.000505695235180645,0.000492319041111245,0.000136578375476049
"2016-11-25",0.000467681999353214,0.000521955737998878,0.000505239451440438,0.000410802458228965,0.00014251659675809
"2016-11-28",0.000277738710807243,0.000113775418955031,9.69870693807351e-05,0.000119805036008462,0.000134315720484399
"2016-11-29",4.93061000522455e-06,1.67570811038585e-05,1.30197140867612e-05,6.33305013058093e-06,1.19927349475574e-05
"2016-11-30",1.52584426622758e-06,1.45623201588118e-05,5.4896072608845e-06,8.50880614137956e-07,5.9732994924964e-06
"2016-12-01",0.000431231513856376,0.000372773313077348,0.00042786726488658,0.000412221470481091,0.000329074020053052
"2016-12-02",0.0002926081311884,0.000478067423274633,0.000445596827865363,0.00038757209412122,0.000289779950813839
"2016-12-05",4.31617434868437e-05,1.26321484433315e-06,6.91208445131538e-06,6.9651535825734e-06,3.36078661699807e-05
"2016-12-06",0.00110956653361274,0.00146567150882209,0.00129289518935193,0.00137468420863354,0.00126610699581909
"2016-12-07",0.000347437233014146,0.000331963266903036,0.000441118203084141,0.000429337543470123,0.000832690045797642
"2016-12-08",0.000338110471716986,0.000174692022609236,0.000166088886590668,0.0002275299681876,0.000320209091442578
"2016-12-09",0.000326780805914215,0.000224845494719441,0.000205785157397998,0.000225084034530255,0.000192128480844694
"2016-12-12",0.000560115561815686,0.000617186885652962,0.000621445692283891,0.000680010303101014,0.000760306704946895
"2016-12-13",0.000290998581732924,0.000141824623002785,0.000138626864003613,0.000159965797291824,0.000961862799026243
"2016-12-14",0.000830068602312602,0.00038913522356464,0.000314640327509967,0.000325826620259277,0.0017748832094609
"2016-12-15",0.000459195054433859,0.000493769078846511,0.000505289563400522,0.000347913819854745,6.41576888723769e-05
"2016-12-16",0.00166930872795816,0.00144147771222894,0.00128303991331254,0.00109999122898473,0.000465512081199982
"2016-12-19",0.000286804056672907,1.90835366678315e-05,4.96739195838088e-05,2.40182714990391e-05,0.000114565293927253
"2016-12-20",0.0014141090205243,0.00166972650541692,0.00146040933575973,0.00154160122652726,0.000755266250133461
"2016-12-21",0.000635916947524377,0.000923973836495258,0.00082176556473024,0.000804348403669936,0.000482516319835618
"2016-12-22",9.71837970361917e-05,0.000172747412652755,0.000116171355131874,0.00014425214439039,7.87496408585505e-05
"2016-12-23",0.00205482882603257,0.00261044049878006,0.00232650682195906,0.00237857059469949,0.00152935460969841
"2016-12-27",0.000327848365456399,0.000267479787103107,0.00017119013520345,0.000185877782153051,1.11777831792953e-05
"2016-12-28",6.36070195856355e-06,2.3940647487665e-05,4.73091498293625e-05,3.30677214396333e-05,0.0001249644083551
"2016-12-29",8.98110457132479e-05,3.93497172880244e-05,1.87648088637484e-05,1.65370983290215e-05,3.21343900802323e-06
"2016-12-30",0.000578214652906504,0.000815996358395825,0.000993216833654001,0.000990586298005036,0.00135271379246546
"2017-01-03",6.64066996368282e-06,1.82067156349422e-06,1.54003706726063e-05,1.26299689336197e-05,8.36567595678732e-05
"2017-01-04",0.00102649284507837,0.00070632696836039,0.000612554246246995,0.000531259054404475,0.000256713064625192
"2017-01-05",0.000227283336014013,0.000171403185457171,0.000165778146996582,0.000182622830789622,2.94227081820465e-05
"2017-01-06",1.61235880187028e-05,1.86550490346466e-06,4.00928421862813e-06,1.75637993705197e-06,6.2201077989196e-05
"2017-01-09",6.42305735079683e-05,1.30945271587071e-05,7.49148194795918e-05,8.05175471581189e-05,4.56317616233041e-05
"2017-01-10",7.12446641820662e-05,1.876665259165e-05,3.75354877666522e-05,2.62602332264985e-05,1.90485585743565e-05
"2017-01-11",0.000149394902176805,7.0194774544147e-05,6.68001755661995e-05,3.04549827652988e-06,1.55037131584638e-05
"2017-01-12",2.70365245667126e-05,0.000104666141768458,1.46264745232196e-05,6.39527472576331e-05,5.32031729045514e-05
"2017-01-13",0.00169552394037429,0.00145698530412653,0.00167481660837302,0.00169194180478879,0.00164206077494709
"2017-01-17",3.07990081374647e-05,3.47009227378736e-05,2.81747907651862e-05,4.43001716445172e-05,5.46748103786451e-05
"2017-01-18",0.000399249015024966,0.000316695289682447,0.000401341609672417,0.00041616534867,0.000634037046629211
"2017-01-19",7.71859018990479e-07,1.41625270220218e-07,2.35289693446174e-07,4.07551264279823e-06,2.04109678041881e-05
"2017-01-20",0.000430450974414813,0.000353816136757896,0.000365338276829748,0.000258969288489272,0.00056513053526659
"2017-01-23",0.000132677197523953,4.51111708483185e-05,7.37922345468271e-05,8.85764636683237e-06,1.56489577837156e-05
"2017-01-24",0.0015031664677182,0.00130275905454973,0.00130075885096514,0.00130977940514577,0.00207580584648908
"2017-01-25",3.34111788196297e-05,3.16102960330508e-05,4.75114750865252e-05,6.56755396714877e-05,0.000117431038856516
"2017-01-26",2.69545661290694e-06,1.1588167828265e-06,1.78685378195035e-06,2.51025503740228e-09,9.43993829427324e-05
"2017-01-27",0.000704947299311583,0.000583370360698367,0.000732492711127876,0.000764669256033011,0.000828291257724029
"2017-01-30",4.93485066667872e-05,0.000557139928651011,0.000419626499346286,0.000266607063935042,0.000135305973180177
"2017-01-31",0.000116853383589915,0.000127239884267678,0.000202663574378262,0.000206004192356146,0.000237939920086035
"2017-02-01",0.00625577151348194,0.00619192516724199,0.00549952915073627,0.00532902448830949,0.00423858994991921
"2017-02-02",0.00151401589171914,0.00197978991958098,0.00210922156748485,0.00217288271835904,0.00344424767442784
"2017-02-03",0.00125529598318301,0.00113854395898501,0.00136794789676945,0.00170317809973313,0.00237144518434794
"2017-02-06",0.000311997838810911,0.00016471733458373,0.000482937899349428,0.000557043657447804,0.000913409145728534
"2017-02-07",6.31023060211316e-05,6.28683488967897e-06,1.71642445774241e-05,2.6686484753042e-05,0.000167218561923881
"2017-02-08",0.00068674384922345,0.000603622209548479,0.000696981303877698,0.000789954726203852,0.0010168235230884
"2017-02-09",0.000163314863133447,6.97560900328859e-05,9.73676790015596e-05,0.00013263975991777,0.000299258420172755
"2017-02-10",6.43459532151654e-05,7.77079861711033e-06,3.55737505066516e-05,8.30886360811048e-05,0.000196226468521032
"2017-02-13",0.000683672222227723,0.00043957725384536,0.000357098177617833,0.000456422192508651,0.00081614953543189
"2017-02-14",5.10616946734606e-06,0.000126578386585688,0.000136836005381833,0.000138883036061836,0.000115923373156226
"2017-02-15",4.10751662872659e-05,0.000101380462830818,0.000118185937339945,0.000115519314996808,7.32137585459146e-05
"2017-02-16",4.19242327405927e-06,1.66538214980905e-06,1.70757883587741e-05,7.51273186298514e-05,2.08381391524589e-05
"2017-02-17",0.000909891495640449,0.000757087883055039,0.000774025428539662,0.000739687624405923,0.00126494961460482
"2017-02-21",0.000178010246837154,0.000104825244521393,0.000102368451714859,0.000109773997915431,8.21883029749023e-05
"2017-02-22",0.000232011675026611,0.000118768221541364,0.000115062471813712,0.000109414970535366,1.33719051365655e-05
"2017-02-23",3.4670918026413e-05,0.000149801016840037,0.000183703640575499,0.000179029301273883,0.000319427271042554
"2017-02-24",3.84433621957092e-05,6.70094800599377e-06,5.83389840108655e-06,1.10813133153853e-05,3.69459084214425e-07
"2017-02-27",8.18285462282863e-05,2.58004383964952e-05,3.06642185064617e-05,5.23824552988325e-05,2.20520425423012e-06
"2017-02-28",0.000327449955550417,0.000174345784600489,0.000119406253856931,0.000155287381580065,0.00011390877196859
"2017-03-01",5.12418226351563e-06,1.25526473821449e-05,1.15135981615286e-05,3.51991975359767e-06,1.51297931813214e-05
"2017-03-02",2.31883061975674e-05,5.05311826587734e-05,2.10234655939495e-06,3.85279370012749e-08,7.57803050678456e-06
"2017-03-03",0.000269078650101222,0.000282140497650991,0.000286552940729247,0.000290094189641995,0.000196298753656009
"2017-03-06",0.000207709589960247,0.000253544193771589,0.000336453688857914,0.000329959818864996,0.000240349674710866
"2017-03-07",3.8173640637876e-08,6.61283969590785e-07,2.3548567900933e-06,3.45610119874086e-06,2.63047898112885e-07
"2017-03-08",1.30313264081911e-05,1.17006085783458e-05,1.43014606319396e-07,2.78259868896543e-07,8.4806622204139e-06
"2017-03-09",0.000811037728174646,0.00083704134154183,0.000790100297037013,0.000891842186234893,0.00082563184843432
"2017-03-10",0.00105727883328349,0.000973582124197834,0.000945442584689469,0.000953466606965772,0.000916205698787899
"2017-03-13",0.000246962661535074,0.000217996464620138,0.000325723101998865,0.000325353656869335,0.000120950270394503
"2017-03-14",0.000634449256487743,0.000632913218806958,0.000628844997542042,0.000683467700447881,0.000389172592955828
"2017-03-15",3.44596240173378e-06,2.32487920584478e-06,7.15274117341456e-06,4.82315593271836e-06,7.57950699571759e-06
"2017-03-16",0.000179804217388334,0.00014368635291729,0.000209516475654943,0.000204951456767252,0.00017488883625256
"2017-03-17",0.000583577754667106,0.000656257474186586,0.00121344136635704,0.00129372880169014,0.00116299327106243
"2017-03-20",0.000199195840435794,0.000256352777886316,0.00160966931959182,0.00185855462013046,0.00185286354332469
"2017-03-21",0.00485824670854532,0.00460667942897778,0.0037401079554108,0.00369947308384315,0.00495410827495692
"2017-03-22",3.9238293142082e-05,2.50386690472379e-05,7.91017608475423e-06,8.09389378023125e-09,7.04540906879337e-06
"2017-03-23",0.000107579720830231,0.000133106293123704,0.000291247912622839,0.000206111690015748,0.000205680550239368
"2017-03-24",0.000100505168503902,8.09822325938826e-05,0.000206259551923606,0.000197934118608995,0.000254807741522136
"2017-03-27",9.58068579414296e-05,7.23684647803151e-05,8.51734995066937e-05,0.000128146002537756,9.50347370449478e-05
"2017-03-28",0.000342325794975809,0.000246657369215155,0.000213412647819971,0.000154314268247098,0.000362584398224332
"2017-03-29",0.000312898471350651,0.000376128492704516,0.000332747633261894,0.000326627246993846,0.000557235300402197
"2017-03-30",0.000216108564035123,0.000317281741627752,0.000246525676262288,0.000205255531885814,0.000392647941749299
"2017-03-31",7.73019159190539e-05,0.000117601725097054,9.18926552974414e-05,8.93565971676933e-05,0.000347133155137025
"2017-04-03",9.31524788348091e-06,4.75613644278133e-07,1.75179103354868e-06,2.49738989264558e-06,5.03154782198295e-05
"2017-04-04",0.000304727879790437,0.000278936334810613,0.000236035668238954,0.000210447871016359,0.000618021897462367
"2017-04-05",0.000338401632978318,0.00026526829276607,0.000383271046056315,0.000376019343531227,0.000105811728338772
"2017-04-06",4.79940198201089e-06,7.19209705856609e-07,3.88706312122241e-06,1.27965351120617e-05,6.80380266265315e-05
"2017-04-07",0.000500433743665085,0.000634328615985212,0.000484594052566544,0.000435397253761863,0.000895633176962159
"2017-04-10",0.000295665770482169,0.000364666686015184,0.000228735649457419,0.00021192109443027,0.000387223682267848
"2017-04-11",0.00658860446677341,0.00645566900005788,0.00718220597522913,0.00715844297633455,0.00597215412479974
"2017-04-12",0.000752853658523031,0.000903791130257385,0.000528952663517805,0.000462460719365535,0.00143784807894351
"2017-04-13",0.000968768466647377,0.00102318748214216,0.000696128605494393,0.000693287638890832,0.00167523622276978
"2017-04-17",0.000339757514046365,0.00038180939159634,0.000180673632229172,0.000103916268220981,0.000544518330766445
"2017-04-18",0.000105487615483671,0.000148229318189845,6.04262226889565e-05,7.55710644830633e-05,0.00035325873581973
"2017-04-19",0.000415397181095685,0.000461532722914926,0.000327716267569722,0.000326832644720716,0.000753656285479731
"2017-04-20",3.74914213688014e-05,5.87032414349982e-05,3.89552700502195e-05,4.04111657095757e-05,0.000108609854447142
"2017-04-21",0.000297161183379866,0.000382132909601186,0.000416451649549088,0.000121383093425129,0.000550207796190541
"2017-04-24",0.000507862129394066,0.000106666720292745,6.68025834112188e-05,0.000104071406145588,0.000450038612366639
"2017-04-25",0.000458938186385095,0.000276660428474849,0.000199143797334765,0.000269830363385903,0.00089952532425449
"2017-04-26",0.00029634414108826,0.000351531487754313,0.000416706874895138,0.000290493423116217,1.31434419754073e-05
"2017-04-27",0.000752216001215502,0.00112818069540114,0.00101689650707488,0.00103668548545888,0.00140824154906333
"2017-04-28",2.8633951787223e-05,9.5337077352579e-05,0.000257186882491807,0.000346128904069639,0.000870406545180287
"2017-05-01",7.93254062349025e-06,9.66483244908024e-05,0.000127411108178915,8.09577437488828e-05,1.78329225116422e-05
"2017-05-02",5.31008090030884e-05,5.93752653426714e-05,8.41906449050082e-05,6.2668657021259e-05,6.62115204477421e-08
"2017-05-03",0.0036163577530385,0.00388366418155675,0.00408405740408078,0.00382052422342312,0.00251330330481471
"2017-05-04",0.00224928383392027,0.00247272223229112,0.00190751270280002,0.00223070475043512,0.00414480238102009
"2017-05-05",0.000646014538924168,0.000564962616912326,0.000346346079053132,0.000387633068930515,0.000906764753907335
"2017-05-08",0.00178428366694212,0.00187811185013105,0.00214384608442149,0.0020787557837414,0.0013162860534698
"2017-05-09",3.14222132449421e-05,2.40174715982235e-05,0.000110785381239403,5.32535858461319e-05,2.92140544091568e-05
"2017-05-10",0.000660464156592969,0.000485776268474464,0.000239539908378779,0.000388409809879151,0.00104271413836598
"2017-05-11",1.89722671760854e-07,4.71783757806635e-06,2.40847035797286e-05,6.62618788160253e-06,0.00121980215732808
"2017-05-12",1.23405911059037e-05,8.75391346250092e-05,0.000128346913336219,8.73902939717397e-05,0.000194234494899972
"2017-05-15",0.000325054867074598,0.000222482066302584,8.73383197985077e-05,0.000126281616009209,0.000166796379490969
"2017-05-16",5.86521879186472e-05,5.14970455409016e-05,7.21691217034099e-06,2.44366114841703e-05,2.67641087493916e-05
"2017-05-17",0.0286317156047813,0.0301779404246408,0.0318718616486514,0.0308956645020412,0.0316734159935195
"2017-05-18",0.00354004835707431,0.00406162783137785,0.00316989009837038,0.00338901818130507,0.00515585335892191
"2017-05-19",0.000766015433418154,0.000524216943843188,0.000339932914898489,0.000360868634549533,0.000427257098122519
"2017-05-22",0.000161424514114753,7.71567573566421e-05,1.33147821278528e-05,3.96266369549911e-05,1.57362220921411e-05
"2017-05-23",0.000433877489509369,0.000344814787511967,0.000300779496074622,0.000495791684364001,0.000255871269977447
"2017-05-24",0.00037725084822677,0.000337380956289255,0.000228944361783868,0.000392534246475957,0.000208161973477912
"2017-05-25",0.000217511705419383,0.000290939558410475,0.000240084160146735,0.000426965120818514,0.000240710976031154
"2017-05-26",0.000311008459539472,0.00040095981878253,0.000324954151971656,0.000460156891725943,0.000299691677689613
"2017-05-30",0.000373113660306102,0.000609634485333127,0.000631135830757468,0.000834507183898119,0.000538838660821398
"2017-05-31",0.000256233770406198,0.000115116218793057,0.000144798105442489,8.97209885911066e-05,0.000173234087713207
"2017-06-01",0.000675738482284846,0.00105062926734182,0.001147345564407,0.00126006581569982,0.0010878102960186
"2017-06-02",7.343830715632e-05,0.000229352029287699,0.000238242997647354,0.000263236381942714,1.29791727396976e-06
"2017-06-05",7.59556558881901e-07,1.97456924771111e-05,2.50307520380137e-05,5.06002937966291e-05,1.0687554742818e-06
"2017-06-06",2.72179494901563e-06,5.36289096733166e-05,9.58445008118473e-05,0.000134782588402426,2.83990260863882e-05
"2017-06-07",1.5407050832883e-13,6.5610850864797e-05,5.93271177319504e-05,8.11976745418659e-05,1.00334332175539e-06
"2017-06-08",5.89974947536319e-05,0.000224233270444043,0.000204227388038915,0.00025177577650117,0.000130012281328934
"2017-06-09",0.0386378664390741,0.0361770658713102,0.0358220457383315,0.0360160861444385,0.0394661925526911
"2017-06-12",0.0292113305612488,0.0248897649463109,0.0261730760919473,0.0257596089486875,0.0245090028849311
"2017-06-13",0.0213735654998742,0.0263113366207064,0.0236353041624778,0.0245792486343712,0.0294262575847423
"2017-06-14",0.000279048580780215,0.000167216173034922,0.000371131940936246,0.000255673405514234,0.000297699097971055
"2017-06-15",4.06083314901829e-07,1.03869558318747e-05,4.00953842824817e-05,3.6179887624241e-05,7.50419595720145e-05
"2017-06-16",0.00141316046714946,0.0017627608215554,0.0011316440796824,0.00122582514609052,0.000979451370513122
"2017-06-19",0.00035711242292776,0.000606082281184252,0.000460027497224712,0.00058799952380488,0.000235600161349753
"2017-06-20",0.000158380273252849,0.000472466320136785,0.0003435630984456,0.00045046062160244,0.000298373451846454
"2017-06-21",3.87291782129423e-05,0.000197415720427411,0.000194556596001976,0.000299459749632049,0.000103408957893108
"2017-06-22",0.000638376635861753,0.0013280321028773,0.00168223160406661,0.00191029343517501,0.00151628758980528
"2017-06-23",0.000503306270164193,0.000988911987373272,0.00142942559640344,0.0017849827341671,0.00139061889630003
"2017-06-26",0.00072361142385779,0.000255642594073606,0.000132843601542266,5.98896020037707e-05,0.000160402467930285
"2017-06-27",0.000934105038810761,0.000270563480166398,0.000166173112385094,0.000111279563073495,0.000244824127291153
"2017-06-28",0.000172273583495512,0.00074152495075592,0.000895734351735428,0.00101314468486034,0.000610127614018158
"2017-06-29",0.00399825667541898,0.00279200506496383,0.00265257849568299,0.00239906594089591,0.00253553351753538
"2017-06-30",0.00225707645990483,0.00361815704521311,0.00361216431597517,0.00333388377404809,0.00343874809894999
"2017-07-03",0.000800572868424475,0.00146465439376483,0.00137359376235391,0.00160941543656844,0.00137115477621247
"2017-07-05",4.92835251592876e-06,0.000149410434562796,9.61259966419948e-05,0.000131294449436669,8.05835391074508e-05
"2017-07-06",1.38367734262609e-05,6.70044119132749e-05,0.000118671945403076,0.00017269454055914,9.18426096112595e-05
"2017-07-07",0.0014088389324756,0.0025010950390874,0.00286895326121057,0.00317939905954908,0.00290835977938218
"2017-07-10",0.000344968751002186,0.000864446868420066,0.000862340399838494,0.00102765580722012,0.000530511956412542
"2017-07-11",0.000256667700684947,0.000633319066619953,0.000590917344983651,0.000697058336954391,0.000539397479001607
"2017-07-12",0.000147850624426522,0.000368781641929937,0.000456133051101626,0.000585683124260221,0.000349206506087904
"2017-07-13",9.94814232209828e-05,0.000319507573721849,0.000250841788314504,0.000311406072617043,0.000141699961776936
"2017-07-14",0.00114511974977038,0.00167121030280518,0.00173222499362993,0.00196793028562922,0.00182242613417253
"2017-07-17",0.000137542851694351,2.58095764928939e-05,3.68862347102651e-05,2.71863449440227e-05,8.06420493304191e-05
"2017-07-18",0.00124895758495737,0.00186576583948486,0.00170434201457912,0.00194681561486805,0.00190567353553027
"2017-07-19",0.000188198814702119,0.000416011469391748,0.00042524218111941,0.000454942897988726,0.000314825757717904
"2017-07-20",1.19552617380433e-06,6.58446762666482e-05,0.000109497304189783,0.000118165307859505,0.00011828623592123
"2017-07-21",0.000159193281149212,0.000266334853371204,0.00028421922223454,0.000172593161010313,0.000294738048684012
"2017-07-24",0.000412855867545023,0.000252930645360147,0.00012483725138926,0.00014573811058784,0.000274508157477232
"2017-07-25",9.80925586594053e-06,5.68656207132661e-05,3.7792909463938e-05,2.18277855281498e-05,0.000109283221976018
"2017-07-26",0.00034923449716202,0.000496009675761512,0.00050729919548131,0.000577129857707351,0.000697022114524146
"2017-07-27",0.025815373441294,0.0241210218776807,0.0229098717934646,0.0219064359827486,0.0285596222444195
"2017-07-28",0.00603296106142323,0.00792291731331678,0.00819282252454282,0.00863277340512507,0.00687251515552213
"2017-07-31",1.956615778677e-05,8.59093659148872e-05,7.34440386111942e-05,9.4772689323956e-05,1.14771219253407e-07
"2017-08-01",0.000374189057735755,0.000427291239371003,0.000355963666873676,0.00043915059921647,6.09730717910677e-05
"2017-08-02",0.0123718711698046,0.0123714927511389,0.0125326538525212,0.0120921832371879,0.0150676015056215
"2017-08-03",0.00284580148296334,0.00298270793228265,0.00210988646486913,0.00262039880609143,0.00211408229033
"2017-08-04",0.000110628559169138,0.000226821979103363,5.82666562016339e-05,9.68575606675351e-05,2.79227923460719e-06
"2017-08-07",0.00187300957784778,0.00215884135039529,0.00174727499250286,0.00223725776448441,0.00155281047963284
"2017-08-08",0.00152366216636189,0.00161328095634486,0.00211389673503628,0.00179892323719449,0.0026448949053823
"2017-08-09",1.08872814318689e-05,3.12129186896243e-08,4.47582554495663e-05,2.71656623987013e-05,8.73333473759295e-05
"2017-08-10",0.00372174148701932,0.00342820259374799,0.00378597285141724,0.00353385043481506,0.00427690591499853
"2017-08-11",4.93401119496341e-05,3.6526848490519e-06,2.0194847890721e-05,4.02658090676952e-06,9.89897026492228e-05
"2017-08-14",0.00234513303372868,0.00287086434430462,0.00252203707071197,0.00277058047536812,0.00198181766682755
"2017-08-15",0.00010535350421724,9.88816289185792e-05,9.13260480958e-05,0.000155620122463936,1.79844353947592e-05
"2017-08-16",0.000142676575352688,9.15295739381441e-05,0.000144566027249032,8.9527970926056e-05,0.000309379293884343
"2017-08-17",0.00201392951207536,0.00201114447203406,0.00223668714255748,0.00177119374688878,0.00173534580989434
"2017-08-18",9.48878868553822e-06,1.23298507095654e-05,8.17364826194004e-06,6.00615856155633e-05,5.57157291265979e-05
"2017-08-21",0.000169358220877144,0.000151488180676364,0.000144605769981195,4.42090841336323e-05,3.919363061441e-05
"2017-08-22",0.00261945181336429,0.00273969328913043,0.00257114287786331,0.00329048188047977,0.0032553329314174
"2017-08-23",0.000101785184481409,0.000103907053997562,7.52295187052994e-05,0.000209112364496656,0.000167434935705833
"2017-08-24",0.00040951183407949,0.000410164138242714,0.000455902969254158,0.000224911103291575,0.000340037211846069
"2017-08-25",0.000909356293914769,0.000887645651668625,0.000883765972228703,0.00131134564106653,0.0012136422241231
"2017-08-28",0.000237788711957185,0.000220030236374757,0.000234802103724942,0.00045674380318857,0.000396171574389396
"2017-08-29",0.00013733025522217,0.000135647245531602,0.000104785912835808,2.1346059719852e-05,4.40633840604321e-05
"2017-08-30",0.000192959233455549,0.000181786612113662,0.000174418364751613,0.000318819391776659,0.00019390242095163
"2017-08-31",0.000837538701273347,0.000849289878427932,0.00094144003545053,0.00124335874776746,0.00102192984491991
"2017-09-01",0.000758740763318732,0.000698511131092557,0.000851294808461056,0.00115992440892105,0.00111300818087082
"2017-09-05",0.00480313056882488,0.00491979476445567,0.00432247187473352,0.0038119489683059,0.0039773153189452
"2017-09-06",0.000799609741744496,0.000840202012745679,0.000911400533357544,0.00112252806427557,0.00098268481133721
"2017-09-07",0.000432286186859711,0.000386510646549479,0.000313364680591653,0.000185197449471042,0.000225830815127378
"2017-09-08",0.000473819611999545,0.000623383539571767,0.000847249278107065,0.00101661362856914,0.00106448115727651
"2017-09-11",8.85624755917727e-05,0.000110336645384491,0.000163630760436099,0.000270582852005792,0.000237228412473318
"2017-09-12",0.0262709271102842,0.0254657063830339,0.0247429326969724,0.0238682090353882,0.0241684247367923
"2017-09-13",0.00471739242349529,0.00539194220665276,0.00529060600144036,0.00556982760894074,0.00580411751807008
"2017-09-14",0.00377734503628509,0.00392112051684516,0.00395738286469994,0.00432504965117356,0.003800666471538
"2017-09-15",1.14187913343908e-05,1.32907091211927e-05,2.92741429198178e-05,6.97658349830168e-05,1.48466352346617e-05
"2017-09-18",0.000383013365257026,0.000357143975004908,0.000504639700327748,0.000641641594914606,0.000468201513826291
"2017-09-19",4.66128260279067e-05,3.83369161020384e-05,5.15061307202156e-05,9.94870634701538e-05,2.07134837632383e-05
"2017-09-20",0.00690958618944427,0.00649163079158953,0.00636159119773057,0.00585280149727257,0.00663545442429945
"2017-09-21",6.54208507781043e-05,0.000122991964927653,0.000156760702511754,0.000249120609120883,0.000193654230507295
"2017-09-22",0.00100599460936137,0.000886202207581409,0.000911194342172217,0.00072052306079506,0.000770952910051242
"2017-09-25",0.00155505523118231,0.00138027620202113,0.00153621044276942,0.00131982789884272,0.00131071422532862
"2017-09-26",0.00046448712343805,0.000520418099230261,0.000394279356740641,0.000484935679567798,0.000453117164690696
"2017-09-27",0.00146791683649056,0.00147038862855068,0.00123886466092513,0.00146345707048648,0.00141538748784082
"2017-09-28",0.000481561224328276,0.000485742365145572,0.000374593692382469,0.000501449181605233,0.00031273681656854
"2017-09-29",4.60596980651155e-05,5.0785811210016e-05,4.29086699655431e-05,0.000104767353352563,4.44460171857666e-05
"2017-10-02",0.000269994670861975,0.000293653443370139,0.000266794147807915,0.000449452401656377,0.000399623173927021
"2017-10-03",0.000609514788113973,0.00076640461678542,0.000802497095739029,0.00104537382995895,0.000847707419779317
"2017-10-04",7.86914349829251e-06,3.38344527167685e-07,1.66646760812079e-07,2.85748230741584e-05,4.98875882343232e-06
"2017-10-05",0.000651479846061819,0.000816813726516439,0.000914552323895555,0.00120009405733174,0.00107055536765575
"2017-10-06",0.00109251420047326,0.00120341964168022,0.00161824816895752,0.00203717961866419,0.00193152641373273
"2017-10-09",6.79797736719716e-07,1.33060528178539e-06,6.07537183776333e-05,0.000163502151210224,9.79347081461076e-05
"2017-10-10",2.8265239148757e-05,3.68411018486843e-05,0.000159453986674227,0.000341981646250621,0.000260864823197624
"2017-10-11",0.000732359998088981,0.000577552724481109,0.000863196756127479,0.00148624133725361,0.00128591187636662
"2017-10-12",2.80809400760658e-06,2.7568213758586e-05,0.000123779837832393,0.000350131966939441,0.000266087990987762
"2017-10-13",0.000582874030139346,0.000720648298746628,0.000677352896020088,0.00101726083093209,0.00086328396282354
"2017-10-16",1.65779956398462e-05,5.28571525671081e-05,2.36723110806565e-05,0.000114997523555898,7.60896389962871e-05
"2017-10-17",0.000169073164743955,0.000282143013948145,0.000221241561506678,0.00027362397289106,0.000260751767641259
"2017-10-18",0.000171035706140391,0.000196673045664561,0.000204359783194252,0.000304384202369982,0.000199101222217146
"2017-10-19",0.00306304894795265,0.00296994589019289,0.00279936099420075,0.00258122835647476,0.00268797487119962
"2017-10-20",0.0014533768254986,0.00141894221419759,0.00152510305212327,0.00147665874304948,0.00148774344110956
"2017-10-23",0.000369722137418627,0.000507393757317746,0.000453246704416757,0.000403222498523734,0.000401293266775821
"2017-10-24",0.000597821089701917,0.000683560745339411,0.000759849582060971,0.000935702664127775,0.000888760981658172
"2017-10-25",0.00115748795324415,0.00112798299358535,0.00102510263837409,0.00081681728798341,0.000908624866497307
"2017-10-26",0.000276217199581665,0.000351349294943661,0.000385052022955327,0.000499045705501554,0.000243388541869113
"2017-10-27",0.00231775398575431,0.00214046437328737,0.0012836686353976,0.00099545844306742,0.00125599167026068
"2017-10-30",0.00029989337165945,0.000269423892000821,4.94918763534988e-05,5.26524545256098e-06,2.78424252270434e-05
"2017-10-31",0.000419041294338458,0.00043091886041019,0.000854605439507988,0.00115558930013585,0.000925096203720305
"2017-11-01",0.00177110442520829,0.00183167724309285,0.00128441459328808,0.0010051442899693,0.00123631872732676
"2017-11-02",0.000804161844411434,0.000845772824537852,0.000455980990931886,0.000313257815297494,0.0003643081904701
"2017-11-03",0.00223346723897355,0.00234146964427727,0.00224767883646921,0.00211100776969698,0.0020457800026346
"2017-11-06",0.00246262198003002,0.00241735467704096,0.00206215508253075,0.00222158712682038,0.00209647286212324
"2017-11-07",8.13659118896208e-06,1.6694880723896e-05,4.87523047494837e-05,2.76318806005556e-05,3.74860905927664e-05
"2017-11-08",0.00159487797305891,0.00145551767814194,0.00130910289474475,0.00133849660096504,0.00129238455759533
"2017-11-09",0.0017126522867771,0.00187092383540059,0.00219178595608196,0.00221588123166162,0.00225015522319525
"2017-11-10",0.00307256148492018,0.00292279576870589,0.00239307035799763,0.0021508084986115,0.00181612277197805
"2017-11-13",0.000903361319849691,0.000817053992934435,0.000644059807546291,0.000569530903365333,0.000492102200405355
"2017-11-14",0.000796066385188124,0.000845246260213567,0.00103993974504027,0.00112348672308274,0.00129788411583425
"2017-11-15",0.000490263800190398,0.0005274552685322,0.000703293115466587,0.000744238438918119,0.000744410923779667
"2017-11-16",0.00201525292959549,0.00209054985911012,0.00178828653751415,0.00183567571093987,0.00169715456295774
"2017-11-17",8.56042137272371e-05,5.35409005801808e-05,8.34139330317697e-05,8.76259211049617e-05,5.52659563098128e-05
"2017-11-20",0.00177674619694421,0.00185896467691465,0.00155390751822353,0.00163676329770779,0.00171451451972184
"2017-11-21",8.36532516876784e-06,1.66612792438098e-05,5.39384880663039e-07,1.4629488616269e-06,5.16609519606146e-06
"2017-11-22",5.7840013156577e-06,1.94267030537787e-06,3.75673708291713e-05,1.85882458156976e-05,8.99690609046029e-06
"2017-11-24",0.00259835751948192,0.0027917058118338,0.0022019741240376,0.00227117756170686,0.00238146084046474
"2017-11-27",0.000581272929612984,0.000571378550580013,0.000967477632868932,0.000816284347429103,0.000653757526298682
"2017-11-28",6.56240223055023e-05,3.98570765414182e-05,0.00017450268628684,0.000150899232605227,7.70396752509452e-05
"2017-11-29",0.0097379422188146,0.00971475503944571,0.0104752218181057,0.0103116506766628,0.00971413304575493
"2017-11-30",0.000221572170491507,0.000198267642387265,0.000331631572371057,0.000346741318320231,0.000317331547042475
"2017-12-01",0.0115658072586848,0.011444592133153,0.0122053164430735,0.0123926663095397,0.0122179650811413
"2017-12-04",7.73154919206874e-05,4.93967585364475e-05,1.48550787309869e-05,4.6553592793606e-06,1.40085005136584e-05
"2017-12-05",0.000151314397438525,0.000187401952259066,0.000131541005371954,0.000113399355445101,4.81256982306337e-05
"2017-12-06",0.000167288835343094,0.000107925049028214,0.000141035711315239,0.000163797464329797,0.000306533091373421
"2017-12-07",0.000437893396891389,0.00057030260140975,0.00058876122176795,0.000569965286386084,0.000438269261834577
"2017-12-08",0.00190180194468418,0.00208403101961705,0.00223119051785284,0.00216639682480732,0.00156363807094177
"2017-12-11",1.08958168849317e-06,1.92305945945817e-06,3.76287103952451e-07,1.77403122467871e-07,3.7544430020725e-05
"2017-12-12",0.00099465808901785,0.000944523581213619,0.000989542719745074,0.00100292124166158,0.000682561799473342
"2017-12-13",1.28108096800201e-05,2.1502307107457e-05,9.82024776185659e-06,5.45300085069839e-06,7.7500236926765e-05
"2017-12-14",5.78937841450504e-06,3.48854263396748e-07,1.38975933442328e-06,5.92317332185758e-06,3.03120984286113e-05
"2017-12-15",0.000172093406741122,0.000166038372634208,0.000173542843740799,0.00021429788749217,9.84196533872229e-05
"2017-12-18",0.000375987496789253,0.00038794337586262,0.00056746413581576,0.00064712936371758,0.000475782791582312
"2017-12-19",5.2106792469621e-06,6.0141189112525e-07,2.88565316522709e-06,8.69295666535756e-06,1.72532854108501e-07
"2017-12-20",8.15061641161299e-06,2.01370290007201e-05,4.21935637508143e-05,6.73513346675332e-05,3.03980211417077e-05
"2017-12-21",0.00040916013654613,0.000446062010659755,0.000499199606172556,0.00054823531733935,0.000460445543206949
"2017-12-22",0.000634159553179252,0.000656972663560464,0.000728734740807792,0.00077394167530231,0.000612803718575513
"2017-12-26",0.00160424148151341,0.00162092116878034,0.00163764734831941,0.00164719534564902,0.00176332543134058
"2017-12-27",0.00200420338641314,0.00201631951400741,0.00171945766474119,0.00168851519731119,0.00184168036345448
"2017-12-28",0.000917769377903329,0.00080501566152355,0.000638680350577413,0.000617479723007298,0.000707508919052178
"2017-12-29",0.000151481563579176,8.5212305179044e-05,4.14312005365458e-05,3.91278574004053e-05,6.89159654236583e-05
"2018-01-02",2.90451245461065e-08,7.6230015478115e-06,4.01824855991521e-05,4.55977473711191e-05,2.25778669403576e-05
"2018-01-03",4.12821632854513e-06,3.82049106924757e-05,7.34365338008221e-05,7.67455632559777e-05,4.78959255096917e-05
"2018-01-04",1.77720382039579e-05,1.67521852770937e-06,7.42483279193218e-07,1.52709202483752e-07,1.74734252072069e-07
"2018-01-05",0.000273221127799916,0.000238353810984096,0.000191962374825232,0.000223940484857172,0.000260058261469007
"2018-01-08",1.97548756742123e-05,2.28463682710078e-05,6.82578693107388e-06,1.67361662045435e-05,6.12913067087772e-06
"2018-01-09",1.00845838134995e-05,6.41783767869805e-07,1.02887528990961e-06,6.4687896538888e-06,4.4945784320742e-06
"2018-01-10",7.66307886024821e-06,5.83765323695545e-05,7.14101152086506e-05,9.30868374443988e-05,6.15408146221522e-05
"2018-01-11",0.000649250430780916,0.000855655798044744,0.000993122553714219,0.00109596883252821,0.000991398576859213
"2018-01-12",0.000212928646926547,0.000316661599184481,0.000359013327956164,0.000396278597329545,0.000312592152581298
"2018-01-16",0.00282928652397112,0.00262824944507519,0.00241240828132534,0.00234814935046009,0.00272770652644289
"2018-01-17",0.00103702298603813,0.00105964252197992,0.000983649574452358,0.00090831683864254,0.00144792716022784
"2018-01-18",2.60834928752537e-05,1.20717007645903e-05,1.22087573176376e-05,3.84745840025283e-06,3.77873074713356e-05
"2018-01-19",1.01289113819333e-05,2.21190952630954e-05,8.0084089112993e-06,1.7641787029834e-05,1.09048138680449e-06
"2018-01-22",0.000489330937591138,0.000558732107910245,0.000501798382933091,0.000720001063233241,0.000627012308533268
"2018-01-23",0.00138399618293864,0.00128982898670142,0.00131363126843806,0.0017048850695765,0.00203141302991542
"2018-01-24",0.00247509437659364,0.00256492963824109,0.00263053249693992,0.00316572294569841,0.00305876524275703
"2018-01-25",0.000237502200923399,0.000271943456833593,0.000256255279856191,0.00033590768929847,0.000249404016432054
"2018-01-26",0.000616225354936224,0.000557700705537318,0.000584871878962529,0.000509124193326948,0.000513634369888356
"2018-01-29",0.00631589193803958,0.00642597383256414,0.00629313130165542,0.00625290218870886,0.00595337481272078
"2018-01-30",0.00271661439962295,0.0024738826369259,0.00253036751613926,0.00243116837127761,0.00207707048000222
"2018-01-31",0.000861705817676699,0.0010379029818879,0.00106475083631015,0.00118629777779136,0.00146809331665788
"2018-02-01",0.000292857693725084,0.000170552505918114,0.000122790416764016,8.0880255559238e-05,4.80430938508689e-05
"2018-02-02",0.012882330571321,0.0121392701540169,0.0106821312377784,0.0102032104808799,0.00914545817294825
"2018-02-05",0.0749684378959157,0.0738070313057008,0.0653724150195868,0.0645351684838901,0.0603942794132342
"2018-02-06",0.093178722169226,0.0927739456478358,0.0885235876844227,0.0857168520778041,0.0820398610190351
"2018-02-07",0.0369751334743737,0.0457303071968509,0.0517062151315921,0.0557266990958516,0.0669282734746893
"2018-02-08",0.00578529250055172,0.00394005038059439,0.00266167262812385,0.00349637558808636,0.00200582633243636
"2018-02-09",0.0379251106273712,0.0314438645126587,0.0288886354977707,0.0303764551863971,0.0249647998337646
"2018-02-12",0.0228828652344019,0.0315516696836732,0.0298416032302267,0.0288557045400949,0.0384646025510733
"2018-02-13",0.00802293857617496,0.0105237306200947,0.0114119274098878,0.0106615245271805,0.0121534831014908
"2018-02-14",0.00104514653868976,0.00123792874533181,0.00141050213735531,0.000886063536496982,0.00187367002187919
"2018-02-15",0.000193662177989008,0.000304580276898938,0.000435397320520855,0.000108371419710241,0.000292276315438452
"2018-02-16",7.68401622001677e-05,9.59972875929117e-05,7.35964911715409e-05,1.03642282578174e-05,4.00967097684524e-05
"2018-02-20",2.3409979987053e-06,2.85195812167501e-06,1.89430459096535e-06,5.53103526556081e-05,0.000241001601351203
"2018-02-21",0.000143035456472275,0.000123696093169917,0.000207728496590095,0.000312591911017059,1.66345045105112e-06
"2018-02-22",7.65377901034032e-06,1.01360567584259e-06,9.67236174353148e-06,6.82116595142113e-08,0.000282188729801121
"2018-02-23",0.00386261396716524,0.00398998303508852,0.00341119595702057,0.00423222697329065,0.00631659819020735
"2018-02-26",8.68949617680335e-05,8.68024326850314e-05,3.31323867263468e-05,0.000123589987878237,0.000521311208073377
"2018-02-27",0.00159829286025685,0.00168990120029265,0.00192273464021058,0.00157236173772017,0.000792137880747215
"2018-02-28",0.000140198681721451,0.000151009437177717,8.39405587436131e-05,0.000147977525800123,0.000682273280654929
"2018-03-01",0.0259870075911535,0.0253190203868972,0.0250528403160398,0.024709119906329,0.0215581257393775
"2018-03-02",0.000110648996146725,1.8463800961067e-05,0.000155829353220536,9.53339803070236e-05,0.000239248563705262
"2018-03-05",0.00148335876506424,0.00166548844112698,0.00124872034800729,0.00142808186631795,0.00353691710546209
"2018-03-06",0.000202715397605722,0.000298691527680764,0.000325780788148757,0.000327814066704572,0.000872204848698561
"2018-03-07",0.000151669217359594,0.000123666641378214,0.00020095272702689,0.000260279976012274,0.000789438965229418
"2018-03-08",0.0018442604388623,0.00184443805901596,0.00146893125653463,0.00179336211885369,0.00280476897837119
"2018-03-09",0.000838788124295526,0.00080235946570721,0.000952337511769153,0.000969382252603153,0.00132723057133815
"2018-03-12",8.72247462966266e-05,6.67289360640357e-05,0.000169623264022685,0.000240430327836188,0.000244473746318692
"2018-03-13",0.00248609796568276,0.00287546000090573,0.00207698867433377,0.00219770868518029,0.00180292642285718
"2018-03-14",4.54192490802858e-05,0.000111825562770745,5.60573940556333e-05,8.62815885985751e-05,1.23574539234155e-05
"2018-03-15",0.00126241859047921,0.0011613318740341,0.0016473911632503,0.00145712144301035,0.00334196774674292
"2018-03-16",0.000405481725997893,0.00030811074043081,0.00052573404632986,0.000371980072346092,0.00143945173006485
"2018-03-19",0.00347900530612207,0.00378748498207418,0.00313774835169849,0.00344055466837586,0.00307326169796772
"2018-03-20",0.00126095961342,0.00104409649071455,0.00131243445030642,0.00101477031451293,0.0011349916049302
"2018-03-21",0.00259681374779484,0.00281388150673983,0.00294872939507877,0.00322626806474175,0.00260422579366699
"2018-03-22",0.00540863834545886,0.00532317659472326,0.0059066803004137,0.00603004512744141,0.00516913300339762
"2018-03-23",0.00403475219759724,0.00403453245142489,0.00507640584856697,0.00490189820544261,0.00299810999349216
"2018-03-26",1.452365597087e-05,4.57435508792357e-05,2.69825450173793e-05,2.1488857950006e-05,0.000183044590809501
"2018-03-27",0.0120655958980698,0.0116735048293587,0.0134815272508056,0.0136470545710451,0.0107480209536494
"2018-03-28",0.0128294866214689,0.0123353773004331,0.0140269060946099,0.0152490848063519,0.0124584703267619
"2018-03-29",0.00427938960839729,0.00515501449432989,0.00388088882567822,0.00328152339892799,0.00612938918297932
"2018-04-02",0.00761329482232986,0.00758646666199988,0.0091212785069129,0.00954636885925211,0.00787884110952809
"2018-04-03",6.1669906120491e-07,1.62287078144182e-06,1.69275279428269e-05,2.12506468973608e-05,0.000155169621776618
"2018-04-04",0.000118160171363032,8.23647118515309e-05,0.000158674066570906,0.000141991024827935,1.23370770128531e-05
"2018-04-05",0.00199307161265652,0.00198655874471659,0.00190238832042654,0.00192096504042683,0.00521791718442144
"2018-04-06",0.00660818791802719,0.00664713914317014,0.00728273493557501,0.00759083988971224,0.00447458182696918
"2018-04-09",0.00319943546452429,0.00354425202523636,0.00308253246832762,0.00305919221295455,0.00550553076640799
"2018-04-10",0.000108245190290634,8.43376216691384e-05,0.000111682147973458,0.000115111155552563,5.04134225808268e-06
"2018-04-11",0.000132800684713212,0.000248468685493925,0.000270897804811747,0.00028990265572569,0.00101648263527236
"2018-04-12",0.000771366382540137,0.000858222979716019,0.000667773758571187,0.000660299682193586,0.00220740887932768
"2018-04-13",5.28202022369723e-06,1.20971397570906e-05,4.22906853236355e-06,6.0214789413094e-06,0.000322616289781982
"2018-04-16",0.00125414174301371,0.0012666505328084,0.000971482916076921,0.00106434568990952,0.00273790407233988
"2018-04-17",0.0012300813819588,0.00135049685507742,0.00114693317684179,0.00112852376683689,0.00243993184828096
"2018-04-18",3.30001042978374e-05,2.24382950757438e-05,1.26294911154871e-05,2.74541834583001e-06,0.000274579800201669
"2018-04-19",0.000351776421005504,0.00040330994984567,0.000427734119031699,0.000480676578643905,0.00014479922566823
"2018-04-20",0.00348878012895665,0.0030769991109767,0.00342931152232297,0.00263550488444633,0.00210367455063896
"2018-04-23",0.000264473898486304,0.000746690440769296,0.000324626552713684,6.2726189847911e-05,0.000181303837792051
"2018-04-24",0.00400244636603798,0.00395455555065084,0.00379083085616226,0.00528587469356117,0.00416820708472226
"2018-04-25",0.000366348930024188,0.000168608839434928,0.000171477229122614,0.000366835894839746,1.72090831411796e-05
"2018-04-26",0.00267565638684186,0.00341884373855301,0.00434391766295978,0.00408839785913126,0.00714039377866273
"2018-04-27",0.000693552101634566,0.000619317803175479,0.00052133088442754,0.00027226373859712,7.69332180490324e-05
"2018-04-30",0.00169051179891936,0.00186177596325661,0.00187283058016043,0.00181787083451969,0.00152639208902243
"2018-05-01",0.000107694939323698,4.76908227225839e-05,2.76983599170718e-05,3.91380306624458e-05,2.98458252185278e-05
"2018-05-02",0.00179288851482961,0.00153391117468945,0.000763504941109421,0.000574445894914209,0.000467208402243841
"2018-05-03",0.000101383286111023,0.000119905568545401,7.79732913371745e-05,1.59233829899779e-05,4.81901228539646e-10
"2018-05-04",0.0010221937298445,0.0014749072188992,0.00134015403791796,0.00217617535841521,0.00292622765765482
"2018-05-07",0.00012305647799865,6.15616322405651e-05,9.90995755517354e-05,2.43000853284501e-05,2.16047709239633e-06
"2018-05-08",2.30301982311496e-10,7.56657691153668e-06,1.70400803622136e-05,5.70063199245361e-06,5.88957551031702e-09
"2018-05-09",0.00285852640229221,0.00280652058101048,0.00269910418500838,0.00300263374798077,0.00330592065849827
"2018-05-10",0.000465465367096862,0.000459910739543236,0.000437167914702742,0.00049300352947147,0.00069677536222145
"2018-05-11",0.000108723712026986,0.000104408493985971,8.06852570229252e-05,7.53838513233482e-05,0.000210170913302345
"2018-05-14",0.00122740078282211,0.00114298145059784,0.0019083031277239,0.00179107227596616,0.00197875748425319
"2018-05-15",0.00174903681452985,0.00179086082177832,0.000739047666181105,0.000837705937151218,0.000632805350519392
"2018-05-16",0.00161517428931691,0.00162159987179551,0.00219495368738848,0.00210999505380018,0.0025521926393216
"2018-05-17",4.03626077497479e-05,3.08496588189587e-05,0.000240974783332447,0.000274952728980761,0.000342755180233738
"2018-05-18",6.37018471419871e-09,5.52872902299349e-07,8.21392395635166e-05,0.000172942304947862,0.0002203161830723
"2018-05-21",0.000382325611120213,0.000392154608631098,0.000780317659253346,0.000791572082690423,0.000935180466683881
"2018-05-22",0.000185241993148136,0.000196106274361208,0.000193571166554371,0.000246494553945371,0.000466434353774735
"2018-05-23",9.83363309681639e-05,7.11460505102827e-05,5.73206760885197e-05,6.14071477218792e-05,3.20593388978934e-08
"2018-05-24",6.96022532074392e-05,2.45541561324603e-05,7.33609377270331e-05,5.12225490336056e-05,7.82712763240567e-07
"2018-05-25",0.00113060645661678,0.00129901938213842,0.00111953896346536,0.00141024907897937,0.00188560707040525
"2018-05-29",0.00115904328082305,0.000998878914368176,0.00138331050722572,0.00128786578904044,0.00110924142636198
"2018-05-30",0.00167143187962104,0.00180015749612089,0.00156964901210782,0.00197104531767178,0.00206631553963078
"2018-05-31",6.62539650928e-05,4.1026046136828e-05,6.81945399040458e-05,2.46838835383609e-05,2.43961370195887e-05
"2018-06-01",0.00137261693994426,0.00152118202011248,0.00145239586256492,0.00152816093118873,0.00169711555460619
"2018-06-04",1.35808582150139e-05,8.16866966144694e-06,1.78153347610141e-07,5.78036379391079e-06,9.95598026817919e-07
"2018-06-05",0.000222870438752943,0.000201421356407122,0.000323290384578604,0.000150090297077621,0.00018303640668044
"2018-06-06",0.000213756184161386,0.000204909989055732,0.000481147585805591,0.000409940161614985,0.000467817099321061
"2018-06-07",0.000271409173869385,0.000207087849388956,0.000162849469709782,0.000203459356507459,0.000105045899881858
"2018-06-08",6.98241702494517e-05,7.87929807179649e-05,6.46049760053362e-05,2.49600837317524e-05,2.10057031293043e-06
"2018-06-11",0.000897192398319572,0.000715124261634908,0.000825786347989021,0.000874563674319075,0.00116405385750493
"2018-06-12",0.000307168383073709,0.000270355500386576,0.000183840753616077,0.000100621177061917,0.000178255404311401
"2018-06-13",0.000276705714757396,0.000333759947047419,0.000497446465592105,0.0006206128408054,0.000470154409495797
"2018-06-14",0.000236041574729672,0.000169389696223104,0.00016266235739944,8.53126423053772e-05,0.000168510237783598
"2018-06-15",0.000289117599022149,0.000298868388825609,0.00025001312908394,0.000265887629533255,8.27705838774251e-05
"2018-06-18",8.76783654648883e-05,0.000116481977763359,0.000233733583164939,0.000279694236071687,0.000706935593045339
"2018-06-19",0.000749719871534694,0.000877637289128437,0.000695909019081334,0.000796993457678408,0.000312341611355604
"2018-06-20",0.000386014406047007,0.000411840306733538,0.000480860561486993,0.000360373252233535,0.000901644077427019
"2018-06-21",0.000442635925186733,0.000446291617089098,0.000202474351701267,0.000343908615582834,5.03533167587767e-05
"2018-06-22",0.000849044975191296,0.000840564444664758,0.00099038500426845,0.000823982381194925,0.00146691067252889
"2018-06-25",0.0063318447329613,0.006250608660964,0.00595785236179992,0.006010155465992,0.00463891487202101
"2018-06-26",3.12747119378194e-05,0.000102161395351417,7.39189729638582e-06,0.000401556549240391,0.000647683874977506
"2018-06-27",0.000629364848432182,0.000643849440461434,0.0010347118570913,0.00172344219615576,0.000974332822110164
"2018-06-28",3.79161460591109e-05,5.78474919596804e-08,6.71975128963645e-05,0.000375924667016128,2.78048502360136e-05
"2018-06-29",0.00352603672395498,0.00319103378230278,0.00404973158587341,0.00589260869687218,0.00397438123566838
"2018-07-02",0.00335750902936888,0.00302718208100426,0.00160562473126461,0.000867424660398932,0.00146860621619408
"2018-07-03",0.000131327954232427,0.000255076417320664,0.000119624146184873,9.26458663575771e-05,0.000540378295038477
"2018-07-05",0.00023703751242191,0.000423763645726844,0.000121183392480195,0.000201866461344386,0.00066290733855351
"2018-07-06",0.000331479331048513,0.000457611610777118,0.000158840840396,0.000176244723701071,0.000922812323525198
"2018-07-09",0.00065741362268567,0.000566169771380171,0.000429349144314391,0.000504795567813321,0.00142999566745446
"2018-07-10",0.000250409460548073,0.000429835000357567,0.000318939209645624,0.000392537834213905,0.00109704611567553
"2018-07-11",0.000344878534418479,0.000344412372899157,0.00040519021378603,0.000327388340666394,1.37103088044809e-05
"2018-07-12",0.000957143697253384,0.00110939100042296,0.00104810783191758,0.00123721084760523,0.00213462849412638
"2018-07-13",0.000499398452397634,0.00094528611255542,0.000665087820046724,0.000762867952252153,0.0014516868907128
"2018-07-16",7.19416428439636e-05,0.000119357587210744,6.64139283167772e-05,0.000162887323660892,0.000617490210265616
"2018-07-17",1.22645435063568e-07,6.39327879295152e-08,2.93842508909887e-06,1.70165227165287e-07,0.000126015126999182
"2018-07-18",0.000103293028442476,8.0077729269635e-05,0.00015282405712724,0.000225740051316718,0.000597681544485542
"2018-07-19",9.65663922830435e-06,3.88976891907143e-06,9.23709329367649e-06,4.27664248715006e-07,8.30341613614435e-05
"2018-07-20",0.000144973009633283,0.00018442572463802,0.000282352639805099,0.00060247070337899,0.000833928023487804
"2018-07-23",0.000208932433022657,0.00110014597903961,0.000619738204140182,0.000342279367549787,0.000387644613147329
"2018-07-24",6.71375841485902e-05,1.16013230030452e-05,9.03217266405262e-05,0.000127651646496427,7.88663050703327e-05
"2018-07-25",0.000296012558041516,0.000519205327496652,0.000298390917378961,0.000300218064654956,0.000451135357863276
"2018-07-26",4.73303490776417e-05,5.67214508567088e-07,6.30869131198232e-05,3.49668489226562e-05,7.34098228651189e-05
"2018-07-27",0.00187358149417081,0.00144991151178507,0.00158772395474018,0.00114913165077677,0.000932133483840014
"2018-07-30",0.0001463301590636,0.000181650770592377,0.00176738089495365,0.00195253895596855,0.00174673628405939
"2018-07-31",0.000310490083460666,0.000278558997275205,8.41612457095126e-05,8.04343715565148e-07,2.41531813240926e-07
"2018-08-01",0.00522065250163374,0.00542192437177767,0.00466260496936331,0.00487433623009503,0.00452046838425821
"2018-08-02",7.53853057333859e-05,7.38387689313206e-05,9.19099905522743e-05,0.000150855457802326,0.000185881276640669
"2018-08-03",0.000699446850454126,0.000599701782656014,0.000728726672462581,0.000494925208447917,0.000587716310398691
"2018-08-06",0.000686857480642989,0.000582805709913845,0.000172807040283266,8.00976393305607e-05,0.000124535454127563
"2018-08-07",0.000345971004417439,0.000284302928431387,0.000109037367919476,0.000129032794097478,0.000272271054587721
"2018-08-08",5.47307767828518e-06,2.42207666505057e-05,0.000188030817962929,0.000187836930366946,0.000115868830595221
"2018-08-09",0.00119172416294745,0.000918103426785962,0.000842429492305939,0.000688457472745342,0.000833457140558305
"2018-08-10",0.000121309941538249,0.000180062819619309,0.000233160457327032,0.000264135344381479,0.000175926003358376
"2018-08-13",9.32964967816793e-05,0.000140585976861132,0.000101640983368322,0.000115417066611588,5.89191434914847e-05
"2018-08-14",0.000581126924822941,0.000465267378036264,0.000296113729596101,0.000327535176875398,0.000485419290541174
"2018-08-15",0.000522412743172664,0.000536567711411064,0.000759446362415138,0.00080802141925209,0.000655696974849945
"2018-08-16",0.0011288642929124,0.00120658715482347,0.00106263145942897,0.00110187234563755,0.00141104835111919
"2018-08-17",0.000395492622675379,0.000431101707941674,0.000486387329921234,0.000578622267034883,0.00031187502345804
"2018-08-20",0.000101579842435741,0.000161008689429065,0.000232743919683913,0.000282350390406395,0.000104503827027839
"2018-08-21",8.77328814441447e-05,3.66524544891919e-05,2.14681921955203e-07,1.10257234534744e-05,2.58595984572495e-06
"2018-08-22",8.33371572600962e-05,4.43671856604793e-05,7.07919797050118e-07,1.53267980532356e-06,6.09849627067957e-05
"2018-08-23",7.70690474601108e-05,4.82697534233108e-05,4.61547816831502e-06,9.62973022733821e-06,0.000109478813185249
"2018-08-24",0.000406039788697327,0.000475974040607768,0.00015347712641777,0.000139896761237304,0.000475604834377624
"2018-08-27",0.00017300224667137,0.0001756994180089,2.01032207915156e-05,3.3729177267246e-05,0.000156964373559522
"2018-08-28",0.000653435132334583,0.000660277824100014,0.000279594685828235,0.000339403845281926,0.000669325190249521
"2018-08-29",3.89973441013933e-05,3.87720350450374e-05,7.77671303818513e-06,1.18853421595231e-05,0.000221786096801855
"2018-08-30",0.00410642221689969,0.00404963006792305,0.00455363705836849,0.00435124268331348,0.00329656258704524
"2018-08-31",0.000108207654734658,6.2219818793875e-05,2.11370322766979e-06,7.56243889462333e-08,5.35071785296238e-05
"2018-09-04",7.49900829610435e-05,0.000109173333036562,0.000292333366317946,0.000320850531282535,5.64705893584422e-05
"2018-09-05",0.00200589156420024,0.00220366868959196,0.00256773738550961,0.0022624113563599,0.00149995149540698
"2018-09-06",0.00188470134969516,0.00216748713397852,0.00309647407840015,0.00194587878724859,0.00149930273232604
"2018-09-07",0.00337629680862242,0.00360267374811,0.00515128575780109,0.00630682667450046,0.00523403901725589
"2018-09-10",0.00137033007489479,0.00176173586004164,0.00280250796218349,0.00375986993630481,0.00328798893221437
"2018-09-11",0.000334352826917639,0.000177498164946184,4.84827572000103e-05,6.94705678059688e-09,1.80693421050802e-05
"2018-09-12",0.0113782665009107,0.0120733426602569,0.012121854910594,0.0131262558204494,0.0118408537120959
"2018-09-13",0.00260983207694774,0.00209458786564429,0.00159750030415867,0.00162635267026564,0.00188173443991376
"2018-09-14",4.29974262502952e-08,1.88969141819782e-05,4.11711502905599e-05,1.19113024580771e-05,5.47427440383636e-06
"2018-09-17",0.00126324786597809,0.0015045921425824,0.00156078418858694,0.0014352219312422,0.00113674264205616
"2018-09-18",0.000434068193398481,0.000260492006971781,0.000190053896898958,0.000224968557385402,0.00034307407901459
"2018-09-19",8.46225683892286e-06,4.50091244467939e-05,3.76856115405079e-05,6.27873453146017e-05,1.51939998505924e-05
"2018-09-20",3.91864350214164e-05,9.92527350290212e-07,1.39561282325395e-06,9.79333498696356e-07,2.87452646510885e-05
"2018-09-21",6.88661847039399e-06,5.26963887332247e-08,2.24129423932441e-06,2.31960770607716e-05,8.11983019719892e-05
"2018-09-24",7.92127065705361e-05,2.91731404114244e-05,8.019101757329e-05,9.27553301181653e-05,0.000138600009930017
"2018-09-25",7.98988029478915e-06,2.08048177210077e-06,1.94507028319714e-06,4.87910583835213e-06,4.66902911416954e-05
"2018-09-26",8.01138976838183e-05,0.00013618623189931,9.69665495391873e-05,0.000114336799308996,6.4488362364855e-05
"2018-09-27",0.000608014068471836,0.000547064232873023,0.000737706124781539,0.000732720699591637,0.000868925714274264
"2018-09-28",0.000140095547966103,8.31481888881426e-05,0.000155658766292175,0.000193692133809941,0.000330864097920535
"2018-10-01",5.77980503210435e-06,7.72360744099162e-07,0.000104419155035027,0.000128937867619685,0.000231510446083338
"2018-10-02",8.2689815564419e-05,4.1294052136579e-05,2.5825820696008e-05,1.36386889570944e-05,3.3248611360861e-08
"2018-10-03",9.86612167224002e-05,0.000152726093754882,7.46827080295664e-05,9.6213907690128e-05,1.71132172732114e-05
"2018-10-04",0.00650579242347169,0.00696197039737429,0.00690611913031572,0.00702716507922555,0.00644934987153976
"2018-10-05",0.00339857816101962,0.00343697346498775,0.00342140791310337,0.00354212128417635,0.0036186426958978
"2018-10-08",0.00108027392115248,0.00122353959594708,0.00126179332389465,0.00137248501034138,0.00157237355487336
"2018-10-09",0.000863121385723341,0.0010172806328661,0.00110968960588597,0.00103643579697194,0.00104164286626542
"2018-10-10",0.0126275089936021,0.0127881886242776,0.0128823008830479,0.0127755927237806,0.0133493905036187
"2018-10-11",0.0449381119402706,0.0444082492315415,0.0453761488589404,0.0455275065177002,0.045272029883262
"2018-10-12",0.00134459215521343,0.00177414549493799,0.00235175231322489,0.00269769505641566,0.00236406176487033
"2018-10-15",0.00125921713431233,0.0016391749844065,0.00227495090824703,0.00239444352462667,0.00176632274588334
"2018-10-16",0.00351300308522621,0.00381784059103305,0.00424132661594394,0.00457973556526688,0.00346872666321946
"2018-10-17",0.000731981240571432,0.000603513900161424,0.00036662978443587,0.000413063202171808,0.000866882108562773
"2018-10-18",0.00105139507950306,0.000838482128297467,0.000382132891582959,0.000446284951414669,0.000804851985171361
"2018-10-19",0.000180855787198348,0.000314235716543943,0.00093223823968874,0.000918990278875789,0.000626075387415714
"2018-10-22",3.91100168128519e-05,0.00122244555646258,0.00110595880750935,0.00122748279194917,0.000100662618490245
"2018-10-23",0.00697324832941398,0.00593077905339481,0.00522396757929047,0.00486786165837208,0.00762748709181024
"2018-10-24",0.00476906490623295,0.00326053914525755,0.00316638837996995,0.00283718798913548,0.00439057886082676
"2018-10-25",0.000870971327008246,0.00176296927573373,0.00202159486730647,0.00207193327621246,0.0014500361364397
"2018-10-26",0.0181606664995768,0.0153617765575911,0.00915029350401014,0.00924852879696025,0.0127310177491441
"2018-10-29",0.00398795978577921,0.00316939212712079,0.00121453765739102,0.00105013275667259,0.00270041339399525
"2018-10-30",0.00434372464664686,0.00378753293965363,0.00356693247084213,0.00366122082905852,0.0056851941702505
"2018-10-31",0.0151812499859428,0.0151470652191795,0.0176497050972073,0.0175494690362531,0.0146457063577071
"2018-11-01",7.72436865794083e-05,0.000118215339940269,0.00163712418888634,0.00174902062093619,0.000695714639805549
"2018-11-02",0.0096376557224903,0.0099934809814646,0.00899735126794989,0.00873789088686258,0.0115663449096402
"2018-11-05",0.000648415043659014,0.000438766004541493,0.000580753120676802,0.000517149318373327,5.06776983517833e-05
"2018-11-06",0.00652113997587505,0.00540836179141554,0.00459908549131834,0.00457803611911198,0.00267772929503361
"2018-11-07",0.00166389685449882,0.00110366734455126,0.00126120335968909,0.00135762574586957,0.000504817132817873
"2018-11-08",0.00099133288660497,0.000442542277812179,0.000805162137917647,0.0010758362389357,0.000488902158139481
"2018-11-09",0.000220678781760813,1.14537308187562e-05,8.12660994848184e-05,0.00012948755897776,1.80694272049087e-06
"2018-11-12",0.00366247038972779,0.00518461424481029,0.00400097553768182,0.00351759006102774,0.0051381073162839
"2018-11-13",0.00667022906890378,0.00848399139363175,0.0078924785793853,0.00841561480338267,0.0101848872686648
"2018-11-14",0.002162973102858,0.00309742262263143,0.00285668308965254,0.00281059714796023,0.00330068930125695
"2018-11-15",0.00108527856844962,0.00171304847825036,0.00174586301996944,0.00160523848352714,0.00218574026466788
"2018-11-16",0.00164249156218,0.00115120554205537,0.00104243835024028,0.00137041143449947,0.000953307106623144
"2018-11-19",0.000557373628687683,0.000945651458295888,0.000927368918156455,0.000671241650176257,0.00126375872302008
"2018-11-20",0.0288161042806078,0.030787487248798,0.0317817569288506,0.0306729341252136,0.031668729903727
"2018-11-21",0.017283571173856,0.0156802437197373,0.0121469288498365,0.0127778679772257,0.0145709020435725
"2018-11-23",0.00247970251786097,0.00196977080010625,0.0016055347373855,0.00197057741013838,0.00239081202801345
"2018-11-26",0.000763527543285938,0.000919013284609502,0.00169407852097971,0.0014735963906313,0.00132464750804178
"2018-11-27",0.000647122448733364,0.00104516508598696,0.00189988543309165,0.00151123651323963,0.00150485727174537
"2018-11-28",0.00020650465102923,9.33319987966706e-05,7.91850852498224e-05,0.000125562550989758,0.000129327604935584
"2018-11-29",0.000131355886522162,9.71700395947862e-05,0.000123412044151952,0.000190717783350594,0.000379431587952545
"2018-11-30",0.00133236364716181,0.00116779045859074,0.00110648493749692,0.00135350626480224,0.00179594801768581
"2018-12-03",2.37872755325659e-05,6.95503523388549e-05,4.24632656511803e-06,3.6488378008697e-06,3.33284840167461e-05
"2018-12-04",0.00318249425810394,0.00312187282982967,0.00171095827321122,0.00142586823409026,0.000881424902875682
"2018-12-06",0.0075068198446085,0.00704594925802838,0.00522265647791055,0.00449749460517878,0.00365561912054206
"2018-12-07",0.000782722736097162,0.000598237122836932,7.36399908792587e-05,9.90485284098366e-06,1.68746578153116e-05
"2018-12-10",0.00897459664886294,0.00767260725601919,0.00609615372072578,0.00558748996472581,0.00474253984412498
"2018-12-11",0.000177610480021488,0.000244280220848763,0.000379080051246926,0.000519619825147362,0.000809351094957582
"2018-12-12",0.00473593662053433,0.0049505545524673,0.00499730884259865,0.00557157979436644,0.00633885016842849
"2018-12-13",0.000320930695475268,0.000247208813095521,4.89951254499759e-05,1.44434666499106e-05,2.23796439096978e-10
"2018-12-14",0.000207725215932521,0.00018546393091698,0.00021434314603002,0.000323929852527314,0.000476350428001488
"2018-12-17",0.00131016416847248,0.00139127059953415,0.000978105215063835,0.000841777211211791,0.000704478218562788
"2018-12-18",0.000234229202647803,0.000432797632486779,0.000565692686491467,0.000675479011496848,0.000841128968380433
"2018-12-19",0.0181539396705651,0.0182324739831299,0.0150641529795616,0.0143055735186429,0.0136671482899984
"2018-12-20",0.00887883659434723,0.00730081653941039,0.00531353828903813,0.0044937176032811,0.00466583509987562
"2018-12-21",0.00512117516578182,0.00425817465214252,0.0032031135322991,0.00299013835908292,0.00318743633046381
"2018-12-24",0.00138724448151549,0.0015986630144684,0.00239882188009547,0.00259106206411308,0.00214138719540957
"2018-12-26",0.00138257891657792,0.000828785034080559,0.000614579699605058,0.000232329931499426,0.000606593935381077
"2018-12-27",5.69796627044469e-05,1.60680493556536e-05,5.5946967051174e-06,7.76037334208895e-06,5.73280056548785e-05
"2018-12-28",7.01434316462063e-07,4.20564094195065e-05,1.91783266124078e-05,4.64316363103456e-05,8.53735306513139e-06
"2018-12-31",0.0126629413592478,0.0136906400308298,0.0124874901518781,0.0124111923455101,0.00993926069971901
"2019-01-02",0.000439834805109263,0.00042664570964975,0.000529815902617471,0.00065319896525186,0.00126673282705727
"2019-01-03",0.00718982602033872,0.00705499129776413,0.00669846354799627,0.00780757880176536,0.0098801690488566
"2019-01-04",0.00432399330857902,0.00398838661295065,0.0039082825159134,0.00302098447815086,0.00191391678615048
"2019-01-07",0.00121967484272457,0.00128021279693143,0.00146217164434794,0.00174037428175131,0.0029371195493411
"2019-01-08",0.00412737028794237,0.00275967059557361,0.0025114979069031,0.00167809654335962,0.000851011220128203
"2019-01-09",0.000710330950166464,0.00109007350168906,0.000850250656737408,0.00108478700870397,0.00211416882620783
"2019-01-10",0.00375138858840372,0.00238034754857823,0.00165492054253919,0.00114967891576144,0.000423760531437188
"2019-01-11",0.00452727408793581,0.00338811766246997,0.00334234562921453,0.00258812767291276,0.00158527405171436
"2019-01-14",0.00118782427061495,0.000636438086939162,0.00133823295880131,0.000930263528496417,0.000353842172090224
"2019-01-15",0.000229662281955575,2.92557166516915e-05,2.35904182336966e-07,2.8579004831589e-05,0.000249911058728716
"2019-01-16",0.000917173992840189,0.000586330916847506,0.000699421163388356,0.000408471881904526,9.99855777734128e-05
"2019-01-17",0.000759407573950916,0.00150517043772877,0.000752537453888538,0.00116622880939277,0.0019878758835561
"2019-01-18",0.000719465391139406,0.00033174022061057,0.000265675208581467,0.00012953359465428,1.11333196640668e-05
"2019-01-22",2.5477071869554e-05,8.45106931110198e-05,4.81552755773606e-05,3.49655414485358e-05,6.29535581016264e-05
"2019-01-23",0.00068783237457394,0.000446966863391464,0.000641848076495752,0.000429046653238515,9.74397710966114e-05
"2019-01-24",0.000372749616009098,0.000179908648621112,0.000218201275511316,0.000133632302495454,5.68182892482071e-06
"2019-01-25",0.0010548545732111,0.000900425665432816,0.000963456116942087,0.000788734447973185,0.000353371293936694
"2019-01-28",7.01997591062017e-05,0.000234113385035176,7.67264432113555e-05,3.78474054024962e-05,1.21312393724084e-05
"2019-01-29",3.27829383078684e-05,5.69346563874547e-05,1.39787472494516e-05,8.75621796708671e-10,6.52335030403398e-05
"2019-01-30",0.00364127404473421,0.00454237264482329,0.0039219414232492,0.00449562548683342,0.00532854578037635
"2019-01-31",0.00145854904163998,0.00109511491025023,0.00496455740466582,0.00417112165671957,0.00367226976858052
"2019-02-01",5.1843094565144e-05,1.02130279750015e-05,0.000143229391030393,0.000186074302231617,8.95986228291443e-05
"2019-02-04",0.000799983953319699,0.00198575825076821,0.0016603381720736,0.00119171395832806,0.000785647457013902
"2019-02-05",0.000443863273962406,0.000390088248590717,0.000299433475350771,0.00016400840604747,6.90658417375316e-05
"2019-02-06",6.66522526617995e-06,3.47886620812832e-08,1.4544613621497e-06,7.33292400399487e-06,3.65923061095886e-05
"2019-02-07",0.000442353818031566,0.000514318568092662,0.000916485989302039,0.000922781961862445,0.000961499486668717
"2019-02-08",0.000521489645672313,0.000498942214802002,0.000699867770407837,0.000713414387947068,0.000604037891201123
"2019-02-11",0.000123412037976629,6.65925182652692e-05,8.1524676928639e-05,9.37154539935179e-05,6.52563642632856e-05
"2019-02-12",0.00253370980461705,0.00199618705501069,0.00203823766912209,0.0022576992954067,0.00220088309526065
"2019-02-13",1.88271170924558e-05,3.5640508311906e-08,7.19936643641341e-06,3.51076357181424e-05,3.23681571895831e-05
"2019-02-14",6.41440371069834e-05,0.000178397803399718,0.000117480276847502,7.27848369750984e-05,4.23711086894439e-05
"2019-02-15",0.000199531788820932,0.000227405706095387,0.000415968995670367,0.000454831640835309,0.000487976642964775
"2019-02-19",0.00109275165735009,0.000893264965566813,0.00174321885616803,0.00170666526599495,0.00177256868626853
"2019-02-20",0.000323404891703437,0.000502909637025797,0.000430824005427246,0.000388291733122873,0.000282868383036405
"2019-02-21",0.000321455973027201,0.00021061292357615,0.000616924246296135,0.000639980899087381,0.000694122272830134
"2019-02-22",0.00145822109888062,0.00125972274964843,0.00235696146193968,0.00307560057872921,0.00337663930670863
"2019-02-25",7.20464110518638e-05,9.52533408110778e-05,1.09352978068101e-05,6.27405417163079e-05,0.000128162114930766
"2019-02-26",0.000522432282351918,0.000348805964967162,0.00080391401560331,0.000931492030598039,0.00116442498704556
"2019-02-27",4.233086638507e-05,6.71278950667496e-05,1.21418813299584e-06,1.43561871749879e-05,4.86344774021377e-05
"2019-02-28",0.00038860946776181,0.000361211877750953,0.000684594677351723,0.000972770149815196,0.00117284802194551
"2019-03-01",0.000116326583387566,0.000123378719207869,0.000402728183647364,0.000482995479543384,0.000738449029360473
"2019-03-04",0.00137702109670774,0.00148004503377802,0.00113511114107867,0.000761350728916047,0.000549252269946935
"2019-03-05",0.00168562421548249,0.00203330446793381,0.00308390224193081,0.00324200295473522,0.00372863172070283
"2019-03-06",5.89026819373001e-06,3.57270802618713e-05,0.000322640906170426,0.00048367906660845,0.000622598969109022
"2019-03-07",0.00128367810138742,0.00108459518957801,0.000419121529495739,0.000327759464427656,0.000199938149567238
"2019-03-08",6.33045896294776e-07,2.00238283494323e-05,0.000136279399380065,0.00012631727581273,0.000230310743788544
"2019-03-11",0.000886301330881416,0.00119953652721436,0.00132168314523014,0.00136386098671495,0.00161118195779057
"2019-03-12",9.82407837000217e-05,4.25442780609627e-05,1.69192522708589e-05,7.09313833922628e-06,0.000172109734110596
"2019-03-13",6.72675247418046e-05,7.429437100646e-05,0.000114677930447796,0.000158552265180703,0.0007290168513374
"2019-03-14",0.0010545685290604,0.000923925662917409,0.000923458512036129,0.00129090771806441,0.00248434934313814
"2019-03-15",3.38853564085269e-06,3.93884032341447e-07,1.50026298386231e-05,9.4027561783197e-05,0.000227529980090816
"2019-03-18",0.000106898991640064,5.40335464684991e-05,0.000111361099883741,0.000157093867555645,0.00035265063826936
"2019-03-19",0.000715537266047683,0.000928783809538869,0.00121565660155424,0.00107086920597576,0.000568063953170907
"2019-03-20",0.0015925238582509,0.00186010290572744,0.00232066699815089,0.00225666066903489,0.000985123105757357
"2019-03-21",1.33339915450154e-06,3.00641635507881e-05,3.5988098619617e-05,7.612971656106e-06,0.000393734913702382
"2019-03-22",0.00612269049273223,0.00689849052132765,0.00679639077121072,0.00641229424129876,0.00323017944369769
"2019-03-25",0.00576839118196935,0.00655521794786844,0.00711403993624795,0.0065732954188238,0.00273562432838395
"2019-03-26",0.000220434438147607,0.000566697899053336,0.00109141310107479,0.00104857538927954,6.38508147855355e-07
"2019-03-27",2.34747050612989e-05,0.000268311058666115,0.00128822412361985,0.00104610924514014,2.20011397653302e-06
"2019-03-28",0.00149949787412377,0.00105810492521977,0.000643202494483929,0.000489449479985982,0.0030612164671776
"2019-03-29",0.00179539459162636,0.00114564662869145,0.00068334336813804,0.000721351927129181,0.00329493802632482
"2019-04-01",3.83103084337877e-05,2.46248631609784e-06,1.8582193110567e-05,7.80675431392162e-06,0.000901327067201602
"2019-04-02",0.00137284497332163,0.00109653471218748,0.000484218354051458,0.000415619876873785,0.00216059906165798
"2019-04-03",1.16513598037387e-08,1.08594094198473e-06,4.27302558567348e-05,2.2039752091711e-05,0.000401739249911073
"2019-04-04",0.000352995735730787,0.000262350059744831,0.000145064718674709,6.55983600386987e-05,0.00102093131565342
"2019-04-05",0.000924128954712606,0.000823934065509613,0.000784023727739998,0.000661004394823145,0.00229155471589253
"2019-04-08",1.03567441768314e-05,1.33327065532034e-05,0.000152653797789956,0.000169765666669271,0.00124674513437338
"2019-04-09",0.00053361815102151,0.000686932166444264,0.000292659146625746,0.000412356170172792,3.75998730881322e-07
"2019-04-10",0.000348124041964442,0.000206150474001302,0.000187698146479099,4.48212318482402e-05,0.00083527463651245
"2019-04-11",0.000121832793115992,7.42845913205604e-05,0.000122107388391803,4.53336565802661e-05,0.000538135538340338
"2019-04-12",4.47698544948568e-07,1.8068179777974e-05,6.68640945114946e-06,1.95376211217342e-06,0.000111213695450911
"2019-04-15",0.00117074815295646,0.000932590431099359,0.000769806889562008,0.000631672942487744,0.00108854479061991
"2019-04-16",0.000132452574282277,0.000183861669618899,8.12242578220383e-05,0.00020586760420576,6.18612749692574e-05
"2019-04-17",6.47703510574052e-05,8.47000494838916e-05,3.42970393052258e-05,0.000223336969797755,0.00012792528626888
"2019-04-18",0.00060671386572969,0.00066865298464644,0.00219349122449655,0.00166206476317402,0.00201042725343833
"2019-04-22",0.000436113559671234,0.00163649235427259,0.00371579876728359,0.00388730671460614,0.00432740172392001
"2019-04-23",0.000151058812467866,0.000297613121071865,0.000886687214702337,0.000667129241262815,0.000797418901740012
"2019-04-24",0.000462072973777421,0.000831522582739101,0.00151982357128495,0.00103303973343185,0.00120601051252188
"2019-04-25",0.000119391615429632,3.46708369146939e-05,5.67081367254604e-06,2.15932051409546e-05,7.92993954966617e-06
"2019-04-26",0.00236513549495415,0.00098659318486404,0.00121533527489883,0.0013842557842849,0.00111445111364527
"2019-04-29",0.00247254773600611,0.00238455104010474,0.002224316084058,0.00208240290371305,0.00240889354586831
"2019-04-30",0.00408475320394747,0.00394866266671549,0.00475782972222129,0.00476969533938257,0.00441161408910976
"2019-05-01",0.00378612535938787,0.00414408951565222,0.00472829776968836,0.00530391384039436,0.00488813478908936
"2019-05-02",9.3993612620961e-05,1.90119913549312e-05,0.00124135413433089,0.0008693697257791,0.00106304442786567
"2019-05-03",0.00496435992951694,0.00485115037958077,0.0050783378809567,0.00449256425812414,0.00470793603886068
"2019-05-06",0.00332725288338733,0.00317880313197384,0.00353491885257269,0.00387638496109403,0.00375324925710683
"2019-05-07",0.00543616534022564,0.0057440192665121,0.00717130060880137,0.00725507008691951,0.00722882994786928
"2019-05-08",0.000133776848681602,9.55663227259614e-05,4.28327430898987e-06,3.54246911500675e-09,1.42682731167447e-07
"2019-05-09",0.00603229782951162,0.0058369441502195,0.00626868639355929,0.00632875775226465,0.00658186466462711
"2019-05-10",0.00188391296561577,0.00217030020250528,0.0034789994379612,0.00335195795551935,0.00372055629721815
"2019-05-13",0.00939508733913571,0.00965777455920618,0.0132675279403734,0.0140527544932019,0.0149073267774471
"2019-05-14",0.00493415756948332,0.00439376734080963,0.00236709892032374,0.00211171359188303,0.00173372811226978
"2019-05-15",0.000640963263580815,0.000496994136178489,7.78891107262015e-05,9.95354926472516e-05,3.3481211071435e-05
"2019-05-16",0.000615266520642042,0.000485625490892868,0.000236416255344848,0.000342849790947805,0.000207242996128225
"2019-05-17",0.00140304028020526,0.00164794125265757,0.0018407533962139,0.00166108480706443,0.00197979965391629
"2019-05-20",0.00266293069148256,0.00329130243683895,0.0046324864777595,0.00416173272295657,0.00481732173734454
"2019-05-21",0.0049008804516708,0.00365889336869818,0.00195973171640432,0.00182189245583895,0.00148161103463243
"2019-05-22",2.24677914816897e-05,9.41639463235117e-05,0.000288804857465959,0.00019596913330345,0.000282057668106482
"2019-05-23",0.00227715682171159,0.00275258086385845,0.00393478129347097,0.00355629876044822,0.00384804124419647
"2019-05-24",0.00415241737116088,0.0036689525808197,0.0029041641594505,0.00306275264507121,0.00283706264587301
"2019-05-28",0.000647505858654162,0.000858383155301933,0.00166126354843024,0.00136596684359199,0.0016079242412939
"2019-05-29",1.53105693420135e-05,6.33738948968567e-05,0.000286010005625624,0.000233682850704999,0.000332515896106609
"2019-05-30",0.000891748555430015,0.000999270791872808,0.000579742772771232,0.00072536909425334,0.000585315142116845
"2019-05-31",1.37671159911053e-05,4.22753024536423e-06,4.17114778266524e-05,2.94538456430683e-07,1.39580454097582e-05
"2019-06-03",0.055556346558726,0.0557505348173519,0.0619638234298047,0.0602235127203648,0.0615293813073893
"2019-06-04",0.0153387298740972,0.0133039015151967,0.0129145417585263,0.0122955251143687,0.0120836340919954
"2019-06-05",0.000127501692984663,0.000240839084874827,4.88797922144515e-05,1.71981620686467e-05,2.02967849013014e-05
"2019-06-06",0.00177675083558423,0.00121823041199595,0.0010843984308897,0.00103659986283368,0.00105643059440238
"2019-06-07",9.40472657986101e-05,5.45889860231627e-07,4.07672932784905e-06,9.42394560846176e-05,9.86327681077524e-05
"2019-06-10",0.000154633148409608,4.84792984835083e-05,8.52507492184296e-05,0.000227968260133181,0.000234336994120342
"2019-06-11",8.80359670380977e-05,1.52028437894309e-05,8.53512265125586e-06,9.12864453662507e-05,9.33161327680436e-05
"2019-06-12",0.000904126414601362,0.000749396865148802,0.000709030989942787,0.00119739915112104,0.00120466942738377
"2019-06-13",2.28054237004725e-05,2.76949931369239e-10,2.29053290566083e-07,5.30321892706888e-05,6.88542929443511e-05
"2019-06-14",0.000128792079991737,1.59080224826692e-05,3.28421349318008e-06,6.51073857860132e-05,8.24780229638287e-05
"2019-06-17",0.000639823459203199,0.000418578510114801,0.000375288755581344,0.000623176390368382,0.00066052618472111
"2019-06-18",0.000841287799553323,0.0012528198906482,0.00117545272204498,0.000861530397259268,0.000801807568964888
"2019-06-19",0.000942242481442739,0.00112637989076426,0.00075466678631181,0.00039258479392714,0.000386911086489104
"2019-06-20",0.00298699549090832,0.00256383731061681,0.00233100563228258,0.00280233974924512,0.00287763667617872
"2019-06-21",0.000730192943930387,0.00102126159604713,0.00177250877983452,0.00233209126340985,0.00233625859421664
"2019-06-24",0.00092666713126552,0.00123512223817898,0.0016995536046749,0.00277055676559852,0.00267892480473513
"2019-06-25",0.000206601001275025,0.000185498836457519,0.000157746331782334,8.24730920481128e-05,8.37012349046405e-05
"2019-06-26",0.000627806510741838,0.000651002016559349,0.00087682715181642,0.00108484382938343,0.00107206632769871
"2019-06-27",0.000805255762737213,0.000812313906342632,0.000931233763251193,0.000902817851013909,0.000965414334027603
"2019-06-28",0.000119688997032901,0.000137058598040211,3.2545460042336e-05,3.1692461964493e-05,6.30625230650658e-05
"2019-07-01",0.000169607937572645,0.000196658596068953,0.000193513220458661,0.000172267640575384,0.000145695749044277
"2019-07-02",0.000960717773865096,0.000858976245607597,0.000495549934912722,0.000612168316173434,0.00067840171874808
"2019-07-03",0.00283527823169834,0.00275649780380522,0.00409472840155555,0.00392022728815909,0.00407101307424763
"2019-07-05",0.000127681073040818,4.27617757912627e-05,5.83583201188587e-05,3.74701446654008e-05,2.69080986784868e-05
"2019-07-08",3.6423727736089e-05,9.87894042158027e-06,2.45675034786983e-07,8.44305502335621e-07,2.26871565509215e-06
"2019-07-09",0.000401856974544171,0.000384262392785327,0.000588133179163914,0.000495296644596423,0.000576769175128935
"2019-07-10",1.31755259366432e-07,2.9556177879004e-06,1.60330557805988e-05,2.38174410931694e-05,3.54675388934503e-06
"2019-07-11",9.22463460757113e-05,0.000153860050595198,7.65590791917221e-05,9.55297503756446e-05,0.000153104277801678
"2019-07-12",0.00102858233474342,0.00115319485745988,0.00257359077133548,0.00236463772048544,0.00263322647304419
"2019-07-15",0.000331995003367355,0.000364365279738783,0.00057717672661737,0.000472912058638763,0.000613572917521704
"2019-07-16",1.30739295799383e-05,4.06914230233511e-05,9.49094654469911e-05,9.95968656889656e-05,0.000159099361133317
"2019-07-17",0.000213197849118861,0.000361733544323652,9.62868514560199e-05,0.000108529466221125,0.000179396332297631
"2019-07-18",2.8782980508815e-05,0.000204210215697198,9.09258144721001e-05,9.40432775629939e-05,0.000162054676124874
"2019-07-19",0.000154459211992312,0.000178995472408618,5.06446308115839e-06,1.50250910129739e-05,7.18493067779341e-07
"2019-07-22",0.000615861227192058,0.00129088127598716,0.000819226310036807,0.00214607439350032,0.00233965233956111
"2019-07-23",5.33862234269544e-07,3.55565497344651e-05,4.70833173144206e-05,0.000161908316845814,0.000212000254188067
"2019-07-24",0.000400545920061209,0.000592965127441472,8.83197397409126e-05,0.000186971903732834,0.000260386215899921
"2019-07-25",0.00027330495143461,0.000204524124531179,0.000539403483655221,0.000366889807571557,0.000349218730971524
"2019-07-26",2.26418580744853e-05,1.80634333483478e-05,7.25847970222165e-05,4.22479849643169e-05,3.64271300454359e-05
"2019-07-29",0.000588407954036358,0.00036648532937873,0.000352919715242072,0.000431050273963172,0.000579802854525447
"2019-07-30",0.000129664600636649,0.000213642495408679,0.000279731147633791,0.000287682611567114,0.000211949113213474
"2019-07-31",0.0270562797567563,0.0280405970622995,0.0304285934571397,0.0299305550517564,0.0296128430601014
"2019-08-01",0.00766034867662977,0.00798003159674153,0.00646254961393485,0.0069946791761259,0.00643633188521906
"2019-08-02",0.00129908666984386,0.00136804775119512,0.00103821582871848,0.00101160431223021,0.000852079856769146
"2019-08-05",0.00102000956196403,0.00122182060476885,0.00263763635500486,0.0025057950350323,0.00242196063694805
"2019-08-06",0.000356989058509199,0.00058099074249439,0.000227130276324218,0.000347047163725782,0.00040451923548067
"2019-08-07",0.00173374259914811,0.00158388412272181,0.00155423551387426,0.00141465727264304,0.00136838838005803
"2019-08-08",0.00866485783827839,0.00856569856221599,0.00895784564827155,0.00998703848223501,0.0100601925129824
"2019-08-09",3.17507381106217e-05,1.37349863431346e-05,0.000128735287214012,4.64774229938605e-05,6.13748426655603e-05
"2019-08-12",6.70995486949609e-07,2.08882940731109e-05,0.00311572857821604,0.00319089937668205,0.00336188163253157
"2019-08-13",0.0132904788757459,0.0140802714213274,0.00865244519774592,0.00794458657655474,0.00800446865716056
"2019-08-14",0.000468243457808521,0.000372200281792134,5.18211409938341e-05,5.0675336397969e-05,4.48008890728127e-05
"2019-08-15",0.000189041726118359,0.000234769903174345,0.000109935984426201,1.46620712445593e-05,2.39971435241305e-05
"2019-08-16",0.00736322585093039,0.0077696163606291,0.00747149712739564,0.0079453612967988,0.00757941703499327
"2019-08-19",0.00322879130018138,0.00301373138534218,0.00310091654930553,0.00370335863930637,0.00326666875838925
"2019-08-20",4.23079316798353e-05,2.72164765584734e-05,4.13597593926156e-06,4.21169528977572e-05,1.13418098089886e-05
"2019-08-21",0.00247430301653681,0.00253754974353244,0.00123149870270496,0.0016284780539595,0.00139756635487791
"2019-08-22",0.00013906547410377,0.000175053339499148,0.000645688891950501,0.000455558411546296,0.000641837375140392
"2019-08-23",0.0327079484685544,0.0332687033550848,0.0359378690586454,0.0342847653960603,0.0360474619769699
"2019-08-26",0.00777909591580502,0.00743424923121975,0.00571335881614084,0.00620313493610233,0.00571392414908265
"2019-08-27",0.000113004418135646,0.00020438858090524,0.000258150189214503,0.000423264458247088,0.000283448192115202
"2019-08-28",0.000698926968976578,0.000653080371418805,0.000303313661027973,0.000576145694214792,0.000413452323987354
"2019-08-29",0.00230452871350406,0.00231726021434231,0.00196410243410859,0.00234110602176353,0.00207103851577274
"2019-08-30",3.14468098847315e-05,5.26419659005925e-05,6.5571895199763e-08,2.7783192432923e-05,1.9220928539575e-06
"2019-09-03",8.72573477535964e-05,9.227801160512e-05,0.000231865571126927,0.00015155978764889,0.000231493559727253
"2019-09-04",0.00459591063640975,0.00477515196951754,0.00368050024404552,0.00416517617470958,0.00380101311092745
"2019-09-05",0.000483120311316371,0.000581413598549387,0.000167773825235184,0.000211583854518551,0.000161283531173165
"2019-09-06",7.67311000188268e-05,0.000180513495747358,7.18184104607059e-06,8.19361897378651e-05,5.58307723436706e-05
"2019-09-09",0.00013340847185706,0.000189862215224603,1.15076922439142e-05,1.35088264197309e-05,8.9883157714722e-06
"2019-09-10",0.00540822270315879,0.00490614814301673,0.00486694994640938,0.004406464040754,0.00448608751186878
"2019-09-11",0.000638579417101244,0.000617066924348613,0.000193013327815034,0.000400204649534157,0.000389836382971926
"2019-09-12",0.00183338712625123,0.00193712525151633,0.00330275053687388,0.00308872695286588,0.00321030223646471
"2019-09-13",1.1602108944736e-05,7.62863272086183e-06,1.4083677685613e-06,8.28531939115181e-07,1.08741011246908e-08
"2019-09-16",0.00134514176569109,0.00119429084040493,0.000707835948474468,0.000511871865031951,0.000505627076675667
"2019-09-17",0.00152973464835987,0.00142179905911856,0.000925332102912747,0.00123980096043767,0.0012038087584704
"2019-09-18",0.00124879515262997,0.00127844048319917,0.00202219691061068,0.0017872922110644,0.00181033866672868
"2019-09-19",0.00171489798705239,0.00176350270038905,0.00145511552313947,0.0014103843583706,0.00140388981128714
"2019-09-20",0.00211527938526206,0.00216689348262776,0.00280887894991951,0.00279209797866091,0.00275391286327493
"2019-09-23",0.00179014850845124,0.00192593817120674,0.00151544961635359,0.00171583624861379,0.00173242514313012
"2019-09-24",0.00788653707245223,0.00741954214193182,0.00858544616281689,0.00790885650416216,0.00793117517302043
"2019-09-25",0.00146354477671753,0.00127108163219033,0.000595486510132835,0.000804341320159074,0.00071997017441456
"2019-09-26",0.000390679691790009,0.000382990354098574,0.000173498401586887,0.000195729970673457,0.000149983705929176
"2019-09-27",0.0016013904885522,0.00186789725856643,0.00228628482917711,0.00209342831463194,0.0023284012093455
"2019-09-30",0.00312551222002016,0.00305779613148617,0.00248253874401904,0.0025136584760547,0.00222066212463581
"2019-10-01",0.00197140458861551,0.00226007952193755,0.00187647716696424,0.00191160279211789,0.00218910612897666
"2019-10-02",0.000145968262943758,0.000160104864700273,0.000242370843014357,0.000211948721410809,0.000318625023928028
"2019-10-03",0.00456951907519233,0.00361753138708083,0.0037375528044111,0.0037287180089045,0.00412462179784876
"2019-10-04",0.00528005354165537,0.00517843692339611,0.00370781339051533,0.00388926579821642,0.00344018103581848
"2019-10-07",7.88941283245771e-05,5.74755422580195e-05,1.39133550122116e-05,7.78084005719541e-06,2.47506340753833e-06
"2019-10-08",0.00280893202152895,0.00287480464274756,0.0034692210610849,0.00351862359677282,0.00410708954813953
"2019-10-09",0.00450087190302338,0.00502356967802515,0.00539180524829879,0.00521227686458098,0.00452658828632061
"2019-10-10",1.85998217809153e-05,6.79870518693739e-05,6.79481219861528e-05,4.61721092083113e-05,6.34470993181446e-07
"2019-10-11",4.07442517753315e-05,2.87716943399442e-05,6.50368267071894e-05,3.29572617050549e-05,0.000140189365570726
"2019-10-14",0.00265518666396681,0.0031414394892454,0.00365069480241188,0.00382485684163239,0.00305972602842009
"2019-10-15",0.000787775472519784,0.000842657956521908,0.000787951116082216,0.000708920283118908,0.00039455472305601
"2019-10-16",0.00046373189118966,0.000498945549727183,0.00040073777258007,0.000431665912727366,0.00019304118042416
"2019-10-17",0.000232686442059154,0.000297150432467738,0.000339905007880221,0.000327943415232795,0.000134672601298942
"2019-10-18",0.000292775477423384,0.000860845673366109,0.0010603940683661,0.00106993574654533,0.000733198377364409
"2019-10-21",0.000787417463744261,0.00141778141044161,0.00186366111392337,0.00325626821406501,0.00244967220326072
"2019-10-22",1.26621146844241e-09,2.90078378145385e-06,6.65064453425217e-06,5.1051075436917e-05,2.02507652752548e-06
"2019-10-23",9.5611654922249e-05,0.000173877968848884,0.000380320273361473,0.00040562738510413,0.000193269836163572
"2019-10-24",0.000121788695341334,0.000109359229846278,0.000228950590571332,0.000428814416678789,0.000206964007055464
"2019-10-25",0.000997734908699876,0.00101109186337164,0.0012108290604256,0.00134129149019283,0.000938800808981491
"2019-10-28",0.000328021125121379,0.000231436328252687,0.000397648165135545,0.000521261098366146,0.000318157528364986
"2019-10-29",0.00385277422433941,0.00409391742120883,0.00302594447957966,0.00293414589465144,0.00327666337527981
"2019-10-30",8.77146583774949e-05,1.29651792952512e-05,0.000392661966767777,0.000333146673454467,0.000268425627966227
"2019-10-31",0.00440451705037498,0.00492658490623811,0.00143267846297859,0.00163311325046614,0.00166341017232689
"2019-11-01",0.00414234206201692,0.00350061901702729,0.00410704469140082,0.00354547965068116,0.0037403490481485
"2019-11-04",0.000218673366889707,0.000161427613415917,0.000346100602612485,0.000248827669232262,0.000333759122736606
"2019-11-05",0.00177699182755023,0.00182762260596057,0.00165350533496293,0.00160096548685387,0.00190758243957115
"2019-11-06",0.000263056580714849,0.000422973912907747,0.00161683268034171,0.00181142242882968,0.00222180161608338
"2019-11-07",0.000276863274350695,0.000259265123687198,0.0002341683292414,0.0003340006935388,0.000567948865862763
"2019-11-08",0.000899213807593023,0.000900301894089929,0.00110059953770071,0.00136384041002135,0.00179405223515744
"2019-11-11",0.000132777248379907,9.19142544218526e-05,6.41954601840076e-05,0.000136374411505484,0.000294094583575647
"2019-11-12",2.30321440369642e-06,1.20947530803825e-06,1.20438033948813e-05,1.15308405288843e-06,2.40429772969268e-05
"2019-11-13",6.7362393050103e-05,9.72327653279472e-05,6.34653821031338e-05,2.32858588625978e-05,2.21726451747801e-06
"2019-11-14",0.000105511397629801,0.000107048212163125,7.32866188558382e-05,2.48566918092523e-05,2.49203941913786e-06
"2019-11-15",0.00196250370042854,0.00169673726951794,0.00165484184154866,0.00180099220097203,0.00240931682543972
"2019-11-18",3.64622028112735e-06,2.16015655700372e-06,5.33659077522893e-06,4.25758728599392e-07,4.80694433102881e-05
"2019-11-19",7.15102721578476e-05,6.08370963944653e-05,2.62968859885015e-06,2.21840880240482e-05,0.000173413586087653
"2019-11-20",0.00190841708565721,0.00201751708140482,0.00202691989611774,0.00186037594516944,0.00127557351045741
"2019-11-21",0.000614688526522385,0.000740458754611859,0.000583742970111381,0.000634771553460896,0.000976380006483854
"2019-11-22",0.00055315240252619,0.000670980873092176,0.000796894070040159,0.00107145742244577,0.00142429173440112
"2019-11-25",0.00247287095228262,0.00258669515813181,0.0022699175845323,0.00262721995380105,0.00318497754106888
"2019-11-26",2.81236258084942e-05,6.32608864790222e-06,1.1959778427284e-06,1.35232642610116e-05,7.27446762189681e-05
"2019-11-27",0.00126643820634133,0.0012844765127091,0.00110506360060831,0.00145680036063232,0.00208690041971361
"2019-11-29",0.000617628555026599,0.000635987654162366,0.00049309272228296,0.000851635798264779,0.00132305154300692
"2019-12-02",0.00424499952653703,0.00376833895856692,0.00402929705672683,0.00337076897193955,0.00284168242391066
"2019-12-03",0.000733545603506846,0.000488777970600937,0.000856862925233348,0.000516577366283908,0.000321339197181573
"2019-12-04",0.00248557990307991,0.00270724523270607,0.00198878722564996,0.00252834442516678,0.00317183769919533
"2019-12-05",2.82779698605994e-06,2.18896012042188e-05,2.39153712521811e-05,0.0001029418307064,0.000209497814852752
"2019-12-06",0.00187031569728472,0.00193380091919764,0.0019670996217284,0.00257312987226934,0.00321564836530014
"2019-12-09",0.00051017840519602,0.000322512848103562,0.000429424588376874,0.000222059117337381,0.000121068026446165
"2019-12-10",1.16347499594324e-05,5.0008545075868e-05,8.21151722375544e-05,2.49675311822387e-05,3.90041236637864e-06
"2019-12-11",0.000976502807443745,0.000845409551691447,0.000525391337552003,0.000750101560087943,0.000910304082127367
"2019-12-12",0.00778690039132382,0.00803723043206342,0.00766371323976618,0.00688796908203265,0.00620669403846546
"2019-12-13",0.000472503531236103,0.00047025889853415,0.000171798150321432,0.000318420993052452,0.000425763161538093
"2019-12-16",0.00397146037336512,0.0039729557415159,0.00394923509491345,0.00450264159656623,0.00465603147373617
"2019-12-17",5.57607884379676e-06,3.04251433112501e-05,1.21049945562433e-06,5.31271939109423e-05,0.000121067940629313
"2019-12-18",0.00231191025012922,0.00204734951717189,0.00220222807515578,0.00284816710052397,0.00314946095342341
"2019-12-19",0.000773080295197536,0.000778819507439792,0.00111049421548704,0.00153287567209935,0.00158237783283804
"2019-12-20",3.00432862903822e-05,1.83498230040995e-05,2.82423869894694e-05,7.54499878526944e-05,9.40556932579494e-05
"2019-12-23",0.000839473580800288,0.000813203301607258,0.00196803604293855,0.00277223996164914,0.00265201866038479
"2019-12-24",0.00111618505038433,0.000960133357393392,0.000795239697393089,0.00113560498643141,0.0012416442419926
"2019-12-26",0.000236483502517607,0.000161068111832696,9.66617419616581e-05,0.000157710729440977,0.000213367319988394
"2019-12-27",0.00221580359560698,0.00249547855491187,0.00288568830904958,0.00254590628796322,0.00236640510809497
"2019-12-30",0.00184407683691732,0.00243848033586634,0.00297817937626509,0.00296418385167945,0.00279604520264548
"2019-12-31",0.00129639227308973,0.00101865061884059,0.000806466920554921,0.000700403053852764,0.00077925228372211
"2020-01-02",2.53377630225023e-05,3.73217439168934e-05,6.8333782597583e-05,4.97240794074706e-05,2.42800185858312e-05
"2020-01-03",0.000270407626757859,0.000321666465244308,0.000336974348021446,0.000263743713116587,0.000182026235577849
"2020-01-06",9.05737217229525e-05,0.000115240423836587,0.000130636138779026,0.000159487712821428,0.000253131776952196
"2020-01-07",1.69490366211005e-06,1.6559946399328e-07,2.05702339264007e-05,1.82907853228852e-05,5.85556760083662e-07
"2020-01-08",2.57201383494505e-05,2.2057133089475e-05,0.000145368286933908,0.000109390131055382,3.46541338397769e-05
"2020-01-09",5.49672184787652e-05,5.15551050888029e-05,2.91906624217079e-05,6.20654561296558e-06,9.1019544583702e-09
"2020-01-10",1.75603830709516e-06,2.4708625925492e-06,8.81386368476505e-05,9.35504915711148e-05,4.67180448539687e-05
"2020-01-13",0.00162581364811209,0.00143068533895405,0.0010812416826588,0.00119594036531377,0.00130814530928779
"2020-01-14",0.00458720786009121,0.0046835887538805,0.00399763858546429,0.00371338691811127,0.00346882006819386
"2020-01-15",0.000577640323608793,0.000417770624743693,0.000477320706281203,0.000577282346800681,0.000688058392717385
"2020-01-16",0.00115084788779854,0.00108241456611575,0.000757786768178458,0.000791586955993007,0.00088129474369624
"2020-01-17",0.000675720570084068,0.00069466470685251,0.000814592253768974,0.000763193341398567,0.000915853936228316
"2020-01-21",6.80366810564103e-05,8.03585229415437e-05,0.000274950355718599,0.000341067400064758,0.000448377801369429
"2020-01-22",0.00021960021429701,0.000191997833107188,0.000550405865899937,0.000670857998180444,0.00082655983765876
"2020-01-23",0.000213840085784126,0.000174211492333411,0.000272433202308464,0.000178061222094219,0.000146053005499493
"2020-01-24",0.00114099092377684,0.00103662322449587,0.000514159640039933,0.00035631768061504,0.000394287627618244
"2020-01-27",0.0117216050149821,0.0115299339710336,0.0087744035503675,0.00545807165602384,0.00561531325002679
"2020-01-28",0.00693375721787273,0.00652346004901897,0.00612882059986902,0.00693052394218815,0.00647429836270158
"2020-01-29",0.00685709668804422,0.00638923271413005,0.00649590882100068,0.00671333846095113,0.00697882314567523
"2020-01-30",0.000418636073756999,0.000283225532268914,7.02814984690048e-05,1.59618395663124e-05,4.41508544749055e-05
"2020-01-31",0.00434223142990865,0.00336905504018182,0.00290652564274393,0.00272678271360468,0.00266986072055625
"2020-02-03",0.000977323712356684,0.0004664558407847,3.58272137113759e-05,0.000238609654722184,8.86861967285854e-05
"2020-02-04",0.00248553219116856,0.00245762973077553,0.00244481539874792,0.00119883013775505,0.00178180816603224
"2020-02-05",3.01398424178027e-06,3.00126039356358e-06,6.84768855296957e-05,0.000537096749881879,0.000364504151973303
"2020-02-07",2.59555323468386e-06,2.59420212751226e-06,2.88624443455246e-06,0.00022847663689256,0.000582890971692823
"2020-02-10",0.00010006544870048,0.000134107801875926,7.09076964954596e-05,2.51034174824422e-06,2.91511204486678e-05
"2020-02-11",6.03049858168685e-05,5.73241461037639e-05,2.13666766242075e-05,5.45526719533506e-06,1.7572642639431e-06
"2020-02-12",0.00153556265262904,0.00165855761129416,0.00122403360841725,0.000804823973423269,0.00109498560816573
"2020-02-13",7.17016002513486e-05,5.18128739724668e-05,8.2483241948434e-06,0.000105166506461979,2.28795573424081e-05
"2020-02-14",0.00111583665717128,0.00120167522051808,0.00114042653286084,0.000812624271606238,0.0010849413183888
"2020-02-18",0.00161053527723146,0.00157185589819417,0.00169650560312033,0.00209478849404514,0.00192117203912954
"2020-02-19",0.00300535133888679,0.0030514702035422,0.00231131637944488,0.00158205925258888,0.00206312987652791
"2020-02-20",0.00308339410665204,0.00269066588641788,0.00306931298251736,0.00386461916143589,0.00342723227549789
"2020-02-21",0.00110442763792743,0.000934904753404179,0.00118375947286925,0.00137798438232421,0.00103339141741727
"2020-02-24",0.133733100553344,0.13339903687686,0.134643711819448,0.137709000147788,0.13456677423163
"2020-02-25",0.000630070448478127,0.00111380455918089,0.000871191635547997,0.00198606899416406,0.00137697940548839
"2020-02-26",0.00122198880714583,0.00108617274251617,0.000939159316527979,0.000831418425530643,0.000867438497472347
"2020-02-27",0.0515472924812211,0.0496162117163225,0.0473915482311019,0.043754639446791,0.0449530730968728
"2020-02-28",0.236136342907403,0.228185889167389,0.223270358590612,0.214248659313769,0.218278329713288
"2020-03-02",0.0591819935291376,0.0673258900337518,0.07196291407052,0.0737022853140216,0.0750281417611435
"2020-03-03",0.0694357298435652,0.0630412155047797,0.0579613090222289,0.0505908976550386,0.0517304080097657
"2020-03-04",0.102400244299831,0.114570397231409,0.128752315863822,0.137459729526972,0.137455613626926
"2020-03-05",0.00509811152233126,0.00534517436273556,0.00693704589528133,0.0098018899345222,0.00914578701970122
"2020-03-06",0.000633304959765949,0.000562406106861577,0.000575870030995342,0.000114017846595757,0.000188385440269944
"2020-03-09",0.0743696712616788,0.069351505809376,0.0710757234247189,0.0624499284026116,0.0648510231590881
"2020-03-10",4.50795133749803e-06,0.000347467470422342,0.000350692605942728,0.000985443933233242,0.000719638870183716
"2020-03-11",0.000510643450163728,2.92462914366616e-06,1.33825183305411e-05,1.46579050251373e-05,0.000182971060048616
"2020-03-12",0.274510574712339,0.256263276796061,0.260603338770714,0.237078789317729,0.242507870288617
"2020-03-13",0.00140816295759056,8.26512498124155e-06,2.26225070467417e-05,0.00720892512153764,0.0155059419875926
"2020-03-16",0.0166852532983929,0.00578861495093798,0.00590004047027144,0.00324842736338217,0.004007675231169
"2020-03-17",0.00131003532976452,0.00936008815100251,0.00911646236529343,0.00955547451147488,0.0114816200136413
"2020-03-18",0.00166553209508169,0.00050265707677967,0.000636306384185989,0.00265178385176556,0.0130778526575452
"2020-03-19",0.0276500703544832,0.058814980280139,0.0574499128687168,0.083369042116149,0.0729118904838788
"2020-03-20",0.0012119475730991,0.00258850334004515,0.00113129643537988,0.00298240918911453,7.45690079366921e-08
"2020-03-23",0.0426049481955858,0.0387105727662409,0.0465178515498976,0.0353622552170089,0.0570539773671878
"2020-03-24",0.163864236000871,0.195303762998557,0.186124581993242,0.202018986952948,0.189940588809724
"2020-03-25",0.000749744102344002,2.84143022761131e-05,0.000431423436336386,6.62175434577657e-05,0.000796344709947364
"2020-03-26",0.00336997770323368,0.00176326145341273,0.00100971415102025,0.00110987922076726,0.0029087010600988
"2020-03-27",0.0350165138166775,0.024518807755167,0.022904294549105,0.011762953760056,0.00701508215348168
"2020-03-30",0.0230941538513725,0.0117039234863237,0.0105668440419358,0.00310051577677304,0.00036103454808278
"2020-03-31",0.0012520525882869,0.00866727639391517,0.00974553333727533,0.0169476524833382,0.0251050423222816
"2020-04-01",0.00283220646122395,2.698530520364e-07,2.14354253388519e-07,0.0015223979175363,0.00452215016651442
"2020-04-02",0.00532559821912973,0.0122706628091828,0.0123925885050863,0.0125508168437476,0.0111780051840056
"2020-04-03",0.00240635997069819,0.000236127771496255,0.000346552809830864,5.51002670101248e-07,0.000395540310860992
"2020-04-06",0.000867745074963219,0.000103226863075568,4.73465345959935e-05,6.06056928805241e-05,3.88510587522333e-05
"2020-04-07",0.0165888279733024,0.0288447422779108,0.0272041619615729,0.021286215522385,0.0195817949291171
"2020-04-08",0.00236097286164941,0.000169706912492686,0.000360453066216318,0.00138988514705187,0.00193511013592761
"2020-04-09",0.000960541298162797,0.00449101793757086,0.00366172833247341,0.0059321216096964,0.00879499115628066
"2020-04-13",0.000580704537630081,1.07866110252865e-06,2.10534982019185e-05,3.62265016576921e-05,5.14987456429108e-05
"2020-04-14",8.78562073322495e-05,0.0015934037496713,0.00123801928292107,0.00107304717923447,0.00144364749725203
"2020-04-15",0.000249430237432981,0.000390872088570282,9.71954452452003e-05,0.000565744445997167,0.000590917988519387
"2020-04-16",0.00138530692126937,0.00470993267595309,0.00336819020666284,0.00176921392006224,0.000585647948101508
"2020-04-17",0.000418902477933407,0.00154810921570902,0.000809227685320955,0.00265197685950243,0.0013953670947369
"2020-04-20",2.37595545068943e-06,0.000154353182531114,3.90780044289952e-06,0.000824438903341767,0.000517567233300856
"2020-04-21",0.0100597325038761,0.0140078050157714,0.0117024779892265,0.0140733212662527,0.013619989127598
"2020-04-22",0.00491437943838837,0.00211858922537962,0.00301924246936391,0.00402421929533102,0.00434651108873784
"2020-04-23",0.00160655289092683,0.0034944523893655,0.00251652209781102,0.00396244059772981,0.00290001061404516
"2020-04-24",0.00308332400188323,0.00161898543932117,0.00184154925845997,0.00228327982144527,0.00322190571771357
"2020-04-27",6.09415619610049e-05,7.62098582274466e-05,2.04334019446499e-05,0.00047517885711846,0.00118049419863686
"2020-04-28",0.000610545747287203,0.00178655841285845,0.00147172431325574,0.00324567808153267,0.00195375702113904
"2020-04-29",2.37238231345972e-05,2.41920535970024e-05,0.000145469316640557,7.5803846175939e-07,3.26760631103798e-05
"2020-04-30",0.00100359232280974,0.0019721809134149,0.00104127808956133,0.00115881803007763,0.00116355181034103
"2020-05-01",0.0197568605502997,0.021051526918894,0.0184146776727109,0.0207082034710888,0.023008913406436
"2020-05-04",0.00403762249902924,0.0033812970424434,0.00508074771239273,0.00167201416248937,0.000374691354836647
"2020-05-05",0.00210243234939803,0.00166194503590858,0.00148314146285716,0.00123776303996361,0.000474928706582349
"2020-05-06",0.000147005511506322,6.03005514872032e-06,1.93467983788459e-05,4.77675747675708e-05,0.000118772827722387
"2020-05-07",0.00265917855007307,0.00172511234625679,0.0018935912575208,0.00280679621891755,0.00163749097035586
"2020-05-08",0.00257348524126275,0.00219522773301683,0.00259813791987287,0.00295559016535088,0.002194171362553
"2020-05-11",0.000325654515888536,0.000164768494522582,0.00065212287271438,0.000361121443931545,7.13548950391511e-05
"2020-05-12",0.00303252031735916,0.00369066192933155,0.00253090081629756,0.00264918245290737,0.00303026601158691
"2020-05-13",0.019845164433574,0.0213116978545218,0.0195193273759933,0.0205977380660351,0.0208667626165561
"2020-05-14",0.000512283744001637,0.000547232670757926,0.000385314067887183,0.000463785206570363,0.000321321396741046
"2020-05-15",1.47993329687947e-05,0.000255852192726038,0.0003151170490505,0.00332094269279134,0.00447566113515274
"2020-05-18",0.00363218458367227,0.00387079198638421,0.00496692810112805,0.00522368666977888,0.00667185018961121
"2020-05-19",0.00118360348602013,0.000904578478968019,0.00240555683475024,0.00156419399712482,0.00227488032833559
"2020-05-21",8.50144841274637e-07,0.000118331446599909,5.58498130269748e-05,0.000123195159265225,4.16820108425425e-05
"2020-05-22",0.00131626956495911,0.000780472058985203,0.00135050464844657,0.000898054039986584,0.00109017216852814
"2020-05-26",0.000356210940816965,0.00081964169858824,0.000561026451520764,0.000588167692031287,0.000825547081909653
"2020-05-27",0.00269206651080056,0.00329252592559645,0.00257315186034202,0.00268924185007981,0.00329258902484172
"2020-05-28",0.000241442118547009,0.000404624829107679,0.000571977813770695,0.00239218622910563,0.0025566616014058
"2020-05-29",0.00147657895487971,0.00113316527174792,0.000846348333562115,4.12238401484832e-06,1.668468285048e-05
"2020-06-01",0.00529442302603698,0.00634665316501551,0.00774441878519273,0.00702853461802538,0.00898125102235719
"2020-06-02",0.000752062209283504,0.000391697141479497,0.00123996265060371,0.000828604308691004,0.00168585384213436
"2020-06-03",0.000640867279653902,0.000266620229267843,0.000768135805004644,0.000196438427985401,0.000600919021665896
"2020-06-04",9.49738808547223e-05,3.94763580990768e-06,0.000226020993741589,0.000149065808964005,0.000532495465281349
"2020-06-05",1.09087710334826e-05,1.66822942842122e-05,1.45674374333827e-05,0.00015719920409258,0.000227777490757394
"2020-06-08",0.000462680398999689,0.000863231911034447,0.00133963668282627,0.00234554498106999,0.00212448810440524
"2020-06-09",0.00116373708767929,0.00175958731053095,0.00113570316415645,0.00126613683811025,0.00228183309701778
"2020-06-10",0.00414253144409875,0.00481626489062932,0.00408236925249067,0.00550808079964469,0.00904558109493049
"2020-06-11",0.0125924822433824,0.0135765233878545,0.0122625188930388,0.0109028423295448,0.0155783822738681
"2020-06-12",0.00577877950183689,0.00594884662657692,0.00480659720480314,0.00442770020482706,0.00661237315766401
"2020-06-15",1.87320020655834e-05,7.37634155260539e-06,0.000136089836032391,0.000433906907815189,2.68256858881383e-05
"2020-06-16",0.00104418066374563,0.00149114213621366,0.000890352543799696,0.000515932562608449,0.00146956096995955
"2020-06-17",0.0135133484883562,0.0134071346881331,0.0156958686553004,0.0158313047112621,0.0124773642944125
"2020-06-18",0.00379585204853115,0.00223358679934428,0.00347616810137003,0.00257459926804326,0.00104644456118253
"2020-06-19",0.00296528834913195,0.00387414362017616,0.00261903566172374,0.00414092590687314,0.00544313443744739
"2020-06-22",0.00651143106760875,0.00546104310774574,0.0070559672334777,0.00411279619805724,0.00315430252065172
"2020-06-23",0.000125937761153384,2.02919311422637e-05,0.000261168588129381,0.000380493116317637,0.000256652331970606
"2020-06-24",0.00723617082856553,0.0091236167574437,0.0079185698321169,0.0108392586815873,0.0110040628620739
"2020-06-25",0.000264566747849143,3.75952512996897e-05,0.000216643671396436,0.000118279899574869,0.000197777518476693
"2020-06-26",0.00234406562535431,0.00274075622142903,0.00188307085827355,0.000884348539823883,0.00049600140108249
"2020-06-29",0.000939545523334406,0.000626104183295908,0.000962909381103015,0.00109108331330669,0.00161367583972325
"2020-06-30",0.00229116632515915,0.00175084830230083,0.00217785900993456,0.00190159992265407,0.00280822831462644
"2020-07-01",0.0014742935651267,0.000913718342060847,0.00125764784981067,0.00123257039749846,0.00160044862580403
"2020-07-02",0.000367276361351558,0.000288119379440203,0.00101616324447493,0.000702683931511464,0.000572675029129603
"2020-07-06",0.00144668085345801,0.00101475762245439,0.00040724295385853,0.000301672244393627,0.000232431646901094
"2020-07-07",4.71021716307568e-05,0.000100063003750808,0.000894961113043247,0.00096355318619398,0.00100297581435266
"2020-07-08",7.19627976383809e-07,3.42431140279524e-05,0.000812024016646762,0.00160127795123515,0.00159041225289075
"2020-07-09",0.0036816075935504,0.00417305765843522,0.00824314384202908,0.00566752252465258,0.00484044044320002
"2020-07-10",0.00109463608231379,0.000801174767345968,0.000234913622087211,0.000354994505312437,0.000641545476388977
"2020-07-13",0.0107536423930444,0.0107164906984948,0.0127431590637645,0.0113176220159816,0.010001503324217
"2020-07-14",0.00993946496320574,0.0114290817911999,0.0126096955319025,0.0133460108931397,0.0122047709705664
"2020-07-15",9.53085785359422e-07,0.00011546744266167,0.000158516549182172,0.000454828925476744,0.000327763484508107
"2020-07-16",0.00284352681689621,0.00214649630362725,0.00184392755300515,0.0017061383470113,0.00170433350324002
"2020-07-17",0.00631580682463225,0.0049328520346411,0.00460561401658265,0.00481695971698756,0.0044199168870767
"2020-07-20",0.00239629538144964,0.00192900446953642,0.0015474138763104,0.00132458472831137,0.00108043166624723
"2020-07-21",0.000373901559284783,0.000513281959334824,0.000787783986923701,0.000637031264416265,0.000747119774914267
"2020-07-22",0.000663682346578028,0.000651141480207603,0.000424316215185218,0.000327096078275208,0.0003772530089325
"2020-07-23",0.018365585597246,0.0198436873501498,0.0210904267210301,0.01815540956657,0.0179545544205446
"2020-07-24",0.00426419552959493,0.00589678980997696,0.00656614896481871,0.00645591993416142,0.00659371997776385
"2020-07-27",0.00720190026827788,0.00783590131293959,0.00715842488502931,0.0122455035636152,0.0113123155687371
"2020-07-28",0.000291035917999297,0.000311332857543938,0.000335289014981142,0.000166302126181312,0.000264099460693846
"2020-07-29",0.00138996726726627,0.000996478066182203,0.00118651726971079,0.000496652828898943,0.000760035576952806
"2020-07-30",0.000147377537577058,0.000200904046018829,0.000117539711684838,0.00093039008326747,0.000455198014870849
"2020-07-31",0.00753901580128839,0.00803972494165157,0.0085769417883201,0.00919799685075962,0.00904269095098572
"2020-08-03",0.000497123417551893,0.000907716545311392,0.0011738427560014,0.00105118805945546,0.00159343639705633
"2020-08-04",0.00243369293468579,0.00139797562792543,0.0011484545664007,0.000943604911120155,0.000786448099749568
"2020-08-05",0.0035638113158037,0.00278041128574077,0.00256521639597713,0.00243892870415496,0.0017155849351134
"2020-08-06",1.16238774471645e-05,1.03385336551338e-05,3.48401943349689e-05,0.000126186740982289,3.06229721716192e-05
"2020-08-07",0.000367993746377204,0.000553730752346058,0.000384411248145741,0.00016671966732016,0.000430033486984653
"2020-08-10",0.00190330400221644,0.00252112601256702,0.00201762133199108,0.00125864926975451,0.00227676520707756
"2020-08-11",0.000312428174413372,0.000621034194248249,0.000331058434148853,5.09576489795311e-05,0.000132225678547984
"2020-08-12",0.00151767487408878,0.00165710083628231,0.0024381302537093,0.00383777030410295,0.00383885217028097
"2020-08-13",0.00015083575646158,0.000179101440349507,9.50579820754041e-06,3.62770388656295e-06,2.54985162879942e-06
"2020-08-14",0.0015199604993668,0.00122249697188376,0.00196921259104648,0.00213279358980855,0.00176442985620706
"2020-08-17",0.00236867265239339,0.00212554331608818,0.00298891475382136,0.00216895525881313,0.00187363848194721
"2020-08-18",0.000410744086310559,0.00040992405557438,0.00087385968700371,0.000757007102281878,0.00040056751538353
"2020-08-19",0.000291091203701342,0.00023189378465492,4.82459643315977e-05,5.55078142137847e-05,0.000123272586632892
"2020-08-20",0.00176570836218981,0.00205311712526176,0.00307982953813371,0.00212993939554685,0.00203393413325186
"2020-08-21",0.00820736648894049,0.00749154426684862,0.0055648942488075,0.00545019300834818,0.00528238763082095
"2020-08-24",0.016851372254646,0.0168307945537413,0.0139195159601932,0.0179962165697114,0.0181107766872287
"2020-08-25",0.00093129396844825,0.000384993630665007,0.000988502862901703,0.000300914245569454,0.000496071703395001
"2020-08-26",0.00387076191202618,0.00444361973294892,0.00630599779274714,0.00558806921788508,0.00563035677888619
"2020-08-27",0.000499766843532114,0.000384884056256045,8.95118816499622e-05,0.000126410931931464,0.000210329403161626
"2020-08-28",0.00147278790302576,0.00161060985511373,0.00208896700419471,0.00330262259324342,0.00352253941233916
"2020-08-31",0.024972563333824,0.0236560774978567,0.0221068462644994,0.0221960780689334,0.0229358202725705
"2020-09-01",0.00145979009074463,0.000714959737835306,0.000740034140606731,0.000340972371411513,0.000344428771421933
"2020-09-02",0.0896995543614703,0.0918893941824989,0.0898847992495958,0.0902112441769672,0.0881995792277941
"2020-09-03",0.0246252669556292,0.0322703930975854,0.0308574199495241,0.0380076960503544,0.0387178534800242
"2020-09-04",0.205929598116152,0.213508183552758,0.208089129379131,0.184551044993797,0.185693930752361
"2020-09-08",0.00150564992223678,0.000743358674949706,0.00122628900649185,0.000411824594810577,0.000271706570921243
"2020-09-09",0.0571386631837997,0.0544518481554416,0.0576269834335853,0.0576496020954136,0.0554923732720787
"2020-09-10",0.00027861140046498,0.00139454842065469,0.000874101014958254,5.25609899949962e-06,9.6715808865586e-05
"2020-09-11",0.000104213842409684,3.86150367803469e-06,2.19355134985164e-05,9.5800098778043e-06,9.54116755797581e-06
"2020-09-14",0.0526951662197326,0.0469652639867197,0.0486744830613289,0.0457890548995326,0.0419851099108497
"2020-09-15",0.00163884497021915,0.00100304988362532,0.00171625892896547,0.0026650424393719,0.00195141733514458
"2020-09-16",4.06037603321344e-07,1.06927443751063e-05,0.000119743121921071,0.000410302730403626,0.000240625601638627
"2020-09-17",0.00400512506669178,0.00404969680134249,0.0024541659486506,0.000634228486556142,0.000933972174525693
"2020-09-18",0.000141274784225785,3.43926229883546e-05,4.94705368479659e-05,0.000102376684879249,1.14807061957006e-05
"2020-09-21",0.0108931019864825,0.00874968200293353,0.00603521456440463,0.00707543230645933,0.00798806799336219
"2020-09-22",0.00459165067984368,0.00658346550882528,0.00916973743814312,0.0126440495875942,0.0114053917484401
"2020-09-23",0.0006303942147303,0.000212349337504879,2.10815847379087e-06,8.76701029639258e-05,3.09156486762765e-05
"2020-09-24",0.00606898794969349,0.00417674710362655,0.00244395007219407,0.000251237357113356,0.000306887050900066
"2020-09-25",0.0036222073982709,0.00534474973760107,0.00772332206429638,0.00752916930523436,0.00800461269015416
"2020-09-28",0.00243977712707622,0.00386431512352457,0.00614809280207504,0.00455590695723549,0.00470932614350146
"2020-09-29",0.00531453961110034,0.00759750410246191,0.0106989577522535,0.0101257981439752,0.00970607243105651
"2020-09-30",0.000602056808032702,0.000104560968069323,3.57243129155212e-05,3.32299922158102e-06,6.03709647430068e-06
"2020-10-01",0.00111322807853879,0.00263612851876613,0.00452492329344742,0.00480837093734597,0.00364706671324515
"2020-10-02",0.0045118357578635,0.00202349379767752,0.000954940555947,0.00127197936009074,0.00173692434235516
"2020-10-05",0.0158996388417493,0.0218600789479515,0.025948869980231,0.0234875321346429,0.0225351673329953
"2020-10-06",0.0214153445569892,0.0176707416634466,0.0148457319815167,0.0169999477835271,0.0173847151505516
"2020-10-07",0.0148148063406949,0.018982685862987,0.0216461960896272,0.0249870432254172,0.0254741485248072
"2020-10-08",0.00265366585867533,0.00376843293227805,0.00499337353686005,0.00518728499451115,0.00525909194474194
"2020-10-09",0.000972007374207944,0.00163692621938972,0.00208891697189897,0.0015837549117589,0.00164077547053179
"2020-10-12",0.00534278529472823,0.00351503474412028,0.00289183581132862,0.00429218328194118,0.00402886074209553
"2020-10-13",0.0469323078015855,0.0453215605899907,0.0430460686432698,0.0482920791549656,0.0476038485004822
"2020-10-14",0.00647474257444359,0.0058211424567592,0.00690343141139613,0.00378355995968955,0.00416368488082637
"2020-10-15",9.15066809450396e-05,0.000146368885685636,0.000298236802800902,0.000337480677071765,0.000446162758680909
"2020-10-16",0.00264217057603664,0.0028627368537834,0.0034121104058317,0.0052414206489882,0.0056143544987185
"2020-10-19",0.00192836670561242,0.00141300781646357,0.00110212876999659,0.000885783517810192,0.000877141801558618
"2020-10-20",0.000718020815485112,0.000826826710572839,0.000625318850587575,0.000158499691088616,0.000240494634855311
"2020-10-21",0.0013017613987241,0.00129086966092897,0.00166529317476073,0.00270785410460836,0.00259228857504149
"2020-10-22",0.000170017991311135,6.90599154521373e-05,6.8050924223349e-06,1.91354246565506e-09,2.02090374264232e-07
"2020-10-23",0.00183160139652398,0.00150742820861662,0.00200479860111859,0.00442499058768382,0.00448997508468886
"2020-10-26",0.00267449881404977,0.00244690616135962,0.00200598853622054,0.000133251975700775,0.000345779984943174
"2020-10-27",0.000291423726451758,0.000386215843411912,0.000648992758061505,0.0003606034105773,0.000874387323963678
"2020-10-28",0.00874679737590047,0.0085666310000181,0.00748096624564932,0.0128299646672427,0.0105437197214949
"2020-10-29",3.73305441692694e-05,0.000141969197710171,0.000302901613237929,1.14843575817522e-05,4.70796582164756e-05
"2020-10-30",0.022698289919077,0.0200594084966286,0.0194237524377323,0.0238785746221543,0.021194775737998
"2020-11-02",0.00251338020117075,0.00328847436234615,0.0043735403638294,0.00318512853577701,0.00358955487438737
"2020-11-03",0.00428117517887516,0.00417778853567008,0.00541682262925719,0.00566521921613241,0.00612666437313762
"2020-11-04",0.0028140473518971,0.002888624688182,0.00190619641034261,0.00223004385351801,0.00192018210824831
"2020-11-05",0.00370032587838573,0.0044613707560924,0.00517401862065271,0.00500129804935805,0.00583069081610143
"2020-11-06",0.000358308750319973,0.000375739372518999,0.000804601774126516,0.000894546506014879,0.0012177089165897
"2020-11-09",0.0168564472966705,0.0181578510881707,0.0159368986057464,0.0142159371018726,0.0129157893189346
"2020-11-10",0.00325898964683423,2.54874523832038e-05,6.63812739921877e-05,0.000343191246940277,0.000809570487349819
"2020-11-11",0.0146647077883121,0.0152249075534001,0.0198926193330203,0.0174955379260898,0.0215089883239546
"2020-11-12",0.000412422724561579,8.43474823606689e-05,0.000659645086483762,0.00309255085920905,0.00400663128678945
"2020-11-13",0.00628445712756908,0.00505493317600911,0.0074925033637837,0.0068196932875845,0.00758625228890885
"2020-11-16",0.000231797976431245,7.10274433027892e-05,0.000495335719224055,0.000305806421703104,0.000418777088172962
"2020-11-17",0.00148766081146053,0.00153934815779306,0.00243885782892561,0.00356084722101244,0.00284139489776491
"2020-11-18",0.000240410536067478,0.000419402937436293,0.000848590653789863,0.00050868141490459,0.00036351009805792
"2020-11-19",6.00098415701635e-05,1.2694428621321e-05,3.22018749885199e-05,3.66892133249238e-05,2.12840185751938e-07
"2020-11-20",0.00219824788605401,0.00285399039867215,0.00409743904740176,0.00300993658652851,0.00208307240710008
"2020-11-23",0.00119695863405356,0.00117001991942761,0.00063844865638466,0.000312566914312494,0.000802759173397667
"2020-11-24",0.000471136708294228,0.000770580985660036,0.000299611709442793,0.000490835800778609,0.000999489528191413
"2020-11-25",0.000576694599687908,0.000304639785122154,0.000674998979635744,0.00051364012810902,0.000214925377168437
"2020-11-27",0.00336182041683783,0.00330418765846681,0.00444063415355085,0.00372997793233011,0.00310255576596437
"2020-11-30",0.00991643043215417,0.010722086415667,0.00940001416229615,0.0126302811837567,0.0135424370569893
"2020-12-01",9.2358612850536e-10,9.34000760348889e-07,2.30470936802983e-05,6.57157387946287e-05,9.10232915065766e-06
"2020-12-02",0.000383654105225234,0.000520218116061614,0.000948341208019009,0.000528508587854979,0.000429668122039388
"2020-12-03",0.00096757965137005,0.000765886840845653,0.00114196630956803,0.00111265043208831,0.00117220456302972
"2020-12-04",0.000524526921290165,0.000388944377531005,0.000703658972398296,0.000660953752276009,0.000540256753191198
"2020-12-07",3.66722323950835e-05,1.53853892087033e-05,0.000133758751056877,1.55259318120497e-05,1.04355440831877e-05
"2020-12-08",1.03352235598937e-06,2.15171601956753e-05,8.21607443606917e-06,0.000132907298399096,2.5297823667029e-06
"2020-12-09",0.00522165089477567,0.00577363967328235,0.00465778116693412,0.00396999308094895,0.00561137041958202
"2020-12-10",0.000254966656511514,0.000435752890153071,0.000177270835779591,0.000672662870172937,0.00118624802719505
"2020-12-11",0.00051356613133554,0.000255993332631162,0.00048086800044374,0.000766822346588657,0.000605307111803706
"2020-12-14",0.000780737765899576,0.000690290541258707,0.0011004356639845,0.00115687447286262,0.00111858823673495
"2020-12-15",0.000188892860935641,0.000261641260732191,0.000143389443766913,1.32713676934301e-05,2.56328152972904e-06
"2020-12-17",0.00296867546593872,0.00258418580472351,0.00302978667339663,0.00368749158948787,0.00385794778193387
"2020-12-18",0.000158489456908707,0.000180956464186739,4.31158057131925e-05,0.000469075187249187,0.000381976342137162
"2020-12-21",0.00283644058115892,0.00247546500589777,0.00200546030486833,0.00244457915899871,0.00220050586896384
"2020-12-22",0.00254377773211201,0.00234200195153577,0.00161988408321353,0.00124855645083358,0.0010498201771608
"2020-12-23",0.00361972724666741,0.0031610580042644,0.00396143207150788,0.00287391808239265,0.0031403541858848
"2020-12-24",0.00224025599858778,0.00201252656451474,0.00284561007223981,0.00372847687758382,0.00396092150830585
"2020-12-28",2.36642897057333e-05,0.00010087348325638,2.01960667170016e-05,6.36935766122694e-05,2.00084153232343e-05
"2020-12-29",0.00143011344102974,0.00189958234704839,0.00148180590549015,0.00152742654272472,0.00138576330134579
"2020-12-30",0.000988070037004445,0.0007261811285943,0.00110895712380559,0.00114089560795806,0.00114552716421629
"2020-12-31",0.000129611741925811,6.42066978574604e-05,0.00020368845078908,8.09441268414565e-05,7.09873799151441e-05
"2021-01-04",0.0167540601932457,0.0176214174053192,0.0159911737330829,0.0150159640880829,0.0154366673279463
"2021-01-05",0.00349754829782581,0.0038146001237511,0.00460930128672964,0.00658372218768701,0.0062789610395177
"2021-01-06",0.00526544692294498,0.00503140266533693,0.00407960606079338,0.00294579468156735,0.00307266184855716
"2021-01-07",0.00506112302430755,0.00574259627255138,0.00684290346771288,0.00961127580076136,0.00977402892455236
"2021-01-08",0.00201544061431335,0.00205354637717031,0.00147638125981307,0.00324830229750515,0.00411064093178141
"2021-01-11",0.000337103937531021,0.000283384729637763,0.000710424246972601,0.000113379478679315,1.07549424619309e-07
"2021-01-12",0.000151198652586333,5.3107795645e-05,0.000209103182181178,0.000426513638081357,0.000115888895030624
"2021-01-13",0.0012667659409877,0.00132884845193792,0.00206752402493065,3.69972253181379e-06,0.000101208391450022
"2021-01-14",0.000159044279891039,0.000165014917035809,0.000499841187815238,1.91912715621563e-05,3.9539039519214e-06
"2021-01-15",0.000362954202400123,0.000401716435571417,0.000173548647729109,0.000181584049102284,0.000337774270254939
"2021-01-19",0.00265718378223874,0.00305120325791199,0.00388373592967848,0.00366069812536475,0.0031076396540402
"2021-01-20",4.45999561869454e-06,1.57866125434547e-05,0.000127531579744386,0.000537216403530733,0.000461839038161341
"2021-01-21",4.41006686663479e-05,6.13013355179385e-05,4.5105946230318e-06,3.30370042011824e-05,2.79367701388563e-05
"2021-01-22",7.0311691166303e-05,0.000109313282354211,1.32038065771039e-05,1.43766717235598e-05,2.78016601519743e-05
"2021-01-25",0.0538889896817585,0.0528841604129338,0.0477815414253363,0.0482845781666614,0.0487396648010295
"2021-01-26",0.00749531870795474,0.00615744695529669,0.00842117270320346,0.00814368679276219,0.00822917677378557
"2021-01-27",0.0150342602038629,0.0164329270124781,0.0147336570815553,0.00748401887240831,0.00731782479215527
"2021-01-28",0.00769184602173454,0.00706628310682858,0.00669571264912042,0.00718695548104177,0.00663346500606858
"2021-01-29",0.00917653000334335,0.00995332545667188,0.025108427285345,0.0334761508450899,0.0293453943572568
"2021-02-01",0.0156048498275624,0.0179653094941419,0.0166424037179199,0.00879578079430902,0.0109081988582672
"2021-02-02",0.0125162206044666,0.0124439730414762,0.00943770279901613,0.00868859863149024,0.0103757268656914
"2021-02-03",0.00469478865733919,0.00449832822660968,0.00218390639501542,0.00203865236237299,0.0022634909248889
"2021-02-04",0.00345630838417102,0.00333616285951563,0.00107392157761848,0.00142886126737899,0.0015754449532102
"2021-02-05",0.00076672037515704,0.000621078583596204,0.000223574499052049,0.00147204901666911,0.00117028770451672
"2021-02-08",0.00145107772898438,0.00159291951041046,0.000621389083763889,0.000791087388247527,0.000602325834028454
"2021-02-09",0.000358157304596913,0.000387160722402352,1.92091496435867e-05,9.89671279159106e-07,3.24173738286803e-05
"2021-02-10",0.000699625115812263,0.000630799552949931,0.00150339308178598,0.00235880694767563,0.00259395474373847
"2021-02-11",0.00101728957392004,0.00122305707131564,0.000876133519383884,0.000453892161165835,0.000260085799818864
"2021-02-12",0.000892833354080621,0.00114365652080819,0.000795577676589293,0.00114494486708841,0.000748883300711949
"2021-02-16",0.000256329872618052,0.000193122163197131,0.000494347831617641,0.000386619783643417,0.000799990019364811
"2021-02-17",0.00382747815520461,0.00314146400012705,0.00395757092016951,0.00313804728675983,0.00391746467801621
"2021-02-18",0.000193258234128138,0.000241574111778355,5.97603588314437e-05,9.80283524364202e-06,1.40354671950644e-06
"2021-02-19",7.92455139505454e-05,0.000107192616542683,7.8620220135979e-06,5.45553479880384e-05,2.4398661759499e-05
"2021-02-22",0.00472832945425179,0.00443088881971003,0.0053335835022864,0.00478044104183292,0.00518931927531706
"2021-02-23",0.052882655970399,0.0535498537823842,0.0563279738003392,0.0586247551376564,0.0605412727132807
"2021-02-24",0.00571859406735429,0.00442667885003386,0.00403796574159311,0.0053750368586966,0.00469097405760484
"2021-02-25",0.00919344887804634,0.00947593302315351,0.0106051587238838,0.0113635397714538,0.0127315696954425
"2021-02-26",0.00307040560595801,0.0032297288504015,0.00397848189813742,0.00331751942989094,0.00425369522269476
"2021-03-01",0.0167963984623702,0.0160245364095595,0.0147705648180094,0.0154847473201344,0.013500241204383
"2021-03-02",0.000180355711780942,7.00491243178877e-05,5.71206645673347e-06,2.09838317994477e-05,8.21277891423292e-06
"2021-03-03",0.000410974802543485,0.000606342331504522,0.000444009321523103,0.000950016307213735,0.0015056561053722
"2021-03-04",0.0288858839935972,0.0299229055505292,0.0285568916103693,0.0268344103895645,0.029241589403057
"2021-03-05",0.000297805177472458,0.000512208515349383,0.000421298855833219,8.52157774942862e-05,0.000256029355824099
"2021-03-08",0.00171073597169333,0.00175527234955344,0.00182585892804222,0.00259314661482405,0.00179699351809585
"2021-03-09",0.00703455102925052,0.00698282171780375,0.00762491557276091,0.00934362366812361,0.00757685620787676
"2021-03-10",0.000533465369661633,0.000577033935949039,0.000308719415904271,5.773093118205e-06,3.10771707901942e-05
"2021-03-11",0.0109147481770194,0.010007432961111,0.0112630336263922,0.00872648742939163,0.00763120371196426
"2021-03-12",0.00180256360316004,0.00216544791304166,0.00295341255877743,0.000814906536799986,0.000548246652450294
"2021-03-15",0.00117072255594824,0.00108172973609056,0.00159014184529703,0.001259426173495,0.000929871555723396
"2021-03-16",0.000384574959152064,0.000207907731558838,6.31583590037606e-05,0.000322658087159984,0.000734708759564964
"2021-03-17",0.00110140893272689,0.00101204111746381,0.000571121492899756,0.000348387001685967,0.00105075218386366
"2021-03-18",0.00047637589811648,0.000613963855739019,0.000923690448370064,0.000940167051181451,0.000290034969373842
"2021-03-19",0.000154160415596559,4.69087950689798e-05,1.03425720110291e-05,5.50208762228916e-06,0.000172245340384946
"2021-03-24",9.3156634173669e-06,0.00012587300533949,0.000160804701322688,4.37922675624391e-05,5.1998748590779e-06
"2021-03-25",0.00358462413122908,0.00282880799298418,0.00261430149101595,0.00257402148279907,0.0027138661454921
"2021-03-26",0.00127178246115041,0.00158714506032129,0.00185638243850774,0.00277115367376763,0.002743129594415
"2021-03-29",0.000280031829317046,0.000338335484545556,0.000544963295950191,0.000469304063280777,0.000304869772975999
"2021-03-30",0.00138047930008445,0.00176376869333465,0.00226071746799274,0.0025378648223609,0.00196800210406765
"2021-03-31",0.000206871048326838,0.000321036817525659,0.000571876837021049,0.000326929566689359,0.000104434421498258
"2021-04-01",0.00219045762289517,0.00240028091619391,0.00287432156237499,0.00233074986887287,0.00181356361654167
"2021-04-05",5.52693863401218e-05,0.000159982980876805,0.00027594133586898,0.000382641287757176,0.000385033232245981
"2021-04-06",1.65933098183585e-05,3.88129414453387e-05,0.000109413540835447,0.000210981577475456,0.000382808730365582
"2021-04-07",0.000130740038224215,0.000157735356538572,0.000286306889398729,0.000763835454860273,0.00116909803810918
"2021-04-09",0.000216631072295085,0.000249044878046284,0.000387695704823447,0.000300935989157708,0.000631345493918196
"2021-04-12",3.58104744667717e-07,3.72628456526647e-05,8.69573500547915e-05,2.3588999846803e-06,5.1562379773079e-05
"2021-04-13",7.57076132507925e-05,0.000103772939835587,0.000240370380864005,2.23662668511872e-05,0.000139983122449517
"2021-04-14",0.000412971726622303,0.000368366099746404,0.000157264667993776,2.47960705059848e-05,7.57392422966839e-06
"2021-04-15",0.00049431456233315,0.000431721371210116,0.000823606484436729,0.000918337100289825,0.00128416473334504
"2021-04-16",0.00115758316544442,0.0011200571576151,0.00180725797240335,0.00257805524072163,0.00293742003747244
"2021-04-19",0.000480674855159872,0.000347401871953186,0.000183209634472142,0.000217510149313994,0.000120556734705813
"2021-04-20",0.000277317344369515,0.000279074370927784,0.000169857464777132,0.000307188252022347,0.000199175737147447
"2021-04-21",0.00104633095933815,0.00104655936332429,0.00116953117150438,0.0013360325043531,0.00157523395358202
"2021-04-22",0.00162644197022265,0.00154943281416423,0.00133732512886836,0.000754254264539902,0.000580504819911469
"2021-04-23",0.0034660757951531,0.00364591146316498,0.00420069064178963,0.00463975157590962,0.00491446946539124
"2021-04-26",0.000846241249244565,0.00166428391598654,0.00212253711900795,0.00445841252055836,0.00483440762451776
"2021-04-27",7.43390573827729e-08,6.51886342205519e-06,6.63507911145886e-05,0.000115961110192114,0.000358015880962264
"2021-04-28",0.000135993215242043,0.000125675437696653,2.86708027760667e-05,0.000493344523413212,0.00016040904155
"2021-04-29",0.0044170413966676,0.00477227614595817,0.00364645206603854,0.00627788970036155,0.00484052103672066
"2021-04-30",0.00135674068974686,0.000947788355296359,0.000881108718833805,9.90213657797308e-05,0.000323303559836661
"2021-05-03",0.000500483641976327,0.000417599087689238,0.00033199912576993,0.000184284123798962,0.000182841966027716
"2021-05-04",0.00172611889291126,0.00182973682726787,0.00204325433012364,0.00173708920174324,0.00185102411630717
"2021-05-05",0.000911363771997663,0.000893600674386742,0.000620871328655273,0.00102194941407934,0.000928820527976565
"2021-05-06",1.10071748788191e-05,3.53105800529825e-05,6.26387884455656e-05,7.31356852241261e-05,9.85274467914403e-05
"2021-05-07",0.000274016827450371,0.00017429706701066,0.000121318822253569,0.000181451694273161,0.000179033804115868
"2021-05-10",0.000210774150495911,0.000172950664223317,0.000126452870734349,5.22949395026079e-06,9.28166241765861e-07
"2021-05-11",0.00386923956781602,0.00378400284727262,0.00379605604421562,0.00335301472308176,0.0035231899848414
"2021-05-13",3.20697115128474e-07,2.42457456492106e-05,8.38796688773271e-07,2.91567402867582e-05,1.93338982029672e-05
"2021-05-14",0.00469164502385845,0.00511021534719555,0.00407374934508609,0.00360810948464795,0.00355704361277212
"2021-05-17",2.42244049682029e-06,6.16007861456123e-06,8.94897672952761e-06,4.81601601204114e-05,6.20602144741457e-05
"2021-05-18",0.0017811011203803,0.0015785999537972,0.0013736435101181,0.00143854017734579,0.00149297495039407
"2021-05-19",0.001820293813862,0.00177816099762603,0.00163728876262838,0.00144860012340776,0.001444617014419
"2021-05-20",0.00378817293722421,0.0044530264646847,0.00480248320439901,0.00525157830171414,0.00539050506450689
"2021-05-21",6.31687653884925e-05,0.000120857479264409,0.00017918956413501,0.000116333614613606,0.00015470237587559
"2021-05-24",0.00222141933748857,0.00246304384122362,0.00260603787192145,0.00209388342127506,0.00226017061414506
"2021-05-25",2.15662685266948e-05,4.51176570521595e-05,0.000110608137833982,4.18032122507581e-05,7.4539118382538e-05
"2021-05-26",0.00222834036702768,0.00217697699991887,0.00269472886016694,0.00235371768036853,0.00252935026514725
"2021-05-27",4.73764130358036e-07,8.76441966066246e-08,4.22531923605856e-05,8.14880087873029e-05,9.42613306457258e-05
"2021-05-28",0.000295908845934654,0.000466264946476622,0.000682446181845337,0.000413776996311221,0.000419872325027556
"2021-06-01",0.000549169742650514,0.000669674847396282,0.000933614621705987,0.00112521720360989,0.00115258868435159
"2021-06-02",4.53675735758109e-05,0.0001090063551976,0.000140630370032567,0.000221041281427723,0.000236034952770114
"2021-06-04",0.00203388933575121,0.00211698350828279,0.00200061821887042,0.0021005796802651,0.00222197629449686
"2021-06-07",1.27996940811661e-05,4.66655800220998e-06,9.84458992349655e-06,1.10331447868599e-05,2.19258662710243e-06
"2021-06-08",2.26820647325255e-06,5.65722300462458e-06,1.77655232974329e-09,1.68787246035189e-05,3.40805486052791e-06
"2021-06-09",0.000688511035343236,0.000689039616023354,0.000522087765871378,0.000589586993612858,0.0007372357960578
"2021-06-10",1.81408379664955e-05,2.340327240692e-05,9.48808131716621e-06,5.34719206406089e-05,7.27139316268999e-05
"2021-06-11",0.000951077895643407,0.0012845196961211,0.00112317394043421,0.000626028603663872,0.000681891698767363
"2021-06-14",0.000156930364808926,0.000119623924801047,0.000134624081183028,0.000230433759260708,0.000225601665214249
"2021-06-15",0.000458834845005287,0.000368320410419927,0.000390486013245433,0.000366239483334431,0.000379013832643314
"2021-06-16",0.00339187265713981,0.00350416656083119,0.00336321316469438,0.00332843592631037,0.0031527215838798
"2021-06-17",0.000351182326379904,0.000331714831470392,0.000425599359609297,0.000907697158818974,0.000990699315533409
"2021-06-18",0.000213630521491432,0.000162477376141353,0.000121244105666403,1.3393418070815e-06,8.62040861264172e-06
"2021-06-21",0.00107296352256611,0.00134478392072285,0.00154934373581856,0.00238298277655425,0.00270704029132395
"2021-06-22",0.000733395615842296,0.000693381725520349,0.000831251339120907,0.000900924149802886,0.00124788259553021
"2021-06-23",0.00198154982895886,0.0018192928740963,0.00202827160535269,0.000889951576780953,0.0013054507584437
"2021-06-24",0.000688107984406359,0.000630549704398636,0.000653600768931003,0.000246003371257058,0.000461123927269708
"2021-06-25",0.000370760912916278,0.00034133384106411,0.000411745490254586,0.000173141758131385,0.000298079329932301
"2021-06-28",0.000700278958918561,0.000827344263618703,0.000843425326309299,0.000858568361448239,0.000958321328159118
"2021-06-29",0.00012234045546354,0.000197703846162552,0.000239226132070056,0.000739641692266843,0.000835346830233265
"2021-06-30",0.000168643331067395,0.000213266875619305,0.000352715099513682,0.000599991794179734,0.000772064771201506
"2021-07-01",0.00026309850590829,0.000256068233498767,0.000440937921408514,0.000251921138127392,0.000384114532010899
"2021-07-02",0.000363340532466634,0.000348787031814871,0.000555852174365446,0.000314982508190053,0.000451335315389853
"2021-07-06",0.00255918108078519,0.00268632436352337,0.00213339188837308,0.00283553063331281,0.00244661251785266
"2021-07-07",0.000285599496241077,0.000270618809139139,0.000228973106993202,5.6706479001425e-05,5.8369188105257e-05
"2021-07-08",0.001582253240875,0.00177463134246841,0.00162490708413231,0.00129606153142408,0.00122563504790202
"2021-07-09",0.00255250048973402,0.00247918236682046,0.00290463865382018,0.00353990001703853,0.0038772105917285
"2021-07-12",0.000113825153486895,7.54414561797821e-05,0.000100536776161328,1.24799128439948e-05,4.74783139343294e-06
"2021-07-13",0.000393230257310449,0.000411424581057307,0.000282459766445925,0.000391839209865113,0.000382508818950128
"2021-07-14",2.1159057159791e-05,8.00617003314417e-07,5.2484595077056e-06,5.48274626963044e-05,6.84334645706772e-05
"2021-07-15",2.92388313411055e-05,2.31029054773711e-05,8.00380528028047e-06,0.000208533584903802,0.000290895437995628
"2021-07-16",5.91997978306526e-05,0.000110541831144112,0.0001970339181045,4.96448242674826e-07,1.34033392778633e-06
"2021-07-19",0.00313280633884287,0.00331013892385722,0.00253886827824896,0.00259821139824162,0.00271773909950276
"2021-07-20",0.00295404290113594,0.00294187489965144,0.00373681606193656,0.00633081702347446,0.0061030091857205
"2021-07-21",0.00126581994943964,0.00157952045753662,0.00205555808323043,0.00245554588698923,0.00239844935263889
"2021-07-22",0.00105839226756157,0.00107381977294565,0.00164395450679689,0.000887745104213927,0.000891610233503666
"2021-07-23",0.00198599798369149,0.00222570533921583,0.00269070745409895,0.00182198335361665,0.00198710299610747
"2021-07-26",1.77013982569589e-05,0.00017437404085443,0.000312755516568067,0.00155297098907132,0.00177414039848091
"2021-07-27",0.000918221713411086,0.00104822688044497,0.000500092227023738,0.000705937292208731,0.000409537568424981
"2021-07-28",0.00704178924733282,0.00735778136618866,0.0059220963532036,0.00560285414454597,0.0047174269712761
"2021-07-29",0.00821516198773592,0.00751171228787569,0.00905464545556389,0.00495402706858107,0.00605773398860212
"2021-07-30",4.77929075155034e-05,2.2711184707653e-05,0.000238761124304326,5.26410511769403e-05,0.000129974508828172
"2021-08-02",4.40608886987459e-05,5.48349578760814e-05,0.000259042787874307,0.000104517975158858,5.91895270141371e-05
"2021-08-03",0.000132151099524375,9.8219256178036e-05,0.00034464752582637,0.000274899163054387,0.000167752690948857
"2021-08-04",0.000347323843084454,0.000365634701039552,0.000645750335544268,0.00137164109369284,0.00105569418007113
"2021-08-05",0.00102073191568429,0.00119551278488804,0.00203277571497923,0.00229745114822776,0.00246208629134236
"2021-08-06",0.00032131267980878,0.000326926047941788,0.000212162983132863,9.07369605204747e-05,6.92290451812821e-05
"2021-08-09",0.000334946936475364,0.000327704244756886,0.000103570284251189,7.27647075389555e-05,5.74433660514852e-05
"2021-08-10",1.39026093941536e-07,6.59132677451932e-08,8.87886602040027e-05,5.79807917791903e-05,6.70337129432811e-05
"2021-08-11",0.000195965047944571,0.000189325141594023,3.24330703256364e-05,8.24825248720673e-06,1.48634749557982e-06
"2021-08-12",0.000247859233542933,0.000222866509683894,0.000161634527201134,6.27392224758465e-05,6.37841658289296e-05
"2021-08-13",0.000200486972714177,0.000206987895408084,0.000159090694068239,4.46708498997402e-07,6.22838731692823e-08
"2021-08-16",0.00362672147709272,0.00358548631934764,0.00387007267280492,0.00423836620718232,0.00448346341057697
"2021-08-17",0.000383558056261292,0.000494677452908672,0.000640970373493447,0.000499022565855757,0.000590630293226556
"2021-08-18",7.98021434552385e-05,9.90053865077885e-05,5.36858985599364e-05,4.61790697399288e-05,1.5812509835676e-05
"2021-08-19",0.000848622590403911,0.000873083112513324,0.000827519151623252,0.000912354534178578,0.00104113544875483
"2021-08-20",0.00337506175709817,0.00355259625941309,0.00391882773124128,0.00398799504006521,0.00378830500521321
"2021-08-23",0.00231066504892065,0.0021732132500919,0.0027537479373434,0.00296005890260108,0.00266611868950383
"2021-08-24",0.000582902677606178,0.000624196766186998,0.000798879461563156,0.000450890476989875,0.000348571038957477
"2021-08-25",0.000862008609015599,0.000872746882056606,0.000997937538709649,0.000675177079684248,0.000557943551006818
"2021-08-26",2.56726924174214e-05,3.42639383017682e-05,7.23049769517493e-05,0.000148522438065799,0.00011932972919333
"2021-08-27",0.000120681746544601,0.000176658967338968,0.000173939205983462,0.000272687787598121,0.000266370583884422
"2021-08-30",0.000172201624613946,0.000205160773363411,0.000100050601888629,9.17395504142158e-05,0.000113570502940837
"2021-08-31",0.000255893612447334,0.000351503294361117,0.000299006510283866,0.000191194500614427,0.00020108271289366
"2021-09-01",3.36342344226754e-06,2.2956752511023e-06,9.80935132023656e-07,3.75184198781675e-05,2.94060470693728e-05
"2021-09-02",0.000281511751010992,0.000283419781314963,0.00035202385998543,0.00011616720259095,0.000101702508031921
"2021-09-03",0.000700983123458106,0.00063794481205735,0.000600394948068876,0.000840602826401669,0.00077188026924187
"2021-09-07",2.04381234238195e-05,2.14494265121615e-05,3.71275184870259e-05,0.000105355574414465,8.51122273573307e-05
"2021-09-08",3.53092355234967e-06,5.47190234701864e-09,5.60637601671618e-06,6.30645856455868e-05,8.54477759223766e-05
"2021-09-09",0.000251548846631035,0.000320722874674824,0.000325537552492259,0.000207410159365355,0.000178636760373228
"2021-09-10",0.0235231096961382,0.0234674186015846,0.0227300795991901,0.0222091781691167,0.0219487946850036
"2021-09-13",0.00260798200559476,0.00198748238464521,0.00170525321820699,0.000658850287473854,0.000641444691380083
"2021-09-14",8.39012801939872e-05,9.65457854298001e-05,9.50592531091801e-05,4.6821803290327e-05,3.91739605472468e-05
"2021-09-15",0.00206902895151611,0.0020383099977251,0.00199994552647517,0.00415071315783128,0.00425025033517561
"2021-09-16",0.00101020750437292,0.00107451608055786,0.00111434774519167,0.000917336321486849,0.00102189409224232
"2021-09-17",9.46694909182146e-06,1.78965675229077e-05,6.72355769945012e-05,9.36705957902646e-05,0.000121258396520122
"2021-09-20",0.00208032257581231,0.00210173447851662,0.0019317155874245,0.00249896585497217,0.00224176107627371
"2021-09-21",0.00080252752291637,0.000883312128853991,0.000939436734939764,0.00116169193573434,0.00147258683685882
"2021-09-22",4.58344204926732e-05,5.41335304914385e-05,5.67794860236066e-05,2.42249958228506e-05,4.90813108089969e-05
"2021-09-23",0.00177617215291125,0.0018895886524689,0.00185718996403739,0.00147001117148417,0.00167758163831929
"2021-09-24",0.00149722525772824,0.00156555557279724,0.00149374186801474,0.000551087904305743,0.000622706975706517
"2021-09-27",3.41577164244468e-05,2.45746433293298e-05,1.05914370104555e-05,0.000360561183139214,0.000304103178531058
"2021-09-28",0.00217040523681299,0.00229008692248447,0.00230539656507061,0.00266897505346798,0.00257640633035857
"2021-09-29",0.000358608499749024,0.000436888512224311,0.000448169583883817,0.0006415201985322,0.000667630480700638
"2021-09-30",0.000219055701346203,0.000181111526875218,0.000168624744729474,0.000211251013899104,0.000251224479804994
"2021-10-01",0.000490597194945376,0.000310312037361063,0.000359729509733327,0.000378979574141308,0.000519378519624717
"2021-10-04",1.45895638320593e-06,3.21219053640805e-07,3.64441939411605e-08,2.00060806503035e-05,5.87946052639954e-05
"2021-10-05",0.00199926919981881,0.0021862587088407,0.00227828592557544,0.00261841093000887,0.00245042755503038
"2021-10-06",0.000310219905601966,0.000317589548565242,0.000316543811709412,0.000827707701181059,0.000889657319272977
"2021-10-07",0.00438809225266219,0.00462689776838559,0.00456280907202285,0.00406749427360118,0.00431528155099377
"2021-10-08",0.000280073202269707,0.000327965889613481,0.000426871220332661,4.0227738025743e-05,4.80278808495e-05
"2021-10-11",0.000441749534987879,0.000493490769018918,0.000544171507925544,0.000428798504226948,0.000479220990058031
"2021-10-12",0.000322041590580231,0.000245268547712383,0.000185606010464352,0.000320014734811993,0.000277930560745413
"2021-10-13",0.000101690394698792,0.000166499857469289,0.000262310059793826,0.000154052124881884,0.000206000347550358
"2021-10-14",0.00295720402374504,0.00317454238544401,0.00351595143608288,0.00460050584751221,0.00498928153520446
"2021-10-15",0.000362253946964585,0.000460937869960456,0.00060035357575391,0.000143892044210222,0.000262976959511181
"2021-10-18",1.86522550780578e-05,4.53140528091069e-06,1.2802773684661e-07,0.000267754727535304,0.000193797869848912
"2021-10-19",0.000444826817355037,0.00049304456297563,0.000474321074517197,3.14872757563867e-05,7.43769195798358e-05
"2021-10-20",0.000347547241260208,0.00041254862719156,0.000345743418967852,2.03167474104487e-08,6.93029118869776e-06
"2021-10-21",0.000216359670518316,0.000248611849341867,0.00022517739233297,0.000116632246163597,0.000134018120927475
"2021-10-22",3.43996127464264e-05,9.7366947122089e-05,5.3338352268658e-05,0.000213320914970277,0.000244663694579917
"2021-10-25",0.00034723808757392,0.00121243867028274,0.0010958924296527,0.00403710308975745,0.00441640434840387
"2021-10-26",0.000269131851487375,0.000232148808473719,5.08390229653039e-05,0.000407823053304283,0.000131130136461188
"2021-10-27",0.000237616250939819,0.000261215730557127,0.000526412509815196,1.53801374715713e-05,0.000205949201187009
"2021-10-28",2.99020945323721e-05,2.59643838491582e-05,2.65289604916212e-05,0.000111682823109006,4.05290801775571e-06
"2021-11-01",3.01247429199234e-06,1.3384686790035e-07,7.53813352702677e-05,0.000136211948767179,7.37709702114432e-06
"2021-11-02",5.25652965998086e-05,2.83422886180638e-05,4.08360886973192e-05,0.000419926946122985,0.000445289395859463
"2021-11-03",0.000528317269478691,0.000446402558367099,0.000402727515965773,1.21362738731641e-07,3.79336676593455e-06
"2021-11-04",0.000143282799370456,0.000122395352819559,9.6791805952663e-05,7.37942076863811e-06,4.75925272167126e-05
"2021-11-05",0.000128475664701374,0.000128062387220027,7.9297512051827e-06,5.72540713818156e-05,9.37471952893923e-05
"2021-11-08",0.00169604412066804,0.00174551288245064,0.000949354752100326,0.00131450064674549,0.00125368736797088
"2021-11-09",0.000700102805691834,0.000701731617820378,0.00134615791745538,0.00176333366485456,0.00173532447236173
"2021-11-10",0.000145206449793177,0.000151691769350066,0.000463917016871216,0.00169000174946149,0.0017518314626601
"2021-11-11",0.00516614629612123,0.00491585344187292,0.00416104970453385,0.00238961862290471,0.00225446944121245
"2021-11-12",0.000220716592797679,0.000258735144065712,0.000160038095617992,1.06846397178145e-06,1.9673914081304e-05
"2021-11-15",2.13385501315695e-06,3.04238581393693e-07,1.35071958320116e-05,0.00044401651954613,0.00063297901520263
"2021-11-16",0.000663586325654182,0.000590152476310023,0.000462678890071826,6.34159988692264e-05,3.44903093193892e-05
"2021-11-17",0.000802810137438687,0.000927681073831639,0.00115492568781846,0.00193471359772971,0.00243657184589202
"2021-11-18",0.00450268263239488,0.00486037010735694,0.00525642581072788,0.00466756948240968,0.00553214969529839
"2021-11-19",0.000380805129643675,0.000217691391539001,0.000106132247200741,1.8032801965732e-06,5.72613338747917e-05
"2021-11-22",0.00103171549573928,0.00121406066321419,0.00145419476993687,0.0022557689799005,0.00318833864985977
"2021-11-23",0.00133844516930736,0.00166949353502958,0.00180517633504822,0.00273661053818984,0.00364618302008724
"2021-11-24",0.00136881883207916,0.00116893206829783,0.000857814968616101,0.000107487042975236,1.70135500343469e-05
"2021-11-26",0.000374864175906028,0.000431468441288821,0.000639040237475397,0.00148432574020713,0.00200142507038774
"2021-11-29",0.000807188016915702,0.00114511366306611,0.00099382911037874,0.00203723200555512,0.00188827661481887
"2021-11-30",0.00857357600900049,0.00885306687696933,0.00934726148242971,0.00711127075868509,0.00644232314295451
"2021-12-01",0.000194031831517562,0.000233121798667384,0.000281949608764361,0.00139277860868806,0.00102451829795395
"2021-12-02",0.00336846230369868,0.00364882193294318,0.00348267029780718,0.00612944786992872,0.00513591385187751
"2021-12-03",0.000581457309978845,0.000732332762146386,0.00069062863196493,0.00255854283402411,0.00186174487127354
"2021-12-06",0.000337490195123721,0.00038006487705886,0.000397252509242715,6.41936367191863e-05,5.82590491196411e-05
"2021-12-07",0.0105513773634865,0.00965472678195825,0.0110901794669585,0.00804855027882238,0.00776337370398182
"2021-12-08",0.000396621454139782,0.000370452215075826,0.000299127885042638,0.00160079279410646,0.0016724350034169
"2021-12-09",0.000680192059964813,0.000510855910218136,0.000542043195561081,9.28355908832786e-06,2.94085230020616e-05
"2021-12-10",0.000489723418817379,0.000397338410242321,0.000355631804414131,2.34881469463552e-05,2.08414153939836e-05
"2021-12-13",0.00495614532222245,0.00495198462203911,0.00537774707440123,0.00645296954917623,0.00665875712417529
"2021-12-14",0.00049940616660017,0.000731781612578586,0.000856721393330815,0.000771686442959256,0.000828445303069738
"2021-12-15",0.00336470941605681,0.00342795847001159,0.0035525670958782,0.0045447572377789,0.00459983076842107
"2021-12-16",0.000202508329182764,0.000228562500443336,0.000310030994501145,0.000498218841880593,0.000511474252586808
"2021-12-17",0.00118988782854361,0.00143301334044226,0.00130382002935535,0.00201575511871533,0.00207585115995526
"2021-12-20",0.000619375300090112,0.000585566582886368,0.000308178190842169,0.000199499564245459,0.000149592864409597
"2021-12-21",0.00794716820404966,0.00778902561370438,0.00642527864936356,0.00607090964601212,0.00596112920820611
"2021-12-22",0.00275308496101064,0.00296224522487047,0.00245195218699971,0.00138798371581884,0.00140114967818459
"2021-12-23",0.00622933264040081,0.00639187530745242,0.00535406215607368,0.00339473786898946,0.00341664062254748
"2021-12-28",0.000146920236545874,8.38162536684834e-05,0.000103081303306943,0.000369919938456476,0.000420696063518698
"2021-12-29",0.00146445390893702,0.00151108058115579,0.00143995939146145,0.0009374136909863,0.000797801428476565
"2021-12-30",0.000757427013424075,0.000858458657375066,0.000830725167278211,0.000635054895173157,0.00041232901455471
"2021-12-31",1.21014215130217e-05,5.09101633283839e-05,7.17713164807317e-05,2.04911130721561e-05,1.3807271519816e-07
"2022-01-03",0.00113436735547921,0.000863797280158418,0.000785942859378672,0.000783017830531412,0.00106631664708639
"2022-01-04",0.000227148346562439,7.10721729767491e-05,4.09738875224579e-05,3.71045113398862e-05,9.74905926367697e-05
"2022-01-05",0.00273661972878647,0.00216432047731296,0.00221192040724721,0.00152023464426517,0.0017031541871384
"2022-01-06",0.00219172760467413,0.00183341453663172,0.00181046410853083,0.00150850061773471,0.00162448851954939
"2022-01-07",0.00126750792590853,0.0014916009823501,0.00139632874693451,0.00149918391399375,0.00143048326464464
"2022-01-10",0.0107837414232056,0.0103606475036135,0.0103253002492012,0.0121787510238668,0.0125375918145871
"2022-01-11",0.0034279532705743,0.00330170366438225,0.00320460082916949,0.00295955657610251,0.00286878632749558
"2022-01-12",0.00200677883299109,0.00226036546816312,0.00243884204032702,0.00114593774993364,0.00111759223251102
"2022-01-13",0.000103033866524209,8.5737343314651e-05,4.1196443449833e-05,6.3069727842462e-06,2.37623249768705e-06
"2022-01-14",0.000188426707652353,0.000131104455732156,6.64208355273214e-05,0.000131955219398166,0.000103047876871335
"2022-01-18",4.74561749441811e-06,1.99969325388389e-05,7.42466792284654e-05,0.000458968340267769,0.000453835590048828
"2022-01-19",3.55834154137347e-05,0.000113829970056995,0.000221647135414935,8.71754166321909e-05,0.000116298822502968
"2022-01-20",0.00015677650975857,0.000269782690175811,0.000493056700536669,5.63626709756501e-05,8.0242652876265e-05
"2022-01-21",0.0138797305993115,0.0131630755786135,0.0118577940431859,0.0141470672244813,0.0136654435309343
"2022-01-24",0.0331633223257089,0.0326329758288372,0.0307417352151521,0.0354481189770069,0.0337534315545398
"2022-01-25",8.58541972028751e-06,1.79907602893361e-05,0.000100976667681573,4.15360106523822e-05,8.30883476580711e-05
"2022-01-26",0.00275582039824588,0.00246254166588392,0.00219369105825099,0.000559650385292544,0.000762784025468319
"2022-01-27",0.00305842650667612,0.00302011398313402,0.00362830538759463,0.000624360865301322,0.00133409996690254
"2022-01-31",0.0136095278275414,0.0124689442949969,0.0133156281126712,0.00353618913584674,0.00446906636116552
"2022-02-01",0.000443127245745058,0.00033912640739966,0.000700216417204258,0.000586271456608111,0.000344956725368552
"2022-02-02",0.00196021118825638,0.00198940357275836,0.00268464224787065,0.000355080880244533,0.000203789211993719
"2022-02-03",1.65157166451699e-07,8.62801266177285e-08,7.53332616502635e-05,6.82849898932134e-05,0.000147662697311975
"2022-02-04",4.18480581775364e-06,5.82321148716193e-05,7.76343098779874e-05,0.000140785699718762,0.000320732264348733
"2022-02-07",0.00179455011073615,0.00213189010372112,0.00252213557462848,0.00258515855641309,0.00225824460963696
"2022-02-08",0.00044109644669648,0.000547146052245198,0.000773047374713589,0.000749828417202108,0.000695770430947005
"2022-02-09",0.00236157745084728,0.00246449765698168,0.00377223202890621,0.00454458659303946,0.00428742352487317
"2022-02-10",0.00281061309247476,0.00249467695604603,0.00232715558611998,0.00215638418711261,0.00221401336456324
"2022-02-11",0.00733380198885672,0.00665845995663425,0.00778401539308224,0.00807063886585047,0.00799872037538521
"2022-02-14",0.000356987540155486,0.000279472006701424,0.000761652029514338,0.000582074958056546,0.000583631730132657
"2022-02-15",0.0106847237121077,0.0108842871736519,0.0090948030140744,0.00925081397299956,0.00935047308286854
"2022-02-16",1.18300840564491e-05,2.76204051021719e-06,1.55446102341179e-05,2.26617559876222e-06,5.9655780325939e-06
"2022-02-17",0.00241889095426007,0.00263694453825249,0.0027923596944524,0.00259296456539592,0.00228144742306212
"2022-02-18",0.000958752512799391,0.00085225450515723,0.000828286586403568,0.000821335277064153,0.00100022083392672
"2022-02-22",0.00292499889665966,0.00252500408692825,0.00262903710960393,0.00288044561764721,0.00304378628096757
"2022-02-23",0.000223305442052052,0.000432930198820971,0.00044187242384215,0.000496454558263032,0.000508457404838419
"2022-02-24",0.0315566078621582,0.0310266408442219,0.0301626355409919,0.0294371356920028,0.0291754856449735
"2022-02-25",0.00863156262842197,0.0091464567853051,0.00990422984946915,0.00967889657735445,0.00972993393704987
"2022-02-28",0.00027881229896422,0.000241790796822117,8.78406711561183e-05,2.22733042178168e-05,1.82524103144162e-05
"2022-03-01",0.000186908835900501,0.000182397032161535,4.57575485640674e-05,9.4490841569062e-05,8.26525135663946e-05
"2022-03-02",0.00111764531859325,0.0011387785289265,0.00144163828660709,0.00287396821239671,0.00270258713300008
"2022-03-03",0.000348704936954184,0.000315451292134453,0.000517736160978604,0.000601764848586943,0.000683532441050963
"2022-03-04",0.000395622674480376,0.000360259565314711,0.000240200558751019,0.000618453647760595,0.000627392747408933
"2022-03-07",0.000718798059162851,0.000695200815749854,0.000477812703003812,0.000404868937429019,0.000345052564608457
"2022-03-08",0.0190112206601064,0.0191059565709212,0.0174385819986093,0.015512326760117,0.014701006190087
"2022-03-09",0.00961157381709351,0.00923954012813061,0.00997474948644827,0.0136946876497491,0.01411164648192
"2022-03-10",0.000197159758453185,0.000130264403116652,0.000258637617821719,0.000491887972492492,0.000519252700890464
"2022-03-11",0.000364711344244915,0.000244980756194905,0.000309998447507647,0.000112619848746707,0.000112822615551322
"2022-03-14",0.0010517786811337,0.00132139072479335,0.00141171372325512,0.00319868199945295,0.00333200508316028
"2022-03-15",0.000804991533388865,0.000610583658841853,0.000492578160782035,0.000383951115999484,0.000307154225829069
"2022-03-16",0.0045326922396131,0.00476228323488936,0.00495219306846579,0.00514678109263395,0.00542670848221219
"2022-03-17",0.00548061340404685,0.00527285678574587,0.00504709011440683,0.00501444473501939,0.00471732249299685
"2022-03-18",0.000704810411021841,0.000630801121430256,0.00057329667487921,0.0014817274553217,0.00133136782765033
"2022-03-21",0.000221036406602436,0.000360156928191481,0.000394580627770953,0.00135853282382744,0.00117619536041847
"2022-03-22",0.0024714298475988,0.00263181588900535,0.00275805264593664,0.0019076063354326,0.00138990731703027
"2022-03-23",1.551699491306e-05,1.65326739283958e-07,1.11506871793762e-06,8.66145599174423e-05,0.000151306962328682
"2022-03-24",3.2869972802435e-06,2.98057098598444e-05,7.28778461265499e-05,3.36036376635828e-05,1.47110982429348e-05
"2022-03-25",0.000379657750562658,0.000519905963839353,0.00051543798310256,0.000535273786887867,0.000453647757872491
"2022-03-28",4.31849772570683e-05,2.20416484260342e-07,8.9177795934779e-06,0.000163047424009371,0.000268738900101238
"2022-03-29",0.000318373261357576,0.000702693817514517,0.000651068996880042,0.000382309476039051,0.000271551824158995
"2022-03-30",0.000523732354944072,0.000877461143820224,0.00102523161481637,0.000961734410198468,0.000756242761774445
"2022-03-31",4.6917925312584e-05,0.00012584641169794,0.000233820601107432,0.000113499224864236,4.40795111600436e-05
"2022-04-01",9.92846608001203e-05,4.12648253546827e-05,1.39522573886812e-07,2.2325529885528e-06,8.31363232927005e-06
"2022-04-04",0.00193908015255539,0.00220587106570064,0.00234570502052473,0.00211903621183397,0.00218944375882507
"2022-04-05",2.76334378211699e-05,3.33729341138782e-06,3.69548675410928e-07,4.13542063867972e-09,1.02725858544086e-06
"2022-04-06",0.00440143565150369,0.00398684581918339,0.00374906424851255,0.00335808895493613,0.00357232063395729
"2022-04-07",0.000127082254271854,0.000194629529581298,0.000209406335387193,0.000297265100379538,0.000277444907324748
"2022-04-08",0.00052264885859382,0.00063783788648405,0.000686120021302883,0.000912438070046571,0.000968623559943962
"2022-04-11",3.066902575899e-05,5.72459329977761e-05,7.69356291322706e-05,5.65946004458605e-05,7.70842634928678e-05
"2022-04-12",0.00110464661825753,0.000987679287018824,0.000757834845618931,0.000479670074478125,0.00045377633401127
"2022-04-13",0.00264824119147207,0.0027840619304174,0.0027409614568835,0.00297829735219349,0.0031024080326147
"2022-04-14",1.49084713584675e-05,3.50326469400108e-05,2.5637961471331e-05,2.33755979816583e-05,3.32178957083843e-05
"2022-04-18",0.000540002079937184,0.000440612612985946,0.000537394596800449,0.000394330264009108,0.000297863018407685
"2022-04-19",0.000263324087468647,0.000307074413243954,0.000206999712130515,0.000287352822285939,0.000404308369469683
"2022-04-20",0.000112165098320067,7.92583768210072e-05,8.10988619861286e-05,0.000208530234219248,0.000134700647075869
"2022-04-21",0.000991963416913635,0.000915271093683303,0.000974047362123054,0.00134804866040033,0.00127427324654234
"2022-04-22",0.000652858461692431,0.000596188175692776,0.000596712747581509,0.000727619531772559,0.000648045572828775
"2022-04-25",0.0133304452610277,0.0130582348251314,0.0124493577353355,0.00913772675016711,0.00877014888587474
"2022-04-26",0.00118277697268508,0.00123883315652891,0.0013254830519099,0.00115860813863682,0.00118553291652972
"2022-04-27",0.00800446774884806,0.00794316590697866,0.00814687890659493,0.00823667447211325,0.00811234883120409
"2022-04-28",1.1997804205692e-05,1.84187931945255e-05,9.2715921356227e-06,2.42909603594985e-05,0.000192131747603858
"2022-04-29",0.00381135737756453,0.00403612555926763,0.00264126968208145,0.00359476264009429,0.00373831033274111
"2022-05-02",0.00666593374895359,0.00712005610780088,0.00959777856906795,0.0161861934735354,0.0159592209553456
"2022-05-03",0.000127343661845651,0.000278204674841445,0.0007214984572534,0.00108115263907059,0.00129194199123911
"2022-05-04",0.0109968792561872,0.012734335056944,0.0153876144824615,0.0124098837184838,0.0123546312541375
"2022-05-05",3.90809160499248e-05,0.000168813696246437,0.000698896812476058,0.000730874030769295,0.00100241720234845
"2022-05-06",0.0134139318982815,0.0148952118240081,0.0142820475602616,0.0136731967099913,0.0138543877908541
"2022-05-09",0.000525841041343501,0.000364593900240038,0.000457132970529809,0.000332891956580705,0.000309843415878042
"2022-05-10",0.000241047828121243,0.000328623134132729,0.000181477461838973,0.000198496506964311,0.000379563605588916
"2022-05-11",0.00332026485964656,0.00368891709643627,0.00336909072731934,0.00205028096824121,0.00328842998681883
"2022-05-12",0.0242789313513062,0.025212676311949,0.0247560230997076,0.0241216758084049,0.0254530589988898
"2022-05-13",0.0302909209281422,0.0293021662571151,0.0270116822261612,0.0296821658130469,0.0272850305546881
"2022-05-16",0.000581445289693653,0.000728648320072613,0.000757550144604822,0.00071800176506099,0.00185785261647557
"2022-05-18",0.00211032880889325,0.00181653497175381,0.00192684654173253,0.00222464774431548,0.0015475892048327
"2022-05-19",0.0105369748593381,0.010816808037829,0.0103321930823984,0.0103437356632977,0.00998438042477747
"2022-05-20",0.00103994869380324,0.000978782360656969,0.0010222281206199,0.00109806227104048,0.000989520626249132
"2022-05-23",8.2198288425829e-05,6.81002053686754e-05,9.55239125635778e-05,0.000195935127551455,0.000117708875317682
"2022-05-24",5.88342978717211e-06,3.29911425923428e-06,7.04313115427439e-06,1.71572689149411e-06,3.37270401608502e-06
"2022-05-25",0.000440721474642953,0.000446282904528656,0.000302660026168623,0.000223022916564289,0.000194070031604061
"2022-05-26",0.00941984728037945,0.00946515283446088,0.010646197073307,0.0106169086534349,0.0111405775853469
"2022-05-27",0.00433653692132719,0.00432735054145948,0.00490374987006878,0.00401406014094309,0.00442659588312318
"2022-05-31",0.00328805819790332,0.00331879451301446,0.00261059017491825,0.00318054465656432,0.0027556863526017
"2022-06-01",4.20624368569067e-05,5.97745057178527e-05,9.55428271892402e-05,8.59030620894819e-05,5.38028761470091e-05
"2022-06-02",0.000903994696422432,0.000973861681486863,0.00107835564434111,0.00121127504044536,0.00103153396373177
"2022-06-03",3.86208596736693e-05,1.6407328345449e-05,3.72117968057364e-06,6.25002903016918e-07,1.58970030124014e-06
"2022-06-06",0.000499218496265209,0.000609900908676326,0.000418016025764643,0.000331495038129827,0.000318269186709013
"2022-06-07",0.000690807878789854,0.00058223176418791,0.000537108757766216,0.000568137595354133,0.000773558331751198
"2022-06-08",0.000945313360771748,0.000942420535024246,0.000741852988031788,0.000524050489418067,0.000760426156230037
"2022-06-09",2.56081070729235e-07,7.37076730244262e-07,1.05225973870921e-05,6.10400161145712e-06,6.37011842662705e-06
"2022-06-10",0.00205057238952858,0.00194531184826179,0.00206919378603186,0.00178256198723356,0.00126230031117987
"2022-06-13",0.0084013426837621,0.00769475695748314,0.00788717066305751,0.00662827576143112,0.00629308751493795
"2022-06-14",0.000179065340253394,0.000219598266551826,0.000227758018876203,0.000757145633649725,0.00102536840289882
"2022-06-15",0.0252837002670564,0.0245990656891016,0.0248677673320987,0.0246784127004559,0.0255239795936996
"2022-06-16",0.00387320296829453,0.00416622216857933,0.00420853657760446,0.00564145492648864,0.00532694976986897
"2022-06-17",7.05272342151135e-05,0.000104058548511581,7.4796669046791e-05,4.5988060065625e-05,3.19167323466822e-05
"2022-06-21",0.00567312900371718,0.00566334832211354,0.00627520171660563,0.00637350408486648,0.00724696096977069
"2022-06-22",0.000902669238320703,0.00115704677824308,0.00103252244094953,0.00107572762832438,0.000654839741400571
"2022-06-23",2.25166384111942e-05,4.11963598854512e-05,6.0688458207064e-05,0.000151034823041484,1.77789876559948e-05
"2022-06-24",0.00682733586329192,0.00710725178888837,0.00636583174877178,0.0056419563514398,0.00634209386605271
"2022-06-27",0.000165508146895137,0.000182601581554104,0.000142670788830015,9.96738248114846e-05,1.75407672040604e-05
"2022-06-28",5.86288424637961e-06,9.6198768386218e-06,2.3866792104934e-05,8.24117166268461e-05,0.000172996488793126
"2022-06-29",0.000922479607528332,0.000855211375166211,0.000569778643870361,0.00084401715428554,0.00121570215531461
"2022-06-30",0.00113723038332247,0.00115537130285601,0.000935701475608964,0.00125440149232811,0.00110728089607331
"2022-07-01",9.28578424478164e-08,3.78964723127845e-10,2.56148478865269e-07,1.17730603414022e-06,1.72807814701973e-05
"2022-07-05",0.000197228672815452,0.000228820684113974,0.00017873495968117,0.000125684342557049,0.000122333575817326
"2022-07-06",0.000517615387414274,0.00048801983585763,0.000493743001181351,0.00072293227888056,0.000935972856401249
"2022-07-07",0.0109749296097687,0.0109025030567641,0.0114800369911254,0.0114016842161411,0.0115972302409657
"2022-07-08",0.000146455498035057,0.000233913634940025,0.000379511074824004,0.000231146981675224,0.000479346740414029
"2022-07-11",0.00023198357958612,0.000171381931211106,0.000237170430651523,0.000260023659616353,0.000474674392392936
"2022-07-12",0.000809547801012223,0.000862826396789554,0.000711598253222438,0.000750771970469688,0.000479303933062657
"2022-07-13",0.00450666598348819,0.00503225248764784,0.00449532168330035,0.00312983869413367,0.00363549936444361
"2022-07-14",0.000193883332694746,0.000203650602896018,0.000173133621421438,0.000347277698887825,0.000331662813188848
"2022-07-15",0.000970122969478035,0.000877561574292942,0.000980074751261286,0.00161922101224087,0.00177520850194068
"2022-07-18",8.81275571090062e-05,5.93973804237373e-05,0.000118105308572231,0.00010369334310053,0.000283931316118449
"2022-07-19",0.0020481739879302,0.00169703484114116,0.00184435756310072,0.00216732029824748,0.00194319196821495
"2022-07-20",6.3795420365629e-05,2.13950468178496e-05,7.05450804198278e-05,1.47124098913269e-05,1.07766389092315e-05
"2022-07-21",0.00038548078846459,0.000408252703727984,0.000414452028084676,0.000517876038275348,0.000299972417412328
"2022-07-22",0.000345057477059279,0.000306363468644584,0.000182874102227097,0.000315874907481932,0.00056371247904949
"2022-07-25",1.34104422804878e-05,1.69547283506798e-05,1.6721721816614e-05,0.000757901067592483,0.00177358936464628
"2022-07-26",0.00112223976291235,0.00102549559028617,0.000913530770704051,0.000779761799208288,0.00111688758784971
"2022-07-27",0.000245989628439042,0.000206356921398661,0.000203747310222839,0.000968500714863284,0.000475489191655697
"2022-07-28",8.62729038780344e-05,7.75085058485206e-05,0.000101629566859072,3.08202906821647e-05,7.47914018758646e-05
"2022-07-29",3.97065442986265e-07,4.09170454971063e-06,1.43751609100087e-05,0.000165066567404655,0.000206239078721286
"2022-08-01",0.000645499542679376,0.000488628571521523,0.000527184364162793,0.000670551408935012,0.00109775080745719
"2022-08-02",5.99913256323953e-05,6.75129258882945e-05,9.20035820078348e-05,0.000208121275264887,0.000706389139380885
"2022-08-03",0.00187627534206008,0.00173762806338804,0.00176925544274013,0.00114238093190853,0.001244090763696
"2022-08-04",6.07852821348153e-05,3.43536336398202e-06,4.6900306852668e-05,6.74963172997607e-05,8.96448641025663e-05
"2022-08-05",0.000418217272118811,0.000149945071199444,0.000302148132734099,0.000698840001486911,0.000672313181140488
"2022-08-08",7.0371719157563e-05,0.000167074392620813,2.80460844848865e-05,5.49893019746656e-06,8.74468078227683e-06
"2022-08-09",0.000188156004301843,9.16232002050849e-05,0.000147021242714143,0.000346699338183789,0.000149865212447122
"2022-08-10",0.000597465373183968,0.000450408196788387,7.77651147573826e-05,7.30601873522132e-05,0.000135372464376361
"2022-08-11",0.000238861533579581,0.000235717255550836,3.78150960242235e-05,8.79421570764331e-05,0.000153921283529682
"2022-08-12",0.00139189365028995,0.00126749278079295,0.000675482248319437,0.000578423337983641,0.000716617031976514
"2022-08-15",0.00116780601828051,0.000866988170184215,0.00055395232554598,0.000573434165303083,0.000814881426768397
"2022-08-16",0.000162307337484566,0.000153462238169659,9.9070500955524e-05,6.6803484698722e-05,9.2034227082323e-05
"2022-08-17",0.00124349046266087,0.00137423804657046,0.00172954415004507,0.00189054768678668,0.00175186504848234
"2022-08-18",0.00124446807732602,0.00120790195747275,0.000901481059480737,0.000804402299521085,0.000596530885658751
"2022-08-19",0.000433439829908469,0.000321157206168244,0.000197430928357604,0.000109116700163132,7.19636841036638e-05
"2022-08-22",4.43736777024921e-07,1.74629715692485e-07,1.28799702103344e-07,2.79487755748141e-07,4.48670044015694e-08
"2022-08-23",2.2327460858611e-05,5.61001498689195e-05,7.87609867051732e-05,4.8663034171062e-05,9.36413036947767e-05
"2022-08-24",0.000909149289078155,0.000856608321718179,0.000840198125236108,0.000812266319014377,0.00059202839786177
"2022-08-25",0.000408079906831891,0.000310938482849843,0.000232102512429856,0.000262527126308195,0.000145103044572881
"2022-08-26",0.00708919598640291,0.00725505612090835,0.00769855777715083,0.00851066162817699,0.00885648125659043
"2022-08-29",6.28645231286968e-05,0.000130314745544549,9.5456577538755e-05,0.000156047392185765,0.000140197818550149
"2022-08-30",0.000671251360920041,0.00071833216294255,0.000579069757276401,0.00053286188776926,0.000644734876847654
"2022-08-31",0.000643601245750761,0.000643748195112586,0.000511024947221452,0.000538491991417619,0.000852069844689506
"2022-09-01",7.71540271588129e-08,6.12414026344759e-07,1.11520368349618e-05,1.49228948720741e-05,2.07369231241005e-05
"2022-09-02",0.000143911148231365,0.000103155537796933,8.27893026849512e-05,0.000117840247074256,0.000319279184620488
"2022-09-06",0.000629133951306185,0.000509230835090014,0.000369785475289908,0.000364882001654083,0.000413175554223003
"2022-09-08",8.20995580258588e-05,9.50020390878903e-05,5.37378506279642e-05,1.31226660399847e-05,1.7772949374275e-05
"2022-09-09",0.00676676958529819,0.00672895644739296,0.00739699452700629,0.00754279655900545,0.00785251101289546
"2022-09-12",7.94608207081118e-05,5.8386118352414e-05,0.000123104956797135,3.80332464846402e-05,6.12709995289049e-05
"2022-09-13",0.00087422895559282,0.0011691341515158,0.000190047270517661,0.000185459263395097,0.0001696804141879
"2022-09-14",0.000151224582229983,0.000134762144033328,0.000341586965514055,0.000505274209105019,0.000499047787052452
"2022-09-15",5.54450358219383e-05,4.9951321113912e-05,1.84057222042686e-05,4.55782703757488e-05,5.79126377722214e-05
"2022-09-16",0.0033574085682147,0.00336456890874849,0.00466382528284495,0.00461683197499465,0.00513520014287571
"2022-09-19",0.000820982862677572,0.000920685151479447,0.00015101266064235,0.000124158431701235,9.30561845244908e-05
"2022-09-20",0.000836941195607849,0.00115641782522794,0.00101891612815632,0.00100777272705076,0.00107069950384274
"2022-09-21",0.0226757453372694,0.0238538310969,0.0241370196602493,0.02467805227528,0.0249503132050294
"2022-09-22",0.00296674175414925,0.00304973202706841,0.00306680454064227,0.00301202267298602,0.00319198625263361
"2022-09-23",0.000130548425396149,0.000119355425879905,0.000172299544924107,0.000107808911115067,0.00012120996030947
"2022-09-26",0.00106664510796895,0.000968854963098947,0.000903391203071156,0.000923556491742492,0.000947074277968711
"2022-09-27",1.85631574961774e-05,2.24499043826246e-05,3.03614185609864e-05,4.90582444124551e-05,2.77048193558374e-05
"2022-09-28",0.00148280840492204,0.00151560724570135,0.00156064783224077,0.00157300500709784,0.00164717372655238
"2022-09-29",1.0092864161156e-06,5.79059488469488e-06,2.25999729509274e-05,3.28927178993258e-05,8.36948192393034e-05
"2022-09-30",0.000346714383828042,0.000422024959801244,0.000430365067133877,0.000479727766010337,0.00047866689628581
"2022-10-04",0.00410381810052547,0.00415639405837868,0.00471853972926763,0.00470794599545207,0.00462201363198419
"2022-10-05",5.52293120773719e-05,5.54070092654455e-05,0.000196074350544733,0.000108067152600554,7.92958449167097e-05
"2022-10-06",6.62836481757702e-05,5.14293451884885e-05,4.82574758272299e-05,2.2995918543758e-05,2.01580519922808e-05
"2022-10-07",0.000244979075379835,0.00017903982890658,0.00012212377851044,9.1033779565017e-05,8.82638703626954e-05
"2022-10-10",0.00131213493620494,0.00165105549791521,0.00177408444498184,0.00187853600271366,0.00178238270408464
"2022-10-11",0.000672605270563182,0.000869291885693801,0.00106794789817495,0.000905012040046293,0.000939561840334533
"2022-10-12",3.72108951652382e-05,6.49941887562077e-05,0.000170508269475715,0.000122987341222944,9.77405842633394e-05
"2022-10-13",0.0219215796068439,0.022454399577894,0.02459080263981,0.0243538811478127,0.0246356021882093
"2022-10-14",2.82649471972159e-05,2.29478356424373e-05,8.22854351564579e-05,1.08556044996444e-05,1.14471304198032e-05
"2022-10-17",0.0077985569081424,0.0074141051043019,0.00599211758204027,0.00680247752506512,0.00676191309458205
"2022-10-18",0.0152054766240216,0.0163273558355962,0.0188302808880055,0.0185607683590489,0.0186168119030113
"2022-10-19",0.00342316418196369,0.00250023965740384,0.00197468141536902,0.00229028506611591,0.00237359057080021
"2022-10-20",0.00129053280576828,0.0009520024182466,0.00137560265018744,0.00174436638080485,0.00182172835256027
"2022-10-21",0.000972582047435015,0.000926731382720916,0.000651817899325008,0.00060714787482919,0.000547010157984901
"2022-10-24",2.43635137182928e-05,4.6044231051856e-05,9.82498633599282e-05,0.00126948965696846,0.00133535411548171
"2022-10-25",0.0057804213426038,0.00583798245396002,0.00665943198711741,0.00702875107764478,0.00749295637902705
"2022-10-26",0.000768949736572289,0.000885355351874386,0.000692107727663961,0.00127065588514674,0.001211621055012
"2022-10-27",0.00040785712070149,0.000494917681165872,0.000502516730997224,0.000762550418072276,0.000422588880681205
"2022-10-28",0.00679412705030052,0.00640064021709572,0.00698469074248,0.00978363964566013,0.00982927319839982
"2022-10-31",0.00111317936031721,0.000633667679495671,0.000613377240964684,0.000318942806406928,0.000181074613048461
"2022-11-01",5.61257136142883e-08,3.23957814264675e-05,3.11980085750801e-05,9.94683896851061e-05,0.000169681326576131
"2022-11-02",0.0664545973420903,0.0695962415461747,0.0689849014395342,0.0683431710047619,0.0695103236051628
"2022-11-03",0.0198373028751564,0.0181720312529017,0.0151986988729028,0.0159473179649976,0.0165054521810521
"2022-11-04",0.0097195561771803,0.00967182967548457,0.00868134154816543,0.00784241220331065,0.00771837482829618
"2022-11-07",0.00432449013851889,0.00393435648223392,0.00588922994177132,0.00601072735576388,0.00604008519383437
"2022-11-08",0.000935759460826292,0.000728902515793796,0.000807409540408343,0.00070995846531703,0.00075685604393505
"2022-11-09",0.00154581471701595,0.00138809247858416,0.00280150238082845,0.00282749808393984,0.00281268145894085
"2022-11-10",0.000284418379170118,0.000319355541816542,0.000521082332438548,0.000402999311776773,0.000409102529271105
"2022-11-11",0.000192446843548615,0.000124616307170724,0.000715229549015939,0.000602552654233371,0.000609293759642605
"2022-11-14",0.00177187381830758,0.00188118780077926,0.00133513512014798,0.00120547579009314,0.001192346956643
"2022-11-15",0.00595607278095348,0.00602449523586007,0.00972040447543034,0.00993894451983892,0.0101868194656839
"2022-11-16",0.0020010140086373,0.00198325915590662,0.00101989469877992,0.00108275645531317,0.000937946077755066
"2022-11-17",0.000526018065249605,0.000571843958414091,0.000318251748514279,0.00032265545364943,0.000182675355571522
"2022-11-18",0.000334474018859904,0.000331853210391591,4.38003904357224e-05,2.11455509246902e-06,5.29811021572055e-08
"2022-11-21",0.0016739624164038,0.00172941788196792,0.00162018235534175,0.00127581035597237,0.00101482595010254
"2022-11-22",0.00236222748481755,0.00232739654683932,0.00188491604105937,0.00152130964520827,0.00126916372572471
"2022-11-23",5.72441408939716e-05,5.79105672283089e-05,1.14418325676759e-05,6.72836236743168e-05,0.000149651271665583
"2022-11-25",0.00493804248872228,0.00493202047941894,0.00408207464561632,0.00413265683730264,0.003547062424206
"2022-11-28",0.000485354128854284,0.000398126295681862,0.000747203176689544,0.00134176195847023,0.00173907129765604
"2022-11-29",0.00230506303117436,0.00219618744245304,0.00261203903150849,0.00293500040513452,0.00324401070678798
"2022-11-30",0.00475805158738547,0.00463046446973436,0.0060997383096283,0.00712374087853858,0.00740750159112299
"2022-12-01",0.00122802657793379,0.00133767089458732,0.00199236249069262,0.00190490352468271,0.00186677316779317
"2022-12-02",0.00104923691236658,0.00123004467662413,0.0025620376045291,0.00281159575880562,0.00286655850453532
"2022-12-06",1.5335325223156e-05,3.41041337743238e-05,3.59208093361354e-05,2.39007601314937e-05,9.04638631022438e-05
"2022-12-07",0.000753884963547251,0.000699566023961745,0.000750073785473397,0.000500135416925567,0.000475666646172226
"2022-12-08",0.000885395344641942,0.000968500691070128,0.000617540740134725,0.000356992629142794,0.000397144565894377
"2022-12-09",0.00193751145239004,0.00181403226010462,0.00211771734364336,0.00276043385303218,0.00255535981374965
"2022-12-12",0.00166261397017288,0.00162605741717574,0.00182481704311718,0.0013946329722225,0.00149238245960594
"2022-12-13",0.0155891378429856,0.015775339454031,0.0111971713521127,0.0124300478564864,0.012114205629914
"2022-12-14",0.0162346018101957,0.0159627910052339,0.0151685752277572,0.0151741708157166,0.0143535078304616
"2022-12-15",0.0105826791134865,0.010836985814698,0.00977525466549181,0.009782226498067,0.0093017571785541
"2022-12-16",0.000326011390916542,0.000285469860400823,0.00039801865937929,0.000212836525867718,0.000265007880426397
"2022-12-19",0.00376989304565085,0.00398768476764567,0.00372415649481234,0.00329514728891011,0.00305751850454462
"2022-12-20",0.000563757542983353,0.000507341192494464,0.000307075860189042,0.00047942257160277,0.000278414376495285
"2022-12-21",0.00193063401296167,0.00194364466145906,0.00205776274992407,0.001652341189475,0.00171066393281839
"2022-12-22",0.00027696915343202,0.000287619367358922,0.000188620318959766,0.000375277112024621,0.000252653848784215
"2022-12-23",0.00205009970289643,0.00192103400648807,0.00164180910871486,0.0018358353399989,0.00164385509134189
"2022-12-27",0.00234064830372326,0.00234893234071219,0.00223418541550746,0.00190440845150998,0.00215648177030239
"2022-12-29",0.000130563924820806,0.00013490290043518,0.000258327540835312,0.00017924959315636,0.000347449443991957
"2022-12-30",6.07006422029981e-08,9.88962120291184e-08,4.06837784425044e-07,1.50404846129986e-05,6.16569047135076e-06
"2023-01-03",0.00356174350567564,0.00345340144959792,0.00310961449755364,0.00341788736018424,0.00302800773377044
"2023-01-04",0.00614305906588453,0.00588609567120269,0.0049060380880719,0.00485113477158682,0.00393997105292108
"2023-01-05",0.000731827914228208,0.00103786785272666,0.00116869167208668,0.000510732127081205,0.000608919459934586
"2023-01-06",0.00120235798348688,0.00103030186109285,0.000473298703768749,0.00025843903035479,0.00017343891997814
"2023-01-09",0.00328457226714971,0.0036223513623275,0.0039885370846598,0.00415677198105203,0.00510507076103601
"2023-01-10",3.37767928610956e-05,6.810078335748e-06,3.31915231376037e-05,5.37554900171035e-05,0.000214861882485272
"2023-01-11",0.00264708127206255,0.00295250166174274,0.003023222560715,0.00284795217391681,0.00386365041771262
"2023-01-12",0.00722846264771023,0.00695281848672844,0.00710894138109506,0.00803662387305273,0.00633612552574754
"2023-01-17",0.0031800905677649,0.00340865005787859,0.00255554113314951,0.00267757614549355,0.00330322484469606
"2023-01-18",4.01424712212096e-05,1.82614206638932e-05,5.8293926979859e-05,0.000115771955402594,1.67455940419151e-05
"2023-01-19",7.9375534479175e-05,0.000125840908203373,0.000110237245524611,5.58640144568685e-05,0.000244643800299648
"2023-01-20",0.000454072023170008,0.000538681979822365,0.000626223937054599,0.00127961752321413,0.00192679736383158
"2023-01-23",9.64513608592849e-05,6.17920776804637e-05,1.12382493661592e-05,2.97071924877307e-05,2.87374302757472e-06
"2023-01-24",0.000810005346322878,0.000883336109166558,0.000687540733684283,0.000427311133748129,0.00050799583700954
"2023-01-25",0.000694646313663202,0.000508496406953935,0.00063393461211752,0.000870593837907299,0.000645899945772749
"2023-01-26",0.00124312986489774,0.00142132531000355,0.00118357112937939,0.000849864649898214,0.00246706823308373
"2023-01-27",0.000486719992824916,0.000623318078437611,0.000547514628859388,0.000550910147032689,0.00107704182015959
"2023-01-30",3.9802750631484e-05,1.47850470447956e-05,1.34928952706135e-05,0.000342941037241048,0.000445748798676337
"2023-01-31",4.77098998853458e-05,9.95739704688554e-05,2.53398742450688e-05,0.000101964210669281,0.000229166735817794
"2023-02-01",0.0166683238092953,0.0161234236322615,0.0162195437623384,0.0184424530534222,0.0185563325262574
"2023-02-02",0.000692406156582324,0.000830881862832488,0.00125208228405708,0.000838261235448719,0.0010010793927756
"2023-02-03",0.0303424656724847,0.0275419318934745,0.0253867758078413,0.0311250041207028,0.0323511974542673
"2023-02-06",0.00908862568366839,0.00888848339898039,0.00445804376685263,0.00352621207473813,0.00306184157750133
"2023-02-07",0.00253993167728533,0.00293403094710729,0.00576979989041368,0.00594397741961776,0.00599587364044257
"2023-02-08",0.00414909011312926,0.00412306105875498,0.00214769921858447,0.00195648789397935,0.00202393773603956
"2023-02-09",0.000352415656905663,0.000462096991295523,0.000201103284886721,0.000184413502718316,0.000180411891039298
"2023-02-10",0.000241502622277426,0.000231328274198003,0.00057079206812123,0.00046341414372786,0.000505205704286971
"2023-02-13",0.00312715275079737,0.0029899272490005,0.00382204082127687,0.00360643105342664,0.00420565271645893
"2023-02-14",0.00315182958592993,0.00297292808155583,0.00345234787947985,0.00369900077099907,0.00308687157729162
"2023-02-15",6.56443582980148e-07,1.98101170759831e-05,1.00168452546285e-06,9.71517718305271e-06,9.39270867582075e-05
"2023-02-16",0.000388987382150568,0.00030443213032187,7.14647650747668e-05,3.6762576087744e-05,0.000131434064188911
"2023-02-17",0.00124114442426839,0.00128077623687527,0.00103017482362184,0.000976498353405265,0.00129243702740196
"2023-02-21",0.00112724654227812,0.00123843252173068,0.0018652204162549,0.0017491933695095,0.00222781746247363
"2023-02-22",0.000765934397593456,0.000456602928601264,0.000495908534078897,0.000638608935523341,0.000437171433140157
"2023-02-23",0.00171809971467875,0.00161023447908461,0.00131846097920249,0.00129903648043559,0.00157657734796806
"2023-02-24",0.000136887978892024,0.00013793496901565,4.07137283808783e-05,4.82945668546039e-05,0.000141012587136757
"2023-02-27",0.00117804515770269,0.00145217691613623,0.000990191955236077,0.000996052993866926,0.00183734239631825
"2023-02-28",0.00103232890118459,0.000967674684375082,0.000661116343218159,0.000661794107883086,0.00109557242068306
"2023-03-01",8.08638254573801e-06,7.12355718477256e-07,4.54891492852169e-05,6.61994695626151e-05,3.11582989939794e-06
"2023-03-02",0.000281905399818075,0.000544939388222224,0.000432116546040438,0.000398008077770071,0.000664932878438435
"2023-03-03",1.05816918843122e-06,1.69523062167178e-05,8.12619367417148e-07,3.19132872111242e-06,1.85963937316624e-05
"2023-03-06",6.14816047092148e-05,9.14300216311734e-05,0.000117478038594718,0.000136477107205635,4.79718731414845e-05
"2023-03-07",0.000297796951151891,0.000551337410556,0.000742996990529171,0.000775219228554416,0.000511119013015617
"2023-03-08",3.66167829382461e-05,4.67840533506022e-05,2.75409462036158e-05,2.72607427289681e-05,6.02929488478687e-05
"2023-03-09",5.13677074533195e-07,1.10046297646239e-05,2.43276879872065e-06,7.4601732942041e-06,2.89779805798633e-06
"2023-03-10",0.00626919325563569,0.00644708003877401,0.00789034501574373,0.00699932017899734,0.00680411347556774
"2023-03-13",0.000271434148907302,0.000190772090658884,0.000141700458093143,5.39185189957286e-06,1.10635749072033e-06
"2023-03-14",1.86900392842311e-06,7.16233940711738e-06,9.08890883543685e-05,8.76534361054911e-05,0.000155433233510898
"2023-03-15",0.00406429927970089,0.00316801889499784,0.00290595347688671,0.00235934777273195,0.00224889500642251
"2023-03-16",0.00123155928476843,0.00169029545569845,0.00193288093537747,0.00252138575691424,0.00269544860810141
"2023-03-17",1.0440604328773e-05,1.33527299853403e-05,1.71124127298546e-05,3.16370603321089e-05,5.1009664162259e-05
"2023-03-20",0.00121595878761482,0.00144503435735895,0.00151500112813787,0.00144373912773434,0.00151642702779594
"2023-03-21",0.00323288960463038,0.00345018362848638,0.00297172046815562,0.0028235960491622,0.00281765540498658
"2023-03-22",0.00417879800103042,0.00442372202426928,0.00474659325957726,0.00507686686383497,0.00511281196359099
"2023-03-23",1.84822306781433e-05,1.73135433379158e-05,7.72142223710121e-05,0.000106750403791865,0.000101776363401746
"2023-03-24",0.000140495020343805,0.000166900530949712,0.000127236374638466,9.36456885262739e-05,9.88940100355366e-05
"2023-03-27",0.00295130584778454,0.00336273528067701,0.00315804993857773,0.00306172337369677,0.00306068089744205
"2023-03-28",0.00222841444974316,0.00212061810992669,0.00216494158896531,0.00225778590138839,0.00224224978105025
"2023-03-29",0.00281902638084006,0.00250597517077052,0.00189081494397207,0.00185614703771713,0.00194617881762047
"2023-03-30",0.00165277292051927,0.00141412466962733,0.00112955141752212,0.00105758726109489,0.0010909150365732
"2023-03-31",0.000946516518487907,0.000860397696222385,0.00069953610274397,0.000585851961316284,0.000740229148685585
"2023-04-03",0.000108757343283492,0.000117808758087643,5.42337152837056e-05,1.03116309310934e-05,3.62115986754645e-05
"2023-04-04",0.000143028088776142,0.000209122442392177,9.6550266935706e-05,2.19940720809844e-05,9.03137364692092e-05
"2023-04-05",2.99454134007382e-06,1.28442960891753e-05,2.43003825800004e-05,4.14383932378805e-06,5.62066214087255e-05
"2023-04-06",0.000306921835117719,0.000332669430736994,0.000476643757534702,0.000371806175455646,0.000583196340815854
"2023-04-10",5.1931627490701e-07,2.71806257405454e-08,5.46633506840171e-06,5.73174509699912e-05,3.50773375908009e-06
"2023-04-11",0.00124241802799684,0.00112768378719133,0.0012333809216761,0.000902035649758074,0.00116406855085184
"2023-04-12",0.000527698507846216,0.000601221283435733,0.0010935988388948,0.00138832679248339,0.0010264081344198
"2023-04-13",0.000715798907605495,0.00080248823479782,0.00057822941438847,0.000417421219206837,0.00051766217001548
"2023-04-14",2.07711186137175e-05,2.83862617234122e-05,0.000102698621149237,0.000163334364213657,0.000142816940055694
"2023-04-17",0.000783804400409868,0.000720126031844488,0.000618096299612146,0.000619959978923291,0.000794612708144389
"2023-04-18",0.000191779250118381,0.000119483748953786,5.4804059988206e-05,3.4623915243754e-05,0.000105559121613648
"2023-04-19",0.000788810078290801,0.000798717535418324,0.000703988092686433,0.000550436075408549,0.000863869038001883
"2023-04-20",4.9167960298996e-05,2.28011240709124e-05,1.42216912963898e-06,3.05927701891122e-07,4.07954623546298e-05
"2023-04-21",1.28811187808166e-06,1.53878650971259e-07,3.60090422532588e-05,7.38447691925066e-05,0.000221263098955512
"2023-04-24",0.000806394078371936,0.0007630623182024,0.000484592712732366,0.000518512970156059,0.000551815370514247
"2023-04-25",5.40806488337178e-06,1.25444422508733e-05,6.32266294706806e-05,0.000113297696591999,0.000135885256658445
"2023-04-26",0.000239190729595022,0.000191178803641308,0.000279823382008056,0.00047386397503319,0.000678303072665215
"2023-04-27",0.000770366462075255,0.000975192472612579,0.000743410763371233,0.000489435751778295,0.000508120160020679
"2023-04-28",1.26375499730437e-05,0.000400199125614148,0.000413446426771917,0.000185788710216751,0.000298366908196883
"2023-05-01",0.000270537381521188,0.000488666901850909,0.00114206347923817,0.00104001312834973,0.0013048078193494
"2023-05-02",9.48091243135014e-05,8.8592969935522e-05,9.50040880031644e-05,0.000101173608850387,0.000199157184382047
"2023-05-03",0.00608488699034166,0.0047637001893986,0.00576614281414494,0.00557728811827542,0.00491172295591206
"2023-05-04",1.99714325882301e-05,5.11418805084733e-06,0.000171689420123559,0.000194928963186658,0.00015521227484624
"2023-05-05",1.34947568825817e-05,8.90550385599204e-08,4.14549094240519e-05,2.71852582076714e-05,5.43714886609056e-05
"2023-05-08",0.00118397681143082,0.000851385506306497,0.00066383313680977,0.000581925295491002,0.000431916145470696
"2023-05-09",0.00275861683545297,0.00237216085400904,0.00229984231402993,0.00211661838656292,0.00185227385941016
"2023-05-10",7.29551268565686e-05,3.06920230013581e-05,1.28355858218737e-05,3.7827196893787e-06,4.11962030200257e-06
"2023-05-11",0.000658057188515896,0.000712657912694091,0.000566933577815856,0.000628576152695368,0.00068929303117651
"2023-05-12",0.000443662589192042,0.000377646492186224,0.000312201744402773,0.000366575505224022,0.000397587972420477
"2023-05-15",0.000637785250524206,0.000463172216234342,0.000309727504155664,0.000272711045204005,0.000352539920960256
"2023-05-16",0.000303888856889247,0.000201121645233797,0.00010846746155211,6.48545463543127e-05,9.36070961811911e-05
"2023-05-17",0.000282621978995704,0.000322250168816279,1.9795845145188e-05,6.10885444541829e-06,1.78703086034401e-05
"2023-05-18",0.000180995653408496,8.58606459235817e-05,0.000226897606017926,0.000177129273716282,0.000157721175683831
"2023-05-19",4.71800915988752e-06,1.66249062264662e-08,2.88536585092362e-06,1.31286929232358e-05,1.09019658057292e-05
"2023-05-22",0.000266656542018911,0.000277693116381839,0.000167966545722099,0.000136375281256035,0.000127115326539674
"2023-05-23",0.000153384767765052,8.36257784558423e-05,0.000103981175863745,7.89368927549732e-05,6.06632327395101e-05
"2023-05-24",6.24238420753757e-05,0.000118427462122797,0.000151763081640979,0.000128293385746435,0.000142827435563759
"2023-05-25",2.34358597775482e-05,5.56833720008247e-05,6.54426136190018e-05,5.61853906670605e-05,0.000102160457798901
"2023-05-26",0.000719942223627877,0.00078012491848408,0.00099158995406556,0.00105304332148806,0.000938106649812731
"2023-05-30",0.000184743441348341,0.000327918862089691,0.000176371746189904,6.43135025820237e-05,9.10715060619233e-05
"2023-05-31",0.000463986380060543,0.000338540489154797,0.000122665320446073,0.000115351792330359,0.000133675646399541
"2023-06-01",0.000526678861319014,0.000456235693014553,0.000506834816486117,0.000514232307519233,0.000467563912553497
"2023-06-02",0.000287835926068079,0.000200713729025439,0.00149292399255755,0.00158717105202872,0.00157878005223279
"2023-06-05",0.0149752297478175,0.0141911762786091,0.0130150552237282,0.0126274362320719,0.012781363505444
"2023-06-06",0.00245331351451735,0.000845329737769697,0.000559243994304877,0.000625045491553289,0.000546653155422862
"2023-06-07",3.49206551059792e-05,1.216579509852e-06,2.30285279979985e-05,1.0353919222288e-05,1.08428929706783e-06
"2023-06-08",0.00113953518697633,0.0010654919194396,0.000834476268519584,0.000921481115659077,0.00129521376535096
"2023-06-09",0.000387702506267532,0.0002462581650149,0.000339001296685905,0.000378849960986766,0.000615347220161037
"2023-06-12",0.00233207062227079,0.00192660320632001,0.0020145193285272,0.00191854210644139,0.00247184709810596
"2023-06-13",3.90924425319887e-05,3.715798495546e-05,9.01877216873023e-08,1.88597567107544e-06,0.000110126745531034
"2023-06-14",0.000330669236226367,0.000539173600506602,0.000325091873772851,0.000236402345552398,0.000149907635648111
"2023-06-15",0.000987094566958754,0.00148327721259939,0.00166130215923532,0.0018527670750514,0.00205535229923508
"2023-06-16",8.06740772910437e-05,3.10265854065522e-05,6.20011305332919e-05,0.000220861717101609,0.000214164607547828
"2023-06-22",0.000619461961264651,0.00104836841208574,0.00207267178314249,0.00234456812953006,0.00237988145758594
"2023-06-23",0.000262090450534118,0.000208018228172951,0.000220495073158661,0.000308807334300085,0.000313837762087497
"2023-06-26",0.000279474981517217,0.000179492840102826,0.000393407293821057,0.000475494191540015,0.000500384468713964
"2023-06-27",0.00058636649866767,0.00033187444458458,0.00080346579615121,0.00094202458191875,0.00101435551352527
"2023-06-28",1.97878328504352e-06,4.80303354455936e-06,4.06376675876391e-05,7.0533487913381e-05,9.7767282298375e-05
"2023-06-29",0.000206851379624173,0.000108961473898078,0.000168403031093225,0.000219344068630095,0.000251017208905907
"2023-06-30",0.000194844098971747,0.000174099781404974,0.000345042984609806,0.00038830686351141,0.000344029688918174
"2023-07-03",0.00135999972574451,0.00116373861645392,0.00124965167955151,0.00139425264227585,0.0012601778783648
"2023-07-05",2.06298052236341e-05,6.98880766578592e-05,0.000187942784500505,0.00020180956376059,0.000149579867901813
"2023-07-06",0.00018375987106297,0.000226838872867265,0.000549624894185763,0.000658016049847758,0.000598186721411756
"2023-07-07",8.48976256355049e-05,0.000237026856442129,0.000500738708665421,0.000784586970377283,0.000676797730354146
"2023-07-10",0.000228256797281408,0.000229741964158056,0.000162425096984512,6.37171645326806e-05,8.5364267313633e-05
"2023-07-11",0.000419713536278494,0.0010792855613994,0.00128355056040369,0.00122143360948467,0.00107644601574848
"2023-07-12",0.000148383623827363,0.000162014719159314,0.000129383071649721,5.03595648090451e-05,7.55388212755132e-05
"2023-07-13",0.00178004379935109,0.00147090354901677,0.00154396134953867,0.00176500936157303,0.00156017358932466
"2023-07-14",0.000353493630547947,0.000223271328955198,0.000258525227354928,0.000314443518893268,0.000265944496963425
"2023-07-17",0.000123849116743633,7.29975638683803e-05,0.000156120640949748,0.000269249939218844,0.000219941047952886
"2023-07-18",0.000316646709712971,9.33875530867875e-05,0.00032783460314136,0.000492231465207626,0.000462401006193434
"2023-07-19",0.0166828758948929,0.0158789344640286,0.014169995190446,0.0137301984801332,0.014077729951862
"2023-07-20",0.000773720566303521,5.92502325437464e-05,6.43306625834276e-06,1.07338938638626e-06,2.52374678472047e-05
"2023-07-21",8.9661587450609e-05,1.10348268517675e-05,0.000153825975980777,0.000385529118474343,0.000188624255382264
"2023-07-24",0.000896763247785532,0.000777574102563778,0.00102639177174285,0.00205919984713426,0.00129974647412007
"2023-07-25",0.00290970935330019,0.00209120933968218,0.00230741314896788,0.00295118929033631,0.00202270840927906
"2023-07-26",0.000416997553283328,0.000534949550326844,0.000610757572139215,0.000518881615810996,0.000869235929691983
"2023-07-27",2.4856697923891e-06,2.41057865167983e-05,1.73972602148383e-05,1.29046629620113e-05,2.94249888239555e-05
"2023-07-28",0.000786702205275832,0.00397763835853341,0.00380221756029367,0.00292507911214273,0.00325460461842913
"2023-07-31",0.00147657728589071,0.00161241205496493,0.00161540672385002,0.00165146748774794,0.00208634831506185
"2023-08-01",0.000182408601937734,9.17048215754084e-05,0.000175809026513306,0.000262817685890129,0.000535082340821988
"2023-08-02",1.05566578673549e-07,1.24871829922179e-06,1.58847632855535e-06,3.9717799172132e-06,7.94685568056858e-05
"2023-08-03",3.5199430654861e-05,7.85289732010329e-05,4.08398727565074e-05,1.33055628059725e-05,1.39123896748724e-06
"2023-08-04",0.0171441625281121,0.01977050214583,0.0182322071675139,0.0183251246887236,0.0172853701605807
"2023-08-07",2.91594571586711e-05,0.000866918962240018,5.68839717541981e-06,3.30069838412819e-05,1.54391699580655e-05
"2023-08-08",0.00235713239992747,0.00090057279552163,0.00145190836151854,0.00142199205242163,0.00176466977267483
"2023-08-09",0.000144343698593528,7.36747310759421e-08,0.000468740776428411,0.00066457039718012,0.000998018137637146
"2023-08-10",4.60131957749564e-05,0.000230602471769432,0.000207459467254594,0.000138111981383694,4.31351119944932e-05
"2023-08-11",0.00137097104426042,0.000779563430142235,0.000485526481178116,0.000785051214666588,0.000998618751770503
"2023-08-14",0.00100813034361896,0.00058867357579319,0.000379381696949366,0.000479419237848304,0.000685264531022525
"2023-08-15",0.000851376632524135,0.000618038084277957,0.000474451997516871,0.000533424069225886,0.000671967010389902
"2023-08-17",0.000475321472143996,0.000568144207083368,0.000312128389429036,0.000166893789810601,0.000148370444569506
"2023-08-18",0.000207189014976721,0.000640843687655282,0.000622160520133368,0.000533243736014315,0.000501285596188882
"2023-08-21",0.00171958981821602,0.00104293006870802,0.00111538729910971,0.00117176103192582,0.0012863492320049
"2023-08-22",0.000127686321846812,2.572254139077e-05,3.41466008681472e-05,4.52686425018844e-05,7.71635019226517e-05
"2023-08-23",0.000304570239791785,0.000168752829990331,0.000177280982815034,0.000262334474914406,0.000366889249151183
"2023-08-24",1.11733972386401e-05,0.00012447348952499,9.0894725618572e-05,5.68330852389719e-05,1.43010192944712e-05
"2023-08-25",0.0020586116815228,0.00221605778667794,0.00230659468206252,0.00203602089745873,0.0013642903424346
"2023-08-28",0.00106740159086259,0.000865703566509839,0.000669310397152914,0.000908623433575066,0.0025378293106458
"2023-08-29",0.000398482905226051,0.000404413071133678,0.000262376079036496,0.000324465685446951,0.00122245993353701
"2023-08-30",5.42823386296429e-05,6.69853130616074e-05,9.70530770917959e-05,0.000108883382573286,0.000758126555662617
"2023-08-31",0.000150196896070107,0.000193412133159409,0.000135203498521287,0.000158180223130748,0.000852147432258467
"2023-09-01",0.000548032913569233,0.000646549520509559,0.000437051791468516,0.000522856003475843,0.00145118553163446
"2023-09-05",3.36822933067104e-05,7.59833313535125e-05,7.38884621853995e-05,0.000106713936121903,0.000278071179051234
"2023-09-06",0.000767240051585546,0.000441599870781614,0.000473502305920333,0.000266527083351294,0.000141998629139907
"2023-09-07",0.0069987938334946,0.00709695837769037,0.00549336149716704,0.00538793239458585,0.00483667017913334
"2023-09-08",0.00242149072869508,0.00148429640022409,0.00111070334970664,0.000918255025141269,0.00171227481218263
"2023-09-11",0.000502532909118194,0.000438161765759528,0.000268660288788088,0.0002690362364356,0.00065622007174691
"2023-09-12",0.00507339135765221,0.00569080024369943,0.00632134332694785,0.0064421034207042,0.00478734002363083
"2023-09-13",6.66221875479763e-05,2.27343143635904e-05,4.89249676336779e-05,0.000138287914619067,1.01152929123872e-06
"2023-09-14",0.00105622130974691,0.00128455821700643,0.000630164292401292,0.00053926683884632,0.00106949397221385
"2023-09-15",3.43094397986953e-05,5.97673672459956e-05,6.05269476397907e-05,7.71152024744888e-05,0.000169184539737303
"2023-09-18",4.91823367662361e-05,0.000147958932473359,0.000287364374125906,0.000305117810667875,0.000402730104356629
"2023-09-19",0.000695831837228748,0.0006411272362251,0.000369272487632897,0.000444355614751211,0.000428388946164098
"2023-09-20",0.000605822642476692,0.000553659258657806,0.000931844824471245,0.000850866338945967,0.000819384493595078
"2023-09-21",0.000314439723224751,0.000358081640242475,0.00027043825072648,0.00024668770750955,0.00032224524806706
"2023-09-22",8.32637650120126e-05,0.000237409819080357,0.000245568809576604,0.000280868514544227,0.00038971615171693
"2023-09-26",0.000239477182896835,0.000388954403998693,0.000215128443443001,0.000294017687836249,0.00040517362715895
"2023-09-27",0.000224397278481557,3.91553869299573e-05,0.000223722734161972,0.000238997537485154,0.000151363653026276
"2023-09-28",0.00126097938753846,0.000927380103409681,0.000772903766978745,0.000633143732433256,0.000431063120018871
"2023-09-29",0.00028467391354665,0.000405389182316661,0.00029322358813292,0.000360196571090377,0.000491203961090923
"2023-10-02",8.05680268099053e-05,1.69014078823082e-06,6.5495865716023e-06,2.19407987092047e-07,5.82345450586117e-06
"2023-10-03",0.000112339909290147,0.000402464148902726,0.000340027628418527,0.000377783308061529,0.000453416602443982
"2023-10-04",9.35131274860307e-06,0.00016145959569701,0.00024082724624593,0.000318217384779788,0.00054157370757847
"2023-10-05",0.00146970824723613,0.00208257243829705,0.00202026057757332,0.00224285935525244,0.00283784037820667
"2023-10-06",6.54614477913751e-05,1.66558861567521e-05,4.53778418359169e-05,6.75606479384597e-05,0.000237645775569361
"2023-10-09",0.00223112840821506,0.00449044853800484,0.00440914525893402,0.00448230474833887,0.00558932606822699
"2023-10-10",0.000425030351584445,0.00128174588217931,0.00135265799158122,0.00140965529780843,0.00211472794140277
"2023-10-11",0.000822571796145453,0.0022595104224224,0.00183816550243277,0.00177809693311153,0.00231561245970652
"2023-10-12",3.25705827591153e-07,7.20526820610991e-05,0.000685587025622784,0.000727928175860685,0.00108054015675523
"2023-10-13",2.95315053057718e-05,9.95786044115981e-06,7.44603191765438e-05,0.000130056367272986,0.000273012726921835
"2023-10-16",3.60919419659046e-05,4.98547450316561e-06,0.0013192055456912,0.00151903422130249,0.00218175139767712
"2023-10-17",0.000227316072764762,0.000300751058945979,0.000413839405377927,0.000371481132574818,0.000171085090983243
"2023-10-18",2.87458394074271e-07,2.58135546383212e-06,1.38274169713168e-06,3.44066324797691e-06,5.88915600757284e-05
"2023-10-19",0.00152246191101966,0.00104195817270315,0.00109097495718902,0.000957711326218018,0.000653302126475539
"2023-10-20",0.000353802317976306,0.000791053700140981,0.00095705776628603,0.00233886867879256,0.00253904664774381
"2023-10-23",8.72680235951332e-05,1.4655746767927e-05,9.98545196606396e-06,0.000249513731863026,0.000154913254866128
"2023-10-24",0.000349204795849829,0.000354402091777243,0.0004477560066892,0.00052958152019402,0.000338527856680022
"2023-10-25",3.25321914479919e-05,2.18235613055413e-06,2.64258199733422e-07,4.36590934977146e-07,3.40985026106091e-05
"2023-10-26",0.000851770234707928,0.000960959889190559,0.00109514043106444,0.00132713495307239,0.00129715590202484
"2023-10-27",0.000154547895594251,0.000936165289365946,0.000813294089144558,0.000489924172104249,0.000417261168102249
"2023-10-30",0.000509956989858932,0.000617426833380451,0.000759720848710251,0.000601526233742498,0.000481593478932428
"2023-10-31",0.000904801835952536,0.000967182780704468,0.00144762499849834,0.00115564414505585,0.000969865902188567
"2023-11-01",6.00834953198221e-05,9.25147162065204e-05,0.00118223015578063,0.000954487937321563,0.000863400038323083
"2023-11-02",0.000977253892462844,0.000949565984358348,0.00110652885627991,0.00108636975508341,0.000778710983724223
"2023-11-03",0.00155615980480351,0.001941461953164,0.0017318065929286,0.00176526021031935,0.00216175894627816
"2023-11-06",0.00144977107058095,0.000514682223610286,0.000507812459285738,0.00043591963430828,0.000233809642992023
"2023-11-07",0.000736519071383706,0.000419854134826403,0.000272902596047661,0.00012882518114067,4.59299684019273e-05
"2023-11-08",0.0010616070941766,0.000412127047098534,0.000471572474917928,0.000337753995872265,0.000161513122733862
"2023-11-09",9.57003115818777e-05,4.91856594905625e-07,2.58806210536434e-05,1.16011813213825e-05,3.89561396527518e-06
"2023-11-10",0.00199332659394825,0.00177631239592579,0.0026212455648581,0.00240735997839913,0.00200391268829968
"2023-11-13",0.0014800047523188,0.00128367661203673,0.00159276221702248,0.00155564261397552,0.00142218511477618
"2023-11-14",0.000109578657541943,0.00018045288007318,0.000310831483596378,0.000255023159539128,0.000389840314186302
"2023-11-15",0.0003276564733421,0.000164984269039134,0.000212018449902122,0.000199445795110128,0.000285668247649435
"2023-11-16",1.31368036433793e-05,1.5240989440308e-05,4.14229803419426e-07,4.5529516777691e-08,6.70942732473508e-06
"2023-11-17",0.000601355549332447,0.00039613597460948,0.000731619706471963,0.000551331176756053,0.000675990220591146
"2023-11-20",0.000433008456692262,0.000238581799389997,0.000279405621373275,0.000240723870806624,0.000265554071533465
"2023-11-21",0.000404249819432599,0.000107646658572252,0.000336622154927277,0.000298450172006014,0.000399754747668876
"2023-11-22",0.000170459478703711,1.02466276264642e-05,7.20627350859944e-05,5.38988997062819e-05,8.44704815799939e-05
"2023-11-24",0.00233838282491039,0.00284728479342441,0.00274953470454306,0.00233576293558071,0.00262687572006
"2023-11-27",1.71617902424589e-07,9.98223329375011e-05,0.000263407142247045,0.000287488213294041,0.000245636987008749
"2023-11-28",0.000373782025101807,0.000143369343816796,8.69476763972126e-05,3.08021042278923e-05,4.91419072275372e-05
"2023-11-29",0.00016910364362181,0.000157800312676167,0.000193048889669893,0.000151433521656233,0.000187317864096854
"2023-11-30",1.1882624562561e-05,2.30924569435342e-05,0.000101645314362933,5.819596846214e-05,6.58093002429145e-05
"2023-12-01",2.32078049702308e-05,1.18227836792513e-05,5.21836128881196e-06,7.75379768552226e-06,2.06965865081286e-06
"2023-12-04",0.000240675718822302,0.000352244047778617,0.000315188522413025,0.000254107427930793,0.000325581647429709
"2023-12-05",0.00206209387271065,0.00208877797577565,0.00204066252525434,0.00207746349604124,0.0018235574082029
"2023-12-06",0.000766839460236121,0.00057862382790239,0.000312518137954787,0.000669631468075268,0.000663634262736386
"2023-12-07",0.00027305031586205,9.310907099793e-05,0.000117746913778906,0.000195236538463397,0.000181133580950294
"2023-12-08",1.00345543758572e-05,9.4763123193625e-06,6.9608113065318e-07,1.26180937209721e-05,9.96293539401979e-08
"2023-12-11",0.000222365195201629,1.19158334183186e-05,2.9347214678758e-07,4.16939667635426e-05,3.53433552181371e-05
"2023-12-12",0.00127975636818204,0.00118257628213363,0.00139603142038281,0.00103827570437089,0.00104552148471778
"2023-12-13",0.000142952951290917,0.000240209476747533,0.000204455740285792,0.000235959088131694,0.000185403567134112
"2023-12-14",6.00983139463087e-05,0.000197077056806965,0.000253449598274833,0.000216141467213235,0.00016064369765666
"2023-12-18",0.000563896111722381,0.000569961559859581,0.000702107035439917,0.00079516739237437,0.000789057811685568
"2023-12-19",0.00111408877417024,0.000722640138780468,0.000914799491557213,0.00095616588572061,0.00104055605060812
"2023-12-20",7.17656259236721e-05,8.20148043580282e-05,0.000114842456205774,0.000130598309335458,9.43046964818525e-05
"2023-12-21",1.89010255032524e-05,2.07748207253895e-06,8.07805083166927e-06,1.37303670737953e-05,2.67121021334543e-05
"2023-12-22",0.00123089207331257,0.0010497755512891,0.00104269125091208,0.00117778801769992,0.00134291597186109
"2023-12-26",0.00182008339070744,0.0017346364247762,0.00211909149883542,0.00208525737440519,0.00227663116820533
"2023-12-27",1.41495953332699e-05,4.9387377356838e-07,7.95570251048058e-06,8.49174423042845e-06,2.33965487654882e-06
"2023-12-28",0.000791811273358513,0.000703683256643154,0.00062998339467641,0.000631259703189975,0.00066934487688222
"2023-12-29",1.91927340909172e-05,0.000115786627041348,0.000228792996147075,0.000197594509258651,0.000164922152649283
"2024-01-02",0.00410957425480691,0.0049446691152216,0.00599313207103193,0.00591137537343943,0.0058912217598695
"2024-01-03",6.78510285980037e-05,0.000244596254068442,9.82261369606738e-05,0.000133722282469641,0.000129782284116221
"2024-01-04",2.90546597999563e-05,1.04199484865185e-05,2.06039548061786e-05,1.33592360418192e-05,2.80589666288097e-05
"2024-01-05",0.000966594188360679,0.00110577133895916,0.000955356048170835,0.000953523206967267,0.000848272905582484
"2024-01-08",0.00113823062812234,0.000987908754280394,0.000866314815693646,0.000748025127206671,0.00079837408569531
"2024-01-09",0.000523730372510261,0.000478444462199763,0.000625335076858413,0.000720484933862635,0.00121848880176731
"2024-01-10",0.000333472758168597,0.000555625523733688,0.000741098557135984,0.000682870054712516,0.00115939687010001
"2024-01-11",0.000278594684917343,0.0003758487936933,0.000242004912790814,0.000189657911766711,3.30516529128773e-05
"2024-01-12",0.000549096960346706,0.00045308063371394,0.000599784597735553,0.000616093125107773,0.00110820062835735
"2024-01-16",0.00102358017493068,0.000724532564569768,0.000813554279664303,0.000691110362955397,0.000299337077392531
"2024-01-17",2.48035551671974e-05,8.40124163351311e-05,0.000100784298716308,9.59984952732327e-05,0.000314052579562422
"2024-01-18",0.000122645840968384,0.0001154868930248,0.000165911522996928,0.000163757624825605,3.36485667036515e-05
"2024-01-19",0.000269594452431952,0.00025129636855273,0.000311840585913176,0.000289056472499734,0.000553485346964868
"2024-01-22",5.45991744365497e-08,5.00743298906241e-07,6.91801834923698e-06,2.78704034829366e-05,0.000139374447785741
"2024-01-23",0.00047158754681528,0.000475386025043086,0.000690611921998376,0.000596295509156865,0.000986217027662402
"2024-01-24",0.000102796031456249,0.000106827878264392,1.67764024493037e-05,1.14351728833331e-05,8.51409678017376e-05
"2024-01-25",8.66325087569287e-05,2.32061877600331e-05,9.69436323433128e-06,1.32493708690911e-05,9.62442979416647e-06
"2024-01-26",0.000509701306521355,0.000754146296043472,0.000705332649273291,0.00061452383073602,0.00100413078364049
"2024-01-29",3.52636280114294e-05,2.25103321961686e-05,2.50988123081257e-05,0.000665452440416484,0.000994773458504259
"2024-01-30",0.000971502569928926,0.00130851906155401,0.00153165788428918,0.00129868736192838,0.00102595709721967
"2024-01-31",0.00259324906937945,0.00278487145621981,0.00328678327858196,0.00357520092444111,0.00315195611684847
"2024-02-01",8.7624969786436e-05,0.000147044188975919,0.00012616670076184,6.53576739671271e-05,0.000135017665870427
"2024-02-02",0.00806388285585947,0.00210079269029867,0.00279048541873124,0.00353418456907782,0.00331638245156275
"2024-02-05",0.000988580960537812,0.00105284667209108,0.000624423193102781,0.000446568643568722,0.00051761356520663
"2024-02-06",0.00290322134352242,0.00263650990831058,0.00366092961668669,0.00348761624283779,0.00367090079627185
"2024-02-07",0.000942872841684658,0.000753578971897238,0.00149668977706093,0.00149482994502676,0.00157286303042542
"2024-02-08",0.00363158457403039,0.00326337961071435,0.00792813100163631,0.00768841755066861,0.00748118801809863
"2024-02-09",0.00134027384059355,0.00130695983422353,0.00277931433535735,0.00307233029783008,0.00283307270018974
"2024-02-12",0.000193271448770068,8.99073302995212e-05,0.000342508807760396,0.000440911790039526,0.000390372525934213
"2024-02-13",0.000589014231166203,0.000452091811729441,0.000171464119124409,0.000131696084791582,0.000186904362916168
"2024-02-14",1.27260524000553e-07,6.12469881694505e-06,7.0183711629638e-05,0.000118848164719973,4.93077365826061e-05
"2024-02-15",0.000473325145770111,0.00063624291508364,0.000519144482927371,0.000396945087517853,0.000656886001315928
"2024-02-16",9.69994564017455e-05,2.11099080422682e-05,2.84418793030419e-05,5.14300633820099e-05,4.33569176244172e-06
"2024-02-20",6.03733941605028e-05,3.86331390024243e-05,4.77986058977372e-05,5.58716676333079e-05,6.21550348317591e-06
"2024-02-21",1.5227534994815e-05,2.90159591022645e-05,7.31938635936492e-05,9.5731318959792e-05,2.7570782992502e-05
"2024-02-22",0.000128627675003504,3.80800285382319e-06,9.81338444686355e-07,5.62011287220296e-06,7.28716540259541e-06
"2024-02-23",0.00100342409991951,0.000993967099212635,0.00103237128074704,0.00110770455084063,0.000802796529093404
"2024-02-26",0.000522682194725346,0.000511669358365849,0.000501206824143013,0.00054194099992811,0.000391350826601354
"2024-02-27",0.000990434882660494,0.00131340753011028,0.00154842557893767,0.0014633092029762,0.00156507909799326
"2024-02-28",0.00022381654627329,1.57078912038846e-05,0.000138782603996509,0.000151870634973259,0.00015274113614339
"2024-02-29",0.00125718908117047,0.00205611164385507,0.0021298437805895,0.00212364068359392,0.00202783847536947
"2024-03-01",3.48835675351261e-07,2.20194264778124e-06,6.15236551094773e-06,2.0217403192633e-06,9.14760204858305e-06
"2024-03-04",0.0019858342852471,0.00243063674589531,0.00213750503908827,0.00221513477502958,0.00193528625384611
"2024-03-05",0.00058502354000162,0.00118176895275157,0.00113133497795209,0.00121312484639497,0.000898194639901964
"2024-03-06",9.88190117845411e-05,0.000278514715839402,0.000303175686562609,0.000332402159675935,0.00015921231225587
"2024-03-07",0.000741795121492212,0.00107548717100989,0.000874389172936509,0.000812549457166446,0.000896176515783419
"2024-03-08",0.000593459994099752,0.000725076697450328,0.000497911880842249,0.000509607096130963,0.000420997037401261
"2024-03-11",0.000375990593952748,0.000465295576335778,0.000601743010417807,0.000637426865713655,0.00081709995142968
"2024-03-12",0.000528598896001268,0.000344458240349869,0.000292768112895924,0.000269897584910899,0.000197713153455982
"2024-03-13",0.00287948619912657,0.00440811343751871,0.00414374351518088,0.00391565690075734,0.00382675286260554
"2024-03-15",0.000500584951485035,0.000357494418384044,0.000465486204796544,0.000541471357453992,0.000446353725512541
"2024-03-18",6.9668314544289e-05,0.000158733657940723,0.000196748774959322,0.000220203254161562,0.000159113564186627
"2024-03-19",0.000899081212388378,0.000341667247628431,0.000232111640786872,0.000199502448844458,0.000292966816376937
"2024-03-20",3.5419317054068e-05,5.95449454189971e-06,6.3561719923257e-07,4.11063105813368e-06,1.30709154201588e-07
"2024-03-21",0.00372517509652578,0.00321794062245885,0.00348030914853641,0.00367911559403454,0.00330199084765679
"2024-03-22",0.00071119808009603,0.000206171495274058,0.000134112466424338,0.000105240616811185,0.000136142459040819
"2024-03-25",0.00135319326325094,0.000748249292724054,0.000718132652533901,0.000645595926708966,0.000798120079914551
"2024-03-26",0.000188913968320888,0.00025818532057988,0.00019860928928016,0.00015634033910082,0.000294737692737171
"2024-03-27",3.95299149269532e-05,1.91567445634552e-06,1.69402469353976e-05,6.4137222485732e-06,5.13907275536986e-05
"2024-03-28",1.32298679514256e-05,1.06135694351906e-05,3.78821768432089e-06,1.54619747809424e-07,8.01694662013025e-06
"2024-04-01",0.00250937096856072,0.00263043955400828,0.00238708718774996,0.00225697154319287,0.00238121236459876
"2024-04-02",7.94038253455514e-05,0.000509955863047554,0.00069445276422001,0.000582592559324085,0.000547404528117575
"2024-04-03",7.51218848640034e-06,5.98885210551468e-05,0.000125259961082236,7.64374267119619e-05,2.30082272034668e-05
"2024-04-04",1.05259543167932e-06,1.06798085299491e-05,8.09710670107997e-06,5.20476990535575e-07,2.01915263901839e-05
"2024-04-05",0.000124099361981322,0.000331083257276528,0.000323192511655543,0.000274625702283431,0.000155276628376171
"2024-04-09",9.26628977495347e-05,0.000319651108334409,0.000446802035503412,0.000395044555404944,0.000276891222549705
"2024-04-10",0.000404011597784074,0.000202890534959264,0.000241493233103947,0.000254146544235969,0.000268962297474964
"2024-04-11",0.00029993312040454,2.21803483454795e-05,7.77642522381283e-06,6.52823389181904e-06,5.55333757033503e-06
"2024-04-12",0.00271752946474241,0.0028080735839072,0.0024960032875594,0.00248282092641891,0.00254489918949065
"2024-04-15",0.000815251076103241,0.00130221728899956,0.00138700712461824,0.00135937150455878,0.00152203017015544
"2024-04-16",0.00187867214324405,0.00221629561655846,0.00206930439633372,0.00198886601597661,0.00211910892319389
"2024-04-17",0.00141188235299642,0.00140046953823502,0.00130710709142832,0.0013568173437872,0.00108782267782375
"2024-04-18",0.000871887732338263,0.00142082666727356,0.00143315769985586,0.00145062879313004,0.00121458569368978
"2024-04-19",4.63691884914379e-07,1.6852708265953e-05,6.75581649528916e-06,1.41891388835785e-05,4.1793121120303e-07
"2024-04-22",0.00114297452997437,0.00176292735979359,0.00231179956986079,0.00276908351626689,0.00230361204830939
"2024-04-23",0.000715021173385786,0.00097773540244861,0.000984025901389639,0.00124225443317147,0.000966680436029053
"2024-04-24",9.16620538296981e-09,9.97269343339177e-06,1.00366110891755e-05,5.60871935298792e-05,1.98067121972164e-05
"2024-04-25",0.000546205351811499,0.000299202023598508,0.000342751825279523,0.000203893090008214,0.000148809915229872
"2024-04-26",0.00131769900983937,0.0056135343704008,0.00546208037358181,0.0056657871364465,0.00623363671707061
"2024-04-29",0.000714816005692477,0.000432235073598469,0.000363239990505963,0.00033384842062623,0.000162798772410323
"2024-04-30",0.000385732266511879,0.000649054809662067,0.000598518692006535,0.00057257050168859,0.000302611722741413
"2024-05-01",0.00288762205583248,0.00311660316803476,0.00305158172713607,0.00310703321821423,0.00232731423482289
"2024-05-02",4.92911632179013e-05,0.000126979618453063,0.00013031813494807,0.000113489883756461,0.000100849147780464
"2024-05-03",0.00469469706630478,0.00481799474363224,0.00452395996935639,0.00456819648547438,0.00462205361257277
"2024-05-06",0.00126449647847193,0.000486304344772461,0.00237462823969767,0.00244582991678752,0.00239168444540248
"2024-05-08",0.00373694201685883,0.00291471782896618,0.00363741190760316,0.00359233265377696,0.00428283582501783
"2024-05-09",0.00219814133209167,0.00157355873037397,0.00210800673101166,0.00202148893856827,0.00288333345933109
"2024-05-10",0.000401128081608664,0.000142534284396607,0.000216672642513024,0.000195571251940837,0.000530455835344915
"2024-05-13",0.000353742272499866,0.000244676181401689,0.000348588853028812,0.000310989362410742,0.000658068022334824
"2024-05-14",0.000154250735810141,0.000200205347471265,0.000186642790756961,0.000156102976386543,0.000165137984839692
"2024-05-15",0.000334767483582765,0.000384456715222638,0.000446158365084423,0.00039737134483049,0.000391071620608742
"2024-05-17",0.000633938982488108,0.00077116918700466,0.000907999575757602,0.00083512297501892,0.000763711077282783
"2024-05-20",0.000307202488077578,0.000409761831357034,0.000388393603207964,0.00032442218404279,0.000274901246287186
"2024-05-21",0.000980706501764641,0.00121421057053378,0.00108316988065225,0.00100968361882604,0.00101695841975369
"2024-05-23",0.000314699078194903,0.00027173088663568,0.000289129414553516,0.00023372009332456,0.000254647713705801
"2024-05-24",0.000334498721237192,0.000316362415122956,0.000409352933392846,0.000540831359158116,0.000806995326694297
"2024-05-28",0.000248591632272199,0.000522339634085245,0.0006085109966872,0.000420652185094896,0.000207395016440993
"2024-05-29",3.21779472774042e-05,2.65921878737192e-05,8.41824730474073e-06,2.52048626561301e-05,0.000149230570402279
"2024-05-30",7.97483714445239e-06,4.90832554292967e-06,9.2894338517314e-06,6.44248271471513e-06,1.46373475712691e-05
"2024-05-31",0.000784327141749261,0.000812164812157757,0.000890654841094709,0.000844427529445536,0.000531259299975721
"2024-06-03",0.00024153967692391,0.00022209065282836,0.000220457732390285,0.000241764863148098,0.00027962065871959
"2024-06-04",0.000141835579632213,0.000277469395347266,0.000304449921032738,0.00024130664000469,0.000295468739323682
"2024-06-05",0.000314449493667878,0.000661013105707073,0.000543744317269953,0.000484607542104937,0.000562697458716773
"2024-06-06",0.000839747129099586,0.00109633205275561,0.00101621029897318,0.00103446044150068,0.00112371314696056
"2024-06-07",1.11668089939671e-05,9.35750889684867e-05,0.000111748283039,0.000129596150920728,0.000198625591252901
"2024-06-10",0.0310645090005501,0.0297663945719475,0.0304370640413002,0.0300795327042907,0.0291856728112566
"2024-06-11",0.00437392455435192,0.00707983984846099,0.00757711071663233,0.00717023261111774,0.00748035997386015
"2024-06-12",0.0396698512646352,0.0438517910201327,0.0440922077254538,0.0443077867466665,0.0453985182696725
"2024-06-13",0.000812574162632681,0.00031153578350334,0.000299965884797537,0.000255110814031135,0.000201366895833033
"2024-06-14",0.00167546490046306,0.00104747136443515,0.00119704741872418,0.00104925520583252,0.000911041943208376
"2024-06-17",2.54853872129721e-05,5.05541032963951e-05,1.89905680451623e-05,6.43740583541229e-05,9.13054040515806e-05
"2024-06-18",0.000425187838530895,0.000295218528122331,0.000358601164339083,0.000320660371010332,0.000334925273323496
"2024-06-20",5.35431371070471e-05,5.4010859484109e-05,7.66878113245738e-05,4.43016036197949e-05,6.86726619210192e-05
"2024-06-24",4.05399416456554e-05,1.79088162573306e-05,1.22135083885537e-05,4.04912932639471e-05,1.44160124768617e-05
"2024-06-25",0.00128268669797761,0.0014552600465547,0.00143244139835622,0.00133448505493176,0.00161062315676775
"2024-06-26",3.27859093457013e-06,5.82424045938592e-05,9.57485404033574e-05,5.74161523932483e-05,0.00011418455463189
"2024-06-27",0.00057699075969157,0.00081613005255618,0.000745050366565525,0.000690124828291205,0.000837218947555325
"2024-06-28",0.000281161159592327,0.000173055122475345,0.000172945925394356,0.000158785988227779,8.50097819172824e-05
"2024-07-01",0.000646363525957741,0.0003789297813607,0.000425307554369737,0.000445837027113154,0.000332447229080978
"2024-07-02",0.000399909133095336,0.000584126752823998,0.000536326921179437,0.000703291668016279,0.000790253200833626
"2024-07-03",4.66170440970408e-05,3.47344018424552e-05,2.57968189727809e-05,0.000121161962888285,0.000209465963041723
"2024-07-05",0.000682334398022033,0.000623553485975784,0.00056681273861203,0.000842674515321267,0.00105569250923153
"2024-07-08",1.26425428047983e-05,7.44798841316109e-05,5.80603924862435e-05,0.000109723193178524,0.000183827695136025
"2024-07-09",0.000358477409233845,0.000400298531200959,0.000415303956809146,0.000518480996013549,0.000676472504588798
"2024-07-10",0.000172391379738784,0.000163167562556054,0.000181768902667957,0.00031472957672586,0.000445547308167057
"2024-07-11",0.00381572027208656,0.00315041984254841,0.00300679180240032,0.00273116066208342,0.0023821785043637
"2024-07-12",0.000410020498101014,0.000654354098629418,0.000657362910973226,0.000755858373969075,0.00087974298917781
"2024-07-15",0.00113816410040406,0.000606782199898659,0.000637973626888122,0.000564389357265134,0.000456987315602865
"2024-07-16",0.00116445776499556,0.0015139124177368,0.00145185298500293,0.00150862697754629,0.00128654856056878
"2024-07-17",0.000751716513168955,0.000471935900537015,0.000515399449358869,0.000507279383618015,0.000780708443651354
"2024-07-18",0.00406309936162499,0.0036476295286832,0.00348701676269025,0.00342003803369084,0.00402786129024044
"2024-07-19",0.000143177212998873,0.000163554596423399,0.000158861577996749,0.000172070370865361,0.000102788363399718
"2024-07-22",6.08605988766425e-05,1.82539433312355e-06,5.55317563081059e-06,2.24155444669174e-05,5.37010022264463e-05
"2024-07-23",0.000751985588339463,0.000777618329178408,0.000693420711817068,0.00101521273408589,0.000860006008705996
"2024-07-24",0.000330066001233423,0.000288022538748211,0.000359284960836035,0.000164826673864831,0.000258198468413515
"2024-07-25",0.00515731847771324,0.00473404014212187,0.00493991930295506,0.00416844930706542,0.00462797798498326
"2024-07-26",8.97301626357577e-05,0.000162430865644731,0.000174160781778716,0.000257841375027517,0.000172611294083896
"2024-07-29",2.13019437766721e-05,0.000893105554585771,0.000705451335909177,0.000386604488007304,0.000275428044866702
"2024-07-30",0.000179867715549766,0.000404545068805423,0.00028840040046093,0.00010133726865206,5.86494054100304e-06
"2024-07-31",0.000426654372506628,0.000368167042775119,0.000389068409596652,0.000718121985421068,0.00140438552715471
"2024-08-01",0.00137865870535402,0.000976038175642876,0.00106744353352385,0.00156913158641445,0.00254551915614246
"2024-08-02",0.0477932416642594,0.0458513097613617,0.0449984934405925,0.0457727008024831,0.0437964593485296
"2024-08-05",0.147430938041665,0.148468036695916,0.146919521313127,0.144721577514746,0.13748544550577
"2024-08-06",0.0227568226101841,0.0187656205848337,0.0206000410484543,0.022200336607308,0.0266210364351913
"2024-08-07",0.000325809362387625,7.68188620222296e-05,0.000138905344859881,0.000215310267767589,0.000672154609196555
"2024-08-08",0.00371992112081041,0.0028530269546503,0.00584272347409596,0.00659890189164465,0.00590853691787187
"2024-08-09",0.00564681587218392,0.00384052941925815,0.00397681563744834,0.0046604534638858,0.00338246464116249
"2024-08-12",0.00446895267369605,0.0029751427545576,0.00275606504262951,0.00336969322917461,0.0025949588478928
"2024-08-13",0.00267983033283853,0.00203577389589358,0.0018345692186649,0.00260355997316336,0.00223156461560274
"2024-08-14",0.00165550704309982,0.00131448049939352,0.000922711987835011,0.00133107762668305,0.0010422583024196
"2024-08-15",0.0013008962289393,0.00105043256815051,0.00113393347344542,0.00171150822331609,0.00145375251782127
"2024-08-16",0.00352146607132676,0.00294922365434586,0.00293927315864627,0.00374549702876739,0.00322526025462114
"2024-08-19",0.00259811219056368,0.00231054195743833,0.00221501432012405,0.00290011535085135,0.00262971084199236
"2024-08-20",0.000723317836369526,0.000514281506328387,0.000406232857185003,0.00080342905443702,0.000729763270440709
"2024-08-21",0.000452896998195534,0.000268168020390621,0.000249060764776054,0.000590741169752457,0.000500680676884764
"2024-08-22",0.000175738239022388,0.000331649211725969,0.000448367496182825,0.000229117607896216,0.000181525559767053
"2024-08-23",2.96333953875111e-05,6.01893413622405e-06,1.21330844543897e-05,2.52765717617321e-05,2.34356292376453e-05
"2024-08-26",0.00208384931342067,0.00163407642610095,0.00158471082745579,0.00214910954532479,0.00191357096377774
"2024-08-27",0.000840659785735913,0.000691834632140725,0.000545487087012044,0.000741172939125588,0.000623340744794518
"2024-08-28",2.57338738442747e-08,1.48086455644614e-06,5.08675932595254e-07,3.93116186756214e-08,4.36284985689367e-05
"2024-08-29",0.00175387906035249,0.00179418135482836,0.002099293809063,0.00229841530728944,0.00305175735559025
"2024-08-30",0.000931047249116632,0.000986029595824573,0.000875702157143602,0.000829331325818617,0.00045567929837501
"2024-09-03",6.72522964722233e-05,7.25112146256965e-05,0.000132692019578111,0.000166244766105208,0.00038740514812639
"2024-09-04",0.000325193965663291,0.000255038382138837,0.000298047703504094,0.000421493532495105,0.00070620001808954
"2024-09-05",0.000233678297755099,0.000254396928420387,0.000199531449217436,0.000115813685288728,0.000163268702551025
"2024-09-06",0.000946580797822599,0.00065693299908285,0.000681689412218614,0.000848966173894417,0.000544127173755537
"2024-09-09",0.00287651703249307,0.00245972152482772,0.00254734167031385,0.0029436037540862,0.00235012009898316
"2024-09-10",0.000170202664849431,0.000132722818444326,0.000122127576710613,0.000122150548627512,0.000362915650308526
"2024-09-11",0.000408198817268337,0.000331493558084621,0.000352449608490697,0.000465857671415422,0.000292038307999065
"2024-09-12",0.0011242189692432,0.00139587026891528,0.00147185213138928,0.00128569319327495,0.00159491827815466
"2024-09-13",0.000598442047037887,0.000770732288588377,0.000766954150333716,0.000782047150717837,0.00106894295949741
"2024-09-16",0.00043885309900165,0.000312215399858313,0.000255809022670984,0.000232172319149611,3.32486834958106e-05
"2024-09-17",0.000199726839261435,0.000181930752739807,0.000164174793770829,0.000243708149455315,0.000963193015582166
"2024-09-18",0.0132076363827692,0.0125469661402767,0.0126867973807372,0.0126216994771063,0.00934287686088102
"2024-09-19",0.00601023644232285,0.00687999434106476,0.00714641598225226,0.0065802554951256,0.00939687408723832
"2024-09-20",0.00296587847131054,0.00235982911926999,0.0023135142935937,0.00267115793705964,0.0013300392362211
"2024-09-23",0.00171149027901616,0.00150941852832316,0.00144301278672328,0.00139692865467583,0.00139751324897523
"2024-09-24",0.00283044417679893,0.00307044879282572,0.00317328200590646,0.00301741039199275,0.00272994861222809
"2024-09-25",0.00102063856487212,0.00145645805604917,0.00160043936334043,0.00142438647347722,0.00147415830201086
"2024-09-26",0.000348673789777687,0.00052379312830174,0.000783636457296209,0.000646481194204878,0.000694145377450708
"2024-09-27",0.000782770450288573,0.00097109203260483,0.00096078952421517,0.000672007822748766,0.000782966129572806
"2024-09-30",0.000639735867400168,0.000338452292131334,0.000389646371968863,0.000592508272723232,0.000327533383103805
"2024-10-01",0.000314688982683287,0.000144938486488892,0.000208569472235246,0.000346161172394223,0.000311363576862683
"2024-10-02",0.00184435169387512,0.00248327764010856,0.00225933485782474,0.00177869253772255,0.00190823238421599
"2024-10-03",0.000130889669584875,0.000239183659650606,0.000243797836448406,0.000144151373307577,0.000334071614946196
"2024-10-04",0.000393483024521507,0.000615982515695814,0.000595493969563901,0.000456809622876799,0.000611894627837974
"2024-10-07",0.000149533706996203,0.000263897598104924,0.000292493587013676,0.000203297994574705,0.00023630156803519
"2024-10-08",0.000598224859409396,0.000797341867711285,0.000808893872642497,0.000675284552489595,0.000806960856381941
"2024-10-09",0.000886902064818286,0.00184690782015255,0.00166711779116035,0.00139291434987432,0.00141828596463936
"2024-10-10",0.000193665606977998,0.000502826707552318,0.000471075683305906,0.000460938914495639,0.000463816796668471
"2024-10-14",0.000190905331069865,0.000384213896670927,0.000429178894510941,0.000427710041411484,0.000623330733747886
"2024-10-15",0.00230481840402279,0.00232119326962533,0.0023060352970043,0.00234985984872555,0.00202934575916675
"2024-10-16",0.00126994514432689,0.00124317711480823,0.00123126976463563,0.00106716857147054,0.00130402936225439
"2024-10-17",8.66632140847497e-06,7.54599822333057e-05,0.000101178892483565,0.000174969545531121,1.1029196779353e-06
"2024-10-18",8.3080715040859e-06,4.54172759863633e-06,3.49749407863908e-09,2.17561129470669e-05,0.000112810833857058
"2024-10-21",0.00107608523718882,0.000703508754279573,0.000618296995921845,0.000346360924286446,0.00118171382086602
"2024-10-22",0.000406110153068061,0.000234100368667339,0.000260239502396156,0.000238019178593803,0.000722461612950649
"2024-10-23",0.00898813051768064,0.00907008660288459,0.00876359998584673,0.00834815932470375,0.00604339614396537
"2024-10-24",0.00235786250091031,0.00208765192576758,0.00195026895531178,0.00235967570152832,0.00305017781429186
"2024-10-25",1.64557001278942e-07,0.000545586865375135,0.000436337187734159,0.000417667272559744,0.00181019488099791
"2024-10-28",0.000108989728725116,0.000507379374427076,0.000444767813207279,0.000256194664162374,0.00153442860883542
"2024-10-29",0.000179851127119599,0.000570133778738829,0.000486062613807461,0.00029298114025811,0.00134726658566025
"2024-10-30",2.45553237241722e-05,0.000215703829518486,0.000186504083941304,9.67540617334595e-05,0.000756272865374751
"2024-10-31",0.000857482537820543,0.000272091076777451,0.000204524234697121,0.000311439837457764,4.91452171175304e-05
"2024-11-01",0.00473068713239787,0.00462804511346035,0.00319515978688835,0.00320119649807619,0.00183008676839058
"2024-11-04",0.000523048483308776,0.000276214082252862,0.000200792443250833,0.00019035234554466,0.000792585048706819
"2024-11-05",0.00128040803245717,0.000981095146683575,0.000755121888958432,0.000747635877214208,0.00178540185501987
"2024-11-06",0.00142064494180032,0.0014995832131761,0.00146862064864019,0.00151331380813178,0.000929286363554291
"2024-11-07",0.00124901609936954,0.00188566664642298,0.00236676190185164,0.00184074977747183,0.00260420685753953
"2024-11-08",0.00160934580046626,0.00142047441302002,0.00117980332304296,0.00140548365767323,0.00194565613574588
"2024-11-11",1.34808058685213e-05,2.62798229987056e-05,5.48930908725616e-06,6.25013250202578e-05,0.000112717484620767
"2024-11-13",2.97524119099718e-06,0.000632647801313468,0.00307736112368196,0.00417765968491977,0.00472806016288924
"2024-11-14",1.8149627350574e-05,2.47538077375421e-07,7.59110485286943e-06,2.50173229360505e-05,2.86531663409704e-06
"2024-11-15",4.08653958439531e-06,1.26523843971705e-05,2.40618840420192e-06,1.24522361816801e-06,5.35256207765112e-05
"2024-11-18",0.00020666627984059,0.000214272093245418,0.000243156808130354,0.000168361455215708,3.39151439349624e-05
"2024-11-19",5.6601823146574e-05,3.64621796084492e-06,6.61896776781835e-05,5.61546305967342e-05,0.00018401014824737
"2024-11-20",4.54735685639764e-05,6.5617586525505e-05,0.000180973656264186,6.30076202682283e-05,0.000179817434168237
"2024-11-21",0.000767122108092847,0.00181130009022206,0.00209682009144083,0.00144442470066751,0.00159436793313628
"2024-11-22",0.000875537819633297,0.00025551829870367,0.000247586835787082,0.000566032963715769,0.000465927910860652
"2024-11-25",0.00044411609458908,0.00164344550111298,0.00142597383216579,0.000937223766653469,0.00111873781377009
"2024-11-26",0.000116673485398099,2.3168194098528e-05,5.60166826097265e-06,6.65669592412056e-06,3.64863113026518e-06
"2024-11-27",0.000308128350153907,1.20613009803646e-05,0.000929887562362196,0.00111639494879353,0.00116967349350075
"2024-11-29",0.00198770219171901,0.000895447907198335,0.000964865171106397,0.00107473143443,0.00120913615747074
"2024-12-02",6.56983228853371e-05,0.00047455175810774,0.000646435956661189,0.000640077138892132,0.000511147365077888
"2024-12-03",0.00106710229837957,0.000398884532122285,0.000379590125557776,0.000293441889839245,0.000276488199285044
"2024-12-04",9.8349481348429e-05,9.78650002871561e-06,3.99226209221937e-06,3.05899214943601e-05,2.01649064382737e-05
"2024-12-05",0.000178031553415992,3.01070760459423e-06,1.04754274035082e-05,2.42598135211106e-06,2.55733190081243e-06
"2024-12-06",0.000301403323719496,0.000141813903818451,0.000196202733240016,0.000148908249660911,0.000116972303596701
"2024-12-09",0.000602860732257074,0.00102255727191932,0.000827413830190235,0.000962142435988053,0.000967209251795005
"2024-12-10",0.000267109697426209,0.000100895877218965,0.00023918722915608,0.000190799627948455,0.000161066196609308
"2024-12-11",1.28184485734035e-05,5.14823811297024e-06,6.72304868782138e-07,4.41777201100382e-07,1.41236750468561e-06
"2024-12-12",0.000265685114565775,0.000187615626098471,0.00024289355563997,0.000297384275759679,0.000513389765318945
"2024-12-13",7.90761235600198e-05,1.26613731300812e-05,2.76462989593879e-05,7.32789021506425e-05,0.000248094727746123
"2024-12-16",3.35430713040824e-05,2.97441488086608e-05,6.78266143109988e-05,7.23760905611506e-05,0.000196679759227794
"2024-12-17",2.71889821679387e-06,0.000104484972274523,8.53898041585062e-05,5.71502792067381e-05,0.000105309989777326
"2024-12-18",0.00436989318238816,0.00331973017397238,0.00304057730108191,0.00343345808826806,0.00366397949282424
"2024-12-19",0.000328937613980128,0.000105866363430713,7.97734076710278e-05,0.000166048124529333,0.000308570864684285
"2024-12-20",0.000235137888020966,1.41703738979549e-06,1.52843765561295e-05,4.76161025897643e-06,5.56958610951867e-06
"2024-12-23",0.000856842453399214,0.00117431093038406,0.00217587553920435,0.00226448483096475,0.00195464617716992
"2024-12-24",0.0024759651045703,0.00256085418528091,0.00238792634447237,0.00270783418922005,0.00252105651857658
"2024-12-26",7.693696193417e-05,8.95765874006252e-05,2.42556621242332e-05,0.000122996260820175,8.15513373293061e-05
"2024-12-27",0.000328389473156259,0.000493719483057909,0.000682260596952977,0.000444589857180728,0.000585207502320391
"2024-12-30",0.000288101974651492,0.000693623651379485,0.000789233991530697,0.000639408969128903,0.000975807780540538
"2024-12-31",8.17877491302396e-06,3.90109540332881e-05,3.32195267898693e-05,4.58590824397103e-07,0.000154364618946604
"2025-01-02",0.00481879796333413,0.00634574045282503,0.00616585264531841,0.00530997001594903,0.00632476981188436
"2025-01-03",0.000640869218330424,0.000218116961174695,0.00033396969222712,0.000495520314393918,0.000299239395835617
"2025-01-06",2.86206980438974e-05,4.5859524747197e-05,4.52428195395997e-05,5.55294107426634e-06,1.38427219989559e-07
"2025-01-07",8.53440844136545e-05,0.000220709081987805,0.000214965826200256,8.6336331608749e-05,8.77068422091867e-05
"2025-01-08",3.96269723995663e-05,0.000211970620652812,0.000155266552351954,4.39518005960874e-05,0.000126446235842749
"2025-01-10",0.00537527441892893,0.00682333546984437,0.0066970349139531,0.0057435153487361,0.00640477143092184
"2025-01-13",7.85929226625986e-06,1.86401169469118e-05,3.50958263344292e-06,3.05189525691926e-06,1.26561185026855e-05
"2025-01-14",0.000750302955041173,0.00303790868174898,0.0026944431559524,0.00319825357022025,0.00282861360574692
