"","HAR","VHAR2","VHAR3","VHAR4","VHAR5"
"2016-04-19",0.000181819274842894,4.55527139104731e-05,0.00135348894581195,0.00192862776173355,4.47054696787668e-07
"2016-04-20",0.0011045608707228,0.00075754791818792,0.003124658659929,0.00349027779178131,0.000317922696969513
"2016-04-21",0.000651412122657038,0.000474516855516393,0.00253368628498727,0.00287991651888387,0.000267607346041899
"2016-04-22",4.98719777894644e-05,5.06212987502519e-06,0.000881510538283735,0.00138033601683307,9.62542798468214e-05
"2016-04-25",0.00103537720161797,0.000880539974248423,0.00324558153011142,0.00448634910509181,0.00254617223799318
"2016-04-26",0.000134638383240847,7.8260828840226e-05,0.000935861889534466,0.00126602335597197,0.00019151777440413
"2016-04-27",0.00938669864153254,0.00997226312045619,0.00614613349332923,0.00467316139552116,0.00810972045245927
"2016-04-28",0.00359604030869141,0.00392848488208889,0.00212663457317151,0.00177053178905941,0.00329339126869535
"2016-04-29",0.00107181995380448,0.00123206781773294,0.000527203060505891,0.000508973390565123,0.00158846281976321
"2016-05-02",6.11742258700538e-05,0.000101422451731528,7.5683985570556e-06,3.02456314790542e-05,8.32264454378783e-06
"2016-05-03",0.000385942263953163,0.000442446258262862,0.000382852174802945,0.000258283246543275,0.000714964363827884
"2016-05-04",0.000170511341381459,0.000174877043273824,0.000181090384133558,0.000108220254623462,0.000501008603125841
"2016-05-05",0.000407381981471624,0.000432013716104606,0.000706425462012326,0.000861608374389914,0.00029430275631465
"2016-05-06",1.10706950882017e-05,1.463661833245e-05,0.000131642231713411,0.000200866170440755,0.000157404620605247
"2016-05-09",0.000612358688349413,0.00069227915179759,0.00113002820764284,0.00151839257375246,0.0017731241461623
"2016-05-10",0.000130588761340038,0.000200557688706756,0.000249895798684698,0.000235304045186615,0.000399118826619628
"2016-05-11",0.000772886375962938,0.000899605624349994,0.000462471802535483,0.000960354206646285,0.00283004213344493
"2016-05-12",0.00267412031328314,0.00240264288260364,0.00675761879643857,0.00609450602296805,0.00386217242140061
"2016-05-13",0.000268067388177272,0.000254202982483062,0.00265260468309368,0.00244425445258128,0.000847525967780155
"2016-05-16",8.55943026389914e-06,5.62864946038439e-05,0.000614817783362443,0.000639751264508219,5.90534150866767e-05
"2016-05-17",0.00030228710211874,0.000126605736399632,0.0017641706153564,0.00181223352646647,0.000898396817659012
"2016-05-18",0.000490215950775789,0.000260301480266161,0.000656601938827032,0.000707361799048137,0.000135805437327705
"2016-05-19",3.26173832329841e-05,3.46059213194959e-06,6.28891372942188e-05,6.62815121417169e-05,6.49311535394696e-07
"2016-05-20",0.00248448648508444,0.00317601014973344,0.00297901901651298,0.00177796368594898,0.000882393243448747
"2016-05-23",0.000923190553075075,0.00127768760706809,0.000922000548135646,0.000872583773833433,0.00150985053499291
"2016-05-24",0.00284757602971567,0.00342995391370457,0.00291407059992089,0.00276135874508856,0.00399164798629786
"2016-05-25",0.00253664852963569,0.00299245444450867,0.00282233568637642,0.00363379196197326,0.00527188982006655
"2016-05-26",0.00183691573641542,0.0022596312864049,0.00237126968821385,0.00468432173797658,0.0080481308436582
"2016-05-27",0.00330041596032204,0.00423781343122915,0.00414996033414132,0.0046294581323547,0.00767707443782459
"2016-05-31",0.00461246043690973,0.00513430297463943,0.00603707207740245,0.00630047043636385,0.0115138545745243
"2016-06-01",0.00463572341809828,0.00477999762367705,0.00573016850014964,0.00511972502590078,0.00918372668234572
"2016-06-02",0.000882050794393399,0.00105920180850745,0.00134256909628512,0.001956999236331,0.00435788166007894
"2016-06-03",0.00274390751240595,0.00307803693960757,0.00487231463910061,0.00435684588317901,0.00769676297279167
"2016-06-06",0.00428979820738442,0.00442832145910452,0.00562820326596965,0.00634623353940604,0.0115247747507187
"2016-06-07",0.00513836110501393,0.00535074425404011,0.0063979166789921,0.00720120500399122,0.0123786788015318
"2016-06-08",0.00661099963485784,0.00687504359275803,0.00774805761587477,0.00881020344959223,0.0134791346189839
"2016-06-09",0.00371524033596873,0.00404263712874669,0.00481655733536271,0.00461184185235336,0.00732267575114501
"2016-06-10",0.00312149701382795,0.00318301601353712,0.00395580374281485,0.00369147480738192,0.00593875020084653
"2016-06-13",0.000111618830111525,0.000127397796846868,0.000514679191003611,0.000208872441188234,0.000552482406154493
"2016-06-14",0.000794457637649835,0.000822213966045711,0.00180093520192435,0.00168937122321595,0.00285018139061851
"2016-06-15",0.00134677787758626,0.00136019417630375,0.00242442235590236,0.00140044177805139,0.00195393826757407
"2016-06-16",0.00105014146935916,0.00111036555939647,0.00231381623106847,0.00181894056401168,0.00250572551375895
"2016-06-17",0.000510877856215375,0.000593482695482475,0.00142197933040484,0.0017152285524632,0.00218706699365002
"2016-06-20",0.00354118580577786,0.00359795336331777,0.00517679794858325,0.00540885708595164,0.00589679130414375
"2016-06-21",0.000874756221065468,0.00095809490845689,0.00211300349826945,0.00184249413631202,0.00197859385263621
"2016-06-22",0.00171780346187302,0.0018810349826491,0.00329841353072813,0.00317949384014329,0.00105297225317856
"2016-06-23",0.00210785349937396,0.00229842003523201,0.00346175327143809,0.0028989179205795,0.00105285523200823
"2016-06-24",0.0025350290508254,0.00247730722511042,0.00177116361067525,0.00238487177166645,0.0049412464869745
"2016-06-27",0.00084999018163437,0.0007887700156604,0.000484677457156268,0.00046123248803594,0.00120519509848313
"2016-06-28",0.00107414778270821,0.00125381905042029,0.00157657324112909,0.00179018631380362,0.000199810061061324
"2016-06-29",0.00120297941835841,0.00146452507981793,0.00162231656361828,0.00170952207628824,0.000323045607874525
"2016-06-30",0.00238538724519034,0.00271752813540762,0.00288069894307741,0.00326274006817718,0.00104992392681954
"2016-07-01",0.00304015445839667,0.00346736057489077,0.00385816890825215,0.00454527465241216,0.00216147910541606
"2016-07-05",0.00437975715001058,0.0049776924665661,0.0056241633348544,0.00646977562522223,0.00335790660912474
"2016-07-06",0.000170719551559708,0.000297389545200699,0.000585110281509778,0.000682280962469265,0.00016547168961107
"2016-07-07",0.00258553423802123,0.00295835028559652,0.00373756771410728,0.00451349704594878,0.00308071329909788
"2016-07-08",0.00390187656322918,0.004334254875323,0.004845685562119,0.0053828248147189,0.00428983912929777
"2016-07-11",0.00640890804162255,0.00688678190075095,0.00731511887111207,0.00773464371022737,0.00598859961063384
"2016-07-12",0.0064955322044894,0.00704895251666614,0.00719024940498722,0.00844576938038222,0.00534892540617786
"2016-07-13",0.00612010603184059,0.00672392570056221,0.00639718379867196,0.00711563744649032,0.00564799548326548
"2016-07-14",0.00674753089348817,0.00718240211371532,0.0070202537687816,0.00891402246783145,0.00750726836658499
"2016-07-15",0.00707597639437149,0.00752288135254756,0.00737900149424831,0.00868304005771761,0.00703321558962983
"2016-07-18",0.00874267986886453,0.00915897370260038,0.00940588517544233,0.00897746447050708,0.00910018742391063
"2016-07-19",0.00813687643160384,0.00864426026932457,0.00926260217005971,0.0100498578880014,0.0121318068624369
"2016-07-20",0.00923371169365586,0.00970674878216432,0.0101438601289402,0.0112927542052786,0.0140421113075135
"2016-07-21",0.00649622218159966,0.00699347298659393,0.00717962912076551,0.00814375635581906,0.0102791459729768
"2016-07-22",0.00616414423763312,0.00656570129093496,0.00653441313178763,0.00659533809569349,0.0097086112021615
"2016-07-25",0.00564866096395653,0.00648788946218463,0.0068688474796272,0.00608546920194072,0.00653851253935796
"2016-07-26",0.0040830560779837,0.00489330966779552,0.00544099136017541,0.00693437348412323,0.00786613248144576
"2016-07-27",0.00114187018764802,0.00140357540653444,0.00178321082928016,0.00234302045985989,0.0031089928060939
"2016-07-28",0.0064274762598836,0.00670220504082803,0.00710839001261353,0.0096095669532987,0.011659113243657
"2016-07-29",0.0064396855516469,0.00681585686995992,0.00704272452640521,0.010215775864931,0.0114477064033401
"2016-08-01",0.00816205139450229,0.00835365945976215,0.00792813589729164,0.0106766679986307,0.0125791332824128
"2016-08-02",0.00245667753985456,0.00264777291252695,0.00230303585033106,0.00316799118002335,0.00409997325059178
"2016-08-03",0.00707787124623814,0.00735708962762509,0.00691181340410518,0.00857968867577647,0.010409530173311
"2016-08-04",0.00500211529337482,0.00514433506662196,0.00497874142600525,0.0068640192722202,0.00902619821435377
"2016-08-05",0.00921711271627032,0.00910574894232865,0.00897768827209537,0.0113951740117946,0.0148562225049445
"2016-08-08",0.00733558807726516,0.00741228808908427,0.00729547370386163,0.0105024666999236,0.0141845086335055
"2016-08-09",0.00574610387482849,0.00640816323028254,0.00634724273129025,0.00969743229508337,0.0142978113252228
"2016-08-10",0.00817491211008642,0.00926065488190666,0.00985870049035349,0.0129831429162475,0.0172446856786865
"2016-08-11",0.00667582534297143,0.00702597860546824,0.00851265275544873,0.0100827465234699,0.0118916598191913
"2016-08-12",0.00934837738075023,0.00969636162929963,0.0116195410183147,0.013164570882916,0.0155241682277351
"2016-08-15",0.00791592322915735,0.0083403620991566,0.0099497778998287,0.0119292095118927,0.0144919615510449
"2016-08-16",0.00685246756993846,0.00704450816062347,0.00790418695955773,0.00827003639886778,0.00971612776315505
"2016-08-17",0.00156901145642876,0.00140049565701011,0.00126232901500433,0.00215006357915326,0.0017345325076606
"2016-08-18",0.00705663400859814,0.00655528328646042,0.00602748236053805,0.00634426424865219,0.00634347646794148
"2016-08-19",0.0052642044273385,0.00464822762274334,0.0042683726600394,0.00483143899561657,0.00531965262037332
"2016-08-22",0.00412267176691571,0.00365723411712712,0.00303037791750611,0.00361401544092992,0.00464543813712053
"2016-08-23",0.00685414994154918,0.00606180325064383,0.00494563888119861,0.00474729770946106,0.00537238985835667
"2016-08-24",0.00521400396095384,0.00451887642348131,0.00364914135337817,0.00381111140413445,0.00465283660836596
"2016-08-25",0.00436609096723567,0.00392217129125879,0.00360318444842487,0.00459641299245305,0.0071398318840239
"2016-08-26",0.00112925584237004,0.00132254904585266,0.000438686807920598,0.000456568557045349,0.0019754856598265
"2016-08-29",0.00307251789600439,0.00320290009728509,0.00190623328575417,0.00142055402107273,0.00288547626228075
"2016-08-30",0.00338633725304678,0.0032806283958819,0.00178876216951285,0.00104476016457295,0.00192147499560875
"2016-08-31",0.00340592323014008,0.00346419646167343,0.00158045722720371,0.00170630951890572,0.00352128556016776
"2016-09-01",0.00370534612659063,0.0038022052389206,0.00291091913994508,0.00314829375438687,0.00583199811760451
"2016-09-02",0.00414610882623359,0.00390403521363298,0.0028340395742433,0.00254204568475449,0.00356609364878931
"2016-09-06",0.00607651596320201,0.00555394377512581,0.00443810389863331,0.00423166742767512,0.00521858984576685
"2016-09-07",0.00114089227651797,0.000877649264481195,0.000683612587781604,0.000616392264377069,0.00095450560242178
"2016-09-08",6.34891555017411e-06,2.37236956125309e-06,4.70794969243992e-05,7.04602241969116e-05,0.000128393606398287
"2016-09-09",7.27092223968925e-07,1.58634015912474e-05,6.9207975235334e-05,0.000118633247007684,0.000126929846299343
"2016-09-12",0.000394243670827804,0.000644766673914978,0.000704489572290607,0.000560757577857408,0.000479870882484004
"2016-09-13",0.000687781296733446,0.00111321394664692,0.00112984448234773,0.0012966827839422,0.000858870993021519
"2016-09-14",0.0090733847582841,0.0103458107897162,0.010034033164502,0.0117204061254696,0.0105982094770527
"2016-09-15",0.000637896031423341,0.00106121301237626,0.0011244951308532,0.00134316061200968,0.00100040459607273
"2016-09-16",1.4020931718129e-05,0.000111136618555682,0.00018235418044466,0.000354660358333428,0.000194752920805956
"2016-09-19",0.00020929753113473,0.000547824387169809,0.000640526694618171,0.000805394605324191,0.00104584968565911
"2016-09-20",4.5867754938908e-05,0.000198515598187581,0.00017343253506232,0.000260980953331282,0.000740367846255606
"2016-09-21",9.2994663442471e-07,5.48762584031267e-05,1.4408783261929e-05,1.05680376154187e-05,0.000263989023562768
"2016-09-22",0.00265704805142071,0.00191245972907011,0.00219173159482611,0.00224444823468547,0.00116344853192423
"2016-09-23",0.00325388928404411,0.00435603974223921,0.00394411947017352,0.00590522403068504,0.00818688856287525
"2016-09-26",0.00147731567224937,0.00100150944751602,0.00132903524600467,0.0007645382883905,4.59885762130524e-05
"2016-09-27",0.00132317782738735,0.000783582996050564,0.00102383117591206,0.000948100340562851,0.000152883883940272
"2016-09-28",0.00271712384773342,0.00185184309658654,0.00245600398554734,0.00222404122518003,0.00116274860906393
"2016-09-29",2.60111775269056e-05,1.93685867450551e-05,7.64145327691582e-08,5.00394034529904e-08,0.00011537276826727
"2016-09-30",0.00183049837308684,0.00113968075258479,0.00138679585992313,0.000946608173142978,0.000155483970022644
"2016-10-03",0.00429416654458141,0.00306366995582718,0.00318297522787803,0.00261943857755806,0.00122698075499049
"2016-10-04",0.000148801037411324,1.63958276695267e-05,1.96500080417659e-05,1.7787668041468e-06,0.000265260181136059
"2016-10-05",0.00274465136199591,0.00176208040818423,0.00180124473451825,0.00195377697133745,0.0011743101901671
"2016-10-06",0.00310199190441381,0.00183414275830507,0.00174677538795687,0.00119611192762862,0.000625850705248037
"2016-10-07",0.00230589571695305,0.00127033654692943,0.00124661182711794,0.000814143681200535,0.000299736295159113
"2016-10-10",0.00428640788238125,0.00297131377912256,0.00276426473116804,0.00226105602583499,0.00101335779921683
"2016-10-11",0.000141234432113885,1.34716165947009e-08,2.70120034707007e-06,2.37585999258555e-05,0.000619541638191118
"2016-10-12",0.00276958908590032,0.00130803237898381,0.00178787593914585,0.00176659965309982,0.000657627559852133
"2016-10-13",0.00268010242195952,0.00134717232774748,0.00187338664431442,0.00192821262419911,0.000465919029161698
"2016-10-14",0.00328829692686129,0.00183531736522828,0.00267782010520582,0.00260357364812621,0.00057972003988385
"2016-10-17",0.00506037680586433,0.00302755232625192,0.00408613093008933,0.0045480746437746,0.0021504145310685
"2016-10-18",0.00883361833090703,0.00571915215805027,0.00748049938990432,0.00818172525280431,0.00550806421235277
"2016-10-19",0.0080973355525496,0.00532733554190439,0.00646884678115224,0.00648863926632476,0.00292395712820265
"2016-10-20",0.0021088649273302,0.00089589808952781,0.00121047137078872,0.00140548198745492,0.000264791010747085
"2016-10-21",0.00754237036380807,0.00443526047506588,0.0051059800331542,0.00600196433319727,0.00466143601450824
"2016-10-24",0.00879958121488336,0.00569047253005659,0.00575874051889777,0.00591401003034133,0.00343938191916158
"2016-10-25",0.00807423609650273,0.00518980567899959,0.00496925975988889,0.00473595210119555,0.00269792685013555
"2016-10-26",0.000540702831154222,0.00154645887220826,0.00173545073414629,0.00159483625757261,0.0029900811924457
"2016-10-27",0.0028474375358549,0.0015383512355589,0.00155169589894416,0.0014654312780811,0.00027015191709682
"2016-10-28",2.8164307168319e-05,0.000108287924896381,4.96998135677818e-05,4.43238889280037e-05,0.000826370597126093
"2016-10-31",0.00381555452923179,0.0022982481002232,0.00251815944357939,0.0025979907277929,0.000696653416580994
"2016-11-01",0.000499497899229108,5.63305286434846e-05,0.000119951453958778,0.00016855912915835,0.000197098642470641
"2016-11-02",0.000175999777026858,6.48603150846953e-06,2.11679788934382e-08,4.78114507555238e-06,0.000529231656797076
"2016-11-03",0.00126551511847228,0.00034036927822244,0.000242378853379139,0.000207491494100418,9.37447744537818e-05
"2016-11-04",0.000109627041429842,5.4246367113124e-05,7.00108520922839e-05,7.88842812061572e-05,0.000964421586129435
"2016-11-07",0.00338295425952524,0.00150329777000045,0.00146106546951983,0.00142164727862345,0.00057607787655598
"2016-11-08",0.00188212117097449,0.000583181701237761,0.000509812333312028,0.000421644427988697,3.61386852186895e-05
"2016-11-09",0.0293734079231534,0.0364562664926172,0.0368402907412444,0.0374562071528702,0.0438086743357856
"2016-11-10",0.0296716813080485,0.0364322677248784,0.037056482737852,0.0367266414617698,0.0432196829694773
"2016-11-11",0.00334531152206471,0.00585151911885726,0.0062308914884572,0.00619472078026989,0.0086634144160764
"2016-11-14",0.00669917699948891,0.00933679902353173,0.00976780692329545,0.00934818803241021,0.0124377513652887
"2016-11-15",0.000456931884644447,0.00134076815514532,0.0013988271889148,0.00145466455757458,0.00331884436226569
"2016-11-16",0.000228313422383517,0.000838539584857978,0.000920126772458003,0.000946884858834634,0.00209318667009276
"2016-11-17",5.5695042441458e-05,0.000244162600242001,0.000296540979201298,0.000178389264815084,0.00100625317433893
"2016-11-18",0.0016273705172141,0.000965047673954484,0.00100739759142586,0.000909375388284891,7.61352631617942e-06
"2016-11-21",0.00147896736591471,0.000981321352906948,0.00093045641277321,0.000897977706891812,8.38040381076396e-05
"2016-11-22",0.00154648798613776,0.00122196314446415,0.00116345616463605,0.00110601536739069,0.000417944243495062
"2016-11-23",0.00329907030871929,0.00248289443379705,0.00266280800493326,0.00247241210004622,0.00182499779341338
"2016-11-25",0.00287786573782462,0.00268645776699096,0.00305643861972813,0.00277654930313238,0.00228620468956532
"2016-11-28",0.00322835032828897,0.00393637477836038,0.00501880999914351,0.00433168182630131,0.00397872502969818
"2016-11-29",0.00144096487370497,0.00162956929960813,0.00301358296890557,0.00226316185157781,0.00300558968864633
"2016-11-30",0.00094938087250389,0.00103377212156959,0.00221290285464335,0.00141195324813306,0.00224448322095827
"2016-12-01",2.1181874102367e-06,4.36985162323717e-05,0.000309415837529769,0.000187781706282156,0.000334925555492663
"2016-12-02",0.000353074389484394,0.000620287437707755,0.00107887751404292,0.00130001929524449,0.002234026869859
"2016-12-05",6.27690381579895e-05,0.000173812310821049,2.18216827749967e-05,3.86015470872956e-05,5.35120483723145e-06
"2016-12-06",0.00124129046397813,0.00166825997801923,0.000283421231875469,0.000379831866761055,0.000314449010601491
"2016-12-07",1.06042725444507e-05,5.38360864735068e-05,0.000298077999089747,0.000352234684082262,0.000661630527159136
"2016-12-08",0.0020135051628263,0.00227923079707818,0.000943420014405727,0.000460468642534488,3.16630458679233e-05
"2016-12-09",0.00407605241909254,0.00712239489282097,0.00909555057585385,0.00940074645581205,0.00791350112110228
"2016-12-12",0.0049195075432344,0.00737231115563469,0.00867207617929645,0.00843361549607135,0.00622502791437641
"2016-12-13",0.00225826862963661,0.0039224977112921,0.00441600946270061,0.00389004858382365,0.00256782368563812
"2016-12-14",0.000235737599210823,0.00104497128580406,0.000865644527013867,0.00072088707536527,0.000130706783709729
"2016-12-15",0.00150415962226779,0.00281274020126916,0.00192363582656622,0.00136431192030412,0.000480302832916723
"2016-12-16",0.00487861749923059,0.00591942685661886,0.00366368160467267,0.00363315376935207,0.00195123970891083
"2016-12-19",0.00385431941579572,0.00421287503765898,0.00248525049321408,0.00243406097765005,0.00150631958880494
"2016-12-20",0.00607761694206312,0.00639883397815798,0.0044133866255547,0.00442026018444948,0.0029685594635367
"2016-12-21",0.00599097587361966,0.00611007552807152,0.00386194957556562,0.00404790102974515,0.00209721425317304
"2016-12-22",0.00379171182906879,0.00376521290064483,0.00267110113441076,0.00219490137856973,0.000598155497412671
"2016-12-23",0.00767131860643865,0.00761539661026765,0.00600028912680938,0.00634677235863141,0.00347075718525788
"2016-12-27",0.00641171986243522,0.00698999047133948,0.0057171345257349,0.0046908388098595,0.00265790177818527
"2016-12-28",0.00333677926789535,0.00351559948032888,0.0032210189479971,0.00403627718985343,0.0024914600808733
"2016-12-29",0.00332686815658972,0.00341659295910968,0.00354224619503507,0.00459395678177491,0.00208461123141518
"2016-12-30",0.000744635147556762,0.000915772033106364,0.000824560612619477,0.0011944197338324,0.00024971795663615
"2017-01-03",0.000682066221675979,0.000863663400691418,0.000702069903608953,0.000933681254480707,9.8023774495767e-05
"2017-01-04",0.00381743359571152,0.0040022479143757,0.00331133808938263,0.00397974970111605,0.00134622146086351
"2017-01-05",0.00375824889983102,0.0041410349289515,0.00309962083421082,0.00288020684766016,0.000580985531542717
"2017-01-06",0.00316541939784135,0.00331851752614533,0.002885748908695,0.00300055874274095,0.00088099623173033
"2017-01-09",0.00273834490822264,0.00267300607878581,0.00271006802424381,0.00268050444751525,0.000522063322620193
"2017-01-10",0.00262583115935954,0.0023313106791829,0.00256905019756325,0.00314758744044309,0.00119671791364871
"2017-01-11",0.00286924654426065,0.00268731747226845,0.0030049775962164,0.0030928633166089,0.000808624888518031
"2017-01-12",0.00179990280485294,0.00165981451702979,0.00191892142702181,0.00196208110208321,0.000221091392863545
"2017-01-13",0.00690397971085501,0.00678905069052251,0.00749434239180743,0.00549157767685321,0.00216063044473554
"2017-01-17",0.00328056709586547,0.0032131968295319,0.00350323565439185,0.0025358274286584,0.000591766933389982
"2017-01-18",0.00418859880450387,0.00408784326111103,0.00407247392099815,0.00347467102784256,0.00123405450672778
"2017-01-19",0.00282069308783148,0.00286590271718776,0.00249715425685363,0.0020205634024727,0.000354835309365906
"2017-01-20",0.00387137694992064,0.0038025917462314,0.00317584119492498,0.00270829016502808,0.000743119150368665
"2017-01-23",0.00336811098671746,0.00324944293403327,0.0027003619990706,0.0014873940644816,0.000328335207580357
"2017-01-24",0.0070648398897005,0.00688505150033393,0.00657485230536386,0.00560857946410986,0.00280341773940385
"2017-01-25",0.0040363877681182,0.00386824841382664,0.00379046408655332,0.00294349052566038,0.00149687029160472
"2017-01-26",0.0024205135975368,0.00224610953206929,0.00208129479037343,0.0012284732292526,0.000473954881282301
"2017-01-27",0.00473346298603491,0.00468539391012046,0.00436468176785213,0.00386532782841162,0.00254889424713922
"2017-01-30",0.00219387111924842,0.00213290371053461,0.00201893443829465,0.00145038993615657,0.000998345649374838
"2017-01-31",0.00306421710779417,0.00291439982913072,0.00317755455941481,0.00226214268206876,0.00230903070107424
"2017-02-01",0.000873626879742017,0.00087690201691884,0.000470670824453587,0.000932937870133107,0.00082485410121478
"2017-02-02",0.000958222808651189,0.000953737638516079,0.00165636759642874,0.00125866287799503,0.00123888942567664
"2017-02-03",0.00414001348732783,0.0042131659629814,0.00513751116669906,0.00496058053187801,0.00480391914878452
"2017-02-06",0.00464919823028052,0.00468508685058148,0.00514904006572626,0.00471306671372806,0.00440691865920363
"2017-02-07",0.00354087802798917,0.00353417231414093,0.0033245827772978,0.00306447789555888,0.00285774388523223
"2017-02-08",0.00521027064284605,0.00509920800591077,0.00428870667233403,0.00339622823858417,0.0028271530901002
"2017-02-09",0.00479005541232926,0.00500842146019811,0.0040745905173405,0.0032577606048131,0.0019175136806054
"2017-02-10",0.00436771698292719,0.00460820910089085,0.0041227572446078,0.0036320579002213,0.00188650135147426
"2017-02-13",0.00587732002435255,0.00606309008024225,0.00568491516315943,0.00509314108212943,0.00378140725222536
"2017-02-14",0.00355483289196099,0.00404496289807762,0.00387950368298696,0.00330160917763531,0.00194081299656991
"2017-02-15",0.00182513311357162,0.00202084821248311,0.00222571796403549,0.00184104296547729,0.000882951170251199
"2017-02-16",0.00178407064505222,0.0018684760540436,0.00196914457161634,0.00214283045901686,0.000977081906292309
"2017-02-17",0.00441474829950787,0.00468117894919342,0.00486505296465164,0.00531084797181487,0.00374824789788373
"2017-02-21",0.00443775634630738,0.00465975591893837,0.00536756289694503,0.00451624602737352,0.00379029297549358
"2017-02-22",0.00407891189404069,0.0044373006237205,0.0042879266312038,0.00467320172155967,0.00356289433312481
"2017-02-23",0.0019746682588834,0.00202874006519813,0.00192514079302663,0.00271993430312709,0.00185176770124849
"2017-02-24",0.00203783682890857,0.00210141017235272,0.00161021652739381,0.00216186921124068,0.0012299407352708
"2017-02-27",0.00208354180745866,0.00232012018399438,0.00161818767532155,0.000403545981141042,0.000151587904697813
"2017-02-28",0.00338327361490496,0.00383553789558365,0.00268930814085021,0.00273647757738018,0.00272096927596949
"2017-03-01",0.00249665656931944,0.00275796575635171,0.00191769049827674,0.00251151779861279,0.00219684149059247
"2017-03-02",0.00252131133771483,0.0022435890305647,0.00204362596134356,0.00324813622877987,0.0037124891731777
"2017-03-03",0.00359583775134417,0.00379421859553075,0.00246322019117595,0.00442906430971162,0.00612721223816556
"2017-03-06",0.00406776072596459,0.00534928459298589,0.00293925730748523,0.00438934642864151,0.00491721324208597
"2017-03-07",0.00277112041449759,0.00299434169707828,0.0015986526792504,0.001584154954928,0.00233464302896251
"2017-03-08",0.0019072362419672,0.00192752838125265,0.00065310497228136,0.000506652309371696,0.00107182548944593
"2017-03-09",2.8048935952379e-05,3.5170710792522e-05,0.000312615541975476,0.000494388961948632,0.000127347949092783
"2017-03-10",0.00197749347798157,0.0019409225678139,0.00182096709049052,0.00163534919126157,0.00343476336603121
"2017-03-13",0.00274081701924588,0.00246837514655141,0.0016252676171393,0.00192819398093034,0.00463166394699796
"2017-03-14",0.00408320788474083,0.00414863322296955,0.00322665391472907,0.00384202289468299,0.00664747738662625
"2017-03-15",0.00259628938627568,0.00254948770594518,0.0019481454299332,0.00198383455102552,0.00341420470645058
"2017-03-16",0.00326432626947345,0.00304734554880712,0.00271004203927535,0.00274440400295767,0.00455111259060697
"2017-03-17",0.00524581021821523,0.00517255436960799,0.00550159592856302,0.00514459822865746,0.00713617531179885
"2017-03-20",0.0046500803955998,0.004385492528825,0.00515713750412933,0.00459943109947768,0.00606376696657645
"2017-03-21",0.000231658509366988,0.000264178859163126,0.000106502440587438,0.000201919842023323,1.14577387223886e-05
"2017-03-22",2.56065257898681e-05,3.18641804206429e-05,8.51856004381254e-07,3.15784693019187e-05,2.00663228051381e-05
"2017-03-23",0.000311619208293251,0.000311007898378097,0.000340196023546483,0.000277743491293335,0.000644079835656881
"2017-03-24",0.000785889356016484,0.000762059954131391,0.000639678145312395,0.000665595888501756,0.00114905255086655
"2017-03-27",0.000197427604424271,0.000167743169560241,0.000102461614365047,0.000124322389043052,0.000340862686448392
"2017-03-28",0.000988839445299696,0.00101835076557826,0.000674256634399685,0.000810839944218087,0.00094724610505396
"2017-03-29",0.00194582175775358,0.00181065157830302,0.00168498191452368,0.00220768284729686,0.00183648364019162
"2017-03-30",0.00253399877741357,0.0022341880892769,0.00221133202673508,0.00323092946197094,0.0031392894511557
"2017-03-31",0.00212571887718071,0.00179788569694072,0.00150665067370167,0.00267303076388525,0.00223544701319125
"2017-04-03",0.00102363607740173,0.000879461952429415,0.00069400537340431,0.00141175798499105,0.00109251823533791
"2017-04-04",0.00218325777581223,0.00198421131828489,0.00157430818840423,0.00271064771846391,0.00177724882784174
"2017-04-05",0.000422004460765371,0.000306889794591406,0.000175454595115036,0.000461308607885905,7.87756354213119e-05
"2017-04-06",0.000583667126926612,0.000342244393873703,0.000337072326516909,0.000552120926360441,0.000122113639578606
"2017-04-07",0.00186892585741181,0.00155148714978312,0.00173961892355639,0.00249988188697788,0.0011390210049833
"2017-04-10",0.00257876780608006,0.00213918450860425,0.00252126842701038,0.00384044604566337,0.00210451750188644
"2017-04-11",0.00200716512940754,0.00229334550675436,0.0018020761283251,0.000932846611416222,0.00228324240972987
"2017-04-12",3.46669676876936e-05,1.10005900217356e-05,3.76834270205344e-05,0.000241071988579768,8.64559413094633e-08
"2017-04-13",0.00123886032269268,0.000959586808771673,0.000985028054049013,0.00213668423753296,0.000540270753565559
"2017-04-17",0.00154433319271205,0.00119702716894248,0.00127278649336023,0.00235562908051182,0.000637349217226312
"2017-04-18",0.00117865736087347,0.000975651917439596,0.000964378432692984,0.00188792955286688,0.000474928358601688
"2017-04-19",0.0030405596551308,0.00287494728054342,0.00307607795796413,0.0038184623095859,0.00160285874745239
"2017-04-20",0.00247978458728667,0.00219629544136667,0.00227963301609804,0.00253935293548313,0.00076520243343271
"2017-04-21",0.00330025516074365,0.00289185597503899,0.00256311082551381,0.00208230309813518,0.000846924987011674
"2017-04-24",0.00479914163857296,0.00422794836386177,0.00347714641001282,0.00383538764103129,0.00170932786734195
"2017-04-25",0.00642144146815884,0.0060655610356074,0.00556965924084613,0.00577190669300606,0.00366754757012622
"2017-04-26",0.00170875616102299,0.00142918005113631,0.00135569283831605,0.00164335559883948,0.000455975164529016
"2017-04-27",0.00375061243019454,0.003344761982962,0.00335823522115691,0.00389274159086972,0.00191728390799868
"2017-04-28",0.00267040582167878,0.0023105623793199,0.002372706943673,0.00231354992501352,0.000600896721285068
"2017-05-01",0.00148658468494105,0.00118763277131711,0.00161879983144639,0.0015698891360951,0.000280441460639323
"2017-05-02",0.000693126364137227,0.000562400626205009,0.000794457353828931,0.000423868361548274,4.60260216296983e-05
"2017-05-03",0.0013820894586647,0.00153305309272359,0.0010410061090867,0.00158565583550031,0.00433876749744085
"2017-05-04",0.0012820900986967,0.0014161724096237,0.00270031643789264,0.00211898135401357,0.000296197034820942
"2017-05-05",0.00317286617682777,0.00341185194645181,0.00628669159561313,0.00529404226995312,0.00189833214033745
"2017-05-08",4.89334928316754e-06,6.53317042335591e-06,0.000385118282603778,0.000245730037372345,0.000242796626147914
"2017-05-09",5.33206602767322e-06,6.03910564916307e-06,0.000446691423212255,0.000313069045705498,0.000188932413663142
"2017-05-10",0.001960161676586,0.00154287077639516,0.00442071206653182,0.00358356322739705,0.000976877314138259
"2017-05-11",0.00115726110238444,0.000900763742752523,0.00250684183386016,0.00184286708007042,0.000155172319276272
"2017-05-12",0.000490367185585544,0.000414900080756539,0.00110496258447113,0.00066025563390145,6.72029637143996e-05
"2017-05-15",0.00144150779010897,0.00137618961624554,0.00233834844328134,0.00222765591949757,0.000202542694903159
"2017-05-16",0.00155239705336291,0.00159377927587505,0.00237214156277463,0.00195555338503726,0.00013929933826877
"2017-05-17",0.0204461802798824,0.0208246350460998,0.0202261542729983,0.0209401970874984,0.03319624878792
"2017-05-18",0.000649691850751987,0.000653514837138165,0.000597052078466651,0.000615213172033427,0.0043060656368836
"2017-05-19",0.00010079894825921,3.76109862384109e-05,5.73564928919263e-05,2.92479747556716e-05,0.00124167223544766
"2017-05-22",0.000202362878966857,0.000181253399284892,0.000114836579561331,8.98216004551897e-05,0.000757140012607686
"2017-05-23",0.000540484522952631,0.000485535772591609,0.00032166513562214,0.000311220996930598,0.000294387821007675
"2017-05-24",0.00108553295281282,0.00107997179254119,0.00104561099052165,0.00106889189178475,3.88359343280328e-05
"2017-05-25",0.000974285946527229,0.00111669387775404,0.0010684145592231,0.00139261171895875,4.06391968845375e-06
"2017-05-26",0.00134966656596494,0.00213545537141673,0.00243238112276714,0.00228036917940023,4.01377735009271e-05
"2017-05-30",0.00199858953397323,0.00227354511982973,0.00328387818859789,0.00371906753260751,0.00102518353021955
"2017-05-31",0.000286260424233625,0.000271824975802245,0.000865703167957643,0.00126362369718648,7.52040833756522e-05
"2017-06-01",0.00258126739613477,0.00205228177376426,0.00389446372578522,0.0044812216903552,0.0024033228923728
"2017-06-02",0.00169501718448311,0.00154999728364618,0.00149266023500175,0.00132177829222257,0.0005780081276086
"2017-06-05",0.000748692251509901,0.0007066213364032,0.00020765382218921,0.00024101613325969,4.16868126622616e-06
"2017-06-06",0.000818636753272337,0.000572908640714577,0.000200399972524766,0.000220775182627291,8.37051026699366e-05
"2017-06-07",0.000719763695522367,0.000548724317343499,0.000221006793378642,0.000138369768761351,8.89317811109161e-05
"2017-06-08",0.000606615629306858,0.000464550320282723,5.5249719148161e-05,5.22557076359802e-05,3.4776026076474e-07
"2017-06-09",0.0308164870633741,0.0322948955780043,0.0311169116172344,0.0318593718598779,0.0369990594343432
"2017-06-12",0.0737785208795913,0.0760905918559152,0.0709968448197683,0.0718947885114262,0.075717776776038
"2017-06-13",0.00100113835423696,0.00113033466735885,0.000808725393550817,0.000883968450581393,0.00222058176393839
"2017-06-14",0.00243148033854544,0.00278704325168787,0.00236829973502586,0.00227340516298251,0.00544127244793011
"2017-06-15",0.000205658236799946,0.000654066862998689,0.000122174674641008,0.00024899475878494,0.00087735991364591
"2017-06-16",0.000247604417939134,0.000154054201437896,0.000487002327393076,0.000121024712392214,3.76467692668521e-05
"2017-06-19",0.00038370166188573,0.000171587663770273,0.000298440045995191,0.000254519051798016,1.35396270472455e-05
"2017-06-20",0.000583688801555493,0.000244353320708738,0.000285993300282835,0.000126141194292539,2.87278325047475e-05
"2017-06-21",0.000414292377766322,0.000224723480376096,0.000142200795470044,1.20954674464994e-06,0.000210620481455729
"2017-06-22",0.000740377898439803,0.000371044467744522,2.12835304247715e-05,7.77699785260312e-06,0.000403046658109362
"2017-06-23",0.00104024817823032,0.000770941223542771,0.000139891991456816,5.12457373143298e-05,0.000327766969059695
"2017-06-26",0.000182946423516724,0.000382101281332454,0.00110499679976773,0.00162862423227922,0.00472409125525575
"2017-06-27",0.00210792833149534,0.00281451261527365,0.00445997714355613,0.00478985102003755,0.0102075461261963
"2017-06-28",0.000310090178572794,0.000557167633527104,0.00122627657444426,0.00200417327863655,0.00711057372765659
"2017-06-29",0.00692977891409617,0.00836984795213246,0.0100555875064375,0.011086802174298,0.0211280481193097
"2017-06-30",0.000154204680334102,0.000443977296336907,0.000899202404402564,0.00101404904205524,0.00527699004064435
"2017-07-03",0.000118591541667524,3.64673505492414e-07,7.09990198026666e-05,0.000227378452457903,0.0023983281233634
"2017-07-05",5.20179750006802e-09,5.34314809943522e-05,0.000239638401918938,0.000390370767057047,0.00247870137928011
"2017-07-06",0.000165492465712829,0.000386378400067863,0.000808661441845864,0.00126798793608777,0.00432001591156931
"2017-07-07",0.000430690878913623,0.000206442098968985,6.61263040082949e-05,2.02682718730849e-05,0.000798421585103958
"2017-07-10",0.00319639001217245,0.00617157531935713,0.0093038054447836,0.0117202700923913,0.00385931582659298
"2017-07-11",0.00735023620389581,0.00663987821600126,0.0166870257180932,0.00946896910835981,0.00569445822732522
"2017-07-12",0.0039200581836565,0.00331846152502596,0.0104617979994475,0.00788593244777789,0.0039931448571365
"2017-07-13",0.00437781695160087,0.0037726083032086,0.0116966998548018,0.00913723293700957,0.00416692276391483
"2017-07-14",0.00917420072092205,0.00827355724733684,0.0200569208179449,0.0148567884679619,0.00860478580228577
"2017-07-17",0.00269080670643563,0.00327229337897226,0.00557150315461537,0.00587200495925699,0.0021726937315916
"2017-07-18",0.00402095773624668,0.00521181050798652,0.00902494119191077,0.010229156766502,0.00358053491177992
"2017-07-19",0.00332831412942181,0.00303938686916849,0.00756137815692319,0.00652446071403865,0.00153597023129412
"2017-07-20",0.00170129404806537,0.00119793579024278,0.00435117444931764,0.00275001560481353,0.000279948474010557
"2017-07-21",0.00155814188948146,0.00126017544493142,0.00383012270269543,0.00272702888343541,0.000165479316774391
"2017-07-24",0.00215495644458399,0.0018358546220682,0.00347006724344286,0.00242529368330804,0.000290188657974914
"2017-07-25",0.00171580575304286,0.00166040796668635,0.0013647604142962,0.000760155457420948,3.73658949313223e-06
"2017-07-26",0.00325390397390224,0.0037414438843095,0.0028549775760046,0.00198043640629217,0.000241860411119275
"2017-07-27",0.0138025313172724,0.0128659778001408,0.0131110153288412,0.0172216486247507,0.0242664534919211
"2017-07-28",0.00080011540610834,0.000961349859205801,0.0012613438908453,0.000440760324029836,1.54827307895075e-06
"2017-07-31",0.000783039837539047,0.00081371409930449,0.00126135017094113,0.000722533995353993,5.48154721840714e-05
"2017-08-01",0.00167993846362954,0.00187442219201106,0.00289299865047319,0.00203816647491176,0.000543487839252005
"2017-08-02",0.00655346696416717,0.0061442587839395,0.00477267333603134,0.00595985126391892,0.0106147437515887
"2017-08-03",0.000141918865652039,0.000230420430961186,0.000493175173968792,0.000345042826101903,0.000268141542133743
"2017-08-04",0.000221786411139731,0.000215177740904467,0.000512717387178404,0.000385476275380815,0.000157189336502381
"2017-08-07",0.0027699227191361,0.00279879620602607,0.00362650802616589,0.0030038164758737,0.000618465755659597
"2017-08-08",3.16533288361251e-05,1.84392918579899e-05,1.25647312560471e-06,4.72971369337963e-05,0.00153510386869251
"2017-08-09",3.12383112924092e-05,3.14294373819831e-05,2.38687632111549e-07,8.48696308860107e-05,0.00167442041875085
"2017-08-10",0.00404756895336765,0.00386924225699619,0.00324833449456468,0.00444601387861997,0.00852743604017854
"2017-08-11",0.002210745937924,0.00206917015457838,0.001602200258898,0.00237061862840433,0.00553891721223278
"2017-08-14",0.000429640770364624,0.00049326881929334,0.000907674899575291,0.000601105895121787,7.84908891787096e-06
"2017-08-15",0.000219489541913079,0.00033269667598248,0.000662704355640584,0.000345269691812616,8.88600258060115e-05
"2017-08-16",9.46712860790759e-05,8.82537122244277e-05,2.56960842169392e-05,8.0908385708679e-05,0.00114272638143618
"2017-08-17",0.00315872104806427,0.00325858139268135,0.0032182401744857,0.00356890630541656,0.00638526812401367
"2017-08-18",0.00114472961484409,0.00134575239536422,0.0012802198019334,0.00153103899009443,0.00326951356211302
"2017-08-21",0.00162492146538834,0.0016951399493912,0.00148968874436528,0.00185335312328919,0.00341891162512022
"2017-08-22",0.0004354899039474,0.000366770626711825,0.000576838147144576,0.000224251108648431,1.14835133944373e-05
"2017-08-23",8.40771779660513e-05,0.000114951372787496,0.000116672814474654,4.35773790412665e-05,8.03731477033898e-05
"2017-08-24",1.14378868447166e-07,1.92418585291989e-05,9.40409681918194e-05,0.000170171688881335,0.000814475082899709
"2017-08-25",0.000385567908232737,0.000197614004185251,0.000302890372479925,0.000162104536549177,6.20265544268824e-06
"2017-08-28",0.000616078638539432,0.000253379917045566,0.000283682021440504,0.000121814868242734,3.01646358816487e-05
"2017-08-29",1.04080667456856e-06,9.18360402345329e-05,5.34575607105596e-05,0.000288636774239865,0.00081207230700939
"2017-08-30",0.000920782013739306,0.000481811407116842,0.000746068904993057,0.000231018302825426,3.61020093008138e-05
"2017-08-31",0.00161710935573438,0.00119999375215747,0.00151670796593215,0.0010254421700032,0.000567565218910982
"2017-09-01",0.00261301232997023,0.00267215756858571,0.00312708605324243,0.0029625375939814,0.00232454802127746
"2017-09-05",0.00174841158406524,0.00152263284656606,0.00134731187661536,0.00139545030025024,0.00198959817909773
"2017-09-06",0.000178696073875324,0.000391499766630195,0.00045844202511156,0.000408547043736221,0.000185162432408671
"2017-09-07",0.000150390485039399,5.85186465378989e-05,4.04965562882669e-05,4.54988061437025e-05,0.0002708701013129
"2017-09-08",0.000570620214674968,0.000833912373050717,0.000885150766950562,0.000899251703194932,0.000363751808658777
"2017-09-11",0.000677723945343505,0.00101921950675806,0.00109526608080557,0.00108377700571569,0.000450452808596989
"2017-09-12",0.0225034467618321,0.0202999383833134,0.0199435717588181,0.0200143172855046,0.0233300150455795
"2017-09-13",0.00016633913791003,4.48089468572477e-05,3.63377920225566e-05,3.2819040793257e-05,0.000328017556834584
"2017-09-14",0.00250810551137565,0.00311689211256759,0.00314999223450348,0.00312757304725176,0.00172215332039431
"2017-09-15",0.00109675990289914,0.0017934543608021,0.00170527785447456,0.00170669138401084,0.000655811507419247
"2017-09-18",0.00122056055269713,0.00189517250736045,0.00189130828171705,0.00214150780647796,0.000948223029992395
"2017-09-19",0.000786318877115741,0.00137961976020643,0.00136533506137935,0.00153491759594397,0.000426672558487932
"2017-09-20",0.00472238665586778,0.00357189552427261,0.00358267831809191,0.00325446564789932,0.00606075818543008
"2017-09-21",0.00048361724938865,0.000155403556606226,0.000163567627751325,6.94712848762685e-05,0.000793780909835547
"2017-09-22",0.00146380108155562,0.00105639994326566,0.00109448476085131,0.000763052795148322,0.00223272828357599
"2017-09-25",0.0044699007322947,0.00405666289642248,0.00397189936114597,0.00321375682500789,0.00565105557127222
"2017-09-26",0.000645918546379538,0.000658687051539817,0.000518632210775074,0.00027549133940115,0.00136893916551853
"2017-09-27",0.00025705387433519,0.000169745174775011,0.000221522752546924,0.000364280400004418,7.01643212074303e-06
"2017-09-28",0.000384496722066439,0.000281489813171919,0.000357395180400471,0.00051925969127957,4.35301946833946e-07
"2017-09-29",1.56206117566167e-05,4.6732416395366e-06,1.64827622659167e-05,6.06396721918791e-05,0.000180401285109911
"2017-10-02",4.90354111736341e-05,5.70653922166122e-05,8.05807994525107e-05,0.000161856502249541,3.98745169710734e-05
"2017-10-03",0.00153484571596453,0.00183944039296977,0.00187985715047832,0.00223750426969986,0.000670769999825906
"2017-10-04",0.000196989137845052,0.000336913233855412,0.000359284305578535,0.000577331829175781,7.53789993468508e-06
"2017-10-05",0.00150408426068079,0.00207776728462217,0.00207182615042397,0.00257748251920102,0.000794939863529417
"2017-10-06",0.00286357215671883,0.00385880862310344,0.00385674357532682,0.00455586118133984,0.00222378079680201
"2017-10-09",0.00102359956968022,0.0018901106011819,0.00183085676359881,0.00228877471175613,0.000824059746469678
"2017-10-10",0.00330299267826483,0.00670234172270118,0.00645732234434563,0.006952939210443,0.00384407565405303
"2017-10-11",0.00346024509569527,0.00790099639908205,0.00778154174217535,0.00823978318900651,0.00501183271889295
"2017-10-12",0.00113274459672683,0.00352309091361468,0.00355728997967957,0.00383518782002094,0.00161021770011024
"2017-10-13",0.00295360187683871,0.00606465967872706,0.00610293503287485,0.00636282417406288,0.00343743329122037
"2017-10-16",0.00177278853726614,0.00379975233966479,0.00388061263172713,0.00397818704223841,0.00151630541568403
"2017-10-17",0.00166666703891181,0.00170916943940275,0.00180503143674659,0.00200521846535034,0.000301459983882271
"2017-10-18",0.00331603113638114,0.00357867752089807,0.00365986534228143,0.00400293905661138,0.0012754022788434
"2017-10-19",0.000158844279267515,3.38590123940354e-05,2.41266666051096e-05,5.4196132620478e-06,0.000820951527076121
"2017-10-20",0.00259543729284075,0.00430956639945185,0.00440117218837373,0.00479579927503697,0.00203534306893053
"2017-10-23",0.000837194984222135,0.00223474085793553,0.00216259105029253,0.00248415981195931,0.000551118480906706
"2017-10-24",0.00284339627741823,0.00546155066364136,0.00515926777174862,0.00565787001959571,0.00239734671083171
"2017-10-25",3.49619686024264e-06,0.00029491418036797,0.000214854758699813,0.000336846760594277,3.93388458226974e-05
"2017-10-26",0.000732989554837647,0.00147012024426543,0.00128585180486014,0.00154753274653543,0.000156204254914277
"2017-10-27",0.000546280862830983,0.000265771568415236,0.000372028287826531,0.000244391264462577,0.00162779756822711
"2017-10-30",0.000597802003749836,0.00043827468104177,0.000598426577650866,0.000382884627589776,0.00190048619000505
"2017-10-31",7.50770233592306e-05,0.000105046608436197,5.30201006330428e-05,0.00016704224487595,0.000133227199814148
"2017-11-01",0.00122433161620508,0.00115038363085084,0.00134744837250301,0.000988629483897468,0.00301097302614729
"2017-11-02",0.00240347503465634,0.00224248683939655,0.00261284430916653,0.00215287622102294,0.0050558418249999
"2017-11-03",0.00666455688973643,0.00764923516121305,0.00824279154755986,0.00750518306776818,0.0124977688037668
"2017-11-06",4.68698542663854e-08,4.4491588961366e-05,0.000110947424497072,5.50564002981545e-05,0.00115072051112367
"2017-11-07",0.000145766592608679,0.000380865199934931,0.000517167757407109,0.000393991533691014,0.00229642841620311
"2017-11-08",0.000389570393986854,0.00013962935411246,7.8020658009872e-05,0.000154319106234734,0.000182203059798497
"2017-11-09",0.00171848320387896,0.00274423780227151,0.00307293813224711,0.00281603629069091,0.00570316610964102
"2017-11-10",0.00057996089386029,0.000271480137822529,0.000161570190243697,0.000194486286761184,2.83732228106479e-05
"2017-11-13",0.00141067168444296,0.00107055567430502,0.000795357497677401,0.000870831883069586,9.91693776994734e-05
"2017-11-14",0.000188123166425756,0.000190717472277329,0.000350955497929038,0.000305825035834035,0.00165934323097782
"2017-11-15",0.00101730659370025,0.000971017390613384,0.00131672563762786,0.00120341014560745,0.00350251166874552
"2017-11-16",0.00112703639536509,0.00131825915366857,0.000972534018292273,0.000924673858628347,1.63342423826457e-05
"2017-11-17",7.9958714126005e-06,3.07274569443421e-05,1.58379175082141e-08,1.73876264524269e-07,0.000536448714431524
"2017-11-20",0.002045585602335,0.00208312567929409,0.00161585326828638,0.00175898045610291,0.000344163746363394
"2017-11-21",0.000447579761555236,0.000358882178576095,0.000182904418039831,0.000271250437651078,3.74680029128669e-05
"2017-11-22",0.000202538904421786,7.51809791025827e-05,3.05754627335965e-05,4.3606509414527e-05,0.000261581689377951
"2017-11-24",0.00339648889407227,0.00251605009003969,0.00238600399802837,0.00275912897187853,0.000856960646054707
"2017-11-27",0.00028583659295147,1.4530204805898e-07,7.00824223674434e-07,5.89409100313929e-05,6.86899388611086e-05
"2017-11-28",0.000134703733923519,6.95864326148544e-05,4.60738567820872e-05,6.8642469074481e-06,0.000606349759627342
"2017-11-29",0.00759261342272606,0.0109044872044256,0.0102732793686282,0.00932199891855902,0.0143032499728322
"2017-11-30",0.00239499083757737,0.00391691551672284,0.00363115122166324,0.00298951007866352,0.00650287870186628
"2017-12-01",0.0159192703282165,0.0180516727003333,0.0181838170964741,0.0178318018739234,0.025175735582057
"2017-12-04",0.00313051261942392,0.00262611972309584,0.00262939107302358,0.00277796297827983,0.00551163593576693
"2017-12-05",0.00118450309583633,0.000469387830382191,0.000445683426031489,0.000455976922747444,0.00146808831311408
"2017-12-06",0.00204336607530468,0.000909774233394561,0.000875444093204037,0.00102021799482971,0.00268779322641966
"2017-12-07",0.000475917428446217,6.20673940240543e-05,3.91130114680155e-05,8.17888291793166e-05,0.000960046689357056
"2017-12-08",0.000467032243058465,0.00121708354978564,0.00128162085042833,0.00122283711226885,0.000208653446729127
"2017-12-11",4.79101401096526e-05,1.80455278123676e-07,6.089729579431e-06,1.0550649582565e-05,0.000248974188667719
"2017-12-12",0.000267811736343572,0.000421733722555616,0.000526926312617693,0.000612507232674273,4.89911222039431e-05
"2017-12-13",8.29249241277315e-06,2.75637363849415e-05,6.77790149797335e-05,0.000138347310707907,4.3091976575218e-05
"2017-12-14",3.85431766811572e-05,8.97546744978329e-05,0.000163714354804888,0.00023467031468543,2.05527513972376e-05
"2017-12-15",8.17770552356829e-05,0.000163116964360133,0.000270744949633604,0.000233849042311172,1.01287422504857e-06
"2017-12-18",0.000602448142464856,0.000964167364886386,0.0011636267785626,0.00117521082935103,0.000329958098088039
"2017-12-19",3.27469933113496e-05,0.000162631815306929,0.00023806099260455,0.000215269148892005,2.42542129629396e-06
"2017-12-20",1.59379967855378e-05,0.000195293588053892,0.000243901355094623,0.000164537215920385,8.31563103497161e-06
"2017-12-21",0.000405419113504358,0.000971438670368275,0.00106753799612585,0.000837450127929037,0.000207754602157868
"2017-12-22",0.000759698823186472,0.00128638072777334,0.00148656255712796,0.00132020358397379,0.000531103907875925
"2017-12-26",0.000634643958154346,0.00068424639445914,0.000434184085329112,0.000637242823756709,0.00178399853088943
"2017-12-27",0.00101117046990395,0.000806761096504006,0.00123047017440998,0.00115801257703502,0.000393786111338474
"2017-12-28",0.00334958968039848,0.00146430659722812,0.00211511012000992,0.00165049862401738,0.000375200012664061
"2017-12-29",0.00245820852457237,0.000751212440493143,0.00123764944465647,0.0011317864331999,0.000288741978379118
"2018-01-02",0.00262824206721028,0.00109843200802513,0.00156660671559997,0.00140673191541619,0.000463385988852997
"2018-01-03",0.00170188508665441,0.00049491781683412,0.000816703062299516,0.000781323628091609,0.000123694189088226
"2018-01-04",0.00207116489788825,0.000485092854058784,0.00100470287102198,0.00076984066492672,5.46696713874908e-05
"2018-01-05",0.00349537563882936,0.00236245522327415,0.00317523193025417,0.00321790861340676,0.00147934160649239
"2018-01-08",0.00247970170240518,0.00177770220464246,0.00248842164459083,0.0023933541862431,0.00088346970693271
"2018-01-09",0.000828867203875018,0.000523479085580964,0.000951256181677686,0.000935526178889733,0.000261652435309422
"2018-01-10",0.000785317239490599,0.000807431185701955,0.00114723718776648,0.00111571005527977,0.00060594357807899
"2018-01-11",0.00222723234880521,0.00278338496216634,0.00351874577751367,0.00337424430914988,0.00231469709743033
"2018-01-12",0.0021725406644802,0.00282986060398359,0.00352754820035006,0.00329470279494611,0.00225957691326474
"2018-01-16",0.000432226348401313,0.000180224185514547,6.21791937275146e-05,0.000102104054192671,0.000288160830412602
"2018-01-17",0.00105179901937791,0.000659763262976793,0.000509286624777688,0.000666089677867517,0.00082135279807111
"2018-01-18",0.000222016656123225,0.000107827225357611,4.46016909179982e-05,9.38313483768418e-05,0.000211412669785167
"2018-01-19",2.03245600295017e-06,2.39415304316911e-05,6.46023146506967e-05,4.02211332614738e-05,3.23774711317909e-06
"2018-01-22",0.000628175331001854,0.000806814906307066,0.00105065687295157,0.00101824363068938,0.000753395765375731
"2018-01-23",0.000686425565707468,0.000556431014135561,0.000416870366109473,0.000415681137032954,0.000597842105932284
"2018-01-24",0.00403941716799872,0.003690331605283,0.00321537804727004,0.00315029950298299,0.0033340584933458
"2018-01-25",0.00162861145598609,0.00127672924296716,0.00120111657662487,0.0011679131208688,0.00117934708718656
"2018-01-26",4.02495801694973e-07,6.11504763606593e-05,0.000105943522132602,0.000114590105153498,0.000131626395206178
"2018-01-29",0.00724371474288991,0.006073235445601,0.00617329139063153,0.00627552569518545,0.0058710520189062
"2018-01-30",0.0100549010268177,0.00856415965017822,0.00887268423616717,0.00892092134403589,0.00857047945590089
"2018-01-31",0.000867669969188098,0.000565241608132947,0.000685077097456643,0.000825409345683455,0.000731240103462073
"2018-02-01",0.00195929596856804,0.00165927248167495,0.00190351943576365,0.00202266749037426,0.00198958922653343
"2018-02-02",0.021629499151125,0.0208458873555776,0.0216217523337002,0.021708799751471,0.0215269220578985
"2018-02-05",0.129917802937581,0.128971264055976,0.131118078601958,0.131509313992207,0.131607644575729
"2018-02-06",0.262800284451043,0.263968703100922,0.266942618406544,0.265206566677615,0.264245199566281
"2018-02-07",0.027751355565267,0.0286940332445413,0.0300484873891008,0.0301297998026205,0.0298887770785956
"2018-02-08",0.0496669562620975,0.0516099084266805,0.0535470872658985,0.0537114296380592,0.0539760508151213
"2018-02-09",0.151454701339457,0.155149539406449,0.157533919015864,0.157093766899001,0.158393154412372
"2018-02-12",0.0274722363445261,0.0297009726886629,0.0295627757505676,0.0288112032104479,0.0293944949949798
"2018-02-13",0.0076675934869186,0.00948611442900352,0.00998793612657004,0.0090328387834235,0.00961350968829005
"2018-02-14",0.0053845447324449,0.00686433244201172,0.00703119747513367,0.00598009611798918,0.00619645783997589
"2018-02-15",0.00619916264132302,0.00755272278893077,0.00752592826572097,0.00644503825386206,0.00642857547951087
"2018-02-16",0.00591186413776642,0.00723337375371553,0.00719957191918624,0.00586449502331603,0.00570124022915329
"2018-02-20",0.00504628709153007,0.0060486998286503,0.0064250245382005,0.00511943517919975,0.00487405535459052
"2018-02-21",0.0054737138182142,0.00586922780982658,0.00606582151733611,0.00477270756707671,0.0042867811951584
"2018-02-22",0.00432718123888557,0.00484659481597168,0.00476352288636055,0.00339712653909368,0.00301754318049434
"2018-02-23",2.09543410421557e-05,8.41583861396168e-07,2.60456485488952e-06,0.000133624400013051,0.000175540757298142
"2018-02-26",3.77099062981841e-05,8.24962378640412e-05,7.48316926729991e-05,3.29803451883866e-08,7.93297846884824e-06
"2018-02-27",0.00309530703862134,0.00319896735072129,0.00333041184144717,0.0024237608742597,0.00227587217067433
"2018-02-28",0.000788322791620841,0.000804751270767628,0.000748130324710658,0.000346287638604398,0.000411168655061749
"2018-03-01",0.034001912423524,0.0330609217104055,0.0321049761597507,0.0291806145377517,0.0306984123328624
"2018-03-02",0.0159846891147052,0.0179392938214451,0.0170436310327285,0.0139976847936284,0.0157593088580542
"2018-03-05",0.00283929487577697,0.0049256167844495,0.00474409644221772,0.00316466531572083,0.00460327321532507
"2018-03-06",0.00167094163602735,0.00935526269485124,0.00946758943695773,0.00469405570169415,0.00665964253137439
"2018-03-07",0.00121206071051218,0.00662571554591919,0.00609074166106777,0.00630307089304131,0.0111614424808779
"2018-03-08",5.16779678606926e-05,0.00145361489084633,0.00143144353026682,0.00069182326089413,0.00369432458431799
"2018-03-09",0.000443415229079073,0.000308972005505709,0.000290270999014627,4.61171395428302e-05,0.00195407843157846
"2018-03-12",0.000136390052511552,0.000451755254256152,0.000235878809848091,2.8006963531086e-06,0.00145265406738864
"2018-03-13",0.00139595240268307,0.00241884189009394,0.00133113452484097,0.000332506230491311,0.00317781565063538
"2018-03-14",0.000454803503904974,0.00141112102243084,0.000633761679338046,3.0572904793742e-05,0.000663661169031108
"2018-03-15",0.000803546000031835,0.000191231969503343,0.000833223251699619,0.00193497241093289,0.000920627339146881
"2018-03-16",0.00161173561814494,0.000927684763882681,0.00187613793583385,0.00383311420654699,0.0029862599182315
"2018-03-19",0.000944206334898567,0.000869075852123382,0.00018869318576654,2.87900104926414e-07,1.86030426043694e-06
"2018-03-20",0.00063131078657671,0.00084442320457036,0.00197346007221601,0.00398113556312845,0.00402741797359871
"2018-03-21",0.000875831965136508,0.000628466357028278,0.000109863866455349,2.95170511424574e-06,3.65339442473148e-06
"2018-03-22",0.00641899772371667,0.00558267380984155,0.00367962268832747,0.00237975283546449,0.00220210850321728
"2018-03-23",0.0104261559855155,0.00957528264751475,0.00710076897062131,0.00520001634405234,0.00476529667408281
"2018-03-26",0.00292967044021656,0.00256593190223143,0.00149298789604982,0.000617645209162356,0.000499198525866163
"2018-03-27",0.0210580250720923,0.0196488547414188,0.0165848579373559,0.0155597981515398,0.0148207633117659
"2018-03-28",0.0419353385176869,0.0396103788700455,0.0352187279627529,0.0339360347196074,0.032556620549185
"2018-03-29",0.00532397573070832,0.00408288394983866,0.0029201889499124,0.00357846118713037,0.00340933622391218
"2018-04-02",0.022228870272719,0.0197450402326354,0.0172262840963368,0.0194272707601317,0.0200375833229773
"2018-04-03",0.011142408865251,0.0102266141198212,0.00826743004971248,0.00845316640623053,0.00945104637909568
"2018-04-04",0.00939664270371088,0.00931867439294495,0.00759554648298839,0.00806339471767462,0.00890969684799758
"2018-04-05",0.00129379132834824,0.00129992450820279,0.000959591038290697,0.00154317204484674,0.00183388689584101
"2018-04-06",0.0158130231231326,0.0160559221696509,0.0174698339351384,0.0237900709590605,0.0247237926178498
"2018-04-09",0.00166098298952315,0.0016687173961133,0.00200090560123657,0.00409064236019519,0.0045168734740825
"2018-04-10",0.00314174833872708,0.00272736618520981,0.00312405737907353,0.00733362072984202,0.00827548227116646
"2018-04-11",0.00160100338500308,0.00109765420275021,0.00134226290801395,0.0046059050877769,0.00522871319871071
"2018-04-12",0.00020297730264674,0.000100285567073958,0.000263630525968563,0.00333225094632683,0.00357535835328833
"2018-04-13",0.000634198182060152,0.00047815465687602,0.000813364344757504,0.00449835321279223,0.00466198124609827
"2018-04-16",5.32920864794651e-05,6.10879684782014e-05,9.40850181720703e-10,0.00124763361249085,0.0013560732014398
"2018-04-17",0.00086167790642412,0.00113723777642442,0.000647028256003321,0.000250971187988918,0.000471492013181207
"2018-04-18",0.000197174395509673,0.000250292138275509,4.10461455488891e-05,0.000553009047170404,0.000932865196765525
"2018-04-19",0.000173324012575016,0.000237216166893408,0.000960992947351156,0.00416816623043171,0.00455855561040574
"2018-04-20",0.00429443228641501,0.00448265671342235,0.00777290855987676,0.0191224232725655,0.0195434725642703
"2018-04-23",0.000437464389712876,0.000372660004037664,0.00174033047748641,0.00901338072761515,0.00868638817411117
"2018-04-24",0.00609920695082481,0.00615364918054132,0.00957580939033634,0.0211729605367455,0.0216161354244166
"2018-04-25",0.00441854954948119,0.00395371505506265,0.00827696579628113,0.0225695155201438,0.0238142384054725
"2018-04-26",7.21166144324316e-05,0.000795088392422589,0.000100554684207406,0.0081425585512952,0.00897318660204585
"2018-04-27",0.00105294340453265,0.00128810338160608,0.00606422330566236,0.0185492567488027,0.0183955746273188
"2018-04-30",0.00369273343148054,0.00646714431865599,0.0158080482666498,0.0353332113755785,0.0336071663993692
"2018-05-01",0.00100299922047501,0.00265232193818009,0.0105203751690061,0.0233548564611538,0.0205986596393182
"2018-05-02",0.00415238486768222,0.00974037035273725,0.0234373199177166,0.0401846276101399,0.0352281246856118
"2018-05-03",0.00225925674108473,0.00589995010457761,0.0166871998138446,0.0303655813265512,0.0272189218114245
"2018-05-04",1.3105217311872e-05,0.000201818344544681,0.00395446221842638,0.0128094359631278,0.0110479892502003
"2018-05-07",0.000150854427927976,0.000775529861543503,0.00553350146171108,0.0140215597189761,0.0135348778969751
"2018-05-08",2.00616126342322e-05,8.28646214472686e-05,0.00275423596551786,0.00902471277296212,0.00958820464182205
"2018-05-09",0.0030417773934669,0.0033710813839132,0.000191550588981449,0.000544978947671665,0.00081004590412121
"2018-05-10",0.00343250942937349,0.00359909866661679,0.000152178509375763,0.000451707469759803,0.000764849122505757
"2018-05-11",0.00315167405148052,0.00360196050325685,5.63171346410567e-05,0.000650845603852218,0.000757891898157211
"2018-05-14",0.00631130444558508,0.00683690398749537,0.000865678475827891,2.26249724690354e-06,2.00430166617108e-05
"2018-05-15",0.000413157698056772,0.000503806761220921,0.000916168219178812,0.00312924414336876,0.00388510283137612
"2018-05-16",0.00541497072313462,0.00599939209701766,0.000775024132214955,1.4194756540124e-05,1.3149567335743e-07
"2018-05-17",0.0045010671723255,0.00461591847346133,0.000411506931145194,5.9852176782856e-06,8.94173729950302e-06
"2018-05-18",0.00368165094675633,0.00346425483332455,0.000277449340542167,6.9178687655786e-05,7.34211740804454e-05
"2018-05-21",0.00528200034189634,0.00578199290627356,0.00165292595604692,0.00031638071187873,0.000423898593901857
"2018-05-22",0.00532169231086,0.00664232780170325,0.00253653460033472,0.000448329891169353,0.000545864491390871
"2018-05-23",0.00247138118920961,0.00316842964416261,0.000701987620354807,4.74956078624774e-05,0.000208240974637296
"2018-05-24",0.00128061097337836,0.00074966016765204,0.000101270608139986,6.27173429516223e-06,2.91227726425593e-05
"2018-05-25",0.00508261511873371,0.00397071110512305,0.00213400569339645,0.00123709690927317,0.00271288015644338
"2018-05-29",0.000423706213464566,4.44536085976815e-06,0.000270613924465595,0.00067254301718464,0.000915494230464331
"2018-05-30",0.00463884831073689,0.00258235627624977,0.00162807023478231,0.000765850066700657,0.000402538335472202
"2018-05-31",0.00195684628601018,0.0011413411444828,0.000832549301628495,0.000125924209350904,3.30647557700216e-05
"2018-06-01",0.0056666327193341,0.00539792701105741,0.00512907339838763,0.0027051824598677,0.00170482417884159
"2018-06-04",0.0026204784488364,0.00283847607559395,0.00280638503799395,0.00181021123558713,0.00173545251767576
"2018-06-05",0.00361189337965442,0.00396073087224965,0.0040145971541903,0.00305529198457557,0.00288573332986978
"2018-06-06",0.00407829744352984,0.00499367118037342,0.00516782408826534,0.00381484484774701,0.00402316908008901
"2018-06-07",0.00117935564861674,0.00161042374828398,0.00156111028016877,0.000884933054727049,0.000811218174838031
"2018-06-08",0.000754720468910865,0.00104708941175609,0.000976568924606885,0.000437485434196882,0.000278582728624089
"2018-06-11",0.00358946206536731,0.00406317292200606,0.00390532045997501,0.00273125543783504,0.00225603909174334
"2018-06-12",0.00408482703448692,0.00442109478770508,0.00422332977313844,0.00300957081197144,0.0026613242786548
"2018-06-13",0.00125842818701949,0.00145920633505531,0.00131602009840926,0.000680745939630818,0.000724734040187437
"2018-06-14",0.00226867254923155,0.00245049751548906,0.00235328449045701,0.00194600079294759,0.00182697090802939
"2018-06-15",0.000552885785944081,0.0005638322689975,0.000500539605388447,0.000235244666297548,0.000230480743445983
"2018-06-18",0.00140397888096815,0.00136443645820326,0.00119372435699426,0.000738793198349288,0.000797646473456268
"2018-06-19",2.59743434252827e-05,1.65876199367575e-05,4.83720284432993e-06,5.91328686448567e-05,4.70699003750754e-05
"2018-06-20",0.000979492485983333,0.000904837155790679,0.000760545976471258,0.000397358898068013,0.000817827515535752
"2018-06-21",2.00034760314896e-05,1.72516083692786e-05,8.29622095673953e-07,7.32589735323861e-05,4.79386551670412e-07
"2018-06-22",0.00142292918512126,0.00146635236449313,0.00112213661733926,0.000817138076122917,0.00157517558453998
"2018-06-25",0.00301624021112966,0.00285393708947776,0.00352663934215373,0.00388468164872106,0.00257608241622138
"2018-06-26",0.000368042787090325,0.000268016709463273,0.000414045107331743,0.00108793211009046,0.000630313193783505
"2018-06-27",0.00125636504263437,0.00108354907666776,0.00152029794057009,0.00244368763537164,0.00217433185953068
"2018-06-28",0.00079540182757397,0.000629114600737163,0.000955565151750899,0.00220976090582463,0.00213804152912508
"2018-06-29",0.00647499614279384,0.00601929313242498,0.00689126782939598,0.00980574804130954,0.00968374657744787
"2018-07-02",1.14068275918507e-05,3.15398521354318e-05,2.34558792722193e-06,0.000146755095522655,7.83466669870485e-05
"2018-07-03",4.55811843970743e-06,3.99971402335398e-05,1.42156111108334e-06,0.000113304115155119,3.81609573448531e-05
"2018-07-05",4.25529447602807e-05,0.000147552947609694,6.94963719638612e-05,1.91491474827715e-05,7.02114986836486e-06
"2018-07-06",0.000202341504582201,0.000277718886925186,0.00014588388188817,2.3519120887387e-05,7.07218647051915e-05
"2018-07-09",0.000735151632644965,0.000673067579566143,0.000401669612285024,2.50408149315601e-05,0.0003502394681598
"2018-07-10",0.000830713726825171,0.000817766764055897,0.00048421633201473,1.63748582153046e-05,0.000352639472529176
"2018-07-11",9.71703026622665e-06,1.57701610886868e-05,9.55676431800554e-05,0.000722696020363119,0.000196283820973459
"2018-07-12",0.000959426414795023,0.000958369840629047,0.000601684350248877,2.9315505843115e-05,0.000305636837207487
"2018-07-13",0.0016487849295672,0.00169977565866524,0.00121198479870995,0.000235647714647482,0.000652258036728419
"2018-07-16",0.00110308261247136,0.00110907092480219,0.000709083021351086,8.3750194197582e-05,0.000325387050189905
"2018-07-17",0.000426779131344769,0.000504028035409562,0.000233741147211264,1.07955048758513e-05,3.45450238461045e-06
"2018-07-18",0.000653536267961508,0.00079105780799436,0.00040996202268779,7.14329038187e-07,6.97491303410125e-06
"2018-07-19",0.000223302915286078,0.000285087318691335,0.000104210886701358,5.47533153504253e-05,6.44118742132632e-06
"2018-07-20",0.000647612492498754,0.000979581475190158,0.000554749985369891,3.44300190568546e-05,0.000190790662274863
"2018-07-23",0.000974016597401537,0.00101502673467658,0.000605103303041458,8.18299454437942e-05,0.000553073998279304
"2018-07-24",0.000225880421297382,0.000313276544469675,0.000110978359401967,2.7042301205146e-06,0.000144933779678055
"2018-07-25",0.000884160052449525,0.000818640138990402,0.000471042435205864,0.000100167411643621,0.000440723141286892
"2018-07-26",0.000219207673160964,0.00016068916239164,1.06436154158099e-05,0.000111932194141022,6.40077008859675e-06
"2018-07-27",0.000884825673882504,0.000925254418065256,0.00145048953344452,0.00259463888618033,0.00185717732196809
"2018-07-30",6.28710917337198e-06,1.24657672623815e-05,0.000206488827758348,0.000475035262296105,0.000225287215696722
"2018-07-31",0.000219819248342474,0.000236083623917864,0.0005128798205585,0.00100769661128642,0.000561225365347565
"2018-08-01",0.00612064590047637,0.00625752517913429,0.00737866309616326,0.00880814963345572,0.0069426519232507
"2018-08-02",0.00274731209285358,0.00286039470523441,0.00344082382608974,0.00457269584306,0.00385839221172481
"2018-08-03",5.73598497950212e-05,0.000101017885661194,0.000241013953216987,0.00061586776206323,0.000315065420588451
"2018-08-06",0.000270147856355926,0.000206041456062088,0.000145733302490707,4.31958262935159e-05,0.000159457068806092
"2018-08-07",0.000448314000136538,0.000425746541729992,0.0002538852431008,7.74391010200516e-05,0.000235323414980101
"2018-08-08",2.63326356146652e-05,1.21325656674058e-05,6.31854824939055e-06,6.24349120644199e-05,7.62418369804247e-07
"2018-08-09",0.00136686965562195,0.00130151315903585,0.000856981079979286,0.000735801437166015,0.00130257665229145
"2018-08-10",0.00014541469655436,0.000129230177177796,1.57673781874007e-05,8.56493512968523e-07,0.000103730032606085
"2018-08-13",1.5381458859522e-06,4.16908363287346e-07,6.02849178249025e-05,6.41784630612573e-05,8.12657293215521e-07
"2018-08-14",0.000838637071411933,0.000802693459421635,0.000414283372591009,0.000342792777381495,0.000625984077603093
"2018-08-15",1.48513636229993e-05,4.8454027697785e-05,0.000185663591107812,0.000348331772529561,0.000226902333678175
"2018-08-16",0.00125173299654148,0.000968195915443253,0.000600620458845933,0.000465081405981834,0.000556698435398898
"2018-08-17",6.85007637584419e-07,3.48029077871704e-05,0.000163372840208785,0.000214437109080523,4.29796283174377e-05
"2018-08-20",5.69830305792519e-05,9.07958687852205e-05,0.000199245652122013,0.000130304904475898,0.000194892212885184
"2018-08-21",5.18535423770885e-05,7.35613764709394e-08,6.31606750548845e-06,0.000137134637879022,0.000529526942132913
"2018-08-22",0.000175906673219394,3.03962257954759e-05,1.24083326402821e-05,3.8991307147838e-05,9.50052290171534e-08
"2018-08-23",0.000247139167325598,8.67629775163787e-05,0.000253120234742328,0.00064394134023063,0.000213819146759929
"2018-08-24",0.000807002155424027,0.000570804985192075,0.00061114734770066,0.000687612576236648,0.000731826833320435
"2018-08-27",0.000760060906977491,0.00055026953145986,0.000993766166189528,0.0009369278553029,0.000666893836976737
"2018-08-28",0.00175592210544047,0.0012064410771934,0.00164828504649685,0.00163653615042262,0.00119663566803394
"2018-08-29",0.00101950349859243,0.000283113202900218,0.000416636325023351,0.000410273068735797,0.000192258961315075
"2018-08-30",0.00175184364601505,0.00315069399788194,0.0038976961724099,0.00369873265476239,0.00315546817326565
"2018-08-31",6.29496798825346e-05,0.000395112263807394,0.000579946764041184,0.000526713012802927,0.000412315725638286
"2018-09-04",0.000127778253467716,0.000493599437772099,0.000785930016376638,0.000636475561321606,0.00073039052272944
"2018-09-05",0.00255489605953507,0.00389164072624635,0.00486178760007204,0.00512404459866048,0.00561080144951676
"2018-09-06",0.00524120281565603,0.00718666800075115,0.00856102099111114,0.0088239553439565,0.0101487853316989
"2018-09-07",0.01081946353146,0.0131286318375361,0.0146024518378472,0.0147467128283997,0.0157960458593085
"2018-09-10",0.0104692447240753,0.0133423398871165,0.0146896291315592,0.0151640033786205,0.0144266288890419
"2018-09-11",0.00258873069900235,0.00385982597851503,0.00510289012104768,0.00491485111420791,0.00503005455076409
"2018-09-12",0.0230737203250231,0.0266803813464223,0.0302862248365517,0.0306526483210711,0.0304401134883696
"2018-09-13",0.00258851463522973,0.00354767331787974,0.00467391851140988,0.00462222660830958,0.00446844378727035
"2018-09-14",0.00253687669364545,0.00376815006148728,0.00529484199251323,0.004984532645671,0.00549788755620736
"2018-09-17",0.00680060563085768,0.00889112847621253,0.0112169277595686,0.0109532285285968,0.0119901874460303
"2018-09-18",0.00174558983964408,0.00273720644316905,0.00431941642933244,0.00372813249731996,0.00494441407299222
"2018-09-19",0.00199631539338249,0.00318381905763474,0.00507822546234228,0.00437219873217952,0.00624292692060336
"2018-09-20",0.00100462600672851,0.00174665721657287,0.00398443127703286,0.00382534945325078,0.00469422829508897
"2018-09-21",0.000800243919031232,0.00137805535232782,0.0033578318650809,0.00316160643888136,0.00341717140832314
"2018-09-24",0.000371945930892096,0.000807920870663312,0.00259006282865269,0.00204875945547736,0.00236143050473097
"2018-09-25",0.000324917865736519,0.000723057131379204,0.00183839986434596,0.00176626964283041,0.00288900678578118
"2018-09-26",0.000872474680053598,0.00123358991039973,0.00276494321942972,0.00280068765187363,0.00496642369390839
"2018-09-27",1.1781755434369e-06,1.1086013893977e-05,0.00032132697650857,0.000165048716613972,0.00108884660225385
"2018-09-28",1.04014080591753e-05,3.97406506544176e-06,0.000182016052932369,9.65326675186245e-05,0.000887034678714227
"2018-10-01",2.18187627224581e-05,6.55313644753017e-05,0.000509145776709962,0.000478220668995877,0.00121208902617868
"2018-10-02",0.000384444124524901,0.000494695025767984,0.00133060904505225,0.00130150333805081,0.00196750072303994
"2018-10-03",0.000717932042235552,0.000813383580952764,0.00192644177131233,0.00190343283835006,0.00281697458033817
"2018-10-04",0.00996446674809887,0.0101569006203077,0.0127948013916162,0.0132210466084986,0.0171475855663306
"2018-10-05",0.0142301573172416,0.0148033549898636,0.01773183075167,0.0170870771093602,0.0227442444441797
"2018-10-08",0.0120581893923819,0.01218713329255,0.0156292727217773,0.0140355105297228,0.0195588726987919
"2018-10-09",0.0112386205740909,0.0106128809573141,0.0147562330770966,0.0144441156024626,0.0171316015690835
"2018-10-10",0.0358977302158626,0.0345630949216916,0.042903676846759,0.0414405459020612,0.0458893794144863
"2018-10-11",0.117195447287038,0.112288089545799,0.12852398952327,0.130556410736099,0.130999999303614
"2018-10-12",0.0375252951420457,0.0341119145906634,0.0433264410994188,0.0435339059020234,0.0436307617546174
"2018-10-15",0.0132790268485849,0.0100958177946763,0.0150661620801833,0.0142365703281082,0.0160138506831503
"2018-10-16",0.00228892623353477,0.00131215867989135,0.003068825582214,0.00331902121608689,0.00371560999178291
"2018-10-17",0.00862751794080767,0.00677702637972606,0.00944146359335702,0.00989770102455915,0.0116103282170552
"2018-10-18",0.0144393598935309,0.0121718521522508,0.0153172164682322,0.0160530319063559,0.0169061016016482
"2018-10-19",0.00648121355133272,0.00493135712265598,0.00678738692075184,0.00705780335768444,0.00710705531116105
"2018-10-22",0.0038119352670118,0.00232731430375584,0.00324365169025354,0.00320326620735423,0.00437087374088125
"2018-10-23",0.0192647786323463,0.0168678465504511,0.0184555338888692,0.0172635859007747,0.021001936732447
"2018-10-24",0.0294194570809856,0.026261035165961,0.0276785652732378,0.0262676977009186,0.0332082461672698
"2018-10-25",0.00924821170936244,0.00757997285145397,0.00805988398640364,0.00726958146270591,0.0115008328519362
"2018-10-26",0.0474057375953771,0.0430874149765441,0.0430186786961984,0.0410744374805199,0.0500489939209806
"2018-10-29",0.0493869361347946,0.04368074292164,0.0433996958932593,0.0416416964157285,0.051442276907659
"2018-10-30",0.0568818328288533,0.0498213107680353,0.0501065837944866,0.0488779630764263,0.0564455178143223
"2018-10-31",0.00433842506491035,0.00266367805352953,0.00267815364912748,0.00219718489500168,0.00395502871879528
"2018-11-01",0.00561511388348242,0.00350214649624357,0.00365262045121983,0.00353353768646298,0.00546570789920337
"2018-11-02",0.0341655046805551,0.0272780125188478,0.0284678998052503,0.027175183789844,0.0313190074477123
"2018-11-05",0.0157546363580919,0.0118124516326103,0.0129379642085942,0.0127705806453674,0.0155475070354795
"2018-11-06",0.00109817190821658,0.000430453515547765,0.000707747740241931,0.000544628696925037,0.00114002390402943
"2018-11-07",3.37862382706968e-05,6.43734821567085e-05,2.8073556262665e-06,9.51977811019795e-06,5.71604139267644e-05
"2018-11-08",0.000154549808627103,0.00074735878935162,0.000555957581237228,0.0002452423943642,6.02165446551855e-06
"2018-11-09",6.46697682037966e-05,0.000225553273162719,0.000164433678670237,0.000108944905711699,2.97674566429445e-07
"2018-11-12",0.0036160466160997,0.00303723085128756,0.00312686315068809,0.00328333008922135,0.00536358954514326
"2018-11-13",0.0140809028702298,0.0140875320004038,0.0143888719494516,0.0140355174431897,0.0192059800232713
"2018-11-14",0.0153176187419088,0.0142388375024379,0.0143646292989922,0.0140175620733707,0.0174229728471638
"2018-11-15",0.0153021180551872,0.0131431492497129,0.0131167995280078,0.013369411721912,0.0173478505932991
"2018-11-16",0.0032426225593314,0.00245701243572753,0.00243711935885315,0.00232126209452402,0.00389739699136045
"2018-11-19",0.00733061791270569,0.00637002022712637,0.00631991266186936,0.0073290450905815,0.00905457498861876
"2018-11-20",0.0594051594911014,0.0564800169926552,0.0563002124934661,0.0620109584376418,0.0652705371706096
"2018-11-21",0.00122963953294079,0.000639852043267856,0.000608744344290429,0.0012550121472952,0.00197677640221322
"2018-11-23",2.10898984417047e-07,3.23992097292238e-05,3.05187017290505e-05,1.26633779232797e-06,0.000142404714965884
"2018-11-26",0.00201392697935215,0.00151855789016552,0.00162119193448967,0.00715708710775297,0.0095224018429841
"2018-11-27",0.0037473615158442,0.00338224571938251,0.00385173010731143,0.00806199630593797,0.0107908457262208
"2018-11-28",0.000736544461824968,0.00100430312753997,0.00154920699795276,0.00484285186816675,0.00577599127429415
"2018-11-29",3.66007574529661e-05,0.000955084866916816,0.00137033265267846,0.00274110937644377,0.00199235261496418
"2018-11-30",0.00101901533066967,1.88453369086165e-06,3.03339139389921e-05,0.000484311038919414,5.94334661830987e-08
"2018-12-03",0.000332231356322981,1.77077206228739e-05,0.000132467070222275,0.000443495506737865,1.60143087229722e-06
"2018-12-04",0.00176001968031669,0.0041436553726179,0.0052336248630282,0.00648188421279746,0.00293912174204806
"2018-12-06",0.0123864886660447,0.0167066630185122,0.0189444837901542,0.0210327134009986,0.0118530350698255
"2018-12-07",0.008828920052091,0.0122837425669306,0.0143816496608127,0.0176571916909853,0.00816692769370668
"2018-12-10",0.0246848600101789,0.0322332626146774,0.0359470269558571,0.0403895957700475,0.0254219479504373
"2018-12-11",0.00954065223976258,0.0169745500392782,0.0195775011461557,0.0233873274759067,0.0132184238323977
"2018-12-12",0.00026219026908922,0.00280181317215469,0.00387501604889257,0.00519133353459268,0.00234840868423621
"2018-12-13",0.00282155888935627,0.00869041031916359,0.010593069551744,0.0131535760125428,0.00832064505215287
"2018-12-14",0.00117392269874272,0.00567472039322596,0.00715419263541699,0.00869823873889383,0.00450392509973563
"2018-12-17",0.00432307737126597,0.0113548054672664,0.0134015353580794,0.0156931619226319,0.0095991107362501
"2018-12-18",0.000797466487095931,0.0053841339603468,0.00676205664662536,0.00797810687639954,0.00287187872047226
"2018-12-19",0.0243365886634513,0.0420034821193136,0.0455910641681839,0.0451369412514553,0.0302047447272979
"2018-12-20",0.0331278570757273,0.0535097378762379,0.0571107976610768,0.0555844915670803,0.0392102142761528
"2018-12-21",0.0363613649520595,0.062115822400788,0.0659747023405532,0.0677124368761482,0.0456262243650714
"2018-12-24",0.0105432143591723,0.0258292743540331,0.0282985517922752,0.030048372849896,0.0152546189728754
"2018-12-26",0.0160847752053337,0.0328050791498285,0.0354827323369519,0.0356762946258374,0.0203818421146102
"2018-12-27",0.0131355396771475,0.0263268049412471,0.0285259705071921,0.0292073756937737,0.0156837023084917
"2018-12-28",0.0120740126063944,0.0223856788511942,0.0243560867205279,0.0252452279555287,0.0136080432202627
"2018-12-31",8.47011615397108e-05,0.000773479115694596,0.00112278166836474,0.00116366432862831,5.39398371765181e-05
"2019-01-02",0.00265712286630086,0.00682937184785893,0.00768408200025237,0.00713848204566286,0.0027584465890314
"2019-01-03",0.0209482331288728,0.0297033715149215,0.0317394177226654,0.03228736455144,0.0232466645702365
"2019-01-04",0.00199557173603333,0.00499391793109229,0.0057495715607527,0.00682414279290524,0.00343720028177253
"2019-01-07",0.00709138007536092,0.0129092419726996,0.0139229153757267,0.014848370699875,0.00928171979623487
"2019-01-08",2.71518676573482e-05,0.00145730141951032,0.00163585023289575,0.00223051652547865,0.000634954204760664
"2019-01-09",0.00196296096859919,0.00556196970961365,0.00557610965945052,0.00544386753232573,0.00269395576614426
"2019-01-10",0.000583949543797176,3.17094006568993e-05,1.98602698130542e-05,2.11993572160171e-05,0.000399909779805416
"2019-01-11",0.00518947663710815,0.00215551896230739,0.00224841633052697,0.00255605023553878,0.00548226063769658
"2019-01-14",0.00524370136931136,0.00292652450152049,0.00310930326211393,0.00341681231554264,0.006366736800749
"2019-01-15",0.00350668652197165,0.00201855129259456,0.00220260049585417,0.00251532355513712,0.00433662420859901
"2019-01-16",0.00472581129888413,0.00366571202962597,0.00396919126164059,0.00423328937906627,0.00563192161205507
"2019-01-17",0.000424476006667085,5.64085585067453e-05,9.38800548614997e-05,0.000114176748748493,0.000466425957540896
"2019-01-18",0.0031198678550689,0.0023111672582176,0.00288231363359428,0.00256806232706134,0.00408575731010633
"2019-01-22",0.002941815478463,0.00211341678561589,0.00258217980816559,0.00165589969843722,0.00263839336455727
"2019-01-23",0.00738022729694148,0.0059212560049235,0.00686547929604644,0.00680345433411182,0.00714910393881633
"2019-01-24",0.00840529099144745,0.00729306302647901,0.00827542979959649,0.00896058157052472,0.00583032882575333
"2019-01-25",0.0138726448299807,0.0116981164479088,0.0131746315586869,0.0149376912309992,0.00951592915024436
"2019-01-28",0.00955376813477726,0.00784800033216464,0.00896193307010412,0.0110335557911238,0.00549298460082126
"2019-01-29",0.00820932120901423,0.00639720844965292,0.00737975918927952,0.00943120039455714,0.00375867154065998
"2019-01-30",0.000702108606217725,0.000234246295402204,0.000409542512167068,0.00112678303483381,9.33693156063028e-06
"2019-01-31",0.00810040010454935,0.0067995491571786,0.00768992144823082,0.00950211275973961,0.00676496908502644
"2019-02-01",0.0099700199248598,0.00905335813105805,0.0100537091772898,0.00941724378508085,0.00731893648133798
"2019-02-04",0.0154988810322612,0.0153033835348137,0.0165685194804391,0.016735853601855,0.0148749523140945
"2019-02-05",0.0181669844315251,0.0182983119395132,0.0195206321495829,0.023803588573046,0.0210315472268315
"2019-02-06",0.0147756222711976,0.0168932968226082,0.0178035748111514,0.0236826458421973,0.0215497675041772
"2019-02-07",0.00892752609371979,0.0107649872625572,0.01122057342691,0.0176096841862357,0.0153570621267183
"2019-02-08",0.0141839239688134,0.0163002687899492,0.0166812300736205,0.0259169822934945,0.0228613501422339
"2019-02-11",0.0133343223839567,0.0150614713487647,0.0151092287852438,0.0251564463236005,0.0226512328454701
"2019-02-12",0.0230425361115849,0.0242281724191874,0.0240942931086452,0.0367069778249098,0.034493404998552
"2019-02-13",0.0167367779801251,0.017606623973419,0.0174765195834937,0.0269044991661716,0.0263226960033137
"2019-02-14",0.0105630355159138,0.0108163278571067,0.0105959489845304,0.0149416221371325,0.0150218228674171
"2019-02-15",0.0130305793609206,0.0130046050508809,0.0126046601405475,0.016493573258886,0.0169456350906224
"2019-02-19",0.0187221675846167,0.0195966983763211,0.0188381307428291,0.0238085997195343,0.0241397384452997
"2019-02-20",0.0101603541146321,0.0119071660919937,0.0113061827421637,0.0139767337278229,0.0129029062747031
"2019-02-21",0.0121429290634501,0.0137857744854757,0.0131714241520392,0.0150370802941538,0.0151914742315175
"2019-02-22",0.0172807468685078,0.0188150821499097,0.0176488479560061,0.0201035590434253,0.020983220282464
"2019-02-25",0.0088844938265751,0.0092882002436002,0.00879599541699707,0.010538635917189,0.0110664280186664
"2019-02-26",0.0112193558864187,0.0117986206653882,0.0112445982057897,0.0131410527208615,0.0140541757840409
"2019-02-27",0.00649149190902929,0.0070191891270701,0.00658579162593279,0.00838363995439803,0.00979758859055594
"2019-02-28",0.00883837853684891,0.0103081308695384,0.0096296569208451,0.012007971110601,0.0148700296003756
"2019-03-01",0.00805929188585591,0.0103098725320187,0.00932017077996217,0.0135414682883962,0.0159751685240229
"2019-03-04",0.00167291528517405,0.00297992520086421,0.00255979426946722,0.00430137049448098,0.00554784587866039
"2019-03-05",0.00780620744957492,0.00941952137583718,0.00857501171157065,0.0118977034891282,0.0144435455242413
"2019-03-06",0.00507524119693649,0.00600548790071477,0.00527549812275521,0.00519895172635974,0.0083614593347327
"2019-03-07",0.000591713950949752,0.000758210794295453,0.000528852994319636,0.000383291958493627,0.00120364407904388
"2019-03-08",0.00091900659444925,0.00119196431294756,0.0009482335368476,0.000458252881958963,0.00222238678149868
"2019-03-11",0.00380947011122696,0.00451891414275317,0.00402837255945405,0.00293797584825252,0.00543422383890654
"2019-03-12",0.00148901323137739,0.00190879527242687,0.00162808420352836,0.000725738085860015,0.0021663342613533
"2019-03-13",0.00168505040484974,0.00202316574351306,0.0017377656523478,0.0010251501684553,0.00186985492690672
"2019-03-14",0.00445422652190947,0.0047951898162448,0.00438609447285197,0.0031133028316215,0.00383951435745169
"2019-03-15",0.00277647092405832,0.00321309950310606,0.00287385619619323,0.00183365211571021,0.00176759533956995
"2019-03-18",0.00291670204529227,0.00303726958399787,0.00264969657193769,0.00150332781077448,0.00153130067001114
"2019-03-19",0.000261466461666114,0.000331704491734999,0.000215880937225825,1.34756899321858e-05,6.18256684288955e-06
"2019-03-20",0.000303478106004214,0.000258272601645993,0.000390357485498545,0.00111928063853723,0.000853710787229589
"2019-03-21",1.86949078935748e-07,1.79068339660804e-06,5.48590565075907e-06,0.000329621876043238,0.000110367803359987
"2019-03-22",0.00551368997589007,0.00528597772105772,0.00584691090252249,0.00873899345026291,0.00713017045348575
"2019-03-25",0.0137440306473883,0.0135880525495599,0.0144753733609369,0.0185905993939488,0.0172876992005113
"2019-03-26",0.00792999415465645,0.00764291165806207,0.00843516801289102,0.0120502618178457,0.0110075858626336
"2019-03-27",0.00477585194369759,0.0048170499826646,0.00548046922356144,0.00826791851586939,0.00775762699964334
"2019-03-28",0.000342711083156174,0.00031589172297299,0.000513888915757856,0.00141380921567602,0.00116194997137077
"2019-03-29",0.000146078426275892,0.000131040524354486,5.66495351046432e-05,3.25030510316542e-05,1.19534354203675e-06
"2019-04-01",8.76851060327674e-06,2.24036827569454e-06,4.25653643903916e-05,0.000370290397289092,0.000272598318036707
"2019-04-02",0.000567729646551692,0.00063528067720749,0.000373267892119242,6.55489815711957e-05,0.000242953729418626
"2019-04-03",3.7429628712704e-05,4.6324509166866e-05,4.80434270951717e-07,8.99950012320231e-05,1.78426131349892e-05
"2019-04-04",0.000440742612731668,0.000421052779671118,0.000247856917391967,6.06738527679806e-05,0.000127267996773698
"2019-04-05",0.00183561623430534,0.00171805812426636,0.0013374607713465,0.000696796052011218,0.000856262849542769
"2019-04-08",0.000405665498068612,0.000322080736496042,0.000172335423886915,2.04746099854814e-05,1.92797618311595e-05
"2019-04-09",9.86796003826026e-05,0.00014676869888372,0.000250664095507816,0.000564365503091525,0.000521076583365918
"2019-04-10",0.000184017493827124,0.000114316866611447,4.58063619736916e-05,3.98161332167906e-06,1.45275473646613e-05
"2019-04-11",0.000280456671103093,0.000258112279377295,0.000112793008459303,2.07041903986723e-05,0.000113218718544825
"2019-04-12",5.58607958652194e-05,4.23116693875037e-05,3.02032642545254e-06,3.60287664730285e-05,4.44412529737622e-05
"2019-04-15",0.00128907863928677,0.00135637572882085,0.000764922058713278,0.000506414002147264,0.000125912392295609
"2019-04-16",5.71960522027555e-05,6.1991948179591e-05,5.09069303975443e-08,3.71882196025683e-06,0.000357557060104638
"2019-04-17",2.77157036289262e-06,6.08540651091777e-06,0.000102275800348324,0.000149658426415704,0.000719985755250832
"2019-04-18",0.000681077188271759,0.000724826298014328,0.000401676629863011,0.00047427976621243,3.78406020232072e-05
"2019-04-22",0.00175249666668786,0.00181003433576772,0.00138741591018805,0.00158215403099681,0.00136596544298386
"2019-04-23",0.00227445646886956,0.00252290413536648,0.00222713768207476,0.00269707799815627,0.00200219242562126
"2019-04-24",0.00372787453367496,0.00420194747729112,0.00385455524431098,0.00446301948815205,0.00424659156234318
"2019-04-25",0.00145167619819542,0.00222880249750592,0.00209849828251801,0.00261453405921341,0.00278569345439957
"2019-04-26",0.000121337738994834,9.053805887574e-07,6.27415948527787e-06,1.26775770218452e-05,6.03652845851569e-05
"2019-04-29",0.00301828090778835,0.0040177674748098,0.00393840317114769,0.00461830213566757,0.00550893384142346
"2019-04-30",0.000523171366198353,0.000307348637120198,0.000314639643986508,0.000200556638544581,5.65941797580103e-05
"2019-05-01",0.00468571605085687,0.00415298947724474,0.00446629510872706,0.00421479315805258,0.00391839100303691
"2019-05-02",0.000860435278699454,0.000721341907357739,0.00120562600955044,0.00107958587270286,0.00102119977298707
"2019-05-03",0.00258398313859849,0.0030453122529812,0.00256947239118555,0.00251694120072657,0.00262542385620034
"2019-05-06",0.000912712641031706,0.000728878578157653,0.000891350498925687,0.000956780319120099,0.000892883563630136
"2019-05-07",0.00908362135248613,0.0088853497670731,0.00943968596326028,0.00954899601426496,0.00913275348838673
"2019-05-08",0.0022774292248289,0.00219237491983468,0.00259002117787264,0.0025939472465314,0.00238509613800683
"2019-05-09",0.0122803030075415,0.0116424319668951,0.0120436994111807,0.0121625154431045,0.0115897273329217
"2019-05-10",0.0134357596360017,0.012860154634394,0.0131870923257209,0.0134732204143699,0.0120575410877723
"2019-05-13",0.0322498184435773,0.0314677945667338,0.0319484737088907,0.0318416421215785,0.0292028250529639
"2019-05-14",0.0033505278442193,0.00256928308382739,0.00269229045544272,0.00270420547557854,0.0018221252604038
"2019-05-15",0.00106567331608881,0.000888008059611033,0.000958219116800224,0.000898030810101529,0.000372716329761057
"2019-05-16",0.00029724109626328,0.000134712461168057,0.000121533599975978,9.75632234495127e-05,1.04126908310143e-07
"2019-05-17",0.00465226994247888,0.00393268946786217,0.00378974949819381,0.00338560379149994,0.00273763697849373
"2019-05-20",0.0123382301900232,0.0112791305505752,0.011281360947115,0.0108175506762987,0.0105178347479307
"2019-05-21",0.000111400609203175,2.5710699514219e-05,3.57871211010962e-05,1.49456187851126e-05,4.64043759111707e-06
"2019-05-22",0.000880730998067901,0.000644111900378354,0.000828912371474495,0.000844591025594164,0.000620142177835328
"2019-05-23",0.00714344512913531,0.00688629377975816,0.0086807835583581,0.00899921057437127,0.00878330485019151
"2019-05-24",1.71810977825651e-05,6.34710210712734e-06,0.000108271642574492,0.000154588065775754,0.00059716811213766
"2019-05-28",0.00232613784087708,0.00221462252346739,0.00309211143774986,0.00358950786632829,0.00485925355980064
"2019-05-29",0.00202648009149539,0.0024326209044376,0.00354041201531221,0.0039963473129759,0.00473926093686494
"2019-05-30",5.85635017151137e-05,0.00017951799916859,0.000566279037807004,0.000575845213746056,0.000666361803477295
"2019-05-31",0.000163357172628081,0.000115287540514642,0.000448687246850041,0.000490662696214558,0.000123092979627925
"2019-06-03",0.0649938998564657,0.0616534672645157,0.066346002247931,0.067453523775898,0.0647543582643415
"2019-06-04",0.00145810700927255,0.00128399575498779,0.00190162037298412,0.00194056536749036,0.00146787731019649
"2019-06-05",0.00276084263888711,0.00263920679790884,0.00344725956195882,0.00321277677932591,0.00340457831806008
"2019-06-06",8.45796141958189e-05,3.97460997832117e-05,0.000181579459875698,0.000181415830727062,0.000333729857780016
"2019-06-07",0.000309488355862672,0.0002221463303071,0.000495484723656388,0.000449850125435239,0.000578927603108991
"2019-06-10",0.000214791855734,7.54568114630243e-05,0.00029635709922439,0.000239608354885922,0.000212014941853296
"2019-06-11",6.05396692274851e-07,0.000103670859468811,1.7697900186601e-05,8.49531811202628e-05,2.13875287716782e-05
"2019-06-12",0.000661800171135232,0.00155482586662339,0.00103268164718401,0.00148487211174307,0.00135808567524925
"2019-06-13",0.000347464621174422,0.00121061831391924,0.000734742133153725,0.00112570896296284,0.00135959829419952
"2019-06-14",0.000489559157363911,0.00135450721024153,0.00085835431138653,0.0012974979282849,0.00169194102207769
"2019-06-17",0.00163965745357552,0.00310444475474543,0.00246762122556534,0.00328698454874413,0.00380949304984263
"2019-06-18",1.4602109771468e-06,0.000270867855753558,0.000121710897899362,0.000357481114641775,0.00037220969592983
"2019-06-19",0.000592455696644965,4.04190998547508e-06,5.51390641041412e-05,3.12231566722986e-07,1.17923600578024e-05
"2019-06-20",0.00219542303767755,0.00474609357025928,0.00405638873769738,0.00533793384498499,0.00575642312864953
"2019-06-21",0.00364562451054827,0.00700483991813913,0.00606725545326085,0.00787610340692746,0.00826515448086221
"2019-06-24",0.00512541621876661,0.00945863922177932,0.00866075975418844,0.0111509724518667,0.0118537732128584
"2019-06-25",0.00114524218546608,0.00337474400152858,0.00315504770766048,0.00484540892197947,0.00595413735919403
"2019-06-26",0.00325356476633905,0.00707820947006113,0.0067507345255125,0.00977610430660368,0.0107391773221632
"2019-06-27",0.00593005821245415,0.0111334067682132,0.0108631486955525,0.0151391504540201,0.015535641786126
"2019-06-28",0.00487034923878609,0.00961978791860984,0.00949511989170874,0.0132306324424124,0.0123954422657521
"2019-07-01",0.00225709838167918,0.0057517604631451,0.00488119591091228,0.00821070829517538,0.00791254868377319
"2019-07-02",0.00669008602789078,0.0142558193587246,0.0126371499756801,0.0172456655970445,0.0199081047380642
"2019-07-03",0.015223351059038,0.0255675106266057,0.0243044432261312,0.0306507224686978,0.035002189271531
"2019-07-05",0.00709265570845276,0.0145518453951961,0.0137834175860972,0.0184073812757469,0.0222189555869523
"2019-07-08",0.0045881626392208,0.0101347974593051,0.00922303323553294,0.0126499772847587,0.0164742699779902
"2019-07-09",0.00649263551717488,0.0128753268911228,0.012033771513895,0.0150195596300813,0.0159173432685641
"2019-07-10",0.00483789848101565,0.0102908749139974,0.00944469781401714,0.011320163461301,0.0126434345214548
"2019-07-11",0.00507788554969497,0.0101772494227376,0.00866128129181528,0.0101848128890641,0.0112255766154341
"2019-07-12",0.00830727404846664,0.013157356906197,0.0117664729164014,0.0131138514652636,0.0151218286398463
"2019-07-15",0.0079464400128631,0.012289796583567,0.0105562916370626,0.0117551549071063,0.0149289537266015
"2019-07-16",0.0056060703975397,0.00918336755654477,0.00743223109626583,0.00798239195778752,0.0113734075180553
"2019-07-17",0.00630399312996392,0.00990306887211519,0.00774466193977064,0.00808820253817919,0.0121174321793886
"2019-07-18",0.00561652627915445,0.00853729709601088,0.0067913167899558,0.00651374875244377,0.0106666573681562
"2019-07-19",0.00290943101507041,0.00531547103883906,0.00385493383026815,0.00348026731184491,0.00641589300421066
"2019-07-22",0.00607570740319747,0.00881776545544076,0.00690981835729787,0.00606461692826469,0.00940904226165176
"2019-07-23",0.0042308817734894,0.00609800937987459,0.00432719198074879,0.00350367034048345,0.0056891734090577
"2019-07-24",0.00578029572103233,0.00782239320416651,0.00573619854467123,0.00465002307428523,0.00623210706794916
"2019-07-25",0.00200417400406993,0.00284481212238366,0.00153254874885423,0.000997074626349308,0.00152858548253215
"2019-07-26",0.00144892506979252,0.00200170217256671,0.000923963256410987,0.000530317240985629,0.00077408552109725
"2019-07-29",0.00391042154605726,0.0043436653700589,0.00265657197948963,0.00202075425957388,0.00190352775545012
"2019-07-30",0.00165525186008479,0.00188902379420787,0.00080307097625348,0.000496970049007833,0.000278243176819294
"2019-07-31",0.0159448912856399,0.0155446605720367,0.0192301742783349,0.0207496914857416,0.0217182091524423
"2019-08-01",0.0240703312912595,0.0236628335087003,0.0277908448128724,0.0291457170888113,0.0300901980866256
"2019-08-02",0.0170925681481721,0.017335413714862,0.0204308194763408,0.0211658863984315,0.0212538117522451
"2019-08-05",0.0150772336163077,0.0159367303208449,0.0186043879853622,0.018976060176558,0.0185772887319133
"2019-08-06",0.0061701082967473,0.00648258533384771,0.00824085521342963,0.00855494478201791,0.00778964318568906
"2019-08-07",0.0144816534255424,0.0149428561161563,0.0178661572295239,0.0182528506618744,0.0162650886535344
"2019-08-08",7.25342970571876e-05,9.95372318554191e-05,0.000423841059189153,0.000412973444671585,0.000117749494579317
"2019-08-09",0.00144295462773952,0.00162157114753151,0.00272673323362078,0.00271343916799818,0.00169178415169937
"2019-08-12",0.001964626683495,0.00228497604888242,0.00346189407716672,0.0034010208817401,0.0021697319811791
"2019-08-13",0.0256090588720929,0.0267392654648031,0.0299543563272638,0.0299390520777909,0.0262701620364961
"2019-08-14",0.0184686124436351,0.0194296973338543,0.0216637538921885,0.0213929075061098,0.019065358267379
"2019-08-15",0.0134942360105627,0.0137692978109937,0.0155144422696647,0.0152974126256148,0.0139121673464685
"2019-08-16",0.00012237710711957,0.000234453013203143,0.000406512994993611,0.000319495520024199,0.000245702001089458
"2019-08-19",0.000373202343562802,0.000304941704251174,0.000158727533985186,0.000247243412221142,5.54152161053408e-05
"2019-08-20",0.000100090658911424,0.000166753882720445,0.000313309677503659,0.000195832382571608,0.000719909020552261
"2019-08-21",0.000586389388548584,0.000487523041157885,0.000193165229900564,0.000239783878258901,0.000243768471223493
"2019-08-22",8.85012896344951e-05,0.000105696202479435,0.000630328048297657,0.000497310214205929,0.000144311280435581
"2019-08-23",0.0371116891511151,0.0367966163016255,0.042052105131457,0.0415827636747017,0.0288342547447979
"2019-08-26",0.00135961971026891,0.00125192361839461,0.00219945136077572,0.00173112474237657,1.23159298544706e-05
"2019-08-27",0.000827812430505158,0.000953066793437841,0.00190480801034698,0.00151362078276995,0.000170636678706715
"2019-08-28",1.04952730474124e-05,0.00013969242348245,0.000579062695585875,0.000270254806955588,0.000506669943481226
"2019-08-29",0.00114971131983819,0.000769124002063481,0.000185794555664433,0.000459747757196549,0.00308724236618027
"2019-08-30",0.000309627948050412,0.000162671250721922,5.8272162595058e-07,0.000105810821766535,0.000561629039846048
"2019-09-03",5.18301320779685e-05,8.52258429795159e-05,2.00360894225515e-05,1.62175344902342e-05,0.00024633605654587
"2019-09-04",0.0064873317165953,0.00679625214391317,0.00515468487765878,0.00659237260371323,0.00738315846673055
"2019-09-05",0.00594888358568746,0.00624798081669121,0.00452593150378108,0.00552311022119704,0.00688901652252412
"2019-09-06",0.00397571982619069,0.00373034514377801,0.00274311208408879,0.00369245031959647,0.00456971847148064
"2019-09-09",0.00327838334829296,0.0027866976136327,0.00206572052465876,0.00287976775937461,0.00349776848520957
"2019-09-10",0.000818125525940324,0.00111180603240946,0.00146212371571765,0.000793973749300167,0.000670075890735619
"2019-09-11",0.000561604744486032,0.000133686138818675,4.80591698247556e-05,0.000393143931730808,0.000445481372532212
"2019-09-12",0.000259563323234042,0.000552946574285737,0.000745689767071632,0.000226549115871478,0.000357014780923791
"2019-09-13",3.56129587250666e-05,7.70843338482512e-08,1.77691091132597e-05,6.50057788625197e-05,4.54578652926294e-07
"2019-09-16",0.00222652460458233,0.00174662487496932,0.001412522282191,0.00250529089169717,0.0016139860034873
"2019-09-17",0.0049824953640928,0.0042441386713498,0.00384285989196395,0.00556342440235727,0.00382816558547994
"2019-09-18",0.000135917302753993,1.19411117259242e-05,2.43569934631907e-05,2.88330604660233e-05,1.68322372021972e-05
"2019-09-19",0.00277336778823225,0.00206403941874204,0.00179653690392012,0.00273839166298392,0.00153673922519048
"2019-09-20",6.96007993139867e-05,0.000280085271772212,0.000383006456917951,8.09959792764414e-05,0.000622680946342192
"2019-09-23",0.00284620387981673,0.00134168311824415,0.0011537896101225,0.00191642978095782,0.000318298062649795
"2019-09-24",0.00197517326124674,0.00284107299539032,0.00278401259551265,0.00185768160522563,0.00492482434081486
"2019-09-25",0.000476531591875042,0.000151781673216664,0.000238403514761767,0.000541159878709835,7.8469547220158e-05
"2019-09-26",0.00176539195403508,0.00110841204574875,0.00131729863056049,0.00191068607418069,0.0001277376855051
"2019-09-27",7.0287757354667e-05,0.000274056193571027,0.000167668314060425,3.46743547465719e-05,0.00109835712038068
"2019-09-30",0.00280163172365573,0.00182123089719929,0.00236987374473323,0.00298122870016872,0.000698956011505905
"2019-10-01",0.000143649496049669,0.000391847544210672,0.000207259818195609,7.87939598546129e-05,0.00104596561043323
"2019-10-02",0.00024497405507621,0.000458705118222172,0.000292457835939957,0.00015683287778988,0.00103213568542061
"2019-10-03",0.00571883780229083,0.00670169122083564,0.00611400096076431,0.00548944092996656,0.00804957743120982
"2019-10-04",0.000676334948777614,0.000392222517074658,0.000496198864590588,0.000688203720053224,5.67434811747404e-05
"2019-10-07",0.000361401470871341,0.000184013431391491,0.000271906493650943,0.000349918914466892,2.60714961907521e-05
"2019-10-08",0.00199599018412286,0.00321265538740877,0.002668026665028,0.00217507479113879,0.00409534814608216
"2019-10-09",0.00139174034390559,0.000847640981933106,0.00112096709911451,0.00137671238092373,0.000481696674897673
"2019-10-10",0.000569012057913579,0.000183608581234735,0.000303156973573603,0.000466761059397294,3.48153833390303e-07
"2019-10-11",9.18747994792666e-05,3.97535662039651e-07,2.56077696317363e-05,8.10214503182981e-05,6.4748686850952e-05
"2019-10-14",0.00332403967696268,0.00302306655817407,0.00356065903540198,0.00401102485604307,0.00213913478467091
"2019-10-15",0.00355528554465233,0.00315111981062968,0.00384642444803226,0.00417076643876086,0.00219797594017731
"2019-10-16",0.00402527903588321,0.00328463152662299,0.00386633298301444,0.00418100061514676,0.0022076980431058
"2019-10-17",0.00341947880818434,0.0027843561237809,0.00348036187956824,0.00383254756490767,0.00175546355199652
"2019-10-18",0.00390879828334013,0.00309240158520779,0.00388102778112036,0.00436695436564925,0.00161632655068721
"2019-10-21",0.00584808112936279,0.00528445290150291,0.00616497257038913,0.00657839589320517,0.00328648714988744
"2019-10-22",0.00379626279347801,0.00291156428670988,0.00337605855718964,0.0036447413411052,0.00153719156691046
"2019-10-23",0.00344970564021897,0.00329670744947057,0.00341652511656352,0.00366941670256231,0.00179308215028275
"2019-10-24",0.00353245835142405,0.00319540988485315,0.00331028922557629,0.00354023260226945,0.00209617953406401
"2019-10-25",0.00669150302871687,0.00590463448753997,0.00615733680129901,0.00654908544887778,0.00403518525875726
"2019-10-28",0.00648875338331046,0.00591204618770602,0.00625046481908415,0.00648282795893188,0.00442009029300595
"2019-10-29",1.75424719419781e-06,4.2292366041397e-05,1.07991710282495e-05,3.41635039093776e-06,0.000214713170290752
"2019-10-30",0.000709580398647231,0.000402405082623633,0.000457880099266226,0.0005367753387499,8.72612002083722e-05
"2019-10-31",0.00118945776552041,0.00188395603721471,0.00173016894942096,0.00154126048138207,0.00327108915364862
"2019-11-01",0.0030082478466845,0.0025068001192811,0.00280867132509932,0.0029783362698366,0.00144575821770979
"2019-11-04",0.00299133154401825,0.00248356539939996,0.00282877971128053,0.00295930288546057,0.00136283609278492
"2019-11-05",0.00676773855270487,0.00560487400948885,0.00628333586605625,0.00649529836076134,0.00321397830076464
"2019-11-06",0.0053690854812316,0.00476053204862334,0.00564179305826739,0.00576728099624864,0.00280090273686032
"2019-11-07",0.00491465493618731,0.00422136189446059,0.00508488197175244,0.00514520908165469,0.0027411696757159
"2019-11-08",0.00784394963601248,0.00675097372865625,0.00765547260344093,0.00773272605866996,0.00456402465418338
"2019-11-11",0.00642385018219139,0.00565485602122206,0.00668264969226755,0.00673566950094654,0.0042532666060892
"2019-11-12",0.00434752419254395,0.00380726438126089,0.00422643120502225,0.00416452251843526,0.00337079863396296
"2019-11-13",0.00233915025063899,0.00209608257991719,0.00240089646697102,0.00236739881983291,0.00189861850035598
"2019-11-14",0.00126425970480529,0.00107511000347653,0.00129225772209277,0.00129990806660712,0.000910446353947633
"2019-11-15",0.00644955394481769,0.00615487019875284,0.00620954571683471,0.0062282192121452,0.00551238814702212
"2019-11-18",0.0039209297039637,0.00361764055813221,0.0038092618271759,0.00380555215195994,0.00348690071023426
"2019-11-19",0.00344784494634419,0.00321319612681364,0.00264698321495102,0.00265257689900771,0.00195372626903919
"2019-11-20",1.92653012999818e-05,1.5976821611473e-05,5.90661417303432e-07,6.75364612411087e-07,0.000175525617015388
"2019-11-21",0.00153979070111316,0.00139672389336754,0.00102610111934034,0.00102040114870378,0.000123142149916166
"2019-11-22",0.00326083247486137,0.00428459056447202,0.00432169019779553,0.00423368049829763,0.00146314254097432
"2019-11-25",0.008535946145729,0.0087052357684978,0.00820394771595872,0.00806678695599807,0.00431754064226183
"2019-11-26",0.00371109442257531,0.00295731139919675,0.00279270016036726,0.0027583833370703,0.00149149506008502
"2019-11-27",0.00700767948702742,0.0065050395373597,0.00551304817954122,0.00541868059242187,0.00348821055106344
"2019-11-29",0.00844494295414371,0.00661958299682617,0.0042658882553738,0.00403377231470848,0.00363722456820263
"2019-12-02",3.59324207374233e-05,5.14699782968761e-06,0.000163711743405248,0.000180637253892558,0.00016133989447988
"2019-12-03",4.19027928289688e-05,9.38725585612131e-05,0.000629661770111288,0.00067197966548314,0.000407302318594329
"2019-12-04",0.0033400466101907,0.00334680382144224,0.00220614278075681,0.00215435123669799,0.00199001511463856
"2019-12-05",0.00203525094104763,0.00199268006177736,0.00109432830167838,0.00107863765127699,0.000958626185707843
"2019-12-06",0.00585912747458243,0.00584900712725139,0.00411712891385715,0.00410167641278311,0.00333553117832993
"2019-12-09",0.000757724662153097,0.000843496786858982,0.000304059796425508,0.000328593245231248,0.000230895610223347
"2019-12-10",0.000445789982008122,0.000448817764728116,0.000167705286663116,0.000163463691599814,1.96232266350212e-05
"2019-12-11",0.00291107573417106,0.00298324752256784,0.00182534825065427,0.00176946749384307,0.00116722669203568
"2019-12-12",0.00217999912540848,0.00219184791271072,0.00352978818546958,0.00361855447797496,0.00499199876678873
"2019-12-13",1.51388055636339e-05,3.63995916694777e-06,5.23282583850138e-05,5.88050482309511e-05,0.00025286553560123
"2019-12-16",0.00445235364951489,0.00476260898757165,0.00376694331785403,0.00373887312558527,0.00285439738518676
"2019-12-17",0.00151783586007381,0.0016639011218881,0.00093219274089451,0.000912842555748723,0.00072344647185722
"2019-12-18",0.00566387588483235,0.00575727848246197,0.00359512163887899,0.003513014061211,0.00352126295006628
"2019-12-19",0.00614411159800489,0.00577397653543769,0.00417225330449024,0.00416317968753262,0.00445560051313583
"2019-12-20",0.00388229334172786,0.00370323532942255,0.00259086715704596,0.00256758351832405,0.00331456232135572
"2019-12-23",0.00640561788218819,0.00616915114587632,0.0051451448196021,0.00516090975143463,0.00691912902903941
"2019-12-24",0.00866270333873435,0.00925947432106824,0.00757460043442527,0.00741705345071757,0.0099334235103124
"2019-12-26",0.00769895405356227,0.00719826633990459,0.00636669073579338,0.00626548697751668,0.00892972874381705
"2019-12-27",0.000435291715367851,0.000401894668765685,0.000205824794452593,0.000179036783139171,0.000747949853919428
"2019-12-30",0.000237146370898282,0.000214294155452456,0.000323558988136089,0.000352491073169912,0.000113271319123871
"2019-12-31",0.00189945864125671,0.00171934578416964,0.00137512750171154,0.00134256572845097,0.00122419703172747
"2020-01-02",0.0010341852798882,0.000836898453404327,0.000701976164136583,0.000695013849178401,0.00046531054639285
"2020-01-03",7.4277531847596e-05,9.29888572507764e-05,0.000145986371213331,0.000157698161163071,0.000103215557232873
"2020-01-06",0.00038134596095761,0.000350272492550129,0.000387440073545612,0.000405421397117896,0.000434744231958068
"2020-01-07",0.000251087737838086,0.000303106098548979,0.000380812992867818,0.000362256113932747,0.000392624893255508
"2020-01-08",0.000110094306758595,7.03286613635197e-05,0.0001759559223326,0.000159731435899709,0.000388809184130306
"2020-01-09",8.2154392376637e-06,2.08453306585995e-08,4.36386609526224e-05,3.55869909278976e-05,0.000265877498874236
"2020-01-10",2.57588094113916e-05,1.72815255626544e-05,0.000196355565823764,0.000184656552407436,0.000501930104408992
"2020-01-13",0.00251747116424825,0.00179769149103091,0.000935593127083851,0.000814445252459519,0.000903003573239592
"2020-01-14",0.00115727546756588,0.00145392360662469,0.00166191471935284,0.00171220494804781,0.00174409855834543
"2020-01-15",3.60357994499138e-05,2.4815192628574e-05,1.56694550893853e-05,1.43345697763541e-05,3.33397923202881e-05
"2020-01-16",0.00151617797228145,0.00128927465079678,0.00135071574032977,0.00131271527014884,0.00149156173815805
"2020-01-17",0.00242778711560502,0.00244793542053446,0.00204981461899259,0.00197090209005578,0.00259257543932453
"2020-01-21",0.00146521595218686,0.00143051899363262,0.00145793239058129,0.00139369302606275,0.00193653751955918
"2020-01-22",0.00151436777404167,0.00147919685468738,0.00142773993602095,0.00132250668364826,0.00151070146840443
"2020-01-23",0.000157322867350861,0.000146141065284455,0.000134463480354084,0.000111121250255064,0.00023572430675424
"2020-01-24",0.000483350534917615,0.000518454757064139,0.000367028482555704,0.000410543836155031,0.000187151575277786
"2020-01-27",0.0139010688168391,0.0126841519963242,0.012174199319393,0.0126785672352819,0.0121829727458057
"2020-01-28",0.000246135977316987,0.000265740140390077,0.000512341415996525,0.000405250261919474,0.000485521296912213
"2020-01-29",0.00595520231538843,0.00623306290361714,0.00510445554023278,0.00546150287708031,0.00464271010824528
"2020-01-30",0.00112601257349422,0.00116141152835319,0.000600579859244387,0.000683187773560342,0.000189126182785762
"2020-01-31",0.0093562966870563,0.00981430304485809,0.00818299934063157,0.00855750922653086,0.00641381261772772
"2020-02-03",0.00915839366405274,0.00985060056402955,0.00827288717485388,0.00842979577647172,0.00604723175585142
"2020-02-04",0.000350057731858005,0.000375655365279239,0.000156690446729242,0.000155009585883892,6.14416692423523e-05
"2020-02-05",0.00103180467014681,0.00114035527744989,0.000778116846487938,0.000916413499121415,5.62697454820185e-05
"2020-02-06",3.53637706038094e-05,1.52252957060005e-05,0.000129380808607513,7.53960419597013e-05,0.000906255678036871
"2020-02-07",0.000138278253757058,0.000208491257405784,2.89785478272694e-05,6.60801629531056e-05,0.000321700119124784
"2020-02-10",5.37120564370379e-05,0.000125215066033251,9.2752156338946e-06,5.06093108349326e-05,0.000436349723988774
"2020-02-11",3.15979611151959e-05,3.89388808320769e-05,7.10196176817257e-06,1.05039742524278e-07,0.000841538380763086
"2020-02-12",0.00119577269786633,0.000915666560661079,0.00147359775540572,0.0012183041657592,0.00400848484075366
"2020-02-13",3.29391778808862e-05,2.36672881842014e-05,0.000314314483075574,0.0001828218097863,0.00245881529344218
"2020-02-14",0.000965225388233691,0.00102825115866509,0.00213230259115661,0.00172434098186803,0.00643727141738569
"2020-02-18",0.000702618994273451,0.000732943010434432,0.000134584473751293,0.00023928842992321,0.00054619283280757
"2020-02-19",0.00150930968235561,0.00152525879749991,0.00290828183979642,0.00291470966088122,0.00920503833202477
"2020-02-20",0.00133397885823561,0.00120040631913041,0.000138043924668673,0.000242995004681258,0.000456120556898742
"2020-02-21",0.00294828438474774,0.0032409001150048,0.00120296264040018,0.00120781144964595,0.000141141858047755
"2020-02-24",0.157641648100495,0.160760236225828,0.143444975527081,0.142752332149716,0.106248028326771
"2020-02-25",0.0653081670531812,0.0699711650685354,0.057295088279986,0.0582587462029199,0.0365661188442304
"2020-02-26",0.0463900611170021,0.0471728709065571,0.03823994314084,0.0384870565315586,0.0201442527838106
"2020-02-27",0.151779520054533,0.158489009733859,0.143127837105166,0.145284814050314,0.108405525307406
"2020-02-28",0.605608486101819,0.61261998703047,0.608289826970067,0.610796770684665,0.559613574804502
"2020-03-02",0.132058701256567,0.134203333234462,0.124398076164113,0.127176151495536,0.121132909802429
"2020-03-03",0.352690035550418,0.364877545184198,0.342600676022001,0.344376218015323,0.319708834365076
"2020-03-04",0.0368518914472154,0.0397852974798263,0.035041884441713,0.0314744624519653,0.0174347776130501
"2020-03-05",0.0400264720991266,0.0429121799495044,0.036484335994784,0.0344723668698117,0.0238519895436621
"2020-03-06",0.0777106162731315,0.0813699318950086,0.0700806144898586,0.0710057535005514,0.0539765410749946
"2020-03-09",0.28659786182242,0.293450192983252,0.268785818600611,0.279834187046209,0.255346767366999
"2020-03-10",0.172015339949536,0.177446906709691,0.155253233196539,0.163395821007486,0.153885500862338
"2020-03-11",0.133818928368805,0.136494463284642,0.125088549019349,0.124730849280332,0.148272677113203
"2020-03-12",0.74125699047509,0.747010458840572,0.707892600409556,0.704319032026347,0.806575368518984
"2020-03-13",0.487266822125745,0.495272462562131,0.463783629024228,0.45219984003996,0.564419119341259
"2020-03-16",0.568175850001713,0.574078434380518,0.537686231930477,0.528097425181844,0.65210267769295
"2020-03-17",0.514904200938656,0.523304326139947,0.487431412533035,0.485322583635755,0.607682585017358
"2020-03-18",0.549254780665667,0.55368966663775,0.518839068171769,0.520583932328378,0.643170081577465
"2020-03-19",0.333884501586914,0.337484954619432,0.314024109705947,0.308389529835508,0.411616389125902
"2020-03-20",0.340655350295239,0.346373593300101,0.321474753714842,0.316782373550057,0.439027330582736
"2020-03-23",0.607781875055373,0.638014759204609,0.594749931380691,0.613370072269028,0.900830004237073
"2020-03-24",0.0955321184726721,0.104879612665111,0.0913270097786881,0.085943708838435,0.250507029512914
"2020-03-25",0.149711218622844,0.162616957659381,0.146894735998536,0.135728405828636,0.350904825573439
"2020-03-26",0.108955860586667,0.121318739612661,0.110507381486212,0.104380582822563,0.360051060424982
"2020-03-27",0.00839667303994825,0.0110403203300011,0.00907533911973211,0.00931395648293473,0.13650564240889
"2020-03-30",0.000507281442006297,0.000961585218363552,0.000286589400520926,6.95771321414292e-05,0.0771565617784906
"2020-03-31",0.000652339450209954,0.000467657661813718,0.000143875644949173,1.21125278160966e-05,0.168367589087766
"2020-04-01",3.19767309136247e-05,2.15939895733933e-06,0.00020891234317853,0.000675631526949592,0.0775815791040903
"2020-04-02",0.00572223830005749,0.00486733260877985,0.00311117328276657,0.00165588948431545,0.11742252329809
"2020-04-03",3.69352410113386e-07,1.06633183575865e-05,0.000530712962345583,0.000996874504044552,0.0599474580588897
"2020-04-06",0.00635411881347197,0.00770317449397377,0.00970999485240199,0.0103261342140103,0.0393045295636896
"2020-04-07",0.00517960891545097,0.00358003197413481,0.00181567772010895,0.00131885233495935,0.10452010963849
"2020-04-08",0.00167111383898455,0.0028826942200314,0.00523877484368242,0.0048289105156436,0.0478921273432896
"2020-04-09",0.00736580980340392,0.00767938192381233,0.00498289405752228,0.00127722159797498,0.0566700401920906
"2020-04-13",0.0252126269452595,0.0269366088361206,0.0189370098672791,0.00477137611712002,0.0346472433612897
"2020-04-14",0.0259291135082658,0.0276497441936373,0.0144262011619753,0.000247927171063789,0.0351883948444896
"2020-04-15",0.0393309628735428,0.0416847991644586,0.0189519294660193,7.82139662472308e-05,0.0272674875636899
"2020-04-16",0.0332255350758753,0.0359716754337692,0.00735657002947477,0.0116048036691822,0.0371470500544895
"2020-04-17",0.0239849346732738,0.0373580725248035,0.00292140881117954,0.0382491035565506,0.0365584724872902
"2020-04-20",0.0280922841321804,0.0547703646577123,0.00348604976777653,0.0382498253956119,0.02867356328929
"2020-04-21",0.0287859964879114,0.0924309881631448,0.00401895425825185,0.0633185087522974,0.066465841414089
"2020-04-22",0.0132983824615036,0.0677764432714497,0.000293242028736073,0.02010970739569,0.02010970739569
"2020-04-23",0.0128389216821959,0.083374695141842,1.2966025351639e-05,0.0370453553008894,0.0370453553008894
"2020-04-24",0.03124106155357,0.139518529740356,0.00921513649695308,0.036800620350091,0.0155315651004899
"2020-04-27",0.00918558484115274,0.0851038391745778,0.00117123893784405,0.01771765979929,0.01771765979929
"2020-04-28",0.000184080698565969,0.0510459730919777,0.00134836081788452,0.0280896594400901,0.0280896594400901
"2020-04-29",0.00365838059234022,0.0660407926765949,0.000290187223688986,0.0218482986568902,0.0218482986568902
"2020-04-30",1.5299749298696e-05,0.0428650389239121,0.00385941157966575,0.0309400008652898,0.0309400008652898
"2020-05-01",0.00945335297420625,0.0124153181091684,0.0379799725907098,0.0885507020800899,0.0885507020800899
"2020-05-04",0.000113263246891113,0.0388230841583945,0.0136280370717985,0.0293271447528898,0.0293271447528898
"2020-05-05",0.000123868269238712,0.0401054394877767,0.00948486569830299,0.01686042519529,0.01686042519529
"2020-05-06",0.00216865205280433,0.0521395244597788,0.0111678839497318,0.0196548342984897,0.0196548342984897
"2020-05-07",0.0019808961893669,0.0407270056898426,0.0181324133913796,0.0111181629832898,0.0111181629832898
"2020-05-08",0.00463308240236215,0.0413776847624467,0.0200670468955935,0.00683047702088999,0.00683047702088999
"2020-05-11",0.00240532576790204,0.0299870530371768,0.0070692277936899,0.0070692277936899,0.0070692277936899
"2020-05-12",0.000231455448819403,0.00674407122397838,0.0225314209620896,0.0225314209620896,0.0225314209620896
"2020-05-13",0.0209131160823707,0.00348858771421168,0.0734863724056905,0.0734863724056905,0.0734863724056905
"2020-05-14",0.00801408540169938,3.38259195014064e-05,0.0510532669300903,0.0510532669300903,0.0510532669300903
"2020-05-15",0.00261486522432351,0.0011614071145654,0.0639264046512793,0.041858354828851,0.0354003096100901
"2020-05-18",6.12260747463118e-05,0.0061174390571028,0.032552043927022,0.01434071691889,0.0149763014572902
"2020-05-19",0.00135288373319448,0.011720932427524,0.0176494270018205,0.000329323250977063,0.0141048164376898
"2020-05-20",0.000531642034731636,0.00684759501196734,0.019089464080134,0.000800865523265816,0.00955148518489008
"2020-05-21",0.000274924727491858,0.00316159728034856,0.0222959293274074,0.00439577395419955,0.0151112194272897
"2020-05-22",0.00076827146806406,0.00327020068260212,0.0161245808297329,0.00506695224965713,0.0177374015110516
"2020-05-26",1.04449890357163e-05,0.00102109470806698,0.0190602206912349,0.00517831825275244,0.00729748809741926
"2020-05-27",0.000874300626210468,0.000161956555982599,0.026899309308912,0.0127182041197468,0.0136955561667027
"2020-05-28",1.70412636878993e-05,0.000342617780489466,0.0192678061810299,0.0148702563113724,0.0239777731761394
"2020-05-29",0.00049518325980619,3.94553815034996e-05,0.0395533653774732,0.0188673070726226,0.0232667279065297
"2020-06-01",0.0116368726034583,0.0169215083201675,0.000226505457293753,0.00908570068364874,0.00501569464177437
"2020-06-02",0.00462586710604328,0.00819373874034195,0.000632816185529975,0.00605488662221295,0.00572990706143541
"2020-06-03",0.00332184774139014,0.00546366269567033,0.000273269999922579,0.00429027696430542,0.00502004505774684
"2020-06-04",0.00296792614840389,0.00412859258449019,0.000302818049734438,0.00591550404535802,0.0101758991925891
"2020-06-05",0.00101477087503136,0.00148452332936702,2.11930890003948e-05,0.00455658086693245,0.00563504013577851
"2020-06-08",0.00266442032079993,0.00242800740107382,0.000718192076447675,0.000719084162201974,0.00143160497270118
"2020-06-09",0.00010775504023167,7.05446540899577e-06,7.82361442181725e-05,0.000739307394002676,0.000318076205382257
"2020-06-10",0.000549748215071709,0.00118585270167334,0.00141825438485574,0.00565000515734246,0.00679095721138388
"2020-06-11",0.00482748345464588,0.00656831222133026,0.0104636923087914,0.0179259755196219,0.0244392121729619
"2020-06-12",0.0113191397614309,0.0154048622368339,0.0228749325467359,0.0449268046337162,0.0561310138583459
"2020-06-15",0.00446363304593744,0.00765032892174717,0.0134024456071253,0.0362814242264446,0.0395358624450972
"2020-06-16",0.0122654941583537,0.0166412037740357,0.0291572722433108,0.0642810328071317,0.0729644093041431
"2020-06-18",0.00060983528588975,0.000120523777524554,0.00354891882903322,0.0153853774623764,0.0172105477810654
"2020-06-19",0.00364661664457284,0.00436168741741035,0.0266579556251173,0.0339921043427319,0.03417554395762
"2020-06-22",0.000496995145753273,0.000413647196246738,0.00330774310178906,0.00569208677083723,0.00572598264348843
"2020-06-23",0.000419140166606865,0.000397684965862032,0.00525570916348365,0.00515150409158439,0.00441158503870924
"2020-06-24",0.00315536919486182,0.00281825999189062,0.0289437308653556,0.0239749020235573,0.0221224505039001
"2020-06-25",0.000521432090413289,0.00032449786648709,0.0178772235448674,0.0175271869455539,0.0151038636967017
"2020-06-26",0.00326230512435667,0.00309184371299509,0.029904008943594,0.0430748283054821,0.0348436168043017
"2020-06-29",0.000923247729253152,0.000797736265018001,0.0187135294021087,0.025010774186634,0.016458664147358
"2020-06-30",0.00013270351782776,0.000171826977125324,0.00716349054758442,0.0114052367872181,0.00405739028952034
"2020-07-01",0.000615189477328594,0.000511173706094543,0.00428426066074406,0.00816235334927396,0.00177716211127223
"2020-07-02",0.000598695641471782,0.000516592672383185,0.0049087762136248,0.00725258827677551,0.000916926281706583
"2020-07-06",0.00269166137743849,0.00243538689399054,0.00154061690021843,0.00331662947333701,5.94076691224326e-05
"2020-07-07",0.000492775316373504,0.000455064390982144,0.0045624275800919,0.00617842874995511,8.89103151646445e-05
"2020-07-08",0.00116678380572191,0.00115227435307941,0.00423234144702746,0.00488641294051789,0.000495051461325966
"2020-07-09",8.64626851157527e-05,7.77433424644343e-05,0.0158195329726403,0.0175376453167896,0.00644919852965389
"2020-07-10",0.00532244887696342,0.00532267790611651,0.00437508376208667,0.00754109522743868,0.00169068230544633
"2020-07-13",0.000856170056945534,0.000922386212325806,0.0325254306499227,0.0403221343317366,0.0262097777010122
"2020-07-14",0.0125151526827556,0.0133030537269375,0.0754657089933678,0.0887558357565094,0.0633766056008118
"2020-07-15",0.00313658433929023,0.00399694404913308,0.0506652229088655,0.0642745247972837,0.0323524753685934
"2020-07-16",0.000646332808349066,0.00112318039010952,0.0399541555571012,0.02426233023769,0.0282402778598481
"2020-07-17",0.00126821083258782,0.000626199388043913,0.0165614169335281,0.0254378875442663,0.00963435537807323
"2020-07-20",0.00509235343381395,0.00330728750755928,0.00601207224340974,0.00982523943478627,0.00173760150651841
"2020-07-21",0.000150812486642659,0.000515323719046361,0.0206203895739585,0.0241975005850804,0.0109718236583991
"2020-07-22",0.000407271375248112,0.000150617392266157,0.00729210789496879,0.00895800973186193,0.00411622421724245
"2020-07-23",0.00801403175068483,0.00922676068671991,0.0457855743619625,0.0436612946310622,0.0370278166271232
"2020-07-24",0.0136126615185877,0.015054263781136,0.0500658835835321,0.0477656856881422,0.0394742891409287
"2020-07-27",0.000779385280216997,0.000753441588446297,0.0237499049855874,0.014627068533098,0.0198587217109591
"2020-07-28",4.27095995631973e-05,0.00015831033394094,0.0309976301015302,0.020911296697158,0.0274780611896702
"2020-07-29",0.000150729211222817,0.000302035810002589,0.0241682465131276,0.0177840953661811,0.0155604585269602
"2020-07-30",0.00088724650137463,0.00042550982990035,0.0394804849080599,0.0270927518058891,0.0228817421208092
"2020-07-31",0.0134038561291078,0.00997054931821035,0.0643213365603036,0.0457425911543728,0.0399344838288506
"2020-08-03",0.0103052584560463,0.00691865979919663,0.0475905633456513,0.0342275048520516,0.0300536691365616
"2020-08-04",0.000359208422227272,2.98294143871411e-07,0.0153089428321612,0.00594779360481117,0.00225227400441711
"2020-08-05",0.000921135341266268,0.00244043776527607,0.00589044327502774,0.000918662922507775,1.47586977860303e-05
"2020-08-06",0.000386863817619298,0.00145950359575762,0.0061827634269399,0.00212212331446141,0.000791299084428593
"2020-08-07",0.0011992226863322,0.000288890097356834,0.0159369704067787,0.00858556214612831,0.00408091773239061
"2020-08-10",0.00149832627295701,7.61102977965724e-05,0.0124037566094518,0.00326777414130804,0.00272195641120122
"2020-08-11",0.000145884891320422,0.000680051325676549,0.00585433824229219,0.000573937292504329,0.000319925974970768
"2020-08-12",0.000789103490704007,0.00390325570355926,0.000207759750268012,0.000330148032133747,1.52665600343694e-06
"2020-08-13",0.000314457669498193,0.000409039780376111,0.00166285060063261,6.90026337318115e-05,0.000958013501609494
"2020-08-14",2.96309221282581e-06,0.00123184670261421,0.000468701621146668,1.3165045711474e-06,0.00012721025502633
"2020-08-17",0.000945113108208984,0.00415009221974678,6.30440955517431e-05,3.18276862199369e-05,1.37438459997433e-06
"2020-08-18",0.00230834587053063,0.00610134310690432,0.000150616234588572,0.000525172336198519,0.000730679070793837
"2020-08-19",0.000121991201740532,0.00111311525840709,0.000333448031965413,0.000661657026888199,0.000467683670975223
"2020-08-20",0.00968669855837162,0.0128905833826438,0.00281985508022984,0.00252624012118011,0.0037096812317039
"2020-08-21",1.37460180369808e-05,0.000120528524850563,0.00212262394356914,0.00246506390375422,0.00432355945173677
"2020-08-24",0.0210837162397556,0.0171461776197284,0.0300267645074418,0.030433964797267,0.0328658105847068
"2020-08-25",0.00277459099958448,0.00284984106960068,0.00940464543098284,0.0130564061433095,0.0206149875270489
"2020-08-26",0.000196061485651034,5.96561727707009e-05,0.000351875544752896,0.00135482102963298,0.00611856937395397
"2020-08-27",0.000268674094817682,0.000527513577168692,0.00188294988842654,0.0060175206226525,0.0253545635908655
"2020-08-28",0.00178150454883463,0.000978579375750831,8.09793814717733e-05,0.00270605796638875,0.0299301135592386
"2020-08-31",0.0202260679483378,0.027178602635228,0.0341563161542947,0.0486496998972079,0.0805649323634568
"2020-09-01",0.00433071996478482,0.00761747813765135,0.00791487245615953,0.0138256500640376,0.0253978523693075
"2020-09-02",0.135035621993717,0.149847661377878,0.145232693173511,0.167896577106607,0.199363628218448
"2020-09-03",0.157859116911342,0.177694718493505,0.193698382698803,0.191970872893126,0.235702117484118
"2020-09-04",0.54398476122111,0.585440338882622,0.676379502811271,0.62634023483316,0.73243966341787
"2020-09-08",0.259556862584986,0.290316991714491,0.343647869164572,0.303709969391044,0.366038717209629
"2020-09-09",0.0434060829095817,0.0541296203135755,0.087897104868349,0.0695973619200147,0.103173797157754
"2020-09-10",0.0945822662725215,0.107336663402872,0.150004687352932,0.119282174507145,0.148392316830924
"2020-09-11",0.100093811586649,0.110928433378258,0.149243153231821,0.129511444948332,0.161073929873117
"2020-09-14",0.0123994057733767,0.01585010698634,0.0258549137718027,0.0255174336826187,0.0359698962142065
"2020-09-15",0.0170693024230431,0.0202442782943614,0.0257391068427548,0.0312189521159447,0.037299664709718
"2020-09-16",0.0215912503078381,0.023623776950461,0.0254777861082385,0.0292571053344206,0.033455872818472
"2020-09-17",0.0424714781510284,0.0444007394880479,0.0494830851691157,0.058104749772651,0.0767489634808085
"2020-09-18",0.0410001084669369,0.0416501891438253,0.0447633332455238,0.0558895290878852,0.0661653838457596
"2020-09-21",0.0598190656720495,0.0631017133479165,0.0615220950916242,0.072561145534105,0.084811169815767
"2020-09-22",0.00977004070545902,0.0111938571151448,0.0139346258544938,0.0116706651419233,0.0286396330184009
"2020-09-23",0.0231059352533592,0.0256867073783957,0.0407918282184122,0.0313587632823257,0.0620517606576639
"2020-09-24",0.0594350906959777,0.0619388717390621,0.118571218064042,0.0894240622525466,0.136339791516015
"2020-09-25",0.0185853114406711,0.019601026992578,0.0518053807976122,0.0372811545310449,0.0297870911235864
"2020-09-28",0.00928831036473619,0.0102594480059452,0.0293372833934686,0.0175506436877027,0.0100413201106029
"2020-09-29",0.000522645460170281,0.000127198957980034,0.0011984001199142,5.25878991539183e-05,0.00231945583933442
"2020-09-30",0.00366161947945273,0.0048251183492019,0.0144741443881163,0.00670465434175808,0.00181423252724429
"2020-10-01",0.00293061280805931,0.000841122337839272,2.10377115273566e-05,0.00119466762967171,9.26444433215786e-05
"2020-10-02",6.99369326418881e-05,0.000599531002019426,0.00689441579252582,0.00106408347793741,0.0106317482919813
"2020-10-05",0.058848338043479,0.0520159956063468,0.0211959396287193,0.0449808166441833,0.00590024866294722
"2020-10-06",2.36343509525493e-06,1.77210913833106e-05,0.00602095596646977,8.62093712983629e-05,0.025709979868128
"2020-10-07",0.00315240042942851,0.00317081441699147,1.51538549738489e-06,0.00552258391648407,0.00262959900858992
"2020-10-08",0.0124538431011649,0.0117267885920826,0.00367115000316029,0.0173124824818573,0.000454742671714509
"2020-10-09",0.0148086931551804,0.0136060981195427,0.00774733566551992,0.0288087954629784,0.00293706346153669
"2020-10-12",0.000724361204694211,0.00124612058998348,0.000225504321032353,0.00547362081775692,6.26285086927909e-06
"2020-10-13",0.047607523835655,0.0553860901368063,0.0349318760324909,0.00469716928180832,0.0122978060670587
"2020-10-14",0.00156268893187764,0.0033472830623678,1.23656997855792e-05,0.0116205561216431,0.0016041069865256
"2020-10-15",4.52138412640177e-05,0.000135357701026715,0.002300796288986,0.024632070185825,0.00521960555166884
"2020-10-16",0.00268615571209369,0.000738591891089567,0.0106174635979769,0.0423208666549751,0.0185052436438923
"2020-10-19",5.12239936427408e-06,0.000465807581128558,0.00258811369532312,0.0263882026759959,0.00515650356104483
"2020-10-20",0.00395950417357037,0.00776739937419582,6.66401723703781e-05,0.0141274882425048,0.00130679012812815
"2020-10-21",5.65778349073257e-06,0.00055692289755334,0.00325822058706059,0.0287608595498847,0.00897636917121617
"2020-10-22",0.000123288030412434,0.000157560034960915,0.00425130740843593,0.0395955240255001,0.0169604607393539
"2020-10-23",0.000819963723206996,1.1778768153875e-07,0.00856117238775109,0.0584458612585794,0.0351222116547496
"2020-10-26",0.00272376344449316,0.00687095447751391,0.00140437642854474,0.0284298338946957,0.0147113513242111
"2020-10-27",0.00171218601988531,0.00514100546980962,0.00410636918706316,0.0413910244922083,0.0336737948297889
"2020-10-28",0.0129359704154309,0.0207006051012128,5.45373664076593e-06,0.0156965643457092,0.0128188424483587
"2020-10-29",0.0063066330994585,0.0109469874786763,0.00123760937917655,0.0220373867990654,0.0195779575879885
"2020-10-30",0.0375562898126781,0.0486634811865779,0.00632335221850973,0.000134936012446247,4.97148004241128e-08
"2020-11-02",0.0161813695181167,0.0231218614990427,0.000138122339577844,0.00570042608930166,0.00394837039218553
"2020-11-03",7.72345078141425e-05,0.00137564907861987,0.00880652590483686,0.0296978749671542,0.0271006623374071
"2020-11-04",0.0158099345617995,0.0207897076093575,0.00147658820930242,0.000256862561771358,0.000307294260238371
"2020-11-05",0.00368479090938427,0.00544742353172696,0.000269281552168647,0.00398125932967422,0.00141023273346607
"2020-11-06",0.00319142397658453,0.00493998442611228,0.000558795587998202,0.00519303152674145,0.00367332330266336
"2020-11-09",0.0273573723885067,0.0316483319725477,0.00920202350769835,0.00490816678812793,0.0104634670801592
"2020-11-10",0.0131861420588541,0.0192450549564475,0.00329817705975945,0.00158560398055544,0.00953477977883063
"2020-11-11",2.39685499209996e-05,0.000221226852276381,0.00470650876029775,0.00777635605624594,0.00212514610381188
"2020-11-12",0.000259899329458007,0.000574019945917664,0.00320504999261638,0.00531937534810218,0.000934370110167043
"2020-11-13",0.00073532671404243,0.00113094077146316,0.0124995411556958,0.0250691931539358,0.0135006013478814
"2020-11-16",0.000511184178122881,0.000223360370450416,0.0098189997885435,0.0163735605843551,0.00627962266710138
"2020-11-17",0.00315502737809217,0.00167993963851316,0.0180274832067264,0.0178443110959907,0.0066202239739513
"2020-11-18",0.00203987563970705,0.000886839192779209,0.0136328357264438,0.0121116950543302,0.0029236016429664
"2020-11-19",0.00108775317257226,0.000232916191251733,0.00998700063147607,0.00923339099779233,0.00288016183221525
"2020-11-20",0.00453288761464242,0.00344526875195973,0.01745581592375,0.0121978341167021,0.00480080009732313
"2020-11-23",0.00131809604268524,0.00127579771087984,0.00985083580301324,0.00682394510095424,0.00158610892704752
"2020-11-24",0.000163226402962273,6.28856967879256e-05,0.00468233660555123,0.00367875111043225,0.00115890932896743
"2020-11-25",0.00514202762567761,0.00463686015422863,0.0153687219273568,0.0115650514749633,0.00762281642928912
"2020-11-27",0.0126783210483959,0.0122820509190566,0.0263029950492855,0.0188889440609652,0.00779558084442409
"2020-11-30",0.000703717480717338,0.000661492010151537,0.00360049132676556,0.00146738516619118,0.00669229861226242
"2020-12-01",0.000252830213333839,0.000365902975075629,0.00202075616992345,0.00251881261065869,0.0006060694739426
"2020-12-02",0.000563790207488722,0.000789359546116663,0.00229991949200764,0.00226841467591311,0.000294501121787433
"2020-12-03",0.00593939113379242,0.00621212812200933,0.00945014727134897,0.0115409404892036,0.00139500294512419
"2020-12-04",0.00437133929165189,0.00442557142030772,0.00623716213957737,0.00718379376603608,0.000381186461380248
"2020-12-07",0.00320738049163708,0.00332453401285718,0.00696039033217411,0.0132227970408364,0.0129301570602774
"2020-12-08",0.0076095076648944,0.00989966573286229,0.0162115359361129,0.0123250728851719,0.0050437618756984
"2020-12-09",0.000186858457491662,0.000350527358231623,0.00183404576299397,0.000247730390884309,0.00178525213086056
"2020-12-10",0.000621642504272062,0.000641548342398514,1.41270962819109e-05,0.000257029328102342,6.0910565268566e-05
"2020-12-11",0.000217004438338657,0.000293071004352964,0.00158590849145789,0.00130036558479888,0.000537473412726069
"2020-12-14",0.000458384214780379,0.000496810074003165,0.00191084093997193,0.00085388846173441,9.55783759756223e-05
"2020-12-15",3.71114071594983e-05,9.96414482731553e-05,0.00135163218839975,0.00102264594929037,0.000679396349864367
"2020-12-17",0.00297162940978125,0.00314053484578634,0.00750180496166229,0.0114248345963304,0.0181813232617816
"2020-12-18",0.000478312591908286,0.000408413434139215,0.0023494488359388,0.00182344218236663,0.00354947888533658
"2020-12-21",0.000733752213932969,0.00084339426229997,1.97138646673956e-05,5.47382667493925e-05,8.17457843436312e-05
"2020-12-22",0.00538441163875756,0.00530568725765649,0.00212073230796483,0.00278662450454941,0.00111884505743786
"2020-12-23",0.000837634399352336,0.00117751927965446,0.00328594741155196,0.00351326876234684,0.00566073173219563
"2020-12-24",0.00487087949791399,0.00552927994742405,0.00929208053728828,0.01028029352799,0.0153251408398871
"2020-12-28",0.00073908208227428,0.00100730828771977,0.00287457247197756,0.00385900446324962,0.00916471252457729
"2020-12-29",0.00147519859077225,0.00140859564134915,0.000230557422396457,0.000356546287298489,0.000261972138646273
"2020-12-30",0.00151459212311007,0.00207287991586036,0.00432401299545809,0.00671564289466881,0.0129181254015352
"2020-12-31",0.00162120099465038,0.00221689007181138,0.00482463975003034,0.00615332129260909,0.00833405005757394
"2021-01-04",0.0107766044915708,0.00952878330292369,0.00511305300857086,0.00455347157120766,0.00549438581574689
"2021-01-05",0.000161781588343451,7.55512174989751e-05,0.000343417146815682,2.77205643312745e-05,4.76147305135236e-05
"2021-01-06",0.00888001084603654,0.0091611278824119,0.00481170271616959,0.00520406554559554,0.0084144565400206
"2021-01-07",6.82942625709066e-05,4.55207306513479e-05,0.001193691560511,0.000681669033333978,0.000102323646311327
"2021-01-08",0.00251100030820451,0.0023814514904795,0.000285850012484642,0.00103183921509641,0.0036676144952897
"2021-01-11",4.02814296594856e-05,7.86620480621717e-06,0.000276338402607444,0.00156104784197743,0.000203349765466709
"2021-01-12",3.30145553223002e-07,1.79669449190664e-05,0.000242082548739995,0.0002211710858577,0.00274981059156555
"2021-01-13",0.000276087214023375,0.000376859830107536,0.000689045955490411,0.000136836944659122,0.00246445716688879
"2021-01-14",9.07611107216164e-05,0.000177700170554922,0.000402898456449645,9.49667446504092e-05,0.00229551518839718
"2021-01-15",0.000175541128126618,0.000306777908358056,0.000315758657653375,1.50505421696563e-07,0.0040579259828226
"2021-01-19",0.000866348056649405,0.000707183232265749,0.00112986182436265,0.000950371480174901,3.8518304979715e-05
"2021-01-20",0.000795700860314695,0.000518474912568521,0.000929851482042928,0.000504483354362786,1.37934020180191e-05
"2021-01-21",0.00100031200220972,0.000907447408986063,0.00150714490548735,0.000665193955755814,1.95562193903378e-06
"2021-01-22",0.000886526918575213,0.000300246001689015,0.000506558874261504,0.00049227815621019,7.6182612639693e-05
"2021-01-25",0.0514013130985533,0.0556676565448659,0.0518038898543774,0.0515691338695872,0.0593200894561544
"2021-01-26",0.00402133851131745,0.00512823607325277,0.00385880695669418,0.00431254190437248,0.0053594169818203
"2021-01-27",0.0292816989922398,0.0287490854498155,0.0243672067188528,0.0204687617355071,0.0292435288945563
"2021-01-28",0.0397009118136527,0.0388750163219585,0.0340426432677809,0.0275352014305124,0.0406561091528025
"2021-01-29",0.0675131274736456,0.0715228239561289,0.0637015199680488,0.0613351760763256,0.0771554261507081
"2021-02-01",0.00803335871289091,0.00995276806863885,0.00705576751288852,0.00472260213675107,0.0105106947860937
"2021-02-02",0.00184611037433919,0.00143928595305026,0.00218925310828718,0.00264687282451174,2.89383917488599e-05
"2021-02-03",0.000582297335395153,0.00036920685638639,0.00081423518593066,0.00030435354748831,1.79896340608255e-05
"2021-02-04",0.00357159255539069,0.0027417008224723,0.00338214510140639,0.00139607852308247,0.000242940173337781
"2021-02-05",0.00052638781302513,0.000165677797572444,0.000193135223246696,7.08718105327321e-07,0.00204729100025526
"2021-02-08",0.00453671902021847,0.0028067227159288,0.00238959291271668,0.0021449609123217,3.46901551251906e-06
"2021-02-09",0.00469624370087916,0.0030997338299329,0.00254014277454454,0.00445836444944161,0.000163847091092211
"2021-02-10",0.000678276543973211,0.000199607490616238,2.90846389105315e-06,1.6724040799132e-05,0.00543132507219881
"2021-02-11",0.00313298387206623,0.00199016767765996,0.00192177829342011,0.00302419400018995,1.67859752345096e-05
"2021-02-12",0.00578203615158421,0.00382049879238964,0.00351231651000609,0.00667399291698965,0.00126237632833799
"2021-02-16",0.003168296733867,0.00163552701455486,0.00125486773653806,0.0022995538493345,1.3101324933384e-05
"2021-02-17",0.000536740243292038,0.00145873335864471,0.0017532952636878,0.00194979951364127,0.00629215298888886
"2021-02-18",0.000269189058981654,6.25563426969858e-06,4.74175065526247e-06,0.000901898908735447,0.0051198464576336
"2021-02-19",0.00120058911464897,0.0003064689227621,8.83956414350727e-05,0.000788590839903257,0.00400449477797772
"2021-02-22",0.00117676945781949,0.00350252174794026,0.00497024785912367,0.00780280715150908,0.0129260223446352
"2021-02-23",0.0318080419971836,0.0439802368649253,0.051503006697117,0.0655515968864984,0.0998501288354612
"2021-02-24",0.00511591573400911,0.00854816193379956,0.0123241253319247,0.0156713973277267,0.0253579326391719
"2021-02-25",0.0148115352164717,0.016856498484931,0.0235242522266595,0.0384535725555327,0.0542038114458948
"2021-02-26",0.0176309574725499,0.0255030927953054,0.0451133662996611,0.02425669920242,0.0433404925627772
"2021-03-01",0.00116798170229768,8.41985735340668e-05,0.00381955903772191,0.00127915798533577,0.0104876401697327
"2021-03-02",0.00154878809096215,0.00281261144751316,0.0152119191829509,0.0100389143679762,0.0189776576228935
"2021-03-03",0.0101139468268481,0.0106398298854128,0.0297242858036404,0.0331594355060508,0.046435087772333
"2021-03-04",0.071877423275194,0.0659604439654475,0.0968035412560111,0.187252302684441,0.16654944616209
"2021-03-05",0.0456634096249164,0.0534308016986147,0.0756858286141862,0.144919492618369,0.12801060712449
"2021-03-08",0.013505159015731,0.0236902563239137,0.0352589181453419,0.0777490647427652,0.111774822872628
"2021-03-09",0.00120656295967953,0.00562545530624436,0.0101851208567983,0.0466310266648872,0.0348187016452899
"2021-03-10",0.00840527926719278,0.0173177824373574,0.0248751118140071,0.0609873975635089,0.0870516809178116
"2021-03-11",0.000228321120151469,4.03205083376256e-06,0.000858441598707543,0.00801024986230062,0.0104990788847743
"2021-03-15",0.000516835169670469,8.38545692770008e-05,0.000142503354072366,0.00278070962016383,0.00230521658031378
"2021-03-16",2.25196837210718e-05,0.000151333516385705,0.000998169139990217,0.0136360418020015,0.0175367266849888
"2021-03-17",0.000411335446746654,0.00120463677582063,0.00292787102744178,0.0184034112225961,0.0301675722792727
"2021-03-18",7.34162075766627e-05,1.63071754663029e-05,0.000452857126146216,0.00553208513604543,0.0126217111196878
"2021-03-19",7.83965408646878e-05,0.00051388332408455,0.00156709748105225,0.00938969218121621,0.0183587848108983
"2021-03-22",0.00228841336594947,0.00104354036818098,0.000221900809960512,0.00267451296368942,0.012333738262792
"2021-03-24",0.00935737728568707,0.0056862005425414,0.00247626871599374,0.00237715838824537,0.0254003545032545
"2021-03-25",0.000680309408189674,0.00138854553358543,0.00349399129098417,0.0243837754788648,0.058707562019028
"2021-03-26",0.00257335461116788,0.00211870845093286,0.000148530522709656,0.0128166629946319,0.0224654232940898
"2021-03-29",0.00398664757272897,0.00313004252329063,0.000284278004588888,0.0130771778312207,0.0186485516640901
"2021-03-30",0.0016012479069516,0.000590979238695363,0.000186875943396454,0.00822130413245113,0.0113634960400899
"2021-03-31",0.00263946859558521,0.00137213255518944,0.000262037366120643,0.00439325921782692,0.0186048690148218
"2021-04-01",0.00895137586318825,0.00893072524536903,0.00605519625454879,0.000546358344390102,0.0129679317874569
"2021-04-05",0.0177019080464997,0.0192865134366914,0.015661021228688,0.000850782666690891,0.00348909372839239
"2021-04-06",0.0122060764737938,0.0149909900286193,0.012970610336106,0.000348328384940347,0.0027260382378072
"2021-04-07",0.00783625551993561,0.0068487626068083,0.0059459563912347,0.000456966882419586,0.00849394263004794
"2021-04-09",0.00506458678608061,0.00212196402707123,0.00178719985108509,0.00136936377346097,0.0102855625221404
"2021-04-12",0.00615764348912397,0.00387819724857753,0.00390222756987033,8.77261718742145e-05,0.00305166886922378
"2021-04-13",0.00368336786352638,0.00157681722731032,0.00272533624116772,0.000130560317758632,0.00106807272870598
"2021-04-14",0.00132763493448444,0.000783172207671902,0.00273346269375802,0.000108258084932712,2.2565270783931e-05
"2021-04-15",0.00385316007461033,0.00367224590396368,0.00827445871234303,0.000979417299780013,0.00190287216784523
"2021-04-16",0.0098976953852651,0.00928154220625987,0.0158750570849079,0.00411214417175846,0.00628867144154861
"2021-04-19",0.00497510907122179,0.00750701553396493,0.0144106028561983,0.00496704993861941,0.00841761307643127
"2021-04-20",0.00159239448343204,0.00285094603144065,0.00705210979980967,0.000791242210508164,0.00247262288286497
"2021-04-21",0.0061606719091458,0.00809807803091651,0.012773776694475,0.00453115992416178,0.00639061750127288
"2021-04-22",0.000247886337727575,0.000475604827886889,0.00139552258053501,0.000235783565725151,0.00130343576501118
"2021-04-23",0.00749456926189346,0.0104232859431454,0.0140181843945097,0.00822619163671063,0.0146004843522172
"2021-04-26",0.0129032214993459,0.0182931908804065,0.0218733335151489,0.015487884537053,0.0217968819740843
"2021-04-27",0.00564857512939038,0.00899219575342938,0.00928860669766299,0.00762186543079707,0.0131726965891418
"2021-04-28",0.00256232940011677,0.00574211906815159,0.00507129882391143,0.00480433801034152,0.0096776414481533
"2021-04-29",0.00067107000654444,2.11521728127305e-05,0.000165212304766773,0.00032403279301887,0.000117913676047981
"2021-04-30",0.00145063708042336,0.00271108126337677,0.00163898226292327,0.00154859669839262,0.00768928913995952
"2021-05-03",0.00250283861068685,0.00551013566266384,0.004256193813971,0.00426453985609741,0.0167752486074162
"2021-05-04",4.51428201451181e-07,0.000761088273423079,0.000147777209666674,7.32229356513291e-05,0.00485363788452493
"2021-05-05",0.00141889387367879,0.0044477113125276,0.00258879469463509,0.00237228956514896,0.0135233566107768
"2021-05-06",0.000488884334182346,0.00286977395880885,0.00122565819223929,0.0011086940295416,0.0102956679980967
"2021-05-07",0.00127513879098221,0.00362806690914304,0.00156784305320166,0.00192646546526773,0.0091389667596754
"2021-05-10",0.00196186833467725,0.00464864955372267,0.00223522046611905,0.00194581444702443,0.00898793212129137
"2021-05-11",0.000931614223275634,0.000213849630964743,0.00125886587717462,0.00107598453129264,0.000270952647926799
"2021-05-13",1.86228475764737e-05,0.000100241077012174,0.00019888764876907,5.48606437045207e-05,0.00136297287307518
"2021-05-14",0.0040379087282781,0.00599736507195992,0.00278668371386173,0.0036597936071516,0.0098838226750783
"2021-05-17",0.00100096486248312,0.00174882859536591,0.000286521077511234,0.000365254431605064,0.00426612275514914
"2021-05-18",0.00532107378721731,0.00761037500136073,0.00385242650371782,0.00340007525172044,0.00755936746481518
"2021-05-19",0.000124257833920447,0.000370451243752246,0.000129483588939182,1.88843385012247e-05,0.00017220651170797
"2021-05-20",0.00501774388356195,0.00560815901439257,0.00212010290169775,0.00232263300482644,0.00464114978523357
"2021-05-21",0.0057106032649852,0.00590287411863142,0.00239967021578046,0.00216897005144192,0.00478025853069468
"2021-05-24",0.00810927723685818,0.00704900036012606,0.00331280186758815,0.00296270769165123,0.00465150621427311
"2021-05-25",0.00491202653266409,0.00712088823400495,0.00493061064306021,0.00564894865302094,0.00832553082279832
"2021-05-26",0.0120790150189866,0.0128891404372735,0.0105838192474002,0.00850841982883635,0.00992179646115157
"2021-05-27",0.00877461853415637,0.00889924344075041,0.00604902436037087,0.00335206176609333,0.0023467635879207
"2021-05-28",0.0142651954351707,0.0121978676059061,0.00719107698169393,0.0110867075908297,0.0060188424774038
"2021-06-01",0.0126714409204374,0.0125916474685818,0.0102055092790518,0.00973033130954496,0.00543219019768463
"2021-06-02",0.0094576822614095,0.00899492272045073,0.00750033816765075,0.00629521107413495,0.00220703802775805
"2021-06-03",0.00790364749336605,0.0071005492978892,0.00520177945238522,0.00435559262608774,0.000945847212569945
"2021-06-04",0.0144348042440591,0.0130077592860995,0.0114639417417579,0.010408784766329,0.00417820867330906
"2021-06-07",0.0106771768079276,0.0100660946962958,0.0107232222866304,0.0100230952598642,0.0053180354983834
"2021-06-08",0.00770655738799666,0.0072514049461666,0.00826172376494905,0.00719661314574551,0.00404210462515442
"2021-06-09",0.0110744922603662,0.0126969809766818,0.0146486989548376,0.0140377492891532,0.0108554788326028
"2021-06-10",0.0135744565295205,0.0165855994290606,0.0194218084649849,0.0127304483832459,0.00715383974866116
"2021-06-11",0.0172379807722254,0.0173597036177348,0.018776830544141,0.0165322356667218,0.0126774973410771
"2021-06-14",0.00622171733940488,0.00639048447054577,0.00745070067271638,0.00542092140181291,0.00410822271838756
"2021-06-15",0.0103199690384558,0.0140676730797884,0.0171452724478123,0.0142054447732942,0.0122014079390565
"2021-06-16",0.000544589172446464,0.00115162728280166,0.00225280084384138,0.000912300109527959,0.000331844746160983
"2021-06-17",0.00570529295468079,0.0097499889067432,0.0129570340033879,0.00842006747642253,0.00733907281002325
"2021-06-18",0.00157146659317795,0.00285783315561598,0.00507885538418237,0.0033671540170527,0.00342276618795018
"2021-06-21",0.00556336605910709,0.0077033221844051,0.011813920203436,0.00715183798044194,0.00692747901617358
"2021-06-22",0.0061065629046648,0.0106756987133167,0.0165614984898848,0.0119877022841641,0.0131523594552444
"2021-06-23",0.0116304697442699,0.0192439476271592,0.0266838160521769,0.0219349844018817,0.023301292808085
"2021-06-25",0.011285099917756,0.0186888489209435,0.0280783713289807,0.0230687985766734,0.0264910432554739
"2021-06-28",0.0132587032804023,0.0195014478190037,0.0291347053210472,0.0259038102386632,0.0312748950752426
"2021-06-29",0.0110790621689165,0.0183295145977031,0.0298710482112344,0.0257743415374986,0.03319484263899
"2021-06-30",0.0117179136175065,0.0193057814632594,0.0325947902511293,0.0278931127987845,0.0349666689349686
"2021-07-01",0.0138095403206258,0.0220753360843825,0.0346569231230946,0.0286270695545523,0.0352977243523281
"2021-07-02",0.0121885320425249,0.0180662776915832,0.0289574799874984,0.0263455576937507,0.0346583935350601
"2021-07-06",0.00261575507001935,0.00500851736663985,0.0103242644301581,0.0115812256851765,0.0151072691259909
"2021-07-07",0.00201627999132984,0.00427850574185166,0.00884151345466189,0.0107041011697808,0.0141089990565787
"2021-07-08",4.31669240447439e-05,0.000547552496719079,0.00265922080884741,0.00487020096077351,0.00806443004746859
"2021-07-09",0.0056143230414587,0.00812335226621559,0.0137812475046604,0.0183816246148332,0.025766945751241
"2021-07-12",0.00402441426672626,0.00542040104919657,0.00992850782748498,0.0125517187247213,0.0180308739243148
"2021-07-13",0.00128414889907836,0.00145981793016824,0.00390371665901348,0.00668396421095604,0.0102845019796867
"2021-07-14",0.0011493650605764,0.001513989206376,0.00400895355540618,0.00790778853840126,0.0114698267189193
"2021-07-15",0.00190055044714096,0.0024186556243149,0.00498171868957685,0.0062050615261149,0.00984758184814071
"2021-07-16",0.00178742505306846,0.00162316911416865,0.00314990526710197,0.00543787535861842,0.00760880655269678
"2021-07-19",0.000243068064248257,0.000382521542976762,7.1103108636859e-05,0.000119368135759089,0.000996391042354936
"2021-07-20",0.00185572733974901,0.00149588509225434,0.00257306333631548,0.00512805733823861,0.00879519270671316
"2021-07-21",0.00366231288976601,0.00283822164521053,0.00413424836278249,0.00813400510933844,0.0130412921128207
"2021-07-22",0.00450817069548841,0.00375315360206046,0.00530494290226686,0.00956020874422264,0.0119371781774778
"2021-07-23",0.00813445748119484,0.00712020194140828,0.00965962795129939,0.0164205526399484,0.0198605617673453
"2021-07-26",0.00483452940571878,0.00364754550647257,0.0058997880052682,0.0120408976171685,0.0120544268334854
"2021-07-27",0.000698017132590971,0.000400074272591734,0.00101353492633841,0.00741474600759444,0.00517871949052986
"2021-07-28",0.00240923529938685,0.00349503519106685,0.00296732315407453,2.63027051918738e-05,0.000464026830315502
"2021-07-29",0.00531687670497774,0.00455110521497129,0.00502833772821941,0.0133217970427436,0.0106245424212795
"2021-07-30",0.00345659464302164,0.00268901625459266,0.00274256706329253,0.010315982597682,0.00778874160829892
"2021-08-02",0.00223036264208479,0.00156497155744837,0.00148878580452064,0.00703929086513715,0.0050806174383035
"2021-08-03",0.0039712621986296,0.0043137558224235,0.00490472563416093,0.0112965077950387,0.0106488132861055
"2021-08-04",0.00503693997748908,0.00511628621827536,0.00600040029928752,0.0133545783044737,0.0111036770951084
"2021-08-05",0.0105521169110795,0.0101651140647146,0.0114738247801095,0.0215126948720421,0.017145861320835
"2021-08-06",0.00679109096513847,0.00591914188290928,0.00689936451721244,0.0160214083572058,0.0126594246503091
"2021-08-09",0.0071584980520022,0.00553558216931369,0.00654891271183163,0.0172112380909161,0.0134844493034
"2021-08-10",0.00650383089719754,0.00545165048725502,0.00673542510841811,0.0153955901244946,0.0108222523639728
"2021-08-11",0.00749930567093681,0.00710120781571246,0.00924644707650214,0.0193560293775702,0.0152593572436961
"2021-08-12",0.00934163807861618,0.00965253826738746,0.0126107491492872,0.0254672472363488,0.0209600011202539
"2021-08-13",0.00906862210565109,0.00909901808094396,0.0123479155817121,0.0248576690487726,0.0216815259961737
"2021-08-16",0.00147453986746319,0.00207521788013387,0.00406549358849163,0.00918540162944521,0.00641900153227323
"2021-08-17",0.000147010762144686,0.000238748068700135,0.00131280926449954,0.00474621296613421,0.00312042414160728
"2021-08-18",0.000748832181960806,0.000834286491458923,0.00271252186005879,0.00778941620872365,0.00621241856189377
"2021-08-19",1.88368288169742e-05,9.33254450708903e-06,0.000578238035752247,0.00353431169518606,0.00286305552146533
"2021-08-20",0.00304822878991433,0.00319378272638711,0.00678581864575976,0.0176374000530374,0.0129986135585598
"2021-08-23",0.00814086713834202,0.00971637426209967,0.0160475101576531,0.0301950246679615,0.026572945387471
"2021-08-24",0.00959722643823688,0.0123020810288371,0.0193333189609785,0.0265385561814813,0.0212937994283795
"2021-08-25",0.0162570449676665,0.0168885438654932,0.0225889345973442,0.0251178295356441,0.017146970573404
"2021-08-26",0.00566073499225346,0.00660659100566977,0.0110630236253609,0.0280918996869739,0.0204086235545573
"2021-08-27",0.00652037779328141,0.00936958404607646,0.0161031916606119,0.0296749620521479,0.0246720251721876
"2021-08-30",0.00380048000341917,0.00417380234023319,0.00863444483636495,0.0160460765692383,0.0116748838901911
"2021-08-31",0.00208275572069233,0.00269590113519887,0.00739489790790452,0.012690139345055,0.00789206253537092
"2021-09-01",0.00264252729814072,0.00265098814550624,0.00815980973001317,0.0175121900249653,0.0139163390721977
"2021-09-02",0.00339487852823991,0.00335823310381989,0.00933489074223026,0.0152873424839254,0.0121472501498521
"2021-09-03",0.00568418969521765,0.00618849368836445,0.0132554881551418,0.018021204858646,0.0153079105914671
"2021-09-07",0.00397834171413599,0.00490262526955871,0.0114894310743503,0.0146671535423734,0.0126128103013172
"2021-09-08",0.00301831599267354,0.00395720649399576,0.0102091067062526,0.0100805480315888,0.00811387334690039
"2021-09-09",0.00413818747232167,0.00535110619747788,0.0125016724226791,0.0130841543256339,0.0113045335046183
"2021-09-10",0.00992560985752894,0.00816771050969241,0.00286923163640537,0.00324798384024763,0.00402172928471819
"2021-09-13",1.66266317839565e-07,1.60431941153231e-05,0.00143227806988391,0.00156268930397771,0.00142975896635837
"2021-09-14",0.00101995685722624,0.00133605146689418,0.00486222543897776,0.00530117709463018,0.00378609379704593
"2021-09-15",0.00505295174225298,0.00638941519601672,0.012686811531476,0.0122960626563587,0.00942161376403194
"2021-09-16",0.0051853113865264,0.00545706223255868,0.0104025797171078,0.00885797963128616,0.00592790494753951
"2021-09-17",0.00304513128592045,0.00335771290559981,0.00697661857581651,0.00770657193164015,0.00529842853231031
"2021-09-20",0.000324545817150859,0.000380915541008714,8.02916196472753e-07,2.23787789627492e-05,2.34732212684336e-07
"2021-09-21",0.00033910457419667,0.000271523852531287,0.00155901823542442,0.000615871079011045,0.00113995860031317
"2021-09-22",0.000606960325248007,0.000577909000631747,0.00303871598581668,0.00301841479262833,0.00390340773628002
"2021-09-23",0.00354098040764291,0.00305645454653102,0.00773229205569621,0.00825391713458861,0.0122684769069416
"2021-09-24",0.00698312941913459,0.00603504761357361,0.0128461836391219,0.0109077716502092,0.0163051284233019
"2021-09-27",0.00268055588707698,0.0020388381146255,0.00647152959824895,0.00542014151805383,0.00675847585694812
"2021-09-28",1.31408317678053e-05,3.85349841915263e-07,0.00178334924087527,0.00229361004853903,0.00203802269391001
"2021-09-29",0.00163539974617306,0.00126500346815499,0.00612238323828282,0.00675226925278679,0.0058374109106369
"2021-09-30",0.000517923792585647,0.000130396858730172,0.00255602368381722,0.00333714564620999,0.00180858046711573
"2021-10-01",2.42175691472122e-06,0.000177335589903486,0.00062683842544485,0.00137801126125485,7.6703548803786e-05
"2021-10-04",9.32695189904209e-06,0.00031575990879256,0.000361530421891668,0.000512530337191144,4.04090688295419e-05
"2021-10-05",0.00208452940355177,0.00108307755174742,0.00504465703007721,0.00789304735986252,0.00370131729486984
"2021-10-06",0.000278990679717247,3.1719956471142e-05,0.00191632410275445,0.00371840244235042,0.00117883911827947
"2021-10-07",0.00594216447030136,0.00374507419982687,0.00956037419887032,0.0113288838107384,0.00724133413401255
"2021-10-08",0.0132201947007327,0.00735208095988353,0.0132574429864931,0.0149990180265423,0.00496718149849654
"2021-10-11",0.00732577732843903,0.00562153555705604,0.0124212337049536,0.01256990297444,0.00553154289886358
"2021-10-12",0.00239345175710591,0.00146450880045188,0.00518614735819047,0.00583246640376382,0.00216564608115841
"2021-10-13",0.00209909317939335,0.00192621920842542,0.00630458554432319,0.00798491103528191,0.00609944675119022
"2021-10-14",0.00901699952003697,0.00869925876267061,0.0161162038618364,0.0171468755420197,0.0138620611139302
"2021-10-15",0.0103982692798776,0.00739042390784018,0.0147054964793155,0.0174843768769438,0.0177737086717352
"2021-10-18",0.00888660014484877,0.00638447433073018,0.0132433615676841,0.0155050276633752,0.0166643328582993
"2021-10-19",0.00875916036280496,0.00561011690900385,0.0122219589794576,0.0119710224454483,0.0128837863973368
"2021-10-20",0.00987773157664191,0.00622120194653626,0.0124149626841689,0.0184931387303048,0.0177974543423079
"2021-10-21",0.00837000179247175,0.00455326199148169,0.00818310644849867,0.0106530222071984,0.0110392598460861
"2021-10-22",0.00637213843769679,0.00304680216926125,0.00619349427767882,0.00866047876796543,0.00849010297091485
"2021-10-25",0.0098465663233645,0.00698182740610784,0.0121118549552896,0.0129979519520013,0.0121825819956786
"2021-10-26",0.00745784604149353,0.0050790189723575,0.00958421656803658,0.0100902180697797,0.00828226475486518
"2021-10-27",0.00812007298307981,0.00511291064303844,0.00950306912278011,0.00923377789865019,0.00935268543958157
"2021-10-28",0.00637308570055882,0.00344901497128126,0.0066738308638132,0.00673583820350083,0.00738293492590404
"2021-11-01",0.00655606585763422,0.00300545168733403,0.00507557530571609,0.00338937138752767,0.00319049346864031
"2021-11-02",0.00654861007790183,0.00445716416980834,0.00700528228866167,0.00753767048502444,0.00655544095266634
"2021-11-03",0.00696848793055148,0.00484798959062392,0.00643517438395669,0.0104291848682436,0.0100046257515822
"2021-11-04",0.00845161718237395,0.00617413773355188,0.00677833346712909,0.00798139799896309,0.00713979939108984
"2021-11-05",0.00523634107382191,0.00297440728453615,0.00284880183263337,0.00548235904087396,0.00550817618293421
"2021-11-08",0.0113710790240568,0.00753509204991621,0.00712818017396534,0.00974270555228469,0.0106481167758823
"2021-11-09",0.00354059262687695,0.00203442495846829,0.0020368331078485,0.00353882469624085,0.00475223347901513
"2021-11-10",0.00306091293737635,0.0023784023395919,0.00201198068356594,0.001634734817912,0.00144423792393332
"2021-11-11",0.0162150785322739,0.0149467067565048,0.013186790538902,0.0122095842889598,0.0142201298733866
"2021-11-12",0.0101748704239924,0.00928523850653611,0.00728517419215822,0.00596739353977666,0.00890885346822205
"2021-11-15",0.00667003935967284,0.006369113699127,0.00497284523815267,0.00515330869847233,0.00742981415608542
"2021-11-16",0.0104840957411942,0.010541619885977,0.00868710216516551,0.0115943638718135,0.013078384905989
"2021-11-17",0.00320768087323807,0.00299381314576242,0.00194698801570604,0.00451752599578231,0.00603970361795619
"2021-11-18",5.6709892063976e-05,5.42071376542925e-05,0.00036782580211667,1.0250211876583e-05,7.44891509200501e-05
"2021-11-19",0.00108984499504001,0.000784544400725891,0.000194723027193499,0.000516090704915989,0.000671093569976117
"2021-11-22",6.68549403496636e-06,2.07920940357793e-07,3.85256956685617e-05,7.41815977069939e-05,0.000186948526158097
"2021-11-23",0.000783521485609542,0.000982109517136792,0.00194199078734458,0.00174468478671605,0.0046563839692258
"2021-11-24",0.000818833744361522,0.000732933041466515,0.000145947171679439,0.00490289538928844,0.000812160521175635
"2021-11-26",3.9543179162839e-05,0.00011543804873455,0.00183173340145893,0.005112442333231,0.00857780271028159
"2021-11-29",0.000735176219183045,0.000329174715502889,0.000377739047101757,1.10084220612452e-05,0.00134952753205178
"2021-11-30",0.00594969584699911,0.00784459002210729,0.017997518170061,0.0198157648962069,0.02589981252559
"2021-12-01",0.00433397194091887,0.00625770610327854,0.0158842439339142,0.0167108107907658,0.0204483641698009
"2021-12-02",0.0120292088072604,0.0131135270116215,0.0248545639590064,0.0318944760920655,0.0296707324319713
"2021-12-03",0.0114939687234913,0.0114778629632526,0.0211167553124203,0.02679009284753,0.0242021100455126
"2021-12-06",0.00480330006493338,0.00576589115011602,0.0118453240554902,0.0160716158265056,0.013477611647481
"2021-12-07",0.000515966182252631,0.000410354471540671,5.34108416637221e-05,0.000990430296860931,0.000654447933728911
"2021-12-08",0.000397672147791729,0.000759458749877068,0.00268252712460643,0.00872037661377037,0.0100215118147009
"2021-12-09",6.23687340756567e-07,0.000108345974859726,0.00108941167175204,0.00727171814043559,0.00974538094494721
"2021-12-10",9.35145889276152e-05,0.000360636298401683,0.00177993091738556,0.0060500769827542,0.00675598405987389
"2021-12-13",0.0069877770340255,0.00879749682369735,0.0131439229051577,0.0221364479847896,0.0293604580370764
"2021-12-14",0.00572109339529959,0.00578179380912788,0.00957090032247487,0.0138176371811755,0.0197554640893736
"2021-12-15",0.0143599521213943,0.0140083023821151,0.0209130644116472,0.0278976510010165,0.0336181304101742
"2021-12-16",0.0084961231576391,0.00708547083279923,0.0129560011690885,0.016258876227121,0.0200111317508914
"2021-12-17",0.00890742486647636,0.00643514147484823,0.0120940023369071,0.0117601966216528,0.0204128620694594
"2021-12-20",0.00453924715013627,0.00235798171963103,0.00587960748486946,0.00424063132043579,0.00979304726024559
"2021-12-21",0.000824237822027345,0.00310165615846777,0.000871070160623042,0.00100775708323696,7.27897823074247e-05
"2021-12-22",0.00297758963668948,0.0065298049009186,0.00246158472727002,0.00365586818349799,0.000664945281661862
"2021-12-23",0.00767695141367959,0.0112641574562451,0.00571968719685262,0.00765470780978913,0.00292617222118977
"2021-12-28",0.00213270151891772,0.00435435844710821,0.00161811508087577,0.00101791978051437,0.000162892515795561
"2021-12-29",0.00453331392810967,0.00745704071789389,0.00533682011072478,0.00422343628328728,0.00160954624243989
"2021-12-30",0.0124872294697981,0.0174933974204957,0.0143893566636842,0.012593010632537,0.00852711826664339
"2021-12-31",0.00928743036381846,0.0144992237924157,0.0125842806073169,0.010559378375344,0.00684204185058869
"2022-01-03",0.00403097939245795,0.00836441631559098,0.00678485741688659,0.00480334028770468,0.00241087820003878
"2022-01-04",0.0025869437373311,0.00639928945644542,0.00500900640924967,0.00402362323491362,0.00246834101748613
"2022-01-05",4.30022313310497e-05,0.000746301130648159,0.000349321353250222,7.50506035743143e-05,3.72182820185523e-07
"2022-01-06",0.00350147918400526,0.00133625524063662,0.00211199716024229,0.0017476281976283,0.00115196959669781
"2022-01-07",0.000289117552273623,0.00103892344271652,0.000478237532087706,0.000865620242660511,0.00142763814323334
"2022-01-10",0.00891289359156992,0.00561216624714361,0.00659411229741865,0.00518859650715019,0.00350341265960969
"2022-01-11",2.64833550708025e-05,0.000313409582475813,0.000212437174161152,0.000889503580549873,0.00384936361659629
"2022-01-12",0.00296096516055946,0.00553127938052937,0.00463383976200309,0.0121355458410212,0.015620392922349
"2022-01-13",0.000430859580301883,0.0021299500919772,0.00161449785458406,0.00496971741755977,0.00680429667520097
"2022-01-14",0.000142616975709208,0.00112174987919421,0.000728097801282015,0.00474846967417059,0.00691897268927181
"2022-01-18",6.68613836126169e-05,0.000756053562950781,0.000442072695116014,0.00530307806526671,0.00648998702113101
"2022-01-19",0.000424081324584663,0.0015913152198783,0.00107452057312178,0.00767711247450114,0.00643780581612296
"2022-01-20",0.000448210830781513,0.00130552227094773,0.000719124368442875,0.00587875738884114,0.00798423461658294
"2022-01-21",0.0160046716638109,0.012947807246607,0.0149618396523493,0.00587840350526563,0.00322448018057795
"2022-01-24",0.07460087833771,0.069975235458004,0.0727065466449474,0.0526702055291735,0.0404446845910414
"2022-01-25",0.0394566847337302,0.0388606774026175,0.0391283891352178,0.0250862876375981,0.0149531314447008
"2022-01-26",0.0383582540098286,0.0372255609271458,0.0351737492676767,0.0177076887951562,0.0085929143010925
"2022-01-27",0.0131126410035502,0.0132897412634442,0.0119112200404264,0.00357822091845711,0.000268166772344154
"2022-01-28",0.0205708097019717,0.0203660935039197,0.0195230415488655,0.010880163135336,0.00356797467098346
"2022-01-31",0.00056523341238803,0.000572267496246214,0.000403921775060462,0.000305913541271163,0.00361485107410428
"2022-02-01",0.00056856698244086,0.000440112831995165,0.000252488990444267,0.000461706720281879,0.00373332634039281
"2022-02-02",2.59371370035039e-05,8.46265455895939e-05,0.00025045394616159,0.00298940744778264,0.0100352423354108
"2022-02-03",6.33980099767009e-07,7.73104813046073e-06,1.12413134002847e-05,0.0019136591110343,0.0061691929401624
"2022-02-04",1.28479254118252e-05,6.59202054857679e-05,1.8569527364976e-05,0.00211002887824694,0.0078690312186941
"2022-02-07",0.000654565072755917,0.000159964214767761,7.36159369388868e-05,0.00264656610843489,0.00865715810942087
"2022-02-08",0.00386515226904308,0.00235513778767822,0.00180521442681298,0.00901276492423381,0.0155087888423032
"2022-02-09",0.00535192645073963,0.00414478131768816,0.00328179184520429,0.00846952120487691,0.0141524227599596
"2022-02-10",0.000115250616900739,0.000619652966168914,0.00128613257644563,5.3088346318171e-07,0.00119132765343476
"2022-02-11",0.00612195156406157,0.00806868400768504,0.00985462505945867,0.0053137379095439,0.00162952897491363
"2022-02-14",0.00326501134951503,0.00422685013541378,0.00523200090219924,0.00228203407511075,0.000416319913002985
"2022-02-15",0.00507618281459216,0.00420869487737305,0.00335414481518952,0.00555284361135986,0.0121689092300819
"2022-02-16",0.00157971896055589,0.00132399059841783,0.000817853802281548,0.00202477699530716,0.00825262380360631
"2022-02-17",0.00474915285284419,0.00394586473844438,0.0026238550218598,0.00437759635816087,0.0117174813764443
"2022-02-18",0.00192160701179783,0.00194140287314611,0.00134102837695991,0.00156150495471207,0.00433024822720518
"2022-02-22",0.000560754798808974,0.00105163679127876,0.000826026025329582,0.00022006078665651,0.00126968815644789
"2022-02-23",0.00141619914500353,0.000860092608644762,0.000258280479335235,5.5226133780212e-05,0.000106685819155514
"2022-02-24",0.0183526620445681,0.0227599883828589,0.0283520088183414,0.0436901405963047,0.032330659010122
"2022-02-25",2.12064534128092e-05,0.00074090119265614,0.00212437436947013,0.00779476580861938,0.00574031831069219
"2022-02-28",0.000512845931636408,0.00319389357913199,0.00611779186698808,0.0149135894842353,0.0159552522699604
"2022-03-01",0.00349361414167505,0.00572391557650455,0.00826715555667164,0.0203642252620251,0.0226097078332469
"2022-03-02",0.00024783891112133,0.000340091328970023,0.000778317095469618,0.00478696645217985,0.00643136383581755
"2022-03-03",0.000115755850458943,1.69018165631529e-06,8.03301389713592e-05,0.00291920522623175,0.00971372519760048
"2022-03-04",0.000833710682411441,2.98692860327142e-08,0.000400775615220973,1.04763893897919e-05,0.00519435169348658
"2022-03-07",0.00229402980470164,0.000140405479707354,0.000546466864388453,0.000160509341846002,0.00636310604836754
"2022-03-08",0.0340301346680477,0.0267745817666035,0.0321728248814653,0.0212174689691349,0.045152581735569
"2022-03-09",0.0012435495821903,0.000590349555576807,0.00217547458708703,1.4817632164239e-05,0.00753447796507634
"2022-03-10",0.00111569766947585,0.000262935009152905,0.00163288672570489,0.000717593113734411,0.00148451900894853
"2022-03-11",1.7021842234644e-05,0.000666025343284435,1.87128397441915e-05,0.00226126663525657,0.000309114322846775
"2022-03-14",0.000900023680853625,0.000352621818360426,1.33226267536339e-08,0.00124496601735205,0.000464349566053301
"2022-03-15",1.05652434600613e-06,0.00410581631976805,0.00233622860240728,0.00548900813496722,0.00695507419972107
"2022-03-16",0.0102043430833309,0.0010984429164804,0.00238131154975304,0.000664520273492929,7.06035997007332e-07
"2022-03-17",1.81849195266095e-05,0.0065130431814042,0.00466226919401543,0.00810044181589203,0.0125889950733417
"2022-03-18",0.000104137618002971,0.00892879064891517,0.00720413443634644,0.0115291691280623,0.0164724847102848
"2022-03-21",2.15413726764281e-05,0.00752293292506935,0.00655994015921338,0.0104336432953982,0.0147058556648684
"2022-03-22",0.00332604102086187,0.0247715263165775,0.0235167870263033,0.0295228341378739,0.035138203981493
"2022-03-23",0.000462464292467218,0.0143307800419684,0.0137384922406367,0.0198000874347877,0.0253008586040331
"2022-03-24",0.00155267819817344,0.0211354440910125,0.0210930071739232,0.0271224320682861,0.0353049734785817
"2022-03-25",0.000956042121729938,0.0126149882913579,0.0141027020342293,0.0224682755254523,0.029693224597585
"2022-03-28",0.000327790226351052,0.00949577756608009,0.00990011544736654,0.0187069115534536,0.026483527507688
"2022-03-29",0.0012128553847264,0.0114466068688959,0.0128456921005358,0.0241036329704361,0.0341050455104226
"2022-03-30",0.00200281756852808,0.0145281790338285,0.0165529354538435,0.0317724703314148,0.0440644078527453
"2022-03-31",0.00139805851056775,0.0156997767630706,0.0172847548148838,0.0353162339610657,0.0494116183256177
"2022-04-01",0.000405493483884066,0.0123655604571158,0.0139761620767995,0.0324635733299618,0.0470737550379749
"2022-04-04",0.00412868816961898,0.0234016141949628,0.0248584319900135,0.0511409295930456,0.0673527668597602
"2022-04-05",0.00339583695900888,0.0230379138377431,0.0247212503421933,0.0458300311033175,0.0590367175229188
"2022-04-06",0.00126249322786982,0.00103859166452636,0.00151503054034531,0.00936142582764596,0.0147585917843169
"2022-04-07",6.3810008805085e-05,0.0032791426480177,0.00384869187752244,0.0132107391828338,0.0187144383882238
"2022-04-08",0.000390883955845062,0.00579571335899682,0.00736396278579845,0.0185070504835087,0.0255405709970179
"2022-04-11",0.000715456142437297,0.00817951779566783,0.00970127358981388,0.0204335742477752,0.0281133279199303
"2022-04-12",0.000198989074905696,0.00349306656066522,0.00391670223784823,0.0125527862652994,0.0181584843599594
"2022-04-13",0.00273106917938817,0.0146197803965972,0.01612509458809,0.0313778413116008,0.0382355882488014
"2022-04-14",0.00097407132099266,0.0104806318505657,0.0108155162976394,0.0254575223813551,0.0322908124991964
"2022-04-18",5.72227350449841e-07,0.00398348443198438,0.00437199568008289,0.0152674851203909,0.0219124651790275
"2022-04-19",0.000599905865152995,0.00968819811507751,0.011597195775638,0.0271409320777201,0.0393813889232844
"2022-04-20",1.89897354151124e-05,0.00594176313823891,0.00678569364751192,0.0208190534278358,0.0323509755963905
"2022-04-21",0.00044506657431564,0.00280511244281106,0.00332314373752452,0.0146056304053632,0.0234565008510032
"2022-04-22",0.00121613384700893,0.00146140935510777,0.00203566805135883,0.0123160480970531,0.0231690319360333
"2022-04-25",0.0192152009113753,0.00509662149471401,0.00423722322460556,3.2806411411085e-05,0.00117428833288702
"2022-04-26",0.00323970689245488,9.00970464642763e-05,0.000115609025029424,0.00558207453104679,0.0106591272960344
"2022-04-27",0.0177748656706506,0.00482554360944456,0.00492939200949996,8.0034954310271e-05,0.000463549031162413
"2022-04-28",0.0102128917595176,0.0017296949946407,0.00142320626727377,0.00105210523680546,0.0034798597589764
"2022-04-29",0.0195254298025429,0.0065679174185201,0.00769355161312673,0.000602173010543768,7.94489172086416e-06
"2022-05-02",0.034532084908566,0.0168274899055046,0.0190821004400787,0.00533810480115249,0.00283528752301646
"2022-05-03",0.0237125810373194,0.00962879474571941,0.0104487733997071,0.000995494512930974,6.65191013180099e-05
"2022-05-04",0.0511983899407752,0.0288863778264397,0.0292106703164455,0.0102190866682033,0.00634312912443326
"2022-05-05",0.0295783166386763,0.0139687760928463,0.0142042312604699,0.00228512827172357,0.00103590330176801
"2022-05-06",0.0666146340221139,0.0458043877964826,0.0449491160038117,0.0220032772228632,0.0156919256176387
"2022-05-09",0.0329584097549343,0.0204394029000987,0.0199618751944947,0.00617325286239098,0.00370138996674799
"2022-05-10",0.0286811275078933,0.0192079592841926,0.018225809200468,0.00532652110964946,0.00359082953320717
"2022-05-11",0.040491788548993,0.0319991624272073,0.0306514749598272,0.012451226127237,0.0106036027212396
"2022-05-12",0.108719853367675,0.0953276951374785,0.0920763743719481,0.0555620385629172,0.0493583488095349
"2022-05-13",0.00738486810532197,0.00430914465833427,0.00466051274079223,7.41525320431905e-05,1.05145072566316e-05
"2022-05-16",0.0145616746548709,0.0112528329270388,0.0131013823505233,0.00368959595715298,0.000989306448722647
"2022-05-18",0.005451200109381,0.00386509211465596,0.00428169518996099,2.60912715674351e-05,5.91010583959416e-05
"2022-05-19",0.0347577217664412,0.0282625503831195,0.0251205683926614,0.00927307663806238,0.00674305117618832
"2022-05-20",0.0347054553251236,0.0287055199369383,0.0234099568723779,0.00837404282301553,0.00515734394468388
"2022-05-23",0.0251747272434088,0.0200424211028173,0.0160403732041044,0.00518241530118436,0.00309619373783384
"2022-05-24",0.0154962538679398,0.0112048746529388,0.00726296907263757,0.00213831106341308,0.000521192271987698
"2022-05-25",0.0201588411429737,0.0161712228016036,0.0115348866177653,0.00473295126642346,0.00162472812782856
"2022-05-26",0.00067445136489547,0.000286610079677777,0.00598151072813124,0.0164494729013607,0.0290259705963495
"2022-05-27",0.00020713799706266,0.000237781147953593,0.0112946595341325,0.0286019675285257,0.0487076591308999
"2022-05-31",0.00477569153534177,0.00522780186079819,0.000521844414687742,0.00100629846859844,0.00917267885435697
"2022-06-01",0.00249270206293439,0.00331154439074983,5.94797665779469e-06,0.00106536321196049,0.00676908469068644
"2022-06-02",0.000347454696277048,0.00075514451208357,0.00131609062844532,0.00488040385164388,0.0158180257030985
"2022-06-03",0.000389160769867656,0.000321947200220502,0.000255283045449828,0.00146945738501801,0.00620654122627253
"2022-06-06",1.72611173426037e-07,0.000195987968639349,0.00127567282310864,0.00487552269910676,0.0131876157925136
"2022-06-07",0.000869023099851072,0.00271242821430826,0.00537430150659987,0.0129144170817812,0.0203231766543079
"2022-06-08",0.0018688371437195,0.00500469039246873,0.00844094808360948,0.0155178314913566,0.0255916472877882
"2022-06-09",0.0008614319624942,0.00324805319291252,0.00620829952325401,0.012616263816891,0.0214346550635798
"2022-06-10",0.000200756378107058,5.12383165715024e-05,0.00106190560149434,0.00379299206030172,0.00845939563048171
"2022-06-13",0.00623175028904406,0.00352306809129864,0.00122672524540757,0.000119241300615167,0.00101226842221793
"2022-06-14",0.00187635638351368,0.000101747377583352,0.000230054235486328,0.00126142683432457,0.00638147679954746
"2022-06-15",0.0314389410741124,0.0186865121924655,0.0104108090441486,0.00672882652040963,0.00115503509974615
"2022-06-16",0.00271789936591905,3.62066446964045e-05,0.000645759286495155,0.00144328817250321,0.00735877933973928
"2022-06-17",0.00128880641611675,0.00086033907696442,0.00228184054006826,0.00357579009929568,0.0116762884969965
"2022-06-21",0.00323499356029597,0.0170962336924298,0.0221063790692505,0.0268800958114971,0.0398953799033978
"2022-06-22",4.96815680239751e-05,0.00815052612315423,0.00908939048042914,0.00997479121993716,0.0215991424827612
"2022-06-23",8.25242730941354e-06,0.00868230983043258,0.0142735327730457,0.0141812617225518,0.0335917842696449
"2022-06-24",0.00907050562844996,0.0344404648531313,0.0391028612073176,0.04360716803823,0.0662104182739148
"2022-06-27",0.00272311199021643,0.0235944777540559,0.0247880954309792,0.0334240109313096,0.0518592736695005
"2022-06-28",0.00245759228249459,0.0224434736128899,0.0249397747681939,0.0389259495031102,0.0556160333039734
"2022-06-29",0.000629485964607516,0.015384680114402,0.0138395536889518,0.0247980829019651,0.0354579054271429
"2022-06-30",2.11532976730315e-06,0.0101502478048845,0.0129662277832206,0.01669706812371,0.0244869882523453
"2022-07-01",0.000312135302661645,0.0125823105345288,0.0133659804323482,0.0167196842495026,0.0180167074521271
"2022-07-05",9.6626492371078e-05,0.00948589641142057,0.0100260600289674,0.0146273073846248,0.0177142598765534
"2022-07-06",9.40381631167538e-05,0.00691595053848059,0.00365216515335019,0.00553641502875654,0.0100317947673176
"2022-07-07",0.0105043793350919,0.0304323318727063,0.0257166803257569,0.0293346002291546,0.0343168829983358
"2022-07-08",0.00665325725313865,0.0224701246279628,0.0173839466641351,0.0238533580209078,0.0271149812429774
"2022-07-11",0.00557304546847538,0.0189156076643285,0.0127209296237249,0.0179448997218994,0.0187079976786729
"2022-07-12",0.00113759137260379,0.00733806032619621,0.003519063875568,0.00561666143024758,0.00567520559236017
"2022-07-13",0.000649007421632787,0.00219853422568418,0.000151874690203487,0.00183524752274948,0.00195035135218997
"2022-07-14",3.26811593513597e-05,0.00589970752542783,0.00235196589550685,0.00670839305929423,0.00615137376204759
"2022-07-15",0.00260595377929043,0.01283194667634,0.00718755881986401,0.0106318224213555,0.00922751877311726
"2022-07-18",0.00156752142845002,0.0097004667775278,0.00487572660343556,0.00794567533935443,0.00937424892572833
"2022-07-19",0.00553914934526155,0.0182236300520917,0.011147213962887,0.0152712600228508,0.0156653789855773
"2022-07-20",0.00321548632988663,0.0153734462818658,0.0114444206405682,0.0161751186279219,0.0196380897259974
"2022-07-21",0.000793366816986017,0.00951994452583375,0.00669652782659099,0.0105756378029106,0.0123036560546639
"2022-07-22",0.00262348387621955,0.0187490707500586,0.0140438174049375,0.0206907752108298,0.0214249986634503
"2022-07-25",0.00166027090574105,0.0166603129234148,0.0149763813756666,0.021149472209239,0.0198780006526468
"2022-07-26",0.00528150476420326,0.0260291339269147,0.023894555780714,0.0320432517440868,0.0309826731083638
"2022-07-27",0.00155386502842808,0.0152580803616905,0.0129535727516193,0.0190726557187409,0.0175620976642335
"2022-07-28",0.00241914895662828,0.0169206501266221,0.0150024703103785,0.0238878493834098,0.020753503137837
"2022-07-29",0.00243663764574614,0.0170675632207613,0.015275244252071,0.0265612187662551,0.0248902393753373
"2022-08-01",0.00461013027338838,0.0194400478516514,0.0169011518947317,0.0301643220866357,0.0256536787614105
"2022-08-02",0.00239832793513712,0.0129462350548265,0.0118146965133333,0.020581661991118,0.0173464485702622
"2022-08-03",0.00793142575080656,0.0232082815097143,0.0196355538102845,0.0297973359762746,0.0228368527117602
"2022-08-04",0.0048513938174904,0.0179993602760851,0.0162374529905771,0.0284450343922426,0.0211753338023509
"2022-08-05",0.00646041824877444,0.0196384833434914,0.0163151194014077,0.0258041217206857,0.0192737058471651
"2022-08-08",0.0035843178442623,0.0145964852506139,0.01191312092225,0.0205501340215457,0.0134503129190505
"2022-08-09",0.00548624578609069,0.0183318356062201,0.0131270993972478,0.0207246309513977,0.0130737475353584
"2022-08-10",0.00980625246542294,0.0274997926236631,0.0188510116508596,0.0274339211387727,0.0213567788585037
"2022-08-11",0.00901985722437254,0.023631319381415,0.0147635083242686,0.0239750033174667,0.0165798471141257
"2022-08-12",0.0124603271486823,0.0277663731994592,0.018340432629325,0.0291793124437209,0.0212485633379222
"2022-08-15",0.0149603082198051,0.0320998184901691,0.0222736521956715,0.0437394903754877,0.044783389860622
"2022-08-16",0.0109066794221611,0.0267446211601247,0.020238325688675,0.0549694575037916,0.0514718362617598
"2022-08-17",0.00280540460763513,0.0136091510724214,0.00912664096875494,0.0375764800348954,0.0332466920401036
"2022-08-18",0.00850343473209745,0.0243272812555477,0.0195621540149255,0.0665425739918483,0.0600761666905281
"2022-08-19",0.00986039976540346,0.0263293335162201,0.0235617112945986,0.0850196906986824,0.0698409241017718
"2022-08-22",0.00699920330013545,0.0203377968937449,0.0169530166354122,0.0478730263636006,0.040066806248112
"2022-08-23",0.00403971347370439,0.01321531108907,0.00927260294624117,0.0207896695074139,0.0123610513774072
"2022-08-24",0.00818140053927001,0.0198767436331938,0.0167036540862263,0.025588339762488,0.0142574931159585
"2022-08-25",0.00934058824798793,0.0229076412421259,0.0259701287456457,0.0297549949296659,0.0196968412722535
"2022-08-26",1.0217875165199e-05,0.00218169265000945,0.000686262754578263,0.000874265451285412,9.32137589493173e-05
"2022-08-29",0.000435600537217475,0.00359041360747583,0.00217881587250631,0.000698263471258333,6.43148123572379e-05
"2022-08-30",9.76370029174776e-08,0.00125074309787091,0.00054988517095935,5.29252532304043e-07,0.000286024199885054
"2022-08-31",0.000356005912031036,0.000272660312033794,0.000129948969061746,0.000731790719798864,0.00156282178928185
"2022-09-01",5.74314734074327e-05,0.000390373108689259,6.26047966732676e-05,0.00297959275172498,0.00379888409850966
"2022-09-02",0.000344530980921873,0.000191955496976404,1.76412502831482e-05,0.00101274734937629,0.00247116630019664
"2022-09-06",0.0012085864059103,1.51790385525433e-05,6.31780592233009e-05,0.0015299098799367,0.00347206715349499
"2022-09-08",0.00109937386397137,0.000108398646520483,5.44914351906069e-05,0.00161526349672947,0.00335710745073997
"2022-09-09",0.00312411968639029,0.00887680284088148,0.00662202328901353,0.00154116520134315,0.000351221546673672
"2022-09-12",0.00153851879318958,0.0060307783256662,0.00492271562438418,0.000665956679101927,0.000185416693845178
"2022-09-13",0.000183516495090923,0.000195863774915738,3.48120976786569e-05,0.00150965870442913,0.00269592536716295
"2022-09-14",0.000503956305843621,1.12005507394504e-05,6.08562206397056e-05,0.00207393410440372,0.0028587464085263
"2022-09-15",3.27338946433574e-05,0.000168329889072215,9.44004659106002e-05,0.00114179341469679,0.00179733607530552
"2022-09-16",0.0032320216828239,0.00199416573124642,0.00240904565094334,0.00633621235099154,0.00710998929909617
"2022-09-19",9.28060732341973e-05,1.38075301717712e-05,2.56800359821887e-05,0.00100554636580204,0.00103405972617579
"2022-09-20",0.00206271890396224,0.00182874832965431,0.00153407689655845,0.00358882497683308,0.00393130575312235
"2022-09-21",0.0349976718276876,0.0343692209985946,0.0339268647285071,0.0414041033589497,0.0422798629419474
"2022-09-22",0.00424328553094519,0.0041478725447208,0.00397699396129899,0.00646310676408398,0.00677384436725432
"2022-09-23",0.00271523708591308,0.00285381101769381,0.00220974151973121,0.00350256328655258,0.00347095987888616
"2022-09-26",0.00788994004052826,0.00845274625118183,0.00691542506733039,0.00916915756333428,0.0101889778950997
"2022-09-27",0.0042764460536237,0.00434125263008062,0.00382711169081484,0.00604637982565609,0.00655148083590738
"2022-09-28",0.0113489139401515,0.0114765961121331,0.0123899395331064,0.0152188217993075,0.0155334730280821
"2022-09-29",0.00644138500411179,0.00637354825757405,0.00695020340720759,0.00935979979940781,0.00919741202180811
"2022-09-30",0.00757470173311253,0.00733955390971048,0.00776175441694885,0.00966612871453128,0.0106320882031409
"2022-10-04",0.000183773418380175,0.000172301578364421,0.000127985304784994,0.000341560934584513,0.000392196220736057
"2022-10-05",0.000621606896586467,0.000530332220759665,0.00055899761792234,0.00113154959091097,0.00201186057106802
"2022-10-06",0.000687533845389819,0.00051976830788732,0.000590448785870865,0.0012429137256461,0.00199810162518204
"2022-10-07",0.000227403034536049,0.00017018881606348,0.000187592943843888,0.000672329290059849,0.00123292700255225
"2022-10-10",0.004386190076698,0.00467166845021287,0.00411524121141299,0.00532300997915715,0.00652364905092892
"2022-10-11",0.00538029400514822,0.00599199101398847,0.00496029257997819,0.00587315341953118,0.00608194798464787
"2022-10-12",0.00322637808811246,0.00337113570864043,0.00301274913715861,0.00425869663026284,0.0052371428584202
"2022-10-13",0.0372910193568946,0.0375628754037303,0.0364091049831679,0.0405780647762199,0.0428806700976521
"2022-10-14",0.0155529845697829,0.015545226668537,0.0141470632074862,0.0166967669142028,0.0187469939552528
"2022-10-17",2.13860364538776e-05,2.04117951419279e-06,2.83198809252077e-05,0.000339847869287615,0.000245590817787121
"2022-10-18",0.0246090266551007,0.0247698330505528,0.0259848287717013,0.0299557532219532,0.0321869658741256
"2022-10-19",0.00308638892401589,0.00359289898258366,0.00398618032991315,0.0055042327853857,0.00596345210957501
"2022-10-20",0.000130495945431873,4.22930419453161e-05,0.000605368419666762,0.00177424638961571,0.00288134893667313
"2022-10-21",0.00424899846063644,0.00402757063434565,0.0059877916776123,0.00819862429663242,0.00936482197067131
"2022-10-24",0.00242968143057363,0.00211833783633738,0.00345773344062056,0.00510566650286165,0.00627540667260038
"2022-10-25",0.00104038452460799,0.00134537602560661,0.000313362701639953,1.43045716537507e-05,2.17337763048309e-06
"2022-10-26",0.000411548525211255,0.000338455043141119,0.00168931917625131,0.0028950888464625,0.00322089579575916
"2022-10-27",0.000965978449100445,0.00109982733563006,0.00292646400278657,0.00427580831165745,0.00401385650599868
"2022-10-28",0.0114294592758632,0.0112746432701472,0.0169775456040355,0.020138208041421,0.020223718741476
"2022-10-31",0.00100436784522319,0.00087819344464099,0.00282535951585953,0.00393641473853087,0.00420287172389871
"2022-11-01",0.0011580773513764,0.000976397069200878,0.00232267487839878,0.00268998356992477,0.0029328484661494
"2022-11-02",0.0840529901494796,0.0813287601981316,0.0925208296185258,0.094021596797543,0.0913278697223242
"2022-11-03",0.00183621485555082,0.0015252168499711,0.00346387154003102,0.00344233883734374,0.00322617556050054
"2022-11-04",0.0237889268850712,0.0232067016402645,0.028455130328767,0.0265557953559852,0.0264438915679494
"2022-11-07",0.00191535879726941,0.00176348930362953,0.00328430697164406,0.00250594456959991,0.00258282639721717
"2022-11-08",0.00073123537325517,0.000485992438503456,0.00173834619147489,0.00129721278894269,0.00130201455241556
"2022-11-09",9.05741963482232e-05,3.7979896210508e-05,0.000545039701251689,0.000199557028118668,0.000249256930888341
"2022-11-10",0.000497234878923281,0.000208358364100226,0.00224272796164879,0.00209047470717447,0.00250548713335735
"2022-11-11",0.00168515519418993,0.00132375223926241,0.00496267710982692,0.00487516577927242,0.005156367636695
"2022-11-14",9.005184264899e-07,1.21722220213182e-05,0.000960854104077288,0.000731642901849714,0.000632831871274961
"2022-11-15",0.00462970717641627,0.00488257220279967,0.0120004632353523,0.0106740349483111,0.00896476191940095
"2022-11-16",2.0475574142848e-05,1.89608617315451e-06,0.00163881841374252,0.00137241705510016,0.00114694900798147
"2022-11-17",8.38872690064729e-05,0.00022396469843958,0.000352046576586901,0.000186862664520793,0.000190751881924974
"2022-11-18",0.00035762812916973,0.000758345612315261,2.31585172470361e-05,8.41471421924352e-06,1.50752226694905e-05
"2022-11-21",0.00214725040245914,0.00275775508032333,0.00130780573805416,0.00147580798135656,0.00126094225338422
"2022-11-22",0.00398143820562962,0.00417594889625504,0.00382032807575235,0.00459350546909763,0.00461216147532703
"2022-11-23",0.00106510622141108,0.0015045561680993,0.00119520933461806,0.00146170588625162,0.00086983335932194
"2022-11-25",0.009551451085078,0.011222690084272,0.0134352174840984,0.0138470903125839,0.0145453203736999
"2022-11-28",0.00252421672532357,0.00427710092987118,0.00438274646319835,0.00456203102806272,0.00571694023912082
"2022-11-29",4.94490806248852e-05,2.16688407705456e-05,0.000104207020964932,5.30577789822625e-05,0.000220802596171732
"2022-11-30",0.00327313216653179,0.00255416369373206,0.00131541429742147,0.00172191786778699,0.00194167467888521
"2022-12-01",0.00135713925193509,0.00133694892104706,0.0017896864789046,0.00121656599883695,0.000462627331572267
"2022-12-02",0.00302220483757766,0.00447511362603787,0.0047090864073248,0.00387154766175914,0.00328493702728093
"2022-12-06",0.00244129343058951,0.00249687625736575,0.00298534349169032,0.0030534818661429,0.00259594290929974
"2022-12-07",2.38703748331159e-05,3.99871454412821e-05,0.000657120672249386,0.000948463255298245,0.000803331613919126
"2022-12-08",0.00177413626642221,0.00233793220144251,0.00480208121995262,0.00604435176865763,0.00538283411872708
"2022-12-09",0.000127625159350898,5.8993174764736e-06,0.000714374662574335,0.00102653601989385,0.000768220865029624
"2022-12-12",0.00243346885337231,0.00530899230479311,0.00920095209070965,0.0102038993242553,0.00978059879412495
"2022-12-13",0.00755983788765128,0.00595224459259588,0.00278747650359053,0.00206658862008786,0.00249572891180715
"2022-12-14",0.0296329476104597,0.0260236143128128,0.0186939881905965,0.016663613179841,0.017672744290152
"2022-12-15",0.000194440483997425,0.000363906475921503,0.00164645493428546,0.00241942446930224,0.00204948388213128
"2022-12-16",0.000505130281201164,0.000456819842259126,6.76480008838351e-06,0.00021474650396306,0.000177841287984643
"2022-12-19",0.00133239491567144,0.00168984315941406,0.00560490172287122,0.0083041883680633,0.00746454529613528
"2022-12-20",0.000375787027050338,0.000229609901043647,0.000664799554337426,0.00201441747454873,0.00163384484806834
"2022-12-21",0.000519340457896716,0.00111827958823058,0.00623577590906846,0.0103319590702624,0.00845863998684755
"2022-12-22",7.74456944660571e-05,1.42354681021593e-05,0.00244376877722007,0.00535225122422785,0.00548067964276005
"2022-12-23",0.00246258856370795,0.00161989497330563,4.12020606891607e-05,0.00027261219968227,0.000233243935270664
"2022-12-27",0.000257836721331941,0.000612259394068706,0.0036737715608343,0.00722442767050257,0.00762858645977237
"2022-12-29",0.000275608821732172,0.000826966480097774,0.00281796973092483,0.00584976341115432,0.00597028663175458
"2022-12-30",0.000120214702654999,0.00030561576007303,0.000723151415914012,0.00251415887923185,0.00299840327751105
"2023-01-03",0.0024701872518143,0.00120021659616244,0.00119039917170178,0.000333255856829308,0.000544770254886815
"2023-01-04",0.0116710305580182,0.00918907848145727,0.0092569685735308,0.00690729941223448,0.00779796821568777
"2023-01-05",0.00122809872264158,0.000635578879227027,0.00102249585614445,0.000386295317871585,0.000504622840139426
"2023-01-06",0.00440750968200363,0.00306206196555658,0.00318591467261625,0.00183831295248726,0.00160932197577777
"2023-01-09",7.18410485298245e-05,0.000234378266847956,0.000180951365762478,0.000709040276586544,0.000840324632205697
"2023-01-10",0.000608175548499521,0.000315967298811779,0.000139534847717434,1.70990067891294e-06,9.85398871710225e-06
"2023-01-11",0.000615813610755415,0.000936942552949318,0.000901564297818639,0.00171666012066306,0.00163304685684685
"2023-01-12",0.0072601058252611,0.00638862097934305,0.00580216702515388,0.00418024956629345,0.00451388445945754
"2023-01-17",0.000183167781357613,0.000691883884493574,0.000100741836027478,0.000213489706219516,0.000121676732241309
"2023-01-18",5.81370322733256e-05,0.000268403767123599,4.19106848659481e-06,1.51573058090502e-06,1.43072265627099e-07
"2023-01-19",2.68413691274308e-06,5.22527518536954e-05,2.64515322892343e-06,2.55440488609184e-05,4.21411685145185e-05
"2023-01-20",0.000476549275216771,0.000563055316422216,0.000465953765393857,0.000543685286755701,0.000343990894590101
"2023-01-23",3.91672959076759e-05,7.68247137282443e-06,5.84563967612029e-07,4.65275199627205e-06,2.4209355993404e-05
"2023-01-24",0.000790343174570764,0.00121900215021854,0.00141031731350093,0.00157374162731131,0.00218786953597985
"2023-01-25",0.000233295479270518,6.34665718957279e-05,6.85530445536926e-06,1.6233888600815e-05,2.19376094530349e-06
"2023-01-26",0.000847542316742743,0.00125767051509684,0.00109746215276108,0.000979840062617551,0.00132605466911006
"2023-01-27",0.00188067041331046,0.00250889880119759,0.00173991404430797,0.00156051188096781,0.00168726047041253
"2023-01-30",0.00030331054549905,0.000506041375032969,0.00013921431568921,8.25535785638717e-05,0.000168912151793869
"2023-01-31",0.000440160653286692,0.000471442859641694,0.000201509451896058,0.000172686026570156,0.00033048934127132
"2023-02-01",0.0123557591459458,0.0119721043962438,0.013626516368619,0.013898156696356,0.0130332730240258
"2023-02-02",0.000499735987129333,0.000271651867516257,0.000696099058848666,0.000878193142913167,0.000696419318678982
"2023-02-03",0.032008809089156,0.0289995344207854,0.0335184390611575,0.0349402948016093,0.033721308059041
"2023-02-06",0.000164907242194919,0.000115949565333695,0.00032478387598489,0.000413719791980463,0.000367766895708251
"2023-02-07",0.00481813127103263,0.00427264875176978,0.00674637606024463,0.00712845815073329,0.00693001331301825
"2023-02-08",1.9812722546038e-05,8.10600879656805e-05,0.000159746944043027,0.000269061857865164,0.000274509286509502
"2023-02-09",4.57324723219131e-05,0.000145280525574713,0.000478734212381576,0.000631042534809524,0.000534377227004538
"2023-02-10",3.74370146859974e-09,2.31945766060374e-05,0.000970785438468404,0.00140115771937881,0.00119120393774554
"2023-02-13",0.00364820918968411,0.00384462149746232,0.000144743429256713,3.0786509919447e-05,7.762792583945e-05
"2023-02-14",0.000966974432402338,0.0010663255867273,0.00651733289880918,0.00777566708807226,0.0071807110360716
"2023-02-15",0.000105080115884647,4.51710546403464e-05,0.00422203552821628,0.00569230533781505,0.00526092319265737
"2023-02-16",0.000246937324312117,0.000245568251247107,0.0020765236709249,0.00318088934429075,0.00287387950864236
"2023-02-17",0.00163112259180029,0.00164663448954532,0.00034787382548265,0.000548508846281808,0.000363636199970132
"2023-02-21",0.00314894745371548,0.00305717440520711,4.87279404828436e-05,0.000234924362824907,0.000155485415224362
"2023-02-22",1.24735321461781e-06,2.12926934057563e-06,0.00435177218536395,0.00549893889636704,0.00515704519636904
"2023-02-23",0.00244644376163025,0.00317953096382285,0.000376371928745252,0.000847821169741515,0.000826339091106352
"2023-02-24",0.00172539515980885,0.00229636787967881,0.000776889023377969,0.00158689631197492,0.000954211068476819
"2023-02-27",0.00404598990677068,0.00457358411762038,1.43863345813697e-05,0.000398831461067083,5.63458402218169e-05
"2023-02-28",0.00566653942237919,0.00591788484879395,1.49965731919071e-05,0.000128086120372107,8.97444027931558e-06
"2023-03-01",0.00209869471967878,0.00232644295561441,0.000653676996920095,0.00181345202276381,0.000840555979881171
"2023-03-02",0.00470261266815084,0.0050608222719469,0.000103432044316762,0.000778140062286161,0.000404652584135988
"2023-03-03",0.00300913339998263,0.00416132055479901,8.36113098027025e-06,0.000693893278599219,0.00049937722710712
"2023-03-06",0.00309367205976062,0.0040636986179934,9.62956435142524e-05,0.00076182469801853,0.0007574709914261
"2023-03-07",0.00106995727596278,0.00151640553420178,0.00076993900819016,0.00175597424713705,0.00192070874522087
"2023-03-08",0.0022584508048881,0.00339757097145687,0.000117486096314887,0.000630578246227006,0.000903924306399708
"2023-03-09",0.00169309202699376,0.00226855887677335,0.000169604380389642,0.000148211027348623,0.000187206590036378
"2023-03-10",0.00171601230299868,0.00137947858089783,0.00826871185777518,0.00824910769830729,0.00776714970563857
"2023-03-13",0.000634407562817358,0.00024833382717379,0.00428599443131746,0.00619170034830259,0.00551518381632485
"2023-03-14",5.56607097875035e-05,3.49202722931384e-06,0.00149385530279258,0.00276723543908314,0.00244314351392714
"2023-03-15",0.00379293343105638,0.00244978769192981,0.00798045239193594,0.0101818661801466,0.00859600936424561
"2023-03-16",6.1892686515274e-06,8.53849534451218e-05,0.000498732909262839,0.00130620334088084,0.000761996911991865
"2023-03-17",2.19102698672807e-05,3.81499230095139e-05,0.000339224442665522,0.00129700935098658,0.000740414048861371
"2023-03-20",0.000599501843829248,0.00136187455198234,0.00045738416738525,5.5138359952612e-06,0.000146026539470687
"2023-03-21",0.00396774704467856,0.00568336165151755,0.00426888529745426,0.00205137354183007,0.00307034870353169
"2023-03-22",0.000928951902916111,0.000223207354582405,0.000774812690208661,0.00217171879055822,0.00124885711523356
"2023-03-23",0.000233785520320086,1.56235779640788e-06,0.000125773738279164,0.00081532684778633,0.00029520773591297
"2023-03-24",7.13985295810663e-05,0.000476423609678743,0.000156642557180909,2.43811915448768e-05,4.36292898047216e-05
"2023-03-27",0.00352057159400108,0.00526740323872868,0.00478717638142265,0.00276339693118272,0.00361174598332653
"2023-03-28",0.00591893602090135,0.00799594901773986,0.00873520142844601,0.00598224366198409,0.00649001549828891
"2023-03-29",0.00900257545227573,0.0114257779299533,0.0122601704988814,0.00884265006653377,0.00960966338124744
"2023-03-30",0.00969366172750053,0.0128004248533791,0.0139211639894648,0.010156958603902,0.0111281712898576
"2023-03-31",0.0100563881233582,0.012113202129451,0.0149893291605366,0.0111757958643876,0.0117834728080443
"2023-04-03",0.00752075639807932,0.00965995447329305,0.0135620635259883,0.0100508643230167,0.0101540533223927
"2023-04-04",0.00742256402779603,0.0101386944364718,0.0117691038887954,0.00852452281579348,0.00900031369419463
"2023-04-05",0.00515109854610849,0.00750807384821087,0.00894549694864998,0.00639703312054903,0.00745141673656817
"2023-04-06",0.00660582387219816,0.00989863538773633,0.0112221462837641,0.00841827536262269,0.00966172059427226
"2023-04-10",0.00540971115774721,0.00833410214670753,0.00831825022222109,0.00590887691754626,0.0067017582844017
"2023-04-11",0.0100555227122933,0.010568565554985,0.0102245076518493,0.00762732716555573,0.00904788470073246
"2023-04-12",0.00300012067716357,0.00447340749265393,0.00438009841719578,0.00334547257426801,0.00364062223110192
"2023-04-13",0.007936140565664,0.0107594073003907,0.00971176281894038,0.00833992619772883,0.00854181487209318
"2023-04-14",0.00454975141735367,0.00647143525890148,0.00571077917125518,0.00490601461820604,0.00502965324078076
"2023-04-17",0.00826507702098359,0.00981187605156493,0.00983044930681707,0.00941787561848726,0.00947332974258982
"2023-04-18",0.00735836111853641,0.00965238792555971,0.00957728931811759,0.00899749373959181,0.00901832302705255
"2023-04-19",0.00882691280922388,0.0102212351042044,0.0106405597282947,0.0106644274264253,0.0105467587762116
"2023-04-20",0.00789024588012281,0.00954582826889551,0.00922470159096013,0.00905430823709175,0.00906623426332169
"2023-04-21",0.00615085379761358,0.00759901348275148,0.00692868988420354,0.00643057112381772,0.00692161915291549
"2023-04-24",0.0100399256770981,0.0115940741411965,0.0111298935660952,0.0102991152246617,0.011261947100592
"2023-04-25",0.00598341285575784,0.0074681559606205,0.00767842989745394,0.00741304460621008,0.00813808845692403
"2023-04-26",0.0028522711751065,0.00351452500652792,0.0039447849787367,0.00378987228290238,0.00441305990985101
"2023-04-27",0.00644835678487455,0.00789683007402112,0.00879953944846062,0.00828179629502454,0.00954021018351301
"2023-04-28",0.00449432318324999,0.00614051529749446,0.00620215205813413,0.00571430108086598,0.00704432447202594
"2023-05-01",0.00528699411230939,0.00617665114356237,0.00604957749270985,0.00574455601684101,0.00742011631177033
"2023-05-02",0.00472102009743432,0.00590812537949065,0.00566136559128837,0.00515271677146749,0.00689137529335152
"2023-05-03",0.000437938634378125,0.000153005039752996,0.000320841661442689,0.000490486727379358,9.75467212096685e-05
"2023-05-04",6.37143515276086e-05,0.000168128924021319,1.97040357889856e-05,3.4020709448247e-07,0.000210185829502269
"2023-05-05",0.000219745822121587,0.000425840713231476,0.000108508017636767,5.16578721473328e-05,0.000496893897496474
"2023-05-08",0.00284956676419818,0.00332722506532796,0.00215241836459246,0.00166804622660083,0.00329701555169605
"2023-05-09",0.00715462178238716,0.00833495337618227,0.00621909223586845,0.00534330389718403,0.00818722086445995
"2023-05-10",0.00342874220685635,0.00429966786185963,0.00251978733082368,0.00182258549693373,0.00367154721233212
"2023-05-11",0.00443276655647874,0.00535083898983273,0.00361401858186271,0.00244869716197408,0.0046716403537134
"2023-05-12",0.0051368314390079,0.0059318526183634,0.00345016340203416,0.00210776326486413,0.00442814940263768
"2023-05-15",0.00622387374960868,0.0068637164430856,0.00408431839360761,0.00278206666792679,0.00521657955397734
"2023-05-16",0.00599235328438365,0.00640965258687535,0.0034324692477353,0.00216721010342258,0.00455466787994594
"2023-05-17",0.00160713866947669,0.00209320359000764,0.00047103373020709,0.000102127345252112,0.000988263575609606
"2023-05-18",0.00288318842128453,0.00337173712154768,0.00107490260812118,0.000450128607195739,0.0017634088298935
"2023-05-19",0.00196829398288719,0.00260520003822984,0.000465968372984703,7.9783217772469e-05,0.000859461567073703
"2023-05-22",0.00284764849145062,0.00342507401673365,0.0006954493414211,0.000166170412511064,0.00108623532600388
"2023-05-23",0.00283761215969385,0.00293180320201603,0.000424974343260412,5.11854507266178e-05,0.000659133529152119
"2023-05-25",0.000557559384197297,0.000822594627413214,4.36448411415891e-06,8.47041944015155e-05,5.35883148230287e-06
"2023-05-26",0.00258926400712849,0.00388493255241651,0.000688370328459695,0.000205408506622515,0.00076026072694175
"2023-05-30",0.000542094553672808,0.000357735287717655,0.000209551518095108,0.000563252649149554,0.000113235616774709
"2023-05-31",1.66579441056659e-06,6.00372373350478e-06,0.00162399940491389,0.00252934673798981,0.00143714473282318
"2023-06-01",0.00160688442392832,0.00112142231573521,1.41902254212589e-05,0.000276609962590621,3.67258869723375e-05
"2023-06-02",0.00232678291740436,0.00146985024506833,6.04379344499775e-06,0.000107793130499559,1.84541574392739e-05
"2023-06-05",0.00726533530680708,0.00835543817063646,0.0158743420918207,0.0190197866232398,0.0142093257984593
"2023-06-06",0.000160638201169978,5.89704934470538e-05,0.000600674093600124,0.00118098840331361,0.000252750570234626
"2023-06-07",0.000100915996582509,7.51812201705253e-05,0.000349647504013811,0.000553086865452902,3.56463731634982e-05
"2023-06-08",0.001538941438512,0.00188410470009454,0.000210906856970733,0.000138381724953705,0.00100379304040347
"2023-06-09",0.00132708178185202,0.0013835552548166,8.62295724949079e-05,4.33147817026981e-05,0.000581694352947484
"2023-06-12",0.00384566532688527,0.00345352670469963,0.00110122057162885,0.000784398949940736,0.00185349841656271
"2023-06-13",0.000853916070610364,0.000614040779009527,2.59676215053555e-07,2.09743434591366e-05,8.18887588646744e-05
"2023-06-14",1.65759312814347e-05,2.5792908370854e-06,0.000732387066488999,0.00110546553764548,0.000424601165305974
"2023-06-15",0.0020230116783394,0.00146684638121136,0.000128980712487509,6.48062449176797e-06,0.00025170960137766
"2023-06-16",0.00154900531583488,0.00106780125282925,5.27848662758491e-05,9.52610288249276e-06,4.45811408824358e-05
"2023-06-22",0.00299166921063174,0.00207183906735956,0.000544025268173118,0.000234666085717217,0.000612404342972386
"2023-06-23",0.00262010192778049,0.00193976825803509,0.000666828331768126,0.000230474108854843,0.000511447736335071
"2023-06-26",0.00269316457603841,0.0020674749592723,0.000826111097475667,0.000282602362759043,0.000522613450904323
"2023-06-27",0.00423450038137752,0.00321480002671523,0.00162593519918706,0.000810668383609146,0.00105669779109196
"2023-06-28",0.00250745351409425,0.00167675228443413,0.000629511571529257,0.000219803164102489,0.000295429543340686
"2023-06-29",0.00286432878922445,0.00213103818705028,0.000781801908957515,0.000316039013777187,0.000320231073109448
"2023-06-30",0.00345749175364612,0.00254622785934574,0.00058701949162807,0.000232006548168963,0.000217299118387699
"2023-07-03",0.00749358545586138,0.00586718500397139,0.00278656847794134,0.00162255862157647,0.0015659291059209
"2023-07-05",0.00432597853077347,0.00311448101134652,0.0010539486229643,0.000410247752635268,0.000344537338185115
"2023-07-06",0.00428606532173822,0.00302852614425953,0.00110420333454737,0.000402529014149293,0.000299866660482293
"2023-07-07",0.00555577487838125,0.00353895455301834,0.000679625518588397,0.000166912878312665,0.000330293826173179
"2023-07-10",0.00192759557803411,0.00117369114433959,3.26104763078123e-05,6.28575204952013e-05,1.77787709954318e-05
"2023-07-11",0.00438615894055308,0.00363772463612686,0.0011064111185434,0.000409716257762301,0.000553408213065745
"2023-07-12",0.0016630867799503,0.00111476445619731,6.33904457533467e-05,2.62849390204594e-05,4.19641057705966e-06
"2023-07-13",0.00690076283618415,0.00556641700065457,0.00238228522134559,0.00134735880503758,0.00152604558362813
"2023-07-14",0.00565631462953541,0.00401505191808297,0.00171444398734969,0.00106775220202912,0.000855458062285336
"2023-07-17",0.00477474833641245,0.00331585101115991,0.00115134068869576,0.000712974773453195,0.000465308153857548
"2023-07-18",0.00593441971781588,0.00439339136623618,0.00175828449882632,0.0012482119058047,0.000795745529012139
"2023-07-19",0.00468347330300579,0.00614345395409508,0.00976147861677248,0.0110955633422327,0.0130544439783943
"2023-07-20",0.000270564812341721,4.87645381103272e-05,7.45121512051795e-05,0.000189830737677724,0.0005500563190845
"2023-07-21",0.000887012249975245,0.000422765839015582,6.10241953402697e-05,9.32819553351021e-06,1.79714613279916e-05
"2023-07-24",0.00278814510508762,0.00179690865165248,0.000864266025212579,0.000583788224999585,0.000268767635357138
"2023-07-25",0.00723054431821297,0.0052108899395742,0.00337958269886732,0.0029459590662847,0.00231548132759008
"2023-07-26",0.0006532917856082,0.000133736699917549,3.06922092066098e-07,6.98911027937499e-06,6.09346772935049e-05
"2023-07-27",0.000857944866138463,0.000211542455351151,8.3282854101431e-06,1.57417524282688e-06,3.13547449419942e-05
"2023-07-28",0.00327646933036636,0.00174488728442462,0.00113256309756817,0.000862842873474612,0.00063066989902119
"2023-07-31",0.00667438641192168,0.00442829011586876,0.00366916566222286,0.0032060652212869,0.00289249775340269
"2023-08-01",0.00464347075812282,0.00290638526582768,0.00290424241330259,0.00247503538288718,0.00235051146555118
"2023-08-02",0.00245650989471641,0.00138240150794096,0.00165601877214639,0.00132748899727641,0.0012464067550042
"2023-08-03",0.00125990888877831,0.000589325580114766,0.00145981272434481,0.00115914475638825,0.000919734333435458
"2023-08-04",0.00902206591609264,0.0111932676171136,0.0073499464473109,0.00831131189735477,0.00840411006201554
"2023-08-07",0.00140625367291272,0.00222306115837302,0.000539353957986912,0.000759881399497526,0.000811824188704955
"2023-08-08",0.000816264347861323,0.000231552993760758,0.00218129439012574,0.00192257446240421,0.00197370278854877
"2023-08-09",0.000464412963511917,4.08949126254433e-05,0.00167046937154296,0.00139164529164087,0.00143557387015514
"2023-08-10",4.18185421553541e-05,0.000406801179254921,0.000378277798320028,0.00030219229631258,0.000474528761143516
"2023-08-11",0.000508559763519729,3.90253694161759e-05,0.00226220014244823,0.00213289104889324,0.00203072834645659
"2023-08-14",0.00150841814036667,0.000503700806238632,0.00458278060503499,0.00426264248592773,0.00477320140417947
"2023-08-15",0.00240574820812706,0.00114481510821727,0.00699675953698042,0.0065558604815139,0.00420166718789554
"2023-08-17",0.00029357594644872,6.22475690025245e-06,0.00179207662904973,0.00140610114885527,0.00149772162253326
"2023-08-18",1.29790652259548e-07,0.000169499420123502,0.00130662212769004,0.00109215836182335,0.00124462651731757
"2023-08-21",0.00254906855469063,0.001540803704406,0.00833848470335406,0.00779384196735939,0.00772654999023043
"2023-08-22",0.0018815959991643,0.00101274108504887,0.00715014915593292,0.00670800233473129,0.00700470280123358
"2023-08-23",0.00195297873206598,0.00109699790434445,0.00867550205420792,0.0080920611895299,0.00899945633321648
"2023-08-24",0.000709970261914884,0.000243849639161428,0.00589686109039081,0.00511023365323491,0.00447018950018901
"2023-08-25",0.000535778155045295,0.00128656424892008,0.000914897722584321,0.000559960478728656,0.000568352544639186
"2023-08-28",0.000793743924426642,0.000229555923186011,0.00746513502807153,0.00649411372642235,0.00723970882031519
"2023-08-29",0.0012263146337988,0.000502656101767121,0.00961817262012237,0.00856178924875725,0.00918347194247329
"2023-08-30",0.00072603885150273,0.000167911790897452,0.0081285117249887,0.00699468245625151,0.00778047361239872
"2023-08-31",0.000757153726322922,0.000258055294882691,0.00886546381070869,0.0075851282305401,0.00977669737864243
"2023-09-01",0.00161764820063979,0.000907847066567405,0.0114697818595673,0.00992186563663897,0.0131418593463567
"2023-09-05",0.00215917387051644,0.00123823568863231,0.00914673823504161,0.00769985588807045,0.0130342469367167
"2023-09-06",0.000120737295082171,4.18557377623815e-06,0.00205782570994736,0.00163599643338269,0.00483855138556943
"2023-09-07",0.0046033357545794,0.00661591762337924,0.00128687075030429,0.00153128532760455,0.000146147937974113
"2023-09-08",0.000623969007485517,0.000136816521919532,0.00281987021472406,0.00238673096163218,0.00605375191865109
"2023-09-11",0.00168983925261738,0.000939328746130714,0.00461931050215456,0.00376123552114849,0.00800973945189331
"2023-09-12",0.0027107668512956,0.003600028335857,0.000558427179803782,0.00094371330874986,4.28992620737064e-05
"2023-09-13",0.000460761159968046,0.000860670016799743,6.41858343650936e-05,9.5075535649556e-09,0.000377453808701558
"2023-09-14",0.000188805795208906,5.26318967326933e-05,0.00188744549070948,0.00129639575280723,0.00253352897825884
"2023-09-15",0.000169491558030248,2.58704691318684e-05,0.00118516733944519,0.000653565656594701,0.00225008094475245
"2023-09-18",0.000174374726468422,4.13455483923123e-05,0.00108283778251356,0.000456792958996096,0.00105524928861591
"2023-09-19",0.000563684707878848,0.000269029010951584,0.00237734599416695,0.0014778865544315,0.00217478680560712
"2023-09-20",0.000214889326942876,0.000484798789746318,0.000113672914102182,6.93245603574279e-07,9.52632262844618e-05
"2023-09-21",0.000119082001642511,1.42593674832236e-05,0.00101040039891379,0.000483511917618804,0.00119517405883021
"2023-09-22",0.000213965903269409,7.16515856418946e-05,0.00116295995465854,0.000645619024259359,0.000848349374720493
"2023-09-26",0.000794485668959641,0.000497423428378286,0.00195375303330971,0.00113758176791117,0.00118161129194192
"2023-09-27",2.49288992025228e-06,4.32486592714396e-05,0.000297985607622136,0.000159084740074503,0.000106058272527542
"2023-09-28",0.00135853103146847,0.00167761806947979,0.000558542427648249,0.000861220833576775,0.00087344666275263
"2023-09-29",3.18406447660736e-08,1.40246399840233e-05,0.000124636779183639,2.89118608107928e-05,2.41974977020921e-05
"2023-10-02",0.000123406102584563,0.00014299177784223,1.19299765579331e-06,1.25899165457535e-05,9.8415801324905e-07
"2023-10-03",3.84629919397664e-07,1.01683687072682e-06,0.000134400457201569,6.3368736011579e-05,0.000100270762414638
"2023-10-04",1.84101000012288e-05,1.9175794522673e-05,9.80738531617918e-05,3.89135903282058e-05,8.41822216459877e-05
"2023-10-05",0.00106236804294495,0.00110389024783135,0.00225796374552381,0.00193956385102075,0.00243820658029214
"2023-10-06",0.00014168297892696,0.000144536156797207,0.00110171826399853,0.000818088153117754,0.00149608121253903
"2023-10-09",0.00238113178626218,0.00289045101683801,0.00675418866411026,0.00637595553254475,0.00735174280024038
"2023-10-10",0.00201057960949844,0.0026322355120296,0.00661603186653724,0.0065479648496029,0.00757369145613525
"2023-10-11",0.00413701602936228,0.00478461571144706,0.0090361000341919,0.00849257122573777,0.011218889955523
"2023-10-12",0.00195562400448155,0.00275441483418894,0.00621800228367564,0.00638763703502495,0.00815447449039851
"2023-10-13",0.000721716755077901,0.00125462488117433,0.00401689336716426,0.00424734556781005,0.00490742782206641
"2023-10-16",0.000528505185598987,0.000973144118611965,0.00330638705509793,0.00360817019254013,0.0042741276968815
"2023-10-17",0.000121712366574287,0.000362370650208741,0.00205233632169027,0.00222414246234356,0.00272204790126333
"2023-10-18",0.00019643589382895,0.000465842567544151,0.00250240751017888,0.00298250071939001,0.00296928937365287
"2023-10-19",0.000523060555078435,0.000239901109824226,0.000113630925663424,0.000232382549387929,0.0001853675750675
"2023-10-20",0.000135640459806382,0.000398350722528911,0.00204103205391723,0.0024750779524398,0.0010990099479755
"2023-10-23",4.59212191142307e-06,2.92526163411897e-05,0.00094638407953314,0.00132033107772201,0.000835865853296958
"2023-10-24",0.000306013696429918,0.000608622985587245,0.00248893965273294,0.00302710489091643,0.00215648763700347
"2023-10-25",2.73534682671061e-05,0.000128400254915743,0.00144009065650976,0.00206163012098455,0.00155645721196773
"2023-10-26",0.000518452633932606,0.000311472971881437,3.90370918478354e-05,0.000216750993005064,0.000102479293394448
"2023-10-27",0.000468313329920488,0.000247860542061453,4.08038936573143e-05,0.000233274688463578,0.000396996724989129
"2023-10-30",0.000191853535512664,0.000363528064147318,0.00152527544154703,0.00238351939415581,0.00286306971325225
"2023-10-31",0.00136759920221664,0.00166806810941671,0.00349995922181362,0.0049433647834435,0.00544364380767529
"2023-11-01",0.000125393131899745,0.000255293746477426,0.00111187740941481,0.00170067776186381,0.00182980496057956
"2023-11-02",0.00126501644329538,0.00169783038215453,0.00325119303608529,0.00427795685968789,0.00415354190804929
"2023-11-03",0.000269920557697952,9.73555259357817e-05,2.74011401969119e-06,0.000100930453778138,1.39764255388414e-05
"2023-11-06",0.00109477022876854,0.00172761050582879,0.00295599799055415,0.00419174992135488,0.00341862578192355
"2023-11-07",0.00196490681891201,0.00267801912046627,0.00364385913574007,0.00480337134151108,0.00450951322303301
"2023-11-08",0.00299313777855651,0.0039401998464688,0.00509593096002727,0.00627488328886293,0.00586454290315168
"2023-11-09",0.00180455494331881,0.00261768146452458,0.00335966232487895,0.00432458249646227,0.0039255125037734
"2023-11-10",0.00514691800018728,0.00599102999498513,0.00701406679058296,0.0081370438184051,0.00834270718647835
"2023-11-13",0.00743586004523102,0.00822154937646215,0.00915158624548135,0.0102219189695783,0.0107613762460672
"2023-11-14",0.0050300998464053,0.00567737360843524,0.00615616352368936,0.00691444230688385,0.00748209978730044
"2023-11-15",0.0054567877662718,0.00607925034430848,0.00650207317379036,0.00709487660425334,0.0073341781492339
"2023-11-16",0.00350104929691014,0.0038970308770978,0.00401044337439364,0.00450701663864571,0.00476322947916936
"2023-11-17",0.00617372974384746,0.0063223323089226,0.00633362967500159,0.00707275017622698,0.00764181735812249
"2023-11-20",0.00732762567119996,0.0069044519015031,0.00659761597694396,0.00761074818388552,0.00757820826103871
"2023-11-21",0.00745645537134013,0.00707019897098893,0.00670043496575748,0.00797325901729588,0.00795102838438751
"2023-11-22",0.0068758590995669,0.00626488405860295,0.00593301208966672,0.00574514900812784,0.00515922932733054
"2023-11-24",0.0143238735045845,0.0128767508312006,0.0134631317750687,0.0131476613315703,0.0131048520466988
"2023-11-27",0.0085756106253017,0.00668970123859455,0.00744050949781661,0.00745831221239459,0.0080228490997081
"2023-11-28",0.00954892661844436,0.00692512147096744,0.00819826426717719,0.0087156581485998,0.00928685434971697
"2023-11-29",0.00887065183802266,0.00616204493822119,0.00764315566726281,0.00817607275192242,0.00860955678018457
"2023-11-30",0.00743898682391006,0.00492910220688244,0.00610109124794025,0.00622130615487453,0.00665411259884632
"2023-12-01",0.00517699016955665,0.00350349322073833,0.00414313664792543,0.00422165645655641,0.00448979221467
"2023-12-04",0.00764997537689979,0.00646394702650403,0.00690699897827117,0.00658372053957428,0.00707884036268158
"2023-12-05",0.0008478822459445,0.000802533802924122,0.00096063516787484,0.000866933229262906,0.000984476637246081
"2023-12-06",0.00509628907841508,0.00528708220777454,0.00553638050037496,0.00553325086919959,0.00558858332349435
"2023-12-07",0.00582619131120256,0.00654454087791413,0.00651396872366154,0.00619123169167509,0.00659654493689289
"2023-12-08",0.00442391344282366,0.00528487603787027,0.00512115356725043,0.00493067086435154,0.00498733813109614
"2023-12-11",0.00159044028331236,0.00226380437328245,0.00230361250422993,0.00232077632919989,0.00220783289890246
"2023-12-12",0.00559919740383598,0.0071592687476647,0.00763433862305885,0.00775655706886709,0.007474665320738
"2023-12-13",0.00225036915006163,0.00330604250454372,0.00376951259394728,0.0038522112027889,0.00359469518810667
"2023-12-14",0.00138600021697948,0.00214001994404101,0.00258883838875083,0.00276164788986589,0.00229431610082802
"2023-12-18",0.00388941683996923,0.00471933274499652,0.00545162324584592,0.00585518594324002,0.00579599264188343
"2023-12-19",0.00653927895635216,0.00762073494861926,0.00850883633036144,0.00875216637494917,0.00673839064970849
"2023-12-20",0.00245358063358414,0.0033456880859956,0.00408149370174622,0.00444403039952517,0.00228544748188889
"2023-12-21",0.00218120837137947,0.00294647678482662,0.00350296789962234,0.00418776448857505,0.00275197982939613
"2023-12-22",0.005780968105321,0.00686554240506043,0.00748773881982416,0.00880106146963323,0.00664996978117363
"2023-12-26",0.00909526202806439,0.0112397455906177,0.0119280678844499,0.0136025092941148,0.0111109140473429
"2023-12-27",0.00489671276269788,0.00626703678353643,0.00633327266300548,0.00863424356623748,0.00817427950859963
"2023-12-28",0.00645209864803384,0.00786494444321771,0.00696837932417048,0.0104128381622832,0.0102881587669049
"2023-12-29",0.00287703192315555,0.0043792697131384,0.00385268466697758,0.00665540143125203,0.00709580733144816
"2024-01-02",0.00026483069094111,2.73821355400804e-05,7.62713661679714e-05,0.000129515667642407,0.000273665152881827
"2024-01-03",1.76855568536414e-05,0.000132774217001632,7.11607338736556e-05,0.000868297592156223,0.00101681678296285
"2024-01-04",4.00809394482883e-05,0.000188273441148898,0.000144571890102514,0.00116717635928875,0.00112744623034215
"2024-01-05",0.000299218596622787,0.000146437011263967,0.00026283880549489,1.49188438036368e-05,2.94624032517383e-05
"2024-01-08",0.00062786606920061,0.00086098175301625,0.000597869025461739,0.00207094608259918,0.00230109170291295
"2024-01-09",0.000890369691842156,0.00141196814438959,0.0011077563093039,0.00254129637615664,0.00287534862311563
"2024-01-10",0.00102163905848175,0.00150647977027457,0.00117415742341874,0.00234038967139352,0.00261201204694135
"2024-01-11",9.47654957939429e-06,0.000112278631667732,3.97006298333226e-05,0.000334918220762294,0.000582635581703609
"2024-01-12",0.000682984400595941,0.00125514682966484,0.00113491816442651,0.00205533275404065,0.00285990532151864
"2024-01-16",0.000147212372353968,1.54796961916411e-05,3.51733768727818e-05,3.03559185004744e-05,0.000146193780497366
"2024-01-17",5.8818754615435e-05,0.000221395574808267,0.000130312965571823,0.00052010242190674,0.000741092944032163
"2024-01-18",2.76495815290653e-05,6.67583921676344e-06,1.22139128983067e-06,0.000107475471835125,0.0003546125175868
"2024-01-19",0.000122701185022772,0.000354766125214167,0.000235406484530098,0.00069123761891449,0.00126750104537791
"2024-01-22",2.58883098141706e-05,0.000148831213604766,7.61297760993467e-05,0.000259039590634975,0.000708412034796781
"2024-01-23",0.000470402287248873,0.0009286052714287,0.000703300980322238,0.0012174933153346,0.00202307211282162
"2024-01-24",0.000240884226334778,0.000781203932188253,0.000615059131226673,0.00102930392339027,0.00202013161711239
"2024-01-25",5.8889582458857e-05,6.86142414048598e-05,5.50888915884961e-05,0.00017823102775212,0.000604662043948953
"2024-01-26",0.000326778642471295,0.00139966849896224,0.00126803267932614,0.00156830584443737,0.00260754637071093
"2024-01-29",9.56533980399288e-05,0.00113363121493012,0.00103649069636374,0.00124871944525668,0.00200436573242317
"2024-01-30",0.000782142623063412,6.26683470670333e-07,2.54529165641262e-06,8.74172390275414e-07,0.000106598700442362
"2024-01-31",0.00340334242240498,0.000961286544288625,0.00116471334835193,0.00109698596487069,0.000613003952930402
"2024-02-01",0.0014436548119669,0.000154443573828458,0.000228247774160788,0.000177398481476645,4.51418021115197e-05
"2024-02-02",0.0128034070517122,0.00851810737674309,0.00942418684732548,0.00879545265745479,0.00725500225432704
"2024-02-05",0.000861535232233982,8.5566253586927e-05,0.000368272069508222,0.000261202264942486,3.19541050053083e-05
"2024-02-06",0.000260061963332155,0.00110969452701097,0.000468727810874563,0.000650570647391186,0.00130655405182234
"2024-02-07",0.000123504098178525,0.000665034873666233,0.000200752075134527,0.000220389055005895,0.000573214594161876
"2024-02-08",0.00206954803378969,0.00347582048944599,0.00253910917411819,0.0027718851580607,0.00356040465679345
"2024-02-09",0.00224542783950076,0.00368656680264942,0.00310308852362787,0.00357252528354064,0.00385061052075958
"2024-02-12",0.00101640025916449,0.00157463996210889,0.0014207936553962,0.00180812805935397,0.00163264932891379
"2024-02-13",7.85093049046796e-06,0.00012634775819742,4.1955443260653e-05,0.000142196056997911,4.87520746068446e-05
"2024-02-14",0.000119264712172719,0.000449543770374389,0.000291507088555603,0.000530596284108734,0.000305584586988327
"2024-02-15",2.15008874730882e-05,6.61594854688884e-05,3.80897359313013e-07,1.84144569958764e-05,1.27742237510768e-06
"2024-02-16",0.000143699898178039,0.000884558641913952,0.000386026979284873,0.000538562847530151,0.000513744222287705
"2024-02-20",0.000247445697810361,0.00125695594741841,0.000601421021961214,0.000826333895510942,0.000759954490309122
"2024-02-21",6.54055110575076e-05,0.000934680270504678,0.000415339297218084,0.000655397611534504,0.000694173980270104
"2024-02-22",0.000203504228575656,0.00136510726107088,0.000740516682759112,0.00117872991600202,0.00125373437593265
"2024-02-23",0.00162180691468798,0.00376820865032923,0.00279748435117989,0.00352132282811467,0.00369888276275936
"2024-02-26",0.00164317465769432,0.00353114496926622,0.00260978132622405,0.00346169187879053,0.00359678338867789
"2024-02-27",6.68057359116334e-05,0.000142764129284972,4.49959255682927e-06,9.0530043843305e-05,0.000112621431413512
"2024-02-28",0.000693470978145889,0.00211718086297896,0.00109216663837468,0.00166013541183374,0.001764014027188
"2024-02-29",1.58939212594446e-05,0.000191572633836873,1.62792765163641e-06,2.4467309695817e-05,6.80258184420583e-06
"2024-03-01",0.000196204837316617,0.000947877997072828,0.000265656395717191,0.000446329473748648,0.000430144312710467
"2024-03-04",0.000145102297807944,1.37974777454461e-07,0.000164015366480397,0.000104120355025764,6.90544816598392e-06
"2024-03-05",0.000581454158471348,0.000188381580531371,0.000514986514650127,0.000314600941065903,0.000106963895584158
"2024-03-06",0.000521358074724918,0.000236760820183861,0.000290600641702004,0.000128629828265164,1.91255007483246e-05
"2024-03-07",0.000123864603250203,0.000480612920662347,0.000473599223206933,0.000741581689287865,0.00134895666032139
"2024-03-08",0.00116981532945186,0.000455325036029121,0.000293789384355162,0.000135279309850524,2.71344947734949e-07
"2024-03-11",0.00234923535287928,0.000898801272866683,0.000755899479329024,0.00053007236405719,0.000315183104073361
"2024-03-12",0.000122427306731526,4.70319937682345e-05,5.89605672552143e-05,0.000148144432817522,0.000191199037368222
"2024-03-13",0.00169910168740607,0.00297881553311754,0.00275211922545657,0.00328043398446028,0.0034339152672282
"2024-03-15",0.0001632585167183,1.05862774060647e-06,9.6484482903099e-06,6.0956235623558e-06,1.38426472004592e-05
"2024-03-18",0.000273932357126404,9.62587013806596e-07,1.93011670540371e-05,5.87319355083886e-07,1.1163948225479e-05
"2024-03-19",0.000305207670604485,0.0010760012190054,0.000998610543462639,0.00138591601806598,0.00164472816356178
"2024-03-20",0.000134338866283782,0.000671158309247585,0.000656401536048217,0.000975122095135208,0.00105616944824933
"2024-03-21",0.00299472187266572,0.00155265778546081,0.00153710903998455,0.00100639986354167,0.000756178933771456
"2024-03-22",2.43859272227037e-06,0.000122953566029332,0.000122599107492438,0.000344759826852347,0.000489470677963249
"2024-03-25",0.000592899385268718,0.00103435764853804,0.00115956993124077,0.00170178416027149,0.00188310689063302
"2024-03-26",0.000233122498867745,0.000505197311906535,0.000623775126661571,0.000885076527735534,0.00115525450569699
"2024-03-27",0.000196816869941645,0.000834215806663252,0.000777501008330618,0.000989917061445037,0.00140290337460372
"2024-03-28",1.34463087518537e-05,0.000653338993179432,0.00066350255867587,0.000823433996559289,0.00126998286576188
"2024-04-01",0.00374032706413593,0.00794322868971971,0.00745732685638787,0.00781846127501315,0.00916652035628572
"2024-04-02",0.00167050884516859,0.00581734295285415,0.00514345129385922,0.00552707587743856,0.00664956097920824
"2024-04-03",0.000990414958387576,0.00578522300772401,0.00459190108116276,0.00487910480564699,0.00664061642576036
"2024-04-04",0.000805545258830023,0.00553633131748944,0.00428528450904113,0.00441796274694648,0.0055270149951108
"2024-04-05",0.00137859687454832,0.00698223140074687,0.00519061293733137,0.00555691696912249,0.00622331865923241
"2024-04-09",0.00123191665481371,0.00662013553329479,0.00557147284648267,0.00590806945532758,0.00691546224083366
"2024-04-10",0.000177768026736843,0.00333856304140074,0.00279878414413913,0.00284255108455865,0.00342565865944692
"2024-04-11",3.5227709303554e-05,0.00235811737757307,0.00267353330992057,0.00227545959313341,0.002887986642932
"2024-04-12",0.00166219506763518,2.48483362923364e-06,6.72937367879486e-05,8.39175050435973e-06,3.29857407185489e-05
"2024-04-15",0.00218301607768736,0.000118927954034479,2.67637003241116e-05,2.67350192286486e-06,6.47201247450413e-06
"2024-04-16",0.00328512118893899,0.000807585724158341,0.000251672844114649,0.000580056574841141,0.000866196983348086
"2024-04-17",6.6102370211626e-05,0.0016781376612224,0.0024981257485398,0.00102332110456898,0.00118024340202778
"2024-04-18",0.000250328676638049,0.00197142556382064,0.00311054951668632,0.00136540679664965,0.0011312703375969
"2024-04-19",2.83266219659201e-05,0.000393951228855337,0.000896846847211072,0.000131682948796131,3.695411954846e-05
"2024-04-22",0.00145527172950203,0.00506479073655247,0.00515143602229777,0.00288325082051547,0.00257958576979089
"2024-04-23",0.00143156393190087,0.00698046676053053,0.00660719904063855,0.00379804898775984,0.00375546934477515
"2024-04-24",0.000268627132459523,0.0035204707878588,0.00339561645841332,0.00129949996660221,0.00101254566910349
"2024-04-25",8.65445469729357e-05,0.00122136891406816,0.000892731263585161,8.24906464902986e-05,1.49817980728409e-05
"2024-04-26",0.00162823448106925,0.00793936548944121,0.006737173481177,0.0034418040144997,0.00270281169193284
"2024-04-29",8.27359006626963e-08,0.00202433186450437,0.001677913397158,0.000369149404506182,0.000126480593643672
"2024-04-30",0.000494314985917114,0.000134435378683202,0.00022619855623086,9.09910970717594e-05,0.000539084699542801
"2024-05-01",0.00385038976214466,0.000917252333153531,0.00061849870754818,0.00245642682931731,0.00425631990048698
"2024-05-02",0.00047755041235765,6.89468862143887e-05,0.000268464506348344,7.49602667733172e-05,0.000685981595907238
"2024-05-03",0.00710390273414718,0.0032559646884501,0.00194012258480252,0.0054286827210538,0.00918237476114101
"2024-05-06",0.000339524269413887,5.12218658376804e-06,0.000443025026921402,2.98805262845174e-05,0.000865206936387246
"2024-05-07",2.24943957906329e-06,0.000382983620099064,0.00161267460303209,0.000152639600680532,0.000131982775530644
"2024-05-08",0.00190443109022124,0.0035434267322268,0.00672284800360171,0.00308208544933769,0.000807275107298235
"2024-05-09",0.00314008814745483,0.00481736334567932,0.00770643689026344,0.00390685969255981,0.00154604527352006
"2024-05-10",0.00235083239699168,0.00470493933608892,0.00602708482474762,0.00284129489014309,0.00111722628254118
"2024-05-13",0.00281859480626064,0.00635241212162233,0.00664501994026963,0.00363532079284466,0.00204069406806207
"2024-05-14",0.0036315166110695,0.00828910512908188,0.00730341070618132,0.00449049452186997,0.00304845721190484
"2024-05-15",0.00356965159341765,0.00908626577179747,0.00800982519334319,0.00531011381663974,0.00373696514489584
"2024-05-16",0.00298770181964648,0.007123485347323,0.0072472456355133,0.00477270224250697,0.0032211494107973
"2024-05-17",0.00486776698043752,0.00756814222885376,0.00898101687459378,0.00712457832587942,0.00536096207545222
"2024-05-20",0.00376195647659135,0.00474156435392717,0.00645640189360023,0.00506178296423762,0.00385119420656093
"2024-05-21",0.00503824173623001,0.00501609602651362,0.00769344714730507,0.00655202211068973,0.00528712346416146
"2024-05-22",0.00213643407426499,0.0017983397431057,0.00407939235322084,0.0033528637287718,0.0027732381286534
"2024-05-23",0.000658137169780103,0.000280994279525311,0.00235149058762356,0.00186196409263172,0.00145564046248999
"2024-05-24",0.00170600324228122,0.000696265424326238,0.00366200788481616,0.00219156302926585,0.00167863771178342
"2024-05-28",0.000507237264231849,3.3658729881592e-05,0.00136628845718226,0.000679842541037022,0.000721123296642251
"2024-05-29",0.00124310063873471,0.000217002940091468,0.00174160346943567,0.00118381801883289,0.0014910072795775
"2024-05-30",0.00151365983989905,0.000108324293771778,0.00124876049779591,0.000891190583018938,0.00129653147688074
"2024-05-31",2.66414516945464e-05,0.000322473942596291,3.15008299288939e-07,8.9519827398593e-06,1.19206620796277e-05
"2024-06-03",0.000467242687576509,9.66716940163979e-06,0.000185589544299156,0.000186435949982828,0.000583175949432222
"2024-06-04",0.00128701467589223,0.000624942658250438,0.00102489612397936,0.00125475911018226,0.00207009668578382
"2024-06-05",0.00229174495908836,0.00196939097313336,0.00243939585610727,0.00278112542948274,0.0040027239110676
"2024-06-06",0.00319410363373044,0.00536899237227953,0.00607029352157219,0.00631119772954532,0.00760933351117679
"2024-06-07",0.00135547438607105,0.00336931599074764,0.00397815764216361,0.00411410725587605,0.00530978934512589
"2024-06-10",0.0225560252679627,0.019144665057416,0.0176842188386398,0.0184108925192761,0.0156618439872322
"2024-06-11",0.015125755708342,0.013231029765671,0.0117561151397006,0.0133031861002909,0.0110150172892129
"2024-06-12",0.0662021494453841,0.0625902635021001,0.0587072727221029,0.0614268476830277,0.0562483975306911
"2024-06-13",0.0119806603602987,0.011713884667656,0.010298087270803,0.0111289890622158,0.00874900130209682
"2024-06-14",0.002021385642719,0.00219575907091104,0.00164610287685947,0.00197454486926105,0.00132916445978632
"2024-06-17",0.00482455299905245,0.00514521248883672,0.0043709131975946,0.0045622805315383,0.00361360432828405
"2024-06-18",0.00251907381644519,0.00300166600031924,0.00253257855897483,0.00232206484210112,0.0016742554992443
"2024-06-20",0.00303624496500323,0.00359293366563226,0.00307764437075347,0.00269741535307446,0.00223850646232363
"2024-06-21",0.0101268625765851,0.00921342573971883,0.00865619562748642,0.00821149862076708,0.0075969990826372
"2024-06-24",0.00556317377150724,0.0049871467865958,0.00469388191550281,0.004534760019476,0.00411637205118608
"2024-06-25",0.000862639136990085,0.000648341381352216,0.000626191962165163,0.000522328861701719,0.00039716250619343
"2024-06-26",0.00145202298914956,0.00128548327081316,0.00157339642350887,0.00146868397807925,0.00124963427097875
"2024-06-27",0.000388957724162153,0.000137568709200994,0.000327117412167968,0.000233434135683431,0.000162562960997083
"2024-06-28",0.00262268068867023,0.00183427319023968,0.00244825511858193,0.00217845425011153,0.00207431656816287
"2024-07-01",0.00432297088608224,0.00315999846695328,0.00380600286582589,0.00330161240202626,0.00318058533808999
"2024-07-02",0.000775077638089509,0.000677289606052267,0.000978521685351722,0.000760109259323766,0.00069801848824519
"2024-07-05",0.000272588796684117,0.000324823076359703,0.000516358921714318,0.000321098576707286,0.000304938152141768
"2024-07-08",0.00129854670202866,0.0015100777294474,0.00179191548204241,0.00137902628759469,0.00132706842595996
"2024-07-09",0.000638886125653784,0.000620804728274711,0.000741094434933333,0.000547384823372842,0.00050902985078451
"2024-07-10",6.07065988824963e-05,0.000300645611445184,0.000133852865642609,0.000136179619800112,0.000198402399729121
"2024-07-11",0.00419226388034034,0.00133935241442435,0.00212356851211496,0.00222377402531628,0.00191592623603511
"2024-07-12",0.000105615251616364,0.00347743996537055,0.00195535405594577,0.00180504312870964,0.00234366880740978
"2024-07-15",0.00150126559370162,0.000735803189010525,0.000128757443160547,0.000129871690151048,0.000356736800431087
"2024-07-16",6.23450946384022e-05,0.00708434453413774,0.00441607913680107,0.00456922572758851,0.00557169218681121
"2024-07-17",0.000844201906037185,0.000876007386965551,0.000165876808173498,0.000224155687417139,0.00045045389226379
"2024-07-18",0.00736535877015592,0.0016262795031903,0.00340035800349277,0.00311819840526809,0.00250795102608107
"2024-07-19",0.00132088483774249,9.69248388496554e-05,0.000723283070903478,0.000578510784955534,0.000391804576203659
"2024-07-22",0.00092176414165517,0.000160854549273948,0.00100208358320835,0.00082508340896929,0.000585265866432723
"2024-07-23",2.0188724040918e-05,0.000226946374069447,1.81532503223809e-05,1.94700440993706e-06,2.05567248294896e-05
"2024-07-24",0.00111423827287311,0.00105306989014436,0.00268257056986423,0.0022883885318019,0.00172393908918759
"2024-07-25",0.00941549159646882,0.0109529896824896,0.0150783708952447,0.0139893292731274,0.0123004753866004
"2024-07-26",0.00390758990864877,0.00610737971674112,0.00903093583669,0.0079609357414797,0.00647272380410141
"2024-07-29",0.00110423931085339,0.00373557253020915,0.00657070971995044,0.00547471906467196,0.00442324652598497
"2024-07-30",0.000120100295491805,0.00155421265049429,0.00359352714055101,0.00276323135956665,0.00198830911708727
"2024-07-31",0.00188331449630983,0.00507672318641304,0.00850675570734998,0.00700392406390418,0.00571713287091344
"2024-08-01",0.00520816657864607,0.00918218160853471,0.0138621033550875,0.0119713456445783,0.0100848993650285
"2024-08-02",0.0708462231458078,0.0764577394915255,0.0916582483559768,0.086621070404641,0.0816824565961848
"2024-08-05",0.271589116882867,0.278278511758831,0.305767078238669,0.296011677954092,0.285991197260535
"2024-08-06",0.0288917761511599,0.0304104633785654,0.0406918302847169,0.0370202077818108,0.0338195267498941
"2024-08-07",0.0174443914334666,0.017766139166062,0.0265346745862846,0.0235586356780188,0.0213458878797431
"2024-08-08",0.00437135091725866,0.00418909275922874,0.00883589516773524,0.00700928924644644,0.00592490783064122
"2024-08-09",0.00100949608339937,0.000729685891124142,0.00309256448349417,0.00194507253121455,0.00136843699901528
"2024-08-12",2.10536537093463e-06,4.29517140762629e-05,0.000355441787022186,5.10169018772964e-05,3.49300567404685e-08
"2024-08-13",7.62542518927825e-05,0.00021661706043648,5.91547190540038e-05,2.92004641598142e-05,0.000183968356470294
"2024-08-14",0.000382925733662119,0.000315098175100212,5.41227369151286e-06,0.000118253688518256,0.000373616799708715
"2024-08-15",0.00107591846492312,0.000673857608049515,7.12122187963349e-05,0.000484566238953605,0.000934064621240254
"2024-08-16",0.00332315130407826,0.00197616545493239,0.000875170820035578,0.00207311216890982,0.0029038294980249
"2024-08-19",0.00477553879501872,0.00260994855750034,0.0013172795599968,0.00278627918125219,0.00382884025408131
"2024-08-20",0.00272387750666253,0.00136740528899281,0.000576535085885509,0.00175506866245064,0.00268151143259354
"2024-08-21",0.00210258575537243,0.00103863174620235,0.000368576540538551,0.00111198389199828,0.00195040326490448
"2024-08-22",0.000288172117834594,7.99207599627968e-05,6.10466069544765e-06,1.77289718991775e-05,0.000211754957857817
"2024-08-23",0.000248611794888259,8.90473294714645e-05,6.58867466773908e-07,2.08396413626777e-06,0.000112443309305067
"2024-08-26",0.0027568105946147,0.00194137456225297,0.00127441152415388,0.0012637024531295,0.00191612707141138
"2024-08-27",0.00303400388744036,0.00241513308142383,0.00199711682964193,0.00187782911574338,0.00263731853613687
"2024-08-28",0.00109967451060722,0.000442539066816842,0.000237439455196994,0.000268820433438619,0.000181979315292906
"2024-08-29",0.000349650893212308,0.000776996721421134,0.00159535850916069,0.0014714278953501,0.00132316273446771
"2024-08-30",0.00267989363204826,0.00146591201947796,0.00159366420739714,0.00198517870207911,0.00275664399095092
"2024-09-03",0.00596764617470237,0.00383450538105709,0.00422029833475937,0.00499622799514815,0.00795091944504554
"2024-09-04",0.00142971250303027,0.000581395496116676,0.000657317896691865,0.00169935560608682,0.00244051245911523
"2024-09-05",0.00382456497073105,0.00229353060149589,0.00245803396928497,0.00418479230092471,0.00593788644753123
"2024-09-06",0.000833080909558854,0.000341285754468209,0.000458443334375927,0.0010189636222606,0.00191912029725219
"2024-09-09",0.000141990069449362,3.50355122341393e-05,1.3660210294565e-05,2.80822580039163e-08,0.000122728312563247
"2024-09-10",0.000685010586059174,0.00149820665395289,0.00162373515987528,0.00159879913539719,0.00190789336868437
"2024-09-11",0.000125219982846351,0.000813595772664486,0.000878133387805814,0.000845852505741102,0.000957743117809465
"2024-09-12",0.00309808773204283,0.00574648969807442,0.00587901915360825,0.00565283849617485,0.00596045510519605
"2024-09-13",0.00477510144657105,0.00815857803472572,0.00823619750637178,0.00725815025749983,0.00740267886095232
"2024-09-16",0.000790726048170172,0.0025388236598163,0.0025418980447785,0.00214770845381171,0.00221323303559137
"2024-09-17",0.0018168605117343,0.00430197371690578,0.00417253108417033,0.00325221882100614,0.00338387969186951
"2024-09-18",0.00594896239715388,0.00287344621572263,0.00299969758221576,0.00431398814096666,0.00410625726194125
"2024-09-19",0.00277178213049241,0.00568341606210624,0.00556865233132908,0.0044452371468176,0.00463374073653305
"2024-09-20",0.000199596684193638,0.00010308250984292,8.1275597100816e-05,1.05144204719309e-07,4.07068490563759e-09
"2024-09-23",0.00203784830973836,0.00455957244377586,0.00433346794138106,0.00414779439160278,0.00387423981178159
"2024-09-24",0.00622155775087518,0.00984367344825392,0.00940843326376369,0.0103475486981186,0.00959713278860509
"2024-09-25",0.00572628104690006,0.0086096981133816,0.0079989928815237,0.00985175729879259,0.00911332689470877
"2024-09-26",0.00496039334480734,0.00815764449307361,0.00761158277928009,0.00948202906905615,0.00855673106389298
"2024-09-27",0.00699197056904139,0.0107859296077202,0.0103997190775767,0.0115175374079144,0.0103844398786668
"2024-09-30",0.0010638984530077,0.00290307430827494,0.00261435482942611,0.00342769221623696,0.00327000677651403
"2024-10-01",0.000333468637505548,0.00140857073359131,0.00129137383213615,0.00189338855001379,0.00182341555111053
"2024-10-02",0.00423721412215522,0.00699954947608742,0.00661078238775265,0.00691738547837841,0.00638224781719497
"2024-10-03",0.00178332524678515,0.00292315627495476,0.00274452315398258,0.00324098866585497,0.00276583205994399
"2024-10-04",0.00206258507208218,0.00297291207398528,0.00294057020472387,0.00344567940103151,0.00309609243041038
"2024-10-07",0.00175933267970744,0.00318610462608835,0.00293269222121727,0.00314063676640913,0.00263636788217938
"2024-10-08",0.00254371304353175,0.00425636613492195,0.00418787134018734,0.0042560706801437,0.0036869816620812
"2024-10-09",0.00427968129431368,0.00624725288415225,0.00639681617102641,0.00634172628051219,0.00560589076342178
"2024-10-10",0.00312313056260194,0.00475416762114095,0.00479577641428795,0.00464641049912981,0.00421595775667628
"2024-10-14",0.00277168494942968,0.00461929111479806,0.00453147496715577,0.0040717599185292,0.00360966395251021
"2024-10-15",5.37292072531567e-05,3.85992263623074e-05,1.79826036407708e-05,2.38987827664409e-06,9.72249636927474e-06
"2024-10-16",0.00197876531702858,0.00330922947572797,0.00301375408573006,0.00295604311000508,0.00241809009818969
"2024-10-17",0.00168393768248569,0.00307259216683719,0.00291125450034839,0.0027649001820752,0.00220272813646001
"2024-10-18",0.00132572185720804,0.00280001057544319,0.00255164109499789,0.00267520541852209,0.00200137901578248
"2024-10-21",0.00506553501638791,0.00851903849759305,0.00812119666961038,0.00813764274564576,0.0067932593652902
"2024-10-22",0.00526478587069419,0.00861974005043276,0.00831074143892075,0.00858928043485934,0.00725657286864107
"2024-10-23",0.00173945802118995,0.000538705045680085,0.000594579445305311,0.00047815206311329,0.000778875767489518
"2024-10-24",0.00178769794512741,0.00406073636556589,0.00391500498992875,0.00449990670062593,0.00373874089728609
"2024-10-25",0.00120442760938316,0.00307324384633297,0.00282306872674147,0.00344534695829096,0.0030813118203189
"2024-10-28",0.00158129814157525,0.00336920083779274,0.0029012414703616,0.00344524662764025,0.00323103241866044
"2024-10-29",0.0022089110945232,0.00420220560242554,0.00364769238913437,0.00410751157790232,0.003964921416007
"2024-10-30",0.00171278361289479,0.00355058027909279,0.00327809511255654,0.00374127213754821,0.00382842137233452
"2024-10-31",2.15354469729214e-05,0.000441055036550439,0.000348873587882528,0.000380271077030341,0.000348615461838382
"2024-11-01",0.00285682991771478,0.00143400515303779,0.00155696508294369,0.00165485929788651,0.00176373454052098
"2024-11-04",2.24854979946631e-05,0.000325693540898965,0.000275539128250755,0.00023938467853959,0.000174066324963147
"2024-11-05",0.00192079053393101,0.00314513053590231,0.00303482197072126,0.00291403382800165,0.00275937235692856
"2024-11-06",0.000173944287070526,4.56754797616035e-07,2.13508389847085e-06,1.13935366713412e-06,3.56407482568173e-05
"2024-11-07",0.000753959017903981,0.00164877429584588,0.0014703785719242,0.00170406624100634,0.00166663820148869
"2024-11-08",0.00280086407605863,0.0041643598292092,0.00379498673360266,0.00371287636686915,0.00368087678967516
"2024-11-11",0.0010212470325171,0.00207866153730078,0.00187696802317236,0.00176887605338898,0.00166197649712492
"2024-11-12",0.00119842435289918,0.00255452430788648,0.00242579376461791,0.00230125994732636,0.00216025330092569
"2024-11-13",0.000533695550391453,0.00147856194512305,0.00133356136182267,0.00134890015104002,0.00129278432853203
"2024-11-14",0.000168450769249203,0.000783393182373311,0.000684549687934575,0.00082764163255396,0.000647109081981921
"2024-11-15",0.000194895702821013,0.00090074849995063,0.00070622429017256,0.000745975063026997,0.000609903713987106
"2024-11-18",0.000381703218485952,0.00108500792992467,0.000945193715307834,0.00103879298916817,0.000906118442702732
"2024-11-19",0.000308825294009323,0.000835701158607931,0.000756525854223773,0.000877197156291775,0.000546197296062475
"2024-11-20",0.000428265624879752,0.00116669095898175,0.00115865166070966,0.0010862371598814,0.000714136910042886
"2024-11-21",0.00033728945615753,3.73414753922469e-05,5.26041205258529e-05,3.80236547847872e-05,0.000145553044577456
"2024-11-22",0.000396496860301642,0.00104145529022022,0.000941237502012862,0.000845442083455749,0.00040972768413381
"2024-11-25",9.39560186396652e-05,9.70738963327373e-06,2.43429463637078e-07,9.53937295095718e-07,2.79316025960044e-05
"2024-11-26",2.83876123445586e-05,0.000362571161753366,0.000219196154412449,5.96809331991247e-05,5.72826692240554e-05
"2024-11-27",0.000392711448591063,0.000886898429777228,0.00072251423698188,0.000382236435593536,0.00066045720714378
"2024-11-29",0.0030783434199814,0.0038999167817522,0.00362748996343078,0.00214828862784657,0.00267351428342866
"2024-12-02",0.000700220034338444,0.000876280874328481,0.000482311155703371,1.05372962121423e-05,0.000128197609828049
"2024-12-03",0.00254359992739417,0.00274654176060386,0.00209990744110686,0.00086247661337878,0.00102875815087185
"2024-12-04",0.00173835149717204,0.00178295090520879,0.00129160606861476,0.000419479172799303,0.000407947914635256
"2024-12-05",0.00207892848684174,0.0019732610704119,0.00165171881183474,0.000727694080288105,0.000365445477331919
"2024-12-06",0.00256586464647632,0.00258171390874929,0.00226108103730441,0.00127269455122365,0.000691922001573888
"2024-12-09",0.000105118825987224,0.000191053493872749,4.7227208106938e-05,1.78375906839579e-05,0.00029285857064364
"2024-12-11",0.000819226175521849,0.000994160004675702,0.000956221540331058,0.000410885650413045,9.03239412700984e-05
"2024-12-12",0.00158660738935944,0.00196193626271866,0.00141399062270468,0.000760006696469172,0.000253709074285655
"2024-12-13",0.00140332143239646,0.00168510015469151,0.00118445840579881,0.00066906930445227,1.78062348474257e-05
"2024-12-16",0.00113489847748455,0.000858352795034873,0.000379924509616896,0.000194098279097312,4.96967126450343e-05
"2024-12-17",0.000587666414818891,0.000301024394275493,0.000158430013285873,9.27340684573559e-05,0.000147755877985096
"2024-12-18",0.00204965503560133,0.00280713308596297,0.0031632497076294,0.00357568780076361,0.00667159638454896
"2024-12-19",0.00133537507160467,0.00187153194335333,0.00220089573186933,0.00269157765252978,0.00506216776652809
"2024-12-20",0.000887810556466136,0.00163552768930075,0.00205473865436817,0.00248930281683527,0.00277841836518236
"2024-12-23",0.000119086276690991,4.51568036089854e-05,6.30707604827069e-09,9.2183918454583e-05,0.000118449145638753
"2024-12-24",0.00315429027046354,0.00278256252632111,0.00241476107825219,0.00136363974389253,0.00141590907597265
"2024-12-26",0.00155511755441462,0.00124573190828758,0.000891804714454303,0.00036616382588034,0.000366617106406638
"2024-12-27",4.32598153961859e-05,6.5997699134494e-06,9.30041096063733e-06,0.000112675939893952,0.000140618848524793
"2024-12-30",0.00012018139714937,5.95519931214604e-05,0.000222988219427103,0.000406194169877785,0.000612838383287955
"2024-12-31",2.32358454570077e-06,1.85336744829444e-05,1.11176459260474e-05,1.71021664861691e-05,9.82950951157562e-05
"2025-01-02",0.0045516551074934,0.0044539327399088,0.00528217426780127,0.00483906017098974,0.00562981133720239
"2025-01-03",0.000275374038396626,0.00026333073881365,0.00053235995643464,0.00039973551805632,0.000677354419729015
"2025-01-06",0.000102059624827203,0.000121887606126665,0.000386492021244318,0.000266611946716754,0.000464171065478521
"2025-01-07",0.000464538321697167,0.000605088018367836,0.001021852643607,0.000782644234579787,0.0009602252998422
"2025-01-08",0.000619633541837225,0.000874216480821905,0.00151123343049918,0.00120203118668294,0.00134037407221405
"2025-01-10",0.00912846279709443,0.0102106245164326,0.0116734008168688,0.0108992020106006,0.0104734715100778
"2025-01-13",0.00350264430606485,0.00405065312784614,0.00501035214816405,0.00528581998261698,0.00395210783325971
"2025-01-14",0.000285783093655113,0.000421140888946354,0.000831953495247742,0.00125037171975077,0.000778301723678165
