"","fBm","bfBm","mfBm3","mfBm4","mfBm5"
"2007-01-30",0.0142649452972249,0.0152816978429321,0.0157499479966982,0.0156416248024234,0.0155705170768723
"2007-01-31",0.00126204405141649,0.00146042760335828,0.00160058351519355,0.00160258638967848,0.00156693484807126
"2007-02-01",0.0113189159407217,0.0113632755288242,0.0113561906075329,0.0109621650741589,0.0109145870834359
"2007-02-02",0.00839484366215829,0.00812872788325482,0.00800585656424301,0.00780488393125493,0.007819874092814
"2007-02-05",0.00783598114378526,0.00742461038192941,0.00729569724927157,0.00710986131283156,0.00708298277055666
"2007-02-06",0.00101497817347342,0.000792734793103005,0.000795607101166048,0.000706734989637856,0.000689954327557548
"2007-02-07",0.0080728729565084,0.00783088701139703,0.00790225223383181,0.0076973048191406,0.00764913510857057
"2007-02-08",0.0110642664633224,0.0108225708192059,0.0111286548891131,0.0108704472579235,0.0108455670171371
"2007-02-09",0.00649777168586408,0.00666344405782744,0.00680022397494756,0.00662081623883478,0.00659550381287434
"2007-02-12",0.00635228660490224,0.0064832058099652,0.00661471392963147,0.00649707991930715,0.006472026107453
"2007-02-13",0.00689327875313194,0.00688413734236338,0.00701917712779672,0.0069403541501431,0.00693486628631384
"2007-02-14",0.0154487576297705,0.0150911926375152,0.0152278037276243,0.0151105241717737,0.0151299528581905
"2007-02-15",0.0259272898343806,0.0256005531455179,0.0257719240706648,0.0251294201004588,0.025026647144266
"2007-02-16",0.0412180341450863,0.0415494481603453,0.0417030830615895,0.0411685855031277,0.0411351617679065
"2007-02-20",0.0157946760156409,0.0157105793104559,0.0156669731509227,0.0147570211543578,0.0148109985344184
"2007-02-21",0.0069297403294624,0.00697171944964374,0.00689539479485094,0.00640379117223384,0.00641069675841464
"2007-02-22",0.00190436525188041,0.00187734683375098,0.00198038737405744,0.00191741892330879,0.00192139396859232
"2007-02-23",0.00827324808208644,0.00805450863734904,0.0080976732486305,0.00802431183704788,0.00796878066264897
"2007-02-26",0.00114631137102592,0.00089217960418932,0.000853890064680888,0.000848415042823373,0.000845188239748282
"2007-02-27",0.00192573510815399,0.00216604198520465,0.00216679448367923,0.00208317022016355,0.00210113695418837
"2007-02-28",0.000779503677621584,0.000790210894312162,0.000739038948381908,0.000665858892948015,0.000665700118073727
"2007-03-01",0.0072582781814913,0.00741486988439688,0.00716389745739666,0.00709834665892834,0.00706257643676324
"2007-03-02",0.00080878567009947,0.000721539642588033,0.000655505968170956,0.000694873250937403,0.000673399552506494
"2007-03-05",0.00224051369893977,0.0019509030494266,0.00183591038502418,0.00187777748051678,0.00184561768063043
"2007-03-06",0.0013807576624596,0.00150180424930496,0.00158188024701985,0.00158080251095347,0.00159318709010243
"2007-03-07",0.00157539376273441,0.0016587144897862,0.0016885798132952,0.00156160574480762,0.0015625009103771
"2007-03-08",0.0100746373119482,0.0104705529223692,0.0106549022728737,0.0103935651472606,0.0104183548981276
"2007-03-09",0.00691526917415444,0.00712622270778888,0.00725914947503625,0.00720572533845041,0.00721246681705802
"2007-03-12",0.00476206784114881,0.00474852677010329,0.00497593084920074,0.00483221216266374,0.00482370588953478
"2007-03-13",0.00276319191191114,0.00302929569379277,0.0032691178938962,0.00306885783808296,0.00306821682871408
"2007-03-14",0.000631822662985683,0.000738987123837913,0.000894120973834328,0.000817575023859078,0.000812854954512265
"2007-03-15",0.00286403403069591,0.00291846002626,0.0032427936864781,0.0031118550236502,0.00309698918559667
"2007-03-16",0.00811168844370169,0.00861189795766239,0.00902760474480595,0.00886771053613194,0.00889620365000903
"2007-03-19",0.000213968992643221,0.000261090702914844,0.000243788338218237,0.000239139405514348,0.000240611220895873
"2007-03-20",0.00383406263976097,0.00399376168964001,0.004072561711958,0.00402344560369524,0.00405609812611118
"2007-03-21",0.00354861548109119,0.00384040634570871,0.00387324708690729,0.00392918980340803,0.00395418221326264
"2007-03-22",0.00445114727753977,0.0047544989236127,0.00477460560408697,0.00469733858080426,0.00473081594638063
"2007-03-23",0.00968851616585827,0.010243448158924,0.00997753337051513,0.0100779100872922,0.0100774015224546
"2007-03-26",0.00589290910414735,0.00636196715517815,0.00651415279109066,0.00632659468004992,0.00633933888713859
"2007-03-27",0.00639171309553654,0.00610355664109289,0.00605993991771784,0.00557268668907357,0.00562596387692203
"2007-03-28",0.00588142937574494,0.00526738941408179,0.00531491225111123,0.00486266945078068,0.00492008288320227
"2007-03-29",0.0100647858101714,0.00894114551053491,0.00840386500520166,0.00760791727820728,0.00769117089284371
"2007-03-30",0.00533196696430583,0.00477644238156613,0.00441620148344503,0.00393637130796837,0.0039671156381705
"2007-04-02",0.0158447207583638,0.0149010905430837,0.0140932941949243,0.0134933730042387,0.0135387618265442
"2007-04-03",0.0128920377764521,0.0125607953082592,0.0120785559111294,0.0117046316782874,0.0117102012249269
"2007-04-04",0.0116870691164497,0.0113636533221563,0.0111292654798857,0.0106850870178139,0.0106008092288845
"2007-04-05",0.0118806122950315,0.011809391103027,0.0118547564203184,0.0114657465327398,0.0113716327478011
"2007-04-09",0.00664335196039147,0.00661222595103052,0.00615216065098997,0.00591223383855277,0.00578740111922288
"2007-04-10",0.0129788622792762,0.0135225967337647,0.0127605192957421,0.0125396104477783,0.0125463145731909
"2007-04-11",0.00430271750383688,0.00416555997109712,0.00373297089607514,0.00348143137780755,0.00344649317687908
"2007-04-12",0.00413394041437953,0.00395810817142471,0.00351562793853913,0.00323623002374782,0.00324386249648346
"2007-04-13",0.00298469397291496,0.00312649965356014,0.00277171512317603,0.00257206620865843,0.00256945732466595
"2007-04-16",0.0034388655613704,0.00354991265180693,0.00316498339357704,0.00297568016927304,0.00295810236578613
"2007-04-17",0.00078912956656363,0.000852748100765489,0.000771723788129882,0.000691158502722711,0.000680295918604028
"2007-04-18",0.0028586822625573,0.00302228847859335,0.00302643375935928,0.0029589756032307,0.00292594264782286
"2007-04-19",0.00135003668977271,0.00139412618972245,0.0013279297148081,0.00123840748234542,0.0012256783192018
"2007-04-20",0.00658209567106498,0.00668432266792175,0.00667825337360369,0.00654232247864064,0.00650197299757402
"2007-04-23",0.00171312453051019,0.00172140898111485,0.0016062908837628,0.00153726034395231,0.00151770329023571
"2007-04-24",0.0228062878512264,0.0230703895908076,0.0231868286021193,0.0235407306396117,0.0236554280289182
"2007-04-25",0.00288289154136677,0.00298983471045926,0.00293760263012821,0.00280339146031277,0.00276886018992388
"2007-04-26",0.0230806435078351,0.0230060996434004,0.0232843597174621,0.0236107216404817,0.0237074975739695
"2007-04-27",0.000229071608567328,0.000230087457376574,0.000189762627567483,0.000151832040615531,0.00014333288132521
"2007-04-30",0.00491210592742429,0.00491410496707523,0.0048975208912995,0.00469225374809603,0.00466576840315705
"2007-05-01",4.2039039381359e-07,8.66778918229969e-08,1.794906805468e-07,3.00420124594896e-07,6.42105804791947e-07
"2007-05-02",0.00504091640826252,0.00506757674558029,0.00514313658978371,0.0050572630189578,0.00499878220514339
"2007-05-03",6.65339983698556e-05,6.11414005289656e-05,7.1277785445331e-05,6.83912715511249e-05,5.99233066704207e-05
"2007-05-04",0.00381856081311027,0.00395535715315982,0.00387637259842561,0.00393107705023978,0.00387835290674617
"2007-05-07",0.000277233934826449,0.000205139981591109,0.000204454524541298,0.000208870761017059,0.000220861260009546
"2007-05-08",0.00268745831495261,0.0024929627726158,0.00248411464115159,0.00251721419889854,0.00253770905071823
"2007-05-09",4.30112940056363e-05,5.27967196795478e-05,5.0996180625172e-05,4.66692341690715e-05,4.2477950750793e-05
"2007-05-10",0.0114305796943401,0.0114275097865762,0.0116748839472042,0.0118462133516962,0.0119714333259291
"2007-05-11",7.11481572492018e-05,7.43588554459725e-05,5.07778340688858e-05,4.71881819207116e-05,4.28004347013728e-05
"2007-05-14",1.86021760375294e-06,3.59408318975257e-06,1.43962785527229e-06,7.59404080557241e-07,2.84017574309529e-07
"2007-05-15",0.00220867944570989,0.00213850061642597,0.00209232216284957,0.00216549548546414,0.00217699669214045
"2007-05-16",0.0348624148301344,0.0348387090936259,0.0345349855262933,0.0346792906200502,0.0346690455214553
"2007-05-17",0.00068863800143803,0.000762576432076172,0.00082546702217652,0.000858043084909125,0.000862476001700384
"2007-05-18",0.00105433430912535,0.000964298317230924,0.000964449186767186,0.00091099953239444,0.000903793306680864
"2007-05-21",0.000166710610565333,0.00017146341189778,0.000192180132266808,0.000221237254180706,0.000226588154623625
"2007-05-22",0.00243230509900238,0.00242161981197372,0.00226972860782051,0.00222401238619476,0.00221889951268838
"2007-05-23",0.00018926904239912,0.000191165320669511,0.000235434190851275,0.000245204571936287,0.000236749220266955
"2007-05-24",0.00261380437790242,0.00260934086293,0.0026791967142667,0.00268478650566036,0.00269532108900531
"2007-05-25",0.00107100050293119,0.00106409602168624,0.00102742686772815,0.00101699039764508,0.0010173682454707
"2007-05-29",7.91236339331421e-05,7.68611776848917e-05,7.57552394733285e-05,7.31606298804946e-05,7.23562267002082e-05
"2007-05-30",0.00332141702341946,0.00331882140153562,0.00337744909397937,0.00339337960093427,0.00338910024095724
"2007-05-31",0.00178301963625603,0.00180177158882037,0.00183341458716338,0.00186000846062848,0.00186324494331004
"2007-06-01",0.00158985946669251,0.00160198939554986,0.00160319362451548,0.00161840550797906,0.00163290898115001
"2007-06-04",0.00319238561478148,0.00320290463813035,0.00317688682883093,0.00319086918967629,0.00322870014871942
"2007-06-05",0.00220309704114911,0.00220547775547753,0.00216189176526293,0.0021694726366843,0.00219986463475177
"2007-06-06",2.88079243494293e-06,2.91223969273982e-06,2.31606973744573e-06,2.59655327721816e-06,4.10663253149174e-06
"2007-06-07",0.0106620551875554,0.010649957197437,0.010611464164992,0.0106394892957339,0.0106708360121322
"2007-06-08",0.00546528035394144,0.00546748826862315,0.00578135143615967,0.00579175858177661,0.00586556543525798
"2007-06-11",0.0310914774459033,0.0310981257136844,0.03180990426699,0.0318448332944889,0.0320895558075762
"2007-06-12",0.0143577246222271,0.0143778033727724,0.0145528745735207,0.014537815162831,0.0146554843897522
"2007-06-13",0.0105030629334251,0.0105125804912904,0.0108072037368305,0.0108049006119273,0.0108675107472634
"2007-06-14",1.8350027333316e-06,2.18555092425122e-06,1.13392944360615e-07,1.82987107305648e-08,3.51953355301282e-09
"2007-06-15",0.0130027647225301,0.0130346070348104,0.0126938246642694,0.0127479997636134,0.0127315028169959
"2007-06-18",3.06609731264306e-05,2.95885631052696e-05,3.97301401358915e-05,3.62521901062949e-05,3.70073266560384e-05
"2007-06-19",0.000147680838527097,0.000142394080913946,0.000165851776995751,0.000159005850975499,0.000161758901706274
"2007-06-20",0.000723425573666759,0.000714194648647432,0.000717727441158515,0.00070415359710893,0.000713588518019847
"2007-06-21",0.00140417764499148,0.00141379682402857,0.00140941540498543,0.00140425779794168,0.00141070816491808
"2007-06-22",0.00034220493471641,0.000347749875175662,0.000353314591567718,0.000356087159782076,0.00034834634152749
"2007-06-25",0.00241612965639499,0.00243974400545567,0.00237153330501727,0.00236026132952447,0.00236107924274021
"2007-06-26",0.0122403323274325,0.0121596397021936,0.0117913327709936,0.0118146355118397,0.0117610617469745
"2007-06-27",0.00178500970239636,0.00179050321312738,0.00169263935565577,0.00168440697821249,0.00166180137545575
"2007-06-28",6.30342082433824e-05,5.29127259129329e-05,5.41265680911474e-05,4.76677120031495e-05,5.08212689197089e-05
"2007-06-29",0.000828455140214607,0.000798292836446174,0.000809535666162406,0.000785286759134653,0.000790494823519696
"2007-07-02",0.00128941946601298,0.00126096738562121,0.00123574124252557,0.0011930883603672,0.00119934333336831
"2007-07-03",0.00824765793244643,0.00822792031200242,0.00816469527698059,0.00807934287372273,0.00807902298528404
"2007-07-05",0.00134851051062984,0.00135255071513396,0.00133341918715861,0.00132971894079957,0.00133135291968145
"2007-07-06",0.00156067422798841,0.00156787413949148,0.00158872091079381,0.00157853447430653,0.00158260761050568
"2007-07-09",0.000423528932803873,0.000422666514830399,0.000449688795019576,0.000439822291409734,0.000441765944226341
"2007-07-10",3.86107958896431e-05,3.55338374091419e-05,2.5977251486619e-05,2.78306894104078e-05,2.88510428989669e-05
"2007-07-11",0.0054181198191828,0.00547511218117384,0.00572788137591233,0.00563318493678728,0.00564114587373188
"2007-07-12",0.00927139650758457,0.00934039200699675,0.00960768226225595,0.00957035501989934,0.00960280029889904
"2007-07-13",0.00871000018119131,0.00883416377821875,0.00915003677757615,0.00905243282376355,0.00904245367071587
"2007-07-16",0.000105072378003329,0.000111548603779132,0.00014528561821746,0.000131008119515077,0.00013439314066964
"2007-07-17",0.00239262437450166,0.0024119762988021,0.00253197642369374,0.0025097936662419,0.00252157810264396
"2007-07-18",0.00172715779917668,0.00175735421941585,0.00185211650990191,0.00185037213597377,0.00184425181772027
"2007-07-19",0.0104890052856172,0.0105039110953994,0.0106901980567677,0.0106974010852528,0.0106794463614353
"2007-07-20",0.00227571524178505,0.00224500137036599,0.00227596284093761,0.00220655015798079,0.00220033710736366
"2007-07-23",0.000729372748475341,0.000722006275954449,0.000685802445613524,0.000649594045726418,0.00064613057597701
"2007-07-24",0.00783980585338793,0.00791033757929097,0.0078470242710427,0.00797100247248471,0.00798503486906594
"2007-07-25",0.0046695610685644,0.00468051955795054,0.00471608299928366,0.00481033027690836,0.0047835454858697
"2007-07-26",0.079114206765916,0.0790469553040379,0.0790235497084126,0.0792303543492346,0.0792566299390816
"2007-07-27",0.0155275750534967,0.0156163057717258,0.0156165648459375,0.0156526835973651,0.0156664189498533
"2007-07-30",0.0264748694283308,0.0266163211254449,0.0265477941033147,0.0266066048849112,0.026681887450495
"2007-07-31",0.0579291880371326,0.0578046986776648,0.0577532019133954,0.0577870661220552,0.0579359013305475
"2007-08-01",0.103707902800706,0.103632415397384,0.102674181603996,0.104016808433414,0.10426855057206
"2007-08-02",0.00601022421409668,0.00597840647751459,0.00560335209592244,0.00587747155233602,0.00593046095329562
"2007-08-03",0.000501531419970967,0.00048312498797919,0.000389151413334963,0.000407876831178749,0.000422131044687042
"2007-08-06",0.0479847693470502,0.0477078538771869,0.0472027907140059,0.0472925968232529,0.0472968673409073
"2007-08-07",0.0215111571666161,0.0214189624139472,0.0208973021015697,0.0210685724238206,0.0210509221956682
"2007-08-08",0.0133737368327703,0.0133648914391647,0.0131319196239939,0.01325772551791,0.0132914538262927
"2007-08-09",0.0556194960045322,0.055459843697437,0.0548180808348967,0.0550885077341316,0.0552505225547642
"2007-08-10",0.206824159684192,0.206558088030606,0.205434817436162,0.206094669516306,0.206457419281498
"2007-08-13",0.0142577965199128,0.0141628007294715,0.0141045728917952,0.0141574788412019,0.0142140384619789
"2007-08-14",0.0169668521362613,0.0169308068919069,0.0165364334574593,0.0167391369515231,0.0167580305176901
"2007-08-15",0.0411310206547074,0.0414151615332181,0.0412306497119414,0.0415030364375948,0.0415126254635816
"2007-08-16",0.319507230180219,0.320654393343677,0.320699801095014,0.320743246680726,0.320955245880617
"2007-08-17",0.038539891803061,0.0390094528053996,0.0393665973563964,0.0395707055945041,0.0396821056189783
"2007-08-20",0.00985831284348731,0.00983336248390856,0.00987930449875326,0.0100415039764936,0.0100923307855888
"2007-08-21",0.0222947035631978,0.0223129862769487,0.0225105318000775,0.0229953248328443,0.0230495877624938
"2007-08-22",0.000274424650396694,0.000263874082178845,0.000180034937305737,0.000135939270966345,0.000136932403990995
"2007-08-23",0.00096467979329063,0.000909099089941589,0.000707766482389132,0.000603621571045263,0.000609344163489264
"2007-08-24",0.00307267007861678,0.00294029072055708,0.00253861024771544,0.00234060693909377,0.00236422853645187
"2007-08-27",0.0125663962715413,0.0123504150257095,0.011637608522272,0.0112708378138541,0.0112650868764287
"2007-08-28",4.9410218293895e-05,5.67658263618009e-05,9.98384103146522e-05,0.000138695348712506,0.00013987493132278
"2007-08-29",0.0139128192378395,0.0135713479650105,0.012566426725785,0.0120947975828014,0.0121203392016273
"2007-08-30",7.64620178336102e-05,8.84048070370723e-05,0.000154377986923497,0.000198008489085857,0.00019959042194843
"2007-08-31",0.00578446805881679,0.00550624906668042,0.00538161241158886,0.00500386292958256,0.00502139090689734
"2007-09-04",0.0106248749896668,0.0103198886075531,0.00973679347981512,0.00927092636327244,0.00927836145962751
"2007-09-05",0.0439436887978915,0.0447193136688077,0.0461937408774603,0.0473905225121962,0.0474359034535256
"2007-09-06",0.0101730754034803,0.0105549942974898,0.0112561861174197,0.0118961450441484,0.0118866480434076
"2007-09-07",0.00511794688392663,0.00475280015517346,0.00411713764723471,0.00376394415892681,0.00377442026281892
"2007-09-10",0.011526624778658,0.0106901849231898,0.00956804801720288,0.00878002381100853,0.00882296176078722
"2007-09-11",0.00718799595561464,0.00687919662341795,0.00618797229453568,0.00575049809583284,0.00577615321362834
"2007-09-12",0.0144290488482419,0.0138149736221399,0.0124516106162412,0.0116204269976373,0.0116218719119976
"2007-09-13",0.0235313905011238,0.0226008711150921,0.0210583723465743,0.0200449309198034,0.0200671155402039
"2007-09-14",0.0558789723899333,0.0540296816971747,0.0509434538914929,0.0484654435209275,0.0485597521321245
"2007-09-17",0.0298596237661918,0.0288329252961571,0.0270626529772356,0.0255371640784719,0.0256649939205385
"2007-09-18",0.00857130874301696,0.00819256697034977,0.0074963344128379,0.00661594773410378,0.0066388810539727
"2007-09-19",0.015617240016757,0.0152964613651882,0.0145513674243913,0.0135490298583767,0.0135381305035455
"2007-09-20",0.0183554701727083,0.0182363999701789,0.0180771717854036,0.0172377456994681,0.0172946734288014
"2007-09-21",0.0253792425457848,0.0256623621862905,0.0250034319599594,0.0238391434232296,0.0239616579302811
"2007-09-24",0.00487921295656682,0.00515589040932422,0.00521531415867333,0.00486083825491813,0.00490650645828115
"2007-09-25",0.00289881115684633,0.00293412183171296,0.00268778937527886,0.00252572648093754,0.0024760599501522
"2007-09-26",0.00591059641249233,0.00602892130829045,0.0060063149384319,0.00570162740772634,0.00566627476813456
"2007-09-27",0.0134296245653746,0.0134815964454859,0.0134552033349552,0.013065750638357,0.0130661835895324
"2007-09-28",0.0226556711927177,0.0224803123073192,0.0229640092477004,0.0225762336229401,0.0226665276491439
"2007-10-01",0.00929220025850718,0.00915925679929339,0.00957793649160807,0.00920260978491652,0.00920863779631193
"2007-10-02",0.00845383732960773,0.00841910161402572,0.00855299068525586,0.00831851465574081,0.00832092551439937
"2007-10-03",0.0204329821638367,0.0205019138463736,0.0203690005339247,0.0202822768463907,0.0205020618021734
"2007-10-04",0.018696791352751,0.0187363936146759,0.0188395786237253,0.0186727613403558,0.0185301866382561
"2007-10-05",0.0227231602684801,0.0226590167786581,0.0224789590375245,0.0220027349808356,0.0219735638613345
"2007-10-08",0.0201253743206077,0.0199954596683863,0.019943849271207,0.0195620995224874,0.0195812230750652
"2007-10-09",0.00117993195880748,0.00114955893123241,0.000861962807852129,0.000823960096459727,0.000805984045590207
"2007-10-10",0.012030201890923,0.0120536869026855,0.0111008629846573,0.0109019454961267,0.0108294666240013
"2007-10-11",0.263669647199446,0.263367930867875,0.265288607935956,0.265922543613416,0.266475443400323
"2007-10-12",0.00117659326227304,0.00114508282994849,0.00128255042874954,0.00142297010273955,0.0014542024599302
"2007-10-15",0.00775472448457931,0.00778481542518462,0.00784651221557113,0.00799781160605385,0.00807959799278397
"2007-10-16",0.000241615497311706,0.000226524575145032,0.000200829623934189,0.000127129839035019,0.0001312145995389
"2007-10-17",0.000980944854843089,0.000954542027666658,0.000895959934211049,0.000746743302425832,0.000741385552841664
"2007-10-18",0.00513769424463832,0.00515121167565323,0.00524285322011259,0.00488441973051357,0.00489240550627993
"2007-10-19",0.000857120275615873,0.000859788223351883,0.000761574991074095,0.000873884579529103,0.000873069775625787
"2007-10-22",0.000868565449778901,0.000912918147776035,0.000895258899276446,0.000793128793409701,0.000782654353074816
"2007-10-23",0.00316572308980862,0.00313505237402197,0.00318296799082357,0.003374494665282,0.00340987144116706
"2007-10-24",0.0161239594903443,0.0161480699189573,0.0161537511021477,0.0165335239836224,0.0165366437022409
"2007-10-25",0.00194978087620069,0.00189031782488884,0.00186498972450199,0.00193004222816436,0.0019363168486115
"2007-10-26",0.00105284566206077,0.00107642614028551,0.00101793030712948,0.00101241201137322,0.00101894179562583
"2007-10-29",0.00907066104398734,0.00920778446444651,0.00921490767912569,0.00906859159850281,0.00905985241924898
"2007-10-30",0.00130416450689677,0.00133078658824154,0.00143558838342397,0.00136022905834691,0.00136336915442075
"2007-10-31",0.00162105331623441,0.0016213586163485,0.00152072224474389,0.00156144918175829,0.00156068108420118
"2007-11-01",1.05471152216295e-05,1.90566787883878e-05,3.54650199119133e-05,2.51275091619118e-05,2.67053533674527e-05
"2007-11-02",0.00998058158174142,0.00983553521252647,0.00984957140252495,0.0099794183156346,0.00984272252571527
"2007-11-05",0.000697208289017677,0.00064234619542173,0.000622625401684597,0.00064183356943272,0.000629671685590806
"2007-11-06",0.000305021259419026,0.00034238919313877,0.000374803710380776,0.000364095673286052,0.0003660551033301
"2007-11-07",0.000402589295467328,0.000396187874654451,0.000379530103992782,0.000398005189160046,0.000369394656140449
"2007-11-08",0.257725469485174,0.257621682786237,0.256942416622567,0.257266704480361,0.256191848187484
"2007-11-09",0.079867771735874,0.0798741806503935,0.0800912539624493,0.0802147954357345,0.0800015951131826
"2007-11-12",0.255917798500984,0.25586289423775,0.255866779116318,0.256357632995294,0.256238335058243
"2007-11-13",0.0249069406978916,0.0248840337815621,0.0248996210822431,0.0252223323884588,0.025083425601083
"2007-11-14",0.0620539226040397,0.0622166793685694,0.0623161031082041,0.0628235909272135,0.0626193442649062
"2007-11-15",0.124953279661903,0.125266125182726,0.1255368104332,0.126027345994286,0.125899659018276
"2007-11-16",0.081774110384836,0.0824616653705918,0.0826352312378942,0.0830822269449332,0.0832863818653774
"2007-11-19",0.0489668895998323,0.0494935604049151,0.0495820594675612,0.050100667890226,0.0501880600074275
"2007-11-20",0.106504923614268,0.107008712214391,0.108307619043056,0.108927602944649,0.109306021189819
"2007-11-21",0.0304096321396216,0.0307473046202731,0.0313870444305209,0.0317349399190932,0.0315093041043
"2007-11-23",0.00155503145771495,0.00150417754320773,0.00137384765204027,0.0012990120459911,0.00137021465532382
"2007-11-26",0.00720984528326369,0.00732580893499084,0.00755834992730565,0.0077383457026958,0.00765587597684908
"2007-11-27",0.0282485469656246,0.028245770570037,0.0286292195306349,0.0289356992875417,0.0286691782109542
"2007-11-28",1.48706658825966e-05,1.43895196919488e-05,1.01505906025527e-05,5.39753961888451e-06,4.28480115023124e-06
"2007-11-29",6.10969570003206e-07,3.26051295476662e-08,7.6928002730619e-09,2.73106166377954e-06,5.7637577255924e-06
"2007-11-30",0.00821908191223104,0.00832750760204997,0.00836896487612778,0.00869008839526097,0.00869710226373255
"2007-12-03",0.00367556164939764,0.00375551347945264,0.00386190572996302,0.00411761563809678,0.00421966210686741
"2007-12-04",0.000362967416042043,0.000395009894695473,0.000431755572607664,0.000517690994816272,0.000535661656797703
"2007-12-05",0.00164169699520274,0.0016003580335121,0.00154634301897622,0.0013994932518588,0.00133289236563067
"2007-12-06",0.00330951826313815,0.00328480574092545,0.00320925798103934,0.00292857643544177,0.00289753312009755
"2007-12-07",0.0138729848198689,0.0136630029796397,0.0134802620390938,0.0128508643580994,0.0127421672952304
"2007-12-10",0.029621205541097,0.0292372939980708,0.0289397697055589,0.0269272373917804,0.0265602480330287
"2007-12-11",0.000941447048395978,0.000934056857855804,0.000899946125075261,0.000766228290222819,0.000756513956924487
"2007-12-12",0.000630178668542557,0.000638995439623252,0.000628705465028787,0.000573831730204467,0.000564907363292622
"2007-12-13",0.00476753486064031,0.0047940512147161,0.00480328111440429,0.00463121227495233,0.00460188936593122
"2007-12-14",0.0329513379020023,0.0330392161935516,0.0330851255127285,0.0326366089645929,0.0324810861612249
"2007-12-17",0.00257369569623063,0.00254319611649066,0.00257951731160108,0.00244607056114662,0.00239336792375104
"2007-12-18",7.70950827052477e-07,1.5136120269546e-06,1.86263388213691e-06,5.95609428830524e-06,6.4117204509997e-06
"2007-12-19",0.0286662755914281,0.0285283874209025,0.0282962135774177,0.0278693537317004,0.0276871303504761
"2007-12-20",0.0508149078195316,0.050638295270837,0.0503319151778835,0.0497818040046675,0.0497514689329791
"2007-12-21",0.0486115728938,0.048282738073968,0.0481602937389307,0.0475408623694018,0.0474372428079983
"2007-12-24",0.035650095590317,0.0355781000065617,0.0354086546613343,0.0350064876766663,0.0350154251327932
"2007-12-26",0.0321702489352047,0.0320034395191438,0.0316702752713818,0.0312069393570226,0.0312009645123813
"2007-12-27",0.0108479893745995,0.0107593476237952,0.0105129104088284,0.0102333554175572,0.0101110418254687
"2007-12-28",0.012618819507346,0.0125992699919809,0.012514656233335,0.0121451602026381,0.0120665868405582
"2007-12-31",0.0219904271906114,0.0218958694938879,0.0218495022304951,0.021384277227454,0.0213279570421753
"2008-01-02",0.000687282293395659,0.000661979915477149,0.000689800868475882,0.000610841675180699,0.00058712304106198
"2008-01-03",0.008289715821137,0.00831451249108713,0.00842006946626777,0.00826068545064266,0.00805695141807316
"2008-01-04",0.00636259355731571,0.00638720300667519,0.00637742681964658,0.00657526052815511,0.00662018669950853
"2008-01-07",0.153915178620538,0.153888216826804,0.15382738191951,0.154821128919628,0.155358786235153
"2008-01-08",0.0559658803798017,0.0558578489590543,0.0562931665103994,0.0567729765246165,0.0571650932968567
"2008-01-09",0.139392262653116,0.139515310397406,0.140865742982577,0.141068229693945,0.141347411949644
"2008-01-10",0.0386551619085342,0.0386652031387498,0.0391435564722716,0.0396447186635188,0.0394285877658912
"2008-01-11",0.0162528614549585,0.016389809659961,0.016488688217938,0.0168914073011511,0.0166991945416129
"2008-01-14",0.00421222594518442,0.00407481554592481,0.0040798092702246,0.00386222829262183,0.00384836157911093
"2008-01-15",0.151081921426163,0.151344756846051,0.151163600031219,0.152507446891735,0.152559373904676
"2008-01-16",0.176509295080804,0.176490523307275,0.176137930185931,0.176955921107667,0.176965726647641
"2008-01-17",0.0951654934814024,0.0952618808764961,0.0953422740023589,0.0961560073468263,0.0963959562598264
"2008-01-18",0.0274464982767601,0.027453254436973,0.027388057034277,0.0277274597289479,0.0275881391486986
"2008-01-22",0.257081358499361,0.25720507002082,0.257338985708698,0.258638712952997,0.258868451645519
"2008-01-23",0.367360011201896,0.367588558908808,0.366749348556772,0.368153999110489,0.368022782498116
"2008-01-24",0.109908981597483,0.109963702854318,0.110002903583717,0.11052544972743,0.11045822875393
"2008-01-25",0.0665625301767128,0.0663774083021449,0.0660536282057415,0.0664780119836483,0.0664855718956214
"2008-01-28",0.0701930267764375,0.0698685502989024,0.0696232165894711,0.0699649502289839,0.0699476403785513
"2008-01-29",0.0118028932287797,0.0117215014671483,0.0114550177684728,0.0115949729221162,0.0116019574556135
"2008-01-30",0.0425986686156538,0.0424717587073692,0.0419693823728892,0.0422586263562105,0.0422934215398287
"2008-01-31",0.0185036774347762,0.0185468933421739,0.0186047852620272,0.0187829661559938,0.0189273281454204
"2008-02-01",0.00263390526055673,0.00262270326959881,0.00273095069227775,0.00278771170582307,0.002817332843523
"2008-02-04",6.30404489753787e-05,6.59332304740848e-05,4.40552556708436e-05,2.93373959610767e-05,2.72788521870454e-05
"2008-02-05",0.000336913123804889,0.000327291651854653,0.000296588096468772,0.000242881334894119,0.000239261600018185
"2008-02-06",0.00881605595764415,0.008845347172891,0.00961460342160723,0.00990276050090245,0.00994317078071021
"2008-02-07",0.0748889511852423,0.0754204195015683,0.0765696882061781,0.0777736459981455,0.0776497713700147
"2008-02-08",0.00168768441535309,0.00176850548939083,0.0018317145811245,0.00212716145983073,0.00207488412963749
"2008-02-11",0.00647522874354224,0.00627796004017848,0.00625915075524885,0.00567934717649323,0.00568659228747114
"2008-02-12",0.000264747163551525,0.000253816710378093,0.000223836781182084,0.000153808616656276,0.000168920464990891
"2008-02-13",0.00990931520709237,0.00989218287950253,0.00971208511035927,0.00936541650971127,0.00985087309576635
"2008-02-14",0.0232324415761775,0.0230305264279055,0.0228653956074039,0.0218772162368759,0.0223796589896334
"2008-02-15",0.0467837409173644,0.0463796913605633,0.0456081367048712,0.0442657146929823,0.0444367825137597
"2008-02-19",0.0221784566693296,0.0215931924457637,0.0211921563876479,0.0199352972392189,0.0202539401748829
"2008-02-20",0.017651167552397,0.0170741122928048,0.0160456010454511,0.0149536534818523,0.0153150913142022
"2008-02-21",0.044488495142893,0.043178600931629,0.0413823283893701,0.0392282723431075,0.0397109801177281
"2008-02-22",0.0158066593701502,0.0152691646329317,0.0142215687359552,0.0131339923518186,0.0133179599375945
"2008-02-25",0.00703047597397276,0.00674367810755394,0.00631333811405844,0.0057243493697122,0.00581815421581082
"2008-02-26",0.009801685150421,0.00962401956942352,0.00922268090952083,0.00846250111732916,0.00837728931486505
"2008-02-27",0.00555572449196985,0.00554170929708925,0.00540727211481732,0.00483291638819457,0.00471448475853097
"2008-02-28",0.018767871734188,0.0186827110350751,0.0181696658661112,0.0173765454385648,0.018007808715424
"2008-02-29",0.00834708368609203,0.00822202236883459,0.00795914354910718,0.00741583921549648,0.00767560812881721
"2008-03-03",0.000687270811403632,0.000710767757519923,0.000900420283108728,0.00105046235744871,0.0010386937232578
"2008-03-04",0.0377572854128524,0.0377559436333628,0.0379136740507549,0.038485085514763,0.0385986840936427
"2008-03-05",0.000342163533581897,0.000328856121616203,0.0003165342819231,0.000234056094390789,0.000205708074582431
"2008-03-06",0.00012363139333911,0.000126716752498223,9.63024334065074e-05,6.56544914093255e-05,5.50627395086303e-05
"2008-03-07",0.00288850294075976,0.00282093283990191,0.0027009198666077,0.00230360565743554,0.00220127036759466
"2008-03-10",0.00454992541724855,0.00451466181298482,0.0043130308063561,0.00390282969914936,0.00369877154116403
"2008-03-11",0.00139861968748737,0.00133649153963398,0.00151687536564472,0.00135083583070421,0.00134120405742469
"2008-03-12",0.00221861252507142,0.00214214695948239,0.00233569328201216,0.00207737110525572,0.00208766955796935
"2008-03-13",0.00275764255822954,0.00279026739727505,0.00272686039382111,0.00289135577596841,0.00294665998230598
"2008-03-14",0.0305786857057441,0.0305575378891554,0.0300964088325986,0.0309409448366491,0.0315229360515097
"2008-03-17",0.0149379932485736,0.0150175681383314,0.0144509871660995,0.0150939241587865,0.0153856263783519
"2008-03-18",0.000258228544224417,0.000257508041330544,0.000335248418435072,0.000240839435898179,0.000237609897738971
"2008-03-19",0.00124459769679708,0.00121395872821056,0.00126856996058248,0.00105833273814961,0.00108852042534254
"2008-03-20",0.0133783096845383,0.0133772073847799,0.0136941044551732,0.0132105765994678,0.0132339510055493
"2008-03-24",0.0133209721626592,0.0132339559165447,0.013283777567082,0.0130294608472564,0.0129104639449703
"2008-03-25",0.00961147163552983,0.00955012463997161,0.00952706933221654,0.00905382814689301,0.00893981837698218
"2008-03-26",0.00892734172242279,0.00890308257968534,0.00914389801453843,0.0086898228504513,0.00865822487193785
"2008-03-27",0.00604708198749487,0.00607077362338696,0.00622492542973392,0.005865139647774,0.00593604800118888
"2008-03-28",0.0172161660565985,0.017219312670107,0.016862632467806,0.0167946882128708,0.0169644216622741
"2008-03-31",0.0125708978786385,0.0125873844018546,0.0119851453021656,0.0116436475279968,0.0116371640635249
"2008-04-01",0.0270098235192801,0.0270047562261968,0.0253358290717294,0.0250941135480026,0.0253932682218622
"2008-04-02",0.0245272252241096,0.0245775514852514,0.0238590924460793,0.0231167832698218,0.0231683930137186
"2008-04-03",0.0171365553949808,0.0171265080548477,0.0168258154407773,0.0159322433781396,0.0159465735997515
"2008-04-04",0.021201802457554,0.0211595249432357,0.0206759986465684,0.0199165239207578,0.019826792247208
"2008-04-07",0.02409800278557,0.0239167614798471,0.0232136480706107,0.0220649359467078,0.0220475346906083
"2008-04-08",0.0229202612109448,0.0229261874321258,0.0221452384363563,0.0209131205274752,0.0208105927173119
"2008-04-09",0.0189161971372447,0.0187177334577885,0.0176092719896936,0.016518247184447,0.0165282211250217
"2008-04-10",0.0237440665727592,0.023623533086614,0.022843002596537,0.0217541914420345,0.0218793477809693
"2008-04-11",0.0226906025777454,0.0222630141011732,0.0189091227475689,0.017931163247435,0.017695652560078
"2008-04-14",0.0177579449635404,0.0172324356910128,0.0147011730622297,0.013493118972724,0.0134570751735283
"2008-04-15",0.0371855644236433,0.0365194915149547,0.0345549009165718,0.0323731768472671,0.0327122303720741
"2008-04-16",0.0435546377540354,0.0432803436918152,0.0399500557737529,0.0375706392646807,0.0374475648326783
"2008-04-17",0.029874490303805,0.0296212779082605,0.0277712696471467,0.0260052664831249,0.0258586475533635
"2008-04-18",0.0296216007601233,0.0293409845875787,0.0280212507845465,0.0265642438687729,0.0266704714812296
"2008-04-21",0.0215768297768124,0.0215287352884511,0.0207531751148906,0.0194397666453066,0.0193834643781184
"2008-04-22",0.00155592465777535,0.00153618929924766,0.00136007334748349,0.00111076382346259,0.00107509429996784
"2008-04-23",0.0100526204668787,0.0100825413914217,0.00944258589265601,0.00894873846151287,0.00873792080847097
"2008-04-24",0.00209011040493549,0.00207815143636895,0.00220274076064685,0.002579895884512,0.00267002386792536
"2008-04-25",0.00224553807983109,0.00225577659335522,0.00246669134110736,0.00208319901287588,0.0019440654985304
"2008-04-28",0.00988495980075645,0.00997883692750948,0.0102459509990109,0.0096618343608394,0.00956271941813727
"2008-04-29",0.0110334056130745,0.0110615390809227,0.0107425406788075,0.0102484179061333,0.0101584601148855
"2008-04-30",0.00129766034525094,0.00130208079699409,0.0012452714493171,0.00102545002701629,0.000992218036860824
"2008-05-01",0.0102043864976026,0.0102939309077065,0.0100313952108696,0.00944185936219386,0.0091098355945533
"2008-05-02",0.000643582475414177,0.000662639451334858,0.000600936256865381,0.000495183587290266,0.000459541199738138
"2008-05-05",0.00627694774334658,0.00632063129544381,0.00622532153405359,0.0061864384217056,0.00599001110116933
"2008-05-06",0.00807562982398599,0.00818895527569675,0.00800959129014892,0.00798740743334165,0.00779686939846509
"2008-05-07",0.00196450324137426,0.00196116499560316,0.00196155420530172,0.00198551659481894,0.00219132051530242
"2008-05-08",0.00585325271546849,0.00583412241587001,0.00562283362151455,0.00559519351236726,0.00560606841197396
"2008-05-09",0.0106771788512654,0.0106761950299979,0.0107344200683621,0.010667359442622,0.0105490833390973
"2008-05-12",0.0167461686730079,0.0167773971237541,0.0170822076165025,0.0169423914287551,0.0167029407022575
"2008-05-13",0.0143580940648541,0.0144275638882838,0.0150758133020854,0.0147256321440179,0.0145023072366415
"2008-05-14",0.00326448852433977,0.00323213776135557,0.00354593729890502,0.00335689067932608,0.00332556172023952
"2008-05-15",0.000292446643845416,0.000293966227943989,0.000335030685427365,0.000250993790648886,0.000226219748879852
"2008-05-16",0.0067569215275543,0.00667745318788285,0.00680489768461479,0.00652106460447508,0.00638261702669227
"2008-05-19",8.12553829315257e-05,9.14407296516559e-05,7.14217681403281e-05,6.77324858466077e-05,8.18727918368745e-05
"2008-05-20",0.000110915526104026,0.000108015097736448,0.000108834320877063,9.77711802256643e-05,0.000103612676658195
"2008-05-21",0.00777807381487588,0.00780473885536963,0.00790798371884006,0.00794580386732797,0.00761424207746858
"2008-05-22",0.00737021737057858,0.00746430497643968,0.00767495545720605,0.00782866036201917,0.00777048241254871
"2008-05-23",0.000607297379817001,0.000599674359088136,0.000521455406312239,0.000438552759579759,0.000411870779242133
"2008-05-27",0.00751009906739802,0.00751802275907074,0.00758929349955972,0.00740086006576372,0.0073773961227828
"2008-05-28",0.00464185763560546,0.00468625893898776,0.00471890449354861,0.00464266874677942,0.00463529310666864
"2008-05-29",0.00683739431742646,0.0067748150867399,0.00682020225461743,0.00671589411050839,0.00661900672123244
"2008-05-30",0.0217475800763796,0.02175664191894,0.0216023499808549,0.021326325483645,0.0210099696051625
"2008-06-02",0.00706162223077621,0.00706299890334038,0.00704262597947987,0.0068936473405917,0.00676042836359233
"2008-06-03",0.00160744179887181,0.00160760087134742,0.00166052505871595,0.00159290273686982,0.00150150155847579
"2008-06-04",0.000730307325225299,0.000742007335866352,0.000728019702992565,0.000700895277633472,0.000656880691638168
"2008-06-05",0.0156962339170964,0.0157927295065869,0.0160270169953358,0.015717558130549,0.0155048886967835
"2008-06-06",0.00117917972090486,0.00118614273565846,0.00126589520476373,0.00116898531309206,0.00112000967821305
"2008-06-09",0.0871819776130839,0.0870697575533455,0.0862760839226974,0.0872502745739904,0.0873818528357874
"2008-06-10",0.00104419845769183,0.00102124418983666,0.000961994105688937,0.00105920716256928,0.0011348005287108
"2008-06-11",0.00195404796402886,0.00194814142257931,0.00184697305735554,0.00196920766392695,0.00206591365183767
"2008-06-12",0.0209468663229588,0.0208881494873288,0.0207447863092899,0.0208451768113553,0.0211476499620553
"2008-06-13",0.0669330871102239,0.0671827835625636,0.0668880072101798,0.0671650787324016,0.0676664321216707
"2008-06-16",0.00955213615422351,0.00955059320550436,0.00950929842683171,0.00959773779714661,0.00977554889643872
"2008-06-17",0.000295474357997394,0.000288804416847893,0.000303396738805291,0.000304455513712229,0.000300382767019453
"2008-06-18",0.000593484380275873,0.000606805640360754,0.000631440212429795,0.000634445489581982,0.000634196571816044
"2008-06-19",0.00133871436908349,0.00134288440399557,0.00133505558832814,0.00132686502646605,0.00139593715801922
"2008-06-20",0.00380368012949532,0.00389080181867046,0.00402953197859019,0.00398914748535741,0.00405185217300823
"2008-06-23",3.31047684733111e-07,1.0493939936431e-10,4.29590293985869e-07,3.69484381005748e-08,6.05261845687983e-08
"2008-06-24",0.000157310293228704,0.000160227268989821,0.000150808640478158,0.000198682420866144,0.000203131234078036
"2008-06-25",0.000616284335180704,0.000613213927920892,0.000651912173002895,0.000596417655934001,0.000584871410607553
"2008-06-26",0.00133617836928285,0.00133190311539469,0.00133375361167517,0.00145404289196338,0.00145946833275328
"2008-06-27",0.0185217609764373,0.0185755754379788,0.0182739617319704,0.0185251650848565,0.0182272421716749
"2008-06-30",0.00650041314338664,0.00646336291767608,0.00640967210045918,0.00659999844176974,0.00664733604960279
"2008-07-01",0.013902009096622,0.0139407581058993,0.0139889802591798,0.0143963594990392,0.0143867314687509
"2008-07-02",0.00797330412831294,0.00798638489753541,0.00808390232321359,0.00848866485723578,0.00848023872710904
"2008-07-03",0.0507765822886972,0.0507552193475432,0.0505875559727503,0.0512528738205364,0.0510421595512862
"2008-07-07",0.00354837973582809,0.0036514598157113,0.00363096027362923,0.00377413307754157,0.00375138890363644
"2008-07-08",0.000227349808512534,0.000213223405601778,0.000228779133558691,0.000202729779250972,0.000196871826849435
"2008-07-09",0.000125526976168268,0.000116843609739241,0.000109994002930725,7.65635580727005e-05,7.55478148389441e-05
"2008-07-10",0.00913023520103359,0.00937284591355037,0.00926384183397044,0.00961226436667476,0.00963374614990566
"2008-07-11",0.0220286777434597,0.0220292297414417,0.0220138544023949,0.0226260657442106,0.0222955764932263
"2008-07-14",0.000110307164532522,0.000117116800166815,0.000121633307240798,9.08159023062806e-05,9.97197417789579e-05
"2008-07-15",0.0193957339984355,0.0193826357525201,0.0192116151097654,0.0197044217362919,0.0197634711998331
"2008-07-16",0.000390779533119085,0.000375317008252839,0.000348252197403385,0.000423504933508201,0.000466091249073997
"2008-07-17",0.000621885890216905,0.000626174046276414,0.000601593676509664,0.000469347545871564,0.000501524225660468
"2008-07-18",0.00327173807728047,0.00322561837177799,0.00315359411868393,0.00285691489157588,0.00287247416606582
"2008-07-21",0.000485721118498884,0.000492757113723312,0.000493589607918137,0.000630207324348509,0.000615188356364289
"2008-07-22",0.0256884059323297,0.0255044076359244,0.0254617827523311,0.0262075943752857,0.0262366046174609
"2008-07-23",0.000947581841897217,0.000958588090389265,0.000929565300239461,0.00107688465816156,0.0010986359412733
"2008-07-24",0.000618103531971768,0.000670802454433351,0.000650697399373357,0.000737574983214871,0.000712802410583591
"2008-07-25",0.0015117726082695,0.00141575628813764,0.00141903849692644,0.00130742449951937,0.00132796518848425
"2008-07-28",0.00346436310574567,0.00335421763672138,0.00332669083410588,0.0031232148203501,0.00313035235336411
"2008-07-29",0.000592543238287292,0.000588286503718251,0.000589835541861635,0.000472212813795422,0.000481273609894468
"2008-07-30",0.00355769056660908,0.00349053235954343,0.003360620835849,0.00299111658253732,0.00301847015241844
"2008-07-31",0.00203267666820504,0.00200768943310479,0.00206834824280818,0.00181699312375283,0.00185219524085495
"2008-08-01",0.00611188075283438,0.0058542189761252,0.00564569462146438,0.00514976472503824,0.00526894411951736
"2008-08-04",0.00291061598235921,0.00278393275956519,0.00259808606976782,0.00227412842923402,0.00231850149457069
"2008-08-05",0.0126791231896641,0.0124276076874014,0.0120803314395824,0.0112400180926645,0.0112932944395962
"2008-08-06",0.00452075403962219,0.00442713310518287,0.00432654190225517,0.00383002145625519,0.00396866656198372
"2008-08-07",0.0104079004054156,0.0101935378549972,0.0100695401617723,0.0090620618480281,0.00916501114123493
"2008-08-08",0.0344231650415111,0.0338629416858504,0.0340119643799465,0.0319095293768693,0.0321422127512821
"2008-08-11",0.0108514498331452,0.0103953025037643,0.0103904557167408,0.00942754245980055,0.00949710327353916
"2008-08-12",0.0235017861352056,0.0227910489560714,0.0226077293398486,0.0211089456630937,0.0212251504822005
"2008-08-13",0.0104072758892147,0.0099905267667604,0.0100310063893272,0.00861099936334698,0.00872295836920677
"2008-08-14",0.0182396081837258,0.0177497513713714,0.0179510130184315,0.0162432057732232,0.0162510799244041
"2008-08-15",0.0137522573634499,0.0129346094287802,0.01328092529657,0.0120649023742686,0.0118317466770797
"2008-08-18",0.0127903389986148,0.0122248303169498,0.0126397205330384,0.0116577603841906,0.0114037642481604
"2008-08-19",0.0222029427716887,0.0218250031271682,0.0221672518693618,0.0201719692335484,0.0201072461443154
"2008-08-20",0.019525224829593,0.0191540754118273,0.0193246197795312,0.0173386100169302,0.0174718657647173
"2008-08-21",0.0196235056868568,0.0193550984209955,0.0193366051855957,0.0176439955702284,0.0177038511652446
"2008-08-22",0.0351297787977347,0.0351931285228996,0.0351864182365572,0.0323288656052033,0.0326462511271375
"2008-08-25",0.0214810555874074,0.0215031777518355,0.0201884510562543,0.0184573581416537,0.0183883757137952
"2008-08-26",0.0280022237569288,0.0280633362636818,0.026759485094853,0.0249609738076918,0.0245219392242999
"2008-08-27",0.0246909376892383,0.0246786743851524,0.0235815998994218,0.021956038177965,0.0219092510254163
"2008-08-28",0.0277870298848689,0.0276215704851978,0.0273405038882827,0.0258081619902598,0.0256703624834062
"2008-08-29",0.0207343909964247,0.0204694820056163,0.0203012042264706,0.0193916334375929,0.0193320964758989
"2008-09-02",0.000758694125533651,0.000762997371166853,0.000758635490241027,0.000607604147714629,0.000589863844127015
"2008-09-03",0.000148415094103375,0.000145790922663694,0.000141964540923545,9.57757472488195e-05,0.000107432931150624
"2008-09-04",5.70096802804461e-06,4.40210651227196e-06,2.72063472194084e-06,1.47688015411619e-05,6.23291250413305e-06
"2008-09-05",0.0153706208093178,0.0153441376103321,0.0154010499022666,0.0160760627233018,0.0156862439194418
"2008-09-08",0.0821682562860067,0.0821160065436933,0.0822655331059661,0.0841601994011775,0.0836740521810419
"2008-09-09",0.0889076420354707,0.0887504892597122,0.0885372551160423,0.0901935863323483,0.0899378623520929
"2008-09-10",0.0426417805265653,0.0425196399900465,0.0424939789181272,0.0436839717187533,0.0434675195149617
"2008-09-11",0.0150435621052881,0.0150166922353062,0.0150079425905559,0.0156798845832027,0.0159422409367596
"2008-09-12",0.0193949194530365,0.0194123834104147,0.0192280795825409,0.0200597586234834,0.0199908233426995
"2008-09-15",0.0686462095268686,0.0686358105780172,0.0686887244209064,0.0699120633049573,0.0698200794703209
"2008-09-16",0.236451169671667,0.236442844139227,0.236264245064651,0.238877350468152,0.238466535075464
"2008-09-17",0.160314775463693,0.160301101853335,0.159983097058655,0.161160589914971,0.161449791564723
"2008-09-18",0.3872375688841,0.3874144594386,0.386539139326072,0.390490244224095,0.390065609149186
"2008-09-19",0.115753249436762,0.115808047717395,0.115724927155731,0.117416384337442,0.116904988438444
"2008-09-22",0.05297181096145,0.0529917906778288,0.0532002813690941,0.0540272851216279,0.0538201846955462
"2008-09-23",0.147721969264127,0.14775809408633,0.147995374302902,0.148471717901298,0.148300543985159
"2008-09-24",0.11809885639626,0.118196495034691,0.11758680343383,0.118213942099204,0.118376964180726
"2008-09-25",0.0404406699303181,0.0404594047462102,0.0402587048836939,0.0401840505155236,0.0401833814966163
"2008-09-26",0.109722986336805,0.109683082307424,0.109055735385415,0.109165987159559,0.10892170291457
"2008-09-29",2.11534770148161,2.11490683884734,2.11373811723335,2.11459050577567,2.11137532345098
"2008-09-30",0.138581723949738,0.138655292608292,0.138104396439238,0.139048592609278,0.138245810234438
"2008-10-01",0.119540484256336,0.119597946423604,0.119515353053861,0.120438807205328,0.119615817331226
"2008-10-02",0.235490078898602,0.235528962940268,0.236799028686186,0.238547215535724,0.237584020472457
"2008-10-03",1.87795438116583,1.87829399148721,1.88237261080007,1.88656926821352,1.88399467588424
"2008-10-06",0.616953399539923,0.617049806008877,0.620227590967106,0.624720737199242,0.621930649497337
"2008-10-07",0.474009678355411,0.473969612298778,0.477533074557911,0.482808028145927,0.481607103774295
"2008-10-08",0.917194588343987,0.917201391678516,0.919739306658575,0.928961012361219,0.927692666286962
"2008-10-09",0.41342846252069,0.413574742073514,0.415548394483151,0.422173761575429,0.42088562946016
"2008-10-10",1.60077421342591,1.60102432762786,1.60425555978265,1.61608291853199,1.61442144840699
"2008-10-13",0.0458304827327597,0.0459185093877168,0.046872734764475,0.0504719304327411,0.0507671315038481
"2008-10-14",0.292587918963904,0.292948202929366,0.302967766713445,0.311364806105235,0.310344250806466
"2008-10-15",0.122956326643128,0.123173816463973,0.127929701837596,0.13438018900466,0.133635465748849
"2008-10-16",0.482635070075937,0.483081503195577,0.496597961216496,0.511155731863427,0.509353845278942
"2008-10-17",0.112622964923234,0.112652939418466,0.12233366100577,0.130041568876138,0.129475550624675
"2008-10-20",0.0636087924240381,0.0636593449269473,0.0701161248089453,0.0748216181777374,0.0747792932438583
"2008-10-21",0.0121595485137616,0.0121352214156091,0.0138256406130148,0.014819962501033,0.0147578671352045
"2008-10-22",0.0948642447670441,0.0948894947356558,0.0991780219821841,0.10269949336011,0.103836557037929
"2008-10-23",0.271472777837021,0.271466342295201,0.276050566474629,0.281827327057625,0.281853809959067
"2008-10-24",0.38369889142055,0.383651762349196,0.392171827881418,0.400843108837353,0.401836409327686
"2008-10-27",8.05775515154475e-06,8.74420424545685e-06,4.12230609261104e-05,0.000308649972988815,0.000272541551790406
"2008-10-28",0.0060996215060478,0.00583284940759052,0.00680608388780918,0.0078936957278515,0.00783855769515662
"2008-10-29",0.0631439687930414,0.0627897489266605,0.0658311849560271,0.0677487205634373,0.0673641296033708
"2008-10-30",0.000298635405569563,0.000305149669321006,0.000150590590788625,4.50675402060566e-05,5.74854205420568e-05
"2008-10-31",0.0324892226250193,0.0325011945796894,0.0299381490972139,0.0277126094624806,0.0277549780265771
"2008-11-03",0.114839665498188,0.115453694583424,0.106907679177893,0.0993993472602393,0.100440053079013
"2008-11-04",0.0977066679151257,0.0984151465114303,0.0906458901914538,0.083014750152166,0.0837588293957909
"2008-11-05",0.131264235981761,0.132365765780267,0.120112376673612,0.108707921030245,0.109982865398202
"2008-11-06",0.0406064396591585,0.0414416958454572,0.0360585719986461,0.0312149190820852,0.0315154599774577
"2008-11-07",0.120960681016273,0.123865966472827,0.104987655359198,0.0905118898068618,0.0925383545178391
"2008-11-10",0.0403724491844256,0.040778462415481,0.0336408535364338,0.0282451789585081,0.0287312763944766
"2008-11-11",0.0368562428609585,0.0379468503087035,0.032275662949628,0.0238140517049467,0.0241268956475177
"2008-11-12",0.0714706210584472,0.0717205039684732,0.0632565806052504,0.0474691257885219,0.0473634488844442
"2008-11-13",9.70199822256853e-06,7.82721405412121e-06,0.000544105181585502,0.00302294804426827,0.00285656633128792
"2008-11-14",0.0197982840662831,0.0200741631812446,0.0145317308579276,0.00868329496868701,0.00877740819557915
"2008-11-17",0.0180618481687337,0.0181536716123277,0.0125583327762293,0.00827838747817765,0.00821351136436925
"2008-11-18",0.019199626282927,0.0193704112011533,0.014006357203791,0.0087864893128116,0.00871540321942172
"2008-11-19",0.0180888635480559,0.018277178665406,0.0127615737246903,0.00846328693303693,0.00863158821757193
"2008-11-20",0.00617360143149444,0.00602354192442722,0.010917508303328,0.0171905811488323,0.0170432076143694
"2008-11-21",0.00203540243290044,0.00213663256331129,0.000285841975852551,0.000120224825893561,8.54188979966738e-05
"2008-11-24",0.0176281872040387,0.0179213911524566,0.0121602853520409,0.00703770012030002,0.00725955917177714
"2008-11-25",0.002867576097208,0.00295528256695752,0.00139413844386775,8.62690263523531e-05,0.000120220513812345
"2008-11-26",0.0528684558681979,0.0531317989200444,0.0460937216749433,0.033399028221191,0.0340426570515478
"2008-11-28",0.0651653676275525,0.0657093748217984,0.0595513216983032,0.0407079814765274,0.0412712778270799
"2008-12-01",0.0412376939276146,0.0413766885151131,0.0366274695716405,0.0269285217601185,0.027383919102259
"2008-12-02",0.000380693643643759,0.000373227018728257,0.000734988394407445,0.00149256936043131,0.00142390895573806
"2008-12-03",0.000568351425973227,0.000552852226814508,0.00100520449529633,0.00200680759762322,0.00196991388651661
"2008-12-04",1.05837217067847e-05,6.88582501214281e-06,6.89332773222662e-05,0.000518819702332004,0.000470523473484654
"2008-12-05",0.00131313578349571,0.00139010749944477,0.000910819983195285,0.000168096086406285,0.000206825980734135
"2008-12-08",0.0229430530787583,0.023188329136686,0.0206809323954275,0.0161812301264875,0.0163114004912955
"2008-12-09",0.00881786144647404,0.00893939648047568,0.00734068574092837,0.00514461512363877,0.00514086789150762
"2008-12-10",0.0223205812294374,0.0225753775453223,0.0202281356727876,0.0151818181249054,0.0153274133743709
"2008-12-11",0.00942678218101891,0.00958231430846002,0.00823662647927777,0.00462370675038857,0.00467685884344941
"2008-12-12",0.00444500027251998,0.00465925892263309,0.00360893171159357,0.000458353784646876,0.000471848078273001
"2008-12-15",0.0508922701663116,0.0517698100697299,0.047352948925093,0.0329719161477393,0.033062739643677
"2008-12-16",0.0286736220494327,0.0292324054311735,0.0258513248449383,0.0178092223235479,0.0181274530298262
"2008-12-17",0.0495128500788841,0.0503389431678518,0.046606915419809,0.0348126146347242,0.0350610545692412
"2008-12-18",0.0700114212280984,0.0709528485723037,0.0669949530258581,0.0529703951063671,0.053307309713223
"2008-12-19",0.133453723905967,0.135401124894491,0.127226141568236,0.104844229932805,0.105111179908934
"2008-12-22",0.103092181921079,0.105410576182353,0.099661565962975,0.0774945680862786,0.0783025237304769
"2008-12-23",0.0988832208555234,0.099838268809225,0.0944885417446823,0.074990816048746,0.075425389017899
"2008-12-24",0.117245140693354,0.118270051063331,0.111497523372784,0.091175753594898,0.0910613614067223
"2008-12-26",0.162518093340926,0.164112484970052,0.160532940493061,0.14387079213439,0.143758783229561
"2008-12-29",0.107586473341212,0.10763187370608,0.107749177569029,0.0918571298759762,0.0913416587413234
"2008-12-30",0.0175079169190145,0.0177456820081364,0.0173626271301521,0.0119240938711,0.0117983950956716
"2008-12-31",0.133252557466476,0.134530868505233,0.134012838134808,0.114336445287583,0.114083932294304
"2009-01-02",0.111096023036842,0.112703084259285,0.110535761583654,0.0936057274740773,0.0937336930567677
"2009-01-05",0.0527599166342152,0.0536145146716916,0.052228777401685,0.0420161002629938,0.0421280849519517
"2009-01-06",0.0295278622128418,0.0302135565418972,0.0280926497281887,0.0220232570764319,0.0223486316978732
"2009-01-07",0.050483808262908,0.050957032682145,0.0496128314476976,0.0424325729131711,0.0428172586825573
"2009-01-08",0.0344323968728621,0.0349200801552164,0.0347824363951701,0.0293002283573744,0.0297529825045034
"2009-01-09",0.0417269289100952,0.0422892022906942,0.0430544519987746,0.036412882980997,0.0366372988673254
"2009-01-12",0.0529662208510868,0.0535050968545761,0.0544170165483574,0.0485926845869434,0.0487559738589601
"2009-01-13",0.0276483444198377,0.0282947322119492,0.0279617254666206,0.0219056348075417,0.0219719474431132
"2009-01-14",0.0350427456901291,0.0357561702192689,0.0358819238979747,0.0305867332815966,0.0303134685391205
"2009-01-15",0.0012368330880637,0.00135862302801956,0.00130061936655454,0.000314437507499008,0.000309173671031557
"2009-01-16",0.00124583767553837,0.00131875009277861,0.00122363261565868,0.000426806447323059,0.000423356074432035
"2009-01-20",0.000317765897729413,0.000338637298200118,0.000337506122932105,3.46819216325711e-05,2.8217365512648e-05
"2009-01-21",0.00272745026244678,0.00277501765089348,0.00243089281382351,0.00138614647119374,0.00138482568310273
"2009-01-22",0.00530669294121379,0.00524759672577863,0.0056684708196378,0.00693063101093236,0.00688188136655302
"2009-01-23",0.000128906093742846,0.000122473284851719,4.58983099729408e-05,8.75737039730014e-08,1.43071403678463e-07
"2009-01-26",0.0106355362941518,0.0104946584034375,0.00990150443608737,0.0130818070563705,0.0126289825937242
"2009-01-27",0.0183333982663864,0.0179802359860421,0.0189335785311426,0.0214805272222301,0.0215335013882323
"2009-01-28",0.00828297706862932,0.00823800123062661,0.00910167202664613,0.00978187178867699,0.00966279288094931
"2009-01-29",0.0275364273629576,0.0272606152195589,0.0282668984472211,0.0297695514889193,0.0297324046103914
"2009-01-30",0.0111365887263205,0.0111249999667937,0.0116244678094608,0.01233975040594,0.0122603256504403
"2009-02-02",0.0030963686483836,0.00302019942866475,0.00318863844936968,0.00310542800616321,0.00310962605054016
"2009-02-03",0.0110757134900458,0.0109266034765169,0.0103389709076252,0.0101049039599834,0.0101663781942942
"2009-02-04",0.0210215359795768,0.0208663476095466,0.0203851396490388,0.0203295162752069,0.0202963677052774
"2009-02-05",0.0125840780686871,0.0125675944348206,0.0125933497005373,0.0126534284742502,0.0126120131592062
"2009-02-06",0.0367572814916973,0.0367431752675555,0.0376654648511538,0.0379596062954384,0.0379634398547819
"2009-02-09",0.0235652399551622,0.0236048178667662,0.0238725950534016,0.0240242563561547,0.024013673621351
"2009-02-10",0.000649654260778589,0.000697583421239061,0.000777005151276552,0.000781660686853623,0.000786323005687794
"2009-02-11",0.00238849475243387,0.00236938251501459,0.00218461143528919,0.00190051435102308,0.00188961319123986
"2009-02-12",0.000325151039404633,0.000337450173712903,0.000324363586297197,0.000218643752483758,0.000209472377753941
"2009-02-13",0.0283927078586582,0.0285914389969938,0.0283258563091896,0.0260721873963083,0.0260672420046945
"2009-02-17",0.0105082461183591,0.0106203520387255,0.010544762144629,0.00932133634415387,0.00938053450790594
"2009-02-18",0.00897728540447129,0.0091806006865247,0.00865310639179703,0.00705050374329692,0.00704779868743273
"2009-02-19",0.0146891341680796,0.0148391776429588,0.0147631242198924,0.0127880406335215,0.0129763590892755
"2009-02-20",0.00927606883128162,0.00950311228141259,0.00892252994335479,0.0075413307556523,0.00762208863172797
"2009-02-23",0.00849565142589181,0.00868485896128618,0.00830269411105192,0.00625175199168626,0.00629974769659012
"2009-02-24",0.00520411046583829,0.00521801582693166,0.00453982344873789,0.00316304287286394,0.00314652998946871
"2009-02-25",0.0016732535929604,0.00162911165004327,0.0018759410746298,0.0028822258835563,0.00287974973830493
"2009-02-26",8.10062649265917e-07,6.0436355578839e-08,1.19901993398111e-08,8.78064797310728e-05,7.83435598837308e-05
"2009-02-27",0.00893943543563733,0.00882951395723011,0.00873947033837849,0.00956023677958679,0.00944016163346708
"2009-03-02",0.00419603657812417,0.00403184366495633,0.00382005190614305,0.0047374685735698,0.00479881630575639
"2009-03-03",0.00603234221238627,0.00598528972295789,0.00567968503225334,0.00661472632348826,0.00664798661344088
"2009-03-04",0.000400215807716988,0.000396117694645594,0.000451522631801208,0.00021189414082331,0.00020920993974126
"2009-03-05",0.00422141955175349,0.00416711276879268,0.00405684625065125,0.0048278704741575,0.00501255759260195
"2009-03-06",0.0262371302456524,0.0261822744473522,0.0265436559833672,0.0295733177610151,0.029718398304047
"2009-03-09",0.0219582134300298,0.0219392584602668,0.0220864900165319,0.0246185689297972,0.0246469196887776
"2009-03-10",0.00147121993185248,0.00146672304043674,0.00139047805962555,0.00167715823060459,0.00173458152286733
"2009-03-11",2.44695967788913e-05,3.2507616456531e-05,4.45295923434414e-05,1.10979050657432e-06,1.12388448818604e-06
"2009-03-12",9.63809396094431e-05,8.25147156011674e-05,9.00350035185599e-05,1.09641689287964e-05,1.30055301523937e-05
"2009-03-13",0.00298912640078863,0.00301940859963673,0.00301379560363584,0.00240603374291942,0.00243025965135461
"2009-03-16",0.000596205985251041,0.000573775003458281,0.000486087675384982,0.000800932273987818,0.00079366110012639
"2009-03-17",0.00133056960669644,0.00138508211683625,0.00145540739457644,0.00112967087422576,0.00114026725700437
"2009-03-18",0.00342763714158317,0.00338841602124464,0.00311751816244809,0.00430129389859968,0.00430290392681533
"2009-03-19",4.83338978601991e-08,3.23523131397939e-08,8.50193041010555e-07,7.65392800920906e-05,9.106536355027e-05
"2009-03-20",0.0185281803741665,0.0186173601924071,0.0187856868492304,0.0160575874885883,0.0160165507710783
"2009-03-23",0.00614795049816493,0.00621486117030882,0.0063914869077059,0.00496224901533009,0.00490978500987247
"2009-03-24",0.00131010951984773,0.00132833992172083,0.00135082775025707,0.000657776281360824,0.000651185285531434
"2009-03-25",0.000923117786790506,0.000941631973197914,0.000953628581704004,0.000300944094410319,0.000307635799322665
"2009-03-26",0.00868458361696397,0.00875108404941414,0.00858354481890396,0.00623309674122508,0.00618297436344806
"2009-03-27",0.0235749162729912,0.0237933028264074,0.0229975533548229,0.0195704645748788,0.0195484360326601
"2009-03-30",0.021602678476074,0.0217567021351358,0.0213087737531475,0.0180900110760941,0.0180664891618543
"2009-03-31",0.0349407527062785,0.0351305838694979,0.0346682182032142,0.0314214874310904,0.0314555608110565
"2009-04-01",0.0247408682019559,0.0249157315447645,0.0249010943946452,0.0215004331079069,0.0214990598716145
"2009-04-02",0.0162252555823302,0.0164385686250091,0.0164508740455715,0.0142408451035092,0.0142121095898611
"2009-04-03",0.0405672304683504,0.0407307656345516,0.0405014372502999,0.0365692863703427,0.0363706392489486
"2009-04-06",0.0276124864402344,0.0277763966262642,0.0285229749249081,0.0249828173321921,0.0248926213449132
"2009-04-07",0.0403828131290944,0.0405789429172463,0.0409677965547399,0.0368646441438216,0.0367887867222778
"2009-04-08",0.0370787562966695,0.0371738931325239,0.0368850415268436,0.0310348109592938,0.0309297542169653
"2009-04-09",0.0622648574299154,0.062474390074607,0.061653115086354,0.0549419094576836,0.0549031023738978
"2009-04-13",0.0358646584369877,0.035942367226891,0.0361857970622418,0.0315218824955165,0.0315450924610139
"2009-04-14",0.0343186652594389,0.0342821645650836,0.0345868150957954,0.0293620315310081,0.0292825408351063
"2009-04-15",0.0254523092786562,0.0254122620735454,0.025516372543003,0.021758981184239,0.0217660505897576
"2009-04-16",0.043711110880187,0.0438939120742664,0.0435604026223585,0.0393636091958704,0.0395181439103684
"2009-04-17",0.0383114890244345,0.0384039081729169,0.0381187789327455,0.0334204322386406,0.0333623262047649
"2009-04-20",0.0195613500405539,0.0195394617601549,0.0191561522225677,0.0163917672232294,0.0162143049193368
"2009-04-21",0.0145271148406828,0.0144980741769118,0.0140877544628636,0.011876193554098,0.0117717817519337
"2009-04-22",0.0129098550280424,0.0128666350052176,0.0128813131594188,0.0101031493188942,0.0101052732080034
"2009-04-23",2.10971043492863e-05,2.57721785679789e-05,2.15999699733795e-05,4.20025607754113e-05,4.38820488286628e-05
"2009-04-24",0.00686868717054136,0.00696087356215103,0.00681414014727259,0.00556214420407405,0.00552590637279605
"2009-04-27",0.0144099762246965,0.0144287294613,0.0141078324727161,0.0128294219377687,0.012874413573706
"2009-04-28",0.017391348893734,0.0173534051734997,0.0171971014212076,0.0163816702973936,0.0164117629945863
"2009-04-29",0.0111349713265492,0.0110908154014367,0.0110012639106408,0.01016932904176,0.01024103490264
"2009-04-30",0.0118878633923395,0.0119166406138407,0.0116138447073918,0.0106132349477249,0.0106226234943042
"2009-05-01",0.0274771331255453,0.0274941811941534,0.027151832276294,0.0259662218882823,0.026127027069039
"2009-05-04",0.0292209862273564,0.0292978144216529,0.0287429166960099,0.0279461872208423,0.028165730547991
"2009-05-05",0.0290064758356182,0.0290306780726526,0.029077400149124,0.0284925497469177,0.0287846523139913
"2009-05-06",0.00676626706819219,0.00678680040912708,0.00683367958317809,0.00647422991004746,0.00655571115875893
"2009-05-07",0.00472721686585891,0.00472209829155448,0.00458142486664972,0.00441250739499878,0.00443921347304937
"2009-05-08",0.0011963953274928,0.00119244739710238,0.00121246317465905,0.00142455859112489,0.00138583275049213
"2009-05-11",0.00462497958864238,0.00462423911360323,0.00469304638705318,0.00424655993003296,0.0044428216330125
"2009-05-12",0.000816808598742395,0.00083580952960375,0.000869506461773166,0.000587112317133431,0.00059650548898745
"2009-05-13",0.00231621904264727,0.00231327627879834,0.00234245921989936,0.00174577195184545,0.0017410695729515
"2009-05-14",0.00454181096576743,0.00454211703803367,0.00455116406684696,0.00379628315131725,0.00377021939109097
"2009-05-15",0.00394628743839301,0.00396666991860457,0.00374391461777624,0.00306318123929626,0.0030458967700626
"2009-05-18",0.00048098774707608,0.000497113690407008,0.00048705402574774,0.000239330511727467,0.00023353358541269
"2009-05-19",0.00958059393033994,0.00952504683989183,0.00939812723903315,0.00758874085045055,0.00748895312107447
"2009-05-20",0.00100901337201101,0.000975633353827558,0.000886885453430816,0.000362160864789596,0.000368341558195908
"2009-05-21",0.00963945421786939,0.00943383973478359,0.00926161621615847,0.00751360461612592,0.00752863717239312
"2009-05-22",0.013055890403508,0.0124780830561491,0.0115634011590865,0.00975366597685763,0.00969890473842316
"2009-05-26",0.00809039635995467,0.00777914186173032,0.00758982056635605,0.00674081283196906,0.00673895302762065
"2009-05-27",0.0043716681205149,0.00425135759464145,0.00437988001784765,0.00384647692176456,0.0038490418082103
"2009-05-28",0.00365246520858494,0.00362702901122668,0.0037256819186412,0.00355893860523022,0.00355707144104746
"2009-05-29",0.0203614489927261,0.0201508803058675,0.0193753231734677,0.0184856255660566,0.0184764665305302
"2009-06-01",0.0133792717673113,0.0133658633034555,0.0135854431483555,0.0123805509810292,0.0123674965365787
"2009-06-02",0.00352695428763747,0.0035414127480189,0.00349755007139674,0.00294207607565498,0.00294155243233001
"2009-06-03",0.00750403970442723,0.00750100902728135,0.00763032357743639,0.00672774535096014,0.00671947765352502
"2009-06-04",0.0146971635318143,0.0146162748440599,0.014701759133168,0.0126164018830729,0.0126169190055038
"2009-06-05",0.00666529164753397,0.00663297500537195,0.00655506510172158,0.00502627458420303,0.00502009438342637
"2009-06-08",0.00109314906733875,0.00112714738752524,0.000993736295481301,0.000570666861757695,0.000569197057828428
"2009-06-09",0.00464065074848427,0.00461235610249822,0.00435776073291539,0.0043025963524318,0.00429533637210203
"2009-06-10",0.010354051466806,0.0106883658865748,0.00986777620736777,0.00919780350955655,0.00919016194526625
"2009-06-11",0.00511942209438489,0.0051490430526659,0.0050968554846139,0.00484130955414434,0.00483825980541445
"2009-06-12",0.0211481480072493,0.0212171219002947,0.0212270186515257,0.0201371026136125,0.0201295096897618
"2009-06-15",0.00829625320229112,0.00828026682867873,0.00819883638414535,0.00788695211623629,0.00788851090783687
"2009-06-16",0.0156832613033972,0.0157461304211506,0.0159486900456091,0.0163285998756564,0.0163183773609473
"2009-06-17",0.00103685818251274,0.00107981428805339,0.00108175065997182,0.0010732058853439,0.00106052366788194
"2009-06-18",0.012302877966458,0.0123053196769955,0.0125289211193007,0.0118742080698178,0.0118634967299205
"2009-06-19",0.0235942183394906,0.0237168109889256,0.0235390653602257,0.0229667883966507,0.0229859870813472
"2009-06-22",0.00205572564192,0.00207626563812034,0.00208578783308307,0.00220651712175322,0.00220589059232366
"2009-06-23",0.000938881721745751,0.000950255768075001,0.000921291128344701,0.000943859865601794,0.000940646780959014
"2009-06-24",0.0068022244450313,0.0068149112172445,0.00661007971587572,0.00700504224220573,0.00700580388859038
"2009-06-25",0.011225302295936,0.0111564296452598,0.01095203492802,0.0119072520830922,0.0119003040834105
"2009-06-26",0.0176391890418045,0.0175213632992854,0.0174882933698755,0.0182228643683536,0.0182215311426269
"2009-06-29",0.00927535669948704,0.00924126787589585,0.00918987553314226,0.00902895742591658,0.00903273000346774
"2009-06-30",0.0121237914214126,0.0121800977122828,0.0123147580073135,0.0126598160889623,0.0126478021806151
"2009-07-01",0.0157897207852634,0.0158272602365612,0.0150217686529229,0.0159283370852022,0.0159305797711944
"2009-07-02",0.0085019465874786,0.00853065772166026,0.00858506178213169,0.00987824764953612,0.00986763013641624
"2009-07-06",0.00491245861547414,0.00488363138012239,0.00473703989775624,0.00539267300974519,0.0053914499206603
"2009-07-07",0.0133783418035396,0.0134088700755822,0.0136753494882989,0.014904046311331,0.0149099875867811
"2009-07-08",0.000227029070943666,0.000238151548451009,0.000259787248882003,0.000451754516069026,0.000451935018706304
"2009-07-09",0.002388014771407,0.00242067621820198,0.00236659932868595,0.00291558321228915,0.00291448728359555
"2009-07-10",0.00798859292712036,0.0080863527855567,0.00795745683963549,0.00865912218882857,0.00862789637101521
"2009-07-13",0.00268572210589348,0.00270206148262401,0.0026388918829519,0.00352273799608197,0.0035278620411838
"2009-07-14",0.00555018974061779,0.00558954698933507,0.00586087569320947,0.00671146962336349,0.00672350157855249
"2009-07-15",0.0182492540733222,0.018297293539036,0.01846521150243,0.0195605273752656,0.0195942115139248
"2009-07-16",0.0156226969167474,0.0156723580202785,0.0159568192446062,0.0167815743994402,0.016792390122238
"2009-07-17",0.0243230152903468,0.024287918806575,0.0242616849065529,0.0256071547584766,0.0256333432487768
"2009-07-20",0.00211275473257286,0.00212001015575243,0.00205238270429882,0.00272846520595027,0.00272747805271039
"2009-07-21",0.00692763883297174,0.0069676862887874,0.00674871426739736,0.00796170896654546,0.00795855968728842
"2009-07-22",0.00598135408819024,0.00603905171623388,0.00636538899455802,0.006627404709412,0.00657449935942534
"2009-07-23",0.00725090990120993,0.00726604785536614,0.00751292729383846,0.00799923350951222,0.00804544059595681
"2009-07-24",0.00880897623653695,0.00882957614193399,0.00939143561561328,0.00962048942256797,0.00956596817385227
"2009-07-27",0.00194295837442262,0.00194083768451474,0.00212047970224762,0.00226464937873524,0.00224605180771205
"2009-07-28",0.0048109048273854,0.00484100329782212,0.00526314993488316,0.00576362553296804,0.00572383973907654
"2009-07-29",0.00550540901107073,0.00552987831196039,0.00586855178116121,0.00632754562110853,0.00628738126662122
"2009-07-30",0.00459189799359786,0.0046140274434222,0.00504004538085006,0.00563488230110815,0.00559587592234346
"2009-07-31",0.00535620021578608,0.00539735953128452,0.00577396843972049,0.0065464215265455,0.00648894841838557
"2009-08-03",0.00663312484181663,0.00666370170243481,0.00709317184211793,0.00740368413505856,0.00739030258103214
"2009-08-04",0.0145225140799975,0.0145872268480622,0.0150745206582339,0.015516760820477,0.0155183122689939
"2009-08-05",0.0119601183511497,0.0120101405328058,0.0117064173531825,0.01144795942096,0.0114782789888724
"2009-08-06",0.0131458050529237,0.0132264206840501,0.0128649411842474,0.0133877570314457,0.0134632370567387
"2009-08-07",0.0172083372185253,0.0172455497140095,0.0170384494052918,0.0179514260542788,0.0179999787181419
"2009-08-10",0.0155043841761477,0.0155109203368007,0.0161421889355572,0.0168051797680367,0.0167943424510971
"2009-08-11",0.0125773031437159,0.012654095970305,0.013191836185132,0.0134751163849141,0.0135181201549541
"2009-08-12",0.00494590826481123,0.00494583399449387,0.00514008169991376,0.00500464630024682,0.00504712079612594
"2009-08-13",0.00820924071950394,0.00827570291519518,0.00832075498495719,0.00798134484662291,0.00802108242542196
"2009-08-14",0.0077001977754139,0.00771748914282815,0.00764819231052255,0.00752787043103889,0.00749604881713257
"2009-08-17",0.00929958810051124,0.00932616181427307,0.00981867084133413,0.00993817027534694,0.00991389486069466
"2009-08-18",0.0119725076267464,0.0119314391089184,0.012702917473317,0.0127724442901666,0.012593194191979
"2009-08-19",0.0131626552797761,0.0133127224392665,0.0138805103157224,0.0139195703244513,0.0136436304959081
"2009-08-20",0.0253050829722486,0.0253800500643265,0.0254309431231534,0.0253946211038917,0.0251620333127376
"2009-08-21",0.0207011894294587,0.0206642449100862,0.0210398207409242,0.0206809065559436,0.020791513207429
"2009-08-24",0.0144627912172056,0.0144708999588522,0.0146727834414174,0.0151220023462317,0.0151409556295606
"2009-08-25",0.0133181821752442,0.0133303117126409,0.0129881492824474,0.0132843853148798,0.0133077944249097
"2009-08-26",0.0093097274210088,0.00930976974137174,0.00935340927959385,0.00965544460729595,0.00961725292998679
"2009-08-27",0.00136925853808134,0.00136691462722929,0.00135953915338658,0.00143288512459279,0.00139259365055543
"2009-08-28",0.00222850024343667,0.00222864509992809,0.00230159456141932,0.00252208045510477,0.00249657215407552
"2009-08-31",0.00346410399398525,0.00346302980877467,0.0035419891901383,0.00382986424319665,0.00379509885971769
"2009-09-01",1.14849972456458e-06,1.16316273538372e-06,3.08368589643705e-06,9.54679974097494e-06,9.09233314554805e-06
"2009-09-02",0.000542087080243686,0.000537182684579558,0.00060715421266708,0.000579596595258925,0.000596232678121236
"2009-09-03",0.0023487685723624,0.00233889156669259,0.0023716605886882,0.00231760636316908,0.00233639545652952
"2009-09-04",0.00764112670025864,0.00762861762702059,0.00772648704723932,0.00769425794161204,0.00764677297698355
"2009-09-08",0.00618103788946805,0.00617131449613849,0.00655552746813578,0.00655044161561698,0.00655009527691302
"2009-09-09",0.000439014844689366,0.000443391405889006,0.000606960321432102,0.000602102665933733,0.000590695391283049
"2009-09-10",0.00078593145055772,0.000787217073267371,0.00073320950945652,0.000735884202075553,0.000746685019066647
"2009-09-11",0.00200403304725255,0.00201364447835486,0.00168844074569258,0.0017532007227254,0.00175143753204007
"2009-09-14",0.00342201395913202,0.00341952451999905,0.00328494223014072,0.00333222035952899,0.00327504008394877
"2009-09-15",0.0052563410137349,0.00526081553503759,0.00539680238591386,0.00539643391764449,0.00538743893091974
"2009-09-16",0.00194390282444429,0.00194420388854801,0.00213045392545781,0.00215973775472777,0.00218178200142929
"2009-09-17",2.74659414369203e-05,2.74719521398215e-05,3.65364457025035e-05,4.62889347986011e-05,4.82554976602e-05
"2009-09-18",0.000884262951909116,0.000885438621197365,0.000997325183200429,0.00102855179934233,0.00105835545233194
"2009-09-21",0.000141904683572397,0.000143496361512457,0.000133599155351494,0.000142528179621527,0.000157642195284665
"2009-09-22",0.000872994552483733,0.000884231657963281,0.000939465063244355,0.000944903897864227,0.000929806836739729
"2009-09-23",0.000585755224113843,0.000587825771116098,0.000490906322164448,0.000476346822849849,0.000482766591869253
"2009-09-24",0.0023741294759357,0.0023740476131332,0.00220941534049656,0.00218748278898336,0.00220347020628132
"2009-09-25",0.00122846259410207,0.00122679623520948,0.00100337869179774,0.00096798513920281,0.00104107714457879
"2009-09-28",0.00297255437835226,0.00297322150118645,0.00328872272388185,0.00333580249232788,0.00329606384393992
"2009-09-29",0.000368951123014421,0.000370331088994733,0.00041447019417982,0.00044924631192276,0.000447135515452645
"2009-09-30",0.000700426830449246,0.000704788764587769,0.000638763242201961,0.000616386805369759,0.000641313769987841
"2009-10-01",3.34803562176726e-05,3.28485426566433e-05,5.49392082915601e-05,5.5934259458108e-05,5.40069137341759e-05
"2009-10-02",0.000151417722156009,0.000151047029463796,0.00023159218493999,0.00024453970633898,0.000241637603892252
"2009-10-05",0.000436728901372901,0.000437712097490152,0.000569375487021004,0.000583421857467704,0.000564651635942515
"2009-10-06",0.000412766220708589,0.000414047910549856,0.000533183567283483,0.000533474039906969,0.000525042878200946
"2009-10-07",0.00370091879345308,0.00372003219503865,0.00402531159923985,0.00401927499592051,0.00406823452792526
"2009-10-08",0.0024164628168551,0.0024342750274923,0.0029085666253788,0.00288487919489569,0.00293179721691932
"2009-10-09",0.00710902447018075,0.0070840284058026,0.00790613096060712,0.00785959321155491,0.00800213915497716
"2009-10-12",0.00387567663816466,0.00390004760300852,0.00441716264617057,0.00438699091489904,0.00441622311904086
"2009-10-13",0.0046012908827481,0.00461399063595393,0.00506523312098273,0.00506646767037954,0.00516307142031586
"2009-10-14",0.0056728526031556,0.00568666136998023,0.00614416114808254,0.00614148406166725,0.00618998317768308
"2009-10-15",0.013660217419926,0.0136974908321952,0.0150616225412624,0.0150594597503128,0.015065386825191
"2009-10-16",0.00342820231407228,0.00346499272115373,0.00388799592601956,0.0038868567822201,0.00390598302550018
"2009-10-19",2.42919945854411e-05,2.35807943280589e-05,9.76491137979643e-06,1.05298088912334e-05,1.04894053313301e-05
"2009-10-20",0.000140549975875328,0.000132371196660042,0.000114495304312749,0.000115833187359974,0.000106341868669294
"2009-10-21",0.000212663271261976,0.000204549537596436,0.000142844907224454,0.000147552053813473,0.000141480944270771
"2009-10-22",4.59467963105719e-05,4.48828552771074e-05,1.09041118846073e-05,1.15325345610155e-05,7.4999769072801e-06
"2009-10-23",0.00270059755604298,0.00269541512807683,0.00338584201146786,0.00338908652714033,0.00340366746249516
"2009-10-26",1.21668761506344e-06,6.69077595963208e-07,1.5723680077707e-05,1.56610317872507e-05,2.07868673408002e-05
"2009-10-27",0.00276712705761243,0.00276185460435864,0.00240109987983099,0.00240202236557867,0.00240990024839903
"2009-10-28",0.00512148680930526,0.00512008875768089,0.00445293459923088,0.00444338030015655,0.00445425532231019
"2009-10-29",0.00112108101467785,0.00111976704280642,0.00135281172587591,0.00135205507346393,0.00135382343796258
"2009-10-30",0.00462962927627069,0.00463542622952345,0.00413575401073815,0.00410098522784225,0.00413346362625816
"2009-11-02",0.027802384568341,0.0279341378369905,0.0262213323534042,0.0259613306204029,0.025631594475796
"2009-11-03",0.00707663829249321,0.00709208771468905,0.00622452079042967,0.00616297201497854,0.00637032901907853
"2009-11-04",0.00133790063699199,0.00126718764554758,0.000762345371697328,0.000735879358047439,0.00075638254537113
"2009-11-05",0.00116010373680564,0.00119965465198903,0.0017127397810356,0.00181100977259562,0.00188216049817059
"2009-11-06",1.79658773566607e-06,1.99556853784931e-05,0.000120391623328884,0.000124342547612145,0.000137721827218582
"2009-11-09",0.00121945896645187,0.00139618647874275,0.00193900522399273,0.00197166552345122,0.00224778746612174
"2009-11-10",6.94964490020335e-05,9.26501309464782e-05,0.000270949158112382,0.000284957151901445,0.000342765278408797
"2009-11-11",2.2082050386809e-05,1.33956378322792e-05,4.9365414162919e-06,7.46643895094043e-06,1.21027947350819e-05
"2009-11-12",0.000120835545115168,9.79078399012941e-05,3.4903773709875e-05,4.59929571709684e-05,4.73965328386446e-05
"2009-11-13",0.000393005636412466,0.000400586087028146,0.000618394942357279,0.000644458750727454,0.000540376790413752
"2009-11-16",0.00334057403210229,0.00362625726666564,0.00391819289995472,0.00409438489530799,0.00412940711753739
"2009-11-17",0.00461635928420303,0.0048502982171441,0.00559886704117837,0.00582913998937984,0.00547101632981688
"2009-11-18",0.00378585509378839,0.00413902766456805,0.00435206449580843,0.00444943103277074,0.00407706675321489
"2009-11-19",0.00212078584740507,0.00209921365512361,0.00178528827822698,0.0018221723784923,0.00170000584390729
"2009-11-20",0.00546298225838103,0.00497160033171403,0.00513986550709035,0.00497673694253299,0.00512414966754054
"2009-11-23",0.00966435821210419,0.00931638439577929,0.00939061496536989,0.00934624810914017,0.00924445574815766
"2009-11-24",0.0139560060548482,0.0137579250037646,0.0142211387119823,0.0143698418357564,0.0146010882481585
"2009-11-25",0.0309548765098177,0.0301040381951662,0.0315953590284165,0.0322275244208127,0.0325119343200822
"2009-11-27",0.00137057546049266,0.00137075784579738,0.00175276113072104,0.00180522680108702,0.00189818170410231
"2009-11-30",0.0106428973036987,0.010299434663524,0.0103301920112446,0.0103788624441892,0.0103780828890565
"2009-12-01",0.0296844677632492,0.0289002591299855,0.0312916579175947,0.0314254726063028,0.0308138966604961
"2009-12-02",0.01256674281727,0.0124312467628759,0.0141331299615749,0.013980614410736,0.0137997507961034
"2009-12-03",0.007804715512922,0.0075522712090593,0.00852061401813448,0.00864941919929746,0.00838380314000004
"2009-12-04",0.00178813121882316,0.00160089514258953,0.00120700971186493,0.00119842191548367,0.00120112289979103
"2009-12-07",0.000417140173475281,0.000343043965685358,0.000207829622832315,0.000204773578210794,0.000233708794630119
"2009-12-08",8.92445537544469e-05,5.94490411406949e-05,2.0063428369829e-07,7.5564636602681e-07,7.62405713264577e-06
"2009-12-09",0.000412041124356671,0.000508038646680651,0.000956316769667119,0.000976378779279561,0.000852401333751392
"2009-12-10",2.08685895599159e-05,5.23920505490172e-05,0.000289061852166003,0.000291266837488153,0.000379328100760185
"2009-12-11",0.00137278636647445,0.0015464521801774,0.00202833369840028,0.0020854134302032,0.00230186663123314
"2009-12-14",3.1096107653381e-06,5.22192774881181e-06,0.000109929369994573,0.00013489115372597,0.000132668176874965
"2009-12-15",0.00068105137857399,0.000747266927471532,0.00132129195041723,0.0013030512707952,0.00128236680829588
"2009-12-16",0.001175680925294,0.00155821369722099,0.00241922075312733,0.00238719179029316,0.002272463571755
"2009-12-17",0.00236799779911311,0.00286976044923483,0.00400442919709607,0.004178603636844,0.0042048341329014
"2009-12-18",0.00433076733951394,0.00479013461164683,0.0065595013049037,0.00666019079819283,0.00698737072812749
"2009-12-21",0.000933767649925085,0.0010763512426121,0.00178620532506439,0.00202962114736558,0.00215952405948588
"2009-12-22",0.00269162835000732,0.00315963884670414,0.00417347168188681,0.00435874366006343,0.00479860354577513
"2009-12-23",0.00398828200962853,0.00401288450805464,0.00500029096621976,0.00539385104853358,0.00558654714751856
"2009-12-24",0.000212577325656837,0.000124324319266642,1.77423411804602e-05,5.7553565023042e-06,1.82819679721491e-06
"2009-12-28",0.00146829992920913,0.00134210497937478,0.00166387520204515,0.0017338653367898,0.00164527692503111
"2009-12-29",0.00155755970561257,0.00157797296084621,0.00328421027348847,0.00327810726006967,0.00312619784969019
"2009-12-30",0.00134546637549686,0.00151081015103075,0.00299718772765846,0.00305791620220393,0.00289414135485693
"2009-12-31",0.00669914952901238,0.00729495587213321,0.00989455894216668,0.00986481434178304,0.00986176344830433
"2010-01-04",0.00714133158419731,0.00824360383617987,0.0107076004048073,0.0108184217439093,0.0111268159978942
"2010-01-05",0.0108852195379181,0.0116595485471688,0.0146613958308356,0.01469475085672,0.0150804315405845
"2010-01-06",0.00511365683821147,0.0064014810186914,0.00914447608853607,0.00941550673086297,0.00995031521905005
"2010-01-07",0.00326621696921086,0.00386252544519358,0.00602235761990594,0.00621623214111312,0.00625463688840323
"2010-01-08",0.00489853682073706,0.00563409808307277,0.00788720795301554,0.00796985556598869,0.00883793154350025
"2010-01-11",0.00380340997792437,0.00515381611934167,0.00641705311841158,0.00667164454973649,0.00662598001687012
"2010-01-12",0.000138640693130233,0.00030156063093328,0.000749447998064562,0.000865186302597599,0.000948161565276608
"2010-01-13",0.000601407187381015,0.00102457413442228,0.00167218539901334,0.00179157843393824,0.00201209183329701
"2010-01-14",0.00361309402454862,0.00429206509663885,0.00542674091337116,0.00547691480963393,0.00552171301681853
"2010-01-15",5.41883873131612e-05,5.32269707776273e-05,0.000234958359515526,0.000278818105581965,0.000382327819527722
"2010-01-19",0.000298661708334883,0.000409097448850951,0.000656823388826173,0.00068874008016172,0.000772198767149216
"2010-01-20",0.000575676132721338,0.000433381205368964,0.000263614623922651,0.000242794509086817,0.000176363910210075
"2010-01-21",0.00252884491690874,0.00181659505001317,0.00145633640779045,0.00138307851233393,0.0013987409138715
"2010-01-22",0.0117231231310626,0.0101497793050437,0.0091605676832218,0.00911725457508087,0.00879564687909042
"2010-01-25",0.00330160666727839,0.00247151059245454,0.00180774401603903,0.00178220737153348,0.00138724396627802
"2010-01-26",0.0409686531506152,0.0362029428457341,0.0339236542290085,0.0338705172904604,0.0322478633420263
"2010-01-27",0.122376198019805,0.116653707589288,0.110400712319796,0.110107176331067,0.106732733503704
"2010-01-28",0.0221570571898949,0.0186898727143722,0.0153057292303036,0.015240743933053,0.0132625282036792
"2010-01-29",0.0297235594599878,0.0269199332354063,0.0235372120495456,0.0229989315040133,0.0209772395182303
"2010-02-01",0.0221381835261803,0.0201452651905787,0.0174920739419734,0.0171293526666837,0.0160973360378981
"2010-02-02",0.00496267440123025,0.00435854670295235,0.00330406800472842,0.00326630374356406,0.00316485159859843
"2010-02-03",0.00311084864916482,0.00258804479647885,0.00220869548969408,0.00218918138760052,0.00216653842532764
"2010-02-04",0.00499524769577258,0.00440332706405575,0.00355423440531188,0.00343504676407871,0.00352371452670844
"2010-02-05",0.0184018164206313,0.0182851409565085,0.0171753783634023,0.016792642030818,0.0172082800534076
"2010-02-08",0.00234026214041338,0.0023375916632093,0.00180609949575775,0.00174308103561989,0.00158115051465392
"2010-02-09",0.00186077909512337,0.00183911246551801,0.00123113843053524,0.00112915690329856,0.000918676284593125
"2010-02-10",0.000476841453351745,0.000721594967442574,0.000543346214540197,0.000562350935092455,0.000572469850883589
"2010-02-11",0.000171530083550019,0.000316142464845968,0.000657808127285759,0.000708310642629207,0.000630797308926752
"2010-02-12",2.84608555406405e-05,3.29372850621091e-06,1.22311444101293e-05,1.77609263846695e-05,2.93552927718058e-05
"2010-02-16",0.00746438248896152,0.00809696979464642,0.00883766689701234,0.00892077165372118,0.00912561539075243
"2010-02-17",0.00383976082461941,0.00416910084231794,0.00491503455479335,0.0050920916832087,0.00527611599018023
"2010-02-18",0.00746808621591578,0.00776719166001614,0.00888048949100701,0.00909507916438891,0.0089715381302132
"2010-02-19",0.0140361941987736,0.0141564332986966,0.0153415242937008,0.0150088534656016,0.0145477192601534
"2010-02-22",0.013902487026348,0.0137573206893567,0.0148605346591279,0.0143490488680026,0.0140523834669118
"2010-02-23",0.00290248767468085,0.00287755266642134,0.00356730209495305,0.0033505446801457,0.00328453583164299
"2010-02-24",0.0174453339283944,0.0185265951512705,0.0207694136234409,0.0206028614420254,0.0201579854082143
"2010-02-25",0.0236435576780242,0.023795806032868,0.0268972570041819,0.0275490920291918,0.0244168012602135
"2010-02-26",0.03057634912076,0.029148701771953,0.0316795704084213,0.0317929627998393,0.0298941542355701
"2010-03-01",0.04091470706158,0.0373356988652855,0.0416010390038858,0.0418903893751035,0.0414614307048849
"2010-03-02",0.0324581738956796,0.0331203753250345,0.0400757020734384,0.0400561587702105,0.0399109510793691
"2010-03-03",0.0252417797934331,0.0253629063625001,0.0302493531872925,0.0302026807056246,0.0302256881946893
"2010-03-04",0.0211524283420581,0.0211017664184964,0.0237324034498401,0.0237394309186644,0.0250357787837099
"2010-03-05",0.0204483581266447,0.0198944530141571,0.0232867999983282,0.0231918256986779,0.0242403040365039
"2010-03-08",0.0397311874008174,0.0376390817326118,0.0400754628778618,0.0400177538437913,0.0403076181388817
"2010-03-09",0.0122492187663862,0.0117432613509729,0.0112783406041617,0.0113065977661221,0.0109212377297874
"2010-03-10",0.0135958008476621,0.0124251155928094,0.0116908066468597,0.0116788596719147,0.0117661142919954
"2010-03-11",0.0144993340753031,0.0137687595986916,0.0150389005048377,0.0150384059305719,0.0145708055398526
"2010-03-12",0.0113221302545796,0.0107756054280403,0.012189612905582,0.0122009256905398,0.0121921520480275
"2010-03-15",0.00219806906973357,0.00203242952390241,0.00274287214305373,0.00273718146224203,0.00252371678128967
"2010-03-16",0.00491488809254484,0.00505640252134607,0.00612918594955716,0.00610438305394853,0.00631245502428412
"2010-03-17",0.00745789548704005,0.00779889211656128,0.00948105927745467,0.0094908711509199,0.00935486633115933
"2010-03-18",0.0025239713574342,0.0026771354011343,0.0039042032512076,0.00392360137400544,0.00402528635589504
"2010-03-19",0.0018113193008411,0.00186218162059143,0.00276905325383737,0.00280980092207893,0.00290264075958505
"2010-03-22",0.00225623498334868,0.00240115862316072,0.00340899049554679,0.00341059593353526,0.00365796178403148
"2010-03-23",0.002098930058049,0.00219141839266433,0.00365553894539828,0.00362819759906361,0.00370409113034005
"2010-03-24",0.00135811559549458,0.0014242427087029,0.00243079076365988,0.00240155082543127,0.00231971087510866
"2010-03-25",0.0040813608333915,0.00425991261318296,0.00604798874748229,0.00599314099502261,0.0063889226806489
"2010-03-26",6.65897228508632e-05,9.41602867405577e-05,0.000400308244951727,0.000390915912392764,0.000385577783111458
"2010-03-29",0.00398663686765255,0.00436497764417039,0.00605414968073871,0.00601854285377229,0.00634339128221672
"2010-03-30",0.00140297224810226,0.00165629904809076,0.00277739324147023,0.00275846989431203,0.00305128241280192
"2010-03-31",0.00213311186015001,0.00239021275949431,0.00391647933290541,0.00389675266099046,0.00411925512559426
"2010-04-01",0.000486193226030122,0.000652552650343283,0.00137711794968332,0.00137117994969875,0.0014940747579412
"2010-04-05",0.000134132468254299,0.000199385234832974,0.000705155071086581,0.000694644933974657,0.00083141657744908
"2010-04-06",0.00260741716515916,0.00290960960755668,0.00358391679414865,0.00357357758404183,0.00371441495234724
"2010-04-07",0.00175935916220721,0.00204692408582407,0.00289536551434117,0.0028854621324553,0.003016530582152
"2010-04-08",0.000172625952475694,0.000226519328730138,0.000578016429878083,0.000574253077591981,0.000622038189300859
"2010-04-09",0.00598565916161777,0.00655255092756841,0.00760791004803604,0.00759061700305297,0.00752320844702132
"2010-04-12",0.0054662441318482,0.00588805608363486,0.0069131918922383,0.00688201965373046,0.00707665320721817
"2010-04-13",0.0114081932643178,0.0122013171228011,0.0136168003974507,0.0135760614865832,0.0142325314657833
"2010-04-14",0.00768888778403266,0.00796059126251629,0.0085913856464756,0.00859464600275704,0.0088708884578902
"2010-04-15",0.00607537630369006,0.00655116362596126,0.00718232077085692,0.00716834829211419,0.00754480663195545
"2010-04-16",0.00200466526317338,0.0017688638653881,0.00135712111125603,0.00136543400183964,0.00115194175797614
"2010-04-19",0.00102626565141714,0.000898293794847258,0.000930856283016586,0.000939275534228912,0.000926251162106651
"2010-04-20",0.000283095662333489,0.000222182547921593,9.43341008428373e-05,9.69361832677057e-05,5.92783139963617e-05
"2010-04-21",0.000861517503074627,0.000712887073587656,0.000280564776121163,0.000284232113502954,0.000204038305590473
"2010-04-22",0.000665598816748033,0.000594582959740072,0.000276523313365709,0.000279949843665779,0.000250436091264964
"2010-04-23",1.76072626095913e-05,8.97858265462471e-06,2.66549034671578e-05,2.38642625985647e-05,3.55926936365759e-05
"2010-04-26",0.00204981286859482,0.00217749390446998,0.00316713726016874,0.00314535332914953,0.00357332823525503
"2010-04-27",0.00749858224643412,0.00719583232026641,0.0056551900450638,0.00567783208011572,0.00545968635520358
"2010-04-28",0.0202631412263654,0.0196249464605309,0.0170988159929779,0.0171330880932406,0.0166302918250115
"2010-04-29",2.83804963037409e-05,2.98815502743263e-05,1.73286594412615e-05,1.57524327731599e-05,5.16264420482313e-05
"2010-04-30",0.00705374392028213,0.00683810819742504,0.00588643960939556,0.00592498093682093,0.0054999150699005
"2010-05-03",8.24071132055627e-06,4.54277459644639e-09,5.45888746275278e-05,5.1065381608117e-05,9.99632150361219e-05
"2010-05-04",0.0108495957480615,0.0103405014993343,0.0092128124832114,0.00925564369560905,0.00875209055689435
"2010-05-05",0.0356148292761861,0.0349587366422403,0.032024117530552,0.0320806459747478,0.031559704124387
"2010-05-06",2.63495613018936,2.62300948769428,2.59737135374824,2.59778818397493,2.58320302213115
"2010-05-07",0.391300572394636,0.390120824239196,0.381558168331959,0.381595807024712,0.377889551491704
"2010-05-10",0.0371064106358076,0.0361067408930097,0.033166813541976,0.033156316591788,0.032283697896618
"2010-05-11",0.0449794617719957,0.0443501321542647,0.0421967487739965,0.0422074697735932,0.0409712705748341
"2010-05-12",0.0130298404143676,0.0128587555965194,0.0116683275630759,0.0116851010456592,0.010909943539279
"2010-05-13",0.0157536556645044,0.015272862684374,0.0138254329496254,0.0138109763099196,0.0128497394511836
"2010-05-14",0.0146280479960242,0.0143948718193797,0.0133135741662589,0.0132271404189625,0.0122505933066627
"2010-05-17",0.0272712661235485,0.027336384992208,0.0244175219423372,0.0244195093357985,0.0220443649232216
"2010-05-18",0.0177396952411721,0.0167468035842393,0.0141671448271791,0.0141173332012183,0.0128240528653776
"2010-05-19",0.0517431072549515,0.0499466214567214,0.0480270947869426,0.0479820699385179,0.0492507275743721
"2010-05-20",0.0621558264064983,0.0610557815496376,0.0635334847364056,0.0635255830127789,0.0632877809702243
"2010-05-21",0.0741189313117719,0.0748610653384107,0.0741154155222809,0.0741815530005265,0.0719820848539413
"2010-05-24",0.0133105099718558,0.0123052620682072,0.0118648940087735,0.0119109192115789,0.010958803146397
"2010-05-25",0.043494548710672,0.04227856411972,0.0412615544508901,0.0412502754072971,0.0401858173394597
"2010-05-26",0.00607541327702384,0.00540986289630844,0.00493081087232053,0.00492209865910131,0.00448404265283823
"2010-05-27",1.16099004782788e-05,3.97175317910211e-05,8.30602881161462e-05,8.71998860212564e-05,0.000115248574505281
"2010-05-28",0.00438084892997938,0.00423407879856988,0.00379728953397728,0.00382098195587986,0.00342159371890684
"2010-06-01",0.00453800231150814,0.00432493855102378,0.00405254999306285,0.00401301938863759,0.00352195622462304
"2010-06-02",2.85056527494225e-05,3.26218176239567e-05,2.7093928323248e-05,2.52315080445535e-05,3.3251149903576e-06
"2010-06-03",0.00194916502495395,0.00191090322312779,0.00205833044533644,0.00205981823485517,0.00243727515069417
"2010-06-04",0.0580462069768643,0.0510348028794082,0.0457997781573028,0.0457492484520012,0.0442719046302433
"2010-06-07",0.0127248643414586,0.00991210913096012,0.00739417948137366,0.00734726990985156,0.00556777064327895
"2010-06-08",6.529984082672e-05,0.000398231887626924,0.00270934789826448,0.00260430588697737,0.00346693433763753
"2010-06-09",0.000786566625604298,0.000754409643662012,8.76366510717835e-05,9.9602237410516e-05,5.79370813271029e-05
"2010-06-10",0.000128170354648792,0.00013932887924641,0.000154534065079847,0.000168958136188106,0.000331282454617822
"2010-06-11",0.00341076520823341,0.00372743156772598,0.00302408617342056,0.00313624138044036,0.00356363856928371
"2010-06-14",0.00849485776883729,0.00799131938605823,0.00695551888719581,0.00689279178750242,0.00690125407450647
"2010-06-15",0.0311737712590536,0.0303029935493338,0.0292420237091628,0.0289807610149726,0.0286899624980571
"2010-06-16",0.0248177063334172,0.0235156307398238,0.0229336534137195,0.022844339028371,0.0220952191380334
"2010-06-17",0.0290521423701059,0.0268663139284418,0.0248859031545575,0.0247287977781478,0.0238071575367412
"2010-06-18",0.0666324531493654,0.060752045587906,0.0570108735087514,0.056613003884975,0.052325123348719
"2010-06-21",0.0348106172446589,0.031311756455023,0.0265230664057997,0.0263208075136621,0.0237495327305075
"2010-06-22",0.0129574389526258,0.0120057071050231,0.01066908654144,0.0107018139370595,0.00967985561584717
"2010-06-23",0.00813610142283211,0.0072189391834668,0.0067695588487785,0.00675679024054659,0.00515692291726029
"2010-06-24",0.0099763996770496,0.00898033459773412,0.00789598509301425,0.00792308055369055,0.00676234281570735
"2010-06-25",0.00112331283540134,0.00100402604076919,0.000749001744461272,0.000753678190946032,0.000484545981195445
"2010-06-28",0.00337700345598189,0.0031354747999653,0.00292463937574917,0.00292729419278433,0.00244208659679625
"2010-06-29",0.00463611457600637,0.00478932601734587,0.00492880344554577,0.00494535927259982,0.00555916565771161
"2010-06-30",0.000138681206573646,0.000206198298749376,8.23137711559666e-06,8.40060434044795e-06,1.5312776651692e-07
"2010-07-01",0.016520458562771,0.0157700953377873,0.0181601396850631,0.0181519362154624,0.0192078457319192
"2010-07-02",1.00838137834762e-06,4.18554273198595e-06,8.82091220851175e-05,8.44536056085393e-05,0.000148090819551205
"2010-07-06",0.00235829252775566,0.00265325967552102,0.00240506044412185,0.00240989153725133,0.0022690919023494
"2010-07-07",0.0244771484353949,0.0232333641314128,0.0239856741047583,0.024056889897041,0.0227981983581864
"2010-07-08",0.0101251969127019,0.0101729507609731,0.0108359308617082,0.0108381525977832,0.0102568245481788
"2010-07-09",0.0159107685456813,0.0166737464172098,0.0170460457159407,0.0170771574674692,0.0171052619988896
"2010-07-12",0.0060167656436928,0.00646456619501758,0.00664120994650896,0.00667069357932233,0.00558727912862572
"2010-07-13",0.00231489788231621,0.00225222619918448,0.00209221822812291,0.00208350537438335,0.0022392090556859
"2010-07-14",0.000696355524541414,0.000568751428682136,0.000437317114482704,0.000434931267238332,0.000479480598639247
"2010-07-15",0.00084900237226325,0.000652104958103809,0.000313419236716255,0.000316679108844608,0.000359094360272089
"2010-07-16",0.00571610549517561,0.00520917275447029,0.00446414831349647,0.00448846400670912,0.00497548984034878
"2010-07-19",0.00978426689616424,0.0088715274679647,0.00913168030374128,0.0091423226631635,0.00952470895161481
"2010-07-20",0.00099751111545215,0.000716087033807411,0.00119806853303713,0.00118659747333749,0.000984349974244714
"2010-07-21",0.00804479698816116,0.00725412806667472,0.00757231321286339,0.00752378441356499,0.00745231812123014
"2010-07-22",0.00361209760298484,0.00354351114541315,0.00403855711059862,0.0040573951328708,0.00399139018630883
"2010-07-23",0.00338154237768105,0.00344337314026548,0.00347253323920544,0.00342173966152215,0.00330228145128901
"2010-07-26",0.0144726218508649,0.014468362216826,0.014369128945589,0.0143553384675854,0.0135126444132153
"2010-07-27",0.00972276832831702,0.0101036316209303,0.0097476133985185,0.00978304938871682,0.00972474708512902
"2010-07-28",0.0173294453321759,0.0172992691685898,0.0166629975021965,0.0167016100079977,0.0166905682093968
"2010-07-29",0.00707644438759234,0.00630161312584829,0.00656516249034955,0.00657781476996515,0.00696624553289127
"2010-07-30",0.0165403156357251,0.0159755694488361,0.0150168005896473,0.0149845146184671,0.0150902394784648
"2010-08-02",0.0352059021615376,0.034895271790955,0.0354831159332909,0.0354768678130801,0.0357541175492484
"2010-08-03",0.023739931078969,0.0236455413977679,0.0240021657316221,0.0239799099166581,0.024113169797203
"2010-08-04",0.00919037831535875,0.0090650243657038,0.00841329216935523,0.00838977641220412,0.0079939741424577
"2010-08-05",0.0237858129922088,0.0245631124126668,0.0251457750243459,0.0250925618509746,0.0246502581474572
"2010-08-06",0.0102838069736918,0.0111847533573468,0.0116890482878497,0.0116835875474177,0.0121493883921833
"2010-08-09",0.0241941134554537,0.0255309830727711,0.0285639965956458,0.0285458900545438,0.0302724097981151
"2010-08-10",0.0169042870603697,0.0188175463506942,0.0217446769254867,0.0217764384226735,0.0232907292068522
"2010-08-11",0.015504611046902,0.0166520743124485,0.0176015944130955,0.0175336659387163,0.018635183210943
"2010-08-12",0.0114956045958628,0.0123014344224039,0.0135965172579985,0.0135337454248339,0.0126209200706907
"2010-08-13",0.0332150423767089,0.0338355414901898,0.0344667129772425,0.0344066267060309,0.0347001614541198
"2010-08-16",0.0286372729337009,0.0300521748940845,0.0311226071461882,0.0310321954522667,0.0322879240620227
"2010-08-17",0.0336570602435656,0.0348405678091202,0.0336406120506609,0.0335557809715073,0.0334794520913275
"2010-08-18",0.0390673623141169,0.0393022682838381,0.0393940109115623,0.0392850990420714,0.0388007485363697
"2010-08-19",0.018863153882187,0.0189844498180818,0.0187699007679816,0.0187353741754693,0.0188557883579733
"2010-08-20",0.0295612669599368,0.0276136616026326,0.0263450630367339,0.0263543182387559,0.0272058857101533
"2010-08-23",0.00706505376055244,0.00706437589508114,0.00714623046062917,0.00714264163746823,0.00752865817887914
"2010-08-24",0.0004980996257505,0.000535120515134377,0.000512038751039771,0.000505796811181876,0.000484962428622529
"2010-08-25",0.000558484484498985,0.000704385797722676,0.000790472292821439,0.000806962818172224,0.000543962076145137
"2010-08-26",0.00354252613157262,0.0035830886963418,0.00358069673751462,0.00360402545049894,0.00324133824014866
"2010-08-27",1.08235761293304e-06,4.10850507698012e-06,2.65242664445903e-05,2.76743442199966e-05,5.85577988763294e-05
"2010-08-30",0.00248933907963635,0.00233342316240517,0.00229638028698646,0.00234902696529185,0.00232929217492942
"2010-08-31",2.26820667695892e-05,8.62876083873729e-07,1.97503852336279e-06,1.67510362026511e-06,6.45913135422433e-06
"2010-09-01",0.00518080841816986,0.00579324475183041,0.00658137331784352,0.00644433810170898,0.00695250688017783
"2010-09-02",0.00436918973171038,0.00466488959281025,0.00544530162543107,0.00547385549006347,0.00542577713015087
"2010-09-03",0.00634627870711641,0.00629796578717943,0.00643098620486645,0.00647268739225875,0.00609243016192982
"2010-09-07",0.00171137764641939,0.00205969478337728,0.00204121366269973,0.00205524104926242,0.00216845464505078
"2010-09-08",0.0031071800286569,0.00308063499728899,0.00310390882679322,0.00311625349446406,0.00312316885064183
"2010-09-09",0.00643105166418533,0.00624073908502579,0.00661126993171337,0.00681540580522119,0.00678879176909855
"2010-09-10",0.0072308086356885,0.00768844080311496,0.00718020195555955,0.00730506335090039,0.00723123293177963
"2010-09-13",0.0103360176594342,0.0108465635755157,0.0111256608771739,0.0111279501533929,0.0107143337041999
"2010-09-14",0.00590945757885966,0.0057974684022766,0.00587537127575277,0.0059289984991188,0.00572714631703872
"2010-09-15",0.00695590805152382,0.00688031036951418,0.00733347657787505,0.00742669214261866,0.00711409080978439
"2010-09-16",0.00565537114000089,0.00590435653017442,0.00605201457087558,0.00602153007280912,0.00583106672705698
"2010-09-17",0.00371251519311977,0.0037118022307057,0.00349407521920406,0.00353150924116052,0.00357011405774351
"2010-09-20",0.00227271332662453,0.00228035568432745,0.00233254297494215,0.00230324976954075,0.00236930911107451
"2010-09-21",3.5308245940636e-05,7.5657132332142e-05,0.000124192481645933,0.000126128833481151,0.000169995358537315
"2010-09-22",0.00249883649691297,0.00251051197105199,0.00262050546355035,0.00263943304558132,0.00277319286916348
"2010-09-23",0.00319078011914326,0.00333170354111063,0.00327127983246931,0.00327340233602392,0.00320990770197808
"2010-09-24",0.00696227212117912,0.00711173572838847,0.00684483538121411,0.00686797929022662,0.00668804823797081
"2010-09-27",0.0111786916477547,0.011077564561313,0.0105406374868021,0.0106278276900273,0.0101163546758161
"2010-09-28",0.0839210742090618,0.082553279593878,0.0814782886026731,0.081425034129057,0.0813856306560217
"2010-09-29",0.00307590867274151,0.00312399360298586,0.00340082456203997,0.00338967886036758,0.00321818634215833
"2010-09-30",0.000837317401549103,0.000931922701993927,0.000827942019310318,0.000815718332241767,0.000862637670045445
"2010-10-01",3.51975874895501e-05,3.94461188344828e-05,1.43317285551376e-05,1.43767737849096e-05,4.26781972809073e-06
"2010-10-04",1.1074114308336e-05,2.99422985811736e-05,1.45243934278378e-06,1.09295108688779e-06,1.05732595640147e-06
"2010-10-05",0.00351421435443923,0.00360305564996047,0.00410755267175841,0.00411295106273693,0.00448568991086158
"2010-10-06",0.000275836842102787,0.00022134835908484,5.60016702527296e-05,5.84043029552067e-05,2.04240295920527e-05
"2010-10-07",9.1143878365366e-06,2.45620976265014e-05,0.000133047193890968,0.000128188045862315,0.000164564349068818
"2010-10-08",0.000190548468178906,0.000271240096822851,0.000430301307194676,0.000437281283892647,0.000488356017286353
"2010-10-11",0.00118823503200559,0.001333655731773,0.00170497660545527,0.00168840670111746,0.0018776208386126
"2010-10-12",0.000128201081262271,8.49871416715687e-05,5.42683931184144e-05,5.2193199426245e-05,4.92704569479862e-05
"2010-10-13",0.0015581554158979,0.0016954293153109,0.00192908644656657,0.00189865448939368,0.00184050343259636
"2010-10-14",0.00287310545186826,0.00294523862527675,0.00373898702209795,0.0037423338985826,0.00361215426845973
"2010-10-15",0.000113660413639578,0.000204572720880978,0.000459254479110787,0.000449610949240496,0.000423216229725684
"2010-10-18",2.39697110821013e-06,2.36013667825985e-05,8.87527988872914e-05,9.02075344578035e-05,0.000146965538399009
"2010-10-19",0.0257935156846112,0.0251515026939687,0.0239892783765839,0.0239909995654046,0.0231037460381907
"2010-10-20",0.00223675117737635,0.00213539645628907,0.00180527725888866,0.00179809548184325,0.00161332261764895
"2010-10-21",0.000434239067588047,0.000435082070674651,0.00020963815632495,0.000181031339115914,0.000148201230219784
"2010-10-22",0.000822113219039515,0.000927125286319846,0.00102862048912125,0.0010617071694101,0.00114342964884808
"2010-10-25",0.0016983852349889,0.0017814656090978,0.00257383518617539,0.00258504735449504,0.00282660836318005
"2010-10-26",0.0145221749741491,0.016150576850966,0.0192017916958021,0.0195232099421281,0.0209669347463931
"2010-10-27",0.00234973386170832,0.00263635300662159,0.00267407436486809,0.00265985753244498,0.00278669528335389
"2010-10-28",0.00241146996499956,0.0027608911160144,0.00295957799240484,0.00295540633767635,0.00299710236997432
"2010-10-29",0.00737908885588216,0.00779328111280606,0.00807725127673147,0.00805607450319017,0.00830708862133302
"2010-11-01",0.00376398045112113,0.00386454974131632,0.00439732236116922,0.00430986779492235,0.00396074540165293
"2010-11-02",0.00375507356528264,0.00376519963648077,0.00388114009382645,0.00395783698524512,0.00433856067910364
"2010-11-03",0.000195407677323723,0.000349112555956498,0.000706960744633021,0.000715038652544912,0.000872038439577138
"2010-11-04",0.00587510645481565,0.00677772676104469,0.00821956948247193,0.00807596253392481,0.00823309043305464
"2010-11-05",0.00546926161929771,0.00607625976953169,0.00696283757339394,0.00675951204435829,0.00675782595991728
"2010-11-08",0.00576262728213696,0.00646821038829007,0.00873351894323828,0.00869538332602721,0.00920954982954037
"2010-11-09",0.00419067434472115,0.00485687353096869,0.00647810861880742,0.00660886875232053,0.00671154379965987
"2010-11-10",0.000517726140491838,0.000610361996953478,0.000750489184432164,0.000763544294331405,0.000886943662241468
"2010-11-11",0.000177640153174731,0.000198903820008679,0.000232738021378418,0.00024826334791839,0.00032980008302923
"2010-11-12",0.00512873293593295,0.00515157251719706,0.00514642381845884,0.00507612858885023,0.00502627860477744
"2010-11-15",0.000133527712004004,4.1310148279058e-05,7.70924553546579e-05,7.70990564916643e-05,4.07858674312093e-05
"2010-11-16",0.000702600276095092,0.000956612116994048,0.000991266463028874,0.00102564200658939,0.00125281742593084
"2010-11-17",0.000547758054420736,0.000632316822464323,0.000608568555346849,0.000550219579884719,0.000579881694069537
"2010-11-18",0.0099472072337609,0.0101316159287952,0.0105467778276826,0.0102797027905983,0.010419666749553
"2010-11-19",0.00408416067247169,0.00343380413809456,0.00445183894367492,0.00456103676789985,0.00545426836802084
"2010-11-22",0.000474424877892521,0.000404247074327083,0.000579056150723854,0.000595027042898503,0.000781530895974889
"2010-11-23",3.2134643308058e-05,5.89818150437909e-05,6.62154888678962e-05,5.13552943539432e-05,9.63303735405879e-05
"2010-11-24",0.00842263522563461,0.00876735702199727,0.00946142958729946,0.0093623162286425,0.00978412568616015
"2010-11-26",0.00354671055772023,0.00396843284289259,0.00451077075358229,0.00445193225744938,0.00460809901681944
"2010-11-29",6.87570738646615e-06,5.86409009710158e-05,0.00015470715531938,0.00014413967518446,0.000151985051891795
"2010-11-30",0.000554440214304348,0.000780723777173234,0.00104765573596697,0.000955841112573944,0.00099157726945042
"2010-12-01",0.00476432829074476,0.00541856069185752,0.0065137864482872,0.00625205444796673,0.00573811952216372
"2010-12-02",0.00418757287468844,0.00396103013481108,0.00474852381912437,0.00454383611537601,0.0042950875681834
"2010-12-03",0.00469068197801482,0.00509061783238159,0.00519608438355715,0.00501261313303496,0.0049935235106903
"2010-12-06",0.00178344208447703,0.00201643094141155,0.00218413430659112,0.00213019963687301,0.00202683293803792
"2010-12-07",0.000943121957620749,0.00118258182534702,0.00160317043166898,0.00165087320592734,0.00166608475814892
"2010-12-08",0.00121165864299765,0.00162729044149883,0.00195289263632509,0.001976793481314,0.00199134122089322
"2010-12-09",0.00303851472332096,0.0033933759914468,0.00376429988379147,0.0037717210976714,0.00367933901678714
"2010-12-10",0.00818164303179372,0.00861492554363513,0.00950527732264263,0.00937368000494927,0.00918096295997702
"2010-12-13",0.0114344839237284,0.0123357822783656,0.0140218211332682,0.0139737682842765,0.0134927684353172
"2010-12-14",0.00627703978926242,0.00739227928720613,0.00896730246653589,0.00888897011447608,0.0089224236023774
"2010-12-15",0.00779347230680332,0.00682551566148637,0.00798818055507383,0.00793045885067333,0.00843403261343533
"2010-12-16",0.0134188002500563,0.0125370752176767,0.0144393802864806,0.0142817983016428,0.0150570447311352
"2010-12-17",0.0156414683598948,0.0157363477186047,0.016520877653885,0.0163375735633861,0.0163039832034878
"2010-12-20",0.00523801468480565,0.00563695444613289,0.00615183809107727,0.00588605261784475,0.00581707597080034
"2010-12-21",0.0131855712989318,0.0136733738241095,0.014706314355561,0.0143957922841041,0.0141330348848568
"2010-12-22",0.0170409074492948,0.01648031149062,0.0179133496828348,0.0174854258923215,0.0176841770144156
"2010-12-23",0.0113932282386123,0.0115083554181747,0.0127301195181552,0.0125427047029265,0.0122362046559199
"2010-12-27",0.00866098607643933,0.00859077352280771,0.0103482805853653,0.0103409454517664,0.00982119410787979
"2010-12-28",0.0154266217720431,0.0156642798353121,0.0172348145205666,0.0174601332754425,0.0177262729897189
"2010-12-29",0.0209441367428948,0.020616755883264,0.0225045761434682,0.0224921524008003,0.022533188798227
"2010-12-30",0.0100073040091147,0.00966275727937421,0.0103245864831974,0.0101959303915971,0.0106214808092462
"2010-12-31",0.00902935577802065,0.00870514065983787,0.00961560868655604,0.00938128713944233,0.00990197758236917
"2011-01-03",0.00340295911227515,0.00349212215582138,0.00411279760147381,0.00406905913305157,0.00428092677434238
"2011-01-04",0.00290849488904443,0.00330539323647644,0.00421369288189287,0.00392307064297681,0.00405287010656143
"2011-01-05",0.00539973757194329,0.00585107520176912,0.00683224679211053,0.00660413916597487,0.00703157907105619
"2011-01-06",0.00629903649905248,0.00690757607418987,0.00854366630904536,0.00814269583595605,0.00836051821278804
"2011-01-07",0.000818265049938666,0.000977726209434353,0.00171448032838854,0.00162121484560976,0.00179330043408906
"2011-01-10",0.000836905086247346,0.000930413577348559,0.00124550047086988,0.00109128345170417,0.00122841216637457
"2011-01-11",1.50010294454748e-05,5.94271150764314e-05,0.000166742939750214,0.000144341933657221,0.000205031745609346
"2011-01-12",0.00381836988919328,0.00469382285108003,0.0044966070241754,0.00434632409820684,0.00467966417157673
"2011-01-13",0.00513635401943122,0.00475770373389556,0.00498815698202551,0.00480068603498975,0.00528625342185627
"2011-01-14",0.00422866732738484,0.00422990458778495,0.00429425591059664,0.00423632674590511,0.00455109496770978
"2011-01-18",0.025627625937829,0.0263852525609768,0.0262690864565834,0.0260745516140811,0.0256291619593085
"2011-01-19",0.0111986229162467,0.0104008481386017,0.0100924123368817,0.00990086557521424,0.00960056060384629
"2011-01-20",0.00739107440645849,0.00676296139320912,0.00632222281064473,0.00627973183100229,0.00599696418606865
"2011-01-21",0.00291487937093631,0.00248378846742775,0.00211057912736216,0.00208228924108804,0.00191809993800421
"2011-01-24",0.00538640331261646,0.00459018006889784,0.00411421181617141,0.00409037423085847,0.00393911295116328
"2011-01-25",0.0029733265995441,0.00231114018801231,0.00201973607127006,0.00202646183620571,0.00166233604117062
"2011-01-26",0.00233453980173436,0.00188875200351311,0.00164161887861754,0.00164628703066872,0.001418246456366
"2011-01-27",0.000337463543176187,0.00017292303482105,9.89735122421262e-05,0.000101869020885336,6.65517479558399e-05
"2011-01-28",0.013039324846297,0.0121245609304192,0.0111885354427525,0.0113077383307027,0.0105148162185677
"2011-01-31",0.0122684899630216,0.0111419237206787,0.0102420889766129,0.0103704691189702,0.00969673007475234
"2011-02-01",1.45201932091135e-05,9.68578042659358e-05,0.000178516470000935,0.000170775536339563,0.000228208777645254
"2011-02-02",3.79109479321584e-05,0.00010611722070866,0.000129658458903186,0.000127942075275305,0.000180426801419418
"2011-02-03",0.00122409730435062,0.00109493825012799,0.00100151569065001,0.000992873712234583,0.000884378454416811
"2011-02-04",9.75927819572809e-06,1.57530222651693e-05,3.09883868762307e-05,3.5174881724617e-05,4.63557703432529e-05
"2011-02-07",0.000816025017621588,0.000861311355175816,0.001049952349582,0.00106137449935639,0.00107995352733721
"2011-02-08",0.00149511827988723,0.00132694999124366,0.0015584345289577,0.00156893364337135,0.0016725945886764
"2011-02-09",0.000690816667779528,0.000854869456557631,0.00103677512042349,0.0010061781362026,0.00112325719389629
"2011-02-10",0.0123883831968367,0.0116884960770294,0.0111130276234177,0.0111856319042153,0.0109516783662481
"2011-02-11",5.34830522000382e-07,1.31480413371574e-05,2.56668829719338e-05,2.34256791935422e-05,3.33679362392884e-05
"2011-02-14",0.0014090655389745,0.00189091744087603,0.00206937453597453,0.00212429796487618,0.00214455949665788
"2011-02-15",0.00436722418800654,0.00584664439367197,0.00661178773311318,0.006562871868879,0.00662358678787883
"2011-02-16",0.00491878160447719,0.00666532402871431,0.00768787865254374,0.00784420907461263,0.00750426818028369
"2011-02-17",0.00306750528027053,0.00340934881836806,0.00420104623768868,0.00417640291364394,0.00399685492813627
"2011-02-18",0.000198044904648727,0.000489061970197,0.000633704127917465,0.000624152796488448,0.000710913155989611
"2011-02-22",0.00956884714656542,0.00847873848625659,0.00764669156247077,0.0077968717052579,0.00771194896056037
"2011-02-23",0.00131646084069672,0.00102059733326638,0.000988406496226217,0.00095308265676994,0.000777260542887724
"2011-02-24",0.00308020973083144,0.00267309669243574,0.0026172004013262,0.00266669857206526,0.00315244739686329
"2011-02-25",0.00157129947044987,0.00189083494796634,0.00195650287989902,0.00193713994751654,0.00189592852495009
"2011-02-28",0.00316825975321394,0.00283641011601776,0.00310127342209598,0.00297148380707072,0.00332739789254174
"2011-03-01",0.000293095457356732,0.000179414133553275,7.86733179901725e-05,0.000100605671243543,6.78317416442791e-05
"2011-03-02",0.00596184078866105,0.00584019277463273,0.0053310429135063,0.00541837502056557,0.00520615605371953
"2011-03-03",0.0018806974043941,0.0021019353574152,0.00233802431149137,0.00225116947742816,0.00237578815840272
"2011-03-04",0.00181199840252157,0.00235007393622713,0.00273558449548507,0.00264875939420443,0.00282763450331193
"2011-03-07",0.00154893770353569,0.00122596227060108,0.000941204324345475,0.000942144904078048,0.000822368517433441
"2011-03-08",9.25642214520371e-05,5.55213944643318e-05,2.0892718572562e-06,2.19194806862976e-06,7.89385130681777e-07
"2011-03-09",0.00217254985504068,0.00122308921792149,0.000884708114986488,0.000838746576920243,0.000693008942833117
"2011-03-10",0.00160515390629317,0.000944928318783294,0.000728868086133607,0.000681601701546553,0.000494167096049322
"2011-03-11",0.000211530270405007,0.000537404134143246,0.00077318174004156,0.000779745445029716,0.0011135233588584
"2011-03-14",1.42621928652005e-05,7.17673394433685e-05,0.000121641361445775,0.000104066429426705,0.000123960635694924
"2011-03-15",0.00942324113662124,0.008335441141022,0.00781198861214611,0.00778012950803967,0.00796509446540829
"2011-03-16",0.0388472512444125,0.0363946757636853,0.0347588319219956,0.0346538988471333,0.0340274501524056
"2011-03-17",0.00176416242099909,0.00134319412269402,0.00137232781207834,0.00137395983263898,0.00120542522710011
"2011-03-18",0.00480938134493681,0.00365037775060029,0.00329460862761967,0.00329969253783125,0.00293829315397123
"2011-03-21",0.00113308270687645,0.00202584827024958,0.00227783552211285,0.00227970061925604,0.00293398812558513
"2011-03-22",0.00519866087411371,0.0066272883533292,0.00792903714282244,0.00791280767967442,0.00846313752497338
"2011-03-23",0.00383766339451081,0.00367024397529587,0.00422468393407515,0.00419671942587051,0.00422538058602366
"2011-03-24",0.00524308865074498,0.00490481392834964,0.00584631662507172,0.00579520859464837,0.00541676969239327
"2011-03-25",0.00380575815742032,0.00349206829158954,0.00394791652439608,0.00395662873473184,0.003538340624251
"2011-03-28",0.00208347957464076,0.00211952495073018,0.00250461288370947,0.00248346489400695,0.0023930399295748
"2011-03-29",0.00355521499627583,0.0034327707837944,0.00383414986830021,0.00378763888325876,0.00383837269237369
"2011-03-30",0.012414724560395,0.012403444567312,0.0142197820585996,0.0141116436171775,0.0140589459457099
"2011-03-31",0.00249110546303278,0.00234743374997012,0.00250585805547535,0.00244292637786182,0.00243390617959323
"2011-04-01",0.0010751043595342,0.000907584929602916,0.00102954067037877,0.0010088804343229,0.000957033909164691
"2011-04-04",0.00124440856345425,0.00113648969421206,0.00133930371233793,0.00132346995338184,0.00129233936929504
"2011-04-05",9.84520912176252e-05,7.34046388192059e-05,0.00014575873360961,0.000139714492453961,0.000137420359784522
"2011-04-06",0.00100275519092223,0.000763609471051058,0.00105235280374589,0.00101968891009169,0.00114610869702961
"2011-04-07",0.00120756241045408,0.000719214994853935,0.000856686551838273,0.000827230414744405,0.000796214976840799
"2011-04-08",0.00193570595365949,0.00180759928886478,0.00169134394899549,0.00164941902410966,0.00147785037681443
"2011-04-11",0.00106921159945231,0.000851237369805276,0.000808439161532841,0.00076986527643763,0.000773909392277955
"2011-04-12",0.00192471090714448,0.00133060012976493,0.00120763892402672,0.00116682707677039,0.00121731878399831
"2011-04-13",0.0126463198630245,0.0100384460159896,0.00961949163428523,0.00946626953068896,0.00904934490306394
"2011-04-14",0.00690712116832664,0.00581260316686998,0.00494632059079555,0.00483394901827856,0.00456547454953424
"2011-04-15",0.0102209096577378,0.0100105024147655,0.0094864274593266,0.00938081184769336,0.00966314364576072
"2011-04-18",0.00973508994349882,0.00887279769427332,0.00876881100889416,0.00882820238586502,0.0090303115889835
"2011-04-19",0.00202341763868094,0.00226031060709462,0.00265455752821333,0.00262100750207306,0.00269401784608762
"2011-04-20",0.00433435209536984,0.00448123958964432,0.00481664655896755,0.00475903191968808,0.00474565034756859
"2011-04-21",0.000300428173652944,0.000531842327524176,0.00062929940722773,0.000605898973237917,0.000777643967392985
"2011-04-25",0.00250590443830032,0.0032579010508198,0.00373453407251236,0.00368855411852641,0.003958754346901
"2011-04-26",0.000430824094791243,0.000548114213754687,0.000988920518847082,0.000945284854951174,0.00116067204329232
"2011-04-27",0.000686309255775125,0.000946306572487256,0.00160436809822114,0.00156729857765839,0.00183828109717491
"2011-04-28",0.00082219008510842,0.00114768961337579,0.00150276442233988,0.00147955194754119,0.00167708943388182
"2011-04-29",0.000562758594571914,0.0010954387742871,0.0012884658864296,0.00126457752464637,0.00141103762041243
"2011-05-02",6.90832911189362e-05,0.000382629852656783,0.00039469561089498,0.000403647901256473,0.000556616231443183
"2011-05-03",0.00180765482583853,0.00227155857882378,0.00288052109646352,0.00289746821555886,0.00307597746973689
"2011-05-04",0.000373424467789832,0.000148164069894831,8.29871612685356e-05,7.95844062485178e-05,7.93356942012338e-05
"2011-05-05",0.000123406693536763,0.000307713383885425,0.000534894652624197,0.000533891591353023,0.000474965698677535
"2011-05-06",0.00176751822946782,0.00208315576909625,0.0023957084001489,0.00235981554492722,0.00249757260556809
"2011-05-09",0.00462353401958369,0.00539893125795368,0.00643647703440305,0.00642157430724093,0.00660866396190391
"2011-05-10",0.00506222116145387,0.00584798095915846,0.00656066614168418,0.0065682016105562,0.00702443031540447
"2011-05-11",0.00181047294172808,0.00229780674310587,0.00255186103417905,0.00255341587178102,0.00312750254560704
"2011-05-12",1.83455035206378e-05,7.15141562339816e-05,0.000119074277540701,0.000111162603585817,0.000159508039538954
"2011-05-13",0.00178140777438917,0.0019431620514323,0.00216296679057988,0.00215731437194229,0.00219102862731207
"2011-05-16",5.07090684328331e-09,4.81871614385208e-06,4.14774217920656e-06,4.13846910349464e-06,7.40886380259996e-06
"2011-05-17",0.000886533666062192,0.0010897272325247,0.00130103525926333,0.00128596745170519,0.00127391334048875
"2011-05-18",0.00558434542945276,0.00600270210775688,0.00676012036622712,0.00670570062576693,0.00683946410179776
"2011-05-19",0.00153983126922901,0.0016146546255,0.00187012816934987,0.0018421411960927,0.00206709360430634
"2011-05-20",0.00271664873069813,0.00200720800534128,0.00150389275630662,0.00148398333461269,0.00211955872177594
"2011-05-23",1.4245696346598e-05,9.07207282968904e-06,3.95678796221279e-05,3.22363399335801e-05,2.64847045616993e-06
"2011-05-24",0.00038875424232748,0.000473668035445473,0.000348248069585621,0.000334909633302243,0.000466556996576762
"2011-05-25",0.00146426280058829,0.00180563031913342,0.00180060353284049,0.00176888074923168,0.00144789189817749
"2011-05-26",0.00288857107402569,0.00376064238344052,0.00411227633459763,0.00407058315321681,0.00388908855901499
"2011-05-27",0.00569222583101309,0.00718745954031998,0.00738965035668519,0.00735933816126229,0.00706076573602626
"2011-05-31",0.00263462427626689,0.00352725947841139,0.00392690777367733,0.00393151307475529,0.0038408965832201
"2011-06-01",1.18781014619761e-05,3.41987963965832e-07,4.2949605433864e-07,2.87464763659078e-07,6.29980363135432e-08
"2011-06-02",0.000670523228731064,0.000880220519256933,0.000991315803411267,0.000976001932976453,0.00101191235900193
"2011-06-03",0.00237783725255474,0.00204830724926235,0.00235998055479756,0.00234805985372136,0.00233490936437678
"2011-06-06",0.00168092742584242,0.00220800597181576,0.00192435321465808,0.00193610568657685,0.00192813819177004
"2011-06-07",0.00102791872028696,0.00116746839580079,0.00108064626827328,0.0010877755173485,0.000997438557597519
"2011-06-08",0.00228503016428838,0.00182222396235332,0.00153194799161007,0.00156421267978203,0.00141801643438093
"2011-06-09",9.62593746948503e-05,0.000153906683806523,0.000176304287564721,0.000179044016223406,0.000228274890727977
"2011-06-10",0.00030841990796902,0.000398236273797057,0.000475907467977303,0.000493866419994033,0.000483306704157033
"2011-06-13",1.05597363779486e-05,1.46220848074239e-05,6.11260986711564e-05,5.63815931997241e-05,5.27443742896795e-05
"2011-06-14",0.00427155972749324,0.00446992452714644,0.00427198029249599,0.00427595969934134,0.00438464073110103
"2011-06-15",0.000467655402965099,0.000391495465227624,0.00010058287035726,0.000100458918908677,9.8741418811392e-05
"2011-06-16",0.00177615308016258,0.00197102225833091,0.00253155576964009,0.00250393952281475,0.00228640032508928
"2011-06-17",0.00367927204978062,0.00366698362386306,0.00385042873809887,0.00383516464215854,0.00368559708227891
"2011-06-20",0.00609149104976181,0.00609726267103413,0.0061657654357842,0.00616801066157039,0.00593517773559169
"2011-06-21",0.000587430596962344,0.000541628975661284,0.000381611626862165,0.000391826816543537,0.000394649265133134
"2011-06-22",2.18956087938008e-06,1.93002556525838e-05,9.88814114286328e-05,9.3470995203468e-05,8.35808085122393e-05
"2011-06-23",0.00740331965188981,0.00721075502072274,0.00625397867338729,0.00634855690587639,0.00610402657382803
"2011-06-24",0.00135105512727711,0.00128933270661973,0.000973397814448821,0.00093357547715053,0.00094643467976878
"2011-06-27",4.33554919087264e-05,3.86352586129849e-05,2.2750602945746e-07,1.31657509737281e-07,4.24695038790473e-07
"2011-06-28",0.00136883859833896,0.00147799374817576,0.00176519726278121,0.00177967433493629,0.00187783824847718
"2011-06-29",2.48598135468547e-06,8.92189651100893e-10,3.07661436817677e-05,2.93452543500022e-05,3.98957300532246e-05
"2011-06-30",0.000689779087872082,0.000710867688558494,0.00105519835453528,0.00102505348426593,0.00101552140570334
"2011-07-01",0.00254906509138912,0.00253031916513773,0.00304708880069954,0.0030188047681949,0.00306151337176725
"2011-07-05",0.00385427185741871,0.00439211012084144,0.0050424636797492,0.00503937707920348,0.00540206232672785
"2011-07-06",0.00153444451733543,0.00197052527453695,0.00256461514220023,0.00256005801519405,0.00296335916413359
"2011-07-07",0.00794030952312033,0.00820752103884393,0.00949043961839855,0.00946275089143352,0.0102034857255256
"2011-07-08",0.00158230092098192,0.00170752994966735,0.00225769975691046,0.00225866348112464,0.00256611947884462
"2011-07-11",1.6084068967211e-05,1.89237019444755e-05,8.05661847225369e-05,7.71732351996774e-05,0.000113556683998679
"2011-07-12",0.000138597466551052,6.78564792581903e-05,5.63312415140907e-07,6.35106447708127e-07,3.44475942543882e-07
"2011-07-13",0.00104545915925844,0.00130514761061344,0.00219164863110224,0.00213303911100051,0.00241076950871534
"2011-07-14",0.000124128344978229,0.000136043290050365,0.000404250168297317,0.00040115546922206,0.000328426218085322
"2011-07-15",0.00751967900419873,0.00755130963603015,0.00883485604935208,0.0088030511500678,0.00874231287717837
"2011-07-18",0.00596777256767415,0.00667590904754889,0.00740772995868999,0.00741401739162327,0.00765040146703045
"2011-07-19",0.00365576238662828,0.00439792268488519,0.00582872530010687,0.0058706466390936,0.00614619851830453
"2011-07-20",1.24943354340733e-05,8.06063424257333e-06,8.65395151282519e-05,8.77568025247813e-05,0.000127863612088384
"2011-07-21",0.00148955498916058,0.00196148595623161,0.00309927982100311,0.00309656112890626,0.00314451877060743
"2011-07-22",0.011625645308247,0.01149169477484,0.0133361174233003,0.0133372908555531,0.0128568186994228
"2011-07-25",0.003379057837775,0.00333968708084067,0.00287637424949213,0.00291336513121978,0.00309793528337128
"2011-07-26",0.00482903126440806,0.00512649890474249,0.00537147036774701,0.00539672757261391,0.00577711146804258
"2011-07-27",0.000756066364916621,0.000772674242232909,0.000634794230747652,0.000638969943059225,0.000517230201379457
"2011-07-28",1.91083023033886e-05,2.20717206453045e-05,0.000155256143710377,0.000152575948116582,0.000216332169079996
"2011-07-29",0.00177345772443268,0.00167832263023501,0.00111633023073463,0.00111900870739406,0.0010110043883318
"2011-08-01",0.00451500245978005,0.00418842020817322,0.00336062622455666,0.00335356327152392,0.00333728806219268
"2011-08-02",0.00219561410635831,0.00204804212646191,0.00154816771948411,0.00154568655192652,0.00154867977152106
"2011-08-03",0.0142590859790885,0.0132221342225756,0.0118516805500115,0.0118566932589142,0.0118693471467291
"2011-08-04",0.024904851700045,0.0230478475628352,0.0218595734202598,0.0218966818895909,0.0217612327086506
"2011-08-05",0.158066022755718,0.154778267292223,0.152725902636681,0.152723042924954,0.15231521640358
"2011-08-08",0.114763254660328,0.114299716120962,0.109162229994144,0.109110221700868,0.108875242410791
"2011-08-09",0.117534398194956,0.117206066627629,0.11199962248679,0.112044682693165,0.112655228039062
"2011-08-10",0.0650929178085173,0.0647903222701295,0.0614675050681304,0.0615498272713348,0.0622717911980879
"2011-08-11",0.0119675138025403,0.0124007526383056,0.0117093072639445,0.011716803948804,0.0118080128125139
"2011-08-12",0.000708613332293105,0.000887836047800664,0.0008733283801388,0.000875467655250091,0.000928576858081078
"2011-08-15",4.84234758833726e-06,1.73722911215974e-05,2.58077585322546e-05,2.54281696845587e-05,2.90251469973218e-05
"2011-08-16",0.00113869564718022,0.000979017266432119,0.00094759239957799,0.000944594924146057,0.000939838024753677
"2011-08-17",0.000211787047046238,0.000385433242619889,0.000522640640720204,0.000529951479012953,0.000437566783962451
"2011-08-18",0.0077488984772593,0.00790886189135624,0.00748150565836382,0.00747877546854216,0.00768851730056929
"2011-08-19",0.0121066100807354,0.0138080104124472,0.0130370405982109,0.012939605635582,0.0126417699065788
"2011-08-22",0.0127057391003681,0.0136862801121504,0.0128485755495562,0.0127981537920188,0.0127610304155856
"2011-08-23",0.0077289137135165,0.00782657341331591,0.00719616889005635,0.0071934159542977,0.00742845393262169
"2011-08-24",0.00108769879950374,0.00127805007064922,0.00117181844218661,0.00115720409451482,0.00152132097429101
"2011-08-25",0.00427209883002131,0.00454790137415389,0.00476647242188019,0.00476361417972528,0.00497816007841145
"2011-08-26",0.000130851974422089,0.000315887028989568,0.000847678514273808,0.000848478124496901,0.000845618582130551
"2011-08-29",0.0108207021953982,0.00968409363681891,0.00799393891268821,0.00796861875900817,0.00765407550544883
"2011-08-30",0.00260702569831313,0.00221543414133912,0.00186923667435533,0.00186005655877177,0.00182188537511514
"2011-08-31",0.0040504252610376,0.00290623975357562,0.00262793253159904,0.00262090010053782,0.00240908700660337
"2011-09-01",0.00803984944207188,0.00593156809319298,0.00510729509859847,0.00509451658659809,0.00459202929881183
"2011-09-02",0.0319041684590942,0.0246431345946135,0.021211908899015,0.0211168533771224,0.0193743724635684
"2011-09-06",0.0152195642975706,0.00928032985576115,0.0065305890564405,0.00651382284825452,0.00543332987840215
"2011-09-07",0.071687765425477,0.055960066512705,0.0472582254578551,0.0472967904265295,0.0423586775582893
"2011-09-08",0.0369228020191116,0.0264921357998844,0.0207410458308462,0.020741469983456,0.0184376893658813
"2011-09-09",0.0149537501715837,0.0101056373487118,0.00718571705138094,0.00719893831121015,0.00567172058477113
"2011-09-12",0.0014517095972894,0.000483716553852443,0.000125086163920545,0.000120515983752144,1.66240784298769e-05
"2011-09-13",0.00486500966453691,0.00414294744665861,0.00341064835018168,0.00341381243343777,0.00324623248309643
"2011-09-14",0.0130001200790093,0.0108545076297527,0.00980527647866846,0.00981287544007586,0.00942468459035006
"2011-09-15",0.0121570935416982,0.010878631442459,0.0105769090737705,0.010744662090901,0.010844566133819
"2011-09-16",0.0249451122950885,0.0212930363920326,0.0195607841831565,0.0196373242379711,0.0188791166549031
"2011-09-19",0.00516798773029226,0.00371687623364177,0.00294041850411985,0.00294413307082369,0.00253458195954749
"2011-09-20",0.00673939570874242,0.00498023973075827,0.00417444106100129,0.00424132196657687,0.00368309179622082
"2011-09-21",0.00112760971802113,0.00050566723253105,0.000361440007615034,0.000351606820389539,0.00029049671723469
"2011-09-22",0.00822125218908629,0.0096416710632851,0.0102468654278561,0.0102673470320555,0.0109882749044464
"2011-09-23",0.000523740048557166,0.000143110138150442,7.74838648599824e-05,7.15078752044639e-05,6.77522457125033e-05
"2011-09-26",0.00479303772549194,0.00671663451007607,0.0076352993630646,0.00771770899394594,0.00810768404661672
"2011-09-27",0.00277340794403375,0.00357666591612457,0.00369167469744,0.00371440512417337,0.00392215132455796
"2011-09-28",0.00199751736777611,0.00251791873789584,0.0026435505725309,0.00267513287611188,0.00287481597771548
"2011-09-29",0.00432006454537346,0.00507480542376621,0.0050520157616468,0.00500272194304823,0.00511872509919085
"2011-09-30",0.00623677314433647,0.00752631534608461,0.00743042417816351,0.00732593413518863,0.00797862696438225
"2011-10-03",0.0328168388038906,0.0349842357173721,0.0349925344148205,0.0348269103828025,0.0363092546421792
"2011-10-04",0.120488548187971,0.124570580514851,0.125951821450658,0.125515783599907,0.126266187682613
"2011-10-05",0.0429877957815513,0.0435858760647875,0.0441382788945137,0.0440990266477914,0.0439266129521974
"2011-10-06",0.0292566231110235,0.0311146128520726,0.0315659662030241,0.0316498266854005,0.0316602913867816
"2011-10-07",0.00391471052288689,0.00495563855870931,0.00529732570932106,0.0053242534002585,0.00553731462710725
"2011-10-10",0.00235447962716358,0.00169214875684293,0.00155751674355822,0.00153101404607293,0.00140843883097409
"2011-10-11",3.08227607904149e-05,0.000162144756876837,0.000153528034723647,0.000156563788916715,0.000219216462051241
"2011-10-12",0.000435416794473004,0.000894590994996242,0.000934172956725815,0.000945864143588971,0.00105895909418617
"2011-10-13",0.000575767943498152,0.000336252244712098,0.000368049369050924,0.000359068616423416,0.000320785071010636
"2011-10-14",0.00377118449057488,0.00303648508427131,0.00268776812998069,0.00269206833027324,0.00257084304600923
"2011-10-17",0.000339400617478458,0.000418097257360476,0.000465280371536016,0.000460854458630859,0.000484796715020703
"2011-10-18",0.000711470401258891,0.000680322967475764,0.000831028214728125,0.000843052431562652,0.000788710290146153
"2011-10-19",0.000336081354885659,0.000571172640645395,0.000585383669778793,0.000597810013929715,0.000622423241825284
"2011-10-20",0.00271869927769397,0.00166766604736799,0.0013815717003425,0.00136163177937235,0.00118185950892432
"2011-10-21",0.0129140613216358,0.0105486021811055,0.0097596346987119,0.00973719947621797,0.00912127956070433
"2011-10-24",0.0165498932087619,0.0149482341176334,0.014119825839043,0.0141680983793659,0.0136986571525643
"2011-10-25",0.00657465484563198,0.00574790873504735,0.00587328580772856,0.00588057005776379,0.00575401422184286
"2011-10-26",0.00409170507611298,0.00367057352604219,0.00342762223474256,0.00344579190693619,0.00351757192818837
"2011-10-27",0.0162431718698651,0.0146477361223327,0.0140633080922226,0.0140776511122642,0.0140131852937358
"2011-10-28",0.0254466350736829,0.0228229824083018,0.0221261251638204,0.0221308826593348,0.0218616625466949
"2011-10-31",0.0242886170736056,0.0218079755772414,0.0213274337173873,0.0213451481497385,0.0208845911028261
"2011-11-01",0.02749026750018,0.0245584190442377,0.0227888312357039,0.0228646418597852,0.0225294817696981
"2011-11-02",0.0471971273408535,0.0447689303540048,0.0427244132816235,0.0427923755193621,0.0427969111454353
"2011-11-03",0.0428319886063175,0.0419039227838741,0.0412638834059764,0.041311242798883,0.0413194617073819
"2011-11-04",0.0511394785984866,0.0469782211908789,0.0459378156564762,0.0460286095668715,0.045767418615517
"2011-11-07",0.0214687491851721,0.0210569930775608,0.0212485561022286,0.0212978167885385,0.0212414914955799
"2011-11-08",0.0240521196895101,0.023644058437214,0.0241404959427098,0.0241320550762559,0.0244301360547636
"2011-11-09",0.0146519511470018,0.0146641348620097,0.0149998994949929,0.014999488282677,0.0153755442528128
"2011-11-10",9.01273878940357e-06,4.72388984594172e-05,2.2509741017921e-05,2.30658471953536e-05,1.21370378476613e-05
"2011-11-11",1.67372442826174e-05,2.49316257734672e-06,2.92968491488421e-06,1.64389939712645e-06,2.5057284075216e-06
"2011-11-14",0.00191402916183859,0.00209623646943421,0.00225017751814384,0.00224599157656827,0.00226527248461189
"2011-11-15",0.0079032151439498,0.00703259117324186,0.00725031812687212,0.00723343862668467,0.00712728547051792
"2011-11-16",0.00858223758443127,0.00799337834539856,0.00850972649853903,0.00848352509910438,0.0085999345632907
"2011-11-17",0.00135616596016973,0.000946858252882301,0.00101052224073042,0.00099468475753735,0.00103015852545808
"2011-11-18",0.00379192991574408,0.00290701988877002,0.00311450092847554,0.00315524043239784,0.00344014542568995
"2011-11-21",0.000298679904547378,0.000326220280402632,0.000288224505381859,0.000276708756879323,0.000280447715988633
"2011-11-22",0.00209160184231239,0.0016405796805033,0.00108690788680467,0.00110264776431059,0.00108830009651381
"2011-11-23",0.000311921798007612,0.000167928697466136,8.36969513107823e-05,8.66936591167001e-05,4.20399096068016e-05
"2011-11-25",0.00154736715482084,0.00138784673302553,0.00126806882216949,0.00126060866216189,0.00122716546674651
"2011-11-28",0.00263878175612572,0.00269924029355401,0.00252601003068111,0.00252685883885186,0.00247064660485171
"2011-11-29",7.93482191484293e-05,4.76419987470008e-05,4.49875825816846e-05,4.54193727562142e-05,4.70741553901028e-05
"2011-11-30",0.00767479611391043,0.00645241565934284,0.00635853993037297,0.00633299321670773,0.00622818245209449
"2011-12-01",0.0033199740297576,0.00289450627518712,0.00275876399559561,0.00276195246654939,0.00278120180717884
"2011-12-02",0.00698974302065476,0.00643850953525691,0.00641109507608692,0.00636754392299797,0.00634718799588243
"2011-12-05",0.00119969147283289,0.00105221153695885,0.000989589437597674,0.000975422590602746,0.00095392157944433
"2011-12-06",0.00240882413219499,0.00219452717616707,0.00175479238996337,0.00176400916900072,0.00180646931035805
"2011-12-07",0.00120226362368175,0.000951310807648534,0.000836601948366011,0.000842900467200963,0.000846630434204308
"2011-12-08",0.000426784186758839,0.000242485984787643,0.000283040989291449,0.000281486154663397,0.000285096107362441
"2011-12-09",0.0138558967476453,0.0134483334637289,0.0143691379630349,0.0143569055411106,0.0144659868010162
"2011-12-12",0.00820872305874045,0.00883468869915407,0.00952318921380411,0.0095550051085443,0.0099016085939558
"2011-12-13",0.00483764000144176,0.00547393776110093,0.00642385376324408,0.00644092735034978,0.0063393566006279
"2011-12-14",0.000282307615223502,0.000266031384729978,0.000502505477364449,0.000504182703950172,0.00051173986979489
"2011-12-15",0.0043858142614348,0.00431018146099068,0.00462095601231849,0.00464420125280032,0.00476514494682567
"2011-12-16",0.0154800552719146,0.0144513350045598,0.0150257459767249,0.0150274393460813,0.0149985072375879
"2011-12-19",0.00870690448708883,0.00855464130802088,0.00916459211014139,0.00920390762022547,0.00915636673732964
"2011-12-20",0.0179367630425444,0.0179221672828742,0.0187724439955684,0.0187969259883639,0.0186609038932116
"2011-12-21",0.00844694350558168,0.00834620011435365,0.00862599980537127,0.00865833892138508,0.00865324704766204
"2011-12-22",0.0295001123810463,0.0292165026167467,0.0300479759042777,0.0301987933148721,0.0305061623774173
"2011-12-23",0.0302250503958287,0.0294488098177829,0.0293057731672399,0.029404219924465,0.0294988888710967
"2011-12-27",0.014768205398035,0.0147827676853591,0.0147718324933285,0.014741541671659,0.0147653274225751
"2011-12-28",0.0176443696417188,0.0177806909443832,0.0182014282338678,0.0182011315445683,0.0181318393947451
"2011-12-29",0.0144401719132925,0.014501005175171,0.0147722676556712,0.0147572317258056,0.0147527637656616
"2011-12-30",0.0245309243745006,0.024687768537436,0.0252479368471066,0.025257126939235,0.0251955650111785
"2012-01-03",0.0108780511052613,0.0107869682047032,0.0111267631735224,0.0110727226048912,0.0110302544766473
"2012-01-04",0.0117924532130515,0.0116362499184306,0.0112070076572014,0.0112133224391254,0.0111779412066708
"2012-01-05",0.0100016477436335,0.0101088307801822,0.0114126624772676,0.0113717048921346,0.0113877826898632
"2012-01-06",0.0154370528143714,0.0153950297982896,0.0164723205284546,0.0164642659736109,0.0163751296209081
"2012-01-09",0.00562015019081238,0.00540532121850493,0.00539737365515419,0.00539916150938062,0.00542285346328078
"2012-01-10",0.0057865231550085,0.0057258293533305,0.00563715348659257,0.00562904017458256,0.00559515431182688
"2012-01-11",0.00573785788323809,0.00565099709478669,0.00575651859479245,0.00577806855992329,0.0057917876150415
"2012-01-12",0.00843119519926844,0.00828186559195769,0.00822658905698934,0.00823924477320452,0.00824429741022242
"2012-01-13",0.0169794148317759,0.0166516855069667,0.0167227845699191,0.0167121364543104,0.0168757001274278
"2012-01-17",0.0144604973215458,0.0141333841154071,0.0142794803383645,0.0143159651227655,0.014347073246646
"2012-01-18",0.00997610765604075,0.00961987034860106,0.00941150946621391,0.00940459390769471,0.00940355149131172
"2012-01-19",0.0111912880058404,0.0109137886117623,0.0108350352536068,0.0108497942263625,0.0109789801710546
"2012-01-20",0.00723592848548962,0.00723249013924514,0.00729870212596557,0.00729423642065591,0.00737796375435136
"2012-01-23",0.00453455541772822,0.00442983075611799,0.00426247315346245,0.00427723727790083,0.0042332940032845
"2012-01-24",0.00103385313583722,0.000993582101020729,0.00093802558279938,0.000932378358864842,0.000949681525944716
"2012-01-25",0.00359253473816928,0.00345138543908723,0.00353037666982191,0.0035176681321349,0.00354688619410493
"2012-01-26",0.00179386068477421,0.00202056796591448,0.00209197655394413,0.00206290883556847,0.00199932424357523
"2012-01-27",0.00333862625559024,0.00349617076684288,0.00354925761856653,0.00358403428693753,0.00362525954051995
"2012-01-30",0.000803370238229971,0.000820827284742986,0.000816530788854202,0.000846259956273759,0.000899722598968296
"2012-01-31",8.38936394396631e-05,9.43743725006252e-05,8.3041901882598e-05,8.81372836438516e-05,8.52882898120285e-05
"2012-02-01",0.00170422227028162,0.00176733868187743,0.0016565050076529,0.00165530091892823,0.00168810255933828
"2012-02-02",0.00190388530159072,0.0020115862150275,0.00205525050929053,0.00203900483315914,0.00207108592301917
"2012-02-03",0.00455610197326029,0.00454837599677465,0.00452163305390893,0.00445721373562983,0.00442442899722695
"2012-02-06",0.0014628367210525,0.001450044760455,0.00140627849622216,0.00138927509772895,0.00139421580131162
"2012-02-07",0.00235119001363663,0.00250802901940062,0.00233182561774295,0.00236771527113855,0.00242417316228467
"2012-02-08",0.00193216682864599,0.00201627017833782,0.00196119751045681,0.00195494838152612,0.00206183137743042
"2012-02-09",0.00267711215895544,0.0025545979528076,0.0025856894011369,0.00252686643062967,0.00239189240914512
"2012-02-10",0.00136304198758145,0.00133204280529081,0.00130045898774284,0.00129243085133468,0.00121522172582581
"2012-02-13",0.00084624333625092,0.000871534067421522,0.000865110071023166,0.000853218830619974,0.000843374830401157
"2012-02-14",2.84044287934946e-05,2.56112686044655e-05,2.30183834116025e-05,2.1873588176212e-05,1.85845720111256e-05
"2012-02-15",0.0676976593926778,0.0676658040278588,0.0683784842595562,0.0686361705889477,0.0679520744475148
"2012-02-16",0.0258507255703075,0.0258169035206221,0.0259961457200195,0.0259800302310939,0.0257048033993709
"2012-02-17",0.00348746997101839,0.00350855351855772,0.00345849731226033,0.0035441472086503,0.00341774212498026
"2012-02-21",0.0027998504101771,0.00277812403907947,0.0028482116269209,0.00285176190973488,0.00275122194145923
"2012-02-22",0.00358569870773507,0.00334135697093654,0.00350016158406072,0.00351323400285157,0.00348057636609293
"2012-02-23",0.00174241829517107,0.00163977645583697,0.00172456100856166,0.00165252694776388,0.0017838776757418
"2012-02-24",0.00199418905839795,0.0019557381368834,0.00187836090162286,0.00192829709343485,0.00191874060313888
"2012-02-27",0.000746362340463606,0.000903403956156023,0.00102183962133162,0.000957267569063245,0.00091161285023649
"2012-02-28",0.000265698994321937,0.000279221956462699,0.000333384321575654,0.000310152666955913,0.000244747000516494
"2012-02-29",0.0115055154304764,0.0114914487571258,0.0113990773490748,0.0112538246087292,0.0111791895979057
"2012-03-01",0.00419901413047532,0.00405099048175824,0.00412303315873217,0.00413899924306421,0.00402887942616395
"2012-03-02",0.000240794558655667,0.000269707772461649,0.000316359613718152,0.00036578575158529,0.00040679060892226
"2012-03-05",0.0340878884578794,0.0338942194139993,0.0335950171618506,0.0333885738714731,0.0332348668361943
"2012-03-06",0.0317394651965201,0.0312391177729437,0.0315719092836863,0.0314792310379772,0.0308033577360562
"2012-03-07",0.0334776547442005,0.0330533520721521,0.0331516960580223,0.0328593840716119,0.0323200928080939
"2012-03-08",0.000766230548230528,0.00067436218321312,0.000737277153045468,0.000717441142656756,0.000693284895409371
"2012-03-09",0.00304024138510242,0.00339617002932008,0.00321508720182135,0.00326294533676348,0.00343758929601888
"2012-03-12",0.00307498712312495,0.0032831320758336,0.00365708091576074,0.00382925259982348,0.00415957467207315
"2012-03-13",0.00166149670975437,0.00205491713969778,0.00223210324838501,0.00235449370984221,0.00253396368171773
"2012-03-14",0.0256156978008821,0.0248482545392001,0.0243851699461891,0.024042938813293,0.0239483636541292
"2012-03-15",0.0111772601526385,0.0104950969517028,0.00974464399071404,0.00957667356250375,0.00930690169001997
"2012-03-16",0.000222850428439488,0.000396206383212267,0.000466038694114108,0.000522055286892097,0.000629135744499579
"2012-03-19",0.00066133388850156,0.000387849070460579,0.000420289913545594,0.000392027971016474,0.000316036108669385
"2012-03-20",0.000439761004666883,0.000299399550119155,0.000246931226804831,0.000202798216568773,0.000157824647851104
"2012-03-21",0.00191457008420144,0.00224339722437798,0.00239291185374771,0.00261926280373824,0.00267547669214333
"2012-03-22",0.00142707836430797,0.00161483056319618,0.00175267055190666,0.00198778321039496,0.00203143600851479
"2012-03-23",0.00162933290939042,0.00168404854310022,0.0017329786164374,0.00184711193458621,0.00180343216727386
"2012-03-26",0.00308462590591372,0.00320849941864657,0.0034265069451426,0.00344757415601491,0.00339112520477459
"2012-03-27",0.00176046327308495,0.00184071945913417,0.00196531176400036,0.00194094652401073,0.00201397408483605
"2012-03-28",0.0014201630746276,0.00146082851493415,0.00167072099997676,0.00168418188886332,0.00180015307886678
"2012-03-29",0.00128995702849436,0.00135369194737152,0.00156425746671103,0.00161609784641079,0.00165098508526724
"2012-03-30",3.62553786133275e-05,4.94512101874853e-05,6.78962144818669e-05,8.36470410665734e-05,8.93116705755815e-05
"2012-04-02",0.00567405584508263,0.00595697211578117,0.00622656603377328,0.00640760286549993,0.00652329190101663
"2012-04-03",0.00400021217372505,0.00445206289778599,0.00436863266795046,0.00452977635040119,0.00459442533813569
"2012-04-04",0.010745031780319,0.0112105845554518,0.0120259064905013,0.0124177806889113,0.012843578809155
"2012-04-05",0.00810057958472011,0.00814200396520732,0.00873540751348312,0.00896942038332045,0.0090829125721963
"2012-04-09",0.000208575368816089,0.000204180534937841,0.00028573377050583,0.000298190892244888,0.000307606973614004
"2012-04-10",0.00567011586608131,0.00562826641652473,0.00533507526353442,0.00517449323533355,0.00518644208041913
"2012-04-11",0.00223231775847881,0.00213170680447176,0.00200834353102437,0.00200554335031219,0.0019473725221507
"2012-04-12",0.00100329070398599,0.00127639706248613,0.00147890588687873,0.00142896056976638,0.0015246319176035
"2012-04-13",0.000631071654819024,0.00115857953762388,0.00128315646165243,0.00132840399383639,0.00149007772539125
"2012-04-16",0.023818945460625,0.0215803781848656,0.0209456863824818,0.0208304380219309,0.0203203012860301
"2012-04-17",0.00199664807463845,0.00129719924645403,0.00111490523583208,0.00113236328020418,0.000876036278187705
"2012-04-18",0.00368645911140894,0.00299523578837304,0.00260153484530115,0.00248651687126954,0.0022616556064744
"2012-04-19",0.00676347155366834,0.00638083497755388,0.00590954005303081,0.00555979636688169,0.00526629770740246
"2012-04-20",0.0062054395645653,0.00606312694108029,0.00567279081210477,0.0056923185180072,0.00570453954222035
"2012-04-23",0.0587313741500219,0.0575028691122962,0.0559786875934392,0.0559099259077257,0.0543779739721918
"2012-04-24",0.0147064897423848,0.0139698629306509,0.0134329876874288,0.0136417657222249,0.013420072163192
"2012-04-25",0.00378861386266819,0.00344234054236204,0.00310064781312057,0.00311187332579063,0.00261450782022223
"2012-04-26",5.70666811564933e-05,6.38705521759642e-05,0.000139878897235034,0.000143806417547381,0.000224692371274596
"2012-04-27",0.00304465575293605,0.00323636384402926,0.00345126819728479,0.00365184068725039,0.00364256435032291
"2012-04-30",0.000495746772134804,0.000373310115368911,0.000285195117135438,0.000234408215187887,0.000120410233359472
"2012-05-01",0.00290150473188295,0.00286311440422273,0.00268404565875571,0.00253591440660953,0.00244332910726088
"2012-05-02",0.00125876026606653,0.00119024835292285,0.000942825539236013,0.000925257783392454,0.000789542518115338
"2012-05-03",0.000250255555819456,0.000355264921103686,0.000414866768187632,0.000391752373227279,0.000473221863451105
"2012-05-04",5.50419898356082e-05,9.41529401920832e-06,5.86210018795231e-06,2.81547783666706e-06,1.44885946772032e-08
"2012-05-07",0.00309099932567527,0.00293407834938039,0.00249855232335937,0.0022659416292892,0.0017543674770887
"2012-05-08",0.000988805033565888,0.000942697078474466,0.000694946341920448,0.000682100518384836,0.000434621479246605
"2012-05-09",9.22278633324786e-06,2.35626249530777e-06,2.26876419621302e-06,2.24309335951696e-05,4.01326449898428e-05
"2012-05-10",0.00431750918122494,0.00462986466736074,0.00562821660660163,0.00584950360082023,0.0060313437217097
"2012-05-11",0.00589096731526499,0.00623194876110399,0.00747850955780978,0.00763544449265939,0.00747841298096798
"2012-05-14",0.0136078555943253,0.0150988530503005,0.0168580582232977,0.0175521249558104,0.0180054210404745
"2012-05-15",0.00406259671065037,0.00441490421217901,0.00498783739355256,0.00507875448207909,0.00549243857966146
"2012-05-16",0.00364957447446217,0.00402137240633516,0.00454308354997809,0.00463579521539616,0.00486970063876358
"2012-05-17",0.000696364835998468,0.000678226206251722,0.000827000869825896,0.000624174048995854,0.00074052135929464
"2012-05-18",0.000678377625864571,0.000593546416649092,0.000797905065989858,0.000920802379859907,0.00147616796512448
"2012-05-21",0.011604286530519,0.0123787478232554,0.0141948194613178,0.0155034645634458,0.0167342334980245
"2012-05-22",0.00310029572798612,0.00340054906676845,0.00372615213209228,0.00423022401093954,0.00437873596948126
"2012-05-23",0.00024480588319209,0.000363199829080079,0.000192526005510981,0.000278220380240925,6.63021847344666e-05
"2012-05-24",1.55919403509022e-05,4.28026961301546e-06,1.13950761242565e-05,1.30336209494099e-06,8.93873219964673e-06
"2012-05-25",0.00433961403815591,0.00453666727896282,0.00461558427937491,0.00435625110545211,0.00459623069581491
"2012-05-29",0.00201426996395234,0.00212358226457779,0.00212396691156346,0.00236391206595195,0.00263512878853509
"2012-05-30",0.0021970723148685,0.00239373274424713,0.00249658371789668,0.00243644058286723,0.00260798307962687
"2012-05-31",0.0031545404613418,0.00330473749034428,0.0035304317146872,0.00367024233262734,0.00430368333480463
"2012-06-01",0.00268990321382352,0.0028925059603539,0.00301920354811139,0.00313928380524917,0.00382512143339488
"2012-06-04",0.00869610203357337,0.00834451226815326,0.00843691614475599,0.00816120210866342,0.00741556778131603
"2012-06-05",0.000943707116102415,0.00108250153169593,0.00103854920265371,0.00121389633444524,0.00154887472742748
"2012-06-06",0.0160026010728225,0.0163150602671466,0.0162670313647177,0.0164323990237019,0.0168898107826521
"2012-06-07",0.0121021724175562,0.0120014629999267,0.0118904650166303,0.0120957441809415,0.0117970520724569
"2012-06-08",0.017242986042886,0.0174074457124657,0.0180685838386521,0.018927988506784,0.0182901989836597
"2012-06-11",5.37096819179445e-05,6.56092615140025e-05,0.000124604831725526,0.000151762217668459,0.000175942484950052
"2012-06-12",0.000406483514279914,0.000412684718810705,0.000473689991040813,0.000536353721180273,0.000557269189355683
"2012-06-13",0.00748193431175445,0.00721417608534627,0.00769509849038362,0.00780912847846105,0.00727540398117793
"2012-06-14",0.00875330047718744,0.00872217533910989,0.00884008699333905,0.00902529806212255,0.00847704500230787
"2012-06-15",0.0304154653704013,0.0301651578741882,0.0304200126261237,0.0301121879906318,0.0296285815755636
"2012-06-18",0.0122797717392211,0.0120925705730653,0.0119213320005661,0.011983996666649,0.0113731728142894
"2012-06-19",0.0121439754489521,0.0119706991260688,0.012978138483183,0.0131319138687096,0.0123054221052283
"2012-06-20",0.0105288215368711,0.0106897099760501,0.0115647342270561,0.0116922704794174,0.0114415734716512
"2012-06-21",0.0225858164225469,0.0223316615914709,0.0229694258448186,0.0225090979601683,0.0219179738507432
"2012-06-22",0.0247519719381403,0.0246961707450922,0.0246953083291917,0.0247509632191988,0.0233722884081629
"2012-06-25",0.0103414388718085,0.0106378535932442,0.0116530653409838,0.0115308684146682,0.0118349574164483
"2012-06-26",0.00674281625711197,0.00698141882588862,0.00720186250207823,0.00734465690573188,0.00774145105714651
"2012-06-27",0.020896777893851,0.0210426453891579,0.0207764832033078,0.0216868329894628,0.0217356908913496
"2012-06-28",0.0114074792943897,0.0111329941009815,0.0114194035519684,0.011787053326427,0.0110689137311063
"2012-06-29",0.0230229157690885,0.0223426437494771,0.0221049702965697,0.0222329384876434,0.021540084622159
"2012-07-02",0.0194184483223882,0.0194944876722913,0.0188580920043675,0.018990271417097,0.0192720084545961
"2012-07-03",0.0276462650878926,0.0278105216780505,0.027643391936774,0.0277153684333384,0.0282060545750002
"2012-07-05",0.00962114452417505,0.00962895000099742,0.00989504024920382,0.0100138467083134,0.0103609487357177
"2012-07-06",0.00738657334874952,0.00715862248444127,0.00705499974920775,0.00728799367146258,0.00696703494450793
"2012-07-09",0.00130045959377791,0.00123606847840549,0.00127658852375432,0.0013812172014707,0.00139382272838917
"2012-07-10",0.00290591382657763,0.00288828544934341,0.00302849006115945,0.00320773157924303,0.00359017149564074
"2012-07-11",0.00152260310441111,0.00150240171911971,0.001518184735056,0.00158364940813219,0.00152227855024836
"2012-07-12",0.000863573363083492,0.000824843521589876,0.000768614022617324,0.00077102589907819,0.000766473416931665
"2012-07-13",0.0101693733161494,0.00995523050280625,0.00958377427331661,0.00933747430525293,0.00941893679978155
"2012-07-16",0.00243468872776508,0.00245883886297799,0.00241536486413834,0.00233070797561604,0.00233338324580129
"2012-07-17",0.00192164323511455,0.00199785640238919,0.0020696966165814,0.0019949044481548,0.0021717573630568
"2012-07-18",0.00793029383422076,0.00808908000299429,0.00819496317427407,0.00856885407724301,0.00878021385396146
"2012-07-19",0.00734430778405322,0.00723410655240965,0.00716030598943273,0.00729625552368881,0.00694599628651251
"2012-07-20",0.00843976165954697,0.00819354331221951,0.00811849907516446,0.00847053257217095,0.00826223804251093
"2012-07-23",0.00133360121959713,0.00137655613482098,0.0013716127657391,0.00130638293905648,0.00124940068324644
"2012-07-24",7.96316806826143e-05,8.02185010826615e-05,8.14306482614055e-05,0.000133172439612613,0.000159202411052544
"2012-07-25",0.00109705709144688,0.00109045491141753,0.00111886522166775,0.000967748125470339,0.00104460764097118
"2012-07-26",2.40059445947285e-05,2.37496080491962e-05,2.6343911886716e-05,5.53025112233608e-05,7.24226739264137e-05
"2012-07-27",0.00196477717466238,0.00187181050876604,0.00173148117404811,0.00188063767906505,0.00191197345525249
"2012-07-30",0.000639030265408199,0.000664399546778065,0.00067251560397631,0.000540923367779781,0.000550985599844633
"2012-07-31",0.000515387882562607,0.000474113901483646,0.000494600619659103,0.000593826652219073,0.00051360101396548
"2012-08-01",0.000627129598169981,0.000712260010001773,0.000652446772526724,0.000640822630658092,0.000626306731480913
"2012-08-02",0.00012287246220094,0.000130080145356374,0.00012027077068594,9.65063971090641e-05,5.67857415404395e-05
"2012-08-03",0.00563135838559926,0.00569539871101527,0.00587413873141368,0.00596635033107035,0.00625920084393766
"2012-08-06",0.00381246419244359,0.00394166770883973,0.00413607642948208,0.004435241252884,0.00422324379062341
"2012-08-07",0.00365881100703177,0.00364697440081623,0.00397527291176997,0.00408523006850311,0.0039010266057037
"2012-08-08",0.0094555340565396,0.00951315296222958,0.00963883727704926,0.00984110405027061,0.00961706521030821
"2012-08-09",0.0152022213255196,0.015151566975438,0.0144761130310051,0.0145739863704014,0.014030192481501
"2012-08-10",0.0117078009126432,0.0118283744468028,0.0117600874893746,0.012044484756583,0.0123818437508325
"2012-08-13",0.0064782933314043,0.00651033722046632,0.00645041497831938,0.0062100744143853,0.00624320212014313
"2012-08-14",0.00371928571624849,0.0036467632306895,0.00370399143870123,0.00360115594892227,0.00360837841830295
"2012-08-15",0.00411834798587796,0.00389644674022653,0.00394814640387395,0.00402661533271568,0.0043779322028213
"2012-08-16",0.00643988423519564,0.00634724061779797,0.00628791775873928,0.00521101592797094,0.00524736807721693
"2012-08-17",0.00580901875713532,0.00576896012102013,0.00555980249931848,0.00531526916560259,0.00517174336776096
"2012-08-20",0.00266292857243796,0.00265921893047827,0.00257862579845304,0.0021760527686642,0.00223137616739916
"2012-08-21",0.00247165071556015,0.00250511332077856,0.00281941532428114,0.0030535783315084,0.00309099166418304
"2012-08-22",0.000258328086176238,0.000244555355536589,8.5260226816709e-05,0.000121881362920922,1.98055861580112e-05
"2012-08-23",5.25634983188733e-05,4.84150007135311e-05,2.01289801149538e-06,3.52551437031439e-06,7.56546048089717e-06
"2012-08-24",0.00287740849473175,0.00282200869654203,0.00216750813410359,0.00221269658931986,0.00215167161954218
"2012-08-27",0.00097025712955142,0.000985753635443947,0.00075506973612393,0.000823633494741919,0.000765343548741812
"2012-08-28",0.00616558232494421,0.00616769070724743,0.00602108700806767,0.00605298652573025,0.00616654545592985
"2012-08-29",0.0137372309009743,0.0137254857649202,0.0134218448056378,0.0134251679029502,0.0135742877109753
"2012-08-30",0.00775166647321103,0.00772016596978249,0.00723377731741213,0.00745406506002296,0.00717507253021102
"2012-08-31",0.000450114195420777,0.000446597438728687,0.000412596773261914,0.000485851147913493,0.00051747577173916
"2012-09-04",0.000492355184918099,0.000490325578906538,0.000507744557797681,0.00072074984571961,0.000786297730573548
"2012-09-05",0.000996400229332224,0.00100252622624618,0.000994906229829213,0.00124022636195854,0.00133407527488419
"2012-09-06",0.00199264146832722,0.00200154625127631,0.00194724620654421,0.00218753044810396,0.00237140121983739
"2012-09-07",0.0015011477929302,0.00152204263162509,0.00152713000596891,0.00147126726031574,0.00149197543883026
"2012-09-10",0.00171025682651087,0.00171175268682093,0.0016879610489087,0.00167261099657558,0.00161352913603228
"2012-09-11",0.00478586288595341,0.00476942916915524,0.00453485890491435,0.00449489003582636,0.00448615228882512
"2012-09-12",0.018797207686174,0.0186903507651257,0.018361658979768,0.0178914122145511,0.0173304090276075
"2012-09-13",0.000389794664731889,0.00038210231068558,0.000296713411148879,0.00022153218859497,0.000148947528845369
"2012-09-14",1.21770339113646e-06,1.05237184221527e-06,9.01633255923395e-07,4.63824913647337e-07,1.54858011933518e-05
"2012-09-17",0.000135522419269183,0.000138283270877158,0.000144862921059119,0.000211382504490413,0.000299215510254341
"2012-09-18",0.00194821948610661,0.00198467209188779,0.00219842790653169,0.00253644709639732,0.00280873059490755
"2012-09-19",0.0113185612524553,0.0115870339207176,0.0120333720313473,0.0132556469099758,0.0141155644165217
"2012-09-20",0.0104029092698361,0.0104504462520448,0.011358168402088,0.0120428440804627,0.0129175304168374
"2012-09-21",0.0168021904370728,0.0168913202274295,0.0175039722650828,0.0192230743135757,0.0197363208374674
"2012-09-24",0.00062460004167376,0.000616204195755309,0.000519786725974198,0.000379842985558232,0.00044061104584516
"2012-09-25",0.000559388502648967,0.000591905219261819,0.000571596175286226,0.000754476825744005,0.00111205718988232
"2012-09-26",0.0043655283138467,0.0043538706500331,0.00376063349559533,0.00357330841372949,0.00322656692589049
"2012-09-27",0.00255779263074582,0.0025081686576909,0.00225785806219185,0.00205622457827079,0.00213757174507641
"2012-09-28",0.000788889487867144,0.000747803463100189,0.000661996496676527,0.00053222329033038,0.000554959795292188
"2012-10-01",0.00398924848917132,0.00404734536216236,0.00404353921964718,0.00395768083391195,0.00407610244057805
"2012-10-02",0.00707218418493431,0.00712304336282974,0.00700517468410728,0.00662575288444524,0.00655965495020453
"2012-10-03",2.80482594292575e-05,2.84531620875129e-05,3.02885533982968e-05,1.82506453957649e-05,1.41806145356061e-05
"2012-10-04",2.58853471294438e-06,2.04012244298802e-06,2.66281559286579e-05,4.90879365129075e-05,4.17296467295797e-05
"2012-10-05",0.000828076084539446,0.000814250340569576,0.000703714253790337,0.000661581053946599,0.000634745072871167
"2012-10-08",0.0110986478304598,0.0110019332680481,0.0103155379095708,0.00873073931252137,0.00956076075260767
"2012-10-09",0.0138005205228812,0.013585930163812,0.0126114741036676,0.0111483297616949,0.0102064421148455
"2012-10-10",0.000483611780488221,0.00055299860391513,0.000715919098360032,0.00118177403609698,0.00155584045839005
"2012-10-11",4.74967482130367e-05,5.67814813306231e-05,5.91303952027467e-05,6.96685617394229e-05,7.69363945411123e-05
"2012-10-12",0.000277548118522563,0.000300823407720458,0.00043074163416806,0.000438494137481911,0.000336201338935456
"2012-10-15",0.00402181360463389,0.0040125903523514,0.00437442089998895,0.00401570315085938,0.00342109571952128
"2012-10-16",0.00114978874094942,0.00115877601238628,0.000924182350576425,0.000860195260321221,0.000758249637170552
"2012-10-17",0.00050007561930456,0.000508754314298243,0.000453406820859238,0.000303313068525719,0.000229530151172247
"2012-10-18",0.00378142721538915,0.00383328944550367,0.00344647112563731,0.00332328614051447,0.0029850083322696
"2012-10-19",0.00321251117320199,0.00315162000597881,0.00312634066811521,0.00293126574928855,0.00265566467312465
"2012-10-22",0.00355561701008008,0.00343874679467437,0.00341478598672555,0.00270451978606953,0.00259464859425777
"2012-10-23",0.0322490434003278,0.0320520498731543,0.0323810823947389,0.0314322127101729,0.0302974818723807
"2012-10-24",0.0059270106656539,0.0057894214002215,0.0060290421489883,0.00539001691446634,0.00515908855664457
"2012-10-25",0.0012682171899637,0.00123194001228893,0.00128153149107698,0.00103874788054771,0.000809027601142469
"2012-10-26",0.0149624483030025,0.0151640766511412,0.0149665603394747,0.0136976336071154,0.012686036027919
"2012-10-31",0.00149018440975085,0.00161245104036371,0.00136046849763834,0.00118033376926848,0.000900181403919557
"2012-11-01",0.00458953055910839,0.00453957203829912,0.0047963662307091,0.00530676544894617,0.00616042036537592
"2012-11-02",0.0013572102481515,0.00139288194593901,0.00166622892712025,0.00176109234098057,0.00202520954611348
"2012-11-05",0.00767687375686449,0.00748668263307307,0.00719068654971203,0.00677119138488658,0.00586005902141949
"2012-11-06",0.00115036004056019,0.00132270973936171,0.00138307169628273,0.00138807919223984,0.00161200263752661
"2012-11-07",0.00527584526036966,0.00494868017411086,0.00454945946658076,0.00395498048998485,0.00307533455951319
"2012-11-08",0.0170652814568214,0.0161847496523496,0.0159870892435086,0.0155520778194335,0.0141466572060543
"2012-11-09",0.00852848531534982,0.00832592305835109,0.00770479338777652,0.00755025168417347,0.00716152621664822
"2012-11-12",0.00250827265628273,0.00237174408988606,0.00217393209554674,0.00146248455854829,0.0010101320206595
"2012-11-13",0.00347702951312983,0.00334225380672499,0.00326679979878702,0.00290627441867699,0.00267433107937042
"2012-11-14",0.000506895786645166,0.000428735646954091,0.000426159099374136,0.000290775393105475,0.00011047318231552
"2012-11-15",0.0103211955724729,0.00995409582934784,0.00967880384351691,0.00859620459635437,0.00761843682908507
"2012-11-16",0.0396470729915611,0.0394185002373433,0.0392968138774997,0.0378831463526865,0.0397818716648436
"2012-11-19",0.000295323760364136,0.000298955723785786,0.000340921884098866,0.000663610908205023,0.000270201509508066
"2012-11-20",0.0026894764355758,0.00308842164171923,0.00325776385967828,0.00280388901363501,0.00179614382568328
"2012-11-21",0.00131225104194643,0.00118877930637433,0.000685091259364427,0.000828546540868846,0.00137024229165587
"2012-11-23",0.0234266147149898,0.0239566843751769,0.0217580356130758,0.0224012521281375,0.0237749219609932
"2012-11-26",0.012461351140952,0.0126552881818725,0.0114430214238617,0.01258155501112,0.0100599527752837
"2012-11-27",0.001209658285113,0.00124636117088955,0.00153292158785573,0.00169726021853357,0.00107983566987629
"2012-11-28",0.00923796532783842,0.00934944255084965,0.00974870062499572,0.0107659991596655,0.0103285397892982
"2012-11-29",0.00744889834836402,0.00748124090080182,0.00726062645759173,0.0073053956265284,0.0070859867102714
"2012-11-30",0.0113829162564876,0.011335055155691,0.0102334326699355,0.0123807547940765,0.0117782517698977
"2012-12-03",0.00444809192796836,0.00444947366619983,0.00409342192105128,0.00488206915920784,0.00503611336701463
"2012-12-04",0.00597762830028575,0.00620735564105539,0.00487526318771057,0.00652682716269983,0.00712165453892429
"2012-12-05",0.0131189936509957,0.0131030669190384,0.0132333517933178,0.0111454597622211,0.0110771204483706
"2012-12-06",0.0157032113890767,0.0157214569639061,0.0193099027740927,0.0186117122490503,0.0186389554897671
"2012-12-07",2.18898751038108e-06,2.05397130845086e-06,8.30627653035227e-07,5.5372340932388e-07,1.03455298193326e-06
"2012-12-10",0.0010693572479989,0.00106891228776198,0.00124456987047764,0.0014839474186523,0.00197955452575481
"2012-12-11",0.00356659455482765,0.00377911866654246,0.00328617928467791,0.00421598219516145,0.00385434105845703
"2012-12-12",0.00280316142469259,0.00288900015127371,0.00292909414884889,0.00326486954717335,0.0025148959818721
"2012-12-13",0.00153818131130072,0.00154300946684499,0.00144842870285507,0.00116505288950971,0.000914455784370117
"2012-12-14",0.00370561212134533,0.00373374766578136,0.00331534556097661,0.00276057133117143,0.00199282045273341
"2012-12-17",0.000122126600324211,0.000120880212859038,0.000219630476895213,0.000501980068202563,0.000613555844003271
"2012-12-18",0.00176017183497152,0.00190278823595415,0.00145221505395698,0.00174610208786753,0.00158434243824962
"2012-12-19",0.00988354997699584,0.0100230020412398,0.0114121818786315,0.0122939326898174,0.0124879694551052
"2012-12-20",0.00334333107092821,0.00341023507129266,0.00395523367645972,0.00604160368552006,0.00548221660652237
"2012-12-21",0.00477196003537134,0.0048160975014657,0.00487253597604304,0.00704634405274761,0.00761230158720636
"2012-12-24",0.00377329458728504,0.00383836030957256,0.00474269581772102,0.00622470378702733,0.00653134220649923
"2012-12-26",0.0131660284177959,0.0132259145341323,0.0155717606805584,0.0163321905822461,0.0161888221682229
"2012-12-27",0.00640580470185053,0.00639865703425552,0.00683168259075331,0.00662358039471966,0.0062814925775696
"2012-12-28",0.0118353582536514,0.0118740879653397,0.0131285903677086,0.0137562885956334,0.0134013830096335
"2012-12-31",0.00268969213175183,0.00265819967210993,0.00213582586798417,0.00137670827487505,0.00146348191156598
"2013-01-02",0.000145146967478963,0.000143291533863887,0.000249142482850499,0.000501236112057228,0.000650346246078313
"2013-01-03",0.00826477392559451,0.00825736342893857,0.00896419843771661,0.0097489726135671,0.00976966792202739
"2013-01-04",0.020102903914951,0.0202353313093864,0.0223042187599615,0.0245354583397013,0.0246897454422175
"2013-01-07",0.0215320947471278,0.021726936947966,0.025391662828327,0.0276548023560416,0.0298897145805393
"2013-01-08",0.0198630619735042,0.0208322222403847,0.0227968281935608,0.0273901345475633,0.0287261538278076
"2013-01-09",0.0385822898635494,0.0392985484114508,0.0423931100337729,0.0483404870276128,0.0540540262372787
"2013-01-10",0.00975750622572441,0.00983111850264252,0.0110524773352397,0.0129114935759901,0.0153929312968858
"2013-01-11",0.0331812733069497,0.0333950723195954,0.0356199354682096,0.0369790114658733,0.0366981378625857
"2013-01-14",0.00453069061483811,0.00463358809608175,0.00513481457130826,0.00633948466472905,0.00685475105426523
"2013-01-15",0.00508653305733066,0.00518853451840857,0.00565413949285279,0.00723196221947647,0.00714797837735567
"2013-01-16",0.0374269705854422,0.0381513335888722,0.0422203164791114,0.0429563652863789,0.0445464281808215
"2013-01-17",0.028247754090317,0.0284822886109401,0.0316867011437998,0.03358476189533,0.0325361296066627
"2013-01-18",0.033532347909829,0.0334556255418343,0.0351606047683837,0.0379168172605362,0.0377918678645099
"2013-01-22",0.012501820877769,0.0125018614046837,0.0133955343332927,0.0159043867484018,0.0159904404866862
"2013-01-23",0.00233605846932829,0.00229967745860663,0.00181081062481019,0.00133281667209197,0.00103060121344583
"2013-01-24",0.00244917068020655,0.0024950174135153,0.00219947983002152,0.00178924944623712,0.00167377821522129
"2013-01-25",0.00647163461150018,0.00641870445941557,0.00635741383070029,0.00469878197914894,0.00401090953089974
"2013-01-28",0.00546464479573901,0.00551249398021927,0.0061074981468805,0.00561126080229058,0.00561999945104822
"2013-01-29",0.000554240039797879,0.000551605400440212,0.000406278382457505,0.000625511840358643,0.000788503009100828
"2013-01-30",0.00508562578467876,0.0049356157358701,0.00394494855339928,0.00433494377940635,0.00426349657386394
"2013-01-31",0.0108387009835937,0.0108455041858571,0.0102162414762577,0.0105802151904991,0.0115575974428582
"2013-02-01",0.00163652096496535,0.00170330281255921,0.00162543156041772,0.00224892304833911,0.0019493349926531
"2013-02-04",0.000106377149613106,0.000125446456623369,0.00021793896243156,0.00128746270480672,0.0010278979042367
"2013-02-05",0.00111256320280301,0.00113895488538964,0.00167612322530365,0.00356720569669278,0.00258575678777008
"2013-02-06",0.00128973715498279,0.00116295237330052,0.00123273215253715,0.00051695794625699,0.00200437420196383
"2013-02-07",0.00144053151074426,0.00132920512928285,0.00118880604201624,0.000655347806881463,0.0015301090173893
"2013-02-08",0.0111778232671529,0.011237725502772,0.0109230407942852,0.0124478485625979,0.0124980663951243
"2013-02-11",0.000337518263318808,0.000384068989053983,0.000641087785074682,0.00022035740966607,7.70038420061612e-05
"2013-02-12",0.000334568716862295,0.000405196097706423,0.000700260179203704,0.00076782418364115,0.000718454481066809
"2013-02-13",0.00307752097502042,0.00321767423842197,0.00348954000728556,0.00411181331494968,0.00453903255332177
"2013-02-14",0.0052495868966201,0.00539298219393517,0.00570918178081302,0.00717621904418991,0.00588382779935452
"2013-02-15",0.00962681433831928,0.00978382345987281,0.0108406898523793,0.0122624978790674,0.00968800787043225
"2013-02-19",4.18938261451943e-06,5.76531250812574e-06,1.98703208320873e-05,8.14547430134823e-05,0.000105458991108379
"2013-02-20",0.00176896031953666,0.00182312097053739,0.00148054431403995,0.0013687504959431,0.00172753935086672
"2013-02-21",0.000966893979169654,0.00104238911172575,0.000766670799395742,0.000904755691177995,0.00103587346147128
"2013-02-22",0.0239265422737198,0.0239687988334685,0.0212358337468013,0.0235678073941995,0.0240788882140162
"2013-02-25",0.0192102668523385,0.0193484313571319,0.0193657096779661,0.0223183880299415,0.0258380891228406
"2013-02-26",0.00623846772413077,0.00623764150796911,0.00541563704150925,0.00698284812136913,0.00789517509244027
"2013-02-27",0.0051922343601918,0.00527721681171288,0.00726125537402065,0.00638828522834008,0.00612596104248856
"2013-02-28",0.00863478833482838,0.00835050010282628,0.00743987549694106,0.00726012442030093,0.00665418477883998
"2013-03-01",0.00186805866464392,0.00184571729967322,0.00171837612969466,0.00173073600243078,0.00190158963524729
"2013-03-04",0.00226011239036995,0.0022387726434441,0.00211198583673935,0.00225683385906634,0.00269308300973917
"2013-03-05",0.000584463130864285,0.000557218558345177,0.000575589523192747,0.000877680998697741,0.00133750894780247
"2013-03-06",0.00306110834708377,0.00290297095218903,0.00258534196521797,0.00310974596269509,0.00301743645974042
"2013-03-07",0.0103404060391254,0.0101895688384474,0.00927298413984564,0.0108967801619564,0.0115096992336153
"2013-03-08",0.01701132505768,0.0170076877346193,0.0159098418801523,0.0166885485058882,0.0162444541826857
"2013-03-11",0.000559486930272766,0.000521630145663629,0.000219725286292723,0.000298751413543821,0.000398082674594516
"2013-03-12",0.000991154313744894,0.000873034344681143,0.000597274028885166,0.000837162877350968,0.00105823671858359
"2013-03-13",0.00811968703572549,0.00793920059624696,0.00765942094669519,0.00799606701314747,0.00921241865836136
"2013-03-14",0.0138226049851219,0.0136212573441657,0.013684021616622,0.0150457676777686,0.0164573669900156
"2013-03-15",0.0104734209330615,0.0104289925096457,0.00998512542869213,0.011241571242807,0.0125412312998478
"2013-03-18",0.000284029514740764,0.000291110354722908,0.000233105307748408,0.000273917955858793,0.000502660508372782
"2013-03-19",0.000226922362928538,0.000206682287111257,0.000263730411932983,0.000440840444836796,0.000744094855821845
"2013-03-20",0.00636734177072851,0.0064435481198855,0.00659374463067712,0.00711361042996512,0.00715770140179017
"2013-03-21",0.00452650092726989,0.00454395651125893,0.00454299310844972,0.0047850376795194,0.00475581768277418
"2013-03-22",0.00763904524101932,0.00765131059717781,0.00763489195388507,0.00870028922368397,0.00888881738640814
"2013-03-25",0.0020110660193454,0.00207636932986867,0.00145225800513319,0.00214521875998889,0.0024660114730328
"2013-03-26",0.0171521727131103,0.0173153853747321,0.0157075829375641,0.0163258221122894,0.0167651575855538
"2013-03-27",0.0249277204283601,0.0246812470519175,0.0252156321713901,0.0265495977709052,0.0258892145525152
"2013-03-28",0.0117054381549935,0.0116552274664341,0.0110797417433858,0.0114790280958216,0.0114567910508625
"2013-04-01",0.00524900284567582,0.00533982217408092,0.0046897584645633,0.00506571855332551,0.00529326024536124
"2013-04-02",0.000276254492901176,0.000285965914935935,0.000316206236310268,0.000553062637995617,0.000569182854449217
"2013-04-03",0.00735444552232381,0.00725540977957084,0.00717637519566774,0.00750624534888693,0.00746865589250092
"2013-04-04",0.00262209718864224,0.00259311737795313,0.0028284101580752,0.00343075069204654,0.00339415357699853
"2013-04-05",0.0109821369717357,0.0108100192839944,0.0113399004491898,0.0128702727136933,0.0101573409907705
"2013-04-08",0.00689025317761483,0.00684898509310171,0.00732306470836074,0.00778680960091211,0.00719049618339245
"2013-04-09",0.0113509065324033,0.0111753430931893,0.0112794342493631,0.0130331343041676,0.0125532022138141
"2013-04-10",0.0128072740774055,0.0127152135577979,0.0135518881837422,0.0147332413500799,0.0134181017644921
"2013-04-11",0.00796365291188982,0.00789848407206145,0.00884745594673078,0.0100316492310017,0.00889705327116658
"2013-04-12",0.0106792871861685,0.0106362211643174,0.0111686834671754,0.0128209538535656,0.012492303979232
"2013-04-15",0.0047073823375263,0.00468220985711203,0.00514773138484796,0.00536872404736837,0.00517899948946074
"2013-04-16",0.00772707457033479,0.00779433817138782,0.00907414680579365,0.00934472573524552,0.00957743400225111
"2013-04-17",0.00770447334525018,0.00758869492708083,0.00743445241772515,0.0067930724654251,0.00655707624173952
"2013-04-18",0.00250620286777548,0.0024974899903396,0.0026440784939201,0.00209399802185852,0.00186603604561027
"2013-04-19",0.00436747139218119,0.0043936868773761,0.003941138695185,0.00323869224310528,0.00355749467345768
"2013-04-22",0.00208725912820523,0.00212316163677634,0.0022048910803801,0.00171965334140635,0.00184053106442248
"2013-04-23",0.000544983895303636,0.000535436326187544,0.000508111888162309,0.000421722070227791,0.0004217079526185
"2013-04-24",0.0591254057443319,0.0591519491424827,0.0590797146194151,0.0580216274172019,0.0581533757062241
"2013-04-25",0.000928380140404213,0.00093091449884867,0.000990772294315376,0.000729653055236373,0.000643947488681244
"2013-04-26",2.49556743126302e-06,1.71976621605254e-06,2.32522650378258e-06,4.82592081024429e-05,6.37331989703205e-05
"2013-04-29",0.000422683269564174,0.000427878921594209,0.000280056373298733,0.000519743879504661,0.000627262803928676
"2013-04-30",0.000666683238713683,0.000649871455492994,0.000416905719156365,0.000831981281954019,0.000807026116176637
"2013-05-01",9.73149945386904e-06,7.74720648730326e-06,7.85652977819011e-05,1.1863309467518e-05,1.29862475639277e-05
"2013-05-02",0.00614060079818511,0.00611728640501022,0.00509295743801024,0.00586498235429902,0.00609328910822371
"2013-05-03",0.012092108581058,0.0120969147086133,0.0110267790929689,0.010949927309305,0.0109502026997585
"2013-05-06",0.00373268718577395,0.0037146926561084,0.00308914127222344,0.00338894225289938,0.00356288608217147
"2013-05-07",0.000169161514421623,0.000158354872131617,9.44019098890738e-05,0.000177869536307472,0.000119198459223618
"2013-05-08",0.00161347366536245,0.00159573213501285,0.00115859051094198,0.00194849472826868,0.00183508059701691
"2013-05-09",0.00114174417734128,0.00112138376114019,0.000811369197362884,0.00109338184808657,0.00101707907688971
"2013-05-10",0.000813746011013486,0.000799240374549804,0.000476119603505428,0.000512638411440905,0.000491940239449115
"2013-05-13",0.000858733682047607,0.000880299629890614,0.000604884211208591,0.000569871097554505,0.000421647742832722
"2013-05-14",1.48284497115597e-06,1.95477636329082e-06,1.7639726015654e-06,6.09570922408717e-06,2.23849442375839e-05
"2013-05-15",1.07100920868682e-05,1.15334635674539e-05,4.11426171723401e-06,3.32174725275803e-05,3.15921888416161e-05
"2013-05-16",0.000479292938495098,0.000461203440833616,0.000825351465299727,0.00134765779209507,0.00116452445322121
"2013-05-17",0.00706885029491687,0.00727252234525711,0.00608387883177444,0.00586932129063724,0.00578003025481659
"2013-05-20",0.00329783398536627,0.0032965238434784,0.00241659737910207,0.00256725672814969,0.00261336841747753
"2013-05-21",0.000555237342528192,0.000551490331218335,0.000193893115248213,0.000171519247810799,0.000171437276955122
"2013-05-22",0.0114396335650642,0.0111900943644846,0.00740151937057791,0.00939257381454648,0.00705191878597287
"2013-05-23",0.00794972686794792,0.00752906611783415,0.00514374053973317,0.0051321438943389,0.00411603636185256
"2013-05-24",0.0200069828208062,0.019891063599748,0.0177949575581193,0.0173660647964147,0.0172054912871352
"2013-05-28",0.00412238645054513,0.00408425930788691,0.00342739580564395,0.00381471637156439,0.00359945516098974
"2013-05-29",0.0077382834237023,0.00775339338536827,0.00677720391760128,0.00822233940832347,0.00756885117768507
"2013-05-30",0.0197863741685367,0.0197342504677263,0.017170792751646,0.0179964201398822,0.0181300920722141
"2013-05-31",0.0117997923863144,0.0117477074328892,0.0109643889706978,0.0117655415684565,0.0108688744537608
"2013-06-03",0.000218117629173917,0.000218351501800625,0.000196897716869721,0.000182996009146412,0.000169441481382536
"2013-06-04",0.00218392120439136,0.00216730923494939,0.0020184312809044,0.00213788918540038,0.00215556970557459
"2013-06-05",0.00202056889341794,0.00201829184018714,0.00215969548809716,0.00248863582606772,0.00300455451532277
"2013-06-06",0.000138896635203294,0.000138205369789848,0.000145902574043868,0.000267528838022858,0.00061401780292467
"2013-06-07",0.00234264353798987,0.00234346198872476,0.00232988985020907,0.00223268559666887,0.00294360724918346
"2013-06-10",0.00159890724181108,0.00159894122778934,0.00167369379972882,0.00150369506083782,0.00119004144796359
"2013-06-11",0.000884368363541583,0.00087916681749952,0.000741730497148044,0.000865118687719816,0.00122098321952073
"2013-06-12",0.00596390839332525,0.00596450455655898,0.00564252453916983,0.00605792728537921,0.00704483340157429
"2013-06-13",0.0087039103079107,0.00870603506503783,0.00829593789159953,0.00862482097355349,0.00985194388977609
"2013-06-14",0.0286732712012771,0.0286917976881375,0.0270429536651343,0.0283636252025338,0.0327530192665519
"2013-06-17",0.0115796840405532,0.0115901264252884,0.010822364664387,0.0107937643351344,0.0117523383799058
"2013-06-18",0.0226705913355746,0.0226766590874346,0.021033400860926,0.0210070843979945,0.0240254493370051
"2013-06-19",0.0145224607529707,0.0145244695810544,0.0134428343745687,0.0135639872546915,0.0165677944225217
"2013-06-20",0.00850717738603905,0.00849773162498688,0.00714536706323152,0.0063892992156988,0.00818876844708439
"2013-06-21",0.00260842097645836,0.00260724350821166,0.00189615776434379,0.00145052380283909,0.00189753419097603
"2013-06-24",0.00261935167730839,0.00261747193720704,0.00320381091021857,0.00344623160708811,0.00346577553530316
"2013-06-25",0.00190337853748317,0.00190745430697294,0.00172271344941369,0.00131824531593278,0.00182030961184633
"2013-06-26",0.00360571000514417,0.00361647064931759,0.00346075212327302,0.0028251689100618,0.00289185765188157
"2013-06-27",0.00148643436477736,0.00148749777562794,0.0014105508614263,0.0010326309973167,0.00116312144747834
"2013-06-28",0.000762375590836867,0.000764419230802335,0.000939725181559187,0.00115444328702348,0.0010572196862038
"2013-07-01",0.00231793172751841,0.00231586019922491,0.00157644782705474,0.00109620550940832,0.00115911011921661
"2013-07-02",9.52765317649812e-05,9.64171738031962e-05,1.03846219745121e-05,2.54440945911786e-06,3.18038236294326e-07
"2013-07-03",7.54888878137005e-06,7.25597077597654e-06,7.7895025800797e-05,0.000221484944846416,0.000244480213812531
"2013-07-05",0.008589365247651,0.00860101035116093,0.00766944934521759,0.00671936318700256,0.00690510395224822
"2013-07-08",0.00144518417472536,0.0014460712723015,0.00120016466240109,0.000935008769382805,0.00107284591826472
"2013-07-09",0.00407771242544204,0.00407668195237213,0.0037071607289644,0.00332187473464143,0.00315697054366111
"2013-07-10",0.00115433439852435,0.00115622206216629,0.000953409173074903,0.000766597113160231,0.0006490639384892
"2013-07-11",0.00523553302350949,0.0052402463922179,0.00457450241261423,0.00411635347124962,0.00411021560806657
"2013-07-12",0.0096210549052077,0.00961874563200564,0.00900177719576472,0.00814138680865584,0.00800367343672798
"2013-07-15",0.00491005771051038,0.00492062930644132,0.00450425921423111,0.0040068542173815,0.00407396583963578
"2013-07-16",0.00371252051410077,0.00371512298633362,0.00353703485266978,0.00330500843566819,0.00312269738986192
"2013-07-17",0.00581294509093933,0.00581202680234749,0.00525372718961537,0.00529235336664271,0.00555343462393197
"2013-07-18",0.0101101907331386,0.0101308252001139,0.00952990780341781,0.00907201277496314,0.0088520528951456
"2013-07-19",0.010538392733137,0.0105731983497111,0.00943165213081177,0.00901125433170894,0.00861733167437973
"2013-07-22",0.0109071730910606,0.0109724903647761,0.00968646443224328,0.00884330153597757,0.007990140723472
"2013-07-23",0.0173917333408033,0.0174470343844266,0.0159335750115926,0.014580547612247,0.0128157930433569
"2013-07-24",0.00189435959809871,0.00189317935415834,0.00136681563137667,0.00107067312596392,0.00116513874348392
"2013-07-25",0.00920126912817198,0.00917695157174992,0.00838296343026592,0.00822005103347733,0.00877454319253793
"2013-07-26",0.0104157992710679,0.0104042366341037,0.0100397386743545,0.0105968898309604,0.0111069736114746
"2013-07-29",0.0158804891672641,0.015842035028334,0.0151153427974559,0.015355513858355,0.0156907061957596
"2013-07-30",0.0109965169966572,0.0109749708275384,0.00958799721131308,0.010486013931599,0.0114840876769503
"2013-07-31",0.00949521708493371,0.00952581707188473,0.00894607574927951,0.00982619116419167,0.0105213505003854
"2013-08-01",0.0210633998965579,0.0211261655834679,0.0205546289571475,0.0203490618334501,0.0199406630946122
"2013-08-02",0.0198088477439226,0.0198334265197512,0.019427272587767,0.0189398951555208,0.0190749500380694
"2013-08-05",0.0108615246612236,0.0107732990424205,0.010522222951021,0.0106257326897433,0.0118674430770035
"2013-08-06",0.00857337234897737,0.00842389271056492,0.00831985319560641,0.00883054159304348,0.00973414958866502
"2013-08-07",0.00843460040755758,0.00838793493393332,0.00793083026699062,0.00875854187971195,0.0105078300062948
"2013-08-08",0.0124706042651911,0.0124105165990966,0.0117530640860787,0.0120341046274643,0.0127509489523065
"2013-08-09",0.0103241577821328,0.0103176006606698,0.0101416124994249,0.010562355475711,0.00689132408275457
"2013-08-12",0.00341650746081457,0.00340437918909302,0.00335297418385074,0.00375149219496566,0.00236902147223802
"2013-08-13",0.00238019065292317,0.00239875654063052,0.00243950094262751,0.00203062617762664,0.00226076205430664
"2013-08-14",0.00142168348651509,0.00142180765500608,0.0013617771880908,0.00186594959098861,0.00196191688436746
"2013-08-15",7.13661420971192e-05,6.55602131035999e-05,3.99520279641288e-05,0.000127259995659101,0.00013066243501189
"2013-08-16",0.00427130623875818,0.00430335355920301,0.00407038088533555,0.00428880405424638,0.00434204742670347
"2013-08-19",0.00082217359428495,0.000812193148944907,0.000731555359751766,0.000917105407257282,0.0011309573431677
"2013-08-20",0.000984057172062226,0.00092514368894519,0.000891356893011031,0.00104912501227488,0.00102441115959029
"2013-08-21",0.00275154546604809,0.0026635814895548,0.00259872452462586,0.00255133455676289,0.00217791727184578
"2013-08-22",0.00214349022035789,0.0020692580227337,0.00200562127424985,0.00219541021337905,0.0020643000397498
"2013-08-23",0.00864051016446766,0.00861309825933657,0.00842267917471824,0.00888118975284492,0.0088182403085497
"2013-08-26",0.00379991026190327,0.00375858199606384,0.00381640446911658,0.00400878918217482,0.00409120340129167
"2013-08-27",0.000182603847194568,0.000183788860905864,0.000189500035040909,9.93094695492872e-05,4.223712519871e-05
"2013-08-28",0.000259992714701322,0.00026207674546619,0.000143887424786636,0.000100306047277048,0.000171857231408755
"2013-08-29",0.00324215509154603,0.00321594037736191,0.00317498287953214,0.00310252424111456,0.0035348330268768
"2013-08-30",0.000772694670396249,0.000769174857563077,0.000930410760813461,0.00113278209787216,0.00113296078479112
"2013-09-03",0.000499833452958389,0.000522672210226745,0.00038647594589609,0.000244413142055169,0.000214442052575464
"2013-09-04",0.0017431246551984,0.00172311918639636,0.00178457847732231,0.0023653491331275,0.00250454799277353
"2013-09-05",0.00885052390349645,0.00883280976975528,0.0076708999057517,0.00882841876779717,0.00914508711451882
"2013-09-06",0.000462552119996072,0.000460093782641239,0.000303431477727609,0.000423912432338167,0.000413291815615318
"2013-09-09",0.00111026387832973,0.00111404145625081,0.000971885133638317,0.00118695967178755,0.00117575559399453
"2013-09-10",0.0182805019701029,0.0183617042435893,0.0186594089253403,0.0182544797755913,0.0178994733832837
"2013-09-11",0.00123192796644422,0.00128021020498097,0.00144123901193349,0.00135397343090506,0.0012774228723171
"2013-09-12",0.0022963480129638,0.00226501111471551,0.00221034392633561,0.00233459137585061,0.00238540108266183
"2013-09-13",0.0115417980141896,0.0115370272267417,0.0106507288335342,0.0114555914381815,0.0111286675938938
"2013-09-16",0.00051752450371276,0.000516430599374022,0.000691222407034424,0.000540494281489531,0.000533974960723937
"2013-09-17",3.02111434482441e-05,3.09441402632999e-05,4.63821722727871e-05,1.03797874935048e-05,1.33886359490022e-05
"2013-09-18",1.3533246357051e-05,9.96588932465251e-06,1.6860388945131e-05,2.77485274727115e-05,8.86863430915603e-05
"2013-09-19",0.0074588358831953,0.00747731180805899,0.00737784074724022,0.00714341190289022,0.00761140464028681
"2013-09-20",0.00270029008643282,0.00270830366440386,0.00250633850267104,0.00255864842070656,0.0026632711555806
"2013-09-23",0.00913206970567525,0.0090883567273401,0.00925362467451653,0.00900403145153236,0.00881620024416885
"2013-09-24",1.15912510697109e-05,1.37080148213919e-05,7.07250748222012e-05,6.19462580146992e-05,5.94749106897435e-05
"2013-09-25",0.00107303767592605,0.0010703445327314,0.000856721683608892,0.000901075264590268,0.00078727739175388
"2013-09-26",0.00943400550564837,0.00940686370726335,0.0090560811013067,0.00925505370584468,0.00941170131050611
"2013-09-27",0.00604271657637858,0.00604386826262254,0.00595378472984226,0.00603705066552315,0.00610477659956668
"2013-09-30",0.000282769117506041,0.00028585130591976,0.000208124207451602,0.000226114788309183,0.000228609306970066
"2013-10-01",0.00281854547748543,0.00281417010716948,0.00259051164339821,0.00247977060202487,0.00256431825665949
"2013-10-02",0.00199546775006463,0.00197522648499939,0.00191984930045892,0.00196345740372148,0.00206601194846368
"2013-10-03",0.000230154044100096,0.000230311786357708,0.000226888509909538,0.000213051481677605,0.000237738454576319
"2013-10-04",0.003224789734304,0.00324761770368714,0.00293858959119663,0.0028831501160248,0.00283435111748063
"2013-10-07",0.000618679548913634,0.000618123189072704,0.000628779179954024,0.000738909426536196,0.000806763129361367
"2013-10-08",0.00403306720819009,0.00399511904978457,0.00431591124278676,0.00497357364509687,0.00548864806822879
"2013-10-09",0.00563961110396913,0.00554825066833679,0.00612515286277338,0.0066511301265963,0.00745222302175138
"2013-10-10",0.00806734745729396,0.00794142929926598,0.00794859816621543,0.00846968294630248,0.00903998950042793
"2013-10-11",0.00548899993882539,0.00546251793137427,0.00536229094884586,0.00595713765360527,0.00608631254351134
"2013-10-14",0.00753515491436651,0.00752538003315773,0.00757110750346103,0.00854318808184865,0.00802231928818452
"2013-10-15",0.00603383045749066,0.00599813479742023,0.00605896841884583,0.00677491887741987,0.00644405643341191
"2013-10-16",0.0144267250134853,0.0144222221775299,0.0143288644565741,0.0146429736805731,0.0140418764573892
"2013-10-17",0.0103785718769098,0.0103804376461613,0.0104377412427201,0.0107363789797263,0.0103950255255491
"2013-10-18",0.0155292537848431,0.0155434155247131,0.015440136953013,0.0156012453759143,0.0157600283308752
"2013-10-21",0.012702170010782,0.0126932680645943,0.0127815782324431,0.0131498642845469,0.0126894845100639
"2013-10-22",0.0130310922713114,0.0130301106639734,0.0125348176731482,0.0121215800279156,0.0130318558328565
"2013-10-23",0.00208446304011206,0.00207346996608599,0.00202996822285741,0.00209033016029897,0.00197119739263472
"2013-10-24",0.00398889385822845,0.00398176685899747,0.00397582505709008,0.00416370083305514,0.00419475559223081
"2013-10-25",0.00205217795627603,0.0020532446120618,0.0020715488714633,0.00195679460669,0.00190989439490085
"2013-10-28",0.00339743216481274,0.003392441867903,0.00347301016188433,0.00353797472718292,0.00362972015435734
"2013-10-29",0.0095358045459579,0.00954764766800264,0.00955874488037233,0.00945509701491459,0.0093625993579474
"2013-10-30",0.000147009132201698,0.000148252238672362,0.000160373649777147,0.000113965137702096,8.72604557024715e-05
"2013-10-31",0.00354155687122677,0.00353028939424819,0.00347764883228541,0.00354892897718485,0.00355730449623984
"2013-11-01",0.00289054556942833,0.00288968739042679,0.00275515681304337,0.00320519414700819,0.00327007928398386
"2013-11-04",0.0025170302738136,0.00251671188773459,0.00258395971864449,0.0028676973594018,0.00308505737252733
"2013-11-05",0.003981973349718,0.00398211328269696,0.00398371255660009,0.00423057618439232,0.00422372496149978
"2013-11-06",0.00797784932198195,0.0079914146813872,0.0073445871488133,0.00730204594987136,0.0069475803897161
"2013-11-07",0.000746621263734393,0.000747620076931496,0.000676685624502933,0.000724840361783126,0.000695005553147888
"2013-11-08",0.00538337930720512,0.00539009005387092,0.0051244629561832,0.005166825156008,0.00518448173512913
"2013-11-11",0.000448662289463236,0.00044805137925168,0.00044560115210312,0.000543381854310263,0.000514781982499932
"2013-11-12",0.00332673053062772,0.00332428998710392,0.00330710210860879,0.00321580159579947,0.00308034395243858
"2013-11-13",0.00400274283217272,0.0040049992660749,0.00393983729683692,0.00374382590366726,0.00371667001634382
"2013-11-14",0.00259862381398701,0.00260102132296131,0.00268300302506736,0.00217254957780048,0.00211488763884391
"2013-11-15",0.00141211975010501,0.0013842806970695,0.00150401766642558,0.00142845311112959,0.00139652551048608
"2013-11-18",0.0023025243636733,0.00231069335500866,0.00234625414479222,0.00249674595242597,0.00261499260744044
"2013-11-19",0.0191686351558546,0.0193088099922799,0.0192400130584087,0.0203012708167606,0.01962283826368
"2013-11-20",0.0115778956923947,0.0115683175751623,0.010957930353116,0.0114591462245993,0.00981278344412843
"2013-11-21",0.00580632136200034,0.00588736406808832,0.005784360481757,0.00612582670756985,0.00554490119093255
"2013-11-22",0.0100066461769312,0.0100593380396659,0.0102644580201121,0.0107627822305091,0.0102270893214112
"2013-11-25",0.00910736842282671,0.00914084764405215,0.00952480056402172,0.00994918106228393,0.00925236067650443
"2013-11-26",0.0278644513219174,0.0281150966589829,0.0288080235744919,0.0299958553848528,0.0302238537459916
"2013-11-27",0.02091643042026,0.0207850157434746,0.0208013829797929,0.0210306735360823,0.020501728619053
"2013-11-29",0.0128481177394958,0.0127951869362197,0.0130723327356454,0.0132669545982192,0.0129042256200683
"2013-12-02",0.000198205789667691,0.000183918361488034,0.000212525252085031,0.000277568367775957,0.000177688668052998
"2013-12-03",0.00239535546942377,0.00248754992623495,0.00259182741211711,0.0028983866548007,0.00281487880125893
"2013-12-04",0.00166165901503422,0.00167506382392283,0.0017314771565768,0.00194242715689256,0.00175822059618271
"2013-12-05",0.00192412257406018,0.00191291942540997,0.00195150600934951,0.00235838411926147,0.00213433944168333
"2013-12-06",0.0102252126386912,0.0101530792942428,0.00984254947750595,0.0101075785345981,0.00958866475473544
"2013-12-09",0.00463863546273474,0.00458462578768579,0.00441500866018572,0.00453292720204559,0.00423232655435988
"2013-12-10",0.00753608041836748,0.00774685753261498,0.00765796559904267,0.00821630983547709,0.00811950690721246
"2013-12-11",0.00226226051598449,0.00228713912485284,0.00211924316241857,0.00234698504606419,0.00241990438214907
"2013-12-12",0.0023861897663237,0.00242320024798752,0.00231424197591468,0.00245932119086995,0.0025650734923013
"2013-12-13",0.00251690338130572,0.0025424659253296,0.00232058840052639,0.00265456809417961,0.00266690276158747
"2013-12-16",0.00221345859080243,0.00226513296830191,0.00216365873639524,0.00231038411121752,0.00222681849094849
"2013-12-17",0.00258315843272829,0.00256246885621266,0.00260610974700107,0.00289919750526887,0.00257123800815776
"2013-12-18",0.00217502253200542,0.00217866250813972,0.00214453791002049,0.00205019644461123,0.00213059560487544
"2013-12-19",0.00067358320556798,0.000651727841821951,0.000585202357892375,0.000630737152459194,0.000497841341683716
"2013-12-20",0.00699962785889332,0.0070258141874216,0.00651506941229511,0.00699550777192265,0.00680814975268935
"2013-12-23",0.000335841951469989,0.000357647059927006,0.000333926244781552,0.000397413784612502,0.000352092127756439
"2013-12-24",0.000769379549253019,0.000813345789123856,0.000837101939207285,0.000932354891178359,0.000681758986884963
"2013-12-26",0.00214413660127396,0.0021805508944312,0.00226057021620784,0.00240666501627382,0.00212991181986592
"2013-12-27",0.00427141189320961,0.00432615455864653,0.00441148774050157,0.00467491986750145,0.00437304343674768
"2013-12-30",0.00162480391455405,0.00161111134177663,0.00165247509800992,0.00166744745557877,0.00177211669065001
"2013-12-31",0.0109031229587471,0.0110244305715752,0.0113770037298835,0.011367231264051,0.0117479018666612
"2014-01-02",0.0068142378009987,0.00680282730478391,0.00708915948722164,0.00710756460282094,0.00712698929094903
"2014-01-03",0.00671828028238684,0.00663212020257931,0.00668259726191701,0.00651561860619858,0.00650204282929608
"2014-01-06",9.65416442827389e-05,9.98511425971833e-05,0.000121051249645472,0.000106966644513183,8.56363036135141e-05
"2014-01-07",0.00117411069698649,0.00117363241700435,0.00120805703775066,0.0012757055738376,0.00128081526251073
"2014-01-08",0.000595402800106605,0.000617437397609736,0.000647152599691658,0.000689431912278417,0.000674105988452797
"2014-01-09",0.000166771093859992,0.000176355484175063,0.000192580267653853,0.000204395030132863,0.000161356410201715
"2014-01-10",0.00279373708027605,0.00276617444341377,0.00290646127058007,0.00291630358273157,0.00302097246172747
"2014-01-13",8.58008693931582e-07,8.55820343313155e-07,5.45937230182677e-09,3.96312308316455e-07,1.44568554669006e-06
"2014-01-14",0.00108983473518118,0.0010087091766423,0.0010430484225207,0.00111906344998364,0.00114148189872084
"2014-01-15",0.00127030006988191,0.00125089526447587,0.00135661456643801,0.00130616990697732,0.00129500252505352
"2014-01-16",0.00136463426197657,0.00134995082619804,0.00134569764996326,0.00142828452917392,0.00131758622394109
"2014-01-17",0.00816855303567257,0.00795415772583345,0.00771421829441376,0.00766653008209991,0.00747858158602299
"2014-01-21",6.7656017088803e-05,6.37114004185501e-05,7.34025287028147e-05,0.000113870938490312,8.44582000524468e-05
"2014-01-22",0.000997869586006766,0.000973170891089059,0.000972389885398485,0.000907884477337395,0.000928827143866494
"2014-01-23",0.000134191065265456,0.000119690924226019,8.92367230314524e-05,6.37866903426374e-05,5.85289340063787e-05
"2014-01-24",1.8201274051344e-07,1.18658822597775e-08,2.68718582905642e-06,3.82952377114048e-06,1.19471115668568e-05
"2014-01-27",0.00223532451154426,0.00215804495262627,0.00194450915899495,0.00173798919296042,0.00165182979597409
"2014-01-28",0.0307089837137993,0.0305603402645564,0.0300360827567479,0.029281244550998,0.0288938751581348
"2014-01-29",0.0103219096993867,0.00999939221673527,0.00969411072942668,0.00935239511949053,0.00905792050265739
"2014-01-30",0.000748353541847006,0.000700441002209382,0.000600018111891603,0.000576924641444095,0.000551759978059666
"2014-01-31",2.28021048450629e-05,1.94587082639882e-05,2.37033758304589e-05,2.09026569399222e-05,2.60589716951544e-05
"2014-02-03",0.00192758173023488,0.0018890894776025,0.00173562107006885,0.00165906629770331,0.00164443525768425
"2014-02-04",0.00091548570255808,0.000898951777638654,0.00102769062715382,0.00105347798549899,0.00103180358560337
"2014-02-05",0.000417824445918718,0.000453766054204226,0.000433294552081299,0.000466706367311496,0.000418424128953776
"2014-02-06",0.0024634183534965,0.00242774039326644,0.00244101823648693,0.00237541664321844,0.00224295692410523
"2014-02-07",0.00599711265414638,0.00602183130000959,0.00594749228767057,0.00607484682657772,0.00603346897360733
"2014-02-10",0.000576936306645144,0.000550760800156116,0.000514664459657509,0.000523567073766645,0.000490011725437476
"2014-02-11",0.00584760177124463,0.0058216342161627,0.00551489417812253,0.00533060694338881,0.00532994460632493
"2014-02-12",0.000884281976033592,0.000826515506821303,0.000829226959611436,0.000752171797883994,0.000561846387301821
"2014-02-13",0.00500249315182939,0.00503707222637386,0.0049001531317527,0.00482113200220489,0.00473884504619041
"2014-02-14",0.0030674533392919,0.00320772512745605,0.00313812142786059,0.00301911508976598,0.003044078301483
"2014-02-18",0.00340590583049948,0.00344969479924022,0.00344263330308744,0.00269860387451418,0.00284442206556393
"2014-02-19",0.00103048636808609,0.00102545708265542,0.00103212938232809,0.000723274856559643,0.0007863533610671
"2014-02-20",0.00196787786431866,0.0019980365740124,0.00182885082563646,0.00183078864297703,0.00179253526909085
"2014-02-21",0.00654155347912856,0.00643266989219459,0.0060134535979852,0.00574560936354554,0.00566243664631997
"2014-02-24",0.00137448982092072,0.00114802564951004,0.00096238662327739,0.000857097988638412,0.000867599028975823
"2014-02-25",0.00500958255323078,0.00471207431233925,0.00424173675525046,0.00408504948439409,0.00400664301906247
"2014-02-26",0.0172584650137974,0.0173201308347051,0.0161833783907326,0.0157142277778464,0.0155046636691597
"2014-02-27",0.0143940376587246,0.0138599488048379,0.0122496853270293,0.0117789479020672,0.0104243103900285
"2014-02-28",0.00598909413370407,0.00601917274574544,0.00554240247865489,0.0055244797083079,0.00476716310716013
"2014-03-03",0.000482429861580451,0.000410149094387195,0.000327048850456147,0.000250742530829223,0.000147714124282739
"2014-03-04",0.011464613085026,0.0110597936483243,0.0107313891750345,0.0101106713400962,0.00945313296526469
"2014-03-05",0.0072659339810748,0.00702289836488074,0.0067990983010179,0.00643604626689951,0.00593700103735331
"2014-03-06",0.00952100389271575,0.00919212928732332,0.00858879145494025,0.00824317226376322,0.00765953144432314
"2014-03-07",0.00518539688975459,0.00528597034636715,0.00521514910822177,0.0048036139753079,0.00467868005995305
"2014-03-10",0.00160991434336746,0.00158085219900562,0.00152285749427786,0.00139274761314597,0.00125016179773341
"2014-03-11",0.00432200259827922,0.00434398316076688,0.00413231632325663,0.0038792174803967,0.00376427667590749
"2014-03-12",0.00280037485654755,0.00282968735880191,0.00269466399780393,0.00263110701718604,0.00264661429662177
"2014-03-13",0.00150879919074873,0.00154700918022269,0.00163881208176212,0.00161736543473402,0.00156990108516941
"2014-03-14",0.00031991349272783,0.00033145492547427,0.000313162062854375,0.000335001769446615,0.000321745317195417
"2014-03-17",0.00264053630597673,0.00272242446383427,0.00274235165968421,0.00269228310388118,0.0027323678049888
"2014-03-18",0.00207193990196301,0.00211911696616466,0.00195824902539254,0.00203715116770322,0.00210118137085234
"2014-03-19",0.00342005310002856,0.0034104003257254,0.00329583263542682,0.00325782624965957,0.00341564098924477
"2014-03-20",0.00475273522798162,0.00470443197750127,0.00485812662847173,0.00468389814546422,0.00475329742253898
"2014-03-21",0.00211419690105377,0.00215918709678605,0.00222958728108907,0.00221691418175398,0.00234638681752877
"2014-03-24",0.000851701230829318,0.000909484246665659,0.000946885339305915,0.000907956936986599,0.0009713368282244
"2014-03-25",0.00399559354234448,0.00397293531681148,0.00415210206028764,0.00411207105764457,0.00410435984597878
"2014-03-26",0.0039261297823984,0.00392699802677108,0.00405064738444457,0.00385037837613353,0.00387583003892412
"2014-03-27",0.00131158661911257,0.00131769034300854,0.00132179841060676,0.0013370188183747,0.00142349573497061
"2014-03-28",0.00901052338577743,0.00890946292711098,0.00856621490894198,0.00846731704723372,0.00889725798651858
"2014-03-31",0.00993482951832336,0.00967862017149318,0.00946256213051888,0.00939054124046041,0.00937621927100147
"2014-04-01",0.00587557721118286,0.0058880445184364,0.00598917338490125,0.0061240253108235,0.0063523019588964
"2014-04-02",0.00481033927874262,0.00473693580239752,0.00482567246383182,0.00512132788491189,0.00527597692285088
"2014-04-03",0.00407550390938232,0.00409472691127284,0.0039782097591628,0.00440940522459018,0.00439563068946957
"2014-04-04",0.00116658230918163,0.0011954962442684,0.000893160191017377,0.000920846208739744,0.00090417446777858
"2014-04-07",0.000297630851403792,0.000304453427617452,0.000248554976707523,0.000254430428971656,0.000192419723551137
"2014-04-08",0.000325897233556341,0.000323003859853534,0.000320005491390446,0.00034938589083592,0.000302491413315158
"2014-04-09",0.00187102894463106,0.00184966167864261,0.00177217047751607,0.00182142026001235,0.00188628394381747
"2014-04-10",0.00119112052148736,0.00115904273866906,0.00106772176776923,0.00108167335242387,0.00110196138733739
"2014-04-11",0.000255158465015697,0.000239625572479634,0.000170873244026183,0.000154993331997821,0.000146151035246438
"2014-04-14",0.00065644694519368,0.000653466696975971,0.000573554936671927,0.000582928183177439,0.000564821802047185
"2014-04-15",4.54503642112103e-06,5.90224505983532e-06,3.60035239859585e-06,9.4094392466602e-06,1.53704221899547e-05
"2014-04-16",0.00114757145171048,0.00113492029917168,0.00103852777979261,0.00104549508660498,0.00104143675191613
"2014-04-17",0.00434584385749651,0.00434917726386809,0.00440930685591674,0.00438858015859324,0.00424805349923298
"2014-04-21",0.00313011860481936,0.00310074067867019,0.00275181661893358,0.00258777373338911,0.00262745850335806
"2014-04-22",0.00846274105741909,0.00848949906093261,0.0077703191480783,0.00763656794183794,0.00749006741558825
"2014-04-23",0.00410696003875973,0.00406913612874489,0.0037360211701953,0.00382433567032676,0.00376240015941959
"2014-04-24",0.000508253038574283,0.000515918117654152,0.000351297871060275,0.000338136785219628,0.000336252961418769
"2014-04-25",0.00460093012243081,0.00450842606048881,0.00395187686889001,0.0039373425501788,0.00391067064918765
"2014-04-28",0.00320368180010938,0.00318371725363262,0.00344540689164468,0.00355933940604553,0.00353485344056034
"2014-04-29",9.17736964736767e-05,9.3840057285257e-05,0.000139787830882468,0.000155045518049124,0.000119626674785358
"2014-04-30",0.000544318304463577,0.000537024216666785,0.000603865721535072,0.000614973169614874,0.000579561539152173
"2014-05-01",6.05803533295417e-06,4.38682189788386e-06,7.18754445172193e-06,5.27381925836368e-06,3.6378886594968e-06
"2014-05-02",0.00066000846291573,0.000701308335257863,0.000639882395268129,0.000681811881665899,0.000689729850644596
"2014-05-05",0.000809637617374977,0.000773633831792527,0.000662340345964154,0.000670244510690814,0.000665179783391074
"2014-05-06",0.00138116809307493,0.00135863809065659,0.00115814830875254,0.00115698635438339,0.00114917845654167
"2014-05-07",1.47575117804543e-05,1.96956806452291e-05,1.06146109176588e-06,3.3247472227152e-08,7.80807958003744e-09
"2014-05-08",0.000954745563348894,0.000941577121621165,0.000837721653750778,0.000818214001535534,0.000794853250964928
"2014-05-09",0.00215838945297882,0.0021040812875776,0.00193322017781168,0.00190013927878818,0.00185994190863553
"2014-05-12",0.00522387738412742,0.00513573529050058,0.00465348662597719,0.00445248164331781,0.0045126152232585
"2014-05-13",0.00314285618895874,0.0030850421103158,0.00278700205819365,0.00269073179931598,0.00275211080082518
"2014-05-14",0.00443768067230361,0.00428146070216733,0.0039527228641107,0.00376824348231759,0.00371561912183702
"2014-05-15",0.00117573592456591,0.00113036512287233,0.000972738427711117,0.000923611604383515,0.00100169854163951
"2014-05-16",0.00226379035233358,0.00208878677799423,0.00203839353301031,0.0018788653478573,0.00200977631579051
"2014-05-19",0.000492667172576722,0.00054551789043017,0.000495101735924113,0.000427571324580039,0.000471886679569762
"2014-05-20",0.000114952745494983,0.000131091314708631,0.000116639367742613,0.000113860783003644,0.000110623795361999
"2014-05-21",0.00195150857463269,0.00198474490384009,0.00176331811748913,0.00176323543136009,0.00173559969280822
"2014-05-22",0.00495465492738826,0.00492894666907689,0.00468302396151728,0.00478035681091406,0.00478609429320845
"2014-05-23",0.00605698422176314,0.00605902656441204,0.0059731695322933,0.00593607508303298,0.00601517644514017
"2014-05-27",0.00878949651609912,0.00869629828706281,0.00851736352533615,0.00856390846682121,0.0085843049320516
"2014-05-28",0.00545871688908032,0.00542596421440503,0.00529874335817276,0.00534965364381208,0.00547508507295137
"2014-05-29",0.00672174541304109,0.00670477757024223,0.00657966981445413,0.00661312248153383,0.00683913397241648
"2014-05-30",0.000931296655808888,0.000914921701215217,0.000902566187980476,0.000907776286182565,0.000958480131081229
"2014-06-02",0.000371109212252646,0.000360329915883164,0.000366375670398179,0.000361806765736768,0.000309899487215833
"2014-06-03",0.000514384011799465,0.000539472142787559,0.000526014645650619,0.000538810913280924,0.00054299900202793
"2014-06-04",0.00143826845498558,0.00148791283486147,0.00157895560559813,0.00159383703456543,0.00152068689254761
"2014-06-05",0.00313586348018571,0.00312450998073458,0.00313398269770222,0.00311168277485449,0.00310689263117925
"2014-06-06",0.00209013660994716,0.00212466465846622,0.00214310505130045,0.0021129149039284,0.00211814242572017
"2014-06-09",0.000410942456870114,0.000413774163511835,0.000418524464140547,0.000417718851099877,0.000399496099485018
"2014-06-10",0.000270778551389653,0.000231063743754778,0.000232348242781477,0.000212689540980107,0.000197224796352059
"2014-06-11",0.000381385331287377,0.000433763756436427,0.000470656196752497,0.00049971617598524,0.000565276273186886
"2014-06-12",0.000358618563930362,0.000351646567507745,0.000321192517071149,0.000294536487135349,0.000267649181562697
"2014-06-13",0.000247328716126826,0.000252182706481993,0.000247978789421482,0.000241660918361558,0.000228392722439026
"2014-06-16",2.22023069612776e-06,1.21969028919479e-06,1.83358202745951e-06,2.14663660209597e-06,7.88917369069163e-07
"2014-06-17",0.000387781459733647,0.000430616357245482,0.000418870307630604,0.000426528860325657,0.000441961610424537
"2014-06-18",0.000400309568771843,0.000409306261891759,0.000417362349972076,0.000436210460362711,0.000425084955481874
"2014-06-19",8.58587471509252e-05,9.58600721728924e-05,0.000106017467650028,0.00012007957861812,0.000121984050318895
"2014-06-20",0.000300028443966919,0.000322282645269278,0.000328836103030315,0.000369958914326845,0.000378509038385398
"2014-06-23",3.17994586130003e-05,2.17655749380496e-05,1.61930079393695e-05,8.17614923141049e-06,6.55064490231295e-06
"2014-06-24",3.53798537813255e-05,2.09012531862975e-05,1.48614057847689e-05,1.69777509030885e-05,1.07775761771205e-05
"2014-06-25",0.000258851511975771,0.000244621221541273,0.000201097087856017,0.000184578912742653,0.000169260735041583
"2014-06-26",0.000223185569498891,0.00018744696663939,0.000164572202677757,0.000150061476214791,0.000136321395764863
"2014-06-27",0.00052432243921398,0.000591259567625204,0.000715183813982054,0.000757493494164052,0.000794406702871993
"2014-06-30",0.00172596754898427,0.00185336281843096,0.00195957573524254,0.00204650451413532,0.00219229212086435
"2014-07-01",0.00135481718509823,0.00142211518946498,0.00162660374917019,0.0017196378827031,0.00190008446397856
"2014-07-02",0.0019720651722601,0.00203449170249866,0.00215396238030397,0.00231178140063095,0.00242339871593857
"2014-07-03",0.00010370586143702,0.000111209117649807,0.000126017656501303,0.000132284556503127,0.000149300935082245
"2014-07-07",0.000302086324767078,0.00035428244224607,0.000373699407745241,0.00037832230126777,0.000438054399539996
"2014-07-08",1.0519359561616e-05,4.86089253716281e-06,3.71777452922577e-09,5.64552481633185e-08,2.55059469086489e-06
"2014-07-09",0.000630601947192821,0.00069851767662539,0.00070938463222442,0.000767068821535568,0.000823575027435797
"2014-07-10",0.000179053279923735,0.000168052148361124,0.000187020736563691,0.000201625268974877,0.000218041310125029
"2014-07-11",0.00294074614856539,0.00299324233159434,0.00312726494331635,0.00317422453624445,0.00324622941010477
"2014-07-14",0.00694116950518413,0.0070117688709098,0.00721733418981456,0.00722869890829045,0.00732435954891045
"2014-07-15",0.00201927114736981,0.00206793041761532,0.00223854843997777,0.00224481496055524,0.00225011878319374
"2014-07-16",0.00103403112038935,0.00106008198240984,0.00123145793502203,0.00127235565319187,0.00129729726760699
"2014-07-17",0.000378677126205443,0.000371389601743224,0.000318534944930071,0.000312299313564049,0.000306846679841629
"2014-07-18",0.000662569103243724,0.000727056779100041,0.000812070286777098,0.000826701677005091,0.000859820658223264
"2014-07-21",0.00206067192625425,0.00221280661280981,0.00224808226265009,0.0022586233601234,0.00230545070423072
"2014-07-22",0.00320226355852956,0.00334493005131699,0.0034887902735928,0.00346094380743617,0.00352008547060591
"2014-07-23",0.000168840313617193,0.000154026777172645,0.000142140711651392,0.000138574610240516,0.000126230810596053
"2014-07-24",0.00040471788970853,0.000421939162624262,0.00045758144118145,0.000477699095039155,0.000419872417326374
"2014-07-25",0.00185212437425175,0.00191049725004907,0.00190928397401555,0.00185859863869847,0.00182310774459938
"2014-07-28",0.000417620999695607,0.000430534219913835,0.000462826998603578,0.000481295185935516,0.000510319932940151
"2014-07-29",0.00145725916035433,0.00153414307743509,0.00169607575892296,0.00168494200175148,0.00151196847838931
"2014-07-30",0.000114316398874399,0.000107436244635216,0.000166960603605298,0.000155160444321295,0.000179951254372698
"2014-07-31",0.00118798782858451,0.00111385098704267,0.000985097849258042,0.000956969644570576,0.000900082594821235
"2014-08-01",0.00144327061747515,0.00133006243105898,0.00130172506910377,0.00126679587815216,0.00120178098852424
"2014-08-04",0.000499420496716661,0.000575991779150332,0.000597210327072829,0.000624089796681229,0.000662709372473868
"2014-08-05",2.10776784081349e-05,1.97939868907143e-05,1.8159276165443e-05,1.37511571318182e-05,6.59274640587057e-06
"2014-08-06",0.00210740020601736,0.00218699997999359,0.00214074592080397,0.00214129940026927,0.00207594402265971
"2014-08-07",0.000674176111523309,0.000725032228733323,0.00073533457000178,0.000691695636746125,0.000680514490488188
"2014-08-08",1.69495117166147e-06,5.36932235244202e-06,3.19734155574185e-06,4.17918139236876e-06,2.4621200173007e-06
"2014-08-11",0.00175765176752965,0.00189517244165852,0.00191930868539647,0.00193453631750424,0.00189713957089019
"2014-08-12",0.000996940971671863,0.000992994145539254,0.000939766212232577,0.000950551739263928,0.000968663166143338
"2014-08-13",0.00430163162407717,0.00442956364062772,0.00442142760075002,0.00442853998577285,0.00439558896729901
"2014-08-14",0.00908346222807837,0.00917054103454042,0.00912251471397071,0.00908783105990348,0.00899645693063163
"2014-08-15",0.00217710797423341,0.00195149679238637,0.00199855119989972,0.00203912777307413,0.00216134271810926
"2014-08-18",0.00463538164636309,0.00466361744107547,0.00477379961170633,0.0048076667975357,0.00485148193665001
"2014-08-19",0.00165015927627154,0.0016776415054666,0.00180702380650815,0.00182853882122491,0.00182380692342902
"2014-08-20",0.00444117083269638,0.00460550646810016,0.00467671398017634,0.00472243791330992,0.00450471953332365
"2014-08-21",0.00827047114127833,0.00851174435747503,0.00884261379798399,0.00887875006825203,0.00887782544797807
"2014-08-22",0.00497041271709384,0.00527902724306631,0.00544087505534226,0.0053900963429494,0.00533135246514774
"2014-08-25",0.00715236802403289,0.00713623299030963,0.00744370387480414,0.00741845944539126,0.00714319480759371
"2014-08-26",0.00703715031708745,0.00697937060142151,0.0071493664559622,0.00711315183481057,0.00717530651816033
"2014-08-27",0.00540675978337401,0.00535116085470598,0.0048781105781335,0.00479249329644685,0.00482949742473036
"2014-08-28",0.0106208667037762,0.0103092561997119,0.00987432632712375,0.00984414144236873,0.00965013823064977
"2014-08-29",0.0218560412072456,0.0211662411783647,0.0206690350962209,0.020538753198677,0.0205287534270965
"2014-09-02",0.00533892261448126,0.00572950380840983,0.00538378556874742,0.00538465088070567,0.00525330682497853
"2014-09-03",0.00939085555135498,0.00992687796795944,0.0101721125319083,0.0101225734242812,0.0102272392918453
"2014-09-04",0.000431016565257986,0.000512744101109989,0.000556831013900176,0.000538068532194104,0.000557302432165536
"2014-09-05",0.000888613670407213,0.000820330630762909,0.000732619464595052,0.000753476816867619,0.000721296669716916
"2014-09-08",0.0044908612098029,0.00449667615657815,0.00445215621182401,0.00447683092772912,0.00445168894332647
"2014-09-09",0.103934487068206,0.10329621265491,0.103130838626018,0.10292391189612,0.102138405617588
"2014-09-10",0.0171313279715449,0.0171215495029544,0.0169675895884648,0.0167987190591385,0.0167122232908021
"2014-09-11",0.00027324491428566,0.00025164930493734,0.000234748136637465,0.000227874543089056,0.000199798764940847
"2014-09-12",0.000603345666987755,0.000520897133031473,0.000622398453432085,0.000584510360595088,0.000597027963504346
"2014-09-15",0.0011958554734075,0.00123617072976962,0.00133857058825448,0.00131105327486059,0.00129982386785583
"2014-09-16",0.0050480429130085,0.00476771947846615,0.00473546913821227,0.00465753048871918,0.00455413096457894
"2014-09-17",0.0014782149018111,0.00137091605322243,0.00130704190547745,0.00126895259573263,0.00114701746920309
"2014-09-18",0.000634164686984314,0.000661512345871021,0.000686856231094192,0.000712752711152212,0.00078941717097348
"2014-09-19",2.50743616082511e-06,1.11812252270381e-07,3.12239445759679e-06,5.15050981537794e-06,1.02396378608948e-05
"2014-09-22",0.00119488935648652,0.00118729422875822,0.00109665248970721,0.00108452089379206,0.00103845131073354
"2014-09-23",0.00075392065683007,0.000629525143953594,0.000597204212393991,0.000598306181859354,0.000508108670591507
"2014-09-24",0.00248782314055201,0.00221069839092169,0.00216009566722128,0.00215908476008008,0.0020198545537793
"2014-09-25",0.0114558083843519,0.0109179439436459,0.0108567277941082,0.010785358587853,0.0105492297388715
"2014-09-26",0.00027310337971686,0.000204096312547348,0.00020433167762441,0.000205832513658373,0.000190832048333852
"2014-09-29",0.0040792027939533,0.00393009653610758,0.00390897834524917,0.00385792167105813,0.00383841108225623
"2014-09-30",0.00138965349086636,0.00136916091318797,0.00131611243003097,0.00128433364415723,0.00128533313666326
"2014-10-01",0.00110908609460053,0.00139384721441802,0.0015278889284702,0.00159409210828168,0.00164979438855715
"2014-10-02",4.41850652237177e-06,3.18866822491499e-05,4.07400033592715e-05,4.41004232807379e-05,5.4533143244066e-05
"2014-10-03",0.00113810758792115,0.00119281814369717,0.00116391920872127,0.00119220609412964,0.00123040024250325
"2014-10-06",4.88463160022654e-07,6.82857416793118e-06,6.2410352576404e-06,7.64806123716245e-06,5.35701227220838e-06
"2014-10-07",0.00971204986591991,0.0102815236537157,0.0105367033793888,0.0105456861822233,0.0107406542480084
"2014-10-08",0.00455437465869816,0.00492990024207722,0.00499727687194279,0.0049824160907642,0.00512733049468577
"2014-10-09",0.000222313243246949,0.000181936439516686,0.000175641178787301,0.000175253274089803,0.000150570809142828
"2014-10-10",0.00180714813491713,0.00169170285109339,0.00166300065595923,0.00170812887733133,0.00161330236262508
"2014-10-13",0.00146698334447998,0.00140342754666536,0.00137246109715143,0.00132633109940787,0.00129635133321027
"2014-10-14",0.00168077602635456,0.00162951286682928,0.00156471021456449,0.00156721961380144,0.00153069700962219
"2014-10-15",0.0379185056896282,0.0381998423552902,0.0383847455775844,0.0385958540423354,0.0384096880354555
"2014-10-16",0.0278564454863282,0.0272471414230315,0.027088426413972,0.0271144829316701,0.026934409403366
"2014-10-17",0.000144819895271363,9.7650018999438e-05,9.63053104147537e-05,9.69055409801262e-05,8.57789272466092e-05
"2014-10-20",0.000987483482967971,0.00103187857477406,0.00102950349472469,0.0010820466992405,0.00113111399994757
"2014-10-21",7.64158936635645e-07,1.58761435597367e-06,2.06011274827602e-06,5.80360985210282e-07,1.25072491630647e-06
"2014-10-22",0.00193618203818874,0.00209857056095084,0.00208938175304336,0.0021024742359644,0.00212592536286654
"2014-10-23",0.0113253591947433,0.011447695873008,0.0111856892161938,0.0111248540968691,0.01125619398659
"2014-10-24",0.00847617455303088,0.00857837131799633,0.00844377453300358,0.008355632130644,0.00843568531092493
"2014-10-27",0.00832186991985318,0.00834564645339572,0.0084095501345698,0.00843470117225097,0.00844859499539218
"2014-10-28",0.0100954302674973,0.0098304727652434,0.00967995500402584,0.00971060179028985,0.0097189370738418
"2014-10-29",0.00275607850962165,0.00241191507848675,0.0023611111538331,0.00238272546438834,0.00236996415457511
"2014-10-30",0.00710476913154314,0.00674953898672049,0.00665908770116612,0.00653559580047673,0.00655039989880302
"2014-10-31",0.00806305410131736,0.00787709334966756,0.00796847985143933,0.0079090176235925,0.00794443393885962
"2014-11-03",0.00659009728895343,0.00638096522961371,0.00655769299585785,0.00653619917211004,0.00655113854665601
"2014-11-04",0.00718983714897224,0.00666122117652682,0.00672259019158171,0.00674654866963985,0.00673102845455149
"2014-11-05",0.00648019742984167,0.00582200599340034,0.00581898308709195,0.00579370222253131,0.00576275262734764
"2014-11-06",0.0169240177469731,0.0153796388952927,0.0152183287132421,0.0149916176648727,0.0148920832888115
"2014-11-07",0.023366376333478,0.0212250226860721,0.0205871578801492,0.0202494666983266,0.020123064559449
"2014-11-10",0.03328072014181,0.0307480799377568,0.0302775895842101,0.0300682526962734,0.0298943446309193
"2014-11-11",0.0299683656209775,0.026967502379864,0.0262846088118291,0.0264156686954109,0.0261822059891998
"2014-11-12",0.0488029403892793,0.0415141964453958,0.0403876343771962,0.0386631870170355,0.0384739679349165
"2014-11-13",0.036037875137193,0.0304641424033185,0.0296093629057583,0.0285960750309377,0.02839783279934
"2014-11-14",0.0218050592563329,0.018799944569222,0.0180168767804279,0.0177448670795092,0.0177412986818758
"2014-11-17",0.00568490277997247,0.00468226838470674,0.00444548045037833,0.00441295599570319,0.00443578068418389
"2014-11-18",0.0159167389689914,0.0155824124415886,0.0143834539087568,0.0145066711336125,0.0145361401179386
"2014-11-19",0.00278717330014143,0.00248156685572905,0.00228933744419325,0.00233623919089838,0.00224487367043683
"2014-11-20",0.00543351823008213,0.00496961737359837,0.00489069079700292,0.00493246846058524,0.00487926216581822
"2014-11-21",0.000257720625237318,0.000187672140286496,0.000174222570387766,0.000180666576017239,0.000185306754971265
"2014-11-24",0.00375882070067346,0.00346692756593167,0.00344936792419545,0.00349840801488029,0.00352471977504265
"2014-11-25",1.85296095461137e-05,1.56756840787107e-05,3.09160928453166e-05,2.78272907923192e-05,2.5434804580107e-05
"2014-11-26",0.00496967603891628,0.00459917940303047,0.00447832379799437,0.0044885805542525,0.00448295924917977
"2014-11-28",1.76415592748328e-06,5.92065705103833e-07,9.33588936877143e-07,1.48820814418257e-06,1.22554723809607e-06
"2014-12-01",0.111298912721428,0.111119215451986,0.111248471075879,0.111169805982248,0.111140110804243
"2014-12-02",0.00452811834054613,0.00457811220195211,0.00459845432595533,0.00459830179892874,0.00460050053688847
"2014-12-03",0.000115579955612191,0.000114796555357823,0.000114113046086483,0.000111630952192013,0.000112194951256966
"2014-12-04",0.000172935901773387,0.000207648585902249,0.000211170382113752,0.000213543485937197,0.000214455112206365
"2014-12-05",2.6611628729472e-05,2.26658535564496e-05,2.12352712478734e-05,2.01538119495997e-05,1.86010613575158e-05
"2014-12-08",0.00790962323514445,0.00763456664092521,0.00768179879280136,0.00764820691006211,0.00762353327973271
"2014-12-09",0.0146449237314418,0.013929739642754,0.013836262640583,0.0137996971309615,0.0137494342913521
"2014-12-10",0.0129515869297614,0.0124364485859613,0.0124128138932603,0.0123781093592605,0.0123537476690594
"2014-12-11",0.00307785173358071,0.00293952349004825,0.00292064481110367,0.00287636885001117,0.0028493531559648
"2014-12-12",0.00385191783999881,0.00377124922687597,0.00375622140162075,0.00373645007847177,0.00373842610347018
"2014-12-15",0.0389186779681913,0.0378229343268189,0.0381339445172592,0.0379011598075738,0.0380461483921543
"2014-12-16",0.027360945126814,0.0264275024804037,0.026688595882695,0.0265780542177563,0.0265942990370618
"2014-12-17",0.0191133188097697,0.0184735786772183,0.0184392046673928,0.0182116569447924,0.018277578874083
"2014-12-18",9.179277164719e-06,8.37556699482162e-08,3.201458158403e-08,2.72012551158573e-08,9.94814752925976e-08
"2014-12-19",0.000280106552950927,0.000197761453724799,0.000200993216872681,0.000192483251897014,0.000193879876519366
"2014-12-22",0.00177071985348251,0.00200599068405372,0.00196133895644561,0.00205050139984338,0.00205679278767961
"2014-12-23",0.00142291608161641,0.00157857414167382,0.00158521934455492,0.00165870352265831,0.00166515351064689
"2014-12-24",0.00274676835335073,0.0030104566380536,0.00296765780180047,0.00304537098498243,0.0030611714539072
"2014-12-26",0.00335768531055913,0.00351698698356146,0.00359604359027989,0.00364956895965892,0.00366830983505232
"2014-12-29",0.00379120075288489,0.00421950283202726,0.00421153093031272,0.00421989737568895,0.00419277870940525
"2014-12-30",0.0201966597538218,0.0213343470748679,0.0212396854698867,0.0211235200116911,0.0211066169112512
"2014-12-31",0.00608256181101929,0.00661835350547476,0.00660531616862432,0.00660472993895378,0.00659842204670443
"2015-01-02",0.0018375193766315,0.00154419639388898,0.00151684202111032,0.00154407047934046,0.00154131612992262
"2015-01-05",0.00291126478239653,0.0028319619854556,0.00280480533307425,0.00279042001288981,0.00278313008948196
"2015-01-06",0.0100945118859069,0.00944362240231685,0.00921298415797868,0.00914745964604591,0.00914769946820062
"2015-01-07",3.1883953749361e-05,1.94305417604525e-05,2.01264890858643e-05,1.51427055886035e-05,1.47484454259362e-05
"2015-01-08",0.00519634885751238,0.00506839529222785,0.00501446322860906,0.00502355074460804,0.0050235851609386
"2015-01-09",0.000237021221012699,0.000164166132531625,0.000144775307697346,0.000132619437531797,0.000129380136568786
"2015-01-12",0.000165028505840647,0.000202636456825835,0.000239896639454974,0.000244918161296813,0.000246671584426268
"2015-01-13",0.00048826654016421,0.000716968256674517,0.000814092091361137,0.000831473782934609,0.00083443725918015
"2015-01-14",0.000462897206787791,0.00018856362884505,0.000142432942537161,0.000122596993673596,0.000123315664089247
"2015-01-15",0.000832988236584571,0.000355457214450105,0.000293054522651601,0.000264162243910082,0.00026420359917105
"2015-01-16",0.00458596778935077,0.00322712301248167,0.00304745241336483,0.00290851854156575,0.00290130037207614
"2015-01-20",1.52097697690381e-07,1.81210452190596e-05,2.53225856281946e-05,2.85822475931665e-05,2.92732710178847e-05
"2015-01-21",0.000210772306777695,0.000199438276096723,0.00016618405885173,0.00015244681122194,0.000143777789017262
"2015-01-22",3.88013248102538e-05,2.08221862843036e-05,4.39790509887866e-05,3.54370897565643e-05,3.67414768609887e-05
"2015-01-23",1.48422846098647e-06,1.22177962061473e-05,4.09729929001453e-07,1.85860265664173e-06,1.61096439865496e-06
"2015-01-26",0.000185484055201074,0.000272414577188114,0.000189718337308497,0.000199383468182747,0.000197996261618012
"2015-01-27",0.00729025816657148,0.00654892796046903,0.00669410407240507,0.00639562318267256,0.00640856728105106
"2015-01-28",0.0166958453434964,0.0157413935502176,0.0157711716130308,0.0154937377999578,0.0154763931628551
"2015-01-29",0.00268069611121665,0.00232326340768642,0.00237457362148612,0.00228945827296502,0.00229714411060013
"2015-01-30",0.00159370525548224,0.00148468048625547,0.00146038907891485,0.00143572123791806,0.00143589498187606
"2015-02-02",0.00112805606990457,0.00134004914936314,0.00140717278543126,0.00142400681045184,0.00141184332725265
"2015-02-03",0.00122697323263895,0.000981075424088134,0.000867245455224758,0.000801280818063932,0.000805461634004033
"2015-02-04",0.00626094059343637,0.00521829631556942,0.00500155716013054,0.00482248480454182,0.00484482434447691
"2015-02-05",0.0126090256256361,0.0112489663423896,0.010854938171614,0.0106660869264748,0.0107254392252175
"2015-02-06",0.00346336765923043,0.00357593995113503,0.00332265799093092,0.00328745530787476,0.00328935232810913
"2015-02-09",0.00834947599739658,0.00791255871724546,0.00773093591768965,0.00758595825600601,0.00760761264895755
"2015-02-10",0.0175532789012909,0.0165543179916321,0.0164413200444479,0.0158820058370451,0.0158545618908555
"2015-02-11",0.0201084772503572,0.01859254260321,0.0181970460734449,0.0178320293775518,0.0177847844632411
"2015-02-12",0.015167904798645,0.0131727288554423,0.0129529360315449,0.0125244431419536,0.0124927177876301
"2015-02-13",0.0214033709865648,0.0187775980391833,0.0184185024456892,0.0170960641939034,0.0170950593853673
"2015-02-17",0.012001635994121,0.0100520886169995,0.00986412238556355,0.00945931129635637,0.00949024464544615
"2015-02-18",0.021804106780738,0.0202880306585602,0.0201599063022433,0.0195617587306655,0.0195728323706177
"2015-02-19",0.0279462480683969,0.0254656249431207,0.025251952111737,0.0249040066667273,0.0248991385629037
"2015-02-20",0.0209243967809067,0.0186150485929745,0.0184042958703736,0.0174094109126689,0.0174859214936944
"2015-02-23",0.0113033360357911,0.00878497776931841,0.00888024514111312,0.00883932066550965,0.00888998194624427
"2015-02-24",0.00126359626874274,0.000887717717784907,0.000919983579320075,0.000937773079756237,0.00094238592960827
"2015-02-25",0.00095595024222042,0.0005534848238784,0.000554434730690528,0.000551064269329879,0.000548594978372128
"2015-02-26",0.000208949126719811,2.28857122772239e-05,6.85447084597339e-06,9.53446339598519e-06,6.41754201811804e-06
"2015-02-27",0.00435205075033427,0.00297887572565505,0.00285812375671699,0.00293162857072156,0.00290884920023386
"2015-03-02",0.00810163425400315,0.00633226019993685,0.00623248478586755,0.00628137806173757,0.00627442343646735
"2015-03-03",0.0116481981039544,0.00954670946459713,0.00943802334426285,0.00943725025319422,0.0094508007260116
"2015-03-04",0.00949882867648376,0.00815917840525028,0.00810232933706802,0.00822175867684325,0.00822698970757778
"2015-03-05",0.00335275213298725,0.00264630185306148,0.00256259319973976,0.00268658628357707,0.0026908063574282
"2015-03-06",6.20111290649615e-05,3.78573354841113e-05,3.44349617989775e-05,4.03186047099659e-05,4.01410962792034e-05
"2015-03-09",0.00488026012785966,0.00513908007419328,0.005197972075871,0.00519085374696371,0.00518921929787872
"2015-03-10",0.00084193900428591,0.000955881183690038,0.000950324852451673,0.000928303809092244,0.00093183999942115
"2015-03-11",0.00247960906769804,0.00239361932404893,0.00238484868950189,0.00237725199584742,0.00238241137990661
"2015-03-12",0.000443663523082113,0.000507753080592648,0.000507807633342749,0.000525875972037088,0.000527494981252238
"2015-03-13",4.49725623788422e-05,0.000112728798524924,0.000115457177473432,4.98682796795596e-05,4.92400429294409e-05
"2015-03-16",0.00131384756385321,0.00167303605315738,0.00164596386627036,0.00138728600463281,0.00137859502165764
"2015-03-17",0.00296639055592181,0.00353263038728781,0.00350097919879777,0.00326824604423359,0.00327417037091483
"2015-03-18",0.000219086839844784,0.000170501725397085,0.00018475013464276,0.000223948472282853,0.000225019035411558
"2015-03-19",5.28132812696142e-06,2.04921537732266e-06,1.10475500545952e-06,1.11314071928676e-05,1.14139855350141e-05
"2015-03-20",0.000257080621369979,0.000202443646729019,0.000213268649968332,0.000207786179680784,0.000204779116267174
"2015-03-23",0.000685834042006659,0.000898420347105429,0.000931697729262354,0.00095665335402319,0.000957458944941552
"2015-03-24",0.00300273228889895,0.00362406532464565,0.00376182477909356,0.00370869351534988,0.00372263864377705
"2015-03-25",0.00381646120292013,0.00498313734659276,0.00492515347463777,0.00497866070893773,0.00498463688033129
"2015-03-26",0.00319335922835491,0.00446012275827221,0.00448684434194535,0.0044297733061288,0.00443084963417947
"2015-03-27",0.0072628372503083,0.00804419870201335,0.00803469897350106,0.00797843558051929,0.00799116650733159
"2015-03-30",0.00800334475563862,0.00822333978791705,0.00837787988002547,0.00836980062155391,0.00835516772787318
"2015-03-31",0.00490561881064282,0.00482905352293374,0.0050292343414901,0.00511715755368134,0.00515975548199131
"2015-04-01",1.27474245090864e-05,5.95511635797062e-07,4.75708455174984e-06,8.59653415450973e-06,9.7456683982133e-06
"2015-04-02",0.0072445791160314,0.00845841752019939,0.00874384003538259,0.00877476185589788,0.0088245764132697
"2015-04-06",0.00995258800456697,0.00972087375249253,0.0097414095177178,0.00978647373547408,0.00981811036933415
"2015-04-07",0.0237306652502779,0.0250614962921362,0.0252328992799234,0.0256700573976983,0.0255962771867901
"2015-04-08",0.00943385040815287,0.00926855683932578,0.00934438411948841,0.00959655767196239,0.00956643507679786
"2015-04-09",0.0127511667607685,0.0131187687539598,0.0131734876034576,0.0133135329946432,0.0132015576643385
"2015-04-10",0.0139673397354728,0.0142110757968554,0.0145341746304557,0.0144104773176268,0.0143150636324066
"2015-04-13",0.0133338345841534,0.0129022878825946,0.0130288414158341,0.0128812902755172,0.012849598350779
"2015-04-14",0.00892672385237933,0.00889068470053605,0.00888251461730833,0.00890387579164155,0.00886893032296542
"2015-04-15",0.00749683370524975,0.007406658610666,0.0075341945970378,0.00752076259649937,0.00750863097555682
"2015-04-16",0.0119238383216017,0.0106624444168484,0.0106952195420237,0.010498060414637,0.0105242741994476
"2015-04-17",0.0047812625193946,0.00442228503178468,0.004567428538704,0.0045826152022226,0.00455393596282914
"2015-04-20",0.00539595734117607,0.00446658384698325,0.00431269002633566,0.00450611365420213,0.00437123291429458
"2015-04-21",0.00537180636071627,0.00487823449109818,0.00482356879204557,0.00478301685236098,0.00468275947058784
"2015-04-22",0.00404513782784048,0.00408953129187697,0.00407886622642957,0.0040353258078202,0.00397520992486925
"2015-04-23",0.00694285034118706,0.00628339568916281,0.0061335177869298,0.0060746123051377,0.00603175990283383
"2015-04-24",0.0165941455705758,0.0152418330394245,0.0143881684211367,0.0142613449219852,0.0142576486549807
"2015-04-27",0.00356773554710837,0.00334280615030426,0.00319107033856907,0.00314159960246284,0.00312014919404833
"2015-04-28",0.0102203388635815,0.00993596766446349,0.0102897988060402,0.0102138848595253,0.0102731924902802
"2015-04-29",0.000370656937600672,0.000371872401070817,0.000331222595756645,0.000320362177620753,0.000325637267231459
"2015-04-30",0.000414848024179874,0.000232487066728942,0.000148498150192361,0.000171276191389124,0.000178079921138836
"2015-05-01",0.00170643417802247,0.00161388918534818,0.00145431921521418,0.00151315389888706,0.00150237203215568
"2015-05-04",0.000862053104286181,0.000970900253621956,0.000993438445043334,0.000968508680680355,0.000974665287832397
"2015-05-05",1.65837521600393e-05,1.82202286754904e-09,2.28990055320866e-07,8.87165435313358e-07,1.06850930770235e-06
"2015-05-06",0.000304443091685047,0.000302488947640245,0.00030034023760271,0.000307845349379193,0.000310865176504678
"2015-05-07",7.9640855917897e-05,6.7996931603435e-05,7.88959497873961e-05,7.69445578318427e-05,7.54842598026155e-05
"2015-05-08",0.00223527523300395,0.0026936981729692,0.00277080268136037,0.00286265948161644,0.00284792829010766
"2015-05-11",0.000385186577704832,0.000514082786602866,0.000622147202748616,0.000678585730876489,0.000679125212587664
"2015-05-12",3.94439123408474e-05,4.54487947457538e-05,4.95635488584181e-05,4.84981004268395e-05,4.6430225010331e-05
"2015-05-13",0.000176091202778601,0.000237359903090526,0.000256485428624448,0.000262514993890692,0.00025801856782015
"2015-05-14",0.0029290685762273,0.00326581977607721,0.00325720431234925,0.00310201359367738,0.00308112405348994
"2015-05-15",0.00286778781222251,0.00168554918854912,0.00172784923492163,0.00157329710293616,0.00151840322406311
"2015-05-18",0.000823973156513848,0.000759480668566823,0.000775802510703033,0.000688378427819538,0.000655513527946249
"2015-05-19",0.00152038723477439,0.00131331899774475,0.00139199116679175,0.00142991515517108,0.00139868914467746
"2015-05-20",0.00188634947009955,0.00166720449421864,0.0015266288022408,0.00162170038558169,0.0016565137066626
"2015-05-21",0.00333814696708533,0.00311100006641686,0.00310557771711747,0.00322280893095945,0.00323898623473523
"2015-05-22",0.00277637844122945,0.00275546172190127,0.00276741026094747,0.00282405877809271,0.00282166788186939
"2015-05-26",0.000687592657712921,0.000778556116735935,0.00070601890576115,0.000713821446859991,0.00069524000314325
"2015-05-27",0.0219333563883517,0.0198020112637896,0.0190412291806781,0.0202152279332246,0.0200132709789566
"2015-05-28",0.0183230501182183,0.016194148243165,0.0154110215436208,0.0157831668328541,0.0157177288462437
"2015-05-29",0.0129256314112031,0.0115972133039872,0.0110841867282916,0.0112451296829587,0.0112647274101621
"2015-06-01",0.007207510125284,0.00721078938342035,0.00697728246494489,0.00729307629162302,0.0072917991554445
"2015-06-02",0.00709165989654132,0.00800103429868964,0.00770902020571052,0.00799942855482321,0.00818073491021276
"2015-06-03",0.0133674495962334,0.0134930947497575,0.01311604978216,0.0134694699130761,0.0136061291346909
"2015-06-04",0.0126680134407818,0.0123635482188311,0.0121167787732483,0.0120566106506817,0.0121286215424716
"2015-06-05",0.0122114129051395,0.011571371753619,0.0117535678385612,0.0120191370601918,0.0122595113391144
"2015-06-08",0.0030889817661866,0.00372304283417098,0.00379329000161347,0.00384793778138351,0.00396100076923547
"2015-06-09",0.00228513171388678,0.00283436006551304,0.00286060053626579,0.00289465400330304,0.0029605039536516
"2015-06-10",0.00863305675902249,0.00849015600280229,0.00836177634628375,0.0083651615538175,0.00837190845581243
"2015-06-11",0.00637105214914026,0.00575312014853898,0.0058049653316368,0.00589483278021331,0.00584353792145635
"2015-06-12",0.00303857784490834,0.00302999030090133,0.00315639645023394,0.00322028077881846,0.00320161616224055
"2015-06-15",0.00132809439046185,0.00176326746652124,0.00187133375240051,0.00187843337302964,0.00185213520317695
"2015-06-16",0.00460781146095646,0.00632282911379449,0.00658745322340024,0.00639356028107939,0.00640465128839552
"2015-06-17",0.00238828544603311,0.00286038717144818,0.00302804823993707,0.0029288182997682,0.00290897975756418
"2015-06-18",0.00554178330601706,0.0059313971045023,0.00608221701353049,0.00601607116680938,0.00600434142152487
"2015-06-19",0.00446794527447188,0.00501585408785273,0.00501405986225547,0.0049993554028975,0.00497087167936514
"2015-06-22",0.00279110832120692,0.00344763252598147,0.00356800276007667,0.00356650888033365,0.00355323255957679
"2015-06-23",0.00820364388501398,0.00951286062842256,0.00940125675416361,0.00925459289757731,0.00925775856221774
"2015-06-24",0.000601562611451523,0.000920512230942912,0.000985892820731617,0.00093493758973793,0.000930821098619747
"2015-06-25",0.00126253115395837,0.00152859797866816,0.00161238632742878,0.00164403587271661,0.00165505106372874
"2015-06-26",0.00191006733160884,0.00191765760585276,0.00192069942715662,0.00200656570344078,0.00201860357578462
"2015-06-29",0.000196775849303494,0.000204189357594878,0.000190457960013392,0.000195732131811074,0.000194585634347634
"2015-06-30",3.33497704852251e-08,2.1902439027935e-06,9.71829045894572e-07,8.92200104981662e-07,8.65358346013378e-07
"2015-07-01",0.00121569884659552,0.00114692826795779,0.00128855484741479,0.00128675358395982,0.00128338936011377
"2015-07-02",0.00476016717936714,0.00426615314295889,0.00438595156782496,0.00438594757530035,0.00439195222789654
"2015-07-06",0.000863593777276163,0.000897866304118216,0.000893050859271984,0.000866558072100728,0.000878038207092054
"2015-07-07",0.000222218232572785,0.000322584176009066,0.000331232402016267,0.000371627721227489,0.000379810429950766
"2015-07-08",1.1577811037345e-06,2.83187338109824e-05,3.30529477681802e-05,4.03126040584935e-05,3.91097020926593e-05
"2015-07-09",0.00210364345882903,0.0019149765037916,0.00193323361034987,0.00191686723363344,0.00190883777953422
"2015-07-10",0.000188938353069753,0.000225726372617903,0.00023349373536857,0.00025888850555292,0.00026226363767654
"2015-07-13",0.00326888506190653,0.00327628406191781,0.00344758266063696,0.0034587352045501,0.00348858909764523
"2015-07-14",0.00464486784610857,0.00446348490915416,0.00441334309266994,0.00443878476858463,0.0044379118698121
"2015-07-15",0.00251060163925734,0.00277078992126289,0.0028209046013439,0.00276653451170203,0.00278655896433348
"2015-07-16",0.00487445384604895,0.00475175290772116,0.00477956217079341,0.00468934754171891,0.00470102301364229
"2015-07-17",0.00175083072885344,0.00156036979508931,0.00160525531988703,0.0016104808378214,0.00159851888370492
"2015-07-20",0.000526748841981678,0.000614264815211626,0.000641285663397982,0.000632482345898576,0.000624885883422136
"2015-07-21",0.000793957741614031,0.000620748670974,0.000620589621197608,0.000619783559781544,0.000629747088354128
"2015-07-22",0.0199122442440018,0.0186356897767707,0.0184783218908673,0.0184350543186242,0.0184314183581509
"2015-07-23",3.18834119314569e-06,9.63625974509927e-06,2.91660059844127e-05,2.62024024029327e-05,3.08830110418747e-05
"2015-07-24",0.000116027710843045,3.27844671320981e-05,1.89577291362646e-05,1.83329135227876e-05,1.79915712948894e-05
"2015-07-27",0.000140421749276817,5.56039818039931e-05,5.13619313369125e-05,4.32570082402747e-05,3.90737733995368e-05
"2015-07-28",0.00081640860729936,0.000756187013235338,0.000733079431542586,0.000751459710666614,0.000761384544002345
"2015-07-29",0.00073032628893981,0.000472063568713161,0.000422421796730608,0.000443617369404772,0.000450444458645644
"2015-07-30",0.00034437392821706,0.000259638599024211,0.000243806648792228,0.000235982951622531,0.000236383532843818
"2015-07-31",0.000116955272620409,8.19785747243559e-05,0.000114851266716383,0.000114652130704556,0.000106253684706528
"2015-08-03",0.00517093081669774,0.0052128015477453,0.0052683502289411,0.00517994473556142,0.00512586050604591
"2015-08-04",0.0266630739038725,0.0288271292093591,0.029114503270536,0.0289979713980501,0.0290593790053186
"2015-08-05",0.00528327299190287,0.00641465375674827,0.00660119940150338,0.00656030004143152,0.00657440368088265
"2015-08-06",0.000517742665601068,0.000399512702689304,0.000436566163201705,0.000453597114872943,0.000449320381313467
"2015-08-07",0.000109702694097024,8.49865395868948e-05,0.000102785405091385,0.000158898175986004,0.000147310918748229
"2015-08-10",1.15012180895913e-09,2.25267672524348e-05,2.67557863403381e-05,3.47368456147958e-05,2.81533000218686e-05
"2015-08-11",0.00910914765778349,0.00775225350629298,0.00750398947620026,0.00741116173088542,0.00750729765824019
"2015-08-12",0.0465461741144392,0.0440423941274355,0.044203831319686,0.0439042047857905,0.0441348272625604
"2015-08-13",0.00674625421252664,0.0067438593047843,0.0065784233337535,0.00619361824262129,0.00625171818485673
"2015-08-14",0.000768396174958941,0.0013373213947648,0.00131011885063102,0.000981001304804547,0.00102322978978435
"2015-08-17",0.000291956207367325,0.00047248463768102,0.000417828877316039,0.000321081268034362,0.000359991685014477
"2015-08-18",0.00098729010505009,0.000836126918881697,0.000906124228476229,0.00103788723144475,0.000991251486431204
"2015-08-19",0.00146148849322048,0.00194953507459849,0.00190129317705257,0.002242663954707,0.00221357182638893
"2015-08-20",0.000441970310230314,0.000164650787054285,0.000166771169696837,0.000319417685472898,0.00031368141037073
"2015-08-21",0.0485579992296359,0.048193662037197,0.050994657637709,0.0513427487928678,0.0514074774412711
"2015-08-24",0.679147675991066,0.684120875883545,0.689802957156762,0.691429659968923,0.691944885495488
"2015-08-25",0.0944055378509164,0.098313836903325,0.100499724643919,0.0992534285291087,0.0994647662371
"2015-08-26",0.0911521419882861,0.0950130570666607,0.0961923981123242,0.0958417484969541,0.096096579470397
"2015-08-27",0.025669735424137,0.0272973211680094,0.0282966003583056,0.0275505061231667,0.0276996383713483
"2015-08-28",0.00660297922279618,0.0063096003123443,0.00738645108742952,0.00705195905247194,0.00710724232752719
"2015-08-31",0.000131960537433634,0.000200839642099778,0.000280223409894723,0.000200703596620761,0.00021749551142067
"2015-09-01",0.0014140283645377,0.00125649197311708,0.00130370542288404,0.000917414179882304,0.000973561430286803
"2015-09-02",4.15097103939696e-05,0.000133664077645646,0.000173402121385649,0.000203671673180692,0.00018430141225917
"2015-09-03",0.000638056694807148,0.00055829543578133,0.000651742352739818,0.00054227680197729,0.000574437856565327
"2015-09-04",0.000210867431176821,0.000138218055290023,0.00032724099242116,0.00118694959062841,0.00124557759902776
"2015-09-08",0.000121751921670861,0.000314660320651982,0.000208105174302278,1.77305906258856e-05,1.39152211915297e-05
"2015-09-09",0.00286989291497552,0.00235600709297798,0.0027306218755755,0.00300657502099414,0.00311868063382965
"2015-09-10",0.00690350596519894,0.00558415158354085,0.00463180823009902,0.00461536226910333,0.00446133329919264
"2015-09-11",0.0106216070909153,0.0104200932368881,0.00977012724502378,0.00950384250955831,0.0095237046277471
"2015-09-14",0.000642107733519065,0.000913538005216339,0.000698523597989086,0.000810301042191961,0.00081951971882086
"2015-09-15",0.0037612214186201,0.00427171859311042,0.00410229146560918,0.00441666126604333,0.00446209044410919
"2015-09-16",0.00489669689773959,0.00514670406656792,0.00516588973475532,0.00534261422954487,0.00538294238119645
"2015-09-17",0.000749538200794554,0.000980209279349633,0.00113237426956796,0.00123464082420289,0.00122938107425986
"2015-09-18",0.000822281046203353,0.000505974305447073,0.000373371687355255,0.000320869252362075,0.00032478987686881
"2015-09-21",0.037169272246965,0.0259362225501556,0.0236471820306556,0.0235350413712267,0.0238630389707922
"2015-09-22",0.277832087304275,0.153207160391021,0.134441129854625,0.125916595572514,0.130906084298678
"2015-09-23",0.132793396278023,0.0842698683749713,0.0751450466800576,0.0722033558956087,0.0728765252541666
"2015-09-24",0.112213076224691,0.0690662930454361,0.059459645547134,0.056655687583272,0.0571159730168547
"2015-09-25",0.0473217976888298,0.0306156621881631,0.0264025702560713,0.0252665373306362,0.0254248013358374
"2015-09-28",0.0156042782170235,0.00954550296816467,0.00756355164720774,0.00756237497705869,0.00761042500723092
"2015-09-29",0.00313163837955071,0.0015156815145162,0.000955824960108414,0.000753057666923068,0.000768241464649721
"2015-09-30",0.0200081960585909,0.0123233228519945,0.0104051720623794,0.0099008672302632,0.00998420552454486
"2015-10-01",0.0088983925563016,0.00502423516515715,0.00402407432365945,0.00387151752064939,0.00389296787974943
"2015-10-02",0.0151581719971658,0.0113649674690469,0.0103157820959947,0.010159136201192,0.0101283741468163
"2015-10-05",0.0218986920583405,0.0191046167647428,0.018066691322317,0.0179440820367764,0.0178581216918197
"2015-10-06",0.0056967389036042,0.00629579024584118,0.00568154215494976,0.00548606895780177,0.00545908502704914
"2015-10-07",0.0266433882924918,0.024827744266668,0.0228556573935113,0.0228479823957939,0.0227427065679797
"2015-10-08",0.0138253428846529,0.0109825669672272,0.0106287158467233,0.0106641597449624,0.0106409511972416
"2015-10-09",0.00546307933470329,0.00385018421239109,0.00402289219253125,0.00423562030479881,0.00421840076682003
"2015-10-12",0.0198790072944743,0.0207576762072746,0.0225319944982588,0.022934058682434,0.0228277244647787
"2015-10-13",0.00815590804006482,0.00767309177442638,0.00812063184968582,0.0082096002856825,0.00812668201127414
"2015-10-14",0.00220440721121994,0.00186158461545071,0.00175011803591662,0.00195521645188354,0.00191000701665334
"2015-10-15",0.0228552593190916,0.0181562422403259,0.0174135075004738,0.0167182764580953,0.0165615238628088
"2015-10-16",0.0227639191940711,0.0190689975258067,0.0183458859771283,0.0179060136335097,0.0178218930782517
"2015-10-19",0.0113938138342225,0.0108679086251585,0.00948357141407122,0.00967246016560795,0.00965809028732684
"2015-10-20",0.00337722829990494,0.00278721085731215,0.00228594446020858,0.0024211172411006,0.00240288417284144
"2015-10-21",0.00238052795131831,0.00202139699103223,0.00186608253627938,0.0019327634866289,0.00191682257494714
"2015-10-22",0.00787641266352581,0.00549929731768028,0.00532439780993175,0.00541718986356833,0.00540010595620402
"2015-10-23",0.0100062360856432,0.00854976268725945,0.00740430592968446,0.00745895802387058,0.00745909001632293
"2015-10-26",0.010081940241334,0.00781287631404304,0.00589008452500294,0.00627869016414897,0.00628615189797647
"2015-10-27",0.0151834233838641,0.0130559318225517,0.0101419473523542,0.0104892152771039,0.0104898809499706
"2015-10-28",0.00446671358843978,0.0043443914540515,0.00310114439704517,0.00323762959894573,0.00323521963302464
"2015-10-29",0.0302872036699029,0.0253125259462663,0.0231814464435331,0.023227157164233,0.0231891567881588
"2015-10-30",0.0274106324895838,0.0219455948701177,0.0206166230023298,0.0205988802790568,0.0205894874245004
"2015-11-02",0.0228419484349819,0.0220837553019456,0.0209361208318543,0.0201332365899529,0.020081840075511
"2015-11-03",0.0165316690022809,0.0167987164404905,0.0155551958442467,0.0155524039403689,0.0155484627840599
"2015-11-04",0.0105048576420484,0.00920323537347785,0.007696450855905,0.00773807165993068,0.0077282224185896
"2015-11-05",0.0149875740314579,0.0143958726290538,0.0124899436165773,0.0129043024667361,0.0128813804719839
"2015-11-06",0.0110253361166768,0.0122213074014408,0.0109855654369477,0.011412960783988,0.0113820958334856
"2015-11-09",0.0020854728386715,0.00275426817971797,0.0024445107008784,0.002746936785564,0.0027421081423558
"2015-11-10",1.12324626845913e-05,2.94631570136064e-05,4.55613901469746e-06,2.48510589357832e-05,2.44615962042176e-05
"2015-11-11",0.000547540692513666,0.000457245027445942,0.000365188160095996,0.000404856817698027,0.000401654790910506
"2015-11-12",0.000565262220727582,0.000240168520897585,0.000235479709139403,0.000261206373836321,0.000253305949237253
"2015-11-13",1.31125363337388e-05,0.000662378398314903,0.000686097105593643,0.000486381475881141,0.000472613299277226
"2015-11-16",3.785701771842e-05,0.000192074413145635,0.000269320535360356,0.000140437029039581,0.000145775758678427
"2015-11-17",0.003607304470854,0.00359349400484151,0.00358120854853905,0.00418990338653672,0.00417000958624869
"2015-11-18",0.00334030075171783,0.00313079974634783,0.0026052302010443,0.00276921767172638,0.0028449251461913
"2015-11-19",0.00246730408843902,0.0018512327306204,0.00132255245186364,0.000914173702765978,0.000922356726987884
"2015-11-20",0.00896768438512008,0.00819592716851622,0.00754826345304377,0.00722996172502403,0.00727550250934502
"2015-11-23",0.0063676285418692,0.00702105888818763,0.00668110270512941,0.00647585479232269,0.00643867743577292
"2015-11-24",0.00454247682072893,0.00448679548132195,0.00454538034452834,0.00489666560095343,0.00487086251845228
"2015-11-25",0.0252236881592938,0.0248561300681371,0.0244941243302362,0.025100962616282,0.0251455786000988
"2015-11-27",0.00760336277942326,0.00766995407806237,0.00684493393633965,0.00700476571929998,0.0070014674064899
"2015-11-30",0.00355011178536968,0.00361361512148942,0.00363658025731655,0.00358226228202638,0.00358259884409556
"2015-12-01",0.00109535578627946,0.00131783544851273,0.00133003152470877,0.00140800771370692,0.0014027499607254
"2015-12-02",0.00158580940938561,0.00172839533768052,0.00183232207257421,0.00206474363119137,0.00206991636956143
"2015-12-03",0.000306706247176521,0.000430697183526805,0.000417876297988719,0.000471902462505632,0.000473567772751784
"2015-12-04",0.000459838567979857,0.000461409795501351,0.000452529708922471,0.000469164144217597,0.000467236846068179
"2015-12-07",0.000522834005725128,0.000584862952763252,0.000583015055984941,0.00054722195370258,0.000546196019787325
"2015-12-08",0.000385906347905496,0.000437458147060322,0.000476136761002326,0.000435512954648324,0.000437407444302149
"2015-12-09",0.00178823793346778,0.00217860828233948,0.00224448718848598,0.00257900875673054,0.00258169190434609
"2015-12-10",0.00352591734640284,0.0047225965811956,0.0052745866835926,0.00553547116994871,0.00552252139152539
"2015-12-11",0.000830515152953527,0.000849326695907794,0.00104398101864939,0.00107353066357126,0.0010740935545618
"2015-12-14",0.00102921030818038,0.000901842196360319,0.000978255359916757,0.00096760979213894,0.000925427578103589
"2015-12-15",0.00503023904349755,0.00414378635700458,0.00411522091353558,0.00391440410614436,0.003956845172751
"2015-12-16",0.000849236351088571,0.00124209796322664,0.0011326616535447,0.00123222130191787,0.00122770401998339
"2015-12-17",0.000539085493315491,0.00048992430139647,0.000531076636052997,0.000467764182280691,0.000461176788898221
"2015-12-18",0.000795484154649114,0.00047132565173737,0.000269504076364926,0.000307866572364467,0.000303316619178285
"2015-12-21",0.000413445570107988,0.00021173101837611,0.000145654894118878,0.000180316313127234,0.000181264834790948
"2015-12-22",0.000493974783473475,0.000656922217373588,0.000817375088852012,0.000881993077332615,0.000844168888901816
"2015-12-23",0.00480294553172533,0.00497580957723089,0.00583949757323724,0.00587342704564742,0.00585454052375774
"2015-12-24",0.000750871027183368,0.000773112823979022,0.0011433639678392,0.00118916179032948,0.00118043684990335
"2015-12-28",0.00213225096318234,0.00266270928542931,0.0028373355694374,0.00264914512107349,0.00261819887437964
"2015-12-29",0.00583109225896507,0.00642370324847288,0.0065758324303061,0.00678310766792634,0.00674963164800027
"2015-12-30",0.00281988788621687,0.0025507614181366,0.00264895531242194,0.00273616380565119,0.00275393325988308
"2015-12-31",0.00295734118507631,0.00364940590222515,0.00390388824439763,0.00412776300326633,0.00414747312503927
"2016-01-04",0.00183572454813085,0.00195112277673681,0.00197392689475386,0.00222304150537831,0.00221009428917927
"2016-01-05",0.002352225202217,0.00245723110354659,0.00236264186235754,0.0023709518402734,0.00238141825148315
"2016-01-06",0.00321951434540883,0.00318284480134223,0.00332062601455365,0.0033645473649827,0.00336526785927312
"2016-01-07",0.00536908457384245,0.00578763786880539,0.0058228051148264,0.00611925111706149,0.00611714687082628
"2016-01-08",0.00366200483004707,0.00433062527019406,0.00499039084977908,0.00546194279676523,0.00545297915937484
"2016-01-11",0.00222804022169834,0.00283905709625051,0.00285690259570884,0.00289611983709862,0.00287818340654112
"2016-01-12",0.000410874625843331,0.000880439055731343,0.00076228681351906,0.000872038166473563,0.000866554188172832
"2016-01-13",0.00124230957942871,0.00280452330271599,0.00295723697462916,0.00323413757257023,0.00324858377105318
"2016-01-14",0.00882961826585362,0.0104261545785988,0.0103193864875166,0.010516797973181,0.0105377001472054
"2016-01-15",0.00600098533761269,0.0092075348006202,0.00881617690113427,0.00926234150160994,0.00936682402458702
"2016-01-19",0.000487092312109934,0.0011738945768654,0.00115103356898845,0.00117368765291835,0.00118637793091748
"2016-01-20",0.00880127796309345,0.0117809435716243,0.0112152666543478,0.0115744510800629,0.0114109129084251
"2016-01-21",0.00707469689478389,0.0083393414301099,0.00800778557121563,0.00808763469776064,0.00804638172538941
"2016-01-22",4.18676525241887e-05,7.45143410276035e-05,5.19780298925025e-05,3.95053895389405e-05,4.351018696532e-05
"2016-01-25",0.000401886430364383,0.000596686990687201,0.000384217063335636,0.000323182490128263,0.000348837103308713
"2016-01-26",0.00523971293118084,0.00396913846044452,0.00370247386956576,0.00353867521031496,0.00358205117501394
"2016-01-27",0.0323123459713709,0.0308156421082803,0.0298022972293687,0.0292044725649697,0.0294559996722265
"2016-01-28",0.0122599892395249,0.010710568881216,0.0100175323909246,0.00973551665030052,0.00975298209751107
"2016-01-29",0.00163999924374656,0.00149748018857396,0.00117390369190536,0.00104485839105873,0.00106972691447214
"2016-02-01",3.51084492498079e-06,4.93325690413935e-06,2.62246472590771e-08,5.63607071231063e-06,4.31011617892537e-06
"2016-02-02",0.00410639052692322,0.00341985738398372,0.00305740730467455,0.0030144577095082,0.0029419855697849
"2016-02-03",2.48104635368857e-06,1.24325191419578e-05,2.88666343337214e-05,1.10383067678631e-05,8.26173923172266e-06
"2016-02-04",0.00168369899096591,0.0012239465821601,0.00141057936581391,0.00138486092507839,0.00135938530068846
"2016-02-05",0.00727963955395419,0.00567132848140094,0.00535767507797523,0.00499885487210952,0.00500311912290995
"2016-02-08",0.0012953141274483,0.000692389535640056,0.000607709393807054,0.000609649696865851,0.00061732916327527
"2016-02-09",0.00162211575138617,0.000763472019201101,0.000455419454214959,0.000326426998337298,0.000316684183837522
"2016-02-10",0.00659347141528423,0.00498640157125189,0.00420323247670766,0.00400451754361723,0.00398259271999915
"2016-02-11",0.00490590237400368,0.00344288534718427,0.00281452396399156,0.00219498115039469,0.00216649371784178
"2016-02-12",0.0407913872514352,0.0339655624436204,0.0309576806498498,0.0295562126725144,0.0295953346349987
"2016-02-16",0.0492619245684473,0.0371287355050542,0.0337680347871584,0.0323478644827062,0.0322711057571627
"2016-02-17",0.0265082490831129,0.0198143016327538,0.0175508173745621,0.0163602690398156,0.016220986414328
"2016-02-18",0.0487981668140939,0.0354780854625092,0.0321601358593189,0.0308145839592321,0.0308615392931564
"2016-02-19",0.0432320138938347,0.0300021975298495,0.0266584003276477,0.0252821928686375,0.0253904758347239
"2016-02-22",0.0288666347532196,0.0249694452836747,0.0237012414348784,0.0181643498476485,0.0181283413804978
"2016-02-23",0.02862910432083,0.0253336030295221,0.0240309720374932,0.0204197913831525,0.0202029368151725
"2016-02-24",0.0159226773507398,0.0134509761626935,0.0126527046904392,0.0119852932367565,0.0118990788964748
"2016-02-25",0.052424392633036,0.0432188739264803,0.0413571291497764,0.0398357210480095,0.040991512095872
"2016-02-26",0.0333827694416242,0.0272448485557801,0.0248855409117237,0.0233733980315128,0.0235874293460765
"2016-02-29",0.0203864362358064,0.0120679891373057,0.0105377729534776,0.0110386736824488,0.010860842236294
"2016-03-01",0.00944517668448503,0.00612442042773345,0.00550407085696497,0.00529374387325174,0.00517885767982393
"2016-03-02",0.0123723142585226,0.00927443369466772,0.00893596149533602,0.00871777152967085,0.00853614332478617
"2016-03-03",0.0288005140209408,0.0221372095931401,0.0208182571245401,0.0196056432331038,0.0195025517140731
"2016-03-04",0.0196561805326145,0.0130301512242944,0.0123948498527247,0.0121768320771576,0.0122349136710234
"2016-03-07",0.0207427190623384,0.0166685600080811,0.0156388964566458,0.0156658436621874,0.0156811048978945
"2016-03-08",0.0239116571956121,0.0202726134312181,0.0186930922491443,0.0190164297446991,0.0190623881023146
"2016-03-09",0.0266720255203707,0.0185674055597094,0.01741737173191,0.0168879668851947,0.0168878321766146
"2016-03-10",0.00703288608551869,0.00408745341569022,0.00389824375422819,0.00382567981905919,0.00383164323106546
"2016-03-11",0.041726350486255,0.0307349630636524,0.0291221413254072,0.0276364239359824,0.0276916049094567
"2016-03-14",0.0165706015664478,0.0125816124301768,0.0124427212863218,0.0126167329471165,0.012540750994599
"2016-03-15",0.00793035758482294,0.005037445265571,0.00492331608626902,0.00486289216238088,0.00499760623646129
"2016-03-16",0.00684683813374083,0.00628280775309594,0.0061586447598423,0.0057930755044487,0.00589907738152663
"2016-03-17",0.00649845131776656,0.00568425850442376,0.0055963968172421,0.00514851815022407,0.00524167976191319
"2016-03-18",0.0106269092571646,0.010099686450755,0.00965964534874549,0.00907093978081099,0.00917979306829171
"2016-03-21",0.000626606384158888,0.000335424357245249,0.000241434380855209,0.000158038375495266,0.000164966079021287
"2016-03-22",0.00269327305590995,0.000550044901924235,0.000645032910496166,0.000749118831400239,0.000734622239352502
"2016-03-23",0.0120235739436829,0.00879419596567807,0.00903428354643046,0.00872894190637956,0.00872874219007236
"2016-03-24",0.00925860766016286,0.00836226851971614,0.00836599452606881,0.00821786361329408,0.00825064561449717
"2016-03-28",0.00841822095153186,0.00570924850355209,0.0062759772659373,0.00634592304447752,0.00625013927968488
"2016-03-29",0.00624865420388404,0.00483576186259475,0.00537665410496075,0.00520252509446668,0.0051574449447551
"2016-03-30",0.00215649075184063,0.00127427755494017,0.00148074488447843,0.00154611574144759,0.00153220359719415
"2016-03-31",0.00650775452175609,0.00512607076037047,0.00543600122697621,0.00570030703238698,0.00565367007456912
"2016-04-01",0.00513698721417784,0.00425668917695874,0.00486099227530378,0.00481128999164289,0.00474328345343984
"2016-04-04",0.00358539386232816,0.00372213641848619,0.0038639215589365,0.0036110017802902,0.00353360034179571
"2016-04-05",0.00263325201961757,0.00288543063000681,0.00284161175888183,0.00227830003007946,0.00223477363747558
"2016-04-06",0.00885058741617819,0.00796265880359665,0.00838779426935923,0.00733309877439098,0.00728001450192272
"2016-04-07",0.00537911537862109,0.00696152662991058,0.00705615613630142,0.00623374839738318,0.00617708123196068
"2016-04-08",0.0101298531918916,0.00988630130109752,0.00958644878129426,0.00822941823362728,0.00814276113205476
"2016-04-11",0.00134325048941736,0.00156389537830634,0.00150557277742818,0.00133731320409804,0.00130877460869173
"2016-04-12",0.000472863767128078,0.000821913007121943,0.000890855810631147,0.000695250456292103,0.000678761142937012
"2016-04-13",0.00422150538382203,0.00494246439013876,0.00525177790515615,0.00515905440131454,0.00508627554358206
"2016-04-14",0.0087594708131198,0.00861864805482675,0.00699638216420959,0.00700110142395845,0.00691286534840626
"2016-04-15",0.00120361218675493,0.00159769334400654,0.00134435797259059,0.00142302081014914,0.00138877169919415
"2016-04-18",0.0018937238742667,0.00171637691286425,0.00165332943258702,0.00150700570760457,0.00148492188865105
"2016-04-19",0.00372911429961904,0.00602145399843647,0.00636289017061353,0.00620799622432565,0.00624252791033234
"2016-04-20",0.00302162207145025,0.00420211107988713,0.0045074926968664,0.0043914446993729,0.00442094911293432
"2016-04-21",0.00138426711190339,0.00187994214795671,0.00188172709745434,0.00187609176708725,0.00190900893945944
"2016-04-22",0.000143043471868396,0.000261091199190802,0.000349133340620779,0.000268155322637368,0.000283555012904835
"2016-04-25",0.0013242416659457,0.00175972162576778,0.00198877909932403,0.00186677886684037,0.00191330092149776
"2016-04-26",0.000504008689112641,0.000361905567354541,0.000510451973170237,0.000511629322504127,0.000536438391257184
"2016-04-27",0.00338998386749065,0.00226129490530466,0.00204356526591653,0.00221088624379364,0.0021397679468998
"2016-04-28",0.00219851990916116,0.0014545360327753,0.00119972673160737,0.00116378285314092,0.00108904786488114
"2016-04-29",0.000296305872104876,0.000124062593225541,6.83381598742034e-05,6.6007904177551e-05,5.26008524140518e-05
"2016-05-02",0.000696474388497338,0.000922772456048113,0.00117227887475632,0.00132406547876757,0.00137400104408075
"2016-05-03",0.000261839641863545,0.000265482542197693,0.000337421609984507,0.00040252157993538,0.000419588288133714
"2016-05-04",4.55266783006135e-05,8.18967637888894e-05,7.07071077012843e-05,8.72029570091422e-05,9.06261009052652e-05
"2016-05-05",0.00215990569983703,0.00212831680993422,0.00207992823485296,0.00216580683733941,0.00218659471602154
"2016-05-06",0.00106341609587786,0.00159226458178044,0.00166648262224975,0.00142231637483368,0.00145072852752154
"2016-05-09",0.00317377526735848,0.00413488904396888,0.00426138053077591,0.00418346779063165,0.0042548733012987
"2016-05-10",0.00184910969147399,0.0024551386707806,0.00255811733510583,0.00261282154919715,0.00271838316493884
"2016-05-11",0.00173946631316653,0.00208747359797882,0.00221341472415783,0.0020676594902437,0.00210091638898612
"2016-05-12",0.00307061341584296,0.00197997227621359,0.00172554228207241,0.00183362520376817,0.00181939964846533
"2016-05-13",0.000176588543225124,0.000829578127668554,0.00121885093607735,0.00120784826625918,0.0011778086330545
"2016-05-16",0.000524304391511692,0.00114690798609122,0.00154376197069335,0.00143237822198543,0.0014405799915302
"2016-05-17",0.000164801090680769,0.000675795559582574,0.000754357426229244,0.00065275453540422,0.000679006048387288
"2016-05-18",1.26419486423561e-05,1.0619379155834e-08,3.67178993154993e-06,5.7532890754094e-06,1.25163827894301e-06
"2016-05-19",0.000190559216547901,0.000144247283968857,0.00021485459505316,2.47923996421374e-05,3.02417753863994e-05
"2016-05-20",0.00669655270901046,0.00316967570420701,0.00355228966124531,0.00336838115272393,0.00332339478149637
"2016-05-23",0.00205801713587302,0.00080485965919323,0.00116151490935561,0.00113614962812254,0.00111046667375642
"2016-05-24",0.00633727340509371,0.00763571394467499,0.00848399540487521,0.00867809698449236,0.00877015532279717
"2016-05-25",0.0205008395763413,0.0224417389274769,0.0246657983287509,0.0242668218784318,0.0248677297752267
"2016-05-26",0.0157165054605285,0.0162610930276996,0.0164746297157052,0.016820942045355,0.0170110004595502
"2016-05-27",0.01549882513774,0.0153075828018708,0.0139354323012867,0.0139961463233484,0.0140663453852189
"2016-05-31",0.0135638578571288,0.0149930352897226,0.0150688284485318,0.0158007462918854,0.0158582274847298
"2016-06-01",0.0149105999640057,0.01496256366126,0.0154394278247936,0.0161194550482345,0.0161775135608163
"2016-06-02",0.00682533758573468,0.00771253391730549,0.00780816914368117,0.00799217107849342,0.00802820182812519
"2016-06-03",0.00713391899528394,0.00703946664849789,0.00690478428492705,0.00726292220250171,0.00726398060077026
"2016-06-06",0.0116869264000991,0.0125872361678931,0.012423208577705,0.0120207949523664,0.0120154383413763
"2016-06-07",0.0100551288517348,0.0112643255802442,0.0109274205699427,0.0106919493142373,0.0106887621790234
"2016-06-08",0.0140988798633281,0.0163873076708382,0.0170400300916436,0.0170903745368624,0.0171043036865657
"2016-06-09",0.00769802852858946,0.00886112703672578,0.00940453690832468,0.00882051413114632,0.00883121666333938
"2016-06-10",0.0168369207403414,0.0196141028315219,0.0206633542020981,0.0208151145971297,0.0208545216456855
"2016-06-13",0.00490728231240101,0.005885788398467,0.00576706163011863,0.00524969472632944,0.0052922534483002
"2016-06-14",0.00518247221000258,0.00486452619750818,0.00512196852580026,0.00540111170616027,0.00543641402479478
"2016-06-15",0.00845321385077785,0.00954847304261056,0.00962524190552613,0.009542811486804,0.00956906692902669
"2016-06-16",0.00827238577573256,0.00717532617059208,0.00756637024726379,0.00680297403233355,0.0068216473423368
"2016-06-17",0.00552325148717839,0.0052292251432211,0.00563020950578203,0.00500521737224325,0.00503551119632566
"2016-06-20",0.00489762897557769,0.00534808278028106,0.0056066666225586,0.00534107795899209,0.00536108765041426
"2016-06-21",0.0023653449854942,0.00303011737686215,0.00319916700153391,0.0034034215594443,0.00342033816914723
"2016-06-22",0.00201798882689462,0.00262256316949615,0.00298890413509304,0.0030798554337734,0.00310070895652133
"2016-06-23",0.00313127129443676,0.00444081797078862,0.00465026870619177,0.00525390308385639,0.00529078144566864
"2016-06-24",0.00101145331745753,0.000488057640709075,0.000448433391537773,0.00026912412579079,0.00026210956783295
"2016-06-27",0.000452047167612437,2.44692742077215e-05,5.77756554315014e-07,2.11299105327063e-06,2.72228849517606e-06
"2016-06-28",0.00100816153802726,0.00158952014951979,0.00183921992726636,0.00171765071228358,0.00174109115340394
"2016-06-29",0.00105701297670581,0.00132874119605929,0.00155782653169295,0.00155289669370558,0.00158245840238484
"2016-06-30",0.00478548471087202,0.00618812794247331,0.0066709760711707,0.00704498570958228,0.00712028106942711
"2016-07-01",0.00361882921170987,0.00380491063076372,0.00393880721998598,0.00385305928342298,0.00388846643006689
"2016-07-05",0.00343663724891722,0.00376444315273016,0.00423455036969411,0.00447204702066927,0.00450072435394727
"2016-07-06",1.04244736871181e-05,2.13412200784789e-05,6.17444548587939e-05,8.18022344355029e-05,8.47459547500009e-05
"2016-07-07",0.000568334514966642,0.000696293743589391,0.00083222805849024,0.000870347010900079,0.000880479905773053
"2016-07-08",0.0023362691348136,0.00319234775803268,0.00335372452351668,0.00326772360503488,0.00328338968382624
"2016-07-11",0.00547256831239118,0.00528896460819677,0.00536410813297762,0.00545785482437103,0.0054668221348409
"2016-07-12",0.0110526965511068,0.0127851726739496,0.0128037842885672,0.0126506827022851,0.012638585748119
"2016-07-13",0.00902720805846141,0.00940339112321822,0.00991775690165778,0.00829037948547699,0.00828664346796562
"2016-07-14",0.00846653299535609,0.00850901667500831,0.00872057543139229,0.00804844641970815,0.00806657741546575
"2016-07-15",0.00926767086116927,0.008748211405125,0.00864164325109916,0.00839583122986526,0.00840458198541052
"2016-07-18",0.0122095018288191,0.0124149363730815,0.0126285936103604,0.0124456203147577,0.0124802314832245
"2016-07-19",0.00637934417539311,0.00634230001647206,0.00645653391577812,0.0059994802061766,0.00601541012377045
"2016-07-20",0.0104855272464247,0.0132282422975848,0.0133541998879552,0.0125780530808751,0.0126003467760701
"2016-07-21",0.00620289676052372,0.00757485585096674,0.00716630082225118,0.00695347262671601,0.00696458830806345
"2016-07-22",0.00504419691355455,0.00601252352805634,0.00609508068241369,0.00593433137558909,0.00599032457977617
"2016-07-25",0.0155899189656229,0.0132303319593623,0.012599843983219,0.0119852567806497,0.0120079238371507
"2016-07-26",0.0127641904816143,0.0102445160483686,0.0101267513095228,0.00905879663201206,0.0090495519159724
"2016-07-27",0.00178668034935524,0.00124841864255926,0.00129231476663997,0.000904400855259925,0.00090209384275116
"2016-07-28",0.00691678747964614,0.00570425510169071,0.00594473827567251,0.0055377617768363,0.00553137817094271
"2016-07-29",0.00513258863245056,0.00482314066733343,0.00519117278117107,0.00436061030024603,0.00434066227161242
"2016-08-01",0.00610456362284671,0.00563091505141311,0.0060767102093552,0.00565187212581497,0.00560577330614229
"2016-08-02",0.000880127409132536,0.000631180402019616,0.000652772193693115,0.000558534381570743,0.000550150480030797
"2016-08-03",0.00971903636268635,0.00919867866563835,0.00941104274730846,0.00849052296011667,0.00846686483748693
"2016-08-04",0.00406370863630772,0.00419415737860065,0.00425055792649462,0.00393453409820363,0.00394461677422653
"2016-08-05",0.00595543952585639,0.00666479880570155,0.00670910305399335,0.00608382792778974,0.00605189626913428
"2016-08-08",0.00266061433907113,0.00304040146545435,0.00315984255775606,0.00295993130489378,0.0029854518083053
"2016-08-09",0.00158554236682271,0.00179182668813135,0.00200473438838298,0.0019659329195614,0.00199863700449829
"2016-08-10",0.00348357511400945,0.0037062863176587,0.00392145562103036,0.0038044991623496,0.00384281517397413
"2016-08-11",0.00237415651541961,0.00277802938654659,0.00293055979541794,0.00272810667536106,0.0027815117087946
"2016-08-12",0.00403121057695685,0.00487774941682546,0.00482953363468661,0.00496961728804327,0.00497557882541745
"2016-08-15",0.00236297330202415,0.00288978910630713,0.00322855141434564,0.00327469960400751,0.00328160002930798
"2016-08-16",0.00170983074560088,0.00184373771138552,0.00200959840053285,0.00208649547400301,0.00211670411163361
"2016-08-17",4.55633149658494e-05,4.70564611015428e-07,1.17112893251899e-06,3.21396398969563e-06,2.34266893855386e-06
"2016-08-18",0.00223467220022449,0.00248654640607044,0.00271370375797307,0.00194681251348409,0.00193142121031712
"2016-08-19",0.00138103648399422,0.000686375113759294,0.000886549484740398,0.000816852213407847,0.000790786665241179
"2016-08-22",0.00109777278932524,0.000735421916576597,0.000932116747567899,0.00119666302021192,0.00118793981214719
"2016-08-23",0.00372729219180452,0.00338900602203345,0.00348434927719783,0.00386566660151175,0.00386033477129259
"2016-08-24",0.00481190358467884,0.00496799063881959,0.00527409706942947,0.00545618199334766,0.00551448264160316
"2016-08-25",0.00113174695320633,0.00120071568813171,0.000969226530532373,0.00105794833701697,0.00108593577998827
"2016-08-26",2.4623634772704e-06,7.73014271171253e-08,1.30212140144214e-05,1.76040890310733e-05,2.00341109595928e-05
"2016-08-29",7.17466391980526e-05,2.89609373380307e-05,4.27866904094395e-05,3.63499155970149e-05,3.81492718458743e-05
"2016-08-30",0.001253378486363,0.00131843255717513,0.00114444252443206,0.00114374557986048,0.00114709358609451
"2016-08-31",0.000289895610385293,0.00040025490825767,0.000334224824874277,0.000300749963631552,0.00029443947270848
"2016-09-01",0.00079208109357441,0.000973284170834086,0.000998246673531192,0.00108315090224044,0.00107520229053941
"2016-09-02",0.000172325911976063,0.00023628148706323,0.000226287174045905,0.000201197364492331,0.000203812723581683
"2016-09-06",0.000933706270023323,0.00119124585116097,0.00141054503758164,0.00143726284168634,0.00144435567723814
"2016-09-07",2.51554271671909e-05,2.33778775540598e-08,4.21709634035079e-06,1.14277631776735e-05,1.06632831541226e-05
"2016-09-08",0.00227116550975856,0.00207259872580359,0.00194277400909107,0.00188244147610879,0.00188365514755505
"2016-09-09",0.00189812229347683,0.00157325826513535,0.0013262767700661,0.00125928669304626,0.00125833775819972
"2016-09-12",0.00565330395689567,0.00504598943964139,0.00478022706723418,0.00472078908374335,0.00471969405700097
"2016-09-13",0.00592863097270401,0.00531796293487978,0.00520501471905582,0.00482541028152035,0.00481900974440673
"2016-09-14",0.0196521136716816,0.0187911856612998,0.0182197256305806,0.0177875557587002,0.0177961742133708
"2016-09-15",0.001718570061415,0.00141467092208034,0.00133239447475956,0.0012539802502895,0.00124980325095766
"2016-09-16",0.00204725083529368,0.00165773636212035,0.00169358669863873,0.0016428052550903,0.00163767169759505
"2016-09-19",0.0025175579807535,0.00209644462342755,0.00206154769584027,0.00190849641457044,0.0019037250178701
"2016-09-20",0.00127063199756049,0.00110728183947083,0.000995176936316372,0.0010253329673806,0.00102892543371073
"2016-09-21",0.00147039661141671,0.00125529556370475,0.00104997525057779,0.00113501661451591,0.00112960763632072
"2016-09-22",0.000327549843694156,0.00045968833721938,0.00048408267458625,0.000479493490570649,0.000481527738816242
"2016-09-23",0.00677089851810622,0.00601050807168365,0.00630108072207731,0.00621040941627501,0.00620288320590501
"2016-09-26",0.00100052340306768,0.00101728953290989,0.000820761962389865,0.000825935792850084,0.000828996569381857
"2016-09-27",0.000370458484951053,0.000418544369562952,0.000440175455112709,0.000551999807745281,0.000551214222552647
"2016-09-28",0.000796131695514735,0.000888847946240313,0.000921396840875236,0.000990928553028709,0.000997882906182389
"2016-09-29",0.000219598656150047,0.000115039910818313,6.51898488611563e-05,7.31038018716748e-05,7.44010625387237e-05
"2016-09-30",0.000279022807660892,0.000230060280424027,0.000280240884028692,0.000249164122656196,0.000256739547598469
"2016-10-03",0.00138220282501239,0.00125188642204013,0.00124709821077103,0.00125621812152774,0.00127866197114
"2016-10-04",0.000607724657954856,0.000623023686699427,0.000526119444472947,0.000534084268296632,0.000575405699395638
"2016-10-05",0.00168872469185862,0.00200502607214162,0.00227343419997961,0.0024599682088655,0.00256317582850429
"2016-10-06",0.00445953695175802,0.00534917228527655,0.00620030636896744,0.00664355144038444,0.00670739647970202
"2016-10-07",0.00384110329267141,0.00338567219621529,0.00395403355881629,0.00396654542182945,0.0039686875801581
"2016-10-10",0.00853181178187863,0.00773702430602557,0.00745185860474264,0.00720417260002189,0.00708265113325616
"2016-10-11",0.00184271430169281,0.00150563827287455,0.00132794388452195,0.00119609999522905,0.00118754341502064
"2016-10-12",0.0144307112691631,0.0134223118656349,0.0144356264323984,0.0140416159324019,0.0142220763932799
"2016-10-13",0.00819139143498647,0.00738098166623481,0.00787790085942783,0.0078559221754404,0.00792175310158534
"2016-10-14",0.00641212208050094,0.00592859628123491,0.00618012863501525,0.00612303503944768,0.00616432800278315
"2016-10-17",0.00998956232131326,0.0101817122124174,0.0115626319174817,0.0117012188014014,0.0118324668099307
"2016-10-18",0.0147314164909838,0.0158531025590399,0.0176315855478672,0.0179032809353328,0.0179404213562585
"2016-10-19",0.0133315955836675,0.0131522690529831,0.0137918311936994,0.0136239462769771,0.0136580310135792
"2016-10-20",0.00136458067219162,0.00140263200392375,0.00168398217782324,0.00171961515320616,0.00174007243319526
"2016-10-21",0.0177904677997357,0.0186383618326246,0.020107809538424,0.0202693092094178,0.0204719764038569
"2016-10-24",0.00951771476530771,0.00953103109354568,0.00995014509282076,0.0092650469567675,0.00926543772010872
"2016-10-25",0.0082639966065443,0.00811182260167332,0.007976088436914,0.00783745262520077,0.00784630764743586
"2016-10-26",0.00104164237087941,0.00122227012750265,0.00103228195827929,0.00100550838873502,0.000985913977807865
"2016-10-27",0.00460432963386645,0.00410155701809855,0.00422535782525918,0.00413657944031121,0.00413180804596615
"2016-10-28",1.98954677090543e-05,2.4848528600433e-06,9.48055014531311e-06,9.14598117843788e-06,1.0563415639024e-05
"2016-10-31",0.0018090517348651,0.00165182632498276,0.00159042740673219,0.00151923892914739,0.00150960607950635
"2016-11-01",0.000816786685244063,0.000845158542973415,0.00101721586458139,0.000997083302486891,0.000991105342984314
"2016-11-02",1.40917426515803e-06,2.65515741492075e-06,3.98516090584404e-05,4.82401650053842e-05,5.11419608859879e-05
"2016-11-03",0.000476613917037858,0.000469079587425124,0.000485455281753868,0.000348211707336383,0.000348425271653091
"2016-11-04",3.49708074897972e-06,6.12573596963287e-05,2.36789900663573e-05,1.80924417744836e-05,1.91813264708702e-05
"2016-11-07",0.00158622484226451,0.00125765396712631,0.00167234894886164,0.0017094491385605,0.00171853460250905
"2016-11-08",0.002599993865545,0.00246191321497284,0.00273252196622792,0.00274957951443897,0.00277302583146064
"2016-11-09",0.0301260846181648,0.0303887917497568,0.0299047975699107,0.0298075339187745,0.0298372028178802
"2016-11-10",0.0313954122478025,0.0319838973181039,0.0319936566066288,0.0321542238102232,0.0327664671507406
"2016-11-11",0.00461426041781141,0.00488709377536204,0.00447681496296435,0.00447324608915106,0.00447662033246107
"2016-11-14",0.0102251861582455,0.0103677216824698,0.0103560049946477,0.0102582496081195,0.0102606048297774
"2016-11-15",0.00297458127094602,0.00303872455103786,0.00284371373414676,0.0029102637700019,0.00287783270118587
"2016-11-16",0.00256973055534791,0.00254228099989481,0.00240034927804124,0.00249796559049602,0.00247391523432647
"2016-11-17",0.00057532602090492,0.000528880201367661,0.000532362730419204,0.000739624753617434,0.000722759270754494
"2016-11-18",0.000120713639885513,5.84963116669986e-05,6.66357063182368e-05,4.31233659050628e-05,4.80736594533595e-05
"2016-11-21",3.32033436878858e-06,1.69594212752747e-05,3.93883454750709e-06,7.09388320847253e-06,7.66523103270986e-06
"2016-11-22",5.31547967678816e-06,4.62182849897938e-06,2.37188550217394e-10,2.00472438307067e-07,8.50789944638764e-07
"2016-11-23",0.00403127493099787,0.00435879675855632,0.00458253268884067,0.00468014060500343,0.00440450926656744
"2016-11-25",0.00169551067772518,0.00166736601675747,0.00173899172705621,0.00170228370728727,0.00162059249546094
"2016-11-28",0.00348827826557378,0.00327541074629849,0.00216088911265349,0.00227973329152695,0.00229416954625586
"2016-11-29",0.000204427130041528,0.00019473672859992,0.000112334197497903,0.000114285731878264,0.000115262259759873
"2016-11-30",0.000390581253489417,0.000363811957531265,0.000249625860192713,0.000251530285974134,0.000254132264132808
"2016-12-01",1.10097936059471e-09,5.14785513781332e-09,4.619774223832e-06,5.36791242446209e-06,5.40121095305002e-06
"2016-12-02",7.02130533155735e-05,5.36847652748627e-05,2.38179066836471e-05,3.20213385685726e-05,3.21432891350439e-05
"2016-12-05",5.95458307493399e-05,5.04394989107556e-05,6.39886897036647e-06,8.6233888375629e-06,8.79210793918279e-06
"2016-12-06",0.000216407515897106,0.000177215586564276,0.000147941823052375,0.000161801999075828,0.000161730632047475
"2016-12-07",0.000122688824437592,0.000107023559572251,0.000161677434310917,0.000160220905528071,0.000159874206595063
"2016-12-08",0.00932682323736455,0.00877413898959895,0.00673210121869745,0.00661664276840481,0.00662767227224069
"2016-12-09",0.023321683030318,0.0221805706804155,0.0192400443985504,0.0189764160359012,0.0190229085360111
"2016-12-12",0.0154474122041073,0.0167249032549061,0.015343978187133,0.0151135067352507,0.0151008226081283
"2016-12-13",0.0109497103276309,0.0113885824867543,0.0114478005002759,0.0111705073213696,0.0112682059311001
"2016-12-14",0.00159224301962656,0.00194679649745442,0.00153414548203457,0.00151308994348895,0.001519660959892
"2016-12-15",0.00392365580627043,0.00447286491559648,0.00437274831657925,0.00435107866575365,0.0043853693655679
"2016-12-16",0.00952063207860346,0.0106308639933998,0.0110715824809857,0.0112528550771917,0.0110810795992122
"2016-12-19",0.00365610903411852,0.0038331483370893,0.00379874737044789,0.0039682699613266,0.00395018066041101
"2016-12-20",0.0051929923960961,0.0056648606243222,0.00610906204210108,0.00617062772733601,0.0060782193362254
"2016-12-21",0.00530591668287252,0.00551589539072424,0.00578004351588206,0.00578951821651691,0.0056218706953777
"2016-12-22",0.0027548616356385,0.00295738441559708,0.00296982251598034,0.00290319626115268,0.00285400044995677
"2016-12-23",0.00604371402444037,0.0053601976102605,0.00557642384813992,0.00566113087881427,0.00577234167875005
"2016-12-27",0.00492679162040316,0.00493565599816697,0.00507968512918466,0.00507374504798912,0.00495396231741829
"2016-12-28",0.00304451353346026,0.00327564195944174,0.00363862746002795,0.00361899940888661,0.00354560243243243
"2016-12-29",0.00392064140055492,0.00376681704148171,0.00396589997081538,0.00401843599769209,0.00406509695538781
"2016-12-30",0.00219959269886302,0.00220642620462781,0.00215546701780341,0.00212501384818394,0.00207073995951485
"2017-01-03",0.00147433325004792,0.00173793637099425,0.00175126399274671,0.00176737162547707,0.00175606235300659
"2017-01-04",0.00617745805956992,0.00674403790001666,0.00699329323699608,0.00713055354120696,0.00717184790332998
"2017-01-05",0.0038058468514727,0.00374935851946157,0.0040922344025955,0.00411239641545959,0.00401615662083293
"2017-01-06",0.00492427050864516,0.004376812916802,0.00416218902213903,0.00426075570409101,0.00439522741825795
"2017-01-09",0.00377246119759214,0.00333627565299625,0.00319317080759354,0.00321495916919284,0.00322737396829874
"2017-01-10",0.0028159033707368,0.00261145902215544,0.00242615369314688,0.00247062175802614,0.00251195833159781
"2017-01-11",0.0023471875896386,0.00230644479353981,0.00225277648161709,0.00223576182172904,0.0020504582989461
"2017-01-12",0.00254167395065938,0.00279188788570818,0.00254885013605049,0.00255408547123516,0.00237267618165636
"2017-01-13",0.0116364331969393,0.0112287539009413,0.011253500141798,0.0110034889196835,0.011001679882466
"2017-01-17",0.00508869281058745,0.00468904200614773,0.00528138636939778,0.00512620560604584,0.00513740649172557
"2017-01-18",0.00322193166867555,0.00232822209128667,0.0025933429256879,0.00258339240209473,0.00261658182883907
"2017-01-19",0.00161128066493095,0.00152244799523994,0.00170213647296867,0.00171721066250806,0.00167013175488522
"2017-01-20",0.00128453152549273,0.00134191565713811,0.00137612544314826,0.00136514497977005,0.00134967967215306
"2017-01-23",0.000859995368125981,0.000876020358644132,0.000980528207930449,0.00100337970875205,0.00100957481390746
"2017-01-24",0.00379136408157991,0.0041333852422823,0.00454778045959587,0.00458647093789518,0.004479502849736
"2017-01-25",0.0006397087158269,0.00074055047905845,0.000976043835170886,0.00098566652633096,0.000959579230955722
"2017-01-26",0.000169596878626944,0.00022234887681658,0.000305259660734839,0.000319388016511711,0.00033282446197845
"2017-01-27",0.00203250451656202,0.00211805552492429,0.00232622912159889,0.00233402108517013,0.00235348645396865
"2017-01-30",0.000678823585317027,0.000693832645810176,0.000858543241735757,0.000863320338314105,0.000873040183479126
"2017-01-31",0.00267964319800474,0.00305277653398501,0.00331027511933855,0.00333936387375057,0.00333358092623691
"2017-02-01",0.000891329128883461,0.000918812221549236,0.000840788124387126,0.000865709056416781,0.000874867720839917
"2017-02-02",0.0002106324847813,0.000264375265180639,0.000244753834969797,0.000248972283049875,0.000243938522375709
"2017-02-03",0.00192312105072754,0.00193207593166276,0.0019566918673139,0.00196986467539264,0.00197813099305362
"2017-02-06",0.00260367539224914,0.00270392656594985,0.00228920564487989,0.00229483466933564,0.00236684464141016
"2017-02-07",0.00200761763461655,0.0020263030044136,0.00195136007999816,0.00193285133444027,0.00199763999697661
"2017-02-08",0.00346701326471495,0.00348141234124778,0.00375250063529099,0.00357868385525098,0.00369869670612967
"2017-02-09",0.00284670688117047,0.00271937219443054,0.00237325460298351,0.00228857054011093,0.00232573107527327
"2017-02-10",0.00315879047290058,0.00310589521966241,0.00303389148493218,0.0030276221500277,0.00305139653309228
"2017-02-13",0.00234127940805378,0.00246676812793071,0.00256957812280542,0.00253388803121327,0.0025295960271478
"2017-02-14",0.00162063969862726,0.00166404184837465,0.00163299126506287,0.00163116976744591,0.0016612531878835
"2017-02-15",0.000360239274658902,0.000397913835888488,0.000455993331083367,0.000434310059828284,0.000457449163760328
"2017-02-16",0.000528787525791328,0.000567319953694759,0.000653278397317334,0.000627703285336728,0.000652972883918629
"2017-02-17",0.00180562115092844,0.00167201737721812,0.00171590733968698,0.00161022246182785,0.00161483500743267
"2017-02-21",0.00165294504131338,0.00155540183424964,0.00173151307239563,0.00172380938789912,0.00174693905160159
"2017-02-22",0.000546790975281512,0.000540083199924453,0.000578718672431125,0.000590864290398817,0.000564497022375251
"2017-02-23",9.90381618255577e-05,9.08487396847295e-05,0.000130072230227001,0.000126873175895417,9.90180999304548e-05
"2017-02-24",0.000352204856688758,0.000301439131922764,0.00029806500119271,0.000303603675388727,0.000283821478031014
"2017-02-27",0.000149830975326941,5.82643359265473e-05,4.64663074405213e-05,5.26997585613024e-05,4.59416072255201e-05
"2017-02-28",0.00119038237777149,0.00111199813336379,0.00107098784366984,0.00107473834410984,0.00103671845620074
"2017-03-01",0.000638512747358851,0.000603610604594972,0.000525805553527552,0.000534717485592854,0.000537745951013727
"2017-03-02",0.0030536159045505,0.00313484325362589,0.00309740423184552,0.00311090947450624,0.00315168462218581
"2017-03-03",0.00248815603320916,0.0024157068742161,0.00228815445883926,0.00236158287250696,0.00235114276716635
"2017-03-06",0.0012677099589965,0.00125537750500101,0.000974952803483495,0.000989937145691759,0.000999064926153749
"2017-03-07",0.000401652139974772,0.000400067808994106,0.000397497030600713,0.000402424911897425,0.000412925157459539
"2017-03-08",0.000177515755339738,0.000243227307894746,0.00024254795590837,0.000253897945193581,0.000246454980747168
"2017-03-09",0.000701013296793314,0.000670854228672482,0.0006280290101545,0.000611840008553467,0.000608114515025487
"2017-03-10",0.000199542770654368,0.000205710217536133,0.000199669393494391,0.000222022022658606,0.000222545580015697
"2017-03-13",0.000590538209378768,0.000603536716190554,0.000768511728176827,0.000809718060366636,0.00082387631523916
"2017-03-14",0.00083501593449761,0.000772038303662182,0.000873125957774132,0.000871717399097826,0.000855460463931548
"2017-03-15",0.000543073898426849,0.00055073744595304,0.000637141386000965,0.00063826218410671,0.000630110019796337
"2017-03-16",0.00133767473761422,0.00136715782118439,0.00161649352325412,0.00154953026888278,0.00162132219746124
"2017-03-17",0.00287099952373507,0.00295914168324421,0.00302670145001492,0.00300584014105318,0.00304466072726483
"2017-03-20",0.0014881131899639,0.00156236235529582,0.00161244622064751,0.00161871692264137,0.00159333702517077
"2017-03-21",0.00229554967077358,0.00220164143232108,0.00212863442093002,0.00213081292583446,0.00216912965175826
"2017-03-22",0.00151550005287447,0.00151508209705352,0.00137447537561042,0.00136961568931779,0.00137926647523701
"2017-03-23",5.42501716864922e-05,4.32258147975609e-05,2.72208588856167e-05,2.48248884190177e-05,2.39635366762976e-05
"2017-03-24",3.35759902068485e-05,4.00337024215549e-05,4.99858324128333e-05,5.58397436762111e-05,5.29518942477623e-05
"2017-03-27",8.78316975587517e-05,8.91225148200683e-05,4.54523278196788e-05,4.1502441403669e-05,4.20873785201813e-05
"2017-03-28",7.87973214734491e-06,4.7549473795527e-06,9.46426721262876e-06,1.06466222978856e-05,1.00130671947061e-05
"2017-03-29",0.000326829762386868,0.000321959933397784,0.000255329385626338,0.000261158839583142,0.000258654800664911
"2017-03-30",0.000925014934709627,0.000964377933910255,0.00103320770961045,0.00103194494154943,0.00102538394421562
"2017-03-31",0.000508360138038502,0.000558925452298096,0.000553817150592045,0.000550187300388502,0.000549738316263109
"2017-04-03",2.73888887366117e-05,3.3394933441864e-05,3.73904072053427e-05,3.77315205870703e-05,3.8976096355851e-05
"2017-04-04",0.000514266397520651,0.000562082469304072,0.000561752340980947,0.000560841847966706,0.000565029723697952
"2017-04-05",5.33526751135563e-07,2.59293781579089e-06,6.87741968246612e-06,5.19694512321564e-06,6.59540995364143e-06
"2017-04-06",0.00026968654239642,0.000278891448237098,0.000346368996037924,0.000347426846899886,0.000352196636825785
"2017-04-07",0.000511243640692254,0.000536701572827706,0.000505621927483511,0.000505148723196164,0.000495860839909287
"2017-04-10",0.000571937249591063,0.000621060598102649,0.000689440339607756,0.000702105550789139,0.000689632132271049
"2017-04-11",0.00626776130717188,0.00615614711249574,0.00605864343549179,0.00607916741303993,0.00609179691189211
"2017-04-12",0.000523355748024274,0.000520813102271876,0.000518770682944482,0.000520564950585614,0.000514906999591628
"2017-04-13",7.79063350425056e-05,9.18950229672913e-05,4.79893749770232e-05,5.21990068641201e-05,5.38655745912553e-05
"2017-04-17",5.15626558108632e-05,6.44183971666026e-05,4.59304212639175e-06,7.16652549259131e-06,8.40802131523236e-06
"2017-04-18",3.22371672756076e-06,6.36381171044843e-06,2.25139756852239e-06,2.96643804566471e-06,2.4399733437896e-06
"2017-04-19",0.0022902122713764,0.00230798014607386,0.00228918256369388,0.00225514944325927,0.00226945505028002
"2017-04-20",0.00236452585238061,0.0024010078429658,0.00253070241537614,0.00247872990252585,0.002527959478243
"2017-04-21",0.00239712424121171,0.00236830538233015,0.00238504320509432,0.00238681895495758,0.00243125751323383
"2017-04-24",0.00294224790149001,0.00300501940491266,0.00312767963954477,0.00309034148052354,0.00308450689409739
"2017-04-25",0.00448648628291399,0.00434760692128276,0.00446695291884954,0.00442139305018779,0.00444995840567955
"2017-04-26",0.000610582722330896,0.000635745109014638,0.00067851918227114,0.00068802295557752,0.000689990711394101
"2017-04-27",0.00168656982591521,0.00177068631938697,0.00192753267316732,0.00191898736426934,0.00191913040741831
"2017-04-28",0.000879592915757167,0.000906517556146978,0.00098614148948241,0.00100165833080427,0.0010190826661816
"2017-05-01",0.000303682271066275,0.000313787930657746,0.000352584357187308,0.000359499608285352,0.000364903283477812
"2017-05-02",0.000143533744242081,0.000125246930227098,0.000161495190545293,0.000160470090928936,0.000163309222496332
"2017-05-03",0.00307209833494841,0.00305191184843979,0.00273621521890054,0.00271486697794184,0.00271471976895739
"2017-05-04",0.000726661454699562,0.000747548630923386,0.000889374254495018,0.000875103857519539,0.000879838673748407
"2017-05-05",0.00246595138370817,0.00250992127660344,0.00274111974056014,0.00272350201961065,0.00271877962307854
"2017-05-08",0.000319408483028661,0.000305772393767879,0.000226295371991926,0.000228507101552537,0.000232080751367269
"2017-05-09",0.000517759590602244,0.000511189715658111,0.000394238494327802,0.000388569165239196,0.000388943696774576
"2017-05-10",0.00252833943197737,0.00256098558487905,0.00302334338941386,0.00298501881151209,0.00299447642020679
"2017-05-11",0.00106055337270141,0.00107003406863721,0.00127935910474405,0.00128008136511539,0.00128950362250545
"2017-05-12",5.61167243481852e-05,6.16566597713298e-05,0.000126113304819463,0.000101959577424565,0.000102768081601192
"2017-05-15",0.000275444229208246,0.000299617472175566,0.000374073048409162,0.00039032094715607,0.000388676038852272
"2017-05-16",0.000290959026128176,0.000309229614770307,0.00036099542338369,0.000362858754717881,0.000362083405625899
"2017-05-17",0.0271635541547596,0.027083662663966,0.0266041263697863,0.0266233008803039,0.0266171131274793
"2017-05-18",0.00179007928837042,0.00175360729074811,0.00169908971129737,0.00188763367793918,0.00187418254902423
"2017-05-19",9.18238967434559e-05,0.000153735996730303,9.9220378721747e-05,0.000105725604551204,0.000105451987485594
"2017-05-22",0.000118274811175443,0.000160252469728509,9.05709385530924e-05,8.92957334457807e-05,8.66526430961803e-05
"2017-05-23",3.13191515810148e-05,4.68320321265243e-05,1.93811986237577e-05,1.47732855190197e-05,1.44270205639576e-05
"2017-05-24",0.000264168856452974,0.000278658074968544,0.000364800002543102,0.000358866189593879,0.000351682650731418
"2017-05-25",7.12330503129293e-05,7.23463000713341e-05,4.33407693825524e-05,4.94483730513325e-05,4.91867301594785e-05
"2017-05-26",0.000241113071285755,0.000198860487172488,0.000262166489088923,0.000264190018223986,0.00026716152753802
"2017-05-30",0.000732795082871903,0.000726723493302479,0.000873704573997193,0.000868187589559943,0.000867637752014942
"2017-05-31",1.09436287820742e-05,1.04743429337882e-05,3.42141105716515e-05,3.56656674575323e-05,3.73418492473304e-05
"2017-06-01",0.0031378655781048,0.00324378576810733,0.00408928434494662,0.00418167639758345,0.00419986093412204
"2017-06-02",0.000784653485347871,0.000794534101664396,0.000970204752004921,0.000950749439460149,0.000948792552747166
"2017-06-05",9.32688669747082e-06,1.86625654070234e-05,2.87758054169314e-05,2.49656755882181e-05,2.5075404476505e-05
"2017-06-06",0.000385333345951014,0.000464411387232668,0.00059056825224835,0.000625079352633778,0.000625590585048677
"2017-06-07",0.000504516839599672,0.000534074588309549,0.00071801517558752,0.000775087742169206,0.000777291831292012
"2017-06-08",0.000209337446454784,0.00024713404394771,0.000304871943236362,0.000315284462195965,0.000272937821379847
"2017-06-09",0.0346020337388207,0.0346980311928928,0.0343224770614273,0.0343297104889458,0.0345109785255742
"2017-06-12",0.0791343122383901,0.0788006465915572,0.0767781516932357,0.0768728237950247,0.076828953488992
"2017-06-13",0.00204914600629517,0.00191848615273822,0.00164620522468745,0.00164051970168014,0.00164065860701161
"2017-06-14",0.0039438583076482,0.00398151879498574,0.0035481852768392,0.00354240814468386,0.00354266834455512
"2017-06-15",9.78065533025338e-05,0.000126854485722624,0.000206151015479299,0.000206299407184437,0.000200545811915707
"2017-06-16",0.000566120542194323,0.000547541586642314,0.000567280792322169,0.000538355511505892,0.000539578029559253
"2017-06-19",0.000188847580499084,0.000187436567513639,0.000226036010496663,0.000219995674509188,0.000222855516424505
"2017-06-20",0.000123853153414692,0.000138737238667281,0.000120709964560264,0.000134255103233143,0.000136228314584678
"2017-06-21",6.40397357245678e-08,1.49046370789161e-07,2.12918314181187e-06,4.48338824004696e-06,4.60798863957549e-06
"2017-06-22",0.000154345439194135,0.000162937078638506,0.000213695536665267,0.000244272148725056,0.000244840255776476
"2017-06-23",0.000336410978045211,0.000330930181799024,0.000424374817146475,0.000436809585141641,0.000436428850502887
"2017-06-26",0.00085528933339984,0.00078508060093817,0.000737386503799834,0.000701602729252732,0.000698834132051475
"2017-06-27",0.00412052576293069,0.00400178209906038,0.00375657752086855,0.0037458301032319,0.00374757143407657
"2017-06-28",0.000617460086008567,0.000590516213684979,0.000580644625003254,0.000583738598824243,0.000586940700701534
"2017-06-29",0.00936282125276472,0.00923334914655964,0.00904678469297349,0.00911975597573274,0.00907989197768121
"2017-06-30",0.000669747641883623,0.000662134522607625,0.000608740325318096,0.000606634797982331,0.000605426690311959
"2017-07-03",2.28723031052359e-06,1.48148655626432e-05,1.09637007833618e-05,1.27663113840846e-05,1.22580418432131e-05
"2017-07-05",4.50072197658557e-05,2.41053325415737e-05,1.0735752734425e-05,1.05163228689458e-05,1.07651757291758e-05
"2017-07-06",0.000281740558259979,0.000238543829111165,0.000190630325822105,0.000187529028414452,0.000191253833609955
"2017-07-07",0.000214651759262172,0.000252461467428705,0.000258792930608867,0.000242108787584972,0.000241365406943054
"2017-07-10",0.00782579870330239,0.0082311689770268,0.00824424907866009,0.00832048933556255,0.00824898255464958
"2017-07-11",0.0287598177487199,0.0296484087266081,0.0293056828705201,0.0298205405481296,0.0298670690864096
"2017-07-12",0.00607156956951752,0.00617196696386292,0.0061653824638237,0.00639624051310828,0.0063819473580713
"2017-07-13",0.00601632677291379,0.00594580636096248,0.00638011916124028,0.00624502037218694,0.00623723538066699
"2017-07-14",0.00989136733674358,0.010182902259639,0.0103663642810516,0.0103825090358802,0.0103734164240942
"2017-07-17",0.00246018776415644,0.00250141509412087,0.0023574661991685,0.00248316484658897,0.00247193761987943
"2017-07-18",0.00509519930943868,0.005160770991774,0.00536789503339795,0.00552172693980909,0.0055225192123482
"2017-07-19",0.00400523791039624,0.00388243270968729,0.00381451900831337,0.00393928365147233,0.00393253165626444
"2017-07-20",0.00246845602680158,0.00254548307546836,0.00225920954525156,0.0023469701671865,0.00234809206164473
"2017-07-21",0.00175459828804252,0.0016723082639417,0.00144343875738863,0.00159374521135573,0.00159388555875547
"2017-07-24",0.00185044085554654,0.00185397422479956,0.00172901930499946,0.00186594235197749,0.00186579579315437
"2017-07-25",0.00294421010471056,0.00312188178260086,0.00306756501094385,0.00316642687374005,0.00316546124842554
"2017-07-26",0.00711611356313041,0.00738909137607234,0.00730642285070243,0.00742372706305981,0.00740976444960403
"2017-07-27",0.00928681360060083,0.00939353505670348,0.00941696700421227,0.00925341255924467,0.00923031361366796
"2017-07-28",0.00450703738611122,0.00454474478339553,0.00438202120139162,0.00410776311749736,0.00412105009050919
"2017-07-31",0.00180619404696527,0.00183782083211106,0.00182664934367348,0.00193428113001046,0.00193584939947954
"2017-08-01",0.00176933976725743,0.00181335275348438,0.00192871730459032,0.0019224145315186,0.00192453072314049
"2017-08-02",0.00565956738189677,0.00550076129687571,0.00584692181119351,0.00576536800556686,0.00577022693170632
"2017-08-03",0.00056627544351782,0.000665467844941628,0.000518160099546297,0.000576896617176544,0.000578825235054168
"2017-08-04",0.000362452135371051,0.000405539990201095,0.000444013844486902,0.000495358147468939,0.000486369611324933
"2017-08-07",0.00296188852736726,0.00297926274647043,0.00319021692013268,0.00324079945580825,0.00325095993328088
"2017-08-08",2.51792029148642e-05,3.62537391180563e-05,3.9146339665e-05,3.19983599376593e-05,3.26254214999082e-05
"2017-08-09",7.14122839286804e-06,7.02461405895579e-06,2.56793549131519e-07,3.4214223946057e-07,4.26511683184159e-07
"2017-08-10",0.00338591998436965,0.00335556126311573,0.00338908388621689,0.00329767523114255,0.00328842430841406
"2017-08-11",0.00270056224228431,0.002633313362993,0.00251877415919168,0.00251142614865806,0.00251068700533564
"2017-08-14",0.000629508340533841,0.00069458798266981,0.000814450517926304,0.000900556296954475,0.000909778668054102
"2017-08-15",7.20937086372763e-05,0.000105400440153355,0.000111249490783501,0.000111021316158393,0.000110989439602738
"2017-08-16",0.000264611004202524,0.000194678534811079,0.000212226712714341,0.000216327766607512,0.00021161918303368
"2017-08-17",0.00316282633600946,0.00314407364104498,0.00309886229099033,0.00333188824202914,0.00330367982384145
"2017-08-18",0.00118284941988955,0.00137187604614693,0.00109446620119771,0.00116178496182378,0.00115422519294347
"2017-08-21",0.00192699734664472,0.00196443425062695,0.00179450698594778,0.00192729654710183,0.00191078989711263
"2017-08-22",0.000393769314962788,0.00036299863696226,0.000373013930475001,0.000367714982444104,0.000365282258259519
"2017-08-23",2.06348988018727e-05,1.87622713539145e-05,6.93669253037151e-06,1.47724615789849e-05,1.48452769844323e-05
"2017-08-24",0.00102469632801226,0.00105950273686547,0.000955059230129408,0.0010350422385962,0.00109372506209623
"2017-08-25",0.00128077370791058,0.00132670852655359,0.00134517517573503,0.00138834989645819,0.00142224395638076
"2017-08-28",0.00133039768477541,0.00130170046379695,0.00137998086090322,0.00157203802068166,0.00164162184268473
"2017-08-29",4.13419239490881e-05,3.50683585277173e-05,4.19738807477611e-05,5.3612467384456e-05,5.78398941172169e-05
"2017-08-30",0.00370643562960629,0.00363630133705355,0.00391268798554165,0.00419349239003942,0.00424281682009759
"2017-08-31",0.00375712305275427,0.00384070118385339,0.00410108977395856,0.0041632285143082,0.00424589200839371
"2017-09-01",0.00453526456507268,0.00459309781809419,0.00475707761466015,0.00491758016013909,0.00498915511980627
"2017-09-05",0.00181776578739811,0.00186790124406678,0.00174380341444424,0.0016857818457592,0.00165680858014335
"2017-09-06",0.00059044848235387,0.000610800647948002,0.000679262038420777,0.000682883572076531,0.000676702204933477
"2017-09-07",3.4351149879962e-05,3.66155165493585e-05,4.24007555612961e-05,4.54120339195955e-05,4.42648180519391e-05
"2017-09-08",0.00311345749702333,0.00316919543204013,0.00317370359197107,0.00320382941993907,0.00322970554784568
"2017-09-11",0.00348839145835208,0.00359111560810027,0.00362539661063499,0.00365874047702194,0.00367749479304046
"2017-09-12",0.0189091670955268,0.0189633473708659,0.0190182026603894,0.0189150107520831,0.018994412815767
"2017-09-13",5.63132862695679e-05,4.57866062630356e-05,4.07976274202142e-05,3.88778042393371e-05,3.92720998840522e-05
"2017-09-14",0.00376901075241529,0.0038185440514979,0.00392983449701162,0.00396051397637352,0.00391430157715176
"2017-09-15",0.00291658119617096,0.00294351510906741,0.00295465831329845,0.00296605775669096,0.00295069385992301
"2017-09-18",0.00317513064033768,0.00318497457822873,0.00317639076667467,0.00316813386099024,0.00313885304357403
"2017-09-19",0.00222070345215394,0.00229974910423315,0.00235131093915132,0.0023906041474538,0.0023793938807837
"2017-09-20",0.003856044693483,0.00378123619202089,0.0036916682663169,0.00370139271220092,0.00369591714603799
"2017-09-21",0.000365658145942187,0.000338166916208738,0.000313007327184148,0.000310570083787663,0.000294347335369329
"2017-09-22",0.000769177468312244,0.000741369898541069,0.000732085730426117,0.000712605792334367,0.000707866197349416
"2017-09-25",0.00351265235525682,0.00344697488521192,0.00341765203831782,0.00337466490578716,0.00337677121282485
"2017-09-26",0.000346309521052002,0.000314641149983605,0.000307024772463305,0.000300165466213834,0.000295340256391263
"2017-09-27",0.000583611878720154,0.000617775416364556,0.00066158006818437,0.000649682343608617,0.000679113582215578
"2017-09-28",0.000677691693507537,0.000718251297974874,0.000732587867197205,0.000744044233475485,0.000769279766743464
"2017-09-29",3.72474951596993e-05,4.04161509966945e-05,3.88381049894001e-05,4.19334586205186e-05,3.98354428900325e-05
"2017-10-02",1.52948388246779e-05,1.51426276845585e-05,1.12603861604875e-05,1.2272250002211e-05,1.19556761050037e-05
"2017-10-03",0.00218468853300458,0.00217809669622363,0.00217521574259706,0.00216753529006772,0.00219015871676089
"2017-10-04",0.000515461118997331,0.000511016586896855,0.000518116974457226,0.000527319232162351,0.000531888808473468
"2017-10-05",0.00239784864051324,0.0024347757863331,0.00237422868260407,0.00238252034086054,0.00233895277952971
"2017-10-06",0.00351108583325228,0.00347115668942348,0.00345456087290948,0.00345128649656561,0.0034421734900477
"2017-10-09",0.00123118189945538,0.00125024831106652,0.00122380876285567,0.00122333886143663,0.00122599942896953
"2017-10-10",0.00571388619512771,0.00589253145708459,0.00587730916941502,0.00592988590656215,0.00588958791024583
"2017-10-11",0.00568067050031656,0.00576715049161943,0.00578051711275231,0.00583632845174501,0.00603890010187314
"2017-10-12",0.00127523980793422,0.00129302644306124,0.00126720910580256,0.00130250293598677,0.00137114472907762
"2017-10-13",0.00300987893369944,0.00300732942462363,0.00291232916553496,0.00296768515409671,0.00302419719315579
"2017-10-16",0.00170349728602226,0.00169127009938693,0.00167680311370432,0.00169634032015517,0.00175030572237081
"2017-10-17",0.0022538347357816,0.00229499099955441,0.00236221567944977,0.00238684966513298,0.00244163455472668
"2017-10-18",0.00613005563824518,0.00617262169356135,0.00615973669480698,0.00621547654659767,0.00625798248682175
"2017-10-19",7.44440941171933e-05,7.71412450362405e-05,8.83740618711238e-05,9.3206908589943e-05,9.11017458709467e-05
"2017-10-20",0.00543595533054032,0.00552212227126135,0.00556705446247267,0.00560921837113886,0.00556878947359909
"2017-10-23",0.00306277579861802,0.00313467925298599,0.00316372328573967,0.00318230140726375,0.00319555427146973
"2017-10-24",0.00529545614600566,0.00531280661403322,0.00537824124767317,0.00541695106348573,0.00541940964722193
"2017-10-25",0.00016402017442267,0.000161487775233946,0.00016295394976198,0.00015512183623109,0.000172238912631551
"2017-10-26",0.00105147889317878,0.00104647721533693,0.000997739977390387,0.00100825194950766,0.00104015844316377
"2017-10-27",0.000265963029874046,0.000277559635887267,0.000270418268715676,0.000265722294343929,0.000271057427113257
"2017-10-30",0.000279883374844708,0.000269996541664098,0.000269667749668396,0.000282237066365634,0.000275191683405783
"2017-10-31",0.00013795410160387,0.000137522468646739,0.000155141495128599,0.000156429874903979,0.00016021386680767
"2017-11-01",0.000935057336319692,0.000905542269787042,0.000892741056527321,0.000886257502249077,0.000891943418990387
"2017-11-02",0.00235583687391591,0.00234760090762879,0.00257387809135173,0.00253258091493899,0.00254238922530283
"2017-11-03",0.00766409035299421,0.00752974515126285,0.00771833083555783,0.00765770652736042,0.00766111773566146
"2017-11-06",4.98501494311686e-06,4.15180405028845e-06,3.73421849230882e-06,2.54593547613367e-06,3.1218744999165e-06
"2017-11-07",0.000148371264895449,0.000184705002721124,0.000169798276837276,0.000152112680450477,0.000152790017587619
"2017-11-08",0.000246572100722495,0.000240614752316538,0.000255331844281528,0.000257835018926506,0.000255688482076788
"2017-11-09",0.00174545791830084,0.00175094813029664,0.00168742029719295,0.00170199385448973,0.00170436789408686
"2017-11-10",0.000367135440514732,0.000366319812733772,0.000389422465414684,0.000389693966490057,0.000390252467909811
"2017-11-13",0.00114305816466339,0.00116299559002174,0.00118402940348103,0.00105237281380594,0.00101802973255526
"2017-11-14",0.000305744539839348,0.000293134514448252,0.00029424304583784,0.000292400160366873,0.000287223589755339
"2017-11-15",0.00138144225478074,0.00135061237807929,0.00139184749900095,0.00141335323024301,0.00143640921928526
"2017-11-16",0.0016015723956878,0.00159277360279501,0.00158060849593839,0.00141994595495521,0.00137637312073587
"2017-11-17",1.43461784794661e-05,8.46635976902993e-06,6.77857185727099e-06,3.04164066592873e-06,1.63217398811768e-06
"2017-11-20",0.00240289754027033,0.0023944026594266,0.002397551625316,0.00242000849075208,0.00243307342023213
"2017-11-21",0.000436446835582259,0.000420411944146339,0.000408423994451578,0.000410104598835576,0.000422283343266634
"2017-11-22",0.000388403545983364,0.000386633925330557,0.000371137586048714,0.000365042847967512,0.00040423255246171
"2017-11-24",0.00419544159306998,0.0041993924413559,0.00390342641235502,0.003949405499275,0.00402072703490482
"2017-11-27",0.000819286256688684,0.00083609464731197,0.000751877248127752,0.000792978673090792,0.000793759500760205
"2017-11-28",0.000726143129822783,0.00073885342384858,0.000708984138700204,0.000735324386482401,0.000742434074558882
"2017-11-29",0.00602412702285184,0.00598934930201632,0.00601032174726683,0.00596394098045823,0.00595864550877772
"2017-11-30",0.00120588172314564,0.00118802224578775,0.00121082831335261,0.00120114227695425,0.00120991497947745
"2017-12-01",0.0117332563107809,0.0116716394846363,0.0118135115825344,0.0118163906701481,0.0119238185520179
"2017-12-04",0.00100973615022124,0.000978454431825351,0.000974343572199187,0.000932025723887891,0.000916637814395649
"2017-12-05",0.000415994242124386,0.000398636520820611,0.000391623681915002,0.000371102607836442,0.000365400921263553
"2017-12-06",0.00117256546430581,0.0011468483261603,0.00116147020789459,0.00117793831365552,0.00118257039459131
"2017-12-07",0.00032813900559416,0.000314520903260127,0.000306898509437414,0.000325384160515387,0.000332256833966375
"2017-12-08",0.00113525873281997,0.00115005028267326,0.00114606447324412,0.00110295589754694,0.00113132777070402
"2017-12-11",2.63542903997124e-06,2.64155980583917e-06,2.7618188972565e-06,3.71284510736799e-06,3.44906492124808e-06
"2017-12-12",0.000203548057592108,0.000202045128554599,0.000204852326060914,0.000199333047986695,0.00020562428077981
"2017-12-13",5.76412225162143e-05,5.39081390792307e-05,5.35660143015358e-05,5.42892690535863e-05,5.08571566814751e-05
"2017-12-14",0.000260236481630746,0.000255124407999118,0.000253156848594799,0.00025430001639,0.000256200229822268
"2017-12-15",0.000155958634230817,0.000158456220019058,0.000151646294965146,0.000141855843195543,0.000131472831092217
"2017-12-18",0.000775053274790907,0.000769478172086384,0.000792621583728607,0.000795540347798788,0.000783593906827391
"2017-12-19",2.88116341507886e-07,2.30908736655141e-07,1.19689552983877e-06,9.4287740103233e-07,5.58706796475109e-07
"2017-12-20",2.73632692228967e-07,2.24132721319446e-07,6.38988459508873e-07,9.95411941278017e-07,5.72317459663309e-07
"2017-12-21",0.000451445891530831,0.000464235164742399,0.000493049501009838,0.000493602175526378,0.000489117025094272
"2017-12-22",0.00032645644511962,0.000320901766941901,0.000335867171799767,0.000357071555367369,0.000344393241449948
"2017-12-26",0.000786839055380799,0.000774659973849643,0.000753515853460591,0.00074804195935738,0.000763949906857844
"2017-12-27",0.00108885041338167,0.00108508708917564,0.00110026452319311,0.0010969052421639,0.00108152013324216
"2017-12-28",0.00515850312496895,0.00516198808662176,0.00516349156523933,0.0051498739328861,0.00517344527020045
"2017-12-29",0.0046579910618333,0.00464068466821568,0.00464224196230034,0.00459090405403243,0.00459787561268812
"2018-01-02",0.00553551443911084,0.00542263399120807,0.00535322827005341,0.00526565222692305,0.00537696477430011
"2018-01-03",0.00385575092064735,0.00379255443884684,0.00375367159331731,0.00371821735760032,0.00376543086550796
"2018-01-04",0.00368422766500281,0.00368392562209787,0.00366313312801239,0.00364888509309463,0.00369428928607026
"2018-01-05",0.0060639451783142,0.00609697300204842,0.00603766886772436,0.00607486304883126,0.00610120631146841
"2018-01-08",0.00428177884336791,0.00431880127970682,0.00426705441907133,0.00426376096674448,0.00434996718891116
"2018-01-09",0.00166874547097502,0.00167943079535657,0.00168435599521451,0.00169704322473745,0.00173736697927312
"2018-01-10",0.00181510430474496,0.0018421373255726,0.00185622243439004,0.00187789866449096,0.00190736870970008
"2018-01-11",0.00319494371033939,0.00321611491850325,0.00322703953173519,0.00323005640255283,0.00327726022287728
"2018-01-12",0.00348903014453403,0.00345399714203747,0.00346602091368659,0.00347001727016241,0.00352314149252893
"2018-01-16",6.05769565527954e-05,6.32385709832471e-05,6.19158128360794e-05,6.12142954739042e-05,5.84369848601738e-05
"2018-01-17",0.000511580821104525,0.000517591755385332,0.000542246597208524,0.000539061187600722,0.000536361417088557
"2018-01-18",7.85293759903454e-05,7.79785071733519e-05,7.87214271861182e-05,8.18144223864538e-05,8.2982073922451e-05
"2018-01-19",7.12297796085885e-05,7.15691299222463e-05,7.43669054777234e-05,7.65716822231936e-05,7.50719887566577e-05
"2018-01-22",0.00113659549307956,0.00114311949360201,0.00116924042819914,0.00116987340158599,0.00115478006099668
"2018-01-23",0.000423507366879204,0.000417602893369276,0.000404792060753616,0.000401728507885101,0.000401348423326472
"2018-01-24",0.00394222951493857,0.00392932048676874,0.00389092792040606,0.00391076466133272,0.00394684032900706
"2018-01-25",0.000975450352834147,0.000955404523169378,0.000912526270635494,0.000890071030024649,0.000931797923129046
"2018-01-26",8.96388556849555e-06,9.75456433531288e-06,1.29710500738168e-05,1.42444365420343e-05,9.33097621591808e-06
"2018-01-29",0.0080447847929867,0.00802687598775043,0.00793974483233514,0.00792704876431287,0.0080418260254606
"2018-01-30",0.0110911476775054,0.0110493072813714,0.0109353442579471,0.0109095947206557,0.0110230274874055
"2018-01-31",0.000951552017852367,0.000945921884873651,0.000938561176656739,0.000938781399248611,0.000962851491090916
"2018-02-01",0.00165935137632823,0.00166306253531328,0.00164228771654059,0.00163611828682169,0.0016455385020572
"2018-02-02",0.0205628632840906,0.0205847420148242,0.0205232806859045,0.0205115217300563,0.0205636267690086
"2018-02-05",0.130323844311463,0.130407181268188,0.130159091432617,0.130143528201281,0.129885682816744
"2018-02-06",0.263208015120406,0.263256768060028,0.263261477034428,0.263143491749754,0.262887894777644
"2018-02-07",0.0266550881893095,0.0266567672111942,0.0267149999481807,0.0266933210422183,0.0265511881277032
"2018-02-08",0.0476870922751645,0.0477041275169158,0.0477972710342566,0.0477523208607484,0.0475984311219819
"2018-02-09",0.153423599329535,0.153436916033968,0.153091073862994,0.153083710157977,0.152759239402797
"2018-02-12",0.0292183835872465,0.0292038952628196,0.0291409262736567,0.0291440758057044,0.0289299728809897
"2018-02-13",0.00590102293656945,0.00591406544367146,0.00590770172884541,0.00591703234925777,0.00574767692124371
"2018-02-14",0.00276737401928226,0.00277211389487981,0.00277372126714528,0.00279195243905854,0.00269521183644024
"2018-02-15",0.00346629798077135,0.00346443400691173,0.00343402751900704,0.00346307120850284,0.00339786267592085
"2018-02-16",0.00366917747495855,0.00365630020872212,0.00360912822819956,0.0037551594605505,0.00372214691274024
"2018-02-20",0.00408114846429724,0.00407069706230684,0.00406865445459305,0.00418256162229084,0.00412103322808957
"2018-02-21",0.00317107303035416,0.00317123657190483,0.00317208776557085,0.00318066512665738,0.00318955824915211
"2018-02-22",0.0012208888699046,0.00122242876116509,0.00124296189252113,0.00124541832767808,0.0012568567582541
"2018-02-23",0.00127997778621387,0.00127566981159114,0.0012653182390029,0.0012747635084625,0.00129237539574937
"2018-02-26",0.000195346764413032,0.000191139847912558,0.000190911339745555,0.000195419331844687,0.000196029011972433
"2018-02-27",0.000372631548255042,0.000374730002709333,0.000375703039512746,0.000371991128736627,0.000377310869257555
"2018-02-28",0.000367303842273759,0.000360758064520967,0.000350616733543696,0.00035810885276678,0.000363659847338875
"2018-03-01",0.0226675642579341,0.0226886534847086,0.0228102016902939,0.0227873546044734,0.0225382386057751
"2018-03-02",0.0085405134541717,0.0085637707284734,0.00875271013992719,0.00875542005252296,0.00866724375585616
"2018-03-05",1.31578649946388e-05,1.24869535949129e-05,5.20850540685107e-06,5.61238521380039e-06,6.26408791353466e-06
"2018-03-06",0.00493710271727518,0.00477411006197629,0.00459977258388996,0.00437411770854215,0.00463606660461555
"2018-03-07",0.0185860589121758,0.0182284975707172,0.0174429444313912,0.0172316799377889,0.0175813781305205
"2018-03-08",0.0142161459135923,0.0140851447324693,0.0137199429235318,0.013680194964772,0.0138819559701454
"2018-03-09",0.0202711543249817,0.0200367318423154,0.019527134746787,0.019431101116347,0.0197276490681461
"2018-03-12",0.0321558418987509,0.0317840679075919,0.0309754805881445,0.0308176056633411,0.0314402868796974
"2018-03-13",0.00672760352407194,0.00654210347149482,0.00632404134520063,0.00630294085539911,0.00638013261839993
"2018-03-14",0.00433040794206725,0.00432717114757994,0.00422652569194847,0.00418723169993467,0.0042257091581698
"2018-03-15",0.00994750284531498,0.00990594507240216,0.00975047254863873,0.00971356832131552,0.00968848370890501
"2018-03-16",0.0114467740900678,0.011392812404858,0.0113393318535555,0.0113331106544724,0.0113070559741689
"2018-03-19",0.000932459348117148,0.000919813456971194,0.000882334365730334,0.000882695062026677,0.000896218383616996
"2018-03-20",0.00648422431183798,0.00644921951423451,0.00645574404020773,0.00646139824895693,0.00646516264026953
"2018-03-21",0.000546393490448314,0.000537258608624946,0.000522826897195405,0.00052273668381068,0.000523596902400731
"2018-03-22",0.00103497833744271,0.00104576659127803,0.0010534908399037,0.00105913744299257,0.00105952674622097
"2018-03-23",0.00710337376766402,0.007111460973331,0.00709342988556434,0.00710140444601835,0.00713033469056345
"2018-03-26",0.00171106298015882,0.00171077310234544,0.00171934805311621,0.00172553861468724,0.00174349631333442
"2018-03-27",0.0134453192817823,0.0134853354387129,0.0135475899052536,0.0135914349238504,0.0135777125690145
"2018-03-28",0.0326300967507876,0.0327107025995336,0.0329574217300401,0.0330123913997213,0.0330471451865836
"2018-03-29",1.31011319969175e-06,2.03722754216649e-06,3.79702505083214e-06,5.02879467531443e-06,2.23135427984405e-06
"2018-04-02",0.00584858451949003,0.00587439749059178,0.00597783774378387,0.00602252779851253,0.00588092583535924
"2018-04-03",0.00293205071425244,0.00294037265412631,0.00306773944550952,0.00306932079730404,0.00300324751089432
"2018-04-04",0.00299225293054135,0.0029956522992533,0.0031209738787821,0.00312366498675775,0.00305641779725593
"2018-04-05",5.8149859993155e-06,5.56698107968223e-06,6.24182757241903e-06,5.60868340092439e-06,8.33558814763735e-06
"2018-04-06",0.00952971047901181,0.00954048851294566,0.00963699072332558,0.00964154799348201,0.0095840474953252
"2018-04-09",0.000364718683246327,0.000366024802451118,0.000384929982281512,0.00038837505151075,0.000400165788064174
"2018-04-10",0.0013555187295425,0.00135430466131084,0.00141449863554336,0.00141846533505869,0.00142335659017987
"2018-04-11",3.0266966857668e-07,2.86391893816846e-07,1.0708829478659e-06,1.23942888173622e-06,1.13319929553112e-06
"2018-04-12",0.000939130098642986,0.000936744799269121,0.000890654797957172,0.000885079032065335,0.000936709595592104
"2018-04-13",1.0855238831379e-05,1.08452243303224e-05,8.65640819593723e-06,8.34234884093155e-06,1.45663179960865e-05
"2018-04-16",0.000725204101352908,0.000724759703837383,0.000707571949134081,0.000701208656884087,0.000708289020042415
"2018-04-17",0.00494518596387927,0.00494467090499098,0.00486793869757723,0.00486264380182001,0.00487250295873207
"2018-04-18",0.00190364130656623,0.00190335222083318,0.00193581561755496,0.00193562969578811,0.00195846568294115
"2018-04-19",0.000960985763871042,0.000960306958350059,0.000974388300043293,0.000972957700481392,0.000980368569512195
"2018-04-20",5.89878101367666e-07,6.66971789556147e-07,5.0483573663883e-07,7.09568566242715e-07,8.6390452839257e-08
"2018-04-23",0.00357251501536772,0.00355637703776162,0.00356242780961287,0.00354981585307922,0.00364415587214942
"2018-04-24",3.0441029100141e-05,3.14235700358098e-05,3.82459562809493e-05,3.88932287677298e-05,3.40228596181013e-05
"2018-04-25",0.000827691870757724,0.000821895717593464,0.000757443172587754,0.000757763927275062,0.000782064347280994
"2018-04-26",0.0164687930278912,0.0164076824369274,0.0160418586896851,0.0160302597794748,0.0163516206683657
"2018-04-27",0.00345862217004312,0.00345107014717086,0.00339441334843732,0.00339400975218108,0.00338157449754221
"2018-04-30",0.00183610124633921,0.00182344499163514,0.00173811026052609,0.00173546011913913,0.00177003720081457
"2018-05-01",0.00479939010094578,0.00478484871934827,0.00462270236166832,0.00462152038636311,0.0046478942366884
"2018-05-02",0.00103262858549078,0.00102948695508048,0.000941148409800623,0.000940579326223449,0.00101031163256701
"2018-05-03",0.000575547670629179,0.000574505011178486,0.000568608845110582,0.00056881071032368,0.000580693822228736
"2018-05-04",0.00814149467949542,0.00812083069585558,0.00803411172239542,0.00803807574522098,0.00811680793171804
"2018-05-07",0.00236157453796938,0.00235913999051287,0.00232604954409397,0.00232928472116407,0.00232446009904119
"2018-05-08",0.0027259539424244,0.00271027356183625,0.00263045459614809,0.0026311331146778,0.00264642417667061
"2018-05-09",0.0101704191175822,0.0101564460883891,0.0101575557641652,0.0101586015169686,0.0102019536895837
"2018-05-10",0.00795479068165523,0.00795080551169988,0.00797182971562443,0.00797077324399472,0.00794656633079332
"2018-05-11",0.00669260410747882,0.00669127063236498,0.00684973939672572,0.00682608047297531,0.00682713044042047
"2018-05-14",0.00804912904645522,0.00802626254553463,0.00816466934452284,0.0081599722542671,0.00815341241433144
"2018-05-15",0.000194072802124991,0.00019554596127167,0.000212591998901482,0.000212567253149655,0.000213633142877731
"2018-05-16",0.00414313673383396,0.00415602349817242,0.00422484832478724,0.00421379577054109,0.00417045853496087
"2018-05-17",0.00442561892238083,0.00439665511495179,0.00447200753725589,0.00445731170307763,0.00442818158159348
"2018-05-18",0.00623958059664493,0.00617460187498109,0.0063634557463145,0.00633965369198362,0.00629597793614197
"2018-05-21",0.00731038689783082,0.0072852059253587,0.00724070874090613,0.00723489538644063,0.00721064193502628
"2018-05-22",0.0108086688077983,0.0107194303884838,0.0105744995854968,0.0105747704952215,0.0106578886574945
"2018-05-23",0.00780855809534823,0.00773698877404775,0.00743986743709844,0.00744636164590619,0.00767051960246627
"2018-05-24",0.00309761977745,0.00308076711459404,0.00301185791070408,0.00301408801607169,0.00306480720662938
"2018-05-25",0.00988482282086555,0.0098882920013622,0.00997006842990418,0.00993611305418144,0.0099864973642425
"2018-05-29",0.00431100957775303,0.0043221372438204,0.00437422930197059,0.00435608955113874,0.00434244102580451
"2018-05-30",0.011811560290121,0.0117825921341115,0.0115003180937342,0.011484378764174,0.0115297907928554
"2018-05-31",0.00914157979878474,0.00913670706908207,0.00901251186162272,0.00900188784826891,0.00898335599935965
"2018-06-01",0.0165978483885195,0.0165247152338815,0.0164986640499882,0.0165309646995948,0.0165881332684391
"2018-06-04",0.00836659107848699,0.00833648223284599,0.00841589991779329,0.00842288737962008,0.00843246535267682
"2018-06-05",0.0102725951380868,0.0103003011383811,0.0103920743933784,0.0103838227832201,0.0103842833961947
"2018-06-06",0.0111186939174087,0.0111282300879471,0.0111136703377023,0.0111285353089117,0.011136006860587
"2018-06-07",0.00288026112037794,0.00288594147795826,0.0028960848419527,0.00290561073308051,0.00290441589761868
"2018-06-08",0.00148813458714086,0.00149222622334779,0.00153740442800981,0.0015375771315621,0.0015345422746454
"2018-06-11",0.00481364517493228,0.00482384207509045,0.00471047039266906,0.00470551141574306,0.00465862839747055
"2018-06-12",0.00374016312747936,0.00374580515661248,0.00361001452243815,0.00360366463677779,0.00357849328767686
"2018-06-13",0.00235172849186797,0.00235076851034448,0.00232593610186331,0.00231937459026191,0.00231932731746865
"2018-06-14",0.00235595745622163,0.00235931754433124,0.00232384908711408,0.00231526475056146,0.00227268200609681
"2018-06-15",0.000506721010357669,0.000508464682243613,0.000498659806185044,0.000500583521275315,0.000486186657054906
"2018-06-18",0.0015032637345368,0.00150284458459348,0.00148394534977818,0.00148142907787969,0.00147151475309239
"2018-06-19",5.08836965490965e-06,5.06705908601147e-06,7.18975441379134e-06,7.16018017698853e-06,8.17671445954564e-06
"2018-06-20",0.000774244013205953,0.000772814796239963,0.000784105933684517,0.000782461532679641,0.000788530959138639
"2018-06-21",6.62064151252927e-05,6.48647602853673e-05,7.20303175732859e-05,7.1906734065224e-05,7.36106430525515e-05
"2018-06-22",0.0023304353012048,0.00232511515730427,0.00233640704499088,0.00233867903481667,0.00233897886009247
"2018-06-25",0.00291197611356804,0.00291517644187867,0.00285785239808106,0.00286027641323486,0.00287184783148966
"2018-06-26",3.2374496478447e-05,3.24988880279082e-05,3.1576929012392e-05,3.12853927110072e-05,3.14630152266537e-05
"2018-06-27",0.00114103405261508,0.00114125970523406,0.00114215185946891,0.00113215961018485,0.00114721436344944
"2018-06-28",0.000426315402177228,0.000426450913967451,0.000430865633476745,0.000424777485179077,0.00042384102012865
"2018-06-29",0.0069419365863828,0.00694212281504272,0.00699575036978879,0.00699322414555844,0.00701971322007362
"2018-07-02",3.9039416718157e-05,3.88478302132469e-05,3.54106148576677e-05,3.33673633774368e-05,3.11903299682973e-05
"2018-07-03",1.72304327590463e-05,1.6826944367817e-05,1.28284599491174e-05,1.30056146064456e-05,1.15248564095161e-05
"2018-07-05",3.76811170022647e-05,3.78055279733244e-05,3.84214406013142e-05,3.81232408509984e-05,3.86528276860482e-05
"2018-07-06",0.000494385673369252,0.000492431333235635,0.000497138751197532,0.000501337317488421,0.000514959816522948
"2018-07-09",0.00166675045151846,0.00165633989070465,0.00164439763789066,0.00165311521411957,0.00166531522861276
"2018-07-10",0.00109665223480246,0.00109050331236087,0.00112058870475665,0.00111844958612245,0.00111203104129822
"2018-07-11",1.66402112883568e-05,1.74048999168338e-05,1.43042587390196e-05,1.46297610433289e-05,1.56389344932984e-05
"2018-07-12",0.00143389361860454,0.00142993619091917,0.00142694792856435,0.00142332987163901,0.00141979026186884
"2018-07-13",0.00201215299131186,0.00200958150781236,0.00199841136736054,0.00200433889405407,0.00202067002500381
"2018-07-16",0.00198414246653701,0.00198609457672041,0.00194044497781601,0.00195430137737208,0.00199282470093912
"2018-07-17",0.000886833418955288,0.000887262423652096,0.000873519921207463,0.00087678973078979,0.000898270357937802
"2018-07-18",0.00189388790897154,0.0018939021914188,0.00188943947278584,0.0018916774524032,0.00192579739790395
"2018-07-19",0.000743827952888609,0.000743541965717323,0.000723343112913686,0.000719945741104251,0.000740160532543585
"2018-07-20",0.00186564663622593,0.00186516970642992,0.00185361389736799,0.00185086444894811,0.00186206629412355
"2018-07-23",0.00163698846135065,0.00163641193772248,0.00163068142668721,0.00163167694813227,0.00161959712465518
"2018-07-24",0.00185808380795278,0.0018660354203225,0.00188820295869913,0.00193251107458094,0.00188743335198732
"2018-07-25",0.00345450852042664,0.00345434121635374,0.0034920916472954,0.00347976893896865,0.00344136706638232
"2018-07-26",0.00227497723209284,0.00227444105344326,0.0022842585149395,0.00229155993961107,0.00232694273622725
"2018-07-27",1.94626359938021e-05,1.91486959248239e-05,1.88119003693933e-05,1.88617333479947e-05,2.246312950632e-05
"2018-07-30",0.00230358046697529,0.00230531764420618,0.00234595221180164,0.00234556205370352,0.00232059462855531
"2018-07-31",0.000164160682858828,0.000164555878999857,0.000163550067053655,0.000161392317919374,0.000167114374843018
"2018-08-01",0.00323725362452495,0.00323880499342747,0.00319707566280236,0.00318991540969341,0.00320787665843143
"2018-08-02",0.00130873906551842,0.00130943190047813,0.00128151765661368,0.00128616810755721,0.00124903283843149
"2018-08-03",9.62485026351837e-06,9.68095325216145e-06,9.59031642477996e-06,9.17645816186962e-06,1.027264941701e-05
"2018-08-06",0.00035139028497795,0.000349593222009412,0.000353240151838089,0.000350929021369512,0.00034773454226214
"2018-08-07",0.000363589896139688,0.000365040340266198,0.000365595631687174,0.000363651134939373,0.000373499459433858
"2018-08-08",0.000103782771664302,0.000102812038637764,0.00010325379482837,0.000102073201242613,0.00010260985680704
"2018-08-09",0.00109277689773118,0.00108664852446785,0.00110751224374292,0.00110395798702109,0.00110051746655246
"2018-08-10",7.73046650312177e-07,7.04424520506513e-07,9.71854256617701e-07,9.09867674777141e-07,1.34430743870113e-06
"2018-08-13",0.000101756169008123,0.000101085194828118,9.93195714801246e-05,9.94650339196755e-05,9.40218808565357e-05
"2018-08-14",0.000422676472374665,0.000426095935195803,0.000417170981307133,0.000419886324752207,0.000420488630780882
"2018-08-15",0.000161402829779015,0.000161125996542905,0.00015894978654969,0.000159171957420771,0.000155243676940913
"2018-08-16",0.00085891323197235,0.000857520819532652,0.000855414914494454,0.000835880951845821,0.000813098901146775
"2018-08-17",4.15490039834884e-05,4.62542312520787e-05,4.02734917471599e-05,3.53414908206536e-05,4.24117346675802e-05
"2018-08-20",0.000315792956116888,0.000325677875264384,0.000313627861956317,0.000305955385860043,0.000314530120218304
"2018-08-21",4.53849239369952e-06,3.77625366124294e-06,4.0025001447726e-06,4.87744739349587e-06,5.85208468221704e-06
"2018-08-22",2.62588057948483e-05,2.446113194883e-05,2.57720039730812e-05,2.69823549445444e-05,4.47016748989191e-05
"2018-08-23",0.000174793381523312,0.000169884543113564,0.000165736823700483,0.000170239765452659,0.000177071024117363
"2018-08-24",0.00161396589263954,0.0016107629976284,0.00155312812495691,0.00157661002965105,0.00156245414205576
"2018-08-27",0.0014897162766101,0.00149143031208318,0.00146465864470893,0.00143995007211412,0.00142920156581147
"2018-08-28",0.0033967303028458,0.00341616432300134,0.00341820814637113,0.00341430751646452,0.00344132266405411
"2018-08-29",0.00460858223734302,0.00460598712565498,0.00463965382758834,0.0046441105985895,0.00458240431418282
"2018-08-30",1.19217826337785e-05,1.09280989352947e-05,1.04489147931457e-05,8.03990295051441e-06,7.50747349623336e-06
"2018-08-31",0.000421645751902498,0.000430516741444201,0.000447320177447351,0.000460197329263692,0.000458016109995488
"2018-09-04",5.32173628547175e-05,5.60216151477317e-05,5.67351117340445e-05,5.76988780581336e-05,6.50354307501917e-05
"2018-09-05",0.0014159697475175,0.00139345601480917,0.00137519664956072,0.00136535008126543,0.00135706982118088
"2018-09-06",0.0033015193297484,0.00324838084531618,0.00326127746153588,0.00318764488905402,0.00318086283342606
"2018-09-07",0.0100417154688791,0.0100047704536069,0.00999379189774672,0.00994032436611931,0.00993794844801649
"2018-09-10",0.00872204830124357,0.00869984786543687,0.00871440217159625,0.00868329948981706,0.00867157183871228
"2018-09-11",0.00143427178739042,0.00142066669101718,0.00139137122762372,0.00138833641728005,0.00139757992030855
"2018-09-12",0.0215434187614319,0.0215473528166022,0.0214178553120229,0.0213313597012152,0.0214110383077338
"2018-09-13",0.00149098796404029,0.00150160579354218,0.00150203256230548,0.00150445820015011,0.00147840910046262
"2018-09-14",0.00233574299359832,0.00232565716748941,0.00232648654411107,0.00229388117241616,0.00222389293605969
"2018-09-17",0.00541044381801366,0.00537865935125783,0.00537942416285482,0.00533283290564212,0.00521747247245167
"2018-09-18",0.000814385626263082,0.000794847491076511,0.000762345876958698,0.000722925096274915,0.000701726003107005
"2018-09-19",0.00114101318542314,0.00112526802653761,0.00108448110427637,0.00106534991193424,0.00107388991839956
"2018-09-20",0.000581323562381117,0.000575476020783123,0.000558788124651121,0.000549781941168811,0.00056381900073302
"2018-09-21",0.000524463915493044,0.000531465798068065,0.000502448516364899,0.000480998837946373,0.000466486970638346
"2018-09-24",0.000382113075438638,0.000381987546636771,0.00036591777642496,0.000351829479032277,0.000354566644182219
"2018-09-25",0.000428791183267394,0.000425693887847616,0.000402523194228259,0.000396977660953432,0.000404325491351759
"2018-09-26",0.00143720381390409,0.00142626186231658,0.00140278193535638,0.00137271169413729,0.00134703114521029
"2018-09-27",7.17962587649494e-05,7.00982074136397e-05,6.48168964294323e-05,6.21776883315538e-05,6.52454960193444e-05
"2018-09-28",0.000280607049556074,0.000286380370587681,0.000303122385343163,0.000317590455693498,0.000307927233446737
"2018-10-01",0.000104613424751115,0.000108955313165298,0.000121343342415196,0.000131864627548548,0.000136956404600473
"2018-10-02",2.89852940451066e-06,2.20112584289646e-06,1.29397782012235e-06,1.87148033033988e-06,2.44137269084501e-06
"2018-10-03",8.25660289822734e-06,9.6324405114775e-06,1.40529428056856e-05,5.25358672046691e-06,1.83839414392053e-06
"2018-10-04",0.00362717791875018,0.00362588565144887,0.00352472265198211,0.00353578109276717,0.00355684444833984
"2018-10-05",0.0044800064769258,0.00443184465205273,0.00433619332401802,0.00425434270456809,0.00432738852140818
"2018-10-08",0.00278884234554101,0.00274916000207556,0.00273224184949291,0.00264857657668152,0.00267035291748735
"2018-10-09",0.00354494179883696,0.00352245585425108,0.00357372329513289,0.00346834032440794,0.00343332747070892
"2018-10-10",0.0151682285637183,0.0151033460890809,0.0150784707943779,0.0148987189529934,0.0148631142438878
"2018-10-11",0.0862666179295987,0.0860784133452855,0.0858134356447828,0.0856080519556839,0.085440880824531
"2018-10-12",0.0227928460492973,0.0227460076610857,0.0226224651194156,0.0225037145245385,0.0225413194989976
"2018-10-15",0.00438365427046287,0.0043426508692497,0.00427449863651266,0.00422894317742153,0.00422958483145632
"2018-10-16",4.40097799231246e-05,3.97694568542795e-05,3.74047249747052e-05,1.52576915124154e-05,1.13525069077973e-05
"2018-10-17",0.00294843733030505,0.00286486266800037,0.00280352717425801,0.00264698826648784,0.00257503851259704
"2018-10-18",0.00757670302426529,0.00752473903816218,0.00744927769705832,0.00740956261498922,0.00731272075660232
"2018-10-19",0.00263609699798033,0.0025954307994891,0.00257090808211767,0.0024913756766905,0.00248677938151079
"2018-10-22",0.0013666481147106,0.00132003909389149,0.00127864958603613,0.00122317066936826,0.0011999435890634
"2018-10-23",0.0138718943847584,0.0138068363648216,0.0136703230912864,0.0134635071872548,0.0135063117737767
"2018-10-24",0.0223673979979525,0.0223748217431993,0.0222921959406052,0.0221372994175168,0.0221898206118623
"2018-10-25",0.00710790977113147,0.00705409706286615,0.00696257580236677,0.00691396850115188,0.00692305969991696
"2018-10-26",0.0448599268555332,0.044820776128645,0.044937162029642,0.0448704618711926,0.0447995734337516
"2018-10-29",0.0472031404014471,0.0475793708419236,0.0472424711738962,0.0473405872949649,0.0472328009845252
"2018-10-30",0.0524501301529819,0.05230589023043,0.0520421138265159,0.0518707011201296,0.0515572019607704
"2018-10-31",0.00282460143707021,0.00278193152349295,0.00266266471511241,0.0026356502572695,0.00260255781045794
"2018-11-01",0.00159700128670619,0.00161395834444929,0.00157328400230972,0.00156515788077778,0.00156039500682857
"2018-11-02",0.0184409568060266,0.0183973046802973,0.0184265321766697,0.0183253679559434,0.0183458247364715
"2018-11-05",0.00507561182689743,0.00504215133511445,0.00499688671772569,0.00501895413276693,0.00497615246609509
"2018-11-06",0.000596864972196987,0.000584744738528341,0.000583938209188643,0.000577447092470294,0.000565376321006885
"2018-11-07",0.00490225694580324,0.00477139446802885,0.00474077665173778,0.00470745362936054,0.00485851177545894
"2018-11-08",0.0153911392144537,0.0148417261392345,0.0143748915093907,0.0139894250525388,0.0144204596530782
"2018-11-09",0.0102291413911163,0.0099072778547812,0.0096109282025817,0.00931581937774983,0.00947809805732611
"2018-11-12",0.0001729781978968,0.000150705066221011,0.000142547015154085,0.000115941851772043,0.000117849532482893
"2018-11-13",0.00527862119767806,0.00533168804358832,0.00534164239809187,0.00536157616123936,0.00543568778890289
"2018-11-14",0.0048561018455364,0.00498630519591291,0.00508066379515903,0.00510886694044299,0.00510696536751649
"2018-11-15",0.00352720540014733,0.00363235041178195,0.00373000055514745,0.0037759498181299,0.00373325366009386
"2018-11-16",2.897780060101e-05,2.04262212213986e-06,1.87222889483702e-06,1.66854384357025e-07,2.39407708191668e-06
"2018-11-19",0.000944965278098563,0.00114165873439939,0.00121437565910898,0.00129726364747788,0.00130639295027635
"2018-11-20",0.0291718798944685,0.030332075812644,0.0304546667450326,0.0310759905712797,0.0306718714660076
"2018-11-21",0.00280017069647028,0.00247969706533496,0.0024419028279197,0.00228983452814063,0.0025111761496327
"2018-11-23",0.00489176276027876,0.00452781247316883,0.00443930446197635,0.00432162107900681,0.0044113261324751
"2018-11-26",0.0025340976431194,0.00219230555582655,0.00217065091594119,0.00194917982337854,0.00196247668502585
"2018-11-27",0.00169401572523075,0.00143053105690284,0.00142100203112797,0.00131525884657745,0.00139234806823729
"2018-11-28",0.00638443242529144,0.00594853528222472,0.00592453222097107,0.00582346190267224,0.00606152899449898
"2018-11-29",0.00224359918432087,0.00202848976800721,0.00202209570503691,0.00197262754595037,0.00196191880414655
"2018-11-30",0.00491366362657931,0.00478157248817186,0.00477069451347044,0.00471973919967214,0.0047843823530238
"2018-12-03",0.00686663271556105,0.00656691720823518,0.00656622477759855,0.0066676753650832,0.00673672239373282
"2018-12-04",0.000186975448301002,0.000150259334890584,0.000154150679408003,0.000182408258834918,0.000171368125396869
"2018-12-06",0.00685448286501902,0.00694254740797447,0.00692430149941116,0.00679406091925111,0.00691682323866136
"2018-12-07",0.00670854415061628,0.00674293927373019,0.00675760137512786,0.00684704098036546,0.00673897176701638
"2018-12-10",0.0236398986057716,0.0236215065161686,0.0236397496990032,0.0237177578957044,0.0236458702325447
"2018-12-11",0.008294588559841,0.00836707789710705,0.00839231009745793,0.0086760219791073,0.00874862799082678
"2018-12-12",0.000276192348098371,0.000253068804818763,0.000253138282808095,0.000270405382337166,0.000278930643546613
"2018-12-13",2.89808804371272e-05,1.82459606220423e-05,1.74449486779654e-05,1.5786415650238e-05,2.86235254574648e-05
"2018-12-14",0.000976245291586643,0.000904094669620139,0.000898109671733457,0.000889401703098773,0.000934343887758049
"2018-12-17",1.44180317226045e-05,2.77045689828995e-05,2.92526474508362e-05,4.48913568031616e-05,3.48491512645978e-05
"2018-12-18",9.32336988957836e-05,7.29382596501899e-05,7.05315512608762e-05,5.45240089802599e-05,5.01280217808087e-05
"2018-12-19",0.0131134958977238,0.0133977645771505,0.0134067598044653,0.0134730772258777,0.0132317342894993
"2018-12-20",0.0104748564331385,0.010703186291262,0.0107107604113599,0.0108053947505092,0.0102704387397466
"2018-12-21",0.0254557992908305,0.0254976358779371,0.0255022317645025,0.0254710149962997,0.0250602087729115
"2018-12-24",0.00777116410530106,0.00785855712895778,0.00779337110726873,0.00759274619882331,0.00762083970138116
"2018-12-26",0.00999512840879332,0.00991773723462078,0.00986573874621616,0.00986438104504274,0.00987325101701431
"2018-12-27",0.00605435990716691,0.00611337772814663,0.00611290399946378,0.00603815289003356,0.00604858389140274
"2018-12-28",0.00502389536075578,0.00513974383440569,0.00512642251016102,0.00508801186590507,0.00495399388832191
"2018-12-31",0.00188683785941294,0.00184568480599518,0.0018609154003236,0.00186719650457807,0.00193052608965271
"2019-01-02",0.000813416721880262,0.000804496102582877,0.000806284660823038,0.000812207329178077,0.000817125707736037
"2019-01-03",0.0141270021504042,0.0143287517717768,0.0143861224577151,0.0145347134359382,0.0142508122298766
"2019-01-04",2.27786358873105e-08,3.35079302040632e-06,4.24929595428948e-06,1.69448362765859e-05,1.10659870293201e-05
"2019-01-07",0.000237944304253895,0.00031846219641794,0.000335119662199411,0.000460947382256953,0.000416761699054082
"2019-01-08",0.00411595402718408,0.0037348623923619,0.0037000437228416,0.00335969565820069,0.00339491043168154
"2019-01-09",0.00145940333152612,0.00127706383402895,0.0012487956930508,0.00105893661048252,0.00109606536429123
"2019-01-10",0.00740912895648024,0.00708712952863417,0.00707255727740032,0.00667650380520363,0.00676935764721242
"2019-01-11",0.0101106807777515,0.0098428875114618,0.00981066274581897,0.00945243841700064,0.0094230446343416
"2019-01-14",0.0108779794590672,0.0106667505798511,0.01066966534465,0.0102955357429744,0.0102371779098524
"2019-01-15",0.00755996546517392,0.00740958104330817,0.00740131935649076,0.00710590739543831,0.00695966842079947
"2019-01-16",0.0121660444068375,0.0116597080585214,0.0116515516863064,0.0111638548079402,0.0112125178248508
"2019-01-17",0.0031628429493435,0.00301728061462175,0.00299150211310941,0.00271664014530659,0.00273840583764687
"2019-01-18",0.0153560495685742,0.0143622178232188,0.0142908811455041,0.0132626532131174,0.0132712339610236
"2019-01-22",0.0183474382394854,0.017208249696359,0.0171089126217313,0.0160766731798268,0.0161014270667159
"2019-01-23",0.0298409021766987,0.0285296524499855,0.0283861323057216,0.0270557484802178,0.0270428183604037
"2019-01-24",0.024892349089704,0.0236481637066545,0.0235845993859363,0.0218671944051075,0.0216402483697475
"2019-01-25",0.0327738152646196,0.031573282062704,0.0314461222915768,0.0300994408935462,0.0299727386143096
"2019-01-28",0.0233940516826264,0.0223589635249111,0.0222981218087876,0.0210204379684688,0.0210594271213628
"2019-01-29",0.0192866111913148,0.0184988024527653,0.0184701540414274,0.0175253392325684,0.017293045198831
"2019-01-30",0.00101531234323216,0.00092899859179064,0.000928199054138671,0.000818016789435847,0.000774725984348116
"2019-01-31",0.0105092259572568,0.0101775904833337,0.0101586129090189,0.010049079270374,0.00996140273097835
"2019-02-01",0.0192430732218436,0.0187448733478512,0.0186744054767297,0.0185405356891607,0.0186135143883487
"2019-02-04",0.0185616369055936,0.0181198721560711,0.0181120254666551,0.0177064476490693,0.0175072375117985
"2019-02-05",0.0231298266244343,0.0231092968229156,0.0231115101463414,0.0233033215373419,0.0232731586486258
"2019-02-06",0.0129500080208751,0.0128395142098739,0.0128383159618926,0.0126139708587218,0.0124820332362547
"2019-02-07",0.00972158282407468,0.00977107239675375,0.00978895269559018,0.00979462470353278,0.00955653123275341
"2019-02-08",0.0116060518719548,0.0116334198131668,0.0116329317249587,0.0117536697490331,0.0117091371459389
"2019-02-11",0.00748334027090686,0.00753139863309597,0.00753061427455266,0.00762631992196064,0.00749955345340955
"2019-02-12",0.0144708585524909,0.0145981498741273,0.0146608933746661,0.0148536960968366,0.0147044109874311
"2019-02-13",0.00999843331622677,0.00997043374749557,0.0100000277941823,0.0101357418622988,0.0100820411570839
"2019-02-14",0.0050917449307339,0.005225365076627,0.00522427909560791,0.00546208500563024,0.0052942855345108
"2019-02-15",0.00972017993064352,0.00977225407726557,0.00979754071762657,0.00989055049366588,0.00990174883090212
"2019-02-19",0.0138523129667868,0.0137751734358352,0.013791401492872,0.0127133817602552,0.0124175267980235
"2019-02-20",0.00763971844985154,0.00757557935291259,0.00758268282373183,0.00743725401797848,0.00738481873770346
"2019-02-21",0.00909516921061818,0.00911081374488256,0.00913710003658166,0.00915490227842833,0.00913909482628313
"2019-02-22",0.0142375915382208,0.0141778037236946,0.0142054223518463,0.0142961942858652,0.0142186142630904
"2019-02-25",0.00641357693909222,0.00653524898897819,0.00652127077625336,0.00663043802929647,0.00647688384707793
"2019-02-26",0.0109928011664384,0.0109690186803826,0.0109581902172042,0.011123809082625,0.010987105837676
"2019-02-27",0.00789058813197841,0.00803459224470567,0.00805139497503652,0.00831029345114872,0.0082650153476732
"2019-02-28",0.0162234030273594,0.016243225268534,0.0160241664762382,0.0163966733131816,0.0168247721220712
"2019-03-01",0.0126611464547046,0.0127220534118469,0.0127481432525308,0.0126365567979174,0.0126476697352936
"2019-03-04",0.00358947497858449,0.00324086463091106,0.00328676403009882,0.00342545429572421,0.00333336874174066
"2019-03-05",0.00994428520668306,0.00994901870978727,0.0100210148774049,0.0106023908811107,0.0105214118524167
"2019-03-06",0.00678035079816599,0.00696592459483167,0.0070283554996246,0.00733712163294959,0.00741513901637233
"2019-03-07",0.00167516578057943,0.00177227160391839,0.00179484584173455,0.0019147202120436,0.00201324911084412
"2019-03-08",0.00361235372755476,0.00367494373016104,0.00366421975864924,0.00374732842677007,0.00380179610301395
"2019-03-11",0.00710446130451578,0.00719588717879638,0.00724258394407053,0.00739006187969424,0.00735428001004701
"2019-03-12",0.00354443648570227,0.00370323125591962,0.00373670847810781,0.00380312454603757,0.00380260669422676
"2019-03-13",0.00187297153053335,0.00199722206076763,0.00201233132999929,0.00204843671786736,0.00202808954401753
"2019-03-14",0.00512816073627343,0.00535960127576153,0.00538810755560444,0.00547801571244297,0.00555885343515643
"2019-03-15",0.00438494819747057,0.00436857107480977,0.00437624452034159,0.00446387721438115,0.00445948979165719
"2019-03-18",0.00433746062784496,0.00444993939227877,0.00444266495547346,0.00466256687520624,0.00460228920426237
"2019-03-19",0.00030346886929566,0.000361261916323954,0.000372687738713635,0.000426771316629763,0.000411276819716369
"2019-03-20",2.89198788513207e-05,1.85221903024862e-05,1.89696505860765e-05,1.05520125779937e-05,1.62201278483864e-05
"2019-03-21",7.11680518964409e-05,8.9925030165367e-05,8.78962631055128e-05,8.28348808131669e-05,7.20815662222399e-05
"2019-03-22",0.0059274572931526,0.00582011150945854,0.00583519896828552,0.00579922056576035,0.0058971306127982
"2019-03-25",0.0124678848195322,0.0121740846509468,0.0121831945907949,0.0118987190936097,0.0119757081866129
"2019-03-26",0.00780890929727712,0.00764070825476807,0.00763352899475157,0.00757281264269418,0.00769141963207075
"2019-03-27",0.00383629825279949,0.00377144264106391,0.00376536794372194,0.00375951480682503,0.00382406908376546
"2019-03-28",0.000236174383995588,0.000223429708389824,0.000223391672431215,0.00019576944145746,0.000180165275596044
"2019-03-29",0.000192280501107165,0.000214138201859172,0.000215599871963468,0.000210394563527297,0.000214629342003922
"2019-04-01",0.000267715338793626,0.000250565314279845,0.000249365471523982,0.000261360141443092,0.00030174701702962
"2019-04-02",0.000872867152412476,0.000857989579486397,0.000855514201788896,0.00086407759939688,0.000894841331039344
"2019-04-03",0.000168962788594265,0.000174387514373776,0.000172011832693676,0.000177936240363637,0.000187748269377883
"2019-04-04",0.00173460248297907,0.00169559921328585,0.00169310038403259,0.00173790050290238,0.00177078635416893
"2019-04-05",0.00413840213525557,0.00408619177906759,0.00408736066489236,0.0041417324431513,0.0041584488569125
"2019-04-08",0.0010194988454643,0.00102112778614787,0.00102275640957659,0.00105126588927822,0.00125885931606958
"2019-04-09",3.58174942403972e-05,4.27543313182963e-05,4.3240803662997e-05,4.81634286587647e-05,0.000118278536828517
"2019-04-10",0.00077496018734575,0.000847760544090199,0.000849980495508616,0.00081942480855007,0.00105751205730896
"2019-04-11",0.00044015032251433,0.000493537859359168,0.00049554215574949,0.000464642719239146,0.000534418862711904
"2019-04-12",0.000194242648049314,0.000227121094825076,0.000227520250861972,0.00023712833734879,0.000317166778779655
"2019-04-15",0.00165045936667762,0.00174050587279646,0.00173212890201958,0.00177436732091649,0.00185229366564557
"2019-04-16",0.00054474332011998,0.000579775588136165,0.000575099431728391,0.000609516144510222,0.000631717670202952
"2019-04-17",0.000717084332914202,0.000755832272833066,0.000756105850702029,0.000739675634157619,0.000718351879476732
"2019-04-18",0.00270850685609273,0.00279832910385873,0.00280455048297063,0.00277344193723481,0.00270117748797215
"2019-04-22",0.00723927172911102,0.00729267427766528,0.00730385418631897,0.00715424131662224,0.00700719490512701
"2019-04-23",0.0113143810714197,0.0114600807309376,0.0114580717133693,0.0113443436481202,0.0111485050335175
"2019-04-24",0.0136617820869335,0.0140760387306989,0.0140093504174285,0.013761730625804,0.0135061562193396
"2019-04-25",0.00784407905775156,0.00793122341450302,0.00791956195872907,0.00804367947773398,0.00812581539665028
"2019-04-26",0.000440870453514938,0.000513549043091127,0.00051166884826969,0.000516479596874058,0.000491582036717353
"2019-04-29",0.00516334526839052,0.00528046564547683,0.00528085698758039,0.00536617604866905,0.00533511099628852
"2019-04-30",1.3298736539171e-05,8.53961026155241e-06,8.16683650127504e-06,5.92909565731266e-06,6.10487741857316e-06
"2019-05-01",0.00354494446280937,0.00348419855808559,0.00348528203780767,0.00355987012592147,0.00358634491280266
"2019-05-02",0.000275595440751725,0.000243913625661648,0.000244361776934751,0.000218521876953843,0.000213603079180511
"2019-05-03",0.00334861608960012,0.00346581272836786,0.00346210648112866,0.0034990988215249,0.00359232176671603
"2019-05-06",0.00108860388638083,0.00102343358226766,0.00102726561412553,0.00106332094381557,0.00106177769721057
"2019-05-07",0.00874476352037601,0.00843245284658835,0.00843081222580422,0.00841461065756852,0.00832791343835464
"2019-05-08",0.00127934600504481,0.00115282434461912,0.00115416670958268,0.00109371791132856,0.0010960328653639
"2019-05-09",0.0108636169305972,0.0105869011104533,0.0105920792621895,0.0105522204083821,0.0106001609320732
"2019-05-10",0.0127433284939423,0.0123548541053964,0.0123540358915746,0.0123481951553408,0.0123410352922238
"2019-05-13",0.0308866698562762,0.030352808533632,0.030362953868789,0.0304621032966786,0.0305361685444234
"2019-05-14",0.00420027355354045,0.00398651132406153,0.0039877045083723,0.00393885826572819,0.00394689988782133
"2019-05-15",0.00102676773769006,0.000973078550555932,0.000973386635276288,0.000905262082523531,0.000870875378028776
"2019-05-16",0.000132732554428052,0.000130144295585255,0.000127845850352533,0.000117533141535768,0.000124705991457677
"2019-05-17",0.00484477942377955,0.00519084545080018,0.00514350087186314,0.00524151001525115,0.00535543587423825
"2019-05-20",0.0137000728595772,0.0137958403529122,0.0137972539346031,0.0138355352892486,0.0139653500343739
"2019-05-21",0.000335969727505379,0.00035526465718675,0.000347921435597329,0.000338298305292015,0.000345767427554435
"2019-05-22",0.00158171219565957,0.00154843169209072,0.00153995238475814,0.00153734127833341,0.0014734487425138
"2019-05-23",0.00701184984447421,0.00739429205280676,0.00739131823053223,0.00740660160239004,0.00742593725190791
"2019-05-24",0.000241503391446352,0.000261997889730517,0.000265582240102859,0.000265599580178207,0.000260703622692133
"2019-05-28",0.00198136792662999,0.00190072187463966,0.00190568384855732,0.00191026531173071,0.00189393314666915
"2019-05-29",0.000554192449957445,0.000505425905363082,0.000500188846822948,0.000495604741587529,0.000521821251747931
"2019-05-30",0.000959341545126449,0.00103117643857814,0.00111459735909946,0.00112869800565993,0.00105088507077704
"2019-05-31",0.000431039977793614,0.000396938260304926,0.000406254180763122,0.000411388298516297,0.000367094309091308
"2019-06-03",0.0625803114728871,0.0628900586523714,0.06284151297424,0.0627274386666116,0.0626206086721685
"2019-06-04",0.000261258256825587,0.000268030491621048,0.000271260014183769,0.000274191811796536,0.000291082628496165
"2019-06-05",3.55259233369455e-05,4.7005738021244e-05,4.58960077474639e-05,4.66863140163562e-05,4.77106857860368e-05
"2019-06-06",0.00108367593465665,0.00101108799070467,0.00104098301881101,0.00104137199900597,0.00104204970223566
"2019-06-07",0.00168121100060117,0.00161019314037079,0.00161950078250469,0.00160760998716846,0.00158795015859629
"2019-06-10",0.00186873747624857,0.00175844484787341,0.00173807815175038,0.00175289891725178,0.00172103439555037
"2019-06-11",0.00697001552328851,0.00657830655636582,0.00656426109690903,0.00664353922445554,0.00660503280964737
"2019-06-12",0.00623677480132946,0.00608204777976755,0.00605640950611344,0.00611172140055232,0.00606646303578817
"2019-06-13",0.00328553587974909,0.0031956858484238,0.00321459012209084,0.0032447445114442,0.00327788844057796
"2019-06-14",0.002584667651391,0.00256850154333979,0.00261031446392898,0.00265864250427696,0.00272356160547802
"2019-06-17",0.0067236013707148,0.00673443895621544,0.00674361062291508,0.00674649406202617,0.00671315605799151
"2019-06-18",0.00332885674948288,0.0034409415499712,0.00340434458049109,0.00354444780132297,0.00351813430570022
"2019-06-19",1.85600191462603e-05,2.34019251020504e-05,2.19653572022959e-05,2.67390805718696e-05,2.65932420434575e-05
"2019-06-20",0.00535716552772716,0.00536892974219632,0.00532129533808977,0.00537997887479316,0.00532676424008748
"2019-06-21",0.0100504604694686,0.00987402831016658,0.00987217431987959,0.00996371704235351,0.00996670614016992
"2019-06-24",0.00761355647445421,0.00762556020341706,0.0075422881091346,0.00761961478440442,0.00779317667175888
"2019-06-25",0.00344312375908357,0.00350761350347059,0.00349415227202971,0.00357806696862213,0.00353101812363654
"2019-06-26",0.00688944351536607,0.00665994768024711,0.00665487451816568,0.00671390270739766,0.00666981873534088
"2019-06-27",0.00821226467475867,0.00820644874846005,0.00817833114053649,0.00819327810065642,0.0081159309488303
"2019-06-28",0.00706523645040753,0.0069929302254699,0.00689684442261091,0.00697576793449942,0.00691585169313158
"2019-07-01",0.015214680323335,0.0150171163802384,0.0151180081264196,0.0152858846073419,0.0152257532560435
"2019-07-02",0.0123961220461372,0.0124288745250018,0.0126660964948444,0.0127178894207286,0.0126319569948561
"2019-07-03",0.0226397590340441,0.0227844016846844,0.0227120372922229,0.0228221704202719,0.0232017008475693
"2019-07-05",0.00920339474288793,0.00933745800296871,0.00930843795747181,0.00933085910819292,0.00928330797108889
"2019-07-08",0.00631970136098431,0.00635172688689547,0.00633992634156841,0.00635448245692065,0.00618126538266067
"2019-07-09",0.00940981099201479,0.00948247943178606,0.00939651365262723,0.0093991957557607,0.00924374349805022
"2019-07-10",0.00715814425927496,0.0071548666845831,0.00708950216164156,0.00708987367196131,0.00699976731864009
"2019-07-11",0.00627617275218662,0.00639204764189669,0.00636712472984371,0.00637346778144508,0.00641377324419858
"2019-07-12",0.0101412294763745,0.0104192534914398,0.0103602889151313,0.0103663707230166,0.0103282085332131
"2019-07-15",0.00948963146353081,0.00965448636741692,0.00960463967141743,0.00960948107096512,0.00950144727955709
"2019-07-16",0.00592171250278015,0.0061137986030423,0.00610354148421727,0.00611069010780466,0.00619659746549913
"2019-07-17",0.0084679034469308,0.00851853597809974,0.0085820394644607,0.00855709191613043,0.00870939388592821
"2019-07-18",0.00944837119015127,0.00948227327074954,0.00940043512681588,0.00938709762228193,0.00961319492060601
"2019-07-19",0.00345613573048748,0.00339114168133047,0.00346429801142146,0.00345866491514637,0.00342806700137745
"2019-07-22",0.00551202757261162,0.00542818864623544,0.00549366480901615,0.00545635846126342,0.00536502682862683
"2019-07-23",0.0029145937118222,0.00294756990925166,0.0029671006078974,0.00294940879929933,0.00289999890451973
"2019-07-24",0.00590447580612362,0.00594612738667618,0.00602123576800472,0.00601028851130296,0.00591865316729895
"2019-07-25",0.00173560811192626,0.00178232155574884,0.00181481873994642,0.00181523533291994,0.00193845317564295
"2019-07-26",0.000743147745284715,0.000764027025050384,0.000735601548192531,0.000734807605240027,0.000924308550933426
"2019-07-29",0.00263880963957867,0.00269530311004758,0.00269584097274898,0.00269521261762211,0.00275116630702233
"2019-07-30",0.00137141086168802,0.00140990019910431,0.00137159109184241,0.0013724687970842,0.00143763994752126
"2019-07-31",0.0187886465389117,0.0186357490148863,0.0184441180324839,0.0184474864609992,0.0182919777005212
"2019-08-01",0.0325232960190619,0.0325834926524868,0.0325690419616493,0.0325688348768499,0.032933986920885
"2019-08-02",0.0213237986643489,0.0213421099656891,0.0212845937344184,0.021286371705959,0.0213768918831873
"2019-08-05",0.0169524361137235,0.0168255684231371,0.0167185708482223,0.0167183219384514,0.016817181623141
"2019-08-06",0.00786586012941606,0.00771357093797076,0.00771280901789959,0.00771364742782946,0.00753049319304535
"2019-08-07",0.0163105155784997,0.0162744581595048,0.0163065560147885,0.0163106169496625,0.0163198769230019
"2019-08-08",0.000296882394097652,0.000294450602122628,0.000262541036394109,0.000262388701976311,0.000257460133206212
"2019-08-09",0.00303079022211167,0.00298943542317914,0.00293322978985696,0.00293371483724648,0.00291835072191304
"2019-08-12",0.00399623370977653,0.00397877825360296,0.00392016706016528,0.00392199650648998,0.00392537002213979
"2019-08-13",0.0306742978429522,0.0307318763066574,0.0308201571845693,0.0308148881184273,0.0310377622862466
"2019-08-14",0.0228590536485844,0.0231603453711687,0.0231831172263902,0.0231814247456462,0.023384331511578
"2019-08-15",0.0167773301630834,0.0174011429827739,0.0175313441910585,0.0175415193420092,0.0175934872644523
"2019-08-16",0.000297861422324735,0.000345348833499165,0.000346786722487148,0.000353524610886159,0.000340769935023699
"2019-08-19",4.77317043244928e-05,4.79746632523881e-05,5.60078269102547e-05,5.62415268887079e-05,7.08508234551485e-05
"2019-08-20",0.00038573907145714,0.00038301680290323,0.000384688914081348,0.000386895603243177,0.000385498577681086
"2019-08-21",8.67469799442627e-05,9.63990810473916e-05,9.57659628043423e-05,9.40712522050662e-05,0.000111913022761348
"2019-08-22",0.000263272744073327,0.000257232508701587,0.000258268156994567,0.000259688945514602,0.000220675361776945
"2019-08-23",0.0381593374132733,0.0377632897075264,0.0377483048147402,0.0377524052048151,0.0377331173840265
"2019-08-26",0.00215791309870233,0.0020657533391079,0.00206518367574457,0.00204754919690748,0.00205772301684128
"2019-08-27",0.00113267587480181,0.00109519509392919,0.00109782815350415,0.00109390941409228,0.001069960207221
"2019-08-28",0.000960776948163932,0.000914164929870654,0.000904220628072986,0.000908367214902659,0.0008622234911522
"2019-08-29",0.00885736701700871,0.00854164126677521,0.00853547257329164,0.00854051357788256,0.00846152736616927
"2019-08-30",0.00629630893965487,0.00610023172702998,0.00613935482029678,0.00614154162922454,0.00611826924173105
"2019-09-03",0.00426480265121025,0.00393232682005419,0.00394370499136006,0.00392639540241344,0.00387524500963997
"2019-09-04",0.0156588081177127,0.0151834522127629,0.0151671646951605,0.0152340154082658,0.0151556102782968
"2019-09-05",0.0172773323663208,0.0169138487259156,0.0169165050274821,0.0168523936648798,0.0167841702658934
"2019-09-06",0.00729943888510505,0.00714444375235562,0.0071559263655176,0.00715395211772025,0.00713326273494306
"2019-09-09",0.00714549499245969,0.00694341401121947,0.0063503544305868,0.00640353877448374,0.00628201247883729
"2019-09-10",5.22789339700864e-07,5.88543239840067e-07,1.16857223704178e-06,1.38956375721671e-06,3.4856379550419e-06
"2019-09-11",0.0070743475903989,0.00673053133906214,0.0066095147900459,0.00661088227007625,0.00644799411868526
"2019-09-12",0.00236090382812085,0.00221102479473647,0.00217427959071671,0.00212246335294429,0.00206372803523509
"2019-09-13",0.00407312885920708,0.00380631429916379,0.00382206670969863,0.00379535230992991,0.00379514053627047
"2019-09-16",0.00463831936494276,0.00460027630072045,0.00456118640434049,0.0045374869822249,0.00454029885261626
"2019-09-17",0.00479828960607005,0.00486097065514375,0.00479142531342871,0.00475875710997079,0.00469922299763204
"2019-09-18",0.000297210367988762,0.000283836026629418,0.000298961831130068,0.000289955212874118,0.000276119066221455
"2019-09-19",0.00204486701804593,0.00209263300408075,0.00211999708523871,0.00211346999628151,0.00213809893222511
"2019-09-20",3.02301661678266e-05,2.8014211608445e-05,2.79851590488752e-05,2.99376341477525e-05,2.11322604872419e-05
"2019-09-23",0.0116157868541927,0.011288237030368,0.0112801363373086,0.0112285224216074,0.0114005756900672
"2019-09-24",0.000453971733168662,0.000522056270946833,0.000532599007868963,0.000534577491157087,0.000513240925029394
"2019-09-25",0.00138362537172141,0.00134469887141805,0.00133834592560722,0.00132246183202299,0.00135952944157817
"2019-09-26",0.00204490970533138,0.00200657716190873,0.00199057819734367,0.00199114279736194,0.0019579911777983
"2019-09-27",0.000422341196981657,0.000451264503352226,0.000460319738192496,0.000465999577223706,0.000478490967278582
"2019-09-30",0.00258128771496229,0.0025673256134397,0.0025392334650766,0.00254106088619948,0.00252590745377768
"2019-10-01",1.96459645990478e-05,2.80897910070579e-05,2.85188480349974e-05,3.01450470586694e-05,2.78416854566447e-05
"2019-10-02",0.0011630812700316,0.00120631348842449,0.00120359036203434,0.00118000739790723,0.00118132516323409
"2019-10-03",0.00972094244727052,0.00991318770426531,0.00991932254451176,0.00997611987089717,0.00993066416175357
"2019-10-04",4.17247066656775e-05,3.3979012990321e-05,3.2571268427014e-05,4.35157830547545e-05,4.29445039160262e-05
"2019-10-07",1.8254313693971e-07,1.08260131974964e-07,5.10067268124325e-07,4.12414373981909e-07,6.93667110025566e-08
"2019-10-08",0.00124116613992417,0.00124846437868927,0.00126295593870778,0.0013158061528422,0.001337618450106
"2019-10-09",0.00166104738441686,0.00171104830556088,0.00173004113742905,0.00169325944681251,0.00171541383204496
"2019-10-10",0.00163171946793728,0.0016075405592319,0.00160749804899432,0.0015591698633602,0.0015564042910703
"2019-10-11",0.000632008539255789,0.000645378982016308,0.000655851729029609,0.000703661864828482,0.000657951381398011
"2019-10-14",0.00376160658579315,0.00379582046227315,0.00382153217602462,0.00370816631267321,0.00367125819711138
"2019-10-15",0.00267382167022363,0.00269237490636502,0.00272133347192257,0.00265195354702573,0.00262313696227827
"2019-10-16",0.00503761998044403,0.00496609257461491,0.00497386332783137,0.00501317264748696,0.0049937348826349
"2019-10-17",0.00295148399931865,0.00297080068361593,0.00299196351742254,0.00304491332047571,0.00301012543494017
"2019-10-18",0.00538170161156601,0.00526309098522924,0.00527138281433087,0.00523143231958836,0.0051676820163278
"2019-10-21",0.00540199657842356,0.00527093445695924,0.00528749010736179,0.00522507407057851,0.00514816657831959
"2019-10-22",0.0068329208206177,0.00683738522495013,0.0068486294869666,0.00675478637580533,0.0066430447127966
"2019-10-23",0.00523212286479084,0.00521221460157979,0.00521455903565555,0.00522012489950811,0.00526289833394879
"2019-10-24",0.00423608891780143,0.00436213567457491,0.00436728835183545,0.00433814534709868,0.00432120770443336
"2019-10-25",0.0100861733816848,0.010057134816922,0.0100616377278672,0.0100581495088841,0.00986032480892714
"2019-10-28",0.00654420593350901,0.006689172141273,0.00667116586136924,0.0067095698256898,0.00667813276071047
"2019-10-29",0.000244578339409891,0.000238872548223428,0.000237610362793695,0.000232701027510632,0.000207740809997321
"2019-10-30",0.00212865197613564,0.00197159378255526,0.00197224238581288,0.00196285846962542,0.00192694633165881
"2019-10-31",2.90319203087773e-06,1.81419801921882e-07,1.24029368630537e-07,8.57284545998662e-09,5.8217496118377e-07
"2019-11-01",0.0044825189052332,0.00451040277080335,0.00449777068113049,0.00451157068515368,0.0043760017201536
"2019-11-04",0.00375699187741028,0.00377924752150916,0.00377786681080454,0.00379392194246399,0.00362436240570676
"2019-11-05",0.0110728890770059,0.0109054773465775,0.0109036001981589,0.0108979468900927,0.0109022720620354
"2019-11-06",0.00579901725964197,0.00569242285499597,0.0056975769597142,0.00571996313220097,0.00566809058860398
"2019-11-07",0.00545413313564881,0.00541801615443518,0.0054185110124979,0.00536578746743871,0.00526387203328127
"2019-11-08",0.00906884705808862,0.0089261727654673,0.0089273073679911,0.00892548345606237,0.00883417682397113
"2019-11-11",0.0050204825604109,0.00501884883310977,0.0050214744213284,0.00506156870000091,0.00505563255889607
"2019-11-12",0.00256421941175795,0.00257557653009273,0.00258251113306927,0.00258172918839353,0.00247680847444266
"2019-11-13",0.000787520164520003,0.000771901491793372,0.000779527437195358,0.000791435832685664,0.000797568007458171
"2019-11-14",0.000197448314390699,0.000143231958539378,0.000144757074129142,0.000150953910192951,0.000131214131917772
"2019-11-15",0.00327525111310898,0.00307081543302427,0.00306938420466821,0.00296766168679223,0.00304014388320997
"2019-11-18",0.00103708551529201,0.00102396280139287,0.00103950095820665,0.000999183260036731,0.00118695568189551
"2019-11-19",0.00108265132322244,0.00105815011978973,0.00105114043115438,0.00105762357163546,0.00114961888771093
"2019-11-20",0.000431211453641673,0.000403723228433232,0.000408209405471928,0.000430591681738259,0.000368633300966823
"2019-11-21",0.000210598368230974,0.000215337661595652,0.000219606918328255,0.000219351188033229,0.000246126361173645
"2019-11-22",0.000562013000353616,0.000610331932708399,0.000618400799312888,0.000602231419106846,0.000604826354958989
"2019-11-25",0.00320587212813558,0.00327280599653418,0.00326443372838164,0.00326408878766194,0.00328903779297388
"2019-11-26",0.00251177248668707,0.0026364519845599,0.00259508414044393,0.00262235215013629,0.00266080936535044
"2019-11-27",0.0056280215510227,0.00574298172791012,0.00564135730060722,0.00571018004138696,0.00575218014738579
"2019-11-29",0.0106068052106623,0.0107756350099203,0.0107520253780451,0.0109380745350705,0.0106395192719612
"2019-12-02",8.787228840957e-06,7.01922548118605e-06,7.05151933974254e-06,4.26568663596903e-06,6.52285630075892e-06
"2019-12-03",0.000341304871172143,0.000357255824192116,0.000354972917424255,0.000335540991459494,0.000353676976269851
"2019-12-04",0.00119926679090036,0.00109951655276829,0.00107609099399864,0.00107694367834049,0.00111814880856141
"2019-12-05",0.000433135224734761,0.00042689126855658,0.000427593330490747,0.000429529991465528,0.000458972433593398
"2019-12-06",0.00282519466389366,0.00282487717087937,0.00281306206184449,0.00280061125160512,0.00272906828316568
"2019-12-09",1.24082225722012e-05,7.04347643279068e-06,7.00957908067452e-06,7.90783718878778e-06,9.04801953529689e-06
"2019-12-10",9.67879020018408e-05,8.96639354638033e-05,8.74813390909385e-05,8.41380640934869e-05,3.68265168847892e-05
"2019-12-11",0.000728795826123116,0.000759592842636629,0.000757682294670551,0.000770921861222943,0.000846180603506004
"2019-12-12",0.00447244511346271,0.00447854767771918,0.00448826772189859,0.00448328407015738,0.00447670168439136
"2019-12-13",0.000100046150663495,8.29353655852153e-05,8.29813798477258e-05,7.43994183509068e-05,6.34847732711446e-05
"2019-12-16",0.00145276003363137,0.00146525012497612,0.0014775731738127,0.00149264324395781,0.00156657205682937
"2019-12-17",0.000153814101211267,0.00016239872377996,0.000168012948498122,0.000164123173034564,0.000177831830997879
"2019-12-18",0.0025092355700113,0.00259592139454972,0.00259123139617249,0.00263385467193449,0.0029282510687119
"2019-12-19",0.00505027419703057,0.00495128065903121,0.0049618467528829,0.00505943523958981,0.00499003448553437
"2019-12-20",0.00242113401179736,0.00237008653049576,0.00235089205114433,0.00235512610250002,0.00225287331533994
"2019-12-23",0.00355748240207064,0.00354215975168982,0.00354265275679265,0.00361318718105004,0.0035984947078612
"2019-12-24",0.00300383344437904,0.00293306145626057,0.00289898593400535,0.00293292597906175,0.00292971337215358
"2019-12-26",0.00323097647788211,0.00327718512569521,0.00326275430580679,0.00331386403916305,0.00324867715595791
"2019-12-27",0.000312304579261079,0.00029757544680863,0.000299114981637918,0.000300644792400404,0.000288349175955164
"2019-12-30",0.00343329997364658,0.00354141656664756,0.0035431582480319,0.00350597244405273,0.00359804057343333
"2019-12-31",0.000656339593457381,0.000594043001368353,0.000605322009696536,0.000602095148300422,0.000569296022884809
"2020-01-02",0.000779651750021489,0.000724791685131564,0.000747003070796148,0.000752998303204736,0.00076228118771585
"2020-01-03",0.000159637316362505,0.000187109426832343,0.0001893852497934,0.000177994109706893,0.00019548057864806
"2020-01-06",2.34584122824805e-06,3.03104794616245e-06,3.89236483398537e-06,3.97117074923947e-06,2.77140458978883e-06
"2020-01-07",0.000381344603235713,0.000446140274899436,0.000445226663466385,0.00044748915828509,0.00044726106340293
"2020-01-08",0.00012503223265806,9.63701737190676e-05,9.64509979240502e-05,9.06760636564583e-05,9.44256852988737e-05
"2020-01-09",0.000147485767922209,0.000123259308083797,0.000113154945800885,0.000108771086322657,0.000122125670175425
"2020-01-10",0.000401044307248555,0.000376414450844013,0.000377753402153547,0.000357712794268372,0.000345526271013638
"2020-01-13",0.00260252424268417,0.00256333452719283,0.00259631219685227,0.0026072776608573,0.00267429935798436
"2020-01-14",0.00138400020084155,0.0014237755311424,0.00141516009966696,0.00138063113986721,0.0013822220519866
"2020-01-15",0.00039728573353851,0.000353270259569863,0.000359878682124325,0.000383589507986172,0.000350721762593202
"2020-01-16",0.000301081667068231,0.000334569842978711,0.000333082074253774,0.000321134684911637,0.000359534865267599
"2020-01-17",0.000189708826012597,0.000184445958645804,0.000179461711602304,0.000177797446270709,0.000183079361532484
"2020-01-21",1.219121549283e-07,1.59808484785831e-08,1.1965210376236e-08,5.16933007352031e-07,7.00306230436024e-07
"2020-01-22",2.19896378573682e-05,2.05317088712341e-05,1.40798919564079e-05,9.12892555697085e-06,8.89463762716411e-06
"2020-01-23",0.000780268280756394,0.000730600686706971,0.000715787511643395,0.000749239405233467,0.000718310593974237
"2020-01-24",0.00492760213806953,0.00475914574070996,0.00470984780628828,0.00466521058165757,0.00465211391306942
"2020-01-27",0.0274306225830324,0.0269629936499494,0.0268131195837889,0.0267981965077641,0.0268036333841013
"2020-01-28",0.000126167718084444,6.10203014081023e-05,5.18944318109205e-05,3.78779760785985e-05,4.082802163952e-05
"2020-01-29",0.00726241937976514,0.00688268920745144,0.00676737163169688,0.00639431799212444,0.00642922877001418
"2020-01-30",0.00273409076567947,0.00272261921109338,0.00265141261440203,0.00257167487275058,0.00260563220561428
"2020-01-31",0.0125865247455755,0.0125206808174167,0.012420637094391,0.0124031478114661,0.0124574693399008
"2020-02-03",0.0101925335701631,0.01038526826054,0.0103573699235449,0.0103259795324769,0.0103677512440395
"2020-02-04",0.000518023262477303,0.000477047930103568,0.000454814945000922,0.000428737179547638,0.000433985587046123
"2020-02-05",0.0011084376112478,0.00109210228220049,0.00104201455380815,0.0010323023827776,0.00101039711910167
"2020-02-06",7.18071777584799e-05,7.48983955322613e-05,7.37951739780164e-05,6.90450980876124e-05,6.97926983701365e-05
"2020-02-07",2.75451602626205e-05,2.45166889716939e-05,1.1981732669394e-05,8.08706984829231e-06,6.84309852895438e-06
"2020-02-10",2.21415793812674e-07,4.85480276557454e-06,1.01150296122142e-05,1.00444471463622e-05,9.38614142978648e-06
"2020-02-11",0.000104803273405379,8.3249103121192e-05,8.80705742787947e-05,8.84756063397507e-05,9.02455650610221e-05
"2020-02-12",0.00237662655735953,0.00254083317073268,0.00252803381842977,0.00248517392298006,0.00247223879623032
"2020-02-13",0.000304498984422515,0.000333707888701784,0.00036267707679194,0.000364602371310714,0.000352235632658239
"2020-02-14",0.00109472815155113,0.00111615874006203,0.00112564596238053,0.00116946338539462,0.0011484623451606
"2020-02-18",0.000998825131295987,0.000978728428335517,0.00100736879161113,0.0010091271776714,0.000997099328244838
"2020-02-19",0.00112377690970493,0.0012104716103204,0.00116448004234299,0.00114779032985462,0.00123546549523183
"2020-02-20",0.00179944079624383,0.00175852892186727,0.00171930292989809,0.00177020381919135,0.00165285492197595
"2020-02-21",0.00282992731021493,0.00280296478048206,0.00288505604735969,0.00296914683195305,0.00295065139493089
"2020-02-24",0.148525596458524,0.148223866530344,0.149078034728312,0.150960370389395,0.150617648854138
"2020-02-25",0.0478570467889945,0.0473529667789378,0.0474584757418443,0.0481658855943356,0.0481995298273673
"2020-02-26",0.0419992936495258,0.0421602986378995,0.0420836216339232,0.0421696868093899,0.0422810345181655
"2020-02-27",0.135851754969432,0.135098799165468,0.134888673486833,0.134662448511672,0.134306044345014
"2020-02-28",0.577465622952371,0.579238626680229,0.579353662583711,0.5793138359821,0.578976392967328
"2020-03-02",0.112787615340547,0.113813033605543,0.113785956970146,0.113566905789023,0.114080240580332
"2020-03-03",0.313421830599845,0.313894470440117,0.314018214348626,0.313758737436078,0.315242402778266
"2020-03-04",0.0297728108373596,0.0297650341048029,0.0297788305252166,0.0297029649822921,0.0299556733926329
"2020-03-06",0.0749314753897918,0.0747665389816077,0.0758123421593512,0.0757597366644173,0.0739295985340402
"2020-03-09",0.280386077767757,0.2804947634835,0.281608630968792,0.28165623274106,0.281583333879046
"2020-03-10",0.16669650975243,0.166517167248197,0.167182785648765,0.167075804382937,0.166931430191628
"2020-03-11",0.130345707786779,0.130378766187475,0.130896101463291,0.130804963617793,0.130821273052113
"2020-03-12",0.748769158782792,0.74877214881075,0.749424094091602,0.748938576157998,0.74951310308568
"2020-03-13",0.490325400685901,0.490342446473206,0.490886884397351,0.490836610445032,0.491603911906084
"2020-03-16",0.580103046884801,0.579962823750545,0.580502339640467,0.580508396504298,0.579950288806152
"2020-03-17",0.51250708888015,0.512475222868159,0.513400424881562,0.513195104099417,0.514329710515801
"2020-03-18",0.563657236693035,0.564096278820455,0.564760374654719,0.564627913869192,0.564729629012894
"2020-03-19",0.334354271821962,0.334543509185611,0.335267285402191,0.335313987101387,0.335936858037891
"2020-03-20",0.331167145609491,0.331302526381386,0.331883001571459,0.33189914944979,0.332973182254522
"2020-03-23",0.565999913445113,0.566096198976919,0.56654648663306,0.566487918623246,0.568609920411915
"2020-03-24",0.0713936204658878,0.0719483152659609,0.072126886349208,0.0722668589369164,0.0724699478892605
"2020-03-25",0.121473602360383,0.122379373939988,0.122537924115305,0.122800773123481,0.122912558302611
"2020-03-26",0.085405659085428,0.0864522432047286,0.0865302269299824,0.0867256586444788,0.0863519225864777
"2020-03-27",0.0025662571457238,0.00290229875560475,0.00290685367772407,0.00298581348806743,0.00300338164344936
"2020-03-30",0.000157047510858498,0.000112761572578435,0.000112081897543021,0.000104100370129373,9.86327308581119e-05
"2020-03-31",0.000195506848616538,0.000258557811212103,0.000244101497467451,0.000254421995869294,0.000258629866579602
"2020-04-01",0.000107129180257853,0.0001281494135196,0.000115059283646644,0.000115066095967712,0.000123531701343296
"2020-04-02",0.00669043140839801,0.00686857572087449,0.00682707217031672,0.00686883094259753,0.00674696742340515
"2020-04-03",0.000855939040366708,0.000766678681214997,0.000782553590160755,0.000767532723566674,0.00084671239824813
"2020-04-06",0.0157074205397054,0.0153208257650646,0.0155465361120304,0.015475019346513,0.0158719591618319
"2020-04-07",2.21421903683351e-05,1.0524642653735e-05,1.52900171990545e-05,1.36760174723787e-05,2.36012737010482e-05
"2020-04-08",0.0113960862416127,0.0111328419759025,0.0112545832785695,0.0111443963549146,0.0118588308331671
"2020-04-09",0.0276009401611148,0.0268746948999779,0.0272680832696853,0.0271564067513183,0.029013760861544
"2020-04-13",0.0598417721347061,0.0582299362714633,0.0590857190104679,0.0587455897391615,0.0602389117606933
"2020-04-14",0.0703827797619046,0.0684320678614878,0.0696113214943109,0.0690714060173664,0.0713057841756355
"2020-04-15",0.0906164121009326,0.088442219965433,0.0901857395848473,0.0896287566877823,0.0953499287968433
"2020-04-16",0.084034566818386,0.0818636553347205,0.0837977523014505,0.0830258812346761,0.0862698524969408
"2020-04-17",0.0767784785776316,0.0749421840697212,0.0763099602587754,0.0755534454185359,0.0781243308605735
"2020-04-20",0.0894809231565783,0.0874344072300691,0.0886588062524294,0.0879173104697877,0.0901605238493223
"2020-04-21",0.0639926621264693,0.0621527795141328,0.0632528891286469,0.0627059765931458,0.0656060729299694
"2020-04-22",0.0888410239742927,0.0877345498907077,0.08869094470596,0.0884404302279434,0.0915011784500373
"2020-04-23",0.062682952720838,0.0610398923357423,0.0618558432280867,0.0614055318135399,0.065280700187188
"2020-04-24",0.0969910394777074,0.0950836903554665,0.0958698296731912,0.0953927883384013,0.0983828233370962
"2020-04-27",0.0674427111702875,0.0662433884832732,0.0667432026492965,0.0665477335954726,0.0687463675861663
"2020-04-28",0.033929175386275,0.0329857833188259,0.0331659415903296,0.0329182015779697,0.034179174323126
"2020-04-29",0.0417688390230503,0.040916032304818,0.0411538516717112,0.0409322375781391,0.0413922471446777
"2020-04-30",0.0235364188981737,0.0228332724345308,0.0230437550875437,0.0228100677788293,0.0237383803245472
"2020-05-01",0.00152205104105414,0.00137886829219817,0.00143254341619073,0.00138876721958307,0.00169209437711788
"2020-05-04",0.0184033644705345,0.0180291640717686,0.0180922313047916,0.017987276536846,0.0191481409124544
"2020-05-05",0.0224793564301289,0.0220910137551753,0.0221553037467824,0.0219027075094272,0.0229787081702484
"2020-05-06",0.0263547663373813,0.0260755639330976,0.0261137273089211,0.0259517236066142,0.027691079139962
"2020-05-07",0.0296369506501994,0.0294267033558686,0.0295466273282857,0.0294158286188687,0.0305623172512228
"2020-05-08",0.0366434614644778,0.0363177416074238,0.0362560771790746,0.0360814130197764,0.036905210455116
"2020-05-11",0.0288976608242972,0.0286032487446169,0.0282710519701145,0.0275753873199128,0.0280859979762346
"2020-05-12",0.00898896479633619,0.00886509750050382,0.0087577983454155,0.0087468054212545,0.00904137537796155
"2020-05-13",0.00151213065598764,0.00155048125287176,0.00157588828939814,0.00167594530763851,0.00144221803963015
"2020-05-14",5.60492866202637e-05,4.94601455694653e-05,4.62650957712565e-05,3.67720816267484e-05,5.04398029226014e-05
"2020-05-15",0.00190061442760236,0.00185330917393133,0.00185094170350535,0.00180475641879542,0.00192609197204531
"2020-05-18",0.0099229625719378,0.0098546626001698,0.00988504139607,0.00979450056616684,0.00997505098576583
"2020-05-19",0.0151656077962109,0.0151469733570057,0.0151010406921614,0.0148645417811719,0.0149168137933206
"2020-05-20",0.0135773184465053,0.0135641070112449,0.0136165052371274,0.0135202002860029,0.0134764185418801
"2020-05-21",0.00931371706632805,0.00929256439331772,0.00921667113786191,0.00909881015325967,0.00920605308152496
"2020-05-22",0.0118369631651028,0.0118285100098799,0.0117847729496003,0.0115839178413019,0.0116381987797011
"2020-05-26",0.00535264984239373,0.00535542327905462,0.00527443556076056,0.00517993068056911,0.00540474530388213
"2020-05-27",0.000947021185542402,0.000938638109545228,0.000934669047469268,0.000913695678307687,0.00105373807842935
"2020-05-28",0.00412872141072411,0.00410699562626692,0.0041170995970527,0.00405039841612519,0.00441704852425556
"2020-05-29",0.0010604925012615,0.00104019522722819,0.00105905314409239,0.00103414746298108,0.00119521198041998
"2020-06-01",0.0227761288161599,0.0227165453919599,0.0230932192571689,0.0231841562873294,0.0232904947762605
"2020-06-02",0.0176219849140439,0.0175967157550042,0.0175091252728757,0.0175048956347412,0.0180717403899422
"2020-06-03",0.0137691562389877,0.0137411292002459,0.0137242444947619,0.0136746597588369,0.013963251253623
"2020-06-04",0.0112081084720249,0.0111939107349666,0.0111497659126625,0.011079349743996,0.0112947376713188
"2020-06-05",0.00615185997272385,0.00612818313846425,0.00612095847086587,0.00608135787582619,0.00624426649765242
"2020-06-08",0.00775800586328274,0.00772354921951158,0.0077187489862007,0.00768455169664764,0.0077928150610005
"2020-06-09",0.00143009660506048,0.00142300204447497,0.00143413515704997,0.0014093441389761,0.0014400200049391
"2020-06-10",1.26225832199157e-06,1.44371807347352e-06,1.54589428702569e-06,1.98958309576652e-06,2.52280884723294e-06
"2020-06-11",0.00230676119404468,0.00234665643528376,0.00235257856521411,0.00236996621523223,0.0023912703483773
"2020-06-12",0.00417201207203191,0.00427595766294666,0.00428244992604893,0.00442006253385377,0.00425538977874553
"2020-06-15",0.000300274758535588,0.000328083816200496,0.00033126645903335,0.000360272243748506,0.000321677303843906
"2020-06-16",0.00379682648213872,0.00386125735816328,0.00384969827308895,0.00389839815012341,0.00376814868953427
"2020-06-18",0.0032034423202613,0.00315650057912145,0.00324510542518782,0.00322240127781177,0.00329863751747026
"2020-06-19",0.00120453932771673,0.00122286015369808,0.00119621988362131,0.00120349168662989,0.00110222482735831
"2020-06-22",0.00196635943951319,0.00197230084017239,0.00198403481212516,0.0019714802975713,0.00201723862335819
"2020-06-23",0.00145520005592214,0.00144245773903523,0.00144779216420135,0.00144662452608239,0.00146220546422347
"2020-06-24",0.00137489820889495,0.00144461786366206,0.00144050532019151,0.00151179183844267,0.00147759534554165
"2020-06-25",6.73808088935275e-06,2.21097891902133e-06,2.89938624122477e-06,4.72850005105346e-07,1.17559909259645e-06
"2020-06-26",0.00110652694607634,0.00119655285986588,0.0011866721417522,0.0012155091090947,0.00118803894730622
"2020-06-29",4.82298894325308e-05,5.63485148561914e-05,5.22137906124596e-05,5.5149369038631e-05,4.55261880135293e-05
"2020-06-30",0.000615350620341758,0.000596026120389723,0.000605794285457171,0.000598938315636602,0.000619247737803645
"2020-07-01",0.000958583748650725,0.000937237278748922,0.000948459070046845,0.000930358570334614,0.00102379584779
"2020-07-02",0.000680339402152217,0.000643424922114489,0.000655726477349771,0.000639390407235762,0.000744807911940752
"2020-07-06",0.00261134135326091,0.00250977694726204,0.00253562768646147,0.0025011133253592,0.0027558218821583
"2020-07-07",0.000397417749874383,0.000378188611051575,0.00038491371460599,0.000372697088046703,0.000462859374219229
"2020-07-08",0.000878349644220817,0.00084520510035707,0.000849769912012367,0.00084075825705137,0.000958384118121373
"2020-07-09",8.69300533147551e-05,0.000100668996566336,0.000101759853038424,0.000110579903190843,7.20766466997487e-05
"2020-07-10",0.00632815999609945,0.00617592779993869,0.00612675959332556,0.0060632562336321,0.00641926050520174
"2020-07-13",3.29458647468207e-05,4.60750771852759e-05,5.29910658272561e-05,6.26737878105386e-05,3.85387408480189e-05
"2020-07-14",0.00517379036544275,0.0052978379650537,0.00532575729454572,0.00543055827724621,0.00518902996882497
"2020-07-15",0.000157587372033275,0.000195246096733624,0.000199932968841346,0.000220040070634513,0.000183577792293125
"2020-07-16",0.000408252481714302,0.000390430991508535,0.000391086817705617,0.000326668410860406,0.000360810459207111
"2020-07-17",0.00462970253265398,0.00449733714324177,0.00451652740397193,0.00448649402393862,0.00461195375717521
"2020-07-20",0.00955830898825564,0.00943430472170546,0.0094103102738469,0.0094102073727892,0.0094383525435515
"2020-07-21",0.000285206529583703,0.000270919642579886,0.000270021957766581,0.000265578508984378,0.000277512603691463
"2020-07-22",0.00162926521617734,0.00163660442060355,0.00165853348204165,0.00166244791173553,0.00166636682338972
"2020-07-23",0.00486380576878766,0.00485191608104433,0.00488716810933816,0.00488554388156846,0.00492565914032996
"2020-07-24",0.00740337644953878,0.00748496164657801,0.00754572605105167,0.00757481755383116,0.00749200309087994
"2020-07-27",0.00334067732458515,0.00330436508511295,0.00325671104157537,0.00324652099949054,0.00324723493444925
"2020-07-28",0.00181511449282102,0.00178895741591283,0.00178521720184967,0.00178499335943104,0.00185907782272929
"2020-07-29",0.00186396104501671,0.0018633693511511,0.00185451969278202,0.00185110616562798,0.00192652809436614
"2020-07-30",6.76068421130812e-05,7.42351230776697e-05,0.000113557180697077,0.000114618475994086,0.000105474206653023
"2020-07-31",0.0100606239291931,0.0100671857895798,0.0103532003787665,0.0103585479653946,0.0103664355382799
"2020-08-03",0.00857095696143781,0.00860005867959731,0.00866704910598711,0.00867303436104332,0.00861555117933368
"2020-08-04",0.000217048503963823,0.000214303104228431,0.000229638803658876,0.000227288528041362,0.000241132587012062
"2020-08-05",0.00117490324446455,0.0011828878863686,0.00116500659712891,0.00115286563608452,0.00114825304237149
"2020-08-06",0.000644666285180218,0.000654044819555741,0.000646262894423814,0.000644817540186705,0.000638069100164475
"2020-08-07",0.00054393600686765,0.000551042794973312,0.00052858305021108,0.000530159559499832,0.000504350930748264
"2020-08-10",0.000921377350632552,0.000912485132028033,0.000921170231223436,0.000923482303864842,0.000929292124198464
"2020-08-11",9.8057703881427e-05,0.00010918257168885,9.38900937418398e-05,9.39139456527637e-05,9.08903032536932e-05
"2020-08-12",0.00447259412092091,0.00448971345767876,0.00444621373275692,0.00444555063930081,0.00444049563815629
"2020-08-13",0.000561063152810291,0.000576460947539868,0.000569451787246873,0.000569629150048639,0.000559378619419889
"2020-08-14",0.000887727634349197,0.00089446370431935,0.00089612395922909,0.000896492903948352,0.000882336197164051
"2020-08-17",0.00246692973191434,0.00247081632216147,0.00245941322504446,0.00245966976303017,0.00243970804342528
"2020-08-18",0.00391875962814075,0.00390974384308631,0.00394582788299955,0.00394356196663553,0.00396755274074005
"2020-08-19",0.000712529720425803,0.000744662158946402,0.000760693956922655,0.000756164954291599,0.000756714656997667
"2020-08-20",0.0124777512333846,0.0126927939490955,0.0126219712404439,0.0126223941792829,0.0124566234621584
"2020-08-21",0.000869636122341087,0.000838344058575696,0.000833920783468561,0.000844398545196144,0.000785364270920046
"2020-08-24",0.0104324533495063,0.010514353360224,0.0103879709389127,0.0103886491669382,0.0104273056075445
"2020-08-25",0.000329406865722417,0.000320956828448642,0.000314524371460703,0.000316667695210123,0.000322203338978096
"2020-08-26",0.00186366802733817,0.00185957405263289,0.00178964279057437,0.00176725021905138,0.00184876703923706
"2020-08-27",6.19437932871103e-05,6.25008066959306e-05,6.20292290640546e-05,6.07324594046431e-05,5.9954869454902e-05
"2020-08-28",0.00476228050788342,0.00483010639484592,0.00474787824499558,0.00474067978463065,0.00462793799334723
"2020-08-31",0.0101038856379656,0.0098505756848887,0.00993554634743414,0.00996297478887705,0.00990872478971093
"2020-09-01",0.00043069477248414,0.000390249547030396,0.000397710567085123,0.000403294626506459,0.000402314733987185
"2020-09-02",0.110050115999516,0.109888817606115,0.109613983529705,0.109619186292598,0.109389376398521
"2020-09-03",0.135506725109127,0.134907143013353,0.134813611193721,0.13482125118407,0.134785871710426
"2020-09-04",0.501131928033451,0.49885699213978,0.498309501998743,0.498313944176175,0.499442247256181
"2020-09-08",0.224943574768379,0.223058707753561,0.222618402994609,0.222528119111166,0.222738063931136
"2020-09-09",0.0273516690468199,0.0272680982771376,0.0270943114138768,0.027009123458208,0.0267866844936872
"2020-09-10",0.0701725459531432,0.0697394163325243,0.069873593849878,0.0697771041584521,0.0696437959280385
"2020-09-11",0.0769851110909671,0.076278254291333,0.0763648211804168,0.076237805107156,0.0763020581885323
"2020-09-14",0.00576654079981848,0.00559087501242765,0.0055134500798957,0.00550836877451751,0.00545828651320322
"2020-09-15",0.0110745140168584,0.0108638408540912,0.0108000817886061,0.010756980833477,0.010808864989692
"2020-09-16",0.0168107494794929,0.0166137317887627,0.0165101253071127,0.0164501419794035,0.0165439892328
"2020-09-17",0.03596808042635,0.0358111480449315,0.0356534179490441,0.0356673277238849,0.0358093960616005
"2020-09-18",0.0363051485027863,0.0361155526700269,0.0359412572625828,0.035859927704214,0.035824438545106
"2020-09-21",0.0537086550814734,0.0533630322596554,0.0533661624278102,0.0535473022833444,0.054150545006019
"2020-09-22",0.00519147328501313,0.00485542599494072,0.00488213226682156,0.00495347664081187,0.00497665214378821
"2020-09-23",0.0112740703517646,0.0113746917585415,0.0115139643391813,0.0116016120670121,0.0116053723408399
"2020-09-24",0.0416237504525729,0.0416871563127946,0.0420302836974513,0.0421378397910861,0.0423715969784536
"2020-09-25",0.00996963824623791,0.0100229900539149,0.0101329117451335,0.010145397262398,0.0101349201995245
"2020-09-28",0.00368842675523922,0.00376313741200638,0.00384014215128512,0.00384745462071065,0.00387043615647631
"2020-09-29",0.00318498907268549,0.00340921112132463,0.00335612462400453,0.0033271794625862,0.00316253449670622
"2020-09-30",3.35907292206215e-05,2.17159284123527e-05,2.5313349983929e-05,2.66015658436739e-05,3.54958426476375e-05
"2020-10-01",0.00945755415074946,0.00981310432016403,0.00955814803369144,0.00940183412716766,0.00896865805441179
"2020-10-02",0.00645289355590925,0.00639729928745565,0.00621962440502831,0.00626811167678496,0.00615268855306867
"2020-10-05",0.115384684880464,0.116223261787968,0.114898146864821,0.114912955626665,0.114012067440397
"2020-10-06",0.0288062004362262,0.0297006716678391,0.02881399218446,0.0287721190767728,0.0284815372256115
"2020-10-07",0.0661689870768354,0.0676468329095218,0.0673308660512614,0.0674894723517445,0.0670701961151397
"2020-10-08",0.0893351286355709,0.0902340075818824,0.0898113384228384,0.0898009483296672,0.0891935416436559
"2020-10-09",0.0974377823291074,0.0997131886251252,0.0984945595431899,0.0981091741961603,0.0975101102212735
"2020-10-12",0.0215204970661672,0.0220579454340275,0.0220182712733692,0.0219801032329129,0.0218366621876789
"2020-10-13",0.00474320498179338,0.00443842427079954,0.00441470396217716,0.00441963824743323,0.00447730382343332
"2020-10-14",0.0104847335576452,0.0108401605176589,0.0108026563429151,0.0108552095570489,0.0108528465716811
"2020-10-15",0.0221617134087025,0.0223220305451635,0.0219761065379149,0.0219542257667728,0.0219195737755567
"2020-10-16",0.0394033207068387,0.0394972153292648,0.03922391420951,0.0391284700813801,0.0390719623889623
"2020-10-19",0.0237967648878118,0.0237225752974714,0.0234135913414216,0.0234605774425742,0.0233391956037493
"2020-10-20",0.00901238678417388,0.00921277080119761,0.00918969438585482,0.00920580094167332,0.0090876107151234
"2020-10-21",0.023922898372239,0.0240627384281291,0.0239586190447259,0.0240159903230239,0.0237918826852782
"2020-10-22",0.0274054938706136,0.0276135640077352,0.0274112003434031,0.0274094077848293,0.0275339434388518
"2020-10-23",0.0348220117147631,0.035232343122183,0.0351280845741286,0.0351302719271502,0.0352543202979757
"2020-10-26",0.00850615750474946,0.00876290520298101,0.00864799478009579,0.00865570523102503,0.0087094695167379
"2020-10-27",0.00720658455756813,0.00733493594779781,0.00733061794170058,0.00733652709831903,0.00736753161274049
"2020-10-28",1.22202184966578e-05,1.15211355938715e-05,1.01133493849014e-05,1.03321028972977e-05,1.27869588243638e-05
"2020-10-29",0.00093036698502251,0.000859423502987234,0.000853625938693088,0.000853881015055517,0.000874269424291885
"2020-10-30",0.00715777056973326,0.00731983959259916,0.0074030804176694,0.00740660482460845,0.00739127376476963
"2020-11-02",0.00169947917276474,0.00171486219070307,0.00172816370990778,0.00173070660088685,0.00177040371846149
"2020-11-03",0.00614837984498314,0.00608478384476762,0.00604006993509526,0.0060582230966349,0.00615198324146151
"2020-11-04",0.0021778157191789,0.00218503351498955,0.00217326678301875,0.00216289082057181,0.00215055463063459
"2020-11-05",1.34141364284513e-05,1.54537621329182e-05,1.7445604928918e-05,1.7760181382161e-05,1.78892521455054e-05
"2020-11-06",0.000271596543021814,0.000305534875495354,0.00029730491689478,0.000304020537536236,0.000311540117331405
"2020-11-09",0.0154524895325124,0.015379798552765,0.0154315242498955,0.0155095969232467,0.0157347038231558
"2020-11-10",0.00383576655721761,0.00340761289121658,0.00346155137713756,0.0035554990978328,0.00366244860966882
"2020-11-11",0.00553548799226222,0.00562548846973973,0.00562233916600558,0.0055678782705678,0.00543695650749485
"2020-11-12",0.00368851402386385,0.00371545059251881,0.0037103602752938,0.00370606056714217,0.00366850329907963
"2020-11-13",0.00928447901739493,0.00923336092450872,0.009312824943295,0.00930272039377073,0.00933328387349087
"2020-11-16",0.00803999186418287,0.00809017981747582,0.00803457600678048,0.00802906808977509,0.0080043277106852
"2020-11-17",0.0161394190741898,0.0162052224026592,0.0161522105678146,0.0161506387379719,0.0160601209697639
"2020-11-18",0.013644598609418,0.0135965781834608,0.0136943404440981,0.0136752829388472,0.0135914935753748
"2020-11-19",0.0102525667277985,0.0103823752541625,0.0104381102830936,0.0104538324215625,0.0103844224363191
"2020-11-20",0.0167410099437601,0.0167575904678202,0.01683502385345,0.0170384126116963,0.0169785574728141
"2020-11-23",0.00914209127540143,0.00910510987014968,0.00921316765369648,0.0092432559497925,0.00919995191970103
"2020-11-24",0.0054407142778871,0.00543464437930172,0.00549699533031024,0.00547572411504102,0.00543573099564592
"2020-11-25",0.0187112810449565,0.0185653729648085,0.0185591150284927,0.0185633917905684,0.0186120119702675
"2020-11-27",0.034486984733853,0.0343132382280278,0.0340892356007433,0.0341177023382164,0.0341021022347617
"2020-11-30",0.0103410834045516,0.0102626315233474,0.0102371357108985,0.0102279997861954,0.0102159661134087
"2020-12-01",0.0120654109270631,0.0120099368928621,0.0119714967900283,0.0119676222180329,0.01193042924447
"2020-12-02",0.0131331623596523,0.0130873498782282,0.0130981927400605,0.0130611651442232,0.0130410602519338
"2020-12-03",0.0257588647138839,0.0256431493436974,0.0254238967249361,0.0253893649388658,0.0252676299821435
"2020-12-04",0.0229769833100732,0.0229265480318874,0.0228670893783349,0.0228047380882155,0.0226795204095877
"2020-12-07",0.0174237432147902,0.0174266396669231,0.0173588043520919,0.017401683005392,0.0172478757022641
"2020-12-08",0.0254366588962554,0.0240407158429568,0.0241580945661675,0.0244676563765365,0.0245441829836465
"2020-12-09",0.0107678139839079,0.0102063006954652,0.0101966642495667,0.0101675375783887,0.0104821365112623
"2020-12-10",0.00490255438331475,0.00490553636909156,0.00489129000763474,0.00504730679499842,0.00508927210349174
"2020-12-11",0.00926863704702962,0.00926863212249897,0.00928370801901476,0.00934206247657009,0.0093796713289182
"2020-12-14",0.00831042366860332,0.0082935100554867,0.00835111975904763,0.00840280983962576,0.00842516953167153
"2020-12-15",0.00349747618673555,0.00348976834075964,0.00351022342559743,0.00356715292634852,0.00363013091970164
"2020-12-17",0.009297443995975,0.00927785176503106,0.00929688949408377,0.0093585625456544,0.00948722968514406
"2020-12-18",0.00314549824959016,0.00313819454191175,0.00315012232404231,0.00318933904108318,0.00330817104605605
"2020-12-21",5.97262269575338e-06,5.42738865054793e-06,6.76358503705325e-06,7.74342368611382e-06,1.14268513077375e-05
"2020-12-22",0.00252342705775097,0.00252871054236523,0.0025205299944579,0.00246145051552366,0.00243918836553854
"2020-12-23",0.00220611868340941,0.00220405552257307,0.00220685744309506,0.00224058635085111,0.00227840108153927
"2020-12-24",0.00841577038555532,0.00841992923831623,0.0083746575555746,0.00843338064638662,0.0085295337355826
"2020-12-28",0.00255614423469868,0.00255628754056122,0.00258206824650384,0.00260576037964779,0.00262586729087099
"2020-12-29",0.000647257293415994,0.000640739239483696,0.000639538775827788,0.000636874420226334,0.000637377296265562
"2020-12-30",0.0023876203644325,0.00238947236864278,0.00237238110002183,0.002397112593964,0.00238857323133382
"2020-12-31",0.00407132388451683,0.00406495948286098,0.00407816167049489,0.00408487967623117,0.00406790652320042
"2021-01-04",0.00615160249776339,0.00614346191139659,0.00615934821178697,0.00613993336933404,0.00603404652785862
"2021-01-05",6.21875163214713e-05,6.24590646029505e-05,6.38476783843385e-05,6.56223614802485e-05,8.7579645746833e-05
"2021-01-06",0.00620955564708495,0.0062075046462976,0.00616163316420945,0.00616176604080635,0.00603074283710201
"2021-01-07",0.000318447166405812,0.000320939452098234,0.000324307507656,0.00033085150411763,0.00035053944381047
"2021-01-08",0.00179662155204238,0.00178403731869849,0.00177799094164143,0.00175961604201449,0.00176334928490554
"2021-01-11",1.71633870874605e-05,1.80036384413142e-05,1.70767344351565e-05,1.63163465277101e-05,1.54003686942363e-05
"2021-01-12",0.00052537139515208,0.000535436982999411,0.000526478132763059,0.000529550859604507,0.000515670380500277
"2021-01-13",0.00193776122162412,0.00194028507232592,0.00197133011711854,0.00197786491588324,0.00195494470368395
"2021-01-14",0.00115311761014414,0.00115801240501365,0.00115251265432977,0.00116159421156379,0.0011717954231675
"2021-01-15",7.36698068241829e-05,7.44452181548955e-05,7.15156163653127e-05,7.330832975381e-05,7.08735436369735e-05
"2021-01-19",0.00223867508947242,0.00224069308007536,0.00229332113778648,0.00228353756898146,0.00225943017519148
"2021-01-20",0.00156408896386782,0.00156214285573713,0.00157911515135653,0.00157489861271136,0.00153672339702431
"2021-01-21",0.00203214933640459,0.0020319082691448,0.00208440912384553,0.00209115841276946,0.00207710809973198
"2021-01-22",0.00266493114031913,0.00266771114980479,0.00266467418526428,0.00265265798408687,0.00260119103875076
"2021-01-25",0.0391469021850784,0.0391473558747943,0.0388373980370945,0.03884132423775,0.0390525026821348
"2021-01-26",0.00178905365992137,0.00179569194909897,0.0018051970806571,0.00180825525087203,0.00187748769378383
"2021-01-27",0.0243112591449069,0.0243513356992961,0.0244189519480331,0.0244259771632971,0.024567604178661
"2021-01-28",0.0337372646134828,0.0336675698031023,0.0336270905263328,0.0336232214810476,0.0336396645568948
"2021-01-29",0.0583223167978498,0.0582422750927245,0.0580875650307307,0.0580842987820073,0.0582567568414751
"2021-02-01",0.00551875880894766,0.00547677260128415,0.00542835222966442,0.005425425913471,0.00549883558628092
"2021-02-02",0.00341913548024453,0.0034120666695346,0.0034100186832283,0.00341204671049002,0.00340768155013338
"2021-02-03",0.00315806765152591,0.00315748829910354,0.00320456471529118,0.00321143605074147,0.00321870043731782
"2021-02-04",0.00780066774899955,0.00778150507767088,0.00778323323779496,0.00780785785276817,0.00782239724503351
"2021-02-05",0.00357005167692663,0.0035714880279065,0.00355906246358399,0.00386235595370665,0.00376855241216048
"2021-02-08",0.00992835862866055,0.00992949797813061,0.0100134654591687,0.0099906982003259,0.00989121078184073
"2021-02-09",0.0107057264276632,0.0107199649600525,0.0106662564170292,0.0106798839782193,0.0107551692420267
"2021-02-10",0.00379205006729169,0.00379385685475085,0.00383999791897115,0.00383617236530378,0.00379890572389525
"2021-02-11",0.00749634692431257,0.00751022861503876,0.00764556605079988,0.00765247571434717,0.00754399942502076
"2021-02-12",0.0104458498922016,0.0104749949574038,0.0105072537254755,0.010482606365461,0.0103947007800238
"2021-02-16",0.0062186036671034,0.00620705435159509,0.00622073438957383,0.0061902763045394,0.00608564439650255
"2021-02-17",5.32421472048517e-06,5.30058359643935e-06,4.49143073633876e-06,3.53433230373578e-06,3.95318905788883e-06
"2021-02-18",0.000904329724884609,0.000909887831606371,0.000883905892054967,0.000901555578864491,0.000883384779282666
"2021-02-19",0.00220279527468963,0.00220333185679104,0.002181232682692,0.00219148371669905,0.00213693565339848
"2021-02-22",0.000463250583404155,0.000463759898060962,0.00039095441984286,0.000384471236991473,0.000419383897762308
"2021-02-23",0.0301229446901938,0.0302145826073788,0.030059393345788,0.0299868957356676,0.030300071658204
"2021-02-24",0.000785406309313212,0.000799609815901645,0.000823762415920789,0.000723372276058424,0.000764589722189284
"2021-02-25",0.0069221024006913,0.00690041145842488,0.00701831453179267,0.00694172188708796,0.00692203302424064
"2021-02-26",0.00597298235065641,0.00596827838013107,0.00562021338046126,0.00562081312456553,0.00571664845157718
"2021-03-01",0.0113125463863656,0.0114182960858491,0.0110702262997425,0.0109511725872508,0.010849672228889
"2021-03-02",0.00264777144436377,0.00265502487370796,0.00263918860334591,0.00264315352163171,0.00258262824533757
"2021-03-03",0.000354538735023879,0.000352692802864587,0.000334801193386799,0.000340194971449652,0.000351297248478778
"2021-03-04",0.0429999313584255,0.0429979226769276,0.0426231981476453,0.0426805979954528,0.0429545207234141
"2021-03-05",0.0293898187806321,0.0294033005119814,0.0294224511736441,0.0293156228481707,0.0293495502283908
"2021-03-08",0.00819503890898779,0.00819500941149933,0.00821340193104581,0.00819126318417562,0.00832901957859956
"2021-03-09",0.000378713898226438,0.000372940096526359,0.000377395045089607,0.000379573938878256,0.000387935100007009
"2021-03-10",0.00729778574027396,0.00730592894078515,0.00735404307242359,0.00738419691195494,0.00736333625959709
"2021-03-11",0.000327341837300065,0.00032822723527101,0.000325599044004452,0.000317339030036692,0.000328048109755895
"2021-03-12",0.000270057018510435,0.000269903635406915,0.000276053464597717,0.000277908541015568,0.000268833981249362
"2021-03-15",0.000262620122917812,0.000262798194729539,0.00025394612106017,0.000254368761016233,0.000243036116320079
"2021-03-16",0.000224982172039596,0.000225215894378894,0.000223567711350394,0.00022088973449949,0.000237134116214735
"2021-03-17",0.000688041125377922,0.000687517779433346,0.000696705960772467,0.000698367041711888,0.00071505497992162
"2021-03-18",0.000122037440309733,0.000122777644958175,0.00011566178766947,0.000116989284600515,0.000110955995435289
"2021-03-19",3.33045693282246e-05,3.27992131210948e-05,3.77227060527265e-05,3.70498290648797e-05,3.97215690602486e-05
"2021-03-22",0.00289169594641319,0.00289915929329126,0.00281668122610479,0.0028173439830976,0.00287308670938619
"2021-03-24",0.011121815072084,0.0112031918238265,0.0110363428721327,0.0110416962298053,0.0109935502169896
"2021-03-25",0.000528188191655677,0.000533512995647607,0.000507658576940029,0.000507555956366133,0.000530001690505302
"2021-03-26",0.0105680438448505,0.010564476121374,0.0104073411861963,0.010401919692152,0.0104969081507935
"2021-03-29",0.0177456408994102,0.0177321026325049,0.0175316809328303,0.0175257974318623,0.0176008643629831
"2021-03-30",0.0153367865442908,0.0153659996725001,0.0151769146747945,0.0151773726702419,0.0153083946118497
"2021-03-31",0.0139194321016625,0.0139383485862325,0.01379739312844,0.0137941251878459,0.0138567320476465
"2021-04-01",0.0250161347443245,0.0250272228698684,0.0248552639736675,0.0248520251416739,0.0250181201195921
"2021-04-05",0.037458975879411,0.037460043352202,0.0372132189394546,0.0372417114284714,0.0377551883729335
"2021-04-06",0.0386421887182683,0.0385922913570269,0.0383437186416301,0.0383666205679998,0.0389645496120245
"2021-04-07",0.0343850727776728,0.034348371646493,0.0341192614139747,0.0341605472061737,0.0343945114916789
"2021-04-09",0.0259926536005313,0.0259917973077087,0.025892061134484,0.0258670653937366,0.0260160938847713
"2021-04-12",0.025643905838326,0.0256839585634818,0.0255212735704955,0.0255113789424366,0.0257420581750671
"2021-04-13",0.0167999778188079,0.0167912535932576,0.0167595301097346,0.0167143639174719,0.0171486299512607
"2021-04-14",0.00752908854280607,0.0075721673181983,0.00748164929194946,0.0074827833342119,0.00782256470081766
"2021-04-15",0.00988883531571057,0.00988757503811336,0.00984892912748047,0.0098374240684072,0.0101817481771794
"2021-04-16",0.0174766448239125,0.0175260781512158,0.0175208548696334,0.0175177308882692,0.0177012979388036
"2021-04-19",0.0107804156023834,0.0107986298812255,0.0107727937771589,0.0107565013246945,0.0108261488638467
"2021-04-20",0.00565029153151679,0.00565048657362035,0.00564196879577234,0.0056338634806868,0.00573475430638104
"2021-04-22",0.00206316630255224,0.00183412869879508,0.00186786402420887,0.00186288073392263,0.00185628557469527
"2021-04-23",0.0120980340336684,0.0118245025854139,0.011812029394397,0.0118098179031767,0.0120609043780728
"2021-04-26",0.0189575211148771,0.0187576665186497,0.0186548233998678,0.0186644123038761,0.0193364889501786
"2021-04-27",0.0108291820596328,0.0107007338758937,0.010644631290782,0.0106445842773315,0.0108922130755711
"2021-04-28",0.00551865651313324,0.00545656945250035,0.00546371239930357,0.00546347090435874,0.00555636175346957
"2021-04-29",8.29182095342279e-05,8.93323388233643e-05,8.85235769147912e-05,8.89079771392347e-05,9.26931008440562e-05
"2021-04-30",0.00231725340618261,0.00228961633919211,0.00227875289182956,0.00227731574479045,0.00221866978530304
"2021-05-03",0.00242280861091136,0.00240065718007492,0.00240483606607116,0.00240523389457729,0.00229095671777861
"2021-05-04",7.3837944634324e-05,7.7632199121918e-05,8.02915622455668e-05,8.01073618548065e-05,9.02956410168563e-05
"2021-05-05",0.000745601960859302,0.000735036763282464,0.00072733553476983,0.000729270909659907,0.000658798836744754
"2021-05-06",9.05281708521745e-05,8.72728073330598e-05,8.40899221404713e-05,8.40952814698357e-05,5.60050262686975e-05
"2021-05-07",0.000389304967537868,0.000386291774762722,0.000369731331372051,0.000368250089990363,0.000347384199609055
"2021-05-10",0.000749347032569028,0.000744629793227262,0.000712501660722256,0.000709406783471785,0.000664786633458844
"2021-05-11",0.00228444589956276,0.00229076322851608,0.0023342591529731,0.00233896505819342,0.0023613948201955
"2021-05-13",0.000390477545093003,0.000390177682835281,0.000407317877463189,0.000406954554693735,0.00042134340497271
"2021-05-14",0.00243514188943299,0.00248250385691286,0.00248035942209988,0.00246692301616424,0.00233977439405574
"2021-05-17",0.000144773760313325,0.000144113556676423,0.000144828612491137,0.000146112805226041,0.000141774853758354
"2021-05-18",0.00273904945039329,0.00272321123141005,0.0027087949501242,0.00272907070465718,0.00268729856775526
"2021-05-19",1.63583291967548e-05,1.70150491164892e-05,2.01455872213351e-05,2.04088472122e-05,1.95472565691196e-05
"2021-05-20",0.00314888521579653,0.00314563724705826,0.00311743952899431,0.00307475003533053,0.00307339875273219
"2021-05-21",0.00378497572981221,0.0037902843986118,0.00377890881271508,0.0037525233471523,0.00376361572955575
"2021-05-24",0.00601358861152195,0.00628943454686445,0.00638012749857494,0.00622849433103497,0.00591962343572994
"2021-05-25",0.00242285414604576,0.00245133036883345,0.00246165488458294,0.00236908108152607,0.00232740389308894
"2021-05-26",0.00738532272934894,0.00739290415354584,0.00740852803012671,0.00740691175400771,0.00729778945626303
"2021-05-27",0.0052272050074647,0.00518354986802509,0.00519813751790409,0.00525374844447232,0.00531637359319893
"2021-05-28",0.0102356901472344,0.0100126516156695,0.00991956857026678,0.0100293280569784,0.010032835233643
"2021-06-01",0.0109198828640856,0.0107832267319736,0.0107285377532657,0.0107960602711412,0.0105566241910425
"2021-06-02",0.00775878471781367,0.00765028138029646,0.00762493528755506,0.00765525622156313,0.00754505883461803
"2021-06-03",0.0065085545626366,0.00647900016817128,0.00645149184070312,0.00645522060709552,0.00646889262527552
"2021-06-04",0.0137011052639404,0.0135389061328598,0.0134726374516949,0.0135356899597051,0.0134713199306492
"2021-06-07",0.00964306023428969,0.00946320851413664,0.00939035774626876,0.00939967765637792,0.00931801631243278
"2021-06-08",0.00693325561046569,0.00682779368562676,0.00679211054123116,0.00689223978292156,0.00680073908296646
"2021-06-09",0.00991617102875233,0.00987965185763887,0.00989271279522141,0.00992647009008103,0.00992288356878126
"2021-06-10",0.0120316692176423,0.0121749323150098,0.0121785747718012,0.012163284270925,0.0121959495695482
"2021-06-11",0.0180873811747108,0.0182592047426456,0.0182168409382063,0.0182633533589655,0.0183329700920051
"2021-06-14",0.00643614776186271,0.00655919618499251,0.00656898863468463,0.00661060238712872,0.0064799707611505
"2021-06-15",0.009349926990006,0.0092726986035128,0.00924231982737848,0.00925280842797149,0.00925119803196085
"2021-06-16",0.000224405523268319,0.000226683623275814,0.000226824738629473,0.000226554673780023,0.0002058465238348
"2021-06-17",0.00400666974708019,0.00414425517646755,0.00414933353449233,0.00414388155372382,0.00417163653228744
"2021-06-18",0.000784939592038436,0.000821115230418723,0.000824830537441159,0.000829466256210461,0.000785500688029656
"2021-06-21",0.0033312774523562,0.00338976894797851,0.00338058600197459,0.00339670772422203,0.00338689817659623
"2021-06-22",0.0029384056465491,0.00298064686365415,0.00297556435301627,0.0029922251621224,0.00295189231958195
"2021-06-23",0.00623841988607364,0.00621450996830306,0.0061927496837961,0.00622397345560543,0.00630829345264697
"2021-06-24",0.00432470840503212,0.00428975464791815,0.00430832095058182,0.00431963091365121,0.00424379586077017
"2021-06-25",0.00428632948586092,0.00435240877528339,0.00437403693395938,0.00441845720479368,0.00441672546764055
"2021-06-28",0.00523056428399695,0.00524440173526803,0.00530133019183963,0.0053090939799021,0.00528977981822354
"2021-06-29",0.0035044150740796,0.00354301108440753,0.00357807268088405,0.00358570073845145,0.00360385848747303
"2021-07-01",0.00478957110260092,0.004783414772501,0.0049851532569227,0.00500408876320769,0.0049607841008553
"2021-07-02",0.00352820640524498,0.00352311567547642,0.00359034561380293,0.00360287317089434,0.00351964685816159
"2021-07-06",7.93616580902303e-06,1.14301831937369e-05,8.76314740164746e-06,6.94058028061486e-06,1.01397787092957e-05
"2021-07-07",5.2092617568752e-05,5.7211221355187e-05,5.30603598535072e-05,5.14835357083095e-05,4.64258287519502e-05
"2021-07-08",0.00212610021150847,0.00214627847309268,0.00212042448428653,0.00212096181111583,0.00215428744510812
"2021-07-09",0.000405035046363264,0.000429468761277237,0.000446327091204246,0.000462383030741415,0.00045791794449497
"2021-07-12",4.40479895999104e-05,4.69750348370327e-05,5.17543215586688e-05,5.65472810677959e-05,4.80726419448315e-05
"2021-07-13",0.000474752832942056,0.000498767148115555,0.000496438717698965,0.000484983832981116,0.00052343288302673
"2021-07-14",0.00052145354954677,0.000537492263092597,0.000532042412330003,0.000516437152256886,0.000534390176714651
"2021-07-15",0.000119826314981258,0.000120040637588535,0.00011860043237492,0.000119052774898978,0.000123807426221338
"2021-07-16",9.5947787332467e-06,6.57571711008778e-06,5.73823131180692e-06,6.40826544495945e-06,1.05189903729322e-05
"2021-07-19",0.00340269414070031,0.00325683399768937,0.00322644943538279,0.00324909912047677,0.00333275388726667
"2021-07-20",7.70254263254409e-06,9.05902472768579e-06,1.01170171633967e-05,9.54927096309379e-06,6.15849251382203e-06
"2021-07-21",0.000315444369179788,0.00031202721452912,0.000318744072382485,0.000318207364677082,0.000309642151791264
"2021-07-22",0.000305946461969484,0.000305028277113267,0.000309834422853854,0.000308527979088207,0.000294604256234911
"2021-07-23",0.00114857729639959,0.00114374779929905,0.0011571564251228,0.00115385295672166,0.00112811640918097
"2021-07-26",7.11859328991397e-05,8.14515712089359e-05,8.56140695789482e-05,8.54603249696801e-05,7.79822332721082e-05
"2021-07-27",0.00148275783209115,0.00141642001363911,0.00139929214484681,0.00139572444338829,0.00141887607759872
"2021-07-28",0.0136814343837278,0.0135582246956972,0.0135098731246332,0.0134923319301412,0.013570209754206
"2021-07-29",1.46557194233125e-05,1.47730011480034e-05,1.59269457393587e-05,1.59019884979182e-05,1.35283302567934e-05
"2021-07-30",0.00012223350497272,0.000124141784957134,0.00012295457322217,0.000123091081014602,0.000132804297446683
"2021-08-02",0.000558340825592451,0.0005831126780678,0.000573796903001281,0.000575773849231727,0.000543500834960629
"2021-08-03",3.27012881419374e-05,3.20223438488629e-05,3.38589565935765e-05,3.25783875948208e-05,4.32072085198583e-05
"2021-08-04",0.000165395867383321,0.000149194508686532,0.000142169307660425,0.000144521793002407,0.000133238933733301
"2021-08-05",0.00273913980425038,0.00273019266116908,0.00272502713913661,0.00274272185734615,0.0028391353896412
"2021-08-06",0.00162082403624556,0.00157766947179208,0.00156221514568815,0.00156452029595415,0.00156063808895669
"2021-08-09",0.00168777919396451,0.00168706187733377,0.0016856108413662,0.00169090014289823,0.00163111437641399
"2021-08-10",0.00141219285061437,0.00135189056932184,0.00132702543208973,0.00132703308615674,0.00131851070607006
"2021-08-11",0.0023625075631837,0.00237756336822706,0.00235413289217724,0.0023479509347251,0.00230841976578923
"2021-08-12",0.00374152105219685,0.00379825757437311,0.00375574788003503,0.00372287715049596,0.00374600339110762
"2021-08-13",0.00411832165389258,0.00411729739918912,0.0041055446691863,0.00411374057031417,0.00407837879231277
"2021-08-16",9.62791872581222e-05,0.000101643949719317,0.000101275978726775,0.000112757390817049,0.000115144035364787
"2021-08-17",6.64307307660374e-05,5.22882876482705e-05,5.17631693382279e-05,4.67909949513347e-05,4.83059060834323e-05
"2021-08-18",1.0705512458914e-05,1.33813443933998e-05,1.46896914184808e-05,1.22410657050509e-05,1.09787427496063e-05
"2021-08-19",0.00115151031444409,0.00111151788717952,0.00110497797112203,0.0011150252078463,0.0011130011166602
"2021-08-20",0.000362813846722881,0.000416470694610175,0.000420720142762069,0.00046233020873532,0.000437581218206578
"2021-08-23",0.00227322485699729,0.00228824904164681,0.0022734681348897,0.00229142503246345,0.00225864268368671
"2021-08-24",0.00330860633494544,0.00331382328227534,0.0032865651806462,0.00332504498952709,0.00330769434174541
"2021-08-25",0.00803493350139282,0.0080251726764628,0.00790397772522723,0.0078563355362703,0.00799218155204069
"2021-08-26",0.00259447765723246,0.00257546349116429,0.00253490750719846,0.00254780348117524,0.00251642230240688
"2021-08-27",0.00262807883844633,0.00263747898853248,0.00264867753963322,0.0026415770106391,0.00262288793964537
"2021-08-30",0.000958324490083326,0.000954071899838917,0.000974844318524807,0.000972106089349156,0.000959824121836434
"2021-08-31",0.000203661161303423,0.000205482327716987,0.000216720121683219,0.000223856778989053,0.000212267770162032
"2021-09-01",0.000288837845551934,0.000297075820087552,0.000347811710119632,0.000354102041153846,0.000380973080971059
"2021-09-02",0.000484929917749895,0.00048554825443979,0.000506696265283535,0.000503898495749067,0.00050218155142648
"2021-09-03",0.00118762490313149,0.00118494307428857,0.00120577341615494,0.00121412702625678,0.00120158586317734
"2021-09-07",0.000359358650157838,0.000358018258173231,0.000356602079916603,0.000367488808408008,0.000359333224547988
"2021-09-08",7.54908719365643e-05,7.36984828479792e-05,7.87726079949136e-05,8.06131463103125e-05,7.67584924655698e-05
"2021-09-09",0.000341976986107086,0.0003289701262272,0.000344377531167789,0.00034370825707915,0.000338749386334224
"2021-09-10",0.0215446614581272,0.0215912570934743,0.0214977015637655,0.0215608960963306,0.0216126422486038
"2021-09-13",0.00239000687388748,0.00240041036983714,0.00240654399085115,0.00241258533242619,0.00246343688071589
"2021-09-14",0.000381612667531226,0.00040335232077055,0.000422549293396633,0.000420695955851537,0.000430937927385781
"2021-09-15",0.000881384948729693,0.000893256087946117,0.000849738755890146,0.000847403091432962,0.000833023519373226
"2021-09-16",0.00144991451631846,0.00145768702240485,0.00140852824371427,0.00140231216613291,0.00140160409435049
"2021-09-17",0.00055270398392809,0.000580326066480956,0.000565021942044674,0.000565530210698381,0.000566430236698256
"2021-09-20",0.00207413497944099,0.00207613732163236,0.00202080711223693,0.00201500356181286,0.00202766362993301
"2021-09-21",0.000218968524601082,0.000211514508919121,0.000212406674550158,0.000218041044993766,0.000215899456829723
"2021-09-22",0.000258732255686953,0.000257835411352748,0.000268547269036551,0.000276166701485039,0.00027824156355528
"2021-09-23",0.0002021656020032,0.000202791460157593,0.000208194511831701,0.000210800767732495,0.00020621476916439
"2021-09-24",0.00113635646426125,0.00114624465355754,0.00111030217997,0.00112212787158289,0.00111531556609073
"2021-09-27",2.31208418837939e-06,1.6265514602406e-06,2.17764517480863e-06,2.37872784438027e-06,2.17222542072701e-06
"2021-09-28",0.00213503100266911,0.00219375865338056,0.00221678109727295,0.00219189119612791,0.00221648404596598
"2021-09-29",4.32852440614308e-05,4.70460929896135e-05,5.58441655880567e-05,5.56088612188334e-05,5.73564072829496e-05
"2021-09-30",0.000389682275133335,0.000396410893755747,0.00039816592190801,0.000404827832329861,0.000406689437774787
"2021-10-01",0.00175871401180137,0.00179809578481698,0.00183209475046364,0.00179336371090761,0.00180183996609763
"2021-10-04",0.00192538767166769,0.00195321034481728,0.00196117664236082,0.00190030804759821,0.00191827414137594
"2021-10-05",4.32930633258993e-06,4.5787498170576e-06,5.97414528410989e-06,4.64296744310907e-06,4.4589617730257e-06
"2021-10-06",0.000694819804253002,0.000685738751575189,0.00068960751510307,0.000689999967443824,0.000697833249562731
"2021-10-07",0.00124952302588743,0.00123810352490734,0.00126694728761991,0.00129534864400941,0.00128600617393887
"2021-10-08",0.00417771434243302,0.0040627064692029,0.00394937859210722,0.00388528871977634,0.00381923695555124
"2021-10-11",0.00386990847929516,0.00387235444087073,0.00385294343111111,0.0038004221937265,0.00378470923178116
"2021-10-12",0.000788618982915939,0.00078434982285533,0.000756934932931515,0.000854043350992859,0.000841265404231255
"2021-10-13",0.000653262599979758,0.000655995979049074,0.000646025196038564,0.000660434102527894,0.000653237884261051
"2021-10-14",0.00505901843672078,0.00508441293701472,0.00512958849967308,0.00518594033962423,0.00516809175406408
"2021-10-15",0.00511952835303742,0.00510424931167146,0.00512214226085385,0.00515630371867402,0.00513973049883638
"2021-10-18",0.00420631167074319,0.00424647120370228,0.00425097553881655,0.00438880536537361,0.00438931074249715
"2021-10-19",0.00509136887952268,0.00510366528854941,0.00511144273551311,0.00519954075155996,0.00518370214984904
"2021-10-20",0.00607725809541051,0.00610519922884417,0.00612351995149309,0.00620872639203564,0.00619887148703332
"2021-10-21",0.00457929382169834,0.0045861844961158,0.00455385286168131,0.00453145159930636,0.00451322158498949
"2021-10-22",0.0023866530894612,0.00238350693350434,0.00240555050892174,0.00236616891613399,0.00235561917729585
"2021-10-25",0.00396755480605313,0.00389020488544524,0.00386361076198893,0.00390025254161949,0.00389416307221641
"2021-10-26",0.00276219200565814,0.00277051323870856,0.00276485419878543,0.0028410108457392,0.00284410098865976
"2021-10-27",0.00403402616278012,0.00403841699513502,0.00403765780817936,0.00407985834845551,0.00409019197773251
"2021-10-28",0.00296988722227156,0.00300952729918618,0.00301447616695549,0.00306458666391646,0.0030646751783962
"2021-11-01",0.00361374113088632,0.00363464393782202,0.00362675521589751,0.00367389976557142,0.00367234873617515
"2021-11-02",0.00422976563172992,0.00425599331568406,0.0042741186478017,0.00441343905537402,0.00441243796487165
"2021-11-03",0.00442032458060691,0.00443663970518487,0.00442688953164597,0.00444539579646644,0.00444574273980708
"2021-11-04",0.00527456414811465,0.00529325283891015,0.00524387220643029,0.00534200411518749,0.0053408565138721
"2021-11-05",0.00247525585505441,0.00248348406965268,0.00249709632001407,0.00247601265860528,0.00247379542300718
"2021-11-08",0.00576524240571327,0.00578180909938877,0.00576743036263143,0.00587950358959212,0.00586240320866698
"2021-11-09",0.000583200019271215,0.000587427423269606,0.000577834543921371,0.000596358019083577,0.000592620825072768
"2021-11-10",0.000367325894592217,0.000371611848700187,0.000371441609705741,0.000391497454519246,0.000390614951323412
"2021-11-11",0.00855109728834761,0.0085702257212077,0.00860395877027702,0.00887146583743883,0.00886257041164967
"2021-11-12",0.00366678517603559,0.00366990353795701,0.00371615232546944,0.00377205579384557,0.00376676464410491
"2021-11-15",0.00116646719072591,0.00116994364554985,0.00119229684181825,0.00119207529375609,0.00120045070644185
"2021-11-16",0.00288431520887115,0.00290432513296452,0.00291987904371448,0.00290579435480017,0.00289420870868323
"2021-11-17",4.58824649241e-05,4.76233754897272e-05,4.87271083333636e-05,4.03185861601401e-05,3.97362318125723e-05
"2021-11-18",0.00367899320263161,0.00365830693520433,0.00363123172831977,0.0036268877232716,0.00363421973311475
"2021-11-19",0.000505221753751374,0.000505229507863713,0.000507680756759249,0.00045803600226675,0.000459955214932702
"2021-11-22",0.00289345549018109,0.00288700505330745,0.0028885873150508,0.00259701440417308,0.00258017758757588
"2021-11-23",0.00739679880529534,0.00741920823130621,0.00737716320333432,0.00721080965071718,0.00721056229232586
"2021-11-24",0.000844290136552663,0.000839090455791516,0.00084366669119749,0.000787285232825044,0.000787639974485622
"2021-11-26",0.00372659623853155,0.00372004934885473,0.00370382847676022,0.00351933530094397,0.00352223446490428
"2021-11-29",0.000720082403396515,0.000713919634824168,0.000708248764550646,0.000635616991104557,0.0006335948750142
"2021-11-30",0.0165438071320298,0.0164868011726919,0.01647594813039,0.0165928188343485,0.0165847340231478
"2021-12-01",0.0134746624550936,0.0134176408583978,0.0134290873208023,0.0134549831560475,0.0134415237858016
"2021-12-02",0.0259063190418792,0.0258458483136703,0.0258555864869398,0.0257848925704186,0.0257327041058581
"2021-12-03",0.0256048294467218,0.0255678216466647,0.0254862718983954,0.0254591189799973,0.0254128706268098
"2021-12-06",0.0151551999600074,0.0151414830357326,0.0150835951948803,0.0147754350242203,0.0147838069716883
"2021-12-07",0.00125856920638602,0.00125321957377879,0.00123452892384966,0.00115656056985188,0.00116361842231227
"2021-12-08",0.00633004040139484,0.00631433879276516,0.00628552453170986,0.00630443364790946,0.00626274912883683
"2021-12-09",0.00296992501540129,0.00294949909620846,0.00295597041866441,0.00293598274467517,0.00293480972444155
"2021-12-10",0.00450340719482653,0.00450138697843978,0.00445863200066268,0.00438718792636959,0.0043866745372964
"2021-12-13",0.0219053450110543,0.0218997419083864,0.021819836151871,0.021864570767099,0.0218565180570364
"2021-12-14",0.0195110849544035,0.0194816106975924,0.0194411767740943,0.0195127348807561,0.0195657255009632
"2021-12-15",0.0341608910464332,0.0340878632220743,0.0341291583183848,0.0340155163333738,0.0340666620213228
"2021-12-16",0.024624696379264,0.024552021114742,0.024602609917064,0.024080022374141,0.0241021791169319
"2021-12-17",0.022742530580803,0.0225721516839741,0.0227311895750773,0.0225765840823122,0.0226036104237855
"2021-12-20",0.0123575561969133,0.0122939315683802,0.0123518587222887,0.0122247548191617,0.0122416930506941
"2021-12-21",0.000150056828941511,0.000141501898061252,0.000145904960738157,0.000129202808176711,0.000129108287234151
"2021-12-22",0.000430823522807244,0.000439281983767131,0.000428310607348705,0.000418622913964738,0.000418564173573644
"2021-12-23",0.00379464000210665,0.00381904922078201,0.00378158932703026,0.00376968193216768,0.00377709756829126
"2021-12-28",0.000404278323211635,0.000386517094748038,0.000394487628099529,0.00047100044474329,0.000472587575590202
"2021-12-29",0.00195786653088586,0.00197007806938407,0.00196401913489224,0.00231090109622008,0.00230742099801622
"2021-12-30",0.0074150268749702,0.00740173092786906,0.0073074604588992,0.00754509728996849,0.00756477517194741
"2021-12-31",0.00743674604753333,0.00745320551580292,0.00739665707485609,0.0076786322496572,0.00768273684759438
"2022-01-03",0.00359250683767488,0.00359620761610903,0.00354817683042596,0.00371732497373971,0.00374784222506939
"2022-01-04",0.0035345774308639,0.00342749249198745,0.00336655083260645,0.00340101037461007,0.0034243394801617
"2022-01-05",0.000129052739266267,0.000132609311105086,0.000135426635955069,0.000147714765780418,0.000148396171633155
"2022-01-06",0.00212134836201398,0.00218008537858117,0.00215635036242203,0.00217257684659505,0.00215137223464554
"2022-01-07",0.00046814520051048,0.000488543554275703,0.000480466615471906,0.000429747404211931,0.000409392896223627
"2022-01-10",0.00818451266050445,0.00808577088181963,0.0081578040543086,0.00849263334201434,0.00851421627974122
"2022-01-11",3.2102687260079e-05,2.76217614111493e-05,2.91177119865209e-05,2.95825887163941e-05,3.53605460867054e-05
"2022-01-12",0.00309419119579859,0.00328838524057357,0.00320982896228773,0.00337082644600345,0.00331226535685658
"2022-01-13",0.000903310703437112,0.000947652922975307,0.000931987440523792,0.000871596019649751,0.000857894126209074
"2022-01-14",0.000852982147973669,0.000876465092735308,0.000846742849029354,0.000829473552014338,0.000837215689636912
"2022-01-18",0.00137864049675109,0.00148100852455061,0.00146389997214209,0.00138426640124116,0.00136834895942491
"2022-01-19",0.00320536203144243,0.00324202934689114,0.00320252136723394,0.00319087073520618,0.00312175756887074
"2022-01-20",0.0038651945856589,0.0039248613695684,0.00387343839334552,0.0038884728645335,0.00383941103982348
"2022-01-21",0.00860903580697918,0.00863483512540187,0.00861679605801179,0.00899903421805774,0.00897317121795957
"2022-01-24",0.0651753261068685,0.0648413151278176,0.0648655609761702,0.066250148686412,0.0661699815272584
"2022-01-25",0.0400643551835016,0.0399291142210955,0.0399289760566207,0.0404448113260141,0.0404563256169895
"2022-01-26",0.0429894850286031,0.0424872827893245,0.0427875697331,0.0431124323825897,0.0429728852801806
"2022-01-27",0.0172806445350555,0.0169017189728096,0.0170725342453233,0.0172444927783316,0.0172133374977505
"2022-01-28",0.0284566752272656,0.0280832955665869,0.0281657229067503,0.0285865439484236,0.0285191549500155
"2022-01-31",0.00295355801713135,0.00285123320919612,0.0028784288232205,0.00291320889270379,0.00293929676603684
"2022-02-01",0.00269509621066855,0.00269910957862469,0.0026800428090224,0.00275210951344799,0.00272735316920649
"2022-02-02",0.000316972488115658,0.000319431479068581,0.00032208738794486,0.000292706109904676,0.000284591214278221
"2022-02-03",0.000289063952501742,0.000287121974406543,0.000287948227314816,0.000271375026293181,0.000263735622234474
"2022-02-04",6.9202228262532e-05,6.8836801285832e-05,7.38909839399255e-05,5.97793874835935e-05,5.68424856560996e-05
"2022-02-07",0.000763857683365842,0.000774369918619031,0.000762259159295564,0.000722823445876586,0.000713486922773499
"2022-02-08",0.00433095984578427,0.00439669479120706,0.00426616473909277,0.00442652263630165,0.00438920477426482
"2022-02-09",0.00770175845725614,0.00770607904607052,0.00764031641082976,0.00727494441130025,0.00724019488296546
"2022-02-10",2.63900849918673e-06,1.48919194640382e-06,3.57867571355505e-06,3.30893847786006e-08,1.96990160632792e-09
"2022-02-11",0.00523998276021197,0.00520962112168338,0.00527491349260594,0.00520085722527344,0.00513140024725887
"2022-02-14",0.00243615729024181,0.002438553938813,0.00249088801613856,0.00218127073254613,0.00219363503802982
"2022-02-15",0.00623669869416497,0.00616317956943317,0.00610146094991529,0.00625990272906045,0.00628997399062084
"2022-02-16",0.00229585059956611,0.00225256844205823,0.00222488894189421,0.0022395794995113,0.0022408492950216
"2022-02-17",0.00586046233574182,0.00580083680633374,0.00577841333449326,0.00590817298755794,0.00591098051758352
"2022-02-18",0.00298676524118469,0.00293533386325608,0.00290558499807514,0.00298966243772803,0.00299302631746397
"2022-02-22",0.0031578622223666,0.00301157582262201,0.00303573583228187,0.00318313111764318,0.00322250439513669
"2022-02-23",0.00912597978451336,0.00894882940957059,0.00890084389618875,0.010831583185742,0.0108698016620458
"2022-02-24",0.00393718214659597,0.00407896726569029,0.00408971111590502,0.00391497928531704,0.00375481628793683
"2022-02-28",0.00409533638596175,0.00396011846579901,0.00459012379987386,0.00441635480951866,0.00451082939686329
"2022-03-01",0.000140722629101269,0.000124257041050738,0.000163846448862262,0.000133774453273926,0.000158944848469181
"2022-03-02",0.00210152741550953,0.00197019964659244,0.00205522690065947,0.00171343751409526,0.00174786565529306
"2022-03-03",0.0014525213201701,0.00146407815159636,0.00151127159962414,0.00126848971971803,0.00130307742745923
"2022-03-04",0.00022368156907577,8.35263826012888e-05,9.39496206109555e-05,2.78276743844971e-05,2.45489373397125e-05
"2022-03-07",4.7187332131959e-05,9.48196693756608e-05,8.50500655388393e-05,0.000130205148573728,0.00012815282829753
"2022-03-08",0.0231063589742284,0.0233629205624786,0.0232506147174396,0.0240621091794357,0.0241171631649197
"2022-03-09",0.000139370341042283,0.000124617872258295,0.000139335747576041,0.000175814199643548,0.000175641767851246
"2022-03-10",0.000532121716612058,0.000546554574355284,0.000553913124349786,0.000625631889954686,0.000629903430724628
"2022-03-11",8.13412733393405e-05,6.23419817981927e-05,6.35248435486646e-05,4.34252276146083e-05,4.344732883155e-05
"2022-03-14",9.1637931681572e-07,3.7754672522198e-06,2.84056595101255e-06,3.34013734453916e-06,3.20392563973719e-06
"2022-03-15",0.00181250082588835,0.0017506017692016,0.00175297930059995,0.00169865947245187,0.00169609689097937
"2022-03-16",0.00489436965544114,0.00498880300626316,0.00491469266165965,0.00498578847307606,0.00498154822648264
"2022-03-17",0.000981506959539216,0.000900985183974478,0.0009135260010086,0.000847441096112293,0.000849566121065028
"2022-03-18",0.000802512577602555,0.000752697803012469,0.000795947564307998,0.000761451134680142,0.000761848658420593
"2022-03-21",0.000237688358418115,0.000185223624456627,0.000204300658856913,0.000177457732000542,0.000177475855840133
"2022-03-22",0.00689397572962328,0.00657904729637963,0.00664314968352343,0.00660552604016062,0.00664015396594187
"2022-03-23",0.00345385986622805,0.00329733231874805,0.00336251389748532,0.00331507553572548,0.00330951373510837
"2022-03-24",0.0110585516540812,0.0101869179282131,0.0101521110732057,0.0101523536017374,0.0101566507532835
"2022-03-25",0.00819572019537591,0.00760774238795816,0.00763062528175514,0.00754434469063563,0.00754381558202729
"2022-03-28",0.00575950913889403,0.00535358906194559,0.00532945260493636,0.00509765870028901,0.00512591901291297
"2022-03-29",0.0100180831862347,0.00940061816624547,0.00942927403532031,0.00978950043151762,0.00979258377787295
"2022-03-30",0.0108361342611557,0.0103715527563345,0.0104424112395803,0.0105191769716449,0.0105011111004784
"2022-03-31",0.00853027231541044,0.00795584954451339,0.00798085804130924,0.00767887776316954,0.00767551400975647
"2022-04-01",0.00637327200289695,0.0059030285035024,0.00589509691585412,0.00590535616067764,0.00590175391569955
"2022-04-04",0.0174383986457781,0.0167915451970265,0.0166800045457352,0.0171380794823183,0.0171041476795182
"2022-04-05",0.0233120757153785,0.0227814192204732,0.022514023597775,0.0236912783395557,0.0236313145246702
"2022-04-06",0.00202371091487225,0.00200630607111564,0.00196486551995481,0.00222483014461338,0.00221050592279841
"2022-04-07",0.00397251714566442,0.00406152335434328,0.00401932819154357,0.00426804782689179,0.00425180429924301
"2022-04-08",0.00675943445132877,0.00694884493157648,0.00695068317554017,0.00698537852624111,0.006938812122508
"2022-04-11",0.00963811682403443,0.0102531624451422,0.0102299522145054,0.0107544729996868,0.0106979658982739
"2022-04-12",0.00236104083013002,0.00246766379633302,0.00244702290310904,0.00264738776567949,0.00263610523898757
"2022-04-13",0.0163797826244286,0.0160436016429647,0.0159556542857327,0.0162860594533688,0.0161066611669817
"2022-04-14",0.00755073657895799,0.00765151570959493,0.00770112209579621,0.0083708576212091,0.00838904033908145
"2022-04-18",0.00169282386344779,0.00147135947593723,0.00150599094715087,0.00142748554095949,0.00144119460221648
"2022-04-19",0.00452836866649174,0.00460891442592693,0.00461951271048332,0.0045538634990817,0.00446127010812908
"2022-04-20",0.00104135893280418,0.00131183388414964,0.00134372262109071,0.00128036274150376,0.00124986078333016
"2022-04-21",2.80542457269031e-05,0.000103968034887222,0.000102035683282991,0.000101649831748538,0.000106118824950777
"2022-04-22",5.04943346272895e-05,7.88203780667997e-06,6.86480604041143e-06,6.11508290450982e-06,4.26401798953422e-06
"2022-04-25",0.0134428957613303,0.0127930413535192,0.0125354541870481,0.013070709762874,0.0130628383076458
"2022-04-26",0.00104592097140006,0.000905764506430994,0.000844050755001995,0.000935023407156729,0.000931712533935536
"2022-04-27",0.0130032180347437,0.0128034426519609,0.0127044187347109,0.012788825452995,0.0127894555626764
"2022-04-28",0.00786065350084253,0.00774557876607634,0.00769346163788863,0.00791232354315058,0.00792446604693273
"2022-04-29",0.0164795649052704,0.0160050619298166,0.0160028811063291,0.0162589977308192,0.0162339720250042
"2022-05-02",0.0289532264280079,0.028241939757789,0.0280990209989252,0.0284085181285059,0.0283073687925717
"2022-05-03",0.0225031427893616,0.022025977403759,0.0219370557434514,0.0220735407636099,0.0220596928014737
"2022-05-04",0.0484547643487077,0.0478141287748996,0.0477853421195467,0.0475090762997944,0.047533292409006
"2022-05-05",0.0211854301768256,0.0208290506696383,0.0208868201212999,0.0206550880338588,0.0206602234667296
"2022-05-06",0.0519344761442699,0.0512392539593016,0.0511589650004003,0.0505832699094617,0.0505765060388697
"2022-05-09",0.0252350132194338,0.0247767313228715,0.0247406454046553,0.0246813893660261,0.0246725642377728
"2022-05-10",0.0222991929650736,0.0218541556624739,0.0220581172695743,0.0215337705074132,0.021558804478333
"2022-05-11",0.0291539429459278,0.0283573325212463,0.0284530229707573,0.0279778439817858,0.0279816730475083
"2022-05-12",0.0977491390307055,0.0965472369211723,0.0964823868214127,0.0959552100754572,0.095984177171653
"2022-05-13",0.00500677427963549,0.00496905108810815,0.00494677109375335,0.00473127911017426,0.00472433639897667
"2022-05-16",0.00908673682353328,0.00865991129022427,0.00861566741211366,0.00828679656419078,0.00828816134687484
"2022-05-18",0.00264358893385736,0.00245393501509079,0.00244061712304669,0.00249401417704652,0.00249711874790024
"2022-05-19",0.0260669481409159,0.0256667873227738,0.0255468767225396,0.0258093899267309,0.0258144308950646
"2022-05-20",0.0225429719556992,0.0220887840860253,0.0219897727256108,0.0219997944666036,0.0219967609559123
"2022-05-23",0.0129352741646679,0.0124418438974444,0.0125489055527724,0.0116382210356785,0.0116296058017068
"2022-05-24",0.00246034579053775,0.00251607878545351,0.00263322876149883,0.00262235826580977,0.00262328080010506
"2022-05-25",0.00539682787732945,0.00563520289029312,0.00565276742410128,0.00564154680458195,0.00564416742957014
"2022-05-26",0.00361990992254276,0.0032347056232392,0.00307349408194096,0.00303637651052235,0.00296632297896466
"2022-05-27",0.0103064797035306,0.0100041604752141,0.00926742971628326,0.0087135214905228,0.0086766956927444
"2022-05-31",0.000837496784655135,0.000371180561014822,0.000317818954247178,0.000105312056898859,0.000110385779369368
"2022-06-01",0.00367795543794921,0.00272292300895921,0.00254049878039136,0.0022414802990737,0.0022252706625697
"2022-06-02",0.00887420472393233,0.00827625798551183,0.00802564704165007,0.00815179701444168,0.00817151925323263
"2022-06-03",0.0114330395596615,0.0105910411673906,0.0104681456224816,0.00994558558477483,0.00988829035771224
"2022-06-06",0.0153731626731483,0.0137782693284443,0.0135577345397447,0.0131033615168451,0.0130837721572371
"2022-06-07",0.0284719692526172,0.0264412079902348,0.0259751054484278,0.0251082370929499,0.0250810093846565
"2022-06-08",0.0293152412260269,0.027550750881276,0.0270852149297174,0.0262688542159635,0.0261279799296791
"2022-06-09",0.0225192064832597,0.0210859694321613,0.0207606312023718,0.0209161025572437,0.0205732829166775
"2022-06-10",0.0115236787754164,0.0104758584139814,0.0101945791509885,0.0099199442339043,0.00980329251630709
"2022-06-13",0.00405478733778085,0.00364585602774696,0.00352323513552825,0.00363446686661069,0.00357047454585718
"2022-06-14",0.00239487308202353,0.00225091852356898,0.00222057814812884,0.00215679231517415,0.00206564939182636
"2022-06-15",0.00925964648132742,0.00888192828091211,0.00897933682488844,0.00878853122154669,0.00897076802685188
"2022-06-16",2.62429952763619e-05,3.8491003000784e-05,3.4597057463423e-05,3.71032957890647e-05,3.51564423223903e-05
"2022-06-17",0.00139747100548143,0.00132479084285732,0.00129121461250923,0.0013399529520248,0.0013220557697949
"2022-06-21",0.0175185273537869,0.0172835462154103,0.0173318921915749,0.0171802105571255,0.0171148133913457
"2022-06-22",0.00635013936938337,0.00661203818098985,0.00664334115415405,0.00663489743025686,0.00659044519499178
"2022-06-23",0.00461720358596543,0.00481595808656749,0.00484567496319038,0.00496624703032879,0.00495080392164942
"2022-06-24",0.0257505440680841,0.0261956302244755,0.0262480879362012,0.0263551745671914,0.0263436011797896
"2022-06-27",0.00716523513020492,0.00762242925259018,0.00769827030790368,0.00736698567670832,0.0073717648043717
"2022-06-28",0.00265643910128133,0.00301589059311503,0.00304274949999243,0.00284315620686478,0.00284751423840427
"2022-06-29",0.00162099605831003,0.00177983011643401,0.00179611548567219,0.00177781442621676,0.00177200543313665
"2022-06-30",0.000307011597489395,0.000362918910226376,0.000365464908302085,0.000360306512288542,0.000361543541835835
"2022-07-01",0.000535763489381289,0.000540320183603974,0.00053277302823591,0.000511933964861143,0.000510153585029849
"2022-07-05",0.000310872334326909,0.000276524376410022,0.000278197195512941,0.000232361043039702,0.000229487673796358
"2022-07-06",3.48735615722273e-05,2.85674531954974e-06,2.13003517328399e-06,4.61857528095965e-06,4.7458327848862e-06
"2022-07-07",0.0100132515345583,0.0104686054339448,0.0105264967965871,0.0100846870577598,0.0100878157089655
"2022-07-08",0.00497786348514111,0.0053494243609613,0.00539434346427544,0.00526092060720463,0.00526387878627688
"2022-07-11",0.00466018739191655,0.00478093020016889,0.00481693311178254,0.00480565551004367,0.00482351312909172
"2022-07-12",0.00194341775712189,0.00180013231988662,0.00179653086733286,0.00188912782489715,0.0018799524062005
"2022-07-13",0.000145667640419365,0.000117533216569805,0.000114266337893415,0.000172156700641814,0.000171617630943561
"2022-07-14",0.00240905635372873,0.00220389675435793,0.00219432661314302,0.00223597196571619,0.0022387135134742
"2022-07-15",0.0172515352028686,0.0162856095384584,0.0161779979893725,0.016865319393379,0.0169575443887466
"2022-07-18",0.0125514684337751,0.0121931534233453,0.0121533131227882,0.012476483198504,0.0125381104855969
"2022-07-19",0.0207158960709356,0.019984657742807,0.0199030752108554,0.0202318333956072,0.0202684910283835
"2022-07-20",0.00995855363893635,0.010102145569076,0.0101128401151974,0.010313248398734,0.0103400649026628
"2022-07-21",0.00585920656070613,0.00588387719435859,0.00588581339292163,0.00595516267326453,0.00596965450778925
"2022-07-22",0.0104402965618995,0.0100834193417965,0.0101081158181008,0.0101232313915356,0.0101427691581713
"2022-07-25",0.00428156856452825,0.00422362090186681,0.0042426830557485,0.00438024238025964,0.00439127351968059
"2022-07-26",0.00948006703470344,0.00934929381678786,0.00936118908714772,0.0096816888657995,0.00970942835129056
"2022-07-27",0.0045182976533487,0.00428654335837725,0.00427930509315254,0.00419400102267335,0.00421552176398899
"2022-07-28",0.00713863737557401,0.00690103110814719,0.00690101103626076,0.00674342012026773,0.00675891163315615
"2022-07-29",0.00862164959347831,0.00835134200536368,0.008359575420222,0.00839568329072887,0.00840790178494405
"2022-08-01",0.0125359540471107,0.0122826881559594,0.0122866648680145,0.0123616953778286,0.0123969852848135
"2022-08-02",0.00908487949785763,0.00862495973768635,0.00873604756211898,0.0084401083560434,0.00850266283749683
"2022-08-03",0.0196654433264715,0.0191250475978278,0.0191064106897119,0.0188376672381869,0.0188648914127709
"2022-08-04",0.00752175736599726,0.00679614981518945,0.00677921428133099,0.00650719060572832,0.00651853855943847
"2022-08-05",0.00795361631860172,0.00767089601685769,0.00769691023866366,0.00751965136626401,0.00752784853357181
"2022-08-08",0.00419525491125548,0.00390935607687037,0.00391893996446109,0.00373675485406593,0.00373956588271752
"2022-08-09",0.00757731024579877,0.0076173194260761,0.00762309446849316,0.00783606239975483,0.00789062505331034
"2022-08-10",0.0171418055932052,0.0164052606299874,0.0164383709455713,0.0166337187574521,0.0166979243867556
"2022-08-11",0.016400973715767,0.0161305179758998,0.016140579300639,0.0165872471764252,0.0166326161006904
"2022-08-12",0.0187678335973639,0.0184435633306864,0.0184731180001013,0.0185020867918981,0.0185090288042144
"2022-08-15",0.0210849321962164,0.0214239437040497,0.0215180299050566,0.0220788892846467,0.022149159941087
"2022-08-16",0.0136116512955061,0.0138107139339853,0.0138728403169676,0.0138689972027362,0.0139226634226965
"2022-08-17",0.0038382342683526,0.00376529928923414,0.00378010724336461,0.00382436294907001,0.00382745427333794
"2022-08-18",0.0117933457931674,0.0118058418060995,0.0118687023058841,0.0122549380401231,0.0122447079495949
"2022-08-19",0.0125985868562967,0.012399106397825,0.0124105992625404,0.0136926837255059,0.013634755094422
"2022-08-22",0.00936990798376182,0.00936319172516962,0.00941693882879175,0.00977529269731535,0.00977476128112656
"2022-08-23",0.00467415230230333,0.0043879640420985,0.00439176894497089,0.00417539258122039,0.00416341846952222
"2022-08-24",0.00994745775203002,0.00948772776249434,0.00948871607824455,0.00961745627299327,0.00963107156784665
"2022-08-25",0.0109724549728817,0.0102770873764723,0.0102507560414529,0.00980927877863245,0.00983030108162894
"2022-08-26",3.01116515471312e-05,1.42856404090652e-05,1.41025138601844e-05,1.37765184472628e-05,1.30677371624159e-05
"2022-08-29",0.000599364387385235,0.000451949317254261,0.000461129881199883,0.000389477964114684,0.000390005281235069
"2022-08-30",6.94465637495096e-05,2.98801918654588e-05,2.92147409536599e-05,5.32211756880722e-06,5.47379082940362e-06
"2022-08-31",0.000429545418539909,0.000467035203590498,0.000468509087975874,0.000556812856095672,0.000558340922455957
"2022-09-01",0.000104895693640856,7.81275697994693e-05,7.54723971165024e-05,6.60054858693005e-05,6.60888873417078e-05
"2022-09-02",0.000585113004827783,0.000581914576088559,0.000569841492250881,0.000606944748905678,0.000620370424994729
"2022-09-06",0.00142175985973558,0.00136690450233339,0.00133220344533182,0.00133044384854441,0.00132503889395316
"2022-09-08",0.00141143977193169,0.00130713624145262,0.0012991323197617,0.00133711864437002,0.00133469050998282
"2022-09-09",0.00224797720776604,0.00226362442393389,0.00227477748261742,0.00231789143804863,0.00231787409086286
"2022-09-12",0.000866609240744153,0.000888696594498668,0.000894605409403751,0.000850947429567393,0.000846622867524117
"2022-09-13",0.000784287511730603,0.000648597291362754,0.000634083974142565,0.00063961155622293,0.00063329451947835
"2022-09-14",0.00195912901462461,0.00193084298409993,0.00191647187879226,0.00196359095662984,0.00196415621414827
"2022-09-15",0.00080712013361979,0.000765094543655269,0.000758346062685468,0.000794238117028165,0.000792420868987559
"2022-09-16",0.00432077048918017,0.00424980973381712,0.00424524000380416,0.00435304752688103,0.00435266017841181
"2022-09-19",0.000465158596801742,0.000392784228598115,0.000389885230755054,0.000457061029476639,0.000453782433095502
"2022-09-20",0.00371189256287537,0.00367268625472708,0.00365920329355469,0.0037851780265763,0.00377606631450759
"2022-09-21",0.0394746400406659,0.0388036574681426,0.0387598525789879,0.0388866356911402,0.0388778606646347
"2022-09-22",0.00496856739451138,0.00482071209656429,0.00480787695489392,0.00491289849096035,0.00491376787852906
"2022-09-23",0.00370415424722349,0.00343656559220355,0.0034215765141291,0.00346034758916033,0.00346260183247459
"2022-09-26",0.010044524572754,0.00980947068491381,0.00982445188584482,0.0101234751368687,0.0101271891664869
"2022-09-27",0.00317687445409923,0.00322200094028715,0.00324290683183879,0.00319915663308702,0.00322961515098273
"2022-09-28",0.00819042774561279,0.0080957092486176,0.00810784016913067,0.00812272457252998,0.00814506838107634
"2022-09-29",0.00314254692400647,0.00310535466426473,0.00311544684902539,0.00315417357788563,0.00314909760629687
"2022-09-30",0.00291160118968616,0.00288737487609567,0.00289377717120492,0.00291121065352298,0.00296764655316407
"2022-10-04",0.000523333895744661,0.000488001201697892,0.000475669757782025,0.000465237064573932,0.00047321697397175
"2022-10-05",0.000256448247611295,0.000204243197888351,0.000198939959415128,0.000198410193653179,0.00019683961057381
"2022-10-06",0.000404573565008278,0.000364345201403688,0.000357224292027164,0.000387876139633809,0.000382646983159401
"2022-10-07",0.0012116164237679,0.0010832535933193,0.00107134469192365,0.00110571100926571,0.00110307277437949
"2022-10-10",0.00144348662857186,0.00156940953474344,0.00157950472588109,0.00160474920510713,0.0016294289457166
"2022-10-11",0.00263992655424239,0.00255937836646098,0.00267596016633124,0.00262634040127735,0.00263775586542631
"2022-10-12",0.000934282296606906,0.000968973142891262,0.000981645012946043,0.000985453110405993,0.00100804275044752
"2022-10-13",0.026625216803303,0.0268986144411358,0.026884458897941,0.0268468163750573,0.0268572742499652
"2022-10-14",0.00963048430112047,0.00976782164480807,0.0097704937010315,0.00964425904935174,0.00957831827670491
"2022-10-17",0.000869168967409237,0.000795776373808603,0.000797574857859213,0.000832247712309968,0.000852701369771293
"2022-10-18",0.0166816756937539,0.0163937195136233,0.0163701780334457,0.0161858159654374,0.0161510508612687
"2022-10-19",0.000582958552942155,0.000520139046180419,0.000511397834902121,0.00049112690514848,0.000489544956040923
"2022-10-20",0.00178859477784856,0.00165653585545991,0.00162553001265852,0.00168321565922157,0.00165544506935698
"2022-10-21",0.000249014960648383,0.000275300461780307,0.000278978906207124,0.00028823074506365,0.000294196245813871
"2022-10-24",4.28989025195518e-05,6.51968619636225e-05,6.79534522180362e-05,6.3807889253297e-05,6.2253210095751e-05
"2022-10-25",0.00613078124325604,0.00585504322392266,0.00581885209034713,0.00594147923441679,0.00598810290402835
"2022-10-26",0.000597229180164252,0.000491992570507316,0.00048532969455524,0.000504787328464503,0.000516709752394339
"2022-10-27",0.000252732882798614,0.000234327599974442,0.000232721129708826,0.000236419164368698,0.000246633952211954
"2022-10-28",0.0036083566727282,0.0036876938011874,0.00369187278459833,0.00368508162992655,0.00368138332068945
"2022-10-31",0.000212586917288492,0.000159877125956943,0.00015173877125556,0.000155824065131482,0.000158125242000589
"2022-11-01",9.09009957676128e-06,2.41518112985929e-05,2.68677314657737e-05,4.17567782978027e-05,3.80167694569555e-05
"2022-11-02",0.0698019629110917,0.0707141384056816,0.0707754730892619,0.0712236915162779,0.0711619812638147
"2022-11-03",0.000389866124909348,0.000452335009158873,0.000453444460149608,0.000482833708041812,0.000476977252912183
"2022-11-04",0.0181725084535299,0.0182963717307594,0.0182861434228027,0.0184699279164307,0.0185113547186116
"2022-11-07",0.000356962900802645,0.00036261239751253,0.000361600706049218,0.000340745496785517,0.000339428368582239
"2022-11-08",4.60562693873421e-05,2.64011653857698e-05,1.37103421192663e-05,6.4120217276942e-06,6.98621930121045e-06
"2022-11-09",0.000749782129463454,0.000685384884081527,0.00064798830396319,0.000631995240920005,0.000652517528144558
"2022-11-10",0.00128700807070808,0.00100308153693059,0.000961038168358574,0.00105224017831746,0.00108499990260861
"2022-11-11",0.00043697421442192,0.000271719007716942,0.000250093057152224,0.000290746366859275,0.000299709779914178
"2022-11-14",0.00152340544052043,0.00137946413255563,0.00137503399689587,0.00139114896848411,0.00140291439447541
"2022-11-15",0.000446097463428717,0.000395694537228666,0.0003986923851248,0.000331751885666745,0.000373471438808983
"2022-11-16",0.0017338980329661,0.00188738501131718,0.00189171552636556,0.00208781127321416,0.00208910495781906
"2022-11-17",0.00196229247483812,0.00189433513390691,0.00188526799347554,0.00195814534518865,0.00193570423607137
"2022-11-18",0.00341847633887065,0.00322106275528156,0.00319446532496627,0.00386084752237202,0.00378310554523617
"2022-11-21",0.00740077732181329,0.00712811223311501,0.00708067727331569,0.00739735360136628,0.00735093542929655
"2022-11-22",0.0070345314170288,0.00691664530572971,0.00689149726523249,0.00660611148889218,0.00654869832585699
"2022-11-23",0.0033530122221925,0.00320260048403144,0.00318018450432663,0.00305892968299813,0.00314818346621695
"2022-11-25",0.0166168636330071,0.0154709721629193,0.0153993762457823,0.0144228162112223,0.0145131728357006
"2022-11-28",0.00952572344638066,0.00948791000544247,0.00941959923370207,0.00868255625961059,0.00859840153364665
"2022-11-29",0.00118289049106628,0.00117471891497821,0.00116327650052725,0.00090790387434679,0.000880284840211225
"2022-11-30",0.000383892568612943,0.000360863941309582,0.000360704627379394,0.000409870013472317,0.000417413040050433
"2022-12-01",0.0125758442315003,0.012553866854416,0.0125428223746026,0.0123182162151602,0.0125212847050614
"2022-12-02",0.0111185497737024,0.0109217654189764,0.0108904455747284,0.0107172176823152,0.0109643009220102
"2022-12-06",0.0119949377990427,0.0120171624711176,0.01189410817154,0.0114479067581164,0.0113356392525481
"2022-12-07",0.00266312128363033,0.00290899072244268,0.00292437492322226,0.00261848572936682,0.00264750212078195
"2022-12-08",0.00602624501686173,0.00632955967791795,0.00612387054599275,0.00574896068589702,0.00560271158361754
"2022-12-09",0.00034075053340224,0.000405483368701601,0.000361030418098395,0.000333295054801754,0.000322598735940748
"2022-12-12",0.00666634172153641,0.00668342712950603,0.00658687737330237,0.0065176256094952,0.00645359012567513
"2022-12-13",0.00258184197947817,0.00254494476978204,0.00267400487009526,0.00291088088950925,0.00300086666723229
"2022-12-14",0.0211589957694782,0.0205998062695241,0.0206841733723785,0.0212369323778111,0.0216367241855729
"2022-12-15",0.00275386358137302,0.00281212998249696,0.00276284252527151,0.00276707954398703,0.00270153079927012
"2022-12-16",2.82574855844941e-05,4.42129369278434e-05,3.82821668268058e-05,2.9714959951506e-05,1.76017103450543e-05
"2022-12-19",0.00341856086902539,0.00360661743832943,0.00362526947957487,0.0032420138173183,0.00321222663909602
"2022-12-20",3.5961598125385e-06,1.39633366354967e-06,2.14006570225411e-06,1.63288519493792e-05,2.20786124107145e-05
"2022-12-21",0.000927164486024561,0.000994195992693148,0.00100298868241292,0.000843134531242925,0.000803218729925545
"2022-12-22",0.000105606381252603,7.46897860936537e-05,8.94468175374136e-05,0.00015392402191834,0.000174984809910778
"2022-12-23",0.00229622743685798,0.00207874394993593,0.00206891750115155,0.00206131097234761,0.0021661736282583
"2022-12-27",2.82456534591588e-06,1.49228508702142e-06,2.68104783574163e-06,4.60528140347892e-06,1.11458226259542e-05
"2022-12-29",7.60461204353052e-05,9.08036753935045e-05,9.72930051290899e-05,7.4694198530997e-05,5.76338415191114e-05
"2022-12-30",0.000260242245399811,0.000330660896246035,0.000383038886355711,0.000281412368373193,0.000253983308733152
"2023-01-03",0.000823073897429755,0.000751363600056999,0.00076455916358633,0.00080344716802199,0.000847157025457029
"2023-01-04",0.00866291237383601,0.00864141476152684,0.00884660456877943,0.00880793871422068,0.00889561170047165
"2023-01-05",0.000972229748550248,0.000985658581872698,0.000996186458257622,0.00100461959422696,0.000972900857868722
"2023-01-06",0.00353711166141944,0.00350443437798023,0.00347120523582487,0.00317770914768786,0.00317028725063294
"2023-01-09",0.000634536195534904,0.00070369168502412,0.000737004207849269,0.000705889801237698,0.000707032188398238
"2023-01-10",9.55586244132056e-05,6.60302553858725e-05,5.16967900280107e-05,7.03987005383547e-05,6.92589976498826e-05
"2023-01-11",0.0022492155533809,0.00252070210928633,0.00264352717842062,0.00254979347128635,0.00253872344130288
"2023-01-12",0.00496308058179777,0.00465360548225642,0.00473811404086123,0.00501838001933606,0.00505861095347002
"2023-01-17",0.00207685336704518,0.002089982694028,0.00205481331333985,0.00209499812769204,0.00209276026968463
"2023-01-18",0.00413419899444152,0.004089324907708,0.00403195590653782,0.00409614465547169,0.004077101027759
"2023-01-19",0.00156253777244512,0.00154890447690807,0.00155920439012305,0.00176905354579067,0.00170318373443046
"2023-01-20",0.00347020411646687,0.00344832613709145,0.00343411982418018,0.003364158119139,0.00326395393015351
"2023-01-23",0.000315370864069625,0.000325471932845317,0.000333923499135098,0.0003026945068784,0.000303993825830501
"2023-01-24",0.00325213628227817,0.00335098421168688,0.00340994703398032,0.00332304124767767,0.0032690005713062
"2023-01-25",7.36901633441635e-05,9.95602460535038e-05,0.000111424656753711,7.80333442498275e-05,7.20409637676087e-05
"2023-01-26",0.0029429941706049,0.00301299903587584,0.00304977274460605,0.0029876432288583,0.00292790869735097
"2023-01-27",0.00580000498008974,0.00600243633349589,0.00610616081731319,0.00589564293035051,0.00583163356305575
"2023-01-30",0.00149895667663751,0.00158592812604577,0.00161923030762672,0.00148536042468174,0.00146236912220484
"2023-01-31",0.00143746158186883,0.00155664822142235,0.00160449344048498,0.00136748936916461,0.00134811550085505
"2023-02-01",0.00927745120079246,0.0090246913893222,0.00893324254946247,0.00929734220048246,0.00947113833884293
"2023-02-02",9.40888574450293e-07,2.99412395183553e-06,3.147775546859e-06,2.9304324664995e-06,2.01835938021049e-06
"2023-02-03",0.0201197397575586,0.02042540614247,0.0204989433419278,0.0219743845538278,0.022149382764944
"2023-02-06",0.000438729532028523,0.000427531261087669,0.000421346550351209,0.000418860759026994,0.000390279416449115
"2023-02-07",0.00111677562342239,0.00111342234004448,0.00111963779843462,0.00117801682423514,0.00119389722741853
"2023-02-08",0.000833562728490008,0.000835540652037377,0.000833335717524143,0.000780585745819171,0.000775001068225633
"2023-02-09",0.000880813759089889,0.000911663480226391,0.000912930989544977,0.000788669046284122,0.000795894688786007
"2023-02-10",0.000258218771972268,0.000285270139077885,0.000291031140684763,0.000197154540581993,0.000200404520366505
"2023-02-13",0.00769655562065633,0.0078117258697456,0.00781251930078905,0.00798294564563369,0.00792626908286358
"2023-02-14",9.64012612609046e-05,9.05500076276325e-05,9.06811007319185e-05,0.000111418949993709,0.000122259716363784
"2023-02-15",7.88115497506138e-05,8.15454497955601e-05,8.30308183134855e-05,6.21728507682403e-05,5.88155114513621e-05
"2023-02-16",0.00121887780370746,0.00123973294446972,0.0012447409328139,0.00162178697464982,0.00161333672072295
"2023-02-17",0.00328672974550092,0.00331349876954203,0.00332077767818798,0.00340995161103972,0.00338217270019371
"2023-02-21",0.00565227909600276,0.00572248518962157,0.00575392056150859,0.00556435156464218,0.00550069548507012
"2023-02-22",0.000163952847294221,0.000163771628032727,0.000165246647598172,0.000162927815468462,0.000155167603668146
"2023-02-23",0.0044929104303636,0.00452406637534317,0.00453174319523473,0.00446968528171057,0.00453691440465388
"2023-02-24",0.00285114926652263,0.00285986665452111,0.00286582340564691,0.00296796360156782,0.00298724423215375
"2023-02-27",0.00482887503646577,0.00484875015956501,0.00485994374269655,0.00623836542877164,0.00619717717162004
"2023-02-28",0.00698459214593927,0.00700141869159037,0.00701449286838719,0.00809484246773558,0.00810495625432453
"2023-03-01",0.0030170440894526,0.00303748320875453,0.00303927295047174,0.00315986729892177,0.0031200981521185
"2023-03-02",0.00875576939163984,0.00877955104827854,0.00883935480482672,0.00886113386708744,0.00879662720291865
"2023-03-03",0.00690165965584684,0.00681184622582332,0.0068025957218489,0.0062582399965886,0.00627903841063657
"2023-03-06",0.0115030472411482,0.0115306405873579,0.0114623327431376,0.0105822009897656,0.0106617703206546
"2023-03-07",0.00443702969982776,0.00437605358253787,0.00450638249972023,0.00419433990575727,0.00413073525941965
"2023-03-08",0.00763383841098022,0.00763951000353911,0.00766366959339441,0.00715260880044486,0.00713474459198864
"2023-03-09",0.0047323679345423,0.00479368454238186,0.00488427169488125,0.00466385624722695,0.00464928479385081
"2023-03-10",0.000394233431881504,0.000394072955324192,0.000388738192208909,0.000504368929112073,0.000522562787836909
"2023-03-13",1.61814222711182e-05,1.97447753999568e-05,2.01424970151937e-05,4.21698719208024e-05,4.45042835739986e-05
"2023-03-14",2.5716665625707e-06,2.48073410736514e-06,4.26883108040932e-06,4.17549618770501e-08,3.61267308133247e-09
"2023-03-15",0.00180491719498935,0.00174123003185125,0.00171990324921656,0.00184716071126793,0.00182727650111222
"2023-03-16",0.000616496559269497,0.000595953811721463,0.000630780302221614,0.000498434956037684,0.000499403328777498
"2023-03-17",0.000190328771786012,0.000186663110863466,0.000201453666513883,0.000170240690302156,0.000163019883740163
"2023-03-20",0.00127483519534532,0.0012770394143563,0.00126111099928398,0.00116183637065202,0.00115067407690821
"2023-03-21",0.00456995016647694,0.00468531651496521,0.0046813498820422,0.00436508242135936,0.00434581280275288
"2023-03-22",0.000471174602328016,0.000478597361056574,0.000473440801169438,0.000501033903127732,0.000511398547079461
"2023-03-23",0.000122602987782474,0.000127746895682352,0.000124339905374855,0.000116896115360179,0.000120971533647895
"2023-03-24",9.40652751812726e-05,0.000102960067331816,0.000105301533795167,0.00011348832591717,0.000115631542926876
"2023-03-27",0.00307845604557497,0.0030374798857666,0.00307519465443019,0.00310433563068089,0.00310288743302677
"2023-03-28",0.00450586305577043,0.0045291524737664,0.004577501465129,0.00449211856040121,0.0044853597258889
"2023-03-29",0.00749679855991164,0.00767318379035729,0.00769107358264248,0.00768064047803561,0.007673787521472
"2023-03-30",0.00812600878113409,0.00827773916208718,0.00835092203838443,0.00828879272697094,0.00825840164007497
"2023-03-31",0.00853580411684363,0.00847570130094404,0.00852393021562415,0.00843280930743257,0.00842932619742824
"2023-04-03",0.00680847729013622,0.00657956249322389,0.00664402603281882,0.00652028923484145,0.00652655183383532
"2023-04-04",0.00746706716598394,0.00743243713649953,0.00745865791316081,0.00749791848921986,0.00748552510851161
"2023-04-05",0.00570754128006883,0.00563842936010325,0.00564793279810011,0.00554277398169753,0.00548400995851521
"2023-04-06",0.00734668604882909,0.00731352399732678,0.00736273571285548,0.00794823513679437,0.00791340140198748
"2023-04-10",0.0080445977823206,0.00815042091136664,0.0081035917247536,0.0091506794244783,0.00916876296135998
"2023-04-11",0.0145989493042327,0.0145198652890183,0.0145799412137366,0.0172883068307898,0.0175588693777917
"2023-04-12",0.00575018090222191,0.00588028138420151,0.0058260923208293,0.00666282836467637,0.00668469768938979
"2023-04-13",0.0130554642639708,0.0133250061893101,0.0131968229605991,0.0141157442540931,0.0141584534852553
"2023-04-14",0.00780114229836303,0.00788356634226417,0.00783344080773519,0.00837327370693487,0.00839174534675794
"2023-04-17",0.0122266407456166,0.0123658225616938,0.0122935365698001,0.0127474036605198,0.0126992707694798
"2023-04-18",0.0102042590664347,0.0102935771015007,0.0102938213856878,0.0105801349039573,0.0105366780576177
"2023-04-19",0.00990138035184189,0.0098901886222941,0.00992324186004802,0.0100644867170634,0.01004446040309
"2023-04-20",0.0103479575509664,0.0103938830967186,0.0104145750835433,0.0104987034779402,0.0104882408214197
"2023-04-21",0.00888644868593969,0.00894953367782079,0.00896423065146837,0.00892112224366153,0.00892542013141818
"2023-04-24",0.0131474819489874,0.0133245743434734,0.0133456023146492,0.0134044523941305,0.0133461913951627
"2023-04-25",0.00665052249960804,0.00665328388595699,0.00667701173164375,0.0070086302869258,0.0069518237264617
"2023-04-26",0.00224299257563441,0.00220239033792639,0.00229311522049562,0.00250002146862038,0.00251325210382456
"2023-04-27",0.00443314453393202,0.00433301293530341,0.00444732014050992,0.00474430367668784,0.00472124279755965
"2023-04-28",0.00228792039341971,0.00226008001872756,0.00233387160615459,0.00251079419748828,0.00252352453966631
"2023-05-01",0.0026179021674272,0.00262040738663126,0.00269329263637804,0.00274909649002393,0.002750719154038
"2023-05-02",0.00216609196787273,0.00219904769992125,0.00227930280487601,0.00225304589141475,0.00224258855796937
"2023-05-03",0.00195767589814678,0.00192711536665429,0.00189231257593687,0.0017874378578143,0.001792710019656
"2023-05-04",0.000214672129856546,0.00020770770009059,0.000205771715464419,0.000167106805786892,0.000166500276925859
"2023-05-05",8.82047108697766e-05,8.8386631687523e-05,8.14083473905665e-05,9.02658571201458e-05,9.37561710054706e-05
"2023-05-08",0.000927940700329603,0.000916558008617626,0.000925123379765918,0.000886226250703778,0.000895807187574625
"2023-05-09",0.00326488795582077,0.00325269887042555,0.00336260234572087,0.00343971511601683,0.00340861399715762
"2023-05-10",0.00143372349199368,0.00146895976241313,0.00151783970868269,0.00157666830088909,0.00159093142070477
"2023-05-11",0.0020888708825418,0.00211265935024803,0.00217791699074667,0.00223860768246706,0.0022669192729854
"2023-05-12",0.00286696481606062,0.00287221356486262,0.00292599475723167,0.00317390913746189,0.00310882278636042
"2023-05-15",0.00362128409089386,0.00357033607771952,0.00365326718698505,0.00379898282845519,0.00375673684328633
"2023-05-16",0.00340290016154481,0.00342149701683753,0.00347192908567019,0.00343206374571271,0.00335084834089645
"2023-05-17",0.000391870422175354,0.000381374344515776,0.000415366562794818,0.000523237462461069,0.000520604310843897
"2023-05-18",0.00120768243055432,0.0012043057029892,0.00126992118612831,0.00204097429418144,0.00207177951562636
"2023-05-19",0.000765251878274949,0.000764097929705928,0.000811135016391914,0.00103188478546314,0.0010575836175566
"2023-05-22",0.00124569813802865,0.0012379503109805,0.00128993738781474,0.0014072551989195,0.0014343838603321
"2023-05-23",0.00147345205767309,0.00150772672286972,0.00154328044989945,0.00151165632395764,0.00153756443177966
"2023-05-24",0.000514133082321298,0.000550304112077776,0.000570314294504921,0.000518223696386461,0.000493863333949895
"2023-05-25",0.000128574228863587,0.000202583256434451,0.000199215010571393,0.000142373816845556,0.000137907042108878
"2023-05-26",0.0014704936556023,0.00155846280701043,0.00149778765940072,0.0014584836312562,0.00146735036774266
"2023-05-30",7.48853486908609e-05,7.94308467360613e-05,7.34898565313768e-05,8.96257366269807e-05,9.17360955720392e-05
"2023-05-31",0.000203940082864953,0.000163485274782919,0.000158961696323801,0.000113662028027031,0.000112525351604663
"2023-06-01",0.00111267883809192,0.00121449518227868,0.00112618798211667,0.00118392690654611,0.00118590914817708
"2023-06-02",0.00201456569827584,0.00212060037609599,0.00210609550577382,0.0022066038408085,0.00220564901274067
"2023-06-05",0.00776314670731748,0.00782350947063243,0.0077955859529537,0.00787910543899713,0.0078271770971662
"2023-06-06",2.0501184330987e-05,1.81183402297712e-05,1.79317481624659e-05,1.27742174338211e-05,1.29043749896746e-05
"2023-06-07",5.46493935293117e-05,5.18523334135686e-05,5.22311963664784e-05,5.54359940034589e-05,6.04033963404927e-05
"2023-06-08",0.000487889894877126,0.000530243687486717,0.000538024250705858,0.000633817149062531,0.000634090072254023
"2023-06-09",0.000308968981953873,0.000331449879892183,0.000337778106546801,0.000427967397435149,0.000430710600564958
"2023-06-12",0.00174124985591048,0.00175093775504999,0.00180465913079129,0.00188149700333784,0.00188678595809822
"2023-06-13",3.10517798670879e-05,3.28373013765789e-05,4.48962737971088e-05,4.69065646638795e-05,4.6989470482351e-05
"2023-06-14",0.000464580555621418,0.00044192561478128,0.000490643838450719,0.000383928988939096,0.000379723194487564
"2023-06-15",0.00052529838747992,0.00052959484419166,0.000480796663937439,0.000479930621611041,0.000479133060470245
"2023-06-16",0.000298301043265665,0.000339006934804666,0.000325398527468967,0.000318743065830825,0.000322007611097489
"2023-06-22",0.00106082697290462,0.00111966373775778,0.00113043675954544,0.00112275237406533,0.00112816864409756
"2023-06-23",0.00075488762091151,0.000779342866252629,0.000766795415965326,0.000697170552545671,0.000700448812741066
"2023-06-26",0.000710804553646626,0.000732350078257043,0.000740721332805105,0.000751776543269995,0.000752662571305977
"2023-06-27",0.00178037893034819,0.00181715229538947,0.00183872408831261,0.00185016223446651,0.00185258819192613
"2023-06-28",0.000840696808693719,0.00089282544089554,0.000873790150148243,0.000884815852385498,0.000883532900868103
"2023-06-29",0.000928537301860829,0.000948656073478662,0.00091420449884206,0.00107732663031471,0.00107884800463466
"2023-06-30",0.00138472140511455,0.00144585491482681,0.00137047789019017,0.00139500107562302,0.00139430021961204
"2023-07-03",0.00471460207190936,0.00476307376783314,0.00469167199313784,0.00465169323597531,0.0046531749949634
"2023-07-05",0.00212005840360745,0.00213923007551044,0.001866724117368,0.00183283538995544,0.00183093996452779
"2023-07-06",0.00189020679577099,0.00195642243411457,0.00175586608572365,0.00174711450511521,0.00174523085431222
"2023-07-07",0.00418220544486449,0.00398879964911669,0.00396795789661429,0.0038887550235178,0.00387571088268518
"2023-07-10",0.00109906739564147,0.00105751569838819,0.00105792162947875,0.00102103526776665,0.00103993229376861
"2023-07-11",0.00300789945533779,0.00304213753892499,0.0030690002087588,0.00302350545663633,0.00302111157152879
"2023-07-12",0.000596197868268211,0.000606636996798311,0.000599399995678358,0.000586140804047676,0.000583843381186438
"2023-07-13",0.00399320523443511,0.00402389621963161,0.00403040300943022,0.00381919546094576,0.00382165499638389
"2023-07-14",0.002584581427241,0.00262944644736629,0.0025978526072482,0.0025305888104813,0.00251923349982133
"2023-07-17",0.0021744604457885,0.00215529190193181,0.00213654894877839,0.00214702499818365,0.0021458185975096
"2023-07-18",0.00345109694765036,0.00352702309837858,0.00352444233196088,0.0035346598337114,0.00354239995594134
"2023-07-19",0.00816593718678807,0.00815595775329177,0.00809920851070581,0.0075839464835759,0.00758116101058889
"2023-07-20",5.66342512258469e-05,4.95638250312324e-05,6.42732317057366e-05,5.85900345477582e-05,5.85717368196305e-05
"2023-07-21",6.03270560533552e-06,6.61529117454842e-06,8.32651396384645e-06,9.636178968152e-06,9.27515392945962e-06
"2023-07-24",0.000595081960718636,0.000593476268365955,0.000584984026912345,0.000568273908443276,0.000567604103407115
"2023-07-25",0.00319202167678709,0.00317726545721412,0.00307759653954952,0.00307930644670903,0.00309247898912407
"2023-07-26",3.43326715033421e-05,3.48999336775249e-05,4.74035710488677e-05,5.07376258982493e-05,5.00831522628877e-05
"2023-07-27",4.96485265453848e-07,5.40865022061313e-07,8.66452616739776e-07,9.6168740400432e-07,9.66128137501487e-07
"2023-07-28",0.000740115176369797,0.000743527118891395,0.000720663521995383,0.000678419983601136,0.000681199338966928
"2023-07-31",0.00262409797097565,0.00262466200630029,0.00264306961029515,0.00260763840549076,0.00260910405859692
"2023-08-01",0.00103879082899097,0.00104969353192594,0.00104220671987269,0.000949344603379143,0.000957477420550138
"2023-08-02",0.000224494954473465,0.000227641197892673,0.000213387251668645,0.000197437782556378,0.000199991940022974
"2023-08-03",4.5511890226986e-06,5.35370011434608e-06,3.41424760547024e-06,1.21193284632871e-05,1.24481672995818e-05
"2023-08-04",0.0162406339484174,0.0162304952958748,0.0162180514255243,0.0158248474949143,0.0158178602486145
"2023-08-07",0.00424098527696836,0.00424028444965508,0.00424808083258495,0.00448060599355026,0.00446663726992894
"2023-08-08",6.83424111114672e-06,6.59586075750618e-06,8.11036400631565e-06,1.14664215300667e-05,1.15140640842728e-05
"2023-08-09",5.53150678318424e-07,5.53116977473708e-07,7.29831311726209e-08,1.66275994864433e-07,1.50987506193011e-07
"2023-08-10",0.00108094270088769,0.00108049619957823,0.00104667253884817,0.00109794699838602,0.00109980835649129
"2023-08-11",2.73276365840796e-05,2.68601045861897e-05,2.49566281468699e-05,1.58741976854509e-05,1.62387704783837e-05
"2023-08-14",0.000152551614791763,0.000150185316573561,0.000138360058335148,0.000172380679134017,0.000177545395817032
"2023-08-15",0.000474531444397712,0.000483003329026287,0.000456645991155263,0.000478335255991668,0.000477086416247688
"2023-08-17",6.13715777954636e-06,3.96335228287036e-06,4.9219103939777e-06,3.46042591652732e-07,3.4988033366076e-07
"2023-08-18",0.000135084354238081,0.000139057170415868,0.000155686917161247,0.000117450693124644,0.000117534160704601
"2023-08-21",0.00134484586258206,0.00135269584387364,0.00130600371655493,0.00169691705331454,0.00171613057812903
"2023-08-22",0.000630873551765402,0.000625669930665043,0.000608409280132985,0.000770971280860741,0.00077512040237835
"2023-08-23",0.000290378261326362,0.000292580087211345,0.000296209334144521,0.000339355250014059,0.000335902633405894
"2023-08-24",3.49160947046889e-05,3.8961932524145e-05,4.06980861316689e-05,3.090508830899e-05,3.26367750148182e-05
"2023-08-25",0.00168388525554435,0.00155875041095385,0.00154888635869446,0.00187851419666376,0.00186739958687479
"2023-08-28",5.090148767038e-05,5.33265158635953e-05,5.99018092213182e-05,3.73251319888514e-05,3.82765626894679e-05
"2023-08-29",6.13455172316028e-05,6.26910835845729e-05,6.88991851239789e-05,7.14616188808226e-05,7.30305080132711e-05
"2023-08-30",3.11482884857714e-06,2.51750224151778e-06,1.39741563990106e-06,3.60713984197121e-06,3.05441161483979e-06
"2023-08-31",3.41681146116108e-06,3.79026436538107e-06,5.33117597060384e-06,8.16038671441751e-06,9.18287050799931e-06
"2023-09-01",0.000306816786281711,0.000297397347577076,0.000289792216225169,0.000249450543502098,0.00025004131575791
"2023-09-05",0.00111403746949751,0.0010102062959066,0.000894157451717374,0.000664844041904455,0.000661687349841049
"2023-09-06",4.3086737404364e-06,3.42463553596611e-07,1.29606720021216e-06,3.70797502309824e-05,3.73153181720598e-05
"2023-09-07",0.00698783844292993,0.00710684842243192,0.00761691594284804,0.0078819238730073,0.00788410176395072
"2023-09-08",3.91182659068197e-05,3.55983386863432e-05,1.53322009202794e-05,3.47887561250706e-06,3.56559106267148e-06
"2023-09-11",0.000555676608134966,0.000540690687261082,0.000506154913533731,0.000540892752944214,0.000542620061476059
"2023-09-12",0.00497280575646161,0.00502643231209202,0.00503517731571048,0.00515534478055014,0.00514321655130604
"2023-09-13",0.00193759807841177,0.00195816430926582,0.0019298701672387,0.00205331300112571,0.00205212776747976
"2023-09-14",0.000190198438161613,0.000192031131087023,0.000198316678100612,0.000155754051241266,0.000155749370135277
"2023-09-15",0.000111706641389862,0.000130230182568147,0.000125445140503087,0.000128069834756864,0.000128397626145137
"2023-09-18",3.84168680815738e-05,4.89926132531838e-05,4.59694364907021e-05,6.33180474497818e-05,6.30723975904587e-05
"2023-09-19",1.10721644168158e-06,2.53482382462778e-07,7.10766732917616e-07,3.60374627999793e-08,3.41581322120465e-08
"2023-09-20",0.00151623694902174,0.00153987933938199,0.00151304957722125,0.00146274838313235,0.00146248294886563
"2023-09-21",0.000221127515386921,0.000238613268417366,0.000232626728762403,0.000248532043229493,0.000248134638145215
"2023-09-22",6.51367589403889e-05,6.76383861585737e-05,6.13610652814805e-05,5.98966044598398e-05,6.21753016661206e-05
"2023-09-26",0.000153665345265119,0.000148575339663121,0.000166244267499282,0.000192641130066471,0.000213358389847152
"2023-09-27",0.000387162599771425,0.000392131231440429,0.000352520754242838,0.000371669060857558,0.000373565368396159
"2023-09-28",0.00340347116553598,0.00344874112841948,0.00337590399932219,0.00352179807848998,0.00353186180945676
"2023-09-29",0.000520660252829955,0.000541999712955369,0.000495464154051074,0.000517203352266368,0.000519117378447815
"2023-10-02",0.00122948564456957,0.00126539598521867,0.0011619432205486,0.00112076211932472,0.00110046893406605
"2023-10-03",0.000674901173682179,0.000702852572797516,0.000641450552187183,0.000621926320169426,0.000624053124689921
"2023-10-04",0.00087869142884832,0.000887650184649747,0.00082397039784435,0.000669946740449256,0.000682678323875338
"2023-10-05",0.000140589363791866,0.000123064881851993,0.00011759305556813,0.000119071992184316,0.000112574732209312
"2023-10-06",1.34258236978214e-05,5.55319699911461e-06,8.03354922510538e-06,1.80997289844758e-07,6.28097506942876e-07
"2023-10-09",0.0013962249144254,0.00132669390414826,0.00137177761057206,0.00131762565937672,0.00132104332606814
"2023-10-10",0.000834457253597575,0.000778676830199558,0.000811267069482535,0.000743029886229755,0.000747732270453743
"2023-10-11",0.00311530108821725,0.00305153595102105,0.0031623539048216,0.00272794409528337,0.00270289642182765
"2023-10-12",0.00148370799210351,0.00147263846570125,0.00157743097501462,0.00140203547839595,0.00137836371128781
"2023-10-13",0.000334687890912914,0.000318316168557937,0.000332476046479267,0.000309888983927952,0.000301031309286234
"2023-10-16",0.000153219687713624,0.000148362943161419,0.000138895439724114,0.000118448338477123,0.000112369025761927
"2023-10-17",6.9402292615127e-07,2.49458390167228e-06,1.00634458740537e-06,8.82186482917338e-07,1.69944359770472e-06
"2023-10-18",6.52308930640726e-07,2.56290512980463e-09,9.88221317922824e-07,9.09233356560829e-07,5.25689647481958e-07
"2023-10-19",0.00105758835530382,0.00111322731820967,0.00109670867351517,0.00121346877179705,0.00122873881069652
"2023-10-20",1.36575893273193e-06,1.01529100736154e-06,8.21710168444334e-07,8.04793496793211e-08,2.97028452595133e-08
"2023-10-23",0.000227147408464733,0.000235173294618636,0.000220208920200138,0.000198958212935629,0.000202851720360758
"2023-10-24",3.34658916749774e-06,3.45963121171602e-06,8.78811113306985e-06,2.79083128593865e-06,2.07724952021221e-06
"2023-10-25",7.55396758280422e-05,7.96586513546511e-05,8.05089369459254e-05,7.10620298462042e-05,7.21561527036077e-05
"2023-10-26",0.000915846995138429,0.000937707461473541,0.000930928083543741,0.000910908772916907,0.000919872816943108
"2023-10-27",0.000977557192044658,0.00097444552731504,0.00095217785530388,0.000875637937625672,0.000890182750065578
"2023-10-30",1.59816020147612e-05,1.68034955390518e-05,1.79800624771021e-05,1.72863191384779e-05,1.63558576084237e-05
"2023-10-31",0.000612807428004851,0.000619493573068995,0.000599014971599639,0.000623807812014603,0.000637352512704453
"2023-11-01",3.75578642909098e-06,3.99549551132518e-06,4.64590581899258e-06,2.09592898398702e-06,1.32202751733723e-06
"2023-11-02",0.000297278769209444,0.000305515230728038,0.000296364341296936,0.000297125327280007,0.000303338508611505
"2023-11-03",0.00116102784151101,0.00110543324609245,0.00111298927207741,0.00114589775936647,0.00114413278514408
"2023-11-06",0.000100800917551752,0.00011577556423646,0.000114787603455929,0.00010028626065257,0.000103927641118147
"2023-11-07",0.000417690054220836,0.000465829895816807,0.000487372433009652,0.000442219492385521,0.000449844161185077
"2023-11-08",0.000774493306878673,0.000790965484952347,0.000739704399894354,0.000679784616126907,0.000690864485756802
"2023-11-09",0.00027238845219433,0.000284417548038572,0.000265284143944423,0.00028043747585214,0.000284698492855958
"2023-11-10",0.00251324820283638,0.00255568602143654,0.00229820472439715,0.00231500043434086,0.00234233145497582
"2023-11-13",0.00445711835662768,0.00439322420764087,0.00424950093464972,0.00413443057504756,0.00412911582793437
"2023-11-14",0.0028865582874086,0.00287605218265906,0.00278633805844179,0.00269820513671881,0.00268667858506087
"2023-11-15",0.00325115039129594,0.003302608107584,0.00322715503316483,0.00327526583098244,0.0032948298097269
"2023-11-16",0.00218491094389344,0.00226724013623999,0.0021609950344823,0.00281478184860454,0.0027975188837358
"2023-11-17",0.00417384788807399,0.00426201864933695,0.00410164317167521,0.00506114957770335,0.00502728692460411
"2023-11-20",0.00529139566648791,0.00532060148058853,0.00520595584177332,0.00551636021477778,0.00549140485964994
"2023-11-21",0.0051461690239459,0.00522129271243004,0.00514581293769564,0.00521796792879185,0.00520136650176044
"2023-11-22",0.0047272787336111,0.00473493029108538,0.00475073898914281,0.00461589863265358,0.00469548141981554
"2023-11-24",0.0120646408791629,0.0125290564303121,0.0125267283027487,0.0121524367610371,0.0121832228485018
"2023-11-27",0.00722005030144052,0.00728899524699392,0.00726419965882761,0.00675738113174055,0.00673259304658442
"2023-11-28",0.00774650955865766,0.00782653375139638,0.0077348287808885,0.0070171368412319,0.00696690017274104
"2023-11-29",0.00627911225276362,0.00631507286956829,0.00578248407661461,0.00517480235216488,0.00514050235811252
"2023-11-30",0.00535330282209638,0.00539755321529159,0.0051248731439994,0.00492859497977743,0.0049188785691386
"2023-12-01",0.00321321697396196,0.00321852844152798,0.00311941948675259,0.00302746330052812,0.00299635436314261
"2023-12-04",0.00613355975386199,0.00605655668414832,0.00595409707191823,0.0056686286425694,0.00558098636004868
"2023-12-05",0.000245340135723983,0.000244517837418275,0.000250885014076461,0.000125949524406997,0.000116463678978386
"2023-12-06",0.00288816649637973,0.00283346583507217,0.00286072604509117,0.00256368499917679,0.00254244703200024
"2023-12-07",0.00291137247206108,0.00287924908014578,0.00287770442565327,0.00279113667347135,0.00277097002958123
"2023-12-08",0.00191110655476614,0.0019335515676623,0.00188138763535032,0.00181420732073434,0.00180887354800465
"2023-12-11",0.000150261157447105,0.000157271192459207,0.000153695104735963,0.000160168126752062,0.000166711160783999
"2023-12-12",0.00175377591239938,0.00181229940244748,0.00180789022203117,0.00179590218902707,0.00186354099582314
"2023-12-13",0.000248622984053433,0.000250213736459564,0.000256389672576639,0.000278024174942662,0.000282569725700758
"2023-12-14",3.87671780748708e-05,4.3246845301988e-05,4.26947858990114e-05,5.65313676691086e-05,5.5882887377709e-05
"2023-12-18",0.00128424652493479,0.00129376546352778,0.00126446919070774,0.00114779025636736,0.00114608596906726
"2023-12-19",0.00280962673028827,0.00281241640846257,0.00283021151281051,0.00284749786070988,0.00282020329674683
"2023-12-20",0.000423160701247072,0.000407448470512637,0.000388228497951502,0.000396693994443773,0.000406120136818993
"2023-12-21",0.000309906569132731,0.000290275366772096,0.00027681236778917,0.000282006485264227,0.000283051160987585
"2023-12-22",0.00228380327084928,0.00234547632698683,0.00237327356387329,0.00233077799181059,0.00233285390947834
"2023-12-26",0.00387233810872804,0.00384700092377024,0.0040073658895211,0.00425894406431821,0.00426148556856917
"2023-12-27",0.00171772962904283,0.00170643484776202,0.00180147660097047,0.00181273450913299,0.00180031631552491
"2023-12-28",0.00296928771101716,0.00296923281035306,0.00304287419538585,0.00320122741834818,0.00321021038410889
"2023-12-29",0.00101256858122474,0.0010215376412715,0.00103220199391444,0.00107541398030602,0.001075586425667
"2024-01-02",0.00116089571046577,0.00115053584935571,0.00113082349739318,0.00101951132439842,0.00101793889661695
"2024-01-03",9.72223360713009e-05,9.27892250339782e-05,8.45615130055906e-05,6.66297093062984e-05,6.67535799821989e-05
"2024-01-04",3.35595694143321e-05,3.32175999030069e-05,2.97997998155432e-05,1.63692470806034e-05,1.64859892531462e-05
"2024-01-05",0.00048305884489126,0.000489400714306944,0.000454093928224031,0.000225691613978323,0.000233004202501691
"2024-01-08",0.000414974933315713,0.000402174083175607,0.000414269623413243,0.000578716035476541,0.000564098585793003
"2024-01-09",0.000559691424292262,0.000541483980170551,0.000544386516785443,0.000494958021674296,0.000505181213297302
"2024-01-10",0.000738605185194941,0.000800714940266185,0.000815862039926858,0.000697000973324385,0.000695169542818542
"2024-01-11",2.44020615996223e-06,3.48089561790575e-06,3.09428257762165e-06,4.51229087603083e-06,5.02571942128546e-06
"2024-01-12",0.000500543488806102,0.000497974269200693,0.000497873479134913,0.000472741115397452,0.000468288227706682
"2024-01-16",0.000212234164554748,0.000224849443115371,0.000218485337515147,0.000182089534247739,0.000185661181100939
"2024-01-17",3.99865475506931e-05,4.00226937488988e-05,3.8462420294514e-05,5.69035248876488e-05,5.61050225405602e-05
"2024-01-18",8.24692451963031e-05,9.05870921549574e-05,9.42037540311842e-05,8.60570090387838e-05,8.68597770071212e-05
"2024-01-19",8.83773887773771e-06,9.24493841964536e-06,1.06041203831716e-05,1.13577240796507e-05,1.11390523688906e-05
"2024-01-22",3.47838235724594e-07,4.48842909871628e-07,3.8024325336698e-07,1.08827623105545e-06,8.90427238335926e-07
"2024-01-23",0.000304732285305417,0.000299768984234356,0.000304075859961862,0.000403880706260303,0.000404170066374653
"2024-01-24",6.95651522204674e-05,6.99909960094691e-05,6.82935676008337e-05,8.13454569537449e-05,8.06576344525523e-05
"2024-01-25",0.000481375085552714,0.000493652499633171,0.00047528639137857,0.000440895113721714,0.000443864338342735
"2024-01-26",2.20772924336532e-05,2.10350403698928e-05,2.50975941972249e-05,3.92471616094882e-05,3.72389783530427e-05
"2024-01-29",2.91138521531548e-05,3.47160089875641e-05,2.55270289167584e-05,8.72285391107753e-06,9.1980154848637e-06
"2024-01-30",0.00162064155105313,0.00166319398139375,0.00157945578088233,0.00143237735473245,0.00144130605505968
"2024-01-31",0.00409202858386562,0.00414579751249415,0.00412719857142205,0.0041237622025054,0.00413010071014535
"2024-02-01",0.00172886359367207,0.00170648746831993,0.00174470256967441,0.001764008059635,0.00176285940017976
"2024-02-02",0.0136435907297943,0.0136523329762618,0.0137145733686319,0.0136703744431028,0.0136905497436453
"2024-02-05",0.00101640753370804,0.00102349353430028,0.00102187377240248,0.00110867941930195,0.00112150750025239
"2024-02-06",0.000149513980540828,0.000145840842362015,0.000141992952326916,0.000186812429492,0.000191083159763231
"2024-02-07",5.00803616110548e-05,5.4249966627084e-05,5.04737040166235e-05,4.18638879184594e-05,4.35172682480531e-05
"2024-02-08",0.00160043768623028,0.00158260245246957,0.00156080978709266,0.00170104524529573,0.00171823180118603
"2024-02-09",0.00180480558892739,0.00178758964059387,0.00176364116255157,0.00184241537631429,0.00184527914044542
"2024-02-12",0.000811410229922501,0.000816295454990136,0.000828969559133236,0.000984634933689516,0.000988909213603454
"2024-02-13",4.18229706142508e-09,3.52712338156821e-09,5.3011560323133e-09,6.3438253864552e-07,1.33806993354305e-06
"2024-02-14",9.31085932774169e-05,9.01004605196645e-05,9.50228220173223e-05,0.000112125173794032,0.000120260658040483
"2024-02-15",3.35286589150377e-05,3.62326996382213e-05,3.70632748603375e-05,3.52943983971684e-05,3.17784299781878e-05
"2024-02-16",0.000135017415235339,0.000130065625209067,0.000127128588464746,0.000193104545366733,0.000196976986944238
"2024-02-20",0.000197856205887698,0.000192544652808739,0.000183264528780133,0.00015948963758165,0.00016341615809452
"2024-02-21",3.31011158776047e-05,3.09418167675244e-05,3.93819521158896e-05,4.07612272603404e-05,4.44903755607659e-05
"2024-02-22",0.000114519642025164,0.000116729314194519,0.000120476595065832,0.000129144692624146,0.000142223213704217
"2024-02-23",0.00137673727431013,0.00138949413370863,0.00140606638072187,0.00134923446627221,0.0013858661468079
"2024-02-26",0.00135344633256932,0.00132917004883268,0.00134262272333199,0.00213075563471861,0.00217148394616247
"2024-02-27",0.000191194032251247,0.000214081496883222,0.000199370831046865,0.000108211409041455,0.000109084209162035
"2024-02-28",0.000422219760493362,0.000403096169955385,0.000431249021493691,0.00042639730209241,0.000422250224100176
"2024-02-29",7.49070612826428e-05,5.57838899812089e-05,5.35405443962882e-05,6.85314371850832e-05,6.09543390897932e-05
"2024-03-01",0.000144182285826455,0.000253834497021186,0.000269336246544822,0.000195435944127958,0.000199992538063247
"2024-03-04",0.000302212340723647,0.00026827196454047,0.000254565064609224,0.000339600705292706,0.000355756977352145
"2024-03-05",0.000548464301565625,0.000549803477597887,0.000602060497900031,0.000709710303525623,0.000722956249462058
"2024-03-06",0.000593328029901306,0.000600216030854685,0.000683656233768651,0.00074345772634499,0.000743714619509581
"2024-03-07",4.5265793985554e-05,4.47021554355957e-05,1.2198640289396e-05,1.59540123695616e-06,1.28283349778618e-06
"2024-03-08",0.001847754318485,0.0018183977769878,0.00205485147389502,0.00182962889416835,0.00185552023938001
"2024-03-11",0.00360986831874972,0.00364143804019435,0.00377491875751017,0.00339800015536192,0.00343623185884256
"2024-03-12",0.000578123934666412,0.000550678763974983,0.000578520462852506,0.000539834603583343,0.000556910135658676
"2024-03-13",0.000867322044032404,0.000909352668727976,0.000898112523754706,0.000990234469968398,0.000983161583002968
"2024-03-15",0.000509851123675834,0.000512815989885101,0.000519338934853957,0.0005366303265782,0.000540131849316039
"2024-03-18",0.000632896686657867,0.000651751145057205,0.000655604932046255,0.000674577137184591,0.000685262272692943
"2024-03-19",9.30669766592849e-05,9.48062268837275e-05,9.21279257600741e-05,8.30755064255947e-05,7.55636603955067e-05
"2024-03-20",9.55312454201881e-06,1.35296491046976e-05,9.10412265494906e-06,2.22769931555757e-05,1.9814618813491e-05
"2024-03-21",0.00402412021985811,0.00411435056093327,0.004105411113898,0.00390011966090178,0.00393078340430776
"2024-03-22",0.000102695527423781,9.61418632077609e-05,9.68259114316641e-05,8.5464210368157e-05,8.78013196035492e-05
"2024-03-25",0.000218766195231692,0.000235389888795978,0.000235937279276005,0.000213505358467417,0.000218311050296289
"2024-03-26",1.08995619479887e-05,1.07463473518452e-05,1.39746988519694e-05,1.4961318962078e-05,1.50797810164383e-05
"2024-03-27",2.70014484677059e-06,5.48120666829509e-07,1.45024722271637e-09,2.4900591639025e-06,4.45966796312418e-06
"2024-03-28",3.88452207478555e-05,5.31085076119725e-05,5.44032759638052e-05,7.24752705403612e-05,7.04532929084617e-05
"2024-04-01",0.00256377289735045,0.00261208114578907,0.00260198628013473,0.00239611373426,0.00238232533945213
"2024-04-02",0.00112843330963627,0.00113622259360601,0.00110656787294684,0.0010096780648024,0.00102138853588202
"2024-04-03",0.000592708553742306,0.000560026007390286,0.000551926220669187,0.000444663161864366,0.0004463997610006
"2024-04-04",0.000646690956102262,0.000603148574857848,0.00060206162999468,0.000517810979924405,0.000516717824607389
"2024-04-05",0.00144140201928989,0.00148310613529884,0.0015164921751558,0.00146489446557254,0.00144791924651074
"2024-04-09",0.00150028601355467,0.00147645697972476,0.00141889192910678,0.00144967181305599,0.00144023827130369
"2024-04-10",0.000198164176380898,0.000191391529374521,0.000192641683970451,0.000146189988935452,0.000144072657175493
"2024-04-11",6.79333172095599e-05,5.93074292037036e-05,6.0601071395464e-05,4.02055910102118e-05,4.0675230560421e-05
"2024-04-12",0.00140138150642436,0.00131418164762514,0.00129273333774756,0.00149304899542156,0.00148379091379676
"2024-04-15",0.00224802809800667,0.00219977834366817,0.00214886680632756,0.00227057423162396,0.00225972600680429
"2024-04-16",0.00388712342497401,0.00394238182840055,0.00391024222310476,0.00376545241944566,0.0037641104191926
"2024-04-17",3.04531549542503e-05,1.43941148955706e-05,1.89465402672904e-05,6.40837641567574e-06,6.39276773818331e-06
"2024-04-18",0.000200505210494716,0.000170910070485267,0.000189434617317257,0.000157753525429848,0.000157798642729396
"2024-04-19",7.25700998088714e-05,7.17315425365059e-05,6.13707233280946e-05,6.26903587536604e-05,6.03972848976024e-05
"2024-04-22",0.00100152441126028,0.000901959468961577,0.000938231826519045,0.000864162153619073,0.000865193640629604
"2024-04-23",0.00132104949608879,0.00115594697428557,0.00117008299008725,0.00115830309678673,0.00116160072519348
"2024-04-24",0.000171356214351087,0.00015691440705952,0.000171434790603746,0.000177138400399811,0.000179726955984935
"2024-04-25",0.000260163980371947,0.000304622074158088,0.000311347857697994,0.000349974352334396,0.00034918064939754
"2024-04-26",0.0010050760823496,0.00095405220109345,0.000987233926018007,0.000976901022465036,0.000976678523526883
"2024-04-29",7.52147873671427e-05,8.67433289910822e-05,6.78051865503129e-05,6.32455100940563e-05,6.39731930889757e-05
"2024-04-30",0.00101872887639342,0.000967749963544465,0.00096664911538597,0.000983566071802919,0.000986926246041142
"2024-05-01",0.00570429562056247,0.00558146043986151,0.00560544803695106,0.00561968924511822,0.00562563703555548
"2024-05-02",0.00121206985618721,0.00120685255458852,0.00118175805429944,0.00120282794234273,0.0012047516434642
"2024-05-03",0.00919875688275851,0.00915171421754823,0.0090596021902779,0.00875750014763529,0.00876030143153328
"2024-05-06",0.000796112858105705,0.000772921850069004,0.000774362995672443,0.000703597515232038,0.000704636430716077
"2024-05-07",0.000126901252828019,0.000120776195184505,0.000108047390006733,6.87371681952787e-05,6.96342487000363e-05
"2024-05-08",0.0011922132277568,0.00124836291345478,0.00125247674571745,0.00139761747414005,0.00139778948043279
"2024-05-09",0.00244202094144765,0.00242035265910121,0.00239012093763769,0.00242729676402599,0.00242776096901099
"2024-05-10",0.00191698070220719,0.00183795185483982,0.00186384225269349,0.00185881014045393,0.00185836985207422
"2024-05-13",0.00278116468026904,0.00271016449491571,0.00269272484377981,0.00279166320172037,0.00279111222239169
"2024-05-14",0.0036188215864667,0.00357470538777573,0.00360170811685556,0.00366308637994783,0.00366164684508611
"2024-05-15",0.00374350599553573,0.00377249613740355,0.00378086022731039,0.00381152595460849,0.00381063521389709
"2024-05-16",0.0028266498604488,0.00281788571554604,0.00285427664068821,0.00301884061909205,0.00301971235506689
"2024-05-17",0.00459286272212295,0.00464682178177144,0.00452614181387405,0.00513461432759971,0.00512668801781601
"2024-05-20",0.00368664410107563,0.00370155300360199,0.00368623585662605,0.00402124763106715,0.00401555405095207
"2024-05-21",0.00496133708636607,0.00494859937093403,0.00498666969755533,0.00519915307509347,0.00519581136644712
"2024-05-22",0.00214518361832117,0.00216877424580126,0.00223072826121557,0.00227693520733886,0.00225878436631329
"2024-05-23",0.000717565428145327,0.000852557554733926,0.000882748640025282,0.000773411605370839,0.000772106790118967
"2024-05-24",0.00188316045820175,0.00193867262588239,0.00191568609838249,0.00190753834799904,0.00190960022780859
"2024-05-28",0.000528559576075068,0.000505573876705549,0.000489346915719195,0.000463570832513814,0.000463347286493534
"2024-05-29",0.00136181639434624,0.00134367263881497,0.00132128630648628,0.00118609705489062,0.00118494040119369
"2024-05-30",0.00166744426989563,0.00170865562060203,0.00168580544333846,0.00168528767462577,0.00168254107618874
"2024-05-31",0.000106986301656358,0.000110007247603627,9.97465436696527e-05,7.60304790369486e-05,7.60334868019865e-05
"2024-06-03",0.000489629992818223,0.000436432975337151,0.000293820895998336,0.000229491968678831,0.000227629474242964
"2024-06-05",0.00245518930411228,0.00248194075752304,0.00236000877493906,0.0021227798878735,0.00212180289188321
"2024-06-06",0.00307936634306188,0.00298096724290799,0.00288244116698768,0.00277562735258113,0.00277621115118691
"2024-06-07",0.000898634802835334,0.000835289086072304,0.000812898198789907,0.000791671240018063,0.00079152366092296
"2024-06-10",0.0236020843588913,0.0237408737827062,0.0238712719029306,0.0239463512615049,0.0239579831059899
"2024-06-11",0.0157263439162525,0.0156921418144586,0.0155559383150666,0.0157400688635949,0.0157545742430397
"2024-06-12",0.0667401341000324,0.0666158693372865,0.0664822315901998,0.0667312444093564,0.0667393934688201
"2024-06-14",0.00233598423533697,0.00216589316429214,0.0021838770617887,0.00223817116189507,0.00223591888313309
"2024-06-17",0.00556735681634638,0.00542142564242083,0.00533694816806458,0.00534236769332969,0.0053438066759234
"2024-06-18",0.00318603968029434,0.0030864508382516,0.00296496829236284,0.002978714948534,0.00297752659573075
"2024-06-21",0.0113277428840445,0.0112431980586252,0.0111423898591141,0.01044198225357,0.0104403853004298
"2024-06-24",0.00583032453318116,0.00579212690249705,0.00581707382571947,0.00534065334471193,0.00536030343466906
"2024-06-25",0.000933649182257332,0.000980392714340012,0.000956332897092565,0.000830137280869821,0.000835002969206035
"2024-06-26",0.00145648908611421,0.00147629026626608,0.0014438711363438,0.00139760749991263,0.00139619674351274
"2024-06-27",0.00044778570907786,0.000452216409109001,0.000442200669996629,0.000410817882152822,0.000410132616902162
"2024-06-28",0.00270504021377539,0.00272421015198863,0.00268277833367086,0.00258857347511185,0.00258793041031192
"2024-07-01",0.00409985778180775,0.00410453491155695,0.00407860279160348,0.00405243479178845,0.00404990047151237
"2024-07-02",0.000541697127032151,0.000527111858101899,0.000550848194999223,0.000488906948656961,0.00049532331429675
"2024-07-03",0.000688585923673853,0.000656270126327657,0.000652441924182309,0.000602018455099182,0.000605496957817381
"2024-07-05",0.000142300236063806,0.000133775359137959,0.000133172012106599,0.000108973145629763,0.00010883343477026
"2024-07-08",0.00115150286503179,0.00111420811790993,0.00115662314439348,0.00117579754132468,0.00117578648005026
"2024-07-09",0.000509432268855769,0.000493989234763189,0.000491037677770189,0.000504737503909611,0.00050429414541388
"2024-07-10",0.000107030006592819,8.05444847658824e-05,9.28322652711204e-05,5.19777761044401e-05,5.24679275953128e-05
"2024-07-11",0.00221309127596823,0.00227558097720949,0.00220368776729222,0.002287058296748,0.00227980778211168
"2024-07-12",0.000904895226397248,0.000865086738864137,0.000945855593534808,0.000846705266138694,0.000853537377581354
"2024-07-15",0.000233446511065998,0.000266024657324114,0.000242267284749848,0.000301918871410861,0.000303321123251558
"2024-07-16",0.00061192628643502,0.000609928169805768,0.000623747769572339,0.000566734690146372,0.000567816750297896
"2024-07-17",0.000197949990019719,0.000202647082001677,0.000198671602418137,0.000263306432437307,0.000265126151923002
"2024-07-18",0.00532268027148914,0.00533913764539416,0.00535067783069725,0.00566624162797985,0.0056696514068531
"2024-07-22",0.000184677814773943,0.000187338657114168,0.00021643877315499,0.000181606213204699,0.000181093936389655
"2024-07-23",0.000428504279750169,0.000421463335927752,0.000406830657732672,0.000375423176225695,0.00037452385078578
"2024-07-24",0.000551134992156958,0.000549897826693701,0.000641076912833007,0.000681738646319683,0.000682593445561924
"2024-07-25",0.00813653882185376,0.00813928944723001,0.00821853159226421,0.0082846277884253,0.00828928281439285
"2024-07-26",0.00361944312528344,0.00362600911481923,0.00373640864210719,0.00373953925261557,0.00374390458002925
"2024-07-29",0.000835503089585848,0.000825630679531781,0.000854140612739592,0.000798565216248133,0.000793834004566455
"2024-07-30",1.92567616206181e-05,1.87597330612915e-05,2.4828833785387e-05,2.98589489008481e-05,3.28940720636425e-05
"2024-07-31",0.00157174428530219,0.00160715685811068,0.00163876693727506,0.00173746005870193,0.00173447635617058
"2024-08-01",0.00499510688984379,0.00511327028327472,0.00507758817032578,0.00523612617558537,0.00522531774203708
"2024-08-02",0.0721575963238714,0.0721573771152809,0.07167370778627,0.0717024379267837,0.0715662982455384
"2024-08-05",0.275304555864438,0.275672688542258,0.2754832525681,0.274479034336694,0.274776275454788
"2024-08-06",0.0306179621368308,0.0308668573915088,0.0309679446743581,0.0310210961402738,0.030980414828065
"2024-08-07",0.0194042460287541,0.019417558486834,0.0197114023238561,0.0199054295851921,0.0198466088337809
"2024-08-08",0.00471785507182146,0.00473123289781906,0.00486107891833724,0.00490176312661464,0.00485789332010436
"2024-08-09",0.000965824862131188,0.000938818435825184,0.000979086165517355,0.0010740290977434,0.00106112497216696
"2024-08-12",7.82018682600478e-06,8.37643301346414e-06,4.9922975701657e-06,2.65483322895094e-06,3.89608469126465e-06
"2024-08-13",0.000195181084839502,0.000201411166438818,0.000180398206026079,0.000164750476904885,0.000168108787586355
"2024-08-14",0.000678200344163879,0.000681482282753338,0.000566013625712204,0.000562545291943892,0.000562096843149598
"2024-08-15",0.00196926871421008,0.00194212801241162,0.00175898271845334,0.00177174712330501,0.00177929585540872
"2024-08-16",0.00484720146571313,0.00490030304589365,0.0046478214698633,0.00514764480897086,0.00519730334048347
"2024-08-19",0.00649418369991077,0.00645270822238307,0.00618364684825205,0.00627807693712527,0.00632410547599186
"2024-08-20",0.00343142065474531,0.00339101850899134,0.00321487084046816,0.00320449404636935,0.00320697753883257
"2024-08-21",0.00288017877201674,0.00287768997224215,0.00275372913174321,0.00267941147463901,0.00268885488914259
"2024-08-22",0.00109737172092873,0.00123557582367996,0.00108051584871836,0.000856444666044206,0.000861011680551508
"2024-08-23",0.00103968591548712,0.00127514301426237,0.00122189133096355,0.00100926345828901,0.00102827799785879
"2024-08-26",0.00440399976247062,0.00454805124695971,0.00451781522147195,0.00433183336242697,0.00437591036985352
"2024-08-27",0.00405581851011756,0.00404827440044722,0.00381444872213315,0.0037688459137139,0.00378837501068036
"2024-08-28",0.0017401356616006,0.00179216124219016,0.00164139050926593,0.00153242925789675,0.00143932854934301
"2024-08-29",2.6522216895154e-05,2.20412749702612e-05,6.73784962157914e-05,9.62409291205439e-05,0.000109087646092803
"2024-08-30",0.00591915772104987,0.0059679244867748,0.00539366364875781,0.00514143273569844,0.00513132259288609
"2024-09-03",0.0166804777791008,0.0166352509052017,0.0147825506831951,0.0141731265237541,0.0141308465463504
"2024-09-04",0.00535652541201452,0.00522947755528683,0.00457788222143491,0.00438182878324313,0.00436077152586078
"2024-09-05",0.00819057723205944,0.00821934178843885,0.00589685256291406,0.00541642855753921,0.00548093786276049
"2024-09-06",0.00181805144206611,0.00175813960502478,0.000939242208641914,0.000781559856162392,0.000797297132674927
"2024-09-09",0.000144559841638326,0.000165539113443802,0.000318194962993016,0.000353444037544159,0.000341628049974485
"2024-09-10",0.000332991860242786,0.000313579713950967,0.000195339329590748,0.000166383380613545,0.000174175096909654
"2024-09-11",5.18325415904728e-05,5.64620986025277e-05,7.22834300578937e-05,7.62696716277922e-05,7.78621294139417e-05
"2024-09-12",0.00100140699034801,0.00100159341473878,0.000927095234984235,0.000890563876145786,0.000911309755067478
"2024-09-13",0.0015717799417563,0.00153430688486098,0.00151967861150552,0.00154114961984357,0.00155111555695951
"2024-09-16",0.000114090362668368,0.000120348268111739,0.000113700168157769,0.000112666159645255,0.000112601716189478
"2024-09-17",2.8917282439902e-06,4.5745843953048e-06,1.93390064990386e-07,3.1505460880146e-06,2.2525324019941e-06
"2024-09-18",0.0145283398833433,0.0146599934525711,0.014571596442117,0.0148652377270902,0.0149684228811717
"2024-09-19",0.000145619327751343,0.000140025198511365,0.000201142026817851,0.000256810540256126,0.00026173607288331
"2024-09-20",0.00214885963770842,0.0022098792063532,0.00205393357285423,0.00208567243448281,0.00204026727239946
"2024-09-23",0.000279538731087195,0.000277438323541112,0.000320974346403434,0.000325737565521239,0.000342525863283253
"2024-09-24",0.0021001592087559,0.00208483502676571,0.0023207329319811,0.00236269867196099,0.00238958882936682
"2024-09-25",0.00168620408343984,0.00167565549017484,0.00179990685246738,0.00182861122994239,0.00186397227360192
"2024-09-26",0.00169735252976445,0.0016582669584883,0.00183189422400015,0.00191619220761117,0.00194726957283508
"2024-09-27",0.00449796009166542,0.00446458166642397,0.004676287005224,0.00467941049404521,0.00472283790875704
"2024-09-30",0.000258230446362135,0.000238904211134892,0.000332511132597008,0.000333765289536181,0.000350017077129995
"2024-10-01",3.75533014766584e-05,3.71286720727916e-05,6.20447939138173e-05,7.92383131575994e-05,5.95214511682778e-05
"2024-10-02",0.00431035556233409,0.00429198156080793,0.0045995411405152,0.0047583603218753,0.00466539696436111
"2024-10-03",0.0031232584865058,0.00320484325979003,0.00333026810627408,0.00328466932531371,0.00326672011260969
"2024-10-04",0.0048629891670893,0.0049200319943502,0.0050332800191776,0.0051850865904584,0.00518129687044239
"2024-10-07",0.00604657348218561,0.0059218878642428,0.00603910894488383,0.00596460552030669,0.00588082908152184
"2024-10-08",0.00717993959638916,0.00714576382505875,0.00741434963719338,0.00772962323481587,0.007619216403602
"2024-10-09",0.0102518465189275,0.0102926476214943,0.0103164397348111,0.0107338182800646,0.0107407153745827
"2024-10-10",0.00658061645315656,0.00662920457592968,0.00681508008819774,0.00703356345420308,0.00700413446894203
"2024-10-14",0.00491942901798089,0.00495673434988616,0.00494040349941,0.00502298412415886,0.00482380258219363
"2024-10-15",0.000257794236505717,0.000224762893704666,0.000263424604153703,0.000260829503794771,0.000237934826927351
"2024-10-16",0.00414237288324917,0.00411477082984787,0.00435818358551129,0.00438614944264177,0.00436453462432595
"2024-10-17",0.00640312521800346,0.00652882713043443,0.00648213990521271,0.00662965425614232,0.00662914317502073
"2024-10-18",0.0028481871616751,0.0029110814487437,0.00292696844627868,0.00307862679937307,0.00309738640709953
"2024-10-21",0.00875212924947214,0.00852348510326146,0.00885051192342656,0.0087556050475005,0.00881657986262889
"2024-10-22",0.00724156862639151,0.0071175131825388,0.0072124114111406,0.00717662870858921,0.00711860880866238
"2024-10-23",0.00172468304945898,0.00167604634006936,0.00172003202456476,0.00171140768543422,0.00169219300198832
"2024-10-24",0.0014951753237524,0.00151808999914157,0.00128049773982534,0.00121722002880399,0.0012381704251316
"2024-10-25",0.000854888421869641,0.000871363961526473,0.000792607365707905,0.000785110245218625,0.000780695092251078
"2024-10-28",0.00103436723831205,0.00106349035558211,0.00100410140203592,0.000999172675288414,0.000998955362258529
"2024-10-29",0.00234780738917264,0.00235414454044234,0.00236145117610145,0.00234273637477621,0.00236020349082393
"2024-10-30",0.00245910753446526,0.00251979095284415,0.00260835754045146,0.00268755421545822,0.00263492332625693
"2024-10-31",1.96523190900544e-05,1.89142828171875e-05,2.09271458087291e-05,3.36965413197941e-05,3.57404366627746e-05
"2024-11-01",0.00305072636759618,0.003019472673788,0.00294322349103686,0.00284344334088815,0.00281159439322395
"2024-11-04",2.73406371538551e-06,3.6481507638272e-06,3.96812601608048e-06,1.15969326120321e-05,1.18171021420276e-05
"2024-11-05",0.00175370708003429,0.00175351937046521,0.00177389383891445,0.0018947299135205,0.00187143214787951
"2024-11-06",0.000266247083163127,0.000213571702648514,0.000157528661686058,0.000116503157304303,0.00011525923660038
"2024-11-07",0.000470868657003651,0.000506086907527323,0.000583208662569553,0.000570156809789782,0.000552401886214548
"2024-11-08",0.00233448263756996,0.00235362588067647,0.00239271136397577,0.00234438454972901,0.00234944538214405
"2024-11-11",0.00085176720564377,0.000781008121649567,0.000815283267167255,0.000814582523508868,0.000798015159046149
"2024-11-12",0.00207909530265609,0.00200796350884828,0.00209813175367912,0.0021201509647226,0.00206869793537273
"2024-11-13",0.000780420410227553,0.000716517422136638,0.000835678567909544,0.000860357253432311,0.000818925709571437
"2024-11-14",0.000410622463381437,0.000408460281671277,0.000421188711107257,0.000494627777726188,0.000484030293422008
"2024-11-15",0.000514523543366605,0.000511867044931632,0.000650928483528307,0.000904693571031193,0.000917106146876483
"2024-11-18",0.00066803309809862,0.000656953067944179,0.000765752734068592,0.00088919778644912,0.000855761104625517
"2024-11-19",0.000428357081632466,0.000443824307705288,0.000471755250077141,0.000442151422350999,0.000435820650845252
"2024-11-20",0.00203437169604855,0.00203695563535508,0.00217376877910653,0.00196123055854822,0.00182774296702147
"2024-11-21",3.10910308806127e-07,9.87001269710307e-06,3.25584802672175e-05,1.32444917167922e-05,7.64162110979318e-06
"2024-11-22",0.00126080703998781,0.00136364518342549,0.00152476529759714,0.00152824585586504,0.00148405800672768
"2024-11-25",9.31915056314355e-06,1.30376507608131e-05,3.77671529716675e-05,3.22401416311299e-05,2.59974787400161e-05
"2024-11-26",0.000243831672041245,0.000260539537163617,0.000354294198335359,0.000331990077594725,0.000295073709226131
"2024-11-27",0.000897388591556059,0.000944566723627484,0.000999673082527196,0.000995706846646781,0.000951773629651963
"2024-11-29",0.00548050131688643,0.0054787073623297,0.00502865573775845,0.00484240963683608,0.00478234731968568
"2024-12-02",0.00369442733995993,0.00359474690424618,0.00347664979234893,0.00333668509813352,0.00328469125416816
"2024-12-03",0.00597204681244535,0.00592256948478027,0.00597108996902158,0.00584969654708314,0.00583727051298359
"2024-12-04",0.00318242625923185,0.00324117661294495,0.00313046068287537,0.00302916567997581,0.00295961597946617
"2024-12-05",0.00469570405334712,0.00494048770728872,0.00459852851780474,0.00492565921431137,0.00485804068278788
"2024-12-06",0.0042621309240969,0.00427335631743363,0.00420903051876242,0.00441910692974679,0.00437996330728697
"2024-12-09",0.000199764728491539,0.000201574763974196,0.000198969161315807,0.000220993285927313,0.000209999869404525
"2024-12-11",0.00100129978084276,0.00121476847535345,0.000912210202007712,0.000867056010764396,0.000885438315499442
"2024-12-12",0.00201178886047119,0.00211940478362113,0.00174497537017569,0.00171354357232514,0.00173249980197866
"2024-12-13",0.00216377678202218,0.00219321544875742,0.00189550812284521,0.00186040607312832,0.0018630796518424
"2024-12-16",0.00188279455092635,0.00190980035596018,0.00157297174678142,0.00165265908350839,0.00167669579729003
"2024-12-17",0.000940641495139119,0.000908098799314224,0.000773446178503583,0.000781473823718881,0.00078319520716322
"2024-12-18",0.00157813634502215,0.00162721944365284,0.00168757458945318,0.001663234486391,0.00168774650446233
"2024-12-19",0.00100711020828028,0.00100194569010867,0.00101644975456877,0.00102840683155043,0.00103837741267724
"2024-12-20",0.000277569300097271,0.000260480387637001,0.000277647350260889,0.000270995625894952,0.000268877629114577
"2024-12-23",0.000373487869917692,0.000366632288310054,0.00034121388087312,0.000364208390558197,0.000344644548940104
"2024-12-24",0.00489812894354615,0.0047996192332397,0.00475161225395325,0.00477067469320579,0.00473030416816524
"2024-12-26",0.00262985244557753,0.00257450939366897,0.00212394387807003,0.00215643057634521,0.00215896275369464
"2024-12-27",0.000176625897072578,0.000160232819304073,9.26471534466302e-05,9.2161784182843e-05,0.000102549027955628
"2024-12-30",0.000301894170473924,0.000307771002394092,0.000337529515464588,0.000340583672172281,0.000324593437410359
"2024-12-31",3.86002569105532e-07,2.56456969694049e-07,4.35973428938698e-07,3.65737362334311e-07,5.4012995222361e-07
"2025-01-02",0.00538397841837071,0.00527972896265853,0.00533826393988985,0.00529326916706699,0.00527004716393226
"2025-01-03",0.000388327777406693,0.000401161393842654,0.000409440232072188,0.00041393813101289,0.000419898204747879
"2025-01-06",0.000164733288941914,0.000152128873643391,0.000149255517435527,0.000165717431014641,0.000169412050319875
"2025-01-07",0.000729382040488793,0.000728076044803523,0.000739950030867196,0.000742373019007875,0.000760852828231034
"2025-01-08",0.000360933787637511,0.00037058915276615,0.000388450167464955,0.000366727340546735,0.000391260761155175
"2025-01-10",0.00835774104701109,0.0083378339978878,0.00834135011176082,0.00807485783992992,0.00824114622255083
"2025-01-13",0.0030605353852653,0.00300702877609281,0.00297092058949272,0.00298719466367004,0.00307498692887302
"2025-01-14",0.000273132002509937,0.000269530430173985,0.000256428004999023,0.000279699761410001,0.000291978104546775
