"","fBm","bfBm","mfBm3","mfBm4","mfBm5"
"2007-01-03",0.00958057399063397,0.00941952491688392,0.00928389092237608,0.00923817107306327,0.00931356287111894
"2007-01-04",0.000265924587105478,0.000209960996043409,0.000164958797058554,0.000113872677064154,0.000111916534522778
"2007-01-05",0.00384593648519774,0.00345302353937664,0.00326620303460093,0.00316371903161087,0.00320046436733668
"2007-01-08",0.00091040467387512,0.000734008783003576,0.00068067959408492,0.000652588730946328,0.000648482380812787
"2007-01-09",0.0961524266512075,0.0987008718446814,0.0986889082333594,0.0993419016898785,0.099518698680272
"2007-01-10",0.000301132334471246,0.00032198441852875,0.000335113142682854,0.000316270487524607,0.00031045541813255
"2007-01-11",0.00691632471563719,0.00689080392249892,0.00718912509885108,0.00706663599971126,0.00707083748949572
"2007-01-12",0.00404695973481679,0.00432158850160715,0.00437414158109122,0.00431532302281021,0.00430560718669506
"2007-01-16",0.00441704191143418,0.00452912194212048,0.00456834283442575,0.00457009914180199,0.00456107018974474
"2007-01-17",2.95763061012728e-05,2.44891584532866e-05,2.72311643872928e-05,2.85878661402926e-05,2.91165496546053e-05
"2007-01-18",0.00943311831251768,0.00978517618361036,0.00979452642239006,0.00978363719356379,0.00975488774722338
"2007-01-19",0.00127365617687141,0.00123802695139103,0.00123743819592242,0.00111265012274047,0.00109063065434244
"2007-01-22",0.00222485570151622,0.00208507061483092,0.00209872878641021,0.00214010649595434,0.00213929735447778
"2007-01-23",2.67178868832546e-05,2.47337294532864e-05,1.777857333059e-05,1.00801355243752e-06,2.12454112966455e-06
"2007-01-24",0.00813926652601945,0.00823218193716012,0.00808068102205742,0.0077652943844764,0.00777477770635102
"2007-01-25",0.000232939044440447,0.000250350295691052,0.000217034235334556,0.00019738077129792,0.000195479062102581
"2007-01-26",8.03105253062533e-05,0.00010385885316157,0.000110987949742236,9.63837829647916e-05,0.000102414133910725
"2007-01-29",0.00249617005548684,0.00209846097606926,0.00199642854536377,0.00206239928669088,0.00206184458102987
"2007-01-30",0.00932637317321795,0.00898446721476456,0.00896009591101439,0.00923661847947307,0.00922538021863574
"2007-01-31",0.00103016713510989,0.000994726037715069,0.000946740074167326,0.000844278684273156,0.000842202233386965
"2007-02-01",0.00187682577312799,0.00185057326025032,0.00195011621640687,0.00197607651829431,0.00199647428901899
"2007-02-02",0.000160762483629062,0.000221690148766921,0.000239303861385566,0.000214337549799251,0.000224517558132257
"2007-02-05",0.000564754030696378,0.000745832128775864,0.000787825998108755,0.000770173117066108,0.000782873906693096
"2007-02-06",0.00102770175974858,0.000976527506850586,0.000964115123663387,0.000949268200836744,0.000949848818536167
"2007-02-07",0.000159007856432175,0.000147614460328552,0.000156925742509036,0.000200224125411947,0.000203219220567387
"2007-02-08",0.000265747714682663,0.000328183366913354,0.000341076359558169,0.00030894300583844,0.000310375179919754
"2007-02-09",1.79073568270588e-05,2.26839801391456e-05,2.37004829863606e-05,2.62890767359469e-05,2.57916326022693e-05
"2007-02-12",0.000434623792638796,0.000396702164287498,0.000441166368205953,0.000413529617874901,0.0004082564391199
"2007-02-13",0.00120288599413402,0.00136766530166436,0.00147631193617594,0.00136982799307443,0.00136614791923063
"2007-02-14",0.00369389863586103,0.0038499139087183,0.00408648691415107,0.00400668438779779,0.00399390945279074
"2007-02-15",0.0015984988866778,0.00155057030013477,0.00168251498995736,0.00164467093970812,0.00163317545058439
"2007-02-16",0.00567785703274667,0.00594823388462764,0.00605979079535547,0.00603390272218585,0.00605528439709554
"2007-02-20",0.00304762905057888,0.00303272491599694,0.00318096443814644,0.00314768726904128,0.00314588559951399
"2007-02-21",0.00318454399272756,0.00313340541134006,0.00312541925110049,0.00312750607809402,0.00310043356804822
"2007-02-22",0.00132912024276607,0.00121303631084601,0.00125031748479207,0.00117990799465688,0.00117092988520917
"2007-02-23",0.000634478308059696,0.000681928234517087,0.000655490170413497,0.00064027072727878,0.000647428158559565
"2007-02-26",0.00261940409040032,0.00247925552551959,0.0026786154622543,0.00258557611585137,0.00259693463556376
"2007-02-27",0.007208593160375,0.00683317249894989,0.00666379306335817,0.0068653744589954,0.00686016867667002
"2007-02-28",3.19322613185885e-05,2.19205393636258e-06,1.10288664262874e-08,6.38280479921528e-06,5.58444833087154e-06
"2007-03-01",0.00517629046677266,0.00597085575824467,0.00601516557771815,0.006372855539676,0.00632035027469674
"2007-03-02",0.00115117157226403,0.000772128470897249,0.000535470018183873,0.000379972905244098,0.000397632661532295
"2007-03-05",7.56450977491655e-05,0.000127007908449173,0.000207124528841796,0.00026608703722687,0.000263943139246456
"2007-03-06",0.0073972826521989,0.00695695219012098,0.00640938319547958,0.0063112749918493,0.00631791608245117
"2007-03-07",0.000619249767737253,0.000613896953812643,0.000546669110817133,0.000536380120928729,0.000530453161889168
"2007-03-08",0.00530091613144505,0.00524292876785523,0.00520648558008682,0.00510054246371999,0.00502555718987789
"2007-03-09",0.000363401105574222,0.000378389274652653,0.00041013252601034,0.000392381861831454,0.000374220793523298
"2007-03-12",3.50870548148075e-06,4.80406293331109e-06,3.18631842664041e-07,8.47024804897761e-07,2.63464535222716e-06
"2007-03-13",1.3236855907231e-05,3.85812350648987e-07,9.33962939767017e-06,8.65245628380042e-06,7.38695267333898e-06
"2007-03-14",0.000206881277267127,0.000244638599816129,0.000328536031184442,0.000372643116217802,0.000382300660255282
"2007-03-15",0.00203489251088786,0.00189883290685604,0.00170033982622509,0.00158185703636767,0.00160241616595112
"2007-03-16",0.00477780787681286,0.00501122300749338,0.0047546323043221,0.00465215637576006,0.00465032808356537
"2007-03-19",0.000264331735926684,0.000242464411093435,0.000298407473473726,0.000317230729816664,0.000323633042362224
"2007-03-20",0.000856961778480173,0.000906813451317821,0.000916559210217569,0.00089195706263115,0.000880614544005514
"2007-03-21",9.226644845292e-06,3.72620426301817e-06,8.72225434410765e-07,2.82276157574137e-07,7.18895689198903e-07
"2007-03-22",5.75735512429053e-07,6.03590663661705e-07,1.20857770524372e-06,2.25333135849118e-06,2.54750667142881e-06
"2007-03-23",0.0018521030048071,0.00186364495256238,0.00192321304974812,0.00193781316149457,0.0019179829190566
"2007-03-26",0.000252852716572828,0.000264297023015479,0.000298277153517275,0.000302436639562276,0.000308501559395128
"2007-03-27",0.000539276787327593,0.000598213696232715,0.000582762652486293,0.000608007299237923,0.000623786817080121
"2007-03-28",6.87039733309298e-05,5.14115113706674e-05,5.12122053518836e-05,5.79800163038678e-05,6.15882792551496e-05
"2007-03-29",6.4035099428992e-06,6.05048473731844e-06,3.71540876989579e-06,2.84830100166252e-06,2.38836015611402e-06
"2007-03-30",0.000268259097105807,0.000275765303278977,0.00031305604854938,0.000343189827810225,0.000350326372505175
"2007-04-02",0.00193623890280794,0.00191982258358578,0.00198018103892182,0.00191938799607796,0.00192423423122613
"2007-04-03",0.00109021652640851,0.00105352830979253,0.00109108957860408,0.00108230100441878,0.00107450608019814
"2007-04-04",0.000371595038745613,0.000377742136033409,0.000409474280619511,0.000414351644904044,0.000400886035027734
"2007-04-05",0.00147456809665293,0.00143627461183202,0.00148930513599968,0.00152188223008389,0.00148646326281516
"2007-04-09",2.91970801821613e-06,3.81574893099241e-07,1.96967956736631e-06,3.429242250357e-07,6.37745896970796e-07
"2007-04-10",0.00139841819114053,0.00157299056722093,0.00158236695338154,0.00158707293149459,0.00156869190590121
"2007-04-11",0.000941021945639229,0.00086532674003717,0.000858463712872958,0.000864467907598878,0.00086583788589362
"2007-04-12",0.0002089449527997,0.00021093066083391,0.000214588426017896,0.000216304101900034,0.000220862614309013
"2007-04-13",1.20931029158219e-07,9.84994670367268e-07,5.32546548637451e-06,8.50654296254689e-06,1.17140308755577e-05
"2007-04-16",0.000881184870864341,0.000866678328173396,0.000787117012789458,0.000803870482498938,0.000799158201338002
"2007-04-17",0.000526142935730356,0.000513047147627405,0.000521696695822075,0.000521775756801863,0.00053053540283077
"2007-04-18",0.000782386948382216,0.000815320296518637,0.000881632478113578,0.000849723040733648,0.000852641745882653
"2007-04-19",2.88205431378185e-05,3.20486054229774e-05,2.08135126531647e-05,2.0173955383886e-05,1.83541136478595e-05
"2007-04-20",0.00192021936171467,0.00176756861727868,0.00165258060824181,0.00164651355823707,0.00164790994906718
"2007-04-23",2.75385074079686e-05,4.33697916614758e-05,3.8691099885237e-05,4.64375645836273e-05,4.73736386411645e-05
"2007-04-24",0.03841492211197,0.0383285342006083,0.0386057857854867,0.0388386954856604,0.038886379206365
"2007-04-25",0.0087295921848058,0.00878101955192131,0.00846930078040438,0.00852890290408695,0.00854289836572092
"2007-04-26",0.0322386476630521,0.0322181347908196,0.0327435701505418,0.0327420789788521,0.0325535628294671
"2007-04-27",0.00421651347594904,0.00423840696796048,0.00421335602043033,0.00425324689785088,0.0042287001446326
"2007-04-30",0.00497870174051199,0.00495993406710923,0.00492750336191873,0.00492145331442395,0.00493194657894981
"2007-05-01",0.00064187668267103,0.000646154793773933,0.000622692990214756,0.000618789449375771,0.000620242794255651
"2007-05-02",0.00523176135009791,0.00525189891333088,0.00520312588669806,0.0052131575998431,0.00522988770113179
"2007-05-03",0.000602408050317205,0.000613617730616544,0.000621995204436302,0.000630334782509826,0.000631669013692045
"2007-05-04",0.00360074462987683,0.00358951912145298,0.00362746592624461,0.00362576820489143,0.00359852633680052
"2007-05-07",0.00233198984847302,0.00234071775335101,0.00229235524918852,0.00229820729563114,0.00233406188247324
"2007-05-08",0.00197475377045849,0.00197117249383443,0.0019026128168572,0.00189938012818583,0.00192841392740137
"2007-05-09",0.000610949451373,0.000614013924096257,0.000623574267126908,0.000626186964859093,0.000604334231698717
"2007-05-10",0.0114937745382484,0.0114651757024421,0.0114238061989083,0.0114349579128765,0.0114296728358231
"2007-05-11",0.0027833491664709,0.00278211164450812,0.00239613731361903,0.00239698559806585,0.00234755154414747
"2007-05-14",0.000503355283787473,0.000502373054238343,0.000391324540006189,0.000388450154176568,0.000359783185534022
"2007-05-15",0.00179964951804899,0.00180788263268882,0.00183301740091628,0.00181460269653267,0.00184420229867679
"2007-05-16",0.0237730344304981,0.0237853460587847,0.0242575200548797,0.0242328432067105,0.0242321267833231
"2007-05-17",0.00434896896568266,0.00439362037949711,0.00414599987634158,0.00427144981133545,0.00428314701450067
"2007-05-18",0.00885060339634786,0.00889478021988851,0.00867824621927799,0.00873918501203286,0.00877963807348957
"2007-05-21",2.49263255183585e-05,2.4164946573328e-05,2.4712191337792e-05,2.18505353976357e-05,2.09078883580894e-05
"2007-05-22",0.000541620315109978,0.000553619138298434,0.000538937568180498,0.000551256284750705,0.000551386906731861
"2007-05-23",0.00052356975017211,0.000518038572644807,0.00047413399686149,0.0004648308968417,0.000469412506554905
"2007-05-24",0.00579145269474552,0.00583642003788429,0.00570430846181073,0.00571015134104065,0.00570245527071986
"2007-05-25",0.00324880620947738,0.00322049162959925,0.00328170542210245,0.00325645937431065,0.003322216456806
"2007-05-29",0.000261005356999023,0.000250839469271427,0.000302168969100744,0.000307680997346588,0.000309319068097196
"2007-05-30",0.00388962986826562,0.00381487780783605,0.00350832922574025,0.00352996469940465,0.00348183141476763
"2007-05-31",1.16624297933997e-05,1.0137864194335e-05,2.16971964355142e-05,2.35104723926392e-05,2.757891853835e-05
"2007-06-01",2.78674026142588e-05,1.85967244917924e-05,2.41696410084982e-05,1.79211994799944e-05,2.19063770732885e-05
"2007-06-04",3.96637521376823e-05,3.25840167487856e-05,3.85810976062346e-05,3.22359370136568e-05,3.33754113621052e-05
"2007-06-05",2.60521865074911e-05,2.32195919850753e-05,1.82584448990665e-05,1.25708259290059e-05,1.31933437313732e-05
"2007-06-06",0.00106797322618349,0.00105939198790411,0.00108672660464616,0.00111900344784584,0.0011243576402097
"2007-06-07",0.00649086959899964,0.0065379449639893,0.00650324472286649,0.00654032629495251,0.00653755197494523
"2007-06-08",0.0010042749936816,0.00100253144905126,0.000988029272130275,0.00101115848201451,0.00100189798150369
"2007-06-11",0.012862878441917,0.0129030896040549,0.0127050399848053,0.0128021237519323,0.0127790385722122
"2007-06-12",8.89461311991204e-05,8.22819405025239e-05,6.23196238304541e-05,6.65501733551784e-05,6.9358526855797e-05
"2007-06-13",4.74965019653475e-05,4.07850071640776e-05,1.57528930353668e-05,2.45825285606107e-05,2.30851679891229e-05
"2007-06-14",0.00451096803947801,0.00455917713424263,0.00476191524126132,0.00476448369793709,0.00480820102562263
"2007-06-15",0.0237740928500431,0.0240241859569679,0.0245320914721959,0.0243521470940985,0.0243086786013738
"2007-06-18",0.00105028913393662,0.00104615671350373,0.000984494809429062,0.00101593734785863,0.0010037269721523
"2007-06-19",0.000136536201415943,0.000136216408040774,0.000121692167850578,0.000121234664361843,0.000118700723066256
"2007-06-20",0.000123640012281047,0.000118885873918589,0.000109683991576699,0.00010388547843293,0.000107238129524799
"2007-06-21",0.000359773193444251,0.000367736499978326,0.000360182737867721,0.000350316853477917,0.00035540062466511
"2007-06-22",2.53140951264799e-05,3.24440030798971e-05,3.96491780041353e-05,5.24901085047155e-05,5.33748702814735e-05
"2007-06-25",0.000425460399031804,0.000434824408148687,0.000512493029475937,0.000541274010410942,0.000543681104933832
"2007-06-26",0.00472557166978553,0.00480908296117861,0.00478349047752117,0.00485251902938997,0.00486361749378959
"2007-06-27",0.000328294632538202,0.000327698964597335,0.0002936049029011,0.000277296741738725,0.000290570857126948
"2007-06-28",0.00145815040797362,0.00147590331305024,0.0014546598881964,0.00144352516171358,0.00143530933100629
"2007-06-29",1.90040071831767e-05,2.40635426077762e-05,2.72942925930036e-05,2.63609561799199e-05,2.7139592818687e-05
"2007-07-02",7.48111012626402e-05,8.43950233500694e-05,8.42245502593936e-05,8.49218087373978e-05,9.13540983150627e-05
"2007-07-03",0.00354374896666769,0.00347652353988232,0.0034956107370096,0.0034832582171581,0.00353008408018147
"2007-07-05",0.000866827593510945,0.000877994957130182,0.00100500122802343,0.000834669236223519,0.000807497829244882
"2007-07-06",0.00519171185309142,0.0052313388998716,0.00569164280927808,0.0055787024736547,0.00553371200636919
"2007-07-09",6.5536472971662e-05,7.33577877373773e-05,0.000111025948684161,0.000114499843155133,0.000107849475134264
"2007-07-10",0.00123946878017429,0.00118554385592082,0.0011515406134243,0.00113469630212035,0.00111980289240717
"2007-07-11",0.00415264846620662,0.00415765053325929,0.00433102668030421,0.00429582243758933,0.00432776436433221
"2007-07-12",0.00265990131218064,0.00263997286146763,0.00265247599821787,0.00263142583225095,0.00261488886036041
"2007-07-13",0.00148346988314338,0.0015022844650276,0.00155551019962459,0.00153735194406704,0.00150836884505797
"2007-07-16",0.000356677895135814,0.000352352024445105,0.000358133739115405,0.000374441441317084,0.000388635042351736
"2007-07-17",0.000840561824912882,0.000856789941257183,0.00081693548455038,0.000832533414579744,0.000828131634362742
"2007-07-18",3.01541125627828e-05,2.9072684845459e-05,4.11548242111187e-05,3.46770337453099e-05,3.63081406303937e-05
"2007-07-19",0.00432037054071947,0.00417470948284221,0.00407366473956485,0.00402096984143013,0.00404219871820009
"2007-07-20",0.000684197824237406,0.000745436974287068,0.000789462037525695,0.000769001294904469,0.000776013236363512
"2007-07-23",0.000743574502444286,0.000811931608505457,0.000914784173433473,0.000930097907293492,0.000943298725051912
"2007-07-24",0.0170727724411268,0.0168735797096481,0.0170412819511678,0.0171891532994892,0.0172298395580994
"2007-07-25",0.00409517364096491,0.00406503520285625,0.00424221584579946,0.00446145706216796,0.00446337383706947
"2007-07-26",0.0620477143669582,0.0621632447346219,0.0643959386215641,0.0651109899754775,0.0649277507571565
"2007-07-27",0.000125535326806727,9.8466557682951e-05,2.0041825532733e-05,6.52696542455075e-06,9.45654842034833e-06
"2007-07-30",0.00334896180973278,0.00353104648238095,0.00412924246641178,0.00435407025360138,0.00427263367639884
"2007-07-31",0.0150070394496762,0.0152083041034931,0.015996105260247,0.0162456675653204,0.0162418541147841
"2007-08-01",0.0294056012833693,0.0293910260584915,0.0299551001203424,0.0302613127501065,0.030259517377201
"2007-08-02",0.0194199646358807,0.0189357680318965,0.017538049975945,0.0171167142378044,0.0172352614483436
"2007-08-03",0.0126056984443066,0.0125863572716824,0.0122302046073114,0.0120751994741124,0.0120737956737335
"2007-08-06",0.0216483818409175,0.0221564556239751,0.0218266425607981,0.0223170984580043,0.0222365434834274
"2007-08-07",8.40045463443755e-05,0.000106363126329329,0.000163544771079636,0.000204578331485841,0.000201531479200188
"2007-08-08",0.00117766425230392,0.00107732087114402,0.000881319749815663,0.000775564228283011,0.000766921424939201
"2007-08-09",0.00938048241058721,0.00963590058501396,0.0101162348135184,0.0105010181125691,0.0104670135027595
"2007-08-10",0.0674649907490126,0.0687401796848046,0.0711457907132812,0.0720312316941037,0.0718826041649667
"2007-08-13",0.0325756928132771,0.0309863916663715,0.0291920338127416,0.0280490269053693,0.028236234689604
"2007-08-14",0.00258796126613737,0.00255860412863129,0.00225685935365927,0.00215729593671527,0.00218353659600825
"2007-08-15",0.00226578778870262,0.00240445837723745,0.0027044566884587,0.00294014792363972,0.00293243296628466
"2007-08-16",0.133069389438525,0.134723755532682,0.137596390791071,0.138670893849061,0.138567766861791
"2007-08-17",0.0249791086221686,0.023957568046504,0.0218954679948646,0.0207174298812063,0.0208386113827753
"2007-08-20",0.0171411617935529,0.0166176079911971,0.0156306126691859,0.0149735954383581,0.015135164542167
"2007-08-21",0.000536418281120378,0.000529961198749504,0.000579344060318132,0.000697002924047299,0.000692271328103813
"2007-08-22",0.0217680549949343,0.0219917961719968,0.0218487137391273,0.0215656421416613,0.021503341650987
"2007-08-23",0.00145875909956454,0.00153342092515308,0.00169245268207262,0.00164557351686274,0.00166403799955954
"2007-08-24",0.00310628297696081,0.00335426938785369,0.00331325469059234,0.00316552950988498,0.00321450460172016
"2007-08-27",0.00630560110341036,0.00675578511338795,0.00720445945608266,0.00723295355948957,0.00727291479771073
"2007-08-28",0.00969777127835039,0.0096435022470678,0.00986775992758685,0.00976727530837387,0.00992128993561568
"2007-08-29",0.00384919498600238,0.00398194869430884,0.00427974820211675,0.0042660919031867,0.00423461196012955
"2007-08-30",0.0046837386371503,0.00465712335330112,0.00450368386294496,0.00451311011262093,0.00449926845349969
"2007-08-31",0.0064875748568344,0.0063548397985638,0.00690321500774587,0.0069571692462993,0.00704144673917649
"2007-09-04",0.00125790028937874,0.00120872206836184,0.00143464845015518,0.00138191514450404,0.00138048028303539
"2007-09-05",0.0856713679650584,0.0856273485456951,0.0852694730985854,0.0853035675262695,0.0853155728236191
"2007-09-06",0.00193495818142558,0.00186690659008216,0.00196079133969884,0.00184209698503419,0.00173379532979838
"2007-09-07",0.0139528482945434,0.014052943675948,0.0142567494283475,0.0144142623732034,0.0141379668976298
"2007-09-10",0.00116988567957624,0.00115728674527042,0.00110763751864353,0.00104223180759766,0.00103485867716555
"2007-09-11",0.00157324668129518,0.00154014646444911,0.00154856762617869,0.00152047196950905,0.00153331324373388
"2007-09-12",0.00431261649402679,0.00427328050748846,0.0035682905550383,0.00362977823979153,0.00358108087810567
"2007-09-13",0.00329289751796818,0.00334048002930498,0.00288927652561712,0.00287378545822345,0.00283697048772456
"2007-09-14",0.00273831400074819,0.00278873422716672,0.00273958339477983,0.00276536125783869,0.0027087033409095
"2007-09-17",3.71340728563756e-05,4.41013399793804e-05,3.2863733806504e-05,2.01983064290514e-05,1.79092109210803e-05
"2007-09-18",0.00183746790778252,0.0018605530219382,0.0017711932838054,0.00174375526438082,0.00176981899724955
"2007-09-19",0.000201922411727049,0.000186613111274617,0.000189536740785468,0.000139584905529454,0.000154135315181266
"2007-09-20",0.00373510389236998,0.00369721927533281,0.00367923199557432,0.00352524462555138,0.00352452908616902
"2007-09-21",0.00398338957912473,0.00402493335419468,0.00423760574965272,0.00409184987850944,0.0041155676573443
"2007-09-24",0.00168768424109597,0.00168329534606587,0.00150723446917478,0.00153853448382447,0.00153404671396644
"2007-09-25",1.07795673634361e-06,5.43170054002713e-09,3.57369458618534e-07,4.82890490993317e-07,8.1050942153832e-07
"2007-09-26",1.15332829633645e-06,1.62612298539154e-06,7.95630181880898e-07,6.49880072205969e-07,2.47634533060419e-07
"2007-09-27",0.00354079138881967,0.00351570257486239,0.00354644554388219,0.00354007376334643,0.00355590327879521
"2007-09-28",0.00212791393043474,0.00219561359351099,0.00224285149009251,0.00229745262407018,0.00229600877889283
"2007-10-01",5.88555577461498e-05,5.56904192917816e-05,7.01141381080245e-05,5.52753735449631e-05,5.23131025255929e-05
"2007-10-02",9.851901540831e-05,0.000111487649645304,0.000120546221695945,0.000119221620090769,0.000118304920710042
"2007-10-03",3.84031130057008e-05,4.00926263649785e-05,6.58998320562526e-05,6.18497336227845e-05,6.31354926572582e-05
"2007-10-04",9.51757510900359e-05,9.97500822214818e-05,7.672189270226e-05,7.04287148423563e-05,7.01615128949463e-05
"2007-10-05",0.00165328530291545,0.00174901034901176,0.00186961372198485,0.00184857260094723,0.00186634141300474
"2007-10-08",0.00037854248675421,0.000400727914369406,0.000375783264556545,0.00037461598002792,0.000407802626640122
"2007-10-09",0.00703295619942621,0.00690373277938237,0.00687548044853967,0.00681957721458575,0.00679170030021338
"2007-10-10",0.00329884350780221,0.00338148004850127,0.00347867350628938,0.00353588618194967,0.00351484261790979
"2007-10-11",0.341473416330216,0.341834754761493,0.341629637273284,0.34162900459877,0.340496639225277
"2007-10-12",0.0127814295999518,0.0127525075304789,0.012975601379169,0.013028218264279,0.0133055910779415
"2007-10-15",0.000973711391134118,0.000988309683871215,0.00105076989600727,0.0010492516696387,0.00107984534531618
"2007-10-16",0.00457114037524081,0.0045711283861915,0.00457167702634181,0.0045277931391468,0.00445275670614016
"2007-10-17",0.0022167106987716,0.00221862451538679,0.00221043638148656,0.00211030138166982,0.00213297801770674
"2007-10-18",0.00678598987820197,0.00668644648395524,0.00663626166854438,0.00649542984533467,0.00652956626922034
"2007-10-19",0.00142021925584059,0.00146643665558227,0.00150568693021196,0.00152572297370851,0.00153461491049427
"2007-10-22",0.00103784302750561,0.000930334579979775,0.000911915858964675,0.000888745919749304,0.000838545621313774
"2007-10-23",0.00462749743187617,0.00480227967329609,0.00481793459415416,0.0049648452405436,0.00501695618490987
"2007-10-24",0.0112561066154689,0.0114210374862035,0.0121004496251648,0.0122379659545398,0.0124246299605378
"2007-10-25",0.00138386156685515,0.00132396517464391,0.00117803622572922,0.00114777076280638,0.00124348534084477
"2007-10-26",0.0104157240023844,0.0103494362971392,0.00998244506377656,0.00986225161127201,0.0101649123286532
"2007-10-29",0.0117134626824712,0.0116355825377976,0.0114529299367331,0.0113488164039945,0.0114217286533684
"2007-10-30",4.54629614244553e-06,2.20866667843797e-06,4.19187310364096e-06,5.26062614315956e-06,2.49044952578133e-06
"2007-10-31",0.0041772866612371,0.00413533323097228,0.00412624029909901,0.00415707002158274,0.00426271415183808
"2007-11-01",0.000139054953721221,0.000126953217748642,0.000141046476492658,0.000114927544312461,8.85371080074771e-05
"2007-11-02",0.00724552222371951,0.00731683870269171,0.00724449575321631,0.00745163570526474,0.00744137306800881
"2007-11-05",0.00109882394561323,0.00106680497602342,0.00102278535609116,0.000919374973609531,0.000847948995906901
"2007-11-06",0.00122494313802476,0.00117364953301817,0.00112877819428919,0.00103691418945274,0.00101724067389698
"2007-11-07",7.4090711066751e-06,8.11865973759598e-06,9.65565922404562e-06,1.83939234678011e-05,2.9268392200442e-05
"2007-11-08",0.31533002885467,0.315104750242868,0.315435714592687,0.317645245941125,0.31767447280157
"2007-11-09",0.0136526255471105,0.013872504501476,0.0139748191898659,0.0145829503449602,0.0146469345321046
"2007-11-12",0.108141836116989,0.108755939577834,0.108953036380108,0.112338564881509,0.113259327350281
"2007-11-13",0.0180750916899545,0.0184028399978157,0.018489198910194,0.0181965188395246,0.0183553796969381
"2007-11-14",0.00297791920040696,0.00286722605195467,0.00280332610700403,0.00284736174477194,0.0028384427895766
"2007-11-15",0.0164981370579587,0.0163134204493404,0.0160560211075768,0.0161799537293417,0.0162070754692378
"2007-11-16",0.00071235482443204,0.000677333063858698,0.000626119040237524,0.000637636644613145,0.000666202485522702
"2007-11-19",0.00127472344653522,0.00123909122983582,0.00132960873826751,0.00129972072652611,0.00125228721358299
"2007-11-20",0.0129275018246689,0.0130290849161858,0.0130130645602956,0.0130071872992181,0.012960311817748
"2007-11-21",0.00371759547333935,0.00366026850385662,0.00354833375848555,0.00348523224163575,0.0034080643103651
"2007-11-23",0.0561935239969118,0.0560054450433504,0.0556867823267036,0.0553330536609329,0.0554835270897216
"2007-11-26",2.97635269856051e-06,6.16194338246958e-06,5.44434760588751e-06,8.90735944027329e-06,9.83960753398251e-06
"2007-11-27",0.00180818170914131,0.00179532500469407,0.00181808354955557,0.00185144899891581,0.00182890537346871
"2007-11-28",0.023964010745578,0.0238719640887157,0.0235714677762779,0.0234186377368229,0.0234687580613922
"2007-11-29",0.00297019908388594,0.0029441772809358,0.00282142943894003,0.00274994676708974,0.00267126005406394
"2007-11-30",0.00267789969475324,0.00265034188473407,0.0026273296614963,0.00271786188287899,0.00274338690255216
"2007-12-03",4.12629869619838e-06,4.60406482182918e-06,2.5676825833187e-06,5.41470814870731e-06,5.26108331099634e-06
"2007-12-04",0.00257607119858771,0.00253970046793017,0.00268199873713463,0.00263235091133858,0.00258151779989471
"2007-12-05",0.00889253378519919,0.00902686667130029,0.00923492365317982,0.00928037484136244,0.00902995595842753
"2007-12-06",0.00436585333927971,0.00436294072955865,0.00437800731549673,0.00433057624299224,0.00434046419199943
"2007-12-07",0.000887348722817838,0.000902932666098049,0.00091243595893205,0.000882162098846163,0.000845468819489729
"2007-12-10",0.00353538936040512,0.00359525247436476,0.00345177154770854,0.0033980132184568,0.00332005247288053
"2007-12-11",0.0208875255925801,0.0209277594696301,0.0215088693390017,0.0212872508582862,0.0213019810045116
"2007-12-12",0.00236454041808799,0.00235237098068045,0.00245000588199248,0.00250809012360318,0.00236376783905579
"2007-12-13",6.24874482379186e-05,5.27308973594855e-05,5.73629326703583e-05,4.11434743292284e-05,6.02609697870916e-05
"2007-12-14",0.00900897504965773,0.00876613859085107,0.00889557589549599,0.00869203216400142,0.00864971129935214
"2007-12-17",0.0079732748834014,0.00795529695439686,0.00784068419063449,0.00802242381160531,0.00802442633507641
"2007-12-18",0.00722321955835224,0.00715593789746416,0.00701161699621428,0.0070264290862286,0.00701687233952348
"2007-12-19",0.0113498634356082,0.0114094061866784,0.0113666824987291,0.0114060840561961,0.0113284747135628
"2007-12-20",0.01300783276534,0.0130381354645778,0.0131361373274901,0.0130404212029136,0.013219752331364
"2007-12-21",0.0101802168962047,0.0101668926147788,0.0101427959767464,0.0100069751341967,0.00994313796764254
"2007-12-24",0.000509161657068079,0.000503761596195592,0.000544228079640257,0.000527358868516042,0.000535485066906808
"2007-12-26",3.06645516465101e-05,3.08612854891193e-05,2.89482754012272e-05,2.8539342013033e-05,2.99808617542487e-05
"2007-12-27",0.000695310538919935,0.000667341538501295,0.000628036018015393,0.00063261946006749,0.000634508472692526
"2007-12-28",0.000244807626488631,0.000268704069561119,0.000282502708855054,0.000286697707403283,0.000287717613960206
"2007-12-31",0.00128523242303011,0.00130599212779969,0.00140937261365208,0.00140847517654813,0.00140383657552245
"2008-01-02",0.0102305688808957,0.0101889810108757,0.00996922344677702,0.00999004976548978,0.0100128375684744
"2008-01-03",0.00087323420575325,0.000847399973647822,0.000792285293997926,0.000790376390972163,0.000751899194991737
"2008-01-04",0.0181753526166599,0.0181482041206121,0.0186104345231263,0.018651838160911,0.018697209395249
"2008-01-07",0.133807320344657,0.133723831336965,0.13514827447354,0.13562364099148,0.135633594434218
"2008-01-08",0.00252597240675788,0.00259825469729869,0.00262760619293128,0.00267800989800472,0.00266815073587578
"2008-01-09",0.0318359253479759,0.0319412638058636,0.033995632184571,0.0340542138726268,0.0340833825082493
"2008-01-10",0.00107605200173631,0.000972764540124331,0.000919058880095027,0.000841225409670763,0.000886054691252678
"2008-01-11",0.00214249938961285,0.00203017341679814,0.00209051548934656,0.00180550994119934,0.00189961967045199
"2008-01-14",0.0408701620043303,0.0403052331500396,0.040760082476901,0.039537912662511,0.0395355325580628
"2008-01-15",0.124372787406216,0.124279587576921,0.124733503160581,0.125337485398295,0.124779474525516
"2008-01-16",0.0564069627617575,0.0563199598768024,0.0566203612121753,0.0568002124635345,0.0548583694454081
"2008-01-17",0.00223342102933201,0.00229608906297521,0.00224174423295972,0.00243021155971846,0.00224404311481533
"2008-01-18",0.0129128604523161,0.012682969802742,0.012269117205089,0.0119387975064718,0.0118166251366408
"2008-01-22",0.0788632434211511,0.0801415330469826,0.080460216711463,0.0821113301492683,0.081463965665462
"2008-01-23",0.0497681402847547,0.0509720443497931,0.053249372717113,0.0546943558661742,0.0539347432065737
"2008-01-24",0.0193164496973092,0.0184495616724787,0.0171838647684129,0.0162486048953722,0.0164936733332217
"2008-01-25",0.0109599573758527,0.0106831537877155,0.00995641402568554,0.00955374332432469,0.00960362457802003
"2008-01-28",0.000565650792023981,0.000532424519093853,0.000531871113729305,0.000474881350038702,0.000479410315247804
"2008-01-29",0.029321828618492,0.02943556420648,0.0294448138657482,0.0288659462112901,0.0283624923447114
"2008-01-30",0.000268948153794928,0.000242491400692903,0.000210647421161312,0.000269858859849246,0.000318332164422193
"2008-01-31",0.00262746894175112,0.00263863153180061,0.00257629132175129,0.00251055786394592,0.00286720261232143
"2008-02-01",0.0144898295908825,0.0143648002659068,0.0143511669307671,0.0141162888203467,0.0144145293935422
"2008-02-04",0.00766369060513363,0.00764620958074527,0.0071655121935523,0.00717034033230021,0.00707310907337765
"2008-02-05",3.9773398221483e-05,3.54629594139328e-05,1.74547577230277e-05,1.26271726453906e-05,1.97688148150928e-05
"2008-02-06",0.0122058596510934,0.0122491429707926,0.0119976304041511,0.012171242673249,0.0124980460580816
"2008-02-07",0.0654825949204791,0.0651586173114892,0.065510251870042,0.065019481643487,0.0654343010002631
"2008-02-08",0.0112666813106123,0.0111640609264148,0.0112436890168595,0.0108605931457154,0.0106020358325109
"2008-02-11",0.0256846273600928,0.0257234912603285,0.0255089234312779,0.0253114232686025,0.0247209308715778
"2008-02-12",0.0027932916310287,0.00273009082658989,0.0032166739608924,0.00324964019013262,0.00329445942257506
"2008-02-13",0.00373991310803971,0.00368318267380732,0.00403773499075025,0.00396034794282664,0.00401694041352208
"2008-02-14",0.00148478656923025,0.00150024188295171,0.00153853816337868,0.00161661482995349,0.00157936505781393
"2008-02-15",0.00714625934171759,0.0072393580067983,0.0074933447145192,0.00737617192367411,0.00707743139957785
"2008-02-19",1.93402463610963e-06,2.31005903852224e-06,7.43000762568631e-07,1.00035841236991e-08,8.97466671792257e-07
"2008-02-20",0.00240183124573449,0.00237684483933988,0.00218672700158964,0.00228971836754806,0.00224064716078975
"2008-02-21",0.000489975527586036,0.000477832941146301,0.000474067364751737,0.000425782117313547,0.00047179272708118
"2008-02-22",0.00182907246888367,0.00180795166431676,0.00171799986663068,0.00173403984004124,0.0017110383451625
"2008-02-25",0.00117260064532124,0.00119010595199058,0.00123210076368939,0.00114436295971632,0.00118214691120731
"2008-02-26",3.06822271931998e-05,2.90077879726108e-05,2.20545871241115e-05,1.46995840189236e-05,1.14358255523246e-05
"2008-02-27",0.000442971215333089,0.000446946216061262,0.000510641719605296,0.000487237431752027,0.000492908388855862
"2008-02-28",0.0050322516837792,0.00508911272899027,0.00519727027507728,0.00510832911123737,0.0052310502885615
"2008-02-29",6.57579573715046e-07,4.92823007822532e-07,8.84759989441738e-06,1.39787377344051e-06,1.1452240984931e-07
"2008-03-03",0.0061867508813681,0.00615847197701922,0.00670288048786882,0.0067407245244831,0.00676478128936362
"2008-03-04",0.0314411414696911,0.031422392347458,0.0336213544734342,0.0332461325158238,0.0327612944438551
"2008-03-05",0.0142482101820529,0.0143294298549307,0.0141942265957458,0.0138856273986831,0.0138775551490392
"2008-03-06",1.83765381320167e-05,1.82472907449962e-05,1.94995212398728e-05,3.79238563799309e-06,3.4727112520635e-06
"2008-03-07",2.9100380314538e-05,3.04093641818839e-05,4.22707514063735e-05,5.53358655204601e-05,6.38098923562564e-05
"2008-03-10",0.00154282780321603,0.00149156107698121,0.00136317097246972,0.00119979744832649,0.00120454233699256
"2008-03-11",0.000820455170235646,0.000838690197187319,0.00072851596124241,0.000586564974657669,0.000567280589792909
"2008-03-12",0.00169097366903113,0.00163207632174251,0.00134463333453491,0.0011678751761778,0.00118609091855136
"2008-03-13",0.00360974700217694,0.00362645921472946,0.00373749510285164,0.00393514292406916,0.0038519934009768
"2008-03-14",0.0181808583305926,0.0185873009904608,0.0221854189237856,0.0226425410054696,0.0229394113388472
"2008-03-17",0.000113152817408027,7.34263041648871e-05,5.15199760790709e-06,2.04590910980671e-06,1.03523409438433e-06
"2008-03-18",0.0177089675607976,0.0173778278380406,0.0169769860509914,0.0159151706732487,0.0163487977404226
"2008-03-19",0.0033841235221838,0.00340065914850294,0.00276199379988124,0.00239164525510959,0.00234458145786377
"2008-03-20",0.014526538932548,0.0144987176169564,0.0142210972332264,0.0136422545267136,0.0135426960628057
"2008-03-24",0.00190814204625271,0.00187878566669965,0.00184609155848495,0.0017239131025861,0.00177313649482771
"2008-03-25",6.08558290807204e-05,6.53464990575609e-05,7.37447033114152e-05,4.67330007948235e-05,4.35698483633226e-05
"2008-03-26",0.000156286006346574,0.000158432188491987,0.000171830847689316,0.000159499227087781,0.000145534961925727
"2008-03-27",4.74311553540951e-06,7.01821083774258e-06,2.24271042349693e-06,3.31216530086875e-06,4.43604245074711e-07
"2008-03-28",0.00637806958999301,0.00643170494204643,0.00663823348524955,0.00640996074633004,0.00630811217842604
"2008-03-31",0.000379032981420915,0.000387852107695975,0.000575174474454192,0.000506172752387339,0.000441892487640672
"2008-04-01",0.00264135669648242,0.00270329507530067,0.00293763612304604,0.00290574827764286,0.00290770902121955
"2008-04-02",0.000259657427056084,0.000256677041077757,0.000310851614816633,0.000312537549706848,0.000313260099599548
"2008-04-03",4.04075242693344e-05,4.08946108421529e-05,3.85789535526105e-05,2.48747772275574e-05,2.29334816514072e-05
"2008-04-04",0.0006258533033312,0.000651549201912562,0.000609694717639345,0.000569920729793661,0.000495301086908351
"2008-04-07",0.000592149519674974,0.000608059062779938,0.00057925140066218,0.000578438450442782,0.000564603429949053
"2008-04-08",0.000498389130954388,0.000506669545959813,0.000516756753735791,0.000613909393614783,0.000568888441296814
"2008-04-09",8.55550168948491e-05,9.62273240727004e-05,8.96471283333464e-05,0.000117507620188674,0.000107257721228803
"2008-04-10",0.0013995545858207,0.00138138650765093,0.00144816555039421,0.00157046287927247,0.00184772167069503
"2008-04-11",1.49763978057306e-05,1.34546227477697e-05,7.13342237607464e-06,1.16744126010066e-05,1.12244110650661e-05
"2008-04-14",0.00163905282767748,0.00163981804563651,0.00153314680133504,0.00149490231615859,0.00155218031709248
"2008-04-15",0.00236956186923635,0.0023837704395338,0.00258825062492934,0.00261929390553529,0.00251929032468339
"2008-04-16",0.00529151074999605,0.00533269900465425,0.0058249324786935,0.00570991987705863,0.00559121377454237
"2008-04-17",0.000214823726244168,0.0002029673608358,0.000281501091090358,0.000259138477783056,0.000262434472428857
"2008-04-18",0.00257652942121484,0.00258358471417061,0.00263154447155762,0.00248014778249704,0.00242216457536941
"2008-04-21",0.000240954752081039,0.00022525823805376,0.000232842853503582,0.000219507115322135,0.000201534238286147
"2008-04-22",0.00829040627033065,0.0083788399548496,0.00824120541085063,0.00794178115325363,0.0080225826635857
"2008-04-23",0.000804211561471071,0.00080948329508321,0.000776189813696571,0.000802447700257293,0.00085785249097499
"2008-04-24",0.0179836486828722,0.017985050228099,0.0182600992707175,0.0180622596520193,0.0173775197902762
"2008-04-25",0.00271001916037599,0.00265587843990381,0.00249066711589911,0.00248326112672049,0.00249553562672977
"2008-04-28",0.00539108147644646,0.00540570380961093,0.00514279906226159,0.00493968186303129,0.00480101625610545
"2008-04-29",0.00279872469201456,0.00282328491427941,0.00294575063783864,0.00294360459839031,0.00293825289266741
"2008-04-30",0.00207142580934159,0.00202959268592874,0.00198935879698674,0.00195857443846164,0.0019574665647291
"2008-05-01",0.00285928574028368,0.00281126492835904,0.0028587361290789,0.00288088186522291,0.00281453063965248
"2008-05-02",0.00193584918793949,0.00191852584146317,0.00197393181538712,0.00200228866554379,0.00209697020245585
"2008-05-05",0.00207879573996532,0.00208740600893489,0.00209309021855392,0.00207614706999545,0.00203009915021488
"2008-05-06",0.00142812728491255,0.00143363161676566,0.00150672550318411,0.00149200297391044,0.00141879729983956
"2008-05-07",0.000486510787198996,0.000473122368693696,0.000490701426113871,0.000484084323142663,0.000503746731442623
"2008-05-08",0.00148694944741741,0.00152174996312241,0.00161983471218983,0.00156326969234529,0.00152542950805856
"2008-05-09",0.00220163682567756,0.00220366051298699,0.00231556077748254,0.0022492392796816,0.00222082359889099
"2008-05-12",0.00162528404867907,0.0016373168430626,0.00173435875070697,0.00165460019361249,0.00167562415637275
"2008-05-13",0.000731256214432563,0.000748791343491863,0.000779628547248599,0.000739784346168849,0.000689206757540611
"2008-05-14",0.000461013213659834,0.000463156829067654,0.000428610803371934,0.000451991971660438,0.000480449627197596
"2008-05-15",0.00149546979434398,0.00148312816762166,0.00148919454880227,0.00140409703163685,0.00144259311079314
"2008-05-16",0.00439656246829504,0.00430759722150321,0.00433217174112374,0.00438678157364169,0.00434205888806671
"2008-05-19",0.00340252664957082,0.00339225710112465,0.00340782849224245,0.00340862769567076,0.00345583127260483
"2008-05-20",0.000735679443435764,0.000745616742531461,0.000732420319182643,0.000706100809552679,0.000675496141642086
"2008-05-21",0.0108180653600928,0.0107261986300137,0.0106612936156054,0.0105379297417453,0.0104376928721
"2008-05-22",0.00676220017010197,0.00675148442207543,0.00684410503794336,0.00680349619879984,0.00652047098782617
"2008-05-23",0.00572287504701646,0.00587357067163272,0.00608262562259197,0.00608903102924678,0.00619553049156289
"2008-05-27",0.0111502833596664,0.0112633484171375,0.0113483679603558,0.0113149164219836,0.0111763938082071
"2008-05-28",0.0016298475464587,0.00159999945155705,0.00160247862476754,0.00147477351816468,0.00147240979548541
"2008-05-29",0.000729273521191214,0.00072102540815454,0.00075049439180996,0.000728677811731535,0.000721888154079348
"2008-05-30",0.00970275963495747,0.00970834087341384,0.00961731645529148,0.00943539232995506,0.00945441975117323
"2008-06-02",0.00100051409731977,0.00101488979912724,0.000958347541977192,0.000961198913990366,0.000885558016895046
"2008-06-03",0.00116257373677689,0.00114291765105065,0.0011524121186297,0.00117987561815543,0.00121509731240597
"2008-06-04",0.000163239082969328,0.000169190218592864,0.000185562921708083,0.000210596298337229,0.000208040164625635
"2008-06-05",0.00766842707060507,0.00765978359210001,0.00751549807907159,0.00728320567387852,0.00729952931523011
"2008-06-06",0.00193393700100226,0.00192742899749925,0.00189171372688072,0.00192113112251948,0.00187563640344699
"2008-06-09",0.107576027438529,0.108208066721176,0.108161146801248,0.108233148986546,0.10815084040446
"2008-06-10",0.0107385019742399,0.01069707185867,0.0108181544062447,0.010968376437291,0.0108807097617798
"2008-06-11",0.000359133233078736,0.000350989490321761,0.000326172847000081,0.000288764612218474,0.000287439927047172
"2008-06-12",0.0100989444772403,0.0103467215913228,0.0102082767074648,0.0103600685581789,0.0103781799899056
"2008-06-13",0.0295359592070518,0.0293058883984527,0.0293679408203391,0.029697100424388,0.0291426525057955
"2008-06-16",0.00796395148335995,0.00812844900780033,0.00815037339715539,0.00819028183731777,0.00825513935462486
"2008-06-17",0.0143601881662776,0.0144133351599499,0.0145678588454282,0.014458396625075,0.014319735664006
"2008-06-18",0.00211745557957064,0.00216940994234615,0.00221982338497479,0.00215659656468945,0.00203765972916452
"2008-06-19",0.000198354952755487,0.000201021654183027,0.000175296245640697,0.000131996251662893,0.000157396182164557
"2008-06-20",0.000385078149800094,0.000367610068199377,0.000337602628665654,0.000295372458603819,0.000297107501803162
"2008-06-23",0.000924026379227868,0.000927580972680787,0.000921842704802842,0.00101134471354596,0.000994087019170462
"2008-06-24",8.75397390224579e-05,0.000102797910761708,0.000106856844102853,9.6241440231837e-05,9.12188646468339e-05
"2008-06-25",0.00296333826507081,0.00293184231567367,0.0029922686029318,0.00291781807109707,0.00286751462032317
"2008-06-26",0.000824656387945404,0.000893826560297902,0.000872242053919513,0.000886235590936706,0.000848817781454824
"2008-06-27",0.00540665179908652,0.00557126403142745,0.00558768435764253,0.00558164069452413,0.00554438468197094
"2008-06-30",0.000173599596354748,0.000158187949940677,0.000147989418843362,0.000142180302057321,0.000140780643556655
"2008-07-01",0.0021906175345254,0.00215439951205475,0.00215207848745775,0.00228203689605607,0.00226556861923206
"2008-07-02",1.00646877963804e-05,8.0675814478678e-06,1.86365100484964e-06,4.081991542478e-07,1.74018071540258e-07
"2008-07-03",0.0121860562090402,0.0121727846802054,0.0119006736172493,0.0121322781991626,0.0120466912422378
"2008-07-07",0.00981234745218082,0.00946815910825211,0.00910510221080387,0.00880534773382616,0.00898832378687698
"2008-07-08",0.00118954811707094,0.0011351990415378,0.00100730042758406,0.000904227086422286,0.000920422716802426
"2008-07-09",0.00181991553288738,0.00176640896567808,0.00166362168452287,0.00149777580946429,0.00149906382452523
"2008-07-10",0.00665607978063217,0.00667936579383785,0.00669679587045963,0.00703205173388673,0.00683850756257976
"2008-07-11",0.0120417343617702,0.0121697864122291,0.0121690014454187,0.012933496534311,0.0128891980910885
"2008-07-14",0.00424658282911801,0.00410997403527476,0.00428794890467089,0.00382607746592558,0.00387929289098374
"2008-07-15",0.0115346644255202,0.0119025981928386,0.0118350926932776,0.0122159407749956,0.0122155905756685
"2008-07-16",0.0100970320342831,0.00972986716229635,0.00963070155197508,0.00907256339751873,0.00909685549276997
"2008-07-17",0.00862410532537865,0.00843655092382968,0.00856199418462309,0.00793519792083341,0.00801550553604411
"2008-07-18",0.00605836222257482,0.00596007341074824,0.00612481365252577,0.00566194614969224,0.00560907185765126
"2008-07-21",0.00114905096445783,0.00132656050496958,0.00120591672484532,0.00120490901532829,0.00131027533069678
"2008-07-22",0.0232760076761972,0.0235283986836459,0.0229665421329199,0.022827439505294,0.0232056085437591
"2008-07-23",0.00398877311966419,0.00404958895422627,0.00413180417346113,0.00384731256806352,0.00386864887449907
"2008-07-24",0.00186825546279513,0.00186338312279737,0.00186555263619897,0.00164145412713118,0.00171575706308342
"2008-07-25",0.00563657927235849,0.00568038745856928,0.00557926254484474,0.00535624340243495,0.00539527777865771
"2008-07-28",0.00121743328649191,0.00131420063314114,0.00128869889363795,0.00106288682925313,0.00113067684389954
"2008-07-29",6.43649629029713e-05,5.34455598641503e-05,0.000163966373751127,0.000199514170239144,0.000214772196281238
"2008-07-30",0.000704675058042995,0.000739807320137072,0.000549706178899384,0.000486690394820753,0.00041205556180749
"2008-07-31",3.76600046039052e-06,4.81495593539337e-06,1.28237438496888e-07,4.62177739059712e-06,4.00244779559016e-06
"2008-08-01",0.000164529780049528,0.000156471029878193,0.000174739571363253,0.000150728219856858,0.00014235400051235
"2008-08-04",0.000163119122660844,0.000144365614075003,0.000156203523816623,0.000174748183116886,0.000173734393494557
"2008-08-05",0.00584386566511406,0.00594746473538051,0.00606731100412462,0.00610004087640254,0.00605332477579913
"2008-08-06",6.87355692192618e-06,7.661279730448e-06,9.65377085969262e-06,1.34835174963277e-05,2.02219248961673e-05
"2008-08-07",0.000572926673446277,0.000599675872607139,0.000646669894053327,0.000663294339534554,0.000744442154190008
"2008-08-08",0.00527884656710326,0.00530991556989324,0.00529524902100492,0.00522200342641065,0.00543465085226664
"2008-08-11",0.00082424825689801,0.000815124763129802,0.000819827496133901,0.000904170806777376,0.000881810214677499
"2008-08-12",0.000514160341535243,0.000530392381730914,0.000561809027708886,0.00052887348297526,0.000522626698703985
"2008-08-13",0.000105135259151127,9.85865600016021e-05,9.57490245495338e-05,0.000112780610951158,0.000110448506995043
"2008-08-14",0.00341222947215264,0.00342077784228209,0.00343385019209434,0.00336909988250718,0.00317407288785175
"2008-08-15",0.00109501241077418,0.00108849202492031,0.00114466558010434,0.00108364647704597,0.00110231492328178
"2008-08-18",5.22920659317388e-05,5.28427319253194e-05,4.95108014905931e-05,4.7175601578199e-05,4.83271742950009e-05
"2008-08-19",6.80425331425735e-05,6.84192263840763e-05,7.19075570327651e-05,6.02701765031097e-05,6.58348952388055e-05
"2008-08-20",0.000278624742501278,0.00027970121696415,0.000294241867154646,0.000322840381408917,0.000300115193188329
"2008-08-21",0.00052587067562299,0.000519093232620073,0.000552721100893885,0.000489839177281345,0.000506611104096666
"2008-08-22",0.00709964927843787,0.00709177228592822,0.00707762117491889,0.00701928672495748,0.00714307724301935
"2008-08-25",6.22168210522108e-05,6.21951725449798e-05,5.29344984221249e-05,5.38043634073728e-05,5.69425648616699e-05
"2008-08-26",0.00105784910603678,0.00105779518053798,0.00103923116055745,0.00111532658683125,0.00111237396858396
"2008-08-27",0.00028500479479511,0.000281495835215279,0.000318867200798626,0.000332210920207216,0.000314372105858825
"2008-08-28",0.00061273093236899,0.000613357451042228,0.000632098793795686,0.000714244363150421,0.000709300396363275
"2008-08-29",4.68270444399389e-06,4.20969674458958e-06,1.5330216827807e-06,2.12783696600679e-08,2.9549192240901e-08
"2008-09-02",0.01155951644165,0.0115212950106437,0.0115083122269445,0.0114361767586069,0.0112119640861158
"2008-09-03",0.00164474093661471,0.0016575045475275,0.00160940829063964,0.0016619296966651,0.00159378839351823
"2008-09-04",0.00132563443864714,0.00133249599542771,0.00135361328566689,0.00137668362026111,0.00131003615177094
"2008-09-05",0.0185561512110285,0.0185740841258281,0.0191389940193784,0.0194114639128901,0.0192599375452002
"2008-09-08",0.0451343278197523,0.0452115615153577,0.0459813700954763,0.046033884099911,0.0458529854436232
"2008-09-09",0.020069867652542,0.0200914919779029,0.0207250919945267,0.0212224250467726,0.0207233425564053
"2008-09-10",1.24601357205813e-05,1.35971625996921e-05,8.06887561073935e-07,3.44960096578108e-06,3.39923377693337e-06
"2008-09-11",0.00327694699310866,0.00328004884945701,0.00324118019004379,0.00282826016599241,0.00281896269585409
"2008-09-12",0.000126991573507041,0.000123970788495466,0.000105753775354884,4.67532575421997e-05,5.53600881323269e-05
"2008-09-15",0.0129039224020195,0.0129200112373851,0.0130269347601325,0.0135829163764555,0.0135684518984216
"2008-09-16",0.0785991677946553,0.0787080774326553,0.0796939122861266,0.0833384354382576,0.0843526196164642
"2008-09-17",0.00427045940697178,0.00431950032256053,0.00611381023207864,0.00680872883641529,0.00661144286043446
"2008-09-18",0.077581593656532,0.0777486455277552,0.080422594561012,0.0838227811801991,0.083222735006548
"2008-09-19",0.015483738994125,0.0154002776126002,0.0131853534272275,0.0115804080565452,0.011875265177715
"2008-09-22",0.0233661870886596,0.0233559774109305,0.0185762429335421,0.0164284518226649,0.0165421692152847
"2008-09-23",0.0100779475713901,0.0100815459891148,0.0114739668177171,0.0121887255608924,0.0122961833334543
"2008-09-24",2.82532367663307e-05,2.8590747369339e-05,6.42143170255484e-06,1.53663133140948e-05,1.37770336860563e-05
"2008-09-25",0.0197500891521817,0.0197637025441665,0.0190683482494123,0.018716136863234,0.0178915892886649
"2008-09-26",0.0050910968309412,0.00509195248944119,0.00505497665031842,0.00526758561907067,0.00525026330785098
"2008-09-29",1.32318550168877,1.32315811233373,1.33138422953932,1.33908404204834,1.34148784314484
"2008-09-30",0.154863043473876,0.154978709631974,0.150263169680384,0.143480528288374,0.145304963936115
"2008-10-01",0.00849074734152916,0.00877776223379332,0.00832986476831005,0.00815942654610331,0.00820752920394011
"2008-10-02",0.013787125552909,0.0136679722448568,0.0139838820165524,0.0134950224256114,0.013318548547128
"2008-10-03",0.948901758835501,0.94917877934254,0.95033115449829,0.953310226817714,0.951723319512451
"2008-10-06",2.03693727472872e-05,2.03127211480855e-05,4.82445788064624e-05,6.67783696183394e-05,7.87222416102812e-05
"2008-10-07",0.000435687332584648,0.000393612730937896,0.00107246459781857,0.00177360965659511,0.00157143951208297
"2008-10-08",0.10566475191195,0.104990682731145,0.111026832082189,0.117325020685697,0.116484294837186
"2008-10-09",0.0179481164163294,0.0183153742330734,0.0144039604714035,0.0112625029983408,0.0117684581894132
"2008-10-10",0.377135849597134,0.374985700010763,0.383425584258935,0.390282372880727,0.3901330501867
"2008-10-13",0.468040397279151,0.473900130576735,0.434779376604213,0.408755915465663,0.415777459778647
"2008-10-14",0.0321846732384866,0.0320895501082097,0.0356880278839335,0.0384235173688247,0.03807160181398
"2008-10-15",0.0102609129964476,0.0105753227115804,0.0091334288421711,0.00577933656313697,0.00581858336975722
"2008-10-16",0.129638563472433,0.129577849236715,0.136170213675755,0.146191200261737,0.147190469153674
"2008-10-17",0.0409112020974549,0.0410009650852502,0.0353128042762497,0.0292804370224949,0.0300547607230017
"2008-10-20",0.0309987700130353,0.0312022758748242,0.0263318341004017,0.0236568830598561,0.02362047238955
"2008-10-21",0.0391225839847468,0.0390994603741267,0.0332945042965618,0.0321377284025338,0.0316869202091516
"2008-10-22",0.0111933332650962,0.0111970899891947,0.0134195208197257,0.0157812739027812,0.0160085881882111
"2008-10-23",0.0443325161111405,0.0442414033868747,0.0495428895433079,0.0501794457243378,0.0495791123913659
"2008-10-24",0.0471130938635031,0.046830292611825,0.0551388641894247,0.059452050341198,0.0592121491991607
"2008-10-27",0.0988653241489303,0.0992902777086894,0.087117392035245,0.083141220536556,0.0846767815659652
"2008-10-28",0.0172360088862323,0.0173239192810782,0.0147304285678142,0.0126993911351741,0.012967918986266
"2008-10-29",0.00978233608151616,0.00971111984213536,0.0105820959591611,0.0123004781653519,0.0119478475418194
"2008-10-30",0.0447101545315477,0.0447682185213829,0.0432054929528723,0.0375143989437746,0.0380996268165877
"2008-10-31",0.00853249903737113,0.00859108902294098,0.00842380075943688,0.00599400644837378,0.0061520812538806
"2008-11-03",0.0470998391513639,0.0470819846237198,0.0461786678163721,0.0431193019899274,0.0434390884399998
"2008-11-04",0.00491920517727561,0.00484517251745566,0.0050877422288393,0.00572540112555395,0.00572835933436924
"2008-11-05",0.00237365099110911,0.00234423475109656,0.00233448768668507,0.00265972319922365,0.00261600718326224
"2008-11-06",0.00752062245469369,0.0075029436003158,0.00708116127426687,0.007290990097174,0.00717173739161823
"2008-11-07",0.00090032715627731,0.000928801837244488,0.000946022038802173,0.00068054059948721,0.000738591993153831
"2008-11-10",0.00236528338167762,0.0023786890027116,0.00216708030564131,0.00179751359087255,0.00176729945620205
"2008-11-11",9.89134543338096e-05,9.91720089764788e-05,0.000163924048744156,0.000206816093231001,0.000232576277668208
"2008-11-12",0.00965234062063245,0.00972113393036643,0.00940832781376593,0.00782852633675637,0.00787696193883682
"2008-11-13",0.0802791590852412,0.0801904393248473,0.0809805234204809,0.0871546507173988,0.0872060497176766
"2008-11-14",0.0037262463184625,0.00387430987451004,0.00357945907648062,0.000888864378672071,0.000897374283568097
"2008-11-17",0.00223462087447389,0.00235632801469158,0.00191994646122963,0.000717919061353763,0.000721406450253833
"2008-11-18",0.00548310450577459,0.00554145691905456,0.00487594954586965,0.00368283593860043,0.00384403321240091
"2008-11-19",0.000123021809747238,0.000137697198729955,9.08925536209707e-05,5.49162703438914e-06,4.32396620517563e-06
"2008-11-20",0.0595852201681772,0.0593095886824692,0.0599305570894338,0.0656706489370607,0.065487834961793
"2008-11-21",0.0011170293083986,0.00099810585204827,0.00142797663067008,0.00281214168166841,0.002825075412785
"2008-11-24",0.0178716520417936,0.0185558515583404,0.0182920511227771,0.0135616186111588,0.0139651422955213
"2008-11-25",7.05130085971952e-06,8.24577756169279e-06,4.91696044943165e-07,0.000203318619650637,0.000196158545242553
"2008-11-26",0.0260928151532661,0.0260493746054588,0.0247402291266371,0.0210397520781579,0.0206987156476735
"2008-11-28",0.0232059944406638,0.0233263464930149,0.0245374238744301,0.0250222746035525,0.0248009941953736
"2008-12-01",0.00227985743957633,0.00214449370690561,0.002698649567583,0.00183875690670653,0.00171483423906755
"2008-12-02",0.0144812719627956,0.0145083039279736,0.0139443345329554,0.0153973268625866,0.0155890708897255
"2008-12-03",0.000656152510849938,0.000610265307564981,0.000450317049235164,0.000983392276988337,0.00100674639419786
"2008-12-04",0.000601138015741991,0.000674825801075077,0.000660028627965996,0.00030935947697197,0.000323866328767425
"2008-12-05",0.000845137025352866,0.00087777885325774,0.000880327495751073,0.00059752325948802,0.000615227048666851
"2008-12-08",0.0195788566786631,0.0198602715141992,0.0190668749999212,0.0190328807383033,0.019453006934749
"2008-12-09",0.00032574544326196,0.000326670777832649,0.00037233261786803,0.000388879294543307,0.000422487105149717
"2008-12-10",0.00566235072431986,0.00569537701066017,0.00617369780629314,0.00611162744157001,0.00628720437286866
"2008-12-11",0.000265821913531685,0.000276965710087025,0.000451238860403369,0.000287644683693501,0.000286983506226589
"2008-12-12",0.00519618848905312,0.00518394336109116,0.0046568252610661,0.0045788582845578,0.00460445866444586
"2008-12-15",0.0225605367733809,0.0228544182559433,0.0228545203788267,0.0209900162293926,0.0209341345178323
"2008-12-16",0.000377635924255993,0.000407218619408137,0.00047967005651269,0.00045877938625172,0.000401462982381741
"2008-12-17",0.00887729995229269,0.00897178936157707,0.00901930095807712,0.00808943356110896,0.00805273019221828
"2008-12-18",0.00888309875506928,0.00883404760955344,0.00876666220632435,0.00866010815630564,0.00862597396348796
"2008-12-19",0.0100053171719545,0.00991174581230429,0.0101371498781382,0.00968519768081674,0.00952954836691072
"2008-12-22",3.61621763854663e-06,2.83980081466634e-06,6.70123790862803e-07,1.27745015218395e-05,1.27512224578407e-05
"2008-12-23",0.00196891501696611,0.00195067165136147,0.00183285335297655,0.00202100018181646,0.00205006655399448
"2008-12-24",0.00355544522698758,0.00346587466568967,0.0031714224833558,0.00367407824449787,0.00367825291356038
"2008-12-26",0.0197971185242514,0.0195393743267116,0.0193413055718878,0.0254152180577584,0.0246118321821938
"2008-12-29",0.00101175367417001,0.000935426795586616,0.00125640820790522,0.0018603789435061,0.0018920244887526
"2008-12-30",0.022876722143641,0.0229114604724315,0.0214976648027428,0.0209788830193278,0.0211542360247333
"2008-12-31",0.0200576515875406,0.0198285180730418,0.020612153349839,0.0217261822779453,0.0217393198975247
"2009-01-02",0.000377087466056083,0.000380428016384743,0.000443138116082987,0.000525947418591697,0.000510648085374244
"2009-01-05",0.00571769558476686,0.00581790604130694,0.00570991813799698,0.00601149545309131,0.00598833525718713
"2009-01-06",0.00604774433882021,0.00614137257935082,0.0067780224463091,0.00703393997943313,0.00696225764852573
"2009-01-07",0.00350758749976994,0.00346250576535217,0.00330213068285061,0.00332465096451554,0.00329896180651107
"2009-01-08",0.000132735483359376,0.000130325043006356,0.000110022267921693,9.54055419799281e-05,0.000100352988812614
"2009-01-09",0.0016160610627685,0.00161970922683022,0.0018962603148151,0.00202017722545903,0.00202306906766485
"2009-01-12",0.00249532560323575,0.00251040554036852,0.00258372854788626,0.00266263288248264,0.00265969375808892
"2009-01-13",0.00327457874449723,0.0033933701759001,0.00362005316989473,0.00362493766193561,0.00363911205950836
"2009-01-14",0.00226238455862863,0.00225910674283993,0.00209003246968707,0.00179091357369933,0.00177881932514959
"2009-01-15",0.0158732609510577,0.0157435436968774,0.0156069597880109,0.0161258432855014,0.016212135133424
"2009-01-16",0.000625063395553597,0.000592422361836471,0.000599456874769508,0.000944716661038367,0.000938684388453168
"2009-01-20",2.26314349238585e-05,1.84916978886628e-05,1.43521160539251e-05,6.19278083450347e-05,5.41843859135124e-05
"2009-01-21",0.00364146570021868,0.00375663573690989,0.00344364289538497,0.00268121179115804,0.0026778024610919
"2009-01-22",0.010030790836762,0.00997996537944088,0.00975285107272385,0.0108072566268498,0.0105679430148191
"2009-01-23",0.00294264707516317,0.00304826338670387,0.00277578821905045,0.00242675237540867,0.00246850800277871
"2009-01-26",0.0165957889345822,0.0167484957464474,0.0165761817027342,0.0144440732752341,0.0144880626964873
"2009-01-27",0.0194353606591413,0.0193306236141471,0.0182226454445675,0.0166679451762337,0.0165741964108932
"2009-01-28",0.000896788091282726,0.000915557749092072,0.000855694445192832,0.000609885299764143,0.00060790619099418
"2009-01-29",0.00353936437802689,0.00357739298435528,0.00383878567417506,0.00358259450563742,0.00364882564143784
"2009-01-30",0.000397337658287689,0.000406503787040083,0.000473985105147354,0.000515402695106664,0.000537237359444357
"2009-02-02",0.000508689957965443,0.00046806699841734,0.000363222228952985,0.00043542306671667,0.000468624765920869
"2009-02-03",0.00074232071382867,0.000739923667519951,0.000873890836740945,0.000813846137467602,0.000797633067580844
"2009-02-04",0.00123608917050499,0.00119889106617424,0.00128046298318133,0.00114808372006808,0.00114058576971574
"2009-02-05",3.0496839210739e-05,3.20843653699977e-05,3.98055357559177e-05,3.0229316573009e-05,1.56998704744376e-05
"2009-02-06",0.00748272502592298,0.00745918312208711,0.00719833419020298,0.00637698972440211,0.00635500451965619
"2009-02-09",0.000159377241813999,0.000154278371642184,0.000145357121500466,7.49797692127283e-05,7.79090885510555e-05
"2009-02-10",0.0219319619630784,0.0220041191845364,0.0215624101189642,0.0211378563309639,0.0213360357841238
"2009-02-11",3.12041664667256e-05,2.51438216215524e-05,1.32156184124182e-05,3.89797262079455e-05,3.56697266493884e-05
"2009-02-12",0.000539840309310948,0.000598591592037414,0.00058673102048451,0.000629052873243653,0.000600916980880414
"2009-02-13",0.011447824838717,0.0115068305035019,0.0114855181320445,0.0112786784654583,0.0113512426582438
"2009-02-17",0.000904590646035169,0.000884975574021694,0.000755744332582346,0.000909943437309681,0.000905356616891491
"2009-02-18",0.000206737734999524,0.00019067331660547,0.000169535958536103,0.000191434615174028,0.000188316881348273
"2009-02-19",0.00168354680205282,0.00169865560965397,0.00190930734956776,0.00152534564385017,0.00151898750793121
"2009-02-20",0.000912512172554042,0.000925544312432643,0.000896270533747076,0.00121736022829926,0.00129403436379762
"2009-02-23",3.51668719172538e-07,1.25145645150423e-07,9.36772949062525e-08,2.84602468602722e-05,2.91082440970156e-05
"2009-02-24",0.000319890721421443,0.000330477696443009,0.000362755739417214,0.000224544967331686,0.000212100522381408
"2009-02-25",0.00342089502843093,0.00341986625423324,0.00344516728804098,0.00409126877714497,0.00408822885465544
"2009-02-26",0.000609821606619862,0.000614065093307791,0.000606352691846433,0.000292837084061483,0.000308516286771863
"2009-02-27",0.00435551487451244,0.0043388963120803,0.00452315647030826,0.00552799313842445,0.00559643905602367
"2009-03-02",3.39766285759821e-05,4.03902956669753e-05,9.84550870182941e-06,9.61216406181822e-07,1.00217103728596e-06
"2009-03-03",0.000471839115160857,0.000462355716360145,0.000506240038616592,0.000706970989000146,0.000710388376237929
"2009-03-04",0.00887577638723087,0.00893278214760606,0.00879482905116299,0.00862594205534378,0.00866312041130805
"2009-03-05",0.00131171212938279,0.00129751529193843,0.00124552965567807,0.00159625826823165,0.00159860437807502
"2009-03-06",0.011209091839155,0.0111400180156566,0.0110133857161058,0.0111480963458637,0.0111858701452837
"2009-03-09",6.03669361962801e-05,5.86909609145435e-05,6.44122715482791e-05,0.000105715698343236,0.000119147899062628
"2009-03-10",0.0104522306248874,0.010431344592154,0.011165424370684,0.0103396898694059,0.0102926991424607
"2009-03-11",0.00185871930562887,0.00186432649692912,0.0019403215662917,0.00166770266480886,0.00166016181455524
"2009-03-12",0.000717306670287697,0.000711021319579436,0.000643791190070215,0.000281045788252866,0.000273285716791744
"2009-03-13",0.00312119012080893,0.00313998372314797,0.0029312007473568,0.00228126172526093,0.00228915886989991
"2009-03-16",0.000340099694791448,0.000344304731432678,0.000300272256709929,0.000531533193026619,0.000521459852320846
"2009-03-17",0.00269121432495897,0.0026429324198626,0.00274980478131346,0.00196765045345324,0.0019455532535
"2009-03-18",0.00537037538870293,0.00541878154210758,0.00538989955778341,0.00589767514949639,0.00587128730847849
"2009-03-19",0.00176050979015568,0.00179288996408305,0.00169806298757237,0.00156863680792774,0.0016202117790374
"2009-03-20",0.0213271481904068,0.0213086169636223,0.0211075514589193,0.019646361566336,0.0195637181064849
"2009-03-23",1.06783219378054e-05,8.44181282871638e-06,2.70944376903412e-06,1.35065126740877e-07,1.32368389335171e-06
"2009-03-24",0.000502987923520139,0.000517978932351661,0.00058306835398794,0.000688741418659127,0.000708628736557734
"2009-03-25",0.000478075357402192,0.000493779587414673,0.000455213207187697,0.000726625046585179,0.000706457362331193
"2009-03-26",0.00412020545462223,0.00418045733142342,0.00417963735403729,0.00389579019341887,0.00389782039865815
"2009-03-27",0.00550648888883979,0.00556174640282103,0.00547221658660091,0.00558829479451986,0.00556468638584958
"2009-03-30",0.0010684844633306,0.00105464478521885,0.00098993229480057,0.0011523669485768,0.00118197706583617
"2009-03-31",0.00338978864081059,0.00335247746949089,0.00334761745465839,0.0036957602110823,0.00371679133087983
"2009-04-01",0.000827116064096572,0.00080988420347632,0.000810335829855057,0.000856309755764582,0.000881926337852599
"2009-04-02",0.00028596306716919,0.000282190194793445,0.000319539959523272,0.000333375431394594,0.000334932787600265
"2009-04-03",0.00249991480429571,0.00249872229454079,0.0024555090334598,0.00262848341296973,0.002688472465808
"2009-04-06",6.38089841324756e-05,6.11510061039805e-05,7.9281520998982e-05,4.91447420861205e-05,4.06877704896321e-05
"2009-04-07",0.00429711132288612,0.00429348611102213,0.00443897940918899,0.00469329926816728,0.00479454372941249
"2009-04-08",0.00116663514307374,0.00116985140051784,0.00122512775052079,0.00128649563673122,0.00129900820244036
"2009-04-09",0.0076079607648556,0.00759077094496604,0.0074421208425922,0.00771167385787791,0.0076931684229943
"2009-04-13",6.44637361517187e-06,5.98579523854763e-06,5.12859907170759e-06,1.0972311912181e-05,9.13272967770522e-06
"2009-04-14",2.94777329850293e-06,2.94731172861159e-06,6.61366934688483e-06,2.58841645107439e-06,8.92280426744354e-06
"2009-04-15",8.65817528765085e-06,6.29822525880266e-06,3.4081604534031e-06,2.28378402568729e-05,2.52902724006179e-05
"2009-04-16",0.00126450333520965,0.00126206594583204,0.00128410904049556,0.000976258256046858,0.000951473299983349
"2009-04-17",0.000294257934460614,0.00029434203155083,0.00029422936542975,0.000243745666492549,0.000231090647865265
"2009-04-20",1.12362166363227e-06,1.5280989200469e-06,3.56702757026644e-07,2.79074116344848e-06,3.68276871258878e-06
"2009-04-21",0.000159167899873131,0.000151377880685227,0.000143039944753156,0.00016796098975921,0.000174388596052994
"2009-04-22",0.000208082447002292,0.000217395617841631,0.000224905287732461,0.000382941549952233,0.000409343420015811
"2009-04-23",0.0138356778025866,0.0139379825730618,0.0141850343416853,0.0154140109427982,0.0153262639371223
"2009-04-24",0.00224117238212454,0.00216048025625393,0.00214982127167615,0.0019510905115025,0.00196047393176995
"2009-04-27",0.00510778135521832,0.00480567874229658,0.0043196179951471,0.0041364845194635,0.00408440568976309
"2009-04-28",0.00235794264504776,0.0022991025823427,0.00235032569546516,0.00256371537141648,0.00256984271694476
"2009-04-29",0.000208957510819929,0.000211694939916514,0.000268298539423035,0.000318988569785833,0.000320744464554896
"2009-04-30",0.000610903974679251,0.000636904489919787,0.000692523306036778,0.000883676265971601,0.000881287730336046
"2009-05-01",0.00428565535487979,0.00426469298455004,0.00394839437925041,0.00402778825717804,0.0040215223497305
"2009-05-04",0.00234628536781754,0.0023852879076523,0.00255821630471875,0.00240022835825943,0.00239359532289375
"2009-05-05",0.000437541235930284,0.000454195316651859,0.000447479341492944,0.000416432457973146,0.00041501250209613
"2009-05-06",0.00270965322637388,0.00268919615242691,0.00259543466835658,0.00266281207367056,0.00266440873576843
"2009-05-07",0.000239003705025739,0.00024086801733559,0.000227528274518198,0.000364904154474533,0.000366800911927718
"2009-05-08",0.00591551153239594,0.00589939428813773,0.00595861698886454,0.00676605227510678,0.00677057196339462
"2009-05-11",0.00523517162210149,0.00536008092611854,0.00510930389307945,0.00490882600432763,0.00490671545863089
"2009-05-12",0.000291254229033777,0.000294403864704923,0.000337051069605916,0.000203618961749948,0.000205593555068728
"2009-05-13",0.000286506119549,0.000348166640147578,0.000241498435444146,0.000237575568964784,0.000237069798906972
"2009-05-14",0.00131742752667663,0.00131357576129289,0.00140502073934085,0.00151854754697254,0.00151970978859367
"2009-05-15",0.000276508994904037,0.000280242698038156,0.00030987698190709,0.000279137728470047,0.000278784619616851
"2009-05-18",0.00104186088041932,0.00104983824834388,0.00104346878500464,0.000961821019631311,0.000962194651923253
"2009-05-19",0.00425086865690571,0.00428917308302907,0.0044705346331042,0.00505434052545119,0.00503866474112579
"2009-05-20",0.00225015706043055,0.00219215588318214,0.00217447079828461,0.00207041755184472,0.0020818551003697
"2009-05-21",0.000312035721384779,0.000310072355167084,0.000355219497465126,0.000300198432163388,0.000298629478209228
"2009-05-22",0.00141911633869896,0.00144684276222478,0.001397322029425,0.00142598126477197,0.00142567273509014
"2009-05-26",0.000224885929550879,0.000229382592826109,0.000238360846604463,0.00034141464800344,0.000340620766435559
"2009-05-27",1.42776623558661e-05,1.49617522476791e-05,1.28158647965292e-05,2.43416800357934e-05,2.42541273939801e-05
"2009-05-28",1.91915134721036e-05,1.90762321858473e-05,1.19370869034947e-05,4.33690357712575e-05,4.33966603292974e-05
"2009-05-29",0.00920209564894151,0.00913502855936475,0.00906562354662725,0.00997984770678235,0.0099793873304495
"2009-06-01",0.00115826362046261,0.00113578674224452,0.00115983288494185,0.00129744117359641,0.00130290257569605
"2009-06-02",0.000276888765830571,0.000277339690213406,0.000275627026413151,0.000319036916364511,0.000318590935726467
"2009-06-03",0.00143738106325188,0.0014611994316541,0.00152394482215416,0.00164795327155702,0.00164822422353272
"2009-06-04",0.000960435364390229,0.000967981809893496,0.000800584412896843,0.000983066501738936,0.000984566211429387
"2009-06-05",0.000824048179429216,0.00081799771884507,0.000761281793193825,0.000505653315686322,0.000505759181217578
"2009-06-08",0.0065791581842085,0.00661470063198402,0.00670253158901293,0.00628425075899171,0.00628103985051695
"2009-06-09",0.00103797179133886,0.00104725347348558,0.00116848450312484,0.00142383454243844,0.0014239139963516
"2009-06-10",0.00131939185101605,0.0013376613829235,0.00138890671106723,0.00159539777459879,0.00159607476513781
"2009-06-11",0.000110834522828587,0.000107493102372733,0.000121035914056431,7.1444624867161e-05,7.13226619185057e-05
"2009-06-12",0.00753851403653271,0.00759970878206146,0.00749864186901529,0.00768236116328462,0.00768148741282855
"2009-06-15",0.000299920882753104,0.000301941058003916,0.000314549825320354,0.000176466956121883,0.000173892060004347
"2009-06-16",0.000533412959417268,0.000539021145071943,0.000633952706653036,0.000737904974032259,0.000740546266774342
"2009-06-17",0.00317823857805507,0.00317217036955064,0.0031356786322446,0.00303938660196472,0.00303731203058838
"2009-06-18",0.00194811136237663,0.00195803307883515,0.00204267937686438,0.00208519763746386,0.00208419792346761
"2009-06-19",0.00402148767966333,0.00399711927438784,0.00395380175072936,0.00419468464241177,0.00419473912650743
"2009-06-22",0.0048053656262757,0.0048006042457142,0.0049102922710188,0.00436721477072374,0.00437347952887562
"2009-06-23",0.000945635736472532,0.000933278071924209,0.0010072303885706,0.00078661256723556,0.000790324842698107
"2009-06-24",0.00162848130123632,0.00164457513771169,0.00186320773087127,0.00168587515133517,0.00167349610223459
"2009-06-25",0.00146729332398657,0.00146609027410248,0.0015540522264992,0.00145951447501086,0.00148470785410942
"2009-06-26",0.00665305456754872,0.00665663486185247,0.00703059939572268,0.00705580681549363,0.00704012138666668
"2009-06-29",6.80835885841402e-05,6.69350178874094e-05,8.27494688918038e-05,9.42367734140047e-05,9.3590825695548e-05
"2009-06-30",0.000324306686044845,0.000329496320113261,0.00039250366478816,0.000479765792055865,0.000475855201796448
"2009-07-01",0.0017853240019744,0.00179150469912526,0.00186073317317394,0.00196942040212908,0.00196295072957732
"2009-07-02",1.19482880752196e-06,1.04455621374428e-06,2.14153020988635e-07,6.5015412376706e-06,6.2366468839045e-06
"2009-07-06",0.000734651799753717,0.000725606076335876,0.00068039678699099,0.000550065139645908,0.000554923228099721
"2009-07-07",0.000237679791765369,0.000239126652765616,0.00027087290908012,0.00024813746369666,0.00025112343476903
"2009-07-08",0.00698623478174178,0.00696443930219862,0.00690263187411575,0.0069027703656144,0.00687903740881909
"2009-07-09",0.00019196420037967,0.000193633882462128,0.000116838360310178,6.34478342209433e-05,6.7263447710436e-05
"2009-07-10",0.00145476191443877,0.00146223058213798,0.00130201189335976,0.00139865863375449,0.00142408877458715
"2009-07-13",0.000116909168341569,0.000114881200295228,9.82190560959808e-05,0.000143604409354197,0.000146674533949857
"2009-07-14",0.000514053695581912,0.00050622968651394,0.00062324256056416,0.000681264453925545,0.000677015728447218
"2009-07-15",0.00641171802644093,0.0064234063957312,0.00668813631981813,0.00670595025887751,0.00673269704159559
"2009-07-16",4.86894032379791e-07,4.16364794483019e-07,1.08739527636004e-06,3.69870894290808e-07,1.64710156763716e-07
"2009-07-17",0.0029603701292043,0.00298930500527176,0.00290688188375962,0.0027114962082128,0.00271771500577832
"2009-07-20",0.00376854080288881,0.00376965103886938,0.00387785504146405,0.00392965681949637,0.00395895291453236
"2009-07-21",2.44183343621515e-05,2.39906584853861e-05,7.55500633974875e-06,3.96752753267998e-06,4.43775880368091e-06
"2009-07-22",0.000335794848678257,0.000346856458978819,0.000260339181922848,0.000254441060499,0.000277217511611921
"2009-07-23",0.000246058600740709,0.000263839514154068,0.000295372887615256,0.00029561871014335,0.000264346613878156
"2009-07-24",0.000797757975681528,0.000798296958469571,0.000729012717323204,0.000714635751378981,0.000698381135427687
"2009-07-27",1.53241747917496e-05,1.69638517575881e-05,1.29623721542146e-05,2.29358793163985e-05,1.69165897595852e-05
"2009-07-28",0.00091244032158528,0.00091447435612845,0.000914921764731201,0.00103707784552482,0.00104718926248555
"2009-07-29",0.000623157557334741,0.000624814334569139,0.000519851143289007,0.000559693550590986,0.000566272156513011
"2009-07-30",0.000553316578148278,0.000553201271614532,0.000553282145390118,0.000594036972109129,0.000586723111203032
"2009-07-31",0.000322504666287307,0.000321143191019525,0.000306931806991553,0.000315587505903295,0.000301595586058861
"2009-08-03",8.1734869733703e-05,8.17743206364196e-05,9.10023591757104e-05,0.000119665270512863,0.000118618414313628
"2009-08-04",0.00273754730911475,0.00273665375858765,0.00276645137831866,0.00290813105961047,0.00289643344447687
"2009-08-05",0.000285358768366703,0.000285196022236483,0.000278288389343793,0.000268440867481853,0.0002663915199095
"2009-08-06",8.04220798331355e-05,7.91164188559599e-05,9.61528733229811e-05,7.75165505876186e-05,8.50760231260355e-05
"2009-08-07",0.00129477437055644,0.00129020602183192,0.0012649714290503,0.00122674542055328,0.00123860425009612
"2009-08-10",0.000182422769624253,0.000182372564125967,0.000184185750088099,0.000181397669152819,0.000174523223126191
"2009-08-11",2.25562039890885e-05,2.22986187099237e-05,4.19544476394117e-05,4.22317824252152e-05,4.31339593438053e-05
"2009-08-12",1.4429189756495e-05,1.49819062710225e-05,6.82027814640836e-05,6.68057249482701e-05,6.28587221528168e-05
"2009-08-13",0.000455474679205516,0.000457060690733458,0.000431717809197353,0.000432459471588773,0.000439417974122667
"2009-08-14",0.000872355169539003,0.000878408008579884,0.000692936515450698,0.000723633593538921,0.000720442155879595
"2009-08-17",2.04805973659479e-08,2.48564003664588e-08,1.11236199972525e-07,3.537100466896e-08,3.82745491470952e-07
"2009-08-18",0.00022530177550024,0.000226651479476645,0.000273352384878647,0.000266808511885434,0.000269116659091868
"2009-08-19",5.15578646143339e-05,5.16049272283553e-05,8.44948403350949e-05,8.7687587150516e-05,9.32227631788522e-05
"2009-08-20",0.00307691747860347,0.00307690707623732,0.00311874080302822,0.00317483109717633,0.00318769431857749
"2009-08-21",0.000263556250960523,0.000264064210274139,0.000303492488812381,0.000309143700432684,0.00032090180284162
"2009-08-24",0.000171954836426572,0.000171132896729946,0.000197389405443182,0.000195780689917483,0.000185223780936177
"2009-08-25",2.7556680283469e-05,2.88971237673504e-05,3.44243851500252e-05,3.25800065385094e-05,2.81863351908252e-05
"2009-08-26",4.11374193645801e-05,4.27437335108112e-05,2.5830398636168e-05,2.47270196560106e-05,2.62449643083084e-05
"2009-08-27",0.00257913099196892,0.00257900398423158,0.0024886178736083,0.00247891935649996,0.00249335519357212
"2009-08-28",7.80506187159642e-06,7.74957218124379e-06,1.9291419175813e-07,3.72342513716976e-08,1.52940122989752e-06
"2009-08-31",0.000121943335827836,0.000121911919797598,0.000157575656665021,0.000159514122886896,0.000156994668127497
"2009-09-01",0.00116946459363148,0.0011677980522833,0.00119171042375538,0.0011601771367103,0.00115120253611335
"2009-09-02",8.56245260276099e-06,7.99328959715458e-06,8.03415878824461e-06,7.50309072904383e-06,5.71147486881559e-06
"2009-09-03",0.000737591729266335,0.000735236321298026,0.000778672846140766,0.000765943833896422,0.000771829444785189
"2009-09-04",0.00380347153789921,0.00380335298347372,0.00402578160844119,0.00404933078592395,0.00405706838308013
"2009-09-08",0.000357750506493935,0.000358775398634291,0.000416419850625463,0.000419430040699869,0.000409502730964939
"2009-09-09",0.00727234503121613,0.0072683904923805,0.0070821913774441,0.00709451163194542,0.00709569279055412
"2009-09-10",0.000236484325381827,0.000241071119125814,0.000266567436108177,0.000266214700303058,0.000285606049897897
"2009-09-11",0.000755804940348629,0.000762581620619166,0.000932852829562451,0.000925667422894333,0.00095196312613505
"2009-09-14",0.00128917247812884,0.00127297470054522,0.00145908846371333,0.00144838156865264,0.00149975731351348
"2009-09-15",0.000834806442008742,0.000843788664494685,0.000931419816098758,0.000925208657495915,0.000926606256496266
"2009-09-16",7.6538819239099e-05,7.60464718654315e-05,6.52697517305072e-05,6.30575446394225e-05,5.60892729988643e-05
"2009-09-17",0.00124499818709587,0.00124282113476913,0.00119700837615246,0.00119409469882679,0.0011920107810955
"2009-09-18",0.00125168041358965,0.00125765103474772,0.00150793114927077,0.00151179597580898,0.00149660795946517
"2009-09-21",3.3763934321553e-06,4.20990629089866e-06,7.18305516912275e-06,7.35920752048253e-06,7.56797166720524e-06
"2009-09-22",0.000238591728141712,0.000237377692977408,0.000217856093471121,0.000212794322967803,0.000210319066072779
"2009-09-23",0.00192551255326891,0.00190503870739142,0.00199170217901925,0.00199683185441996,0.00196592725593794
"2009-09-24",0.00182827706261026,0.00181776747654864,0.00175347896166202,0.0017647844193088,0.00175900840605655
"2009-09-25",0.000541181711175043,0.000546200846167054,0.000468311287692318,0.000468725232159155,0.000447457209755718
"2009-09-28",0.00584858060700144,0.00581932012384379,0.00653703725513991,0.00656339586272083,0.00653244810729362
"2009-09-29",5.34710645072777e-05,5.05224000221592e-05,2.66438543554356e-05,2.62553958111939e-05,2.33029447979457e-05
"2009-09-30",0.00310296850381396,0.00311281155084468,0.00302035573898336,0.00301653633299385,0.00305961509435979
"2009-10-01",0.000136651788567235,0.000135002785458399,0.000193434490315378,0.000197294989317542,0.000190055473584745
"2009-10-02",0.000320116781604717,0.000316313656262241,0.000325512994490437,0.000325922694811134,0.000315337675458069
"2009-10-05",0.00151116532701228,0.00150633185828851,0.0016262536066854,0.0016541071885896,0.00163036566611483
"2009-10-06",0.000413596335826604,0.000397787965026115,0.000442522555803206,0.000473506812349222,0.000509631093067849
"2009-10-07",0.000471355834853161,0.000467440372495877,0.000505845267623952,0.000511207041795432,0.000453262732553383
"2009-10-08",7.77030506440958e-06,1.18708962571425e-05,4.20307544028245e-05,4.42415826116242e-05,4.12042982597969e-05
"2009-10-09",0.00244271296971247,0.00245736742517663,0.00260950484305021,0.0026731347968043,0.00274265783893321
"2009-10-12",6.31485628357165e-05,9.69959866895924e-05,0.000127854842064448,0.000124948706972026,0.000130597577924009
"2009-10-13",0.000576216507096803,0.00061364894541065,0.000698176321397041,0.000703841473320677,0.000811019484968764
"2009-10-14",0.000201241895195929,0.000205465916697393,0.000254898683442701,0.000256640928411646,0.000269147378996456
"2009-10-15",0.00138641593972496,0.00139386124119488,0.00141562746605033,0.00142624615725043,0.00141930810097855
"2009-10-16",0.00102110829187703,0.00100509077002877,0.00097623322553795,0.00102033982574317,0.00105238363298348
"2009-10-19",0.00464377410629829,0.004702756716667,0.00452930920741564,0.00447873358925529,0.00471947769949813
"2009-10-20",0.000583058254617925,0.000514038771522102,0.000577228326091636,0.00053540177822487,0.000510330403424714
"2009-10-21",0.000838507984143092,0.000818053878223834,0.000724793964673002,0.000683613510648123,0.00079501725395485
"2009-10-22",0.000342095956593929,0.000290494728896329,0.000375928649663213,0.000377382959833818,0.000455605977714854
"2009-10-23",0.00173428855552286,0.00159699858950585,0.0011928017768826,0.00118209469404582,0.00115564811299006
"2009-10-26",0.000262930276227386,0.000380421613090264,0.000371103086703994,0.000415864641880676,0.000350918136909858
"2009-10-27",0.00337931263969246,0.00351001221702732,0.00361251299205726,0.00362825792236254,0.0036611629243367
"2009-10-28",0.00323222843915939,0.00325113328281844,0.00318254166908112,0.00312303238425766,0.00298794058866478
"2009-10-29",0.00702443631896923,0.006738681317873,0.00715446359432918,0.00737326836191572,0.00750198908356646
"2009-10-30",0.0056187196308421,0.00553032274016884,0.00520101517920666,0.00518529210481091,0.00507860061223654
"2009-11-02",0.0134894520527629,0.0138367969687763,0.0143812884379252,0.0143592102401364,0.0144219947088263
"2009-11-03",0.00208863614435516,0.00197448931991683,0.00242504909638098,0.0023932595548696,0.00221811776198702
"2009-11-04",0.00377323327543704,0.00383230292242882,0.00433826370906787,0.0042129424174137,0.00416612118634508
"2009-11-05",0.00769817528327284,0.00759087062793474,0.00779446644620492,0.00785710408826733,0.00769012569121777
"2009-11-06",0.000265585618789465,0.000337870412881674,0.00037397223545186,0.00036778554970949,0.000379165249846497
"2009-11-09",0.0023247384869796,0.00243650679395284,0.00245137280186674,0.0024400964868012,0.00238482462881696
"2009-11-10",4.95778653407367e-06,8.73299723988908e-06,3.88142441692893e-05,4.05479966577146e-05,6.2236946344889e-05
"2009-11-11",3.48831362595582e-07,2.61614912529875e-06,1.98734108517224e-05,2.02533183477318e-05,7.45528675084059e-06
"2009-11-12",0.000315517434623795,0.000358533455696381,0.000497249929975752,0.000492309638792203,0.000585040247498299
"2009-11-13",0.000518347876159248,0.000550835551362685,0.000553056051353484,0.000565577228143869,0.000628342214961719
"2009-11-16",0.000383378444437358,0.000369618381644764,0.00048602696695173,0.00051224611183881,0.000485091388980947
"2009-11-17",9.98794063261199e-05,0.000105311820999145,0.00017313878764428,0.000159746596151165,0.000149268394445374
"2009-11-18",0.000136514655882811,7.45517359674514e-05,3.32839617808058e-05,3.74366207523477e-05,5.0212551485954e-05
"2009-11-19",0.000497471131742368,0.000400218362321624,0.000302285957418528,0.000273914986603332,0.000265723683557596
"2009-11-20",0.00153463718439795,0.00158576753006238,0.00188734681105936,0.00188900500416596,0.00202197023573296
"2009-11-23",0.000825671535801127,0.0008395384906613,0.0009642382788869,0.0010554361735703,0.00109648653912508
"2009-11-24",4.77670491111807e-05,7.51520555879778e-05,9.95635448382402e-05,0.00010403283687282,0.000142370682997824
"2009-11-25",0.00176834841176302,0.0016386821630083,0.00172807584169233,0.0018193290385741,0.00181547571152247
"2009-11-27",0.0081950120254701,0.00795881587695646,0.0077553374818373,0.00766762446712233,0.00765806485256122
"2009-11-30",0.000407031509188455,0.000278451659220234,0.000232429965950815,0.000226748086944412,0.000184108505836864
"2009-12-01",0.000617786851760236,0.000586210417755303,0.00101882507202584,0.000993109722002441,0.000923432305405477
"2009-12-02",0.00128398833440915,0.00121332723976306,0.000858362656848954,0.000855099409905327,0.00091488853453208
"2009-12-03",0.000106878932121643,6.96811974432983e-05,1.92138598404165e-05,2.16404259927965e-05,1.94992245568799e-05
"2009-12-04",0.0088266414219426,0.00819008859238396,0.00792834493982836,0.00788583874684994,0.00767110730548189
"2009-12-07",2.91011544086832e-05,2.80276622107129e-05,8.71065661077357e-06,9.64681980487386e-06,3.89412310223948e-06
"2009-12-08",0.000699057718305762,0.000973917315672544,0.00127279472751697,0.00133279353801071,0.00146704482099941
"2009-12-09",0.00122275632729102,0.00127828094766834,0.00158628932688653,0.00161618394353942,0.00155149844362014
"2009-12-10",3.41504370691381e-05,2.20198238232816e-05,5.86584274605863e-06,6.66022835287338e-06,2.04171125064218e-07
"2009-12-11",0.00166610675551132,0.00214508094033327,0.0019988742516722,0.00206063607408455,0.00188468623689882
"2009-12-14",0.00010792249705369,8.54952809436739e-05,5.29561528533491e-05,3.99559794860813e-05,3.68382331006445e-05
"2009-12-15",0.0011450257360513,0.0013664040682457,0.00143496080824474,0.00146471068873713,0.00157131474301095
"2009-12-16",0.000590975274172522,0.00064333805177377,0.00070792186474511,0.000691487254261267,0.000653132400665431
"2009-12-17",0.00036151144062485,0.000255537393194681,0.000320302981083356,0.000339009495152985,0.000401300411696145
"2009-12-18",0.000255833367800806,0.0002621118118911,0.00025966771256877,0.000258819234033465,0.000268159620545289
"2009-12-21",6.37931683986943e-05,5.52942349840086e-05,6.02483908403234e-05,5.96625721374936e-05,4.69812206050393e-05
"2009-12-22",0.00131684727497982,0.00163148816068963,0.0016127746972497,0.00163505725637725,0.00152618575254291
"2009-12-23",0.000754042258279583,0.000927704015920127,0.000916841018254761,0.000907833808564431,0.00094811384954551
"2009-12-24",0.00189738661486366,0.00165286075304719,0.00155159151711187,0.00155957682839839,0.00134741243677654
"2009-12-28",1.27395850680362e-05,0.000101077641993918,9.25528329148532e-05,8.81566908952953e-05,0.000119636249132113
"2009-12-29",0.000111224403704564,0.000175945789007793,0.000271771148613925,0.000278755098163236,0.000367185413436944
"2009-12-30",0.000157761766261094,0.000314634661933172,0.000503702619612974,0.000502753521560748,0.000712757856886731
"2009-12-31",0.00127996650672948,0.00135028974846536,0.00159752416477522,0.0016712213840913,0.00185037787290969
"2010-01-04",9.22476882218343e-05,0.000111161284828008,0.000156895679451138,0.000164699691845666,0.00017413091001853
"2010-01-05",7.40339922954662e-05,8.34325665029293e-05,5.9832851169547e-05,6.41165249600998e-05,8.81815502135959e-05
"2010-01-06",0.0011572242784827,0.00111587293474984,0.0012252984612892,0.00123938456326562,0.0013085531279676
"2010-01-07",0.000223441805446254,0.00022001212891468,0.000191720792987526,0.000179035727227734,0.000246494331570074
"2010-01-08",0.000453684967249917,0.000327198600078183,0.000265457729175779,0.000280267965309277,0.000222002174139705
"2010-01-11",2.61547929121069e-05,5.35011763582512e-05,4.87101865656182e-05,4.92991951721649e-05,3.33670909076072e-05
"2010-01-12",0.000994921636247733,0.00109185773853805,0.000921387994609094,0.000886384941636875,0.000757777344314423
"2010-01-13",1.97680349420474e-06,1.39033800174963e-06,6.70739561856814e-05,7.51973436930781e-05,9.6828855169045e-05
"2010-01-14",0.00227148568175034,0.00242180281260421,0.0025420488983793,0.00256862167164737,0.00237137359382113
"2010-01-15",0.000837678668855927,0.000813827035460539,0.000774852280429427,0.000775054100496927,0.000733042520571304
"2010-01-19",0.000123905595690577,0.000137612276666139,0.000116254164010213,0.000113087318973442,0.000121938751425946
"2010-01-20",0.000973610102615527,0.000991251423791662,0.000942620539128305,0.000912026190398459,0.000888015243212852
"2010-01-21",0.00161620791376829,0.00169762531731296,0.00160477766054027,0.00157715440029855,0.0016942186832607
"2010-01-22",0.00329518388477777,0.00350736849399453,0.003543505319441,0.00375820210547938,0.00404165238593965
"2010-01-25",0.00155063341104734,0.00134744334285572,0.00132331907141624,0.00121291401435541,0.00115774762435684
"2010-01-26",0.0249238679375258,0.0254006687996218,0.0249755316359966,0.025270584201607,0.025347508479759
"2010-01-27",0.0442466668245914,0.0429035776274078,0.0416918143303473,0.0415846346693122,0.0421533105673303
"2010-01-28",0.0118561065583025,0.0112987952964673,0.0122322241617348,0.0127981521331743,0.0105843779756654
"2010-01-29",5.19358127559642e-05,0.00017159059342539,0.000136878546840375,0.000133484521880124,0.000217806929150698
"2010-02-01",0.000974349653174858,0.000467691420342526,0.000748779488144627,0.000773625215870809,0.000863433830397474
"2010-02-02",0.00775885045341515,0.00845097169004892,0.0107083591412375,0.0106786968432019,0.010887951597984
"2010-02-03",0.00135565036319268,0.00138122422067359,0.00174876997403689,0.00174044941434674,0.0017888055152605
"2010-02-04",0.000166387944714488,0.00017690394748145,0.000156400204242784,0.000156628853819664,7.31208918630263e-05
"2010-02-05",0.00517855267432974,0.00546931007644953,0.00493313398628697,0.00496030985037512,0.0046433002066766
"2010-02-08",0.00511212928684204,0.00443995273523073,0.00410039511279359,0.00409883569259193,0.00403393738657686
"2010-02-09",0.000500929860384338,0.000455054877896171,0.000191940825053009,0.000193601481931124,0.000131951034469902
"2010-02-10",0.00391652068126138,0.00347172920415206,0.00280021083600316,0.00278850872900409,0.00283562275537201
"2010-02-11",0.000157066203116244,0.000125732249530389,0.000197077422974249,0.000196292479467149,0.000146160651400223
"2010-02-12",0.000147520360774864,0.00012418390846304,0.000212462355238993,0.000212150284779834,0.000218777338008642
"2010-02-16",0.00792908168260598,0.00785385214192254,0.00843311888348603,0.00841891121879976,0.00809838315664725
"2010-02-17",7.1302234545714e-05,9.54892826752724e-05,0.000150096432420508,0.000147890867904884,0.000177555125931261
"2010-02-18",0.000551554057832141,0.000627984707137884,0.000815229064407388,0.000818309988598437,0.000766337489292703
"2010-02-19",0.000867739824772822,0.000915082238047917,0.00119933969567324,0.00120390781301007,0.0012352202241917
"2010-02-22",5.44804972156563e-05,5.44990162553317e-05,2.36065707082369e-05,2.23846603682472e-05,1.97756604894492e-05
"2010-02-23",0.0020350900140637,0.00196470723756601,0.0017722730195681,0.00177951315804535,0.00168362334809749
"2010-02-24",0.000374812964171275,0.000383976901601049,0.000614824962635988,0.000606365235157933,0.000587677529336107
"2010-02-25",0.00144356162324961,0.00142743646861894,0.00118899268040879,0.00119923019513772,0.00128696968859396
"2010-02-26",0.00247597379857459,0.00254251846955469,0.00292667864337912,0.00291646885556881,0.00314608167688487
"2010-03-01",0.00172044671431454,0.00177344286898608,0.00193261018506497,0.00192717258940962,0.0018504143797762
"2010-03-02",7.82861830918739e-06,1.85358044231979e-05,5.18185726499274e-05,5.12381696412285e-05,6.64228043811532e-05
"2010-03-03",0.00039411905839531,0.000456268779604821,0.00059658518113207,0.000595250800102809,0.000661019392192781
"2010-03-04",0.000102116360565376,0.000122150559834045,0.00022772123475592,0.000227034979627464,0.000235479904277774
"2010-03-05",2.40680233944544e-07,1.12290123819815e-06,1.09643881381348e-05,1.07499960095081e-05,1.21769735025259e-05
"2010-03-08",0.00116747292057366,0.00120680510298968,0.00134846123722695,0.00134445860843973,0.00141579994724206
"2010-03-09",0.00231599920332114,0.00222860727477303,0.0021139050888317,0.00211718377929918,0.00211841427163561
"2010-03-10",7.64801397267462e-08,2.62594483867202e-06,2.10813476778107e-05,2.0894124314762e-05,2.19972070803672e-05
"2010-03-11",0.000870967908379836,0.000863927904235004,0.00105840453914204,0.0010524552026197,0.00105221361424721
"2010-03-12",8.60779667550964e-07,6.09135136235561e-06,1.03352828886762e-05,9.7412371860591e-06,4.20394256485411e-06
"2010-03-15",0.00267134181624888,0.00259908464273796,0.00246249076352287,0.00247074373871436,0.00240736482823491
"2010-03-16",0.00220611219169437,0.00234009698039739,0.00241512475623051,0.00241921881832784,0.00261860138395001
"2010-03-17",0.00111938370681765,0.00109913576868794,0.00105073551253154,0.00105136771828838,0.00107380785915844
"2010-03-18",0.000149911908990798,0.000125281618845522,0.000127239799072241,0.000128289032646903,0.000109887966847857
"2010-03-19",3.47666668285054e-05,4.37194012566103e-05,6.45345244403958e-05,6.40475430106443e-05,9.04286085672619e-05
"2010-03-22",2.44191346896769e-05,2.64749568899355e-05,2.13232723121534e-08,1.00394879313346e-08,1.01686510195459e-06
"2010-03-23",0.000294601206807024,0.000289720251387278,0.000257581054762121,0.000259039273099062,0.000227074399289524
"2010-03-24",3.20321057881e-05,2.28544832794085e-05,6.4448776172697e-08,1.25057578765896e-08,1.58477288230058e-06
"2010-03-25",0.000105954843476483,9.7957525749934e-05,0.000147093459297596,0.000143671777761876,0.000132017042930972
"2010-03-26",0.000982523078368937,0.00100259964369379,0.000841820630074152,0.000844853455432629,0.000849362041603586
"2010-03-29",0.00396611821383976,0.00396699948790431,0.00445544644162272,0.00446418462388379,0.0048145575515126
"2010-03-30",3.60480669975442e-05,3.02796356421034e-05,3.62522619852126e-06,3.48858408215588e-06,3.0972747547519e-06
"2010-03-31",0.000374599584874399,0.000408218441441551,0.000529041112304974,0.000525299296282279,0.000551845815327904
"2010-04-01",0.000128778172627706,0.000160015730112928,8.90940489091341e-05,9.14868709786312e-05,7.9358925970005e-05
"2010-04-05",0.000151924209525214,0.000142972531900013,0.000158138771715336,0.000161830487304128,0.000128509066701842
"2010-04-06",0.00264508050297553,0.00281770368706956,0.00296764887676673,0.00295629557999902,0.00305763383421364
"2010-04-07",0.000143240641512087,0.00011943654062063,0.00010953517972852,0.000110818864345731,9.62655572421568e-05
"2010-04-08",0.000838580796218057,0.00082631515888943,0.000689955613346644,0.000686365770886758,0.000707675990211717
"2010-04-09",0.0045066758234681,0.00477701227240854,0.00506305118801999,0.0050626528653377,0.00541565799627447
"2010-04-12",0.000310384721208825,0.000295996467570366,0.000342542697659431,0.000348380868762193,0.00038409303308461
"2010-04-13",0.000580851581757356,0.000634212730893816,0.000733818737728983,0.000735700639045504,0.000749269644671036
"2010-04-14",0.000117402075585553,0.000117627478245881,0.000113066814940825,0.000112727946952998,0.000135426789892329
"2010-04-15",0.000148324539291538,0.000140783771827266,0.000156614558527671,0.000158544282807497,0.000191031989680658
"2010-04-16",0.0145611476212088,0.0143938135367582,0.0141066798920981,0.0140644537908131,0.0138564556701485
"2010-04-19",0.00134013982782247,0.0013938414950988,0.00149693920271475,0.0014510818073717,0.00133441233979803
"2010-04-20",2.90880407889825e-06,1.08632913914953e-05,1.48387616138771e-06,9.88417994476989e-07,3.21067176475329e-06
"2010-04-21",0.000635669183680882,0.000508504462674445,0.000411998313814856,0.000405282197810947,0.000390711755403154
"2010-04-22",0.000122868297746432,7.85314284937564e-05,0.000157426962592234,0.000155951733691596,0.000408592296959733
"2010-04-23",0.000310362100287523,0.000311055047485313,6.50079627745047e-05,6.45470851404507e-05,3.90444640919339e-05
"2010-04-26",0.00170693072412626,0.00148793840480131,0.00137339153887561,0.00137105286655311,0.00155017882971484
"2010-04-27",0.00869436687566858,0.00813982225986764,0.00811132315920226,0.00811274590368837,0.00774996731487193
"2010-04-28",0.00861049170350506,0.00850030030159613,0.00848931350462148,0.00846299547758515,0.00855720000520146
"2010-04-29",0.0107265216475705,0.0111275096895109,0.0112284812133192,0.0112610949110383,0.0113294731613662
"2010-04-30",0.00360575568553367,0.00353783963973457,0.00351788179238522,0.00350857889829107,0.00363457447839868
"2010-05-03",0.00312919282039991,0.00298607060773314,0.00308334306496647,0.00306039958168637,0.00323227505182409
"2010-05-04",0.00420904767329157,0.00422271945906198,0.00429254765791665,0.00426503597920772,0.0040433735174577
"2010-05-05",0.0128088770942299,0.0133208666259411,0.0137913170787569,0.013780660048439,0.01366309319531
"2010-05-06",2.23584879791557,2.24129436875016,2.24251549481586,2.2428245229584,2.23811435639252
"2010-05-07",0.0186404289519645,0.0114652578664657,0.00644388977490573,0.00639720043778548,0.00441777445544369
"2010-05-10",0.132082589729876,0.119227760103123,0.105129041785203,0.104991630629389,0.0927249401192899
"2010-05-11",0.00369068754078526,0.00289306187286557,0.000557174659130864,0.00058519129017885,0.00032998323635413
"2010-05-12",0.0153647531710574,0.0163329305217592,0.0146135981419374,0.0146224858276626,0.0146559618080104
"2010-05-13",0.000908256457739367,0.0010121910409161,0.00139046171903818,0.00139399146487953,0.00180787086162047
"2010-05-14",0.000282390346976971,0.000203362405919117,0.000302297445053937,0.00028993645921279,0.000225900271838947
"2010-05-17",0.00321868520987832,0.00350786514181281,0.00383828609845214,0.0039215969230342,0.00405570809687073
"2010-05-18",0.000307195424627039,0.000256814420688521,0.000265617170771353,0.000245981830265956,0.000206203416166998
"2010-05-19",0.00970437835900599,0.0102793240233799,0.0102169999741046,0.0102485245847162,0.0107469444516275
"2010-05-20",0.00333977406844028,0.00387305673297928,0.00436594564235334,0.00440530797990844,0.00470042877533268
"2010-05-21",0.00179927627543376,0.00257192891741292,0.00303182807732155,0.00307859163411961,0.00401160269660545
"2010-05-24",0.0228050788209882,0.0213477788190333,0.0184147674642226,0.018369610793856,0.0170752732254683
"2010-05-25",0.00786007996709892,0.00789908055132721,0.00819280172409972,0.00814360890543848,0.00848447289362386
"2010-05-26",0.00586608475841173,0.00561702858833051,0.00584666257065266,0.0058485246896701,0.00481249680763377
"2010-05-27",0.0198383066235439,0.0192837504845686,0.0184107766348306,0.0184453908335982,0.0177392638626403
"2010-05-28",0.00241671526906187,0.0023814041224075,0.00255552979151081,0.00255222020655235,0.00276836062365651
"2010-06-01",0.00024859512682413,0.000247820819262266,0.000263821052324511,0.000263902814012269,0.000229073861465096
"2010-06-02",0.00260995665035202,0.0026134068179706,0.00264754191600193,0.00264076352943511,0.00248103554377846
"2010-06-03",0.00118547173361524,0.00139611631190285,0.000820767773883927,0.000819799750758984,0.000823399536542917
"2010-06-04",8.48520110359326e-05,4.92621071227561e-05,0.000131572756739305,0.000132244227164547,0.000166718939545458
"2010-06-07",0.00736592444476189,0.00758288959409542,0.00803892978704327,0.00802454922251354,0.00810472357826994
"2010-06-08",0.00482496216291931,0.0044530171573737,0.00418072902650544,0.0041841070352213,0.0040581611560754
"2010-06-09",0.000648514617501401,0.000453973667904053,0.000742401006567677,0.000747178056789313,0.000671230159357408
"2010-06-10",0.0016043023633511,0.00167065342409589,0.00203003149447739,0.00202629533764477,0.00201661655582545
"2010-06-11",0.00511130262927137,0.00549220902080879,0.00565871121825536,0.00566131376745404,0.00597362308540083
"2010-06-14",0.00233887713873032,0.00249624304219852,0.00254106266538862,0.00254648561062751,0.00206285340899063
"2010-06-15",0.00645083339969165,0.00639455707994865,0.00653471252410395,0.00653307703114522,0.00660426930151922
"2010-06-16",0.000291158665794543,0.000331875624576996,0.000382357812949916,0.000381861860559129,0.000385458395707996
"2010-06-17",9.88490512922549e-05,6.8540196224564e-05,1.39146341628129e-05,1.44654112061453e-05,1.5677560505871e-05
"2010-06-18",0.00476139927952406,0.00491493350542061,0.00516685960921417,0.00515760443033254,0.00488735138885655
"2010-06-21",0.00398346462715738,0.0037462825627483,0.00410328016115641,0.00410344497899766,0.00418133051197702
"2010-06-22",0.000644583289863512,0.000546987474048481,0.000932565485880977,0.000930989057684774,0.000731575265647266
"2010-06-23",0.00399990452901139,0.003851631292796,0.00387737769740313,0.00387635664967474,0.00384420900534812
"2010-06-24",0.000367326964638227,0.000264656063438762,0.000442167095439492,0.00043694885118823,0.000426965564636056
"2010-06-25",3.9277791970693e-07,2.2855487422415e-08,2.17454589229241e-07,4.5362689094237e-07,1.52867245036382e-06
"2010-06-28",8.72814868078939e-06,3.65325249161786e-06,1.70555783957064e-06,1.81129789785535e-06,1.50732043576422e-06
"2010-06-29",0.0129045789309858,0.0127052658464984,0.0130798222038741,0.0130657569356048,0.0128871775160526
"2010-06-30",0.00342906154353934,0.00329602343322207,0.0031154256110362,0.00311308277816458,0.00322757062161812
"2010-07-01",0.0129319117295226,0.0139962635236243,0.0134819664635511,0.0134917525347355,0.012894891725888
"2010-07-02",0.00687638741350428,0.0066657682376978,0.00608198247310522,0.00605756636499401,0.00612898517521994
"2010-07-06",0.00109754344646917,0.00108146612527037,0.0012271995114169,0.00122582215140367,0.00126582014823298
"2010-07-07",0.00828897894907175,0.00829373576906086,0.00844073651426025,0.00842882742093539,0.0084636705924165
"2010-07-08",0.000221659788856081,0.000235894846416425,0.000348726707252938,0.000350386250315128,0.000426902421613734
"2010-07-09",0.00195610094003863,0.00214600007481081,0.00233477755982407,0.00233445071028108,0.0022663226856133
"2010-07-12",1.22233984951351e-06,2.98845685510235e-06,1.01827612307958e-05,1.0275302532909e-05,2.74675805697943e-05
"2010-07-13",0.00976559346317286,0.00935784716755299,0.00809348538148711,0.00810425458044191,0.00743953154451162
"2010-07-14",0.000971569286844986,0.00128386584792067,0.00176600625228915,0.00176089858468303,0.00201653876047271
"2010-07-15",0.000130842345942712,0.000168676423295081,0.000158869314162661,0.000153655991393827,0.000201573103336726
"2010-07-16",0.00222990231006243,0.00216040438093774,0.0019715307050749,0.00197532423653144,0.00247873829125016
"2010-07-19",2.90061781695838e-06,6.36855024233622e-06,1.82295886033411e-05,1.89113789582368e-05,1.32406844401946e-05
"2010-07-20",0.00126375252966376,0.00138802975968219,0.00141596622117083,0.00141620698487565,0.00164345558732858
"2010-07-21",0.00364509822133009,0.0035561844684224,0.00425294775147264,0.00426101327569976,0.00442473370863035
"2010-07-22",0.0110369204554145,0.0107117098686195,0.0106465759371767,0.0106195850117089,0.0102911731820164
"2010-07-23",0.00115754622506162,0.00110006048221029,0.00100789986318132,0.00102103569148755,0.0010342507227154
"2010-07-26",0.00611707838629259,0.00527192274360132,0.00475868759105392,0.0048073563194417,0.0050842431364286
"2010-07-27",3.21747376003919e-05,3.50574488719994e-05,4.12033958718319e-05,4.15156429304221e-05,5.49953537698483e-05
"2010-07-28",1.67211583105193e-08,4.193111278704e-07,6.99294854704429e-10,7.11718125331762e-11,1.73640988265818e-06
"2010-07-29",0.000327596328980226,0.000261760035860404,0.000229028285908544,0.000224759073041507,0.000379524839511733
"2010-07-30",9.33082030989296e-06,5.67764908302777e-06,3.11858220972168e-06,3.15319722735739e-06,1.09771559020987e-08
"2010-08-02",0.00905787431443748,0.00940316499703442,0.00818728809879552,0.00816707731424513,0.00798935489159822
"2010-08-03",3.85004408566537e-05,1.75555367526941e-05,2.13856829347785e-05,2.32771683024334e-05,2.78825995078765e-05
"2010-08-04",6.69286671825764e-05,3.25400174731804e-05,3.3983723042e-05,3.47578653162496e-05,4.23344843228348e-05
"2010-08-05",0.0028660765100363,0.0030816826619366,0.00354418587549124,0.00348679814376116,0.00383948628031782
"2010-08-06",0.000196880962488324,0.00018976089860279,0.000117068757603237,0.000113364069034369,0.000127946710493694
"2010-08-09",0.00303103907239654,0.00287021175072935,0.00275757730698088,0.0027704902152826,0.00257980900133027
"2010-08-10",0.00209485953787563,0.00191453354966517,0.00201961130669046,0.00201685786953068,0.00191405597447652
"2010-08-11",3.88976818196525e-06,1.51276372013591e-05,1.79549122750428e-05,1.77856378016777e-05,1.77128604077578e-05
"2010-08-12",0.000187717907183286,0.000240734687237221,0.000199498415177354,0.000181048673898503,0.000185563927207362
"2010-08-13",0.00291883207795419,0.00311150166391302,0.00272411537355218,0.00274406358582614,0.00270837073201139
"2010-08-16",9.91358833340219e-06,1.75549976744627e-05,2.46798373214813e-05,2.33121000671279e-05,1.0756937522329e-05
"2010-08-17",0.00112830591540323,0.0010194649047626,0.00100804554091588,0.00101464366340814,0.00097393900667281
"2010-08-18",2.27239141850802e-05,1.52427732959537e-05,2.87285472565166e-05,3.03433268340516e-05,2.011917749739e-05
"2010-08-19",0.000114177542425252,9.59722496677112e-05,0.00010463934837035,0.000111643155933658,0.000120275936082243
"2010-08-20",0.00230224681925833,0.00223641088557517,0.00202125320352642,0.00202996835825175,0.00210406978158781
"2010-08-23",0.00123881194655863,0.00126811165843747,0.00126287303772052,0.00127763770230278,0.00123237237011012
"2010-08-24",0.00450598508360293,0.00425845854122845,0.00404347243739876,0.00403405485195355,0.00384929369809505
"2010-08-25",0.000548786146535884,0.000601208167159517,0.000597705521752654,0.000596971121167433,0.000558039140224302
"2010-08-26",0.000254689772754887,0.000264225529003841,0.000220015311956325,0.0002177371771547,0.0001905043282234
"2010-08-27",0.00329651359263537,0.00331988581658575,0.00355785314555642,0.00355262389840999,0.00367678490380438
"2010-08-30",0.00568533705573173,0.00550503158127057,0.00513959557554674,0.00516823813426217,0.00487032691270106
"2010-08-31",0.0010164629699309,0.000919889934499992,0.000813881376633117,0.00081516300654525,0.000783192681036828
"2010-09-01",0.00407239585395594,0.00398417641812806,0.00421852988357171,0.00420248923374401,0.0040626070621175
"2010-09-02",0.00166891808873666,0.00150789526440543,0.00155412718602485,0.00156087664192316,0.00153329349035906
"2010-09-03",0.000558096295416461,0.00053434613452766,0.000585043932145106,0.000581768820664436,0.000666143837878557
"2010-09-07",4.25078764327275e-06,2.30439752657916e-08,6.20031844719835e-06,6.42477310818256e-06,1.58169180833507e-05
"2010-09-08",7.40691768436206e-07,4.25251064600715e-09,2.59043826562525e-06,2.4436717985725e-06,1.1254644029591e-05
"2010-09-09",0.000678386171977635,0.000744109999792695,0.000930665299254261,0.000928301315278548,0.00103284212072668
"2010-09-10",9.76430927175731e-05,0.000117436232524669,0.000193278462446602,0.000190611203570907,0.000193660437985359
"2010-09-13",0.0022973903404687,0.0024257399517649,0.00254187132912417,0.00255305792838166,0.00255583400703356
"2010-09-14",3.47960924022451e-05,2.8232183913536e-05,2.677100829175e-05,2.75889832456961e-05,1.82802275927165e-05
"2010-09-15",0.000647905074092847,0.000679152403558605,0.000636261891968368,0.000640802372752479,0.000598080387453147
"2010-09-16",2.40762702769616e-05,2.70917832572456e-05,3.29917087809569e-05,2.94553719056834e-05,1.92347533172937e-05
"2010-09-17",0.00019064829323234,0.000205354514535605,0.000107498149864269,0.000107054229623312,0.000132848296612498
"2010-09-20",5.4873394442633e-05,9.12977503599736e-05,0.000163609929069747,0.000159581555079865,0.000147949233872982
"2010-09-21",0.00283752174959287,0.0027037633722972,0.00262945997472862,0.00262281590760953,0.00239676925089974
"2010-09-22",1.04852200807646e-05,7.483266102235e-06,1.71492341898753e-06,1.72005233037651e-06,1.67412970579455e-06
"2010-09-23",3.5920365165411e-05,4.77089384169442e-05,4.67534396348034e-05,4.66650640045798e-05,3.36534684270675e-05
"2010-09-24",0.000885179855929056,0.000795070458074988,0.000953272377644578,0.000996559779252876,0.00100415512394552
"2010-09-27",0.000126609267116701,0.000136178699318767,9.32729239152688e-05,9.62281137422696e-05,0.000101744389218341
"2010-09-28",0.128922113316525,0.128858082291697,0.125025364154332,0.125054382502361,0.123958834553837
"2010-09-29",0.0223224437590548,0.0243755728590643,0.0242349852103134,0.0245468596589762,0.0259615631144542
"2010-09-30",0.00080812039618235,0.000728240428208584,0.0010331655335888,0.00104539044919662,0.00104255826960315
"2010-10-01",0.000792394412207,0.000883424879259593,0.00078699572327176,0.000770062069522579,0.00072001240736186
"2010-10-04",0.000449667117573801,0.000459071925617165,0.000409223549202867,0.000403390054429462,0.000429048342867364
"2010-10-05",0.00513489222309191,0.00491247628962107,0.00516816452671805,0.00510165287919519,0.00452709171534011
"2010-10-06",0.00250061785975074,0.00265783944237086,0.00274685390144094,0.00264827310487168,0.00237930224838679
"2010-10-07",0.000236375363905151,0.000367547284983804,0.000664310889831937,0.000661583684191416,0.000770004332992078
"2010-10-08",0.00041246400165558,0.000570711567865236,0.000830001046980234,0.000754494250516927,0.000721712742854872
"2010-10-11",0.00264144595784582,0.002785644554304,0.00292585636261322,0.00278770823679258,0.00268629238213056
"2010-10-12",0.000862903191220358,0.000762154164469575,0.000410959096004174,0.000414287740252741,0.000348384615668978
"2010-10-13",0.00316753929275126,0.00337040631377639,0.00384244290500837,0.00394903387311716,0.00385995271721386
"2010-10-14",0.0012961097339848,0.00126430806319106,0.00115319716955978,0.00116097989681477,0.00122611882303708
"2010-10-15",0.00105804543987438,0.00112941053994151,0.00124243759818487,0.0012175084643938,0.00115670553677544
"2010-10-18",0.000172467075004094,0.000219443361083915,0.000292644791462355,0.000282535364894332,0.000313367526436079
"2010-10-19",0.0332336152505064,0.0319872770604538,0.0334104136953911,0.033508450869308,0.0331117876344145
"2010-10-20",0.000591382435215147,0.000663219791845858,0.000661484145745381,0.000690442197840446,0.000815928507352427
"2010-10-21",0.000478227278546022,0.000435304719086795,0.000369630873611607,0.000312047112185035,0.000278026982363589
"2010-10-22",0.00428531472264382,0.00411091176736118,0.00428354147068814,0.00412933758546903,0.00406671677779524
"2010-10-25",0.00151880130872559,0.00105381167465195,0.00152673596372423,0.00162644707321731,0.00205269118857285
"2010-10-26",0.000116673047681008,8.59637281124774e-05,0.000100883845611606,0.000107449835211262,0.000134536441890041
"2010-10-27",0.000185862148791926,0.000141586955439226,0.000192068387943191,0.000221285434725161,0.000212205185389201
"2010-10-28",9.68094428996909e-05,7.92451663641075e-05,5.03773336651431e-05,5.3866958640034e-05,5.35272692824443e-05
"2010-10-29",0.00185657651086625,0.00204082175528175,0.00222175717404118,0.00220533378195676,0.00213686690096391
"2010-11-01",5.72213458466953e-06,2.68193922124098e-07,7.30195595566288e-06,6.17223288370041e-06,1.94981880317779e-06
"2010-11-02",0.000813234351109405,0.000916147098074059,0.0010073999425138,0.000931393277531824,0.000900072656753925
"2010-11-03",0.00269934193123165,0.00252035623058572,0.00216236852809398,0.00226823497958198,0.00263561683200748
"2010-11-04",0.00250944059808677,0.00205792354702105,0.00225332997843556,0.00218252001059154,0.00204581810139084
"2010-11-05",0.000450737188807,0.000495567448646555,0.000406025580972452,0.000386182704228081,0.000393045923170517
"2010-11-08",0.00111863212129,0.00116402289530708,0.00114541450864092,0.00115056134167307,0.00108747526353339
"2010-11-09",5.35656290644491e-05,3.6038412533842e-05,8.12691068809946e-06,3.42143011123148e-06,2.40642129114194e-06
"2010-11-10",0.000294076340669998,0.00020746541506835,0.000186022626442882,0.000174651113836474,0.00017120669482391
"2010-11-11",5.61814507991422e-06,5.84548314405054e-06,8.02050920950288e-06,9.13115047673867e-06,5.25073739840667e-06
"2010-11-12",0.00924586334622493,0.00929388422117033,0.008915351162312,0.00902532430825489,0.00917675833795187
"2010-11-15",0.000211751449701181,0.000269715751152769,0.000447881146269807,0.000455151489133546,0.000386215592430917
"2010-11-16",0.000128993572029183,5.51492907075716e-05,4.84332307916233e-06,5.87255811842907e-06,2.3710745265942e-06
"2010-11-17",2.00904324867444e-06,0.000138250886470265,8.25369580728897e-05,8.17425827302872e-05,3.49635276099391e-05
"2010-11-18",0.00645597176459606,0.00566046139443262,0.00627996052084143,0.00621691508579122,0.00663382628189676
"2010-11-19",0.000173588782774459,0.00017844011388199,0.000144280719219032,0.000134000276709031,0.000110199567325804
"2010-11-22",0.000288478849170748,0.00022766064676839,0.000248176069544298,0.000292943692840585,0.00032892486565536
"2010-11-23",0.000211316820244907,0.000186120634118931,0.000164936004854331,0.00018218937548936,0.000219247206582267
"2010-11-24",0.00587630333386818,0.00534860668034485,0.00565350071686309,0.00551817401332865,0.00563138594574891
"2010-11-26",0.000125567975899532,0.000128771420682756,8.92085099013714e-05,9.06591196979829e-05,0.000120741733254111
"2010-11-29",0.00149232554068382,0.00157204484589182,0.00117409700156341,0.00112882010901056,0.00128037785933769
"2010-11-30",4.97012380321931e-05,5.73979337046388e-05,6.63868544894756e-05,9.22619033226129e-05,0.000128948671054576
"2010-12-01",0.00345759291223733,0.00325215856482405,0.0034706508700815,0.00348249673620938,0.00350309548817418
"2010-12-02",5.19874851210185e-06,1.70571560948179e-05,2.3818651246349e-05,2.88375177937217e-05,1.41639873183005e-05
"2010-12-03",0.000704362697550461,0.000627899143029658,0.000681386455501886,0.000634207646038829,0.000726563470054517
"2010-12-06",3.88943947767308e-05,2.91827907711119e-05,1.59724369959058e-05,1.51396878659115e-05,1.14084933845594e-05
"2010-12-07",1.31031164597522e-05,4.48900788971833e-05,0.000100977916015816,6.43656898528528e-05,6.38067858273571e-05
"2010-12-08",2.19925983861242e-05,4.14342544383136e-05,6.68462765464417e-05,5.71156988090797e-05,8.24284977558819e-05
"2010-12-09",0.000300174872770378,0.000377971215332371,0.000571710490715406,0.000503987394693606,0.00050256630084903
"2010-12-10",0.00194348193962585,0.00200980713848698,0.00246072786978626,0.00244412587403039,0.00253889518872193
"2010-12-13",1.49497982131581e-05,1.38751134237107e-05,1.22570727398495e-05,4.3450478858639e-06,7.71051257215798e-06
"2010-12-14",0.000310079565503488,0.00024303881148422,0.000217671416416872,0.000217449117477112,0.000189577356679953
"2010-12-15",5.44229729778816e-06,4.35101864427812e-05,5.90778836986211e-07,1.91733535546934e-07,2.00540855002088e-06
"2010-12-16",0.000853794587505427,0.000576444365737239,0.000522922794203428,0.000499965959955548,0.000583883065222179
"2010-12-17",0.00260666498155315,0.00248936428223988,0.0023417174600619,0.00235081473972654,0.0023210271420918
"2010-12-20",0.000872322727500311,0.00103588270928469,0.00114869326237852,0.00107999072017933,0.00107515469160373
"2010-12-21",0.000910598024370297,0.00111516884017033,0.00110640246223016,0.00120349386728075,0.00123964375289302
"2010-12-22",0.000520174029407141,0.000630771384599192,0.000675394579479563,0.000687788460249366,0.000727427834727741
"2010-12-23",0.000307009226161302,0.000372109763423728,0.00042792161066842,0.000433166707722448,0.00045563291040744
"2010-12-27",8.3915094079672e-05,4.49329391767085e-05,3.54323372800557e-05,3.43840730826107e-05,3.41645933494513e-05
"2010-12-28",0.000307224757694742,0.000422338745703844,0.000425263955899185,0.000416261955541224,0.000519447943418142
"2010-12-29",0.000952862309865495,0.0010407412939873,0.00107071430823889,0.00106576597556551,0.00112734913125347
"2010-12-30",9.19969981773548e-05,6.48204523887087e-05,5.56175903891126e-05,5.75964489293387e-05,5.48538582504409e-05
"2010-12-31",3.6330485259668e-05,2.96887764415472e-05,1.61327703765913e-05,2.05687135103573e-05,7.76659941780169e-06
"2011-01-03",0.000703979141106695,0.000624012052406032,0.000571351524941992,0.000594472378744328,0.000550692492817837
"2011-01-04",0.000270532190359444,0.000213486430233482,0.000207898411122356,0.0002063453006965,0.000205352509697882
"2011-01-05",0.000183049702819742,0.000189983770959791,0.000145259777485642,0.000151518151281874,0.000159886380952956
"2011-01-06",0.000130866305266306,0.000101402709644449,8.80395391804151e-05,9.449353529154e-05,9.77645579335848e-05
"2011-01-07",0.00156750342615626,0.00170035240186521,0.00171542305516394,0.00167434975752636,0.00171403548349926
"2011-01-10",2.1899383271996e-05,1.1143488450314e-05,2.08801794748183e-05,2.20517472165326e-05,1.45857408392079e-05
"2011-01-11",0.000560259379981913,0.000752833460559495,0.00070509017867065,0.000697886542628461,0.000681867688896957
"2011-01-12",0.00169136409868025,0.00187199828518294,0.00193195977070077,0.00187343318071015,0.00193883552661516
"2011-01-13",0.00051621949064227,0.000596165571507982,0.000627913498995844,0.000614498184257969,0.000614850285020343
"2011-01-14",0.000215743747126431,0.000282218001288901,0.000266544191568912,0.000263418693647433,0.000259559298052467
"2011-01-18",0.0373203270803625,0.0361873338886923,0.0360623377821768,0.0358053554969332,0.036024704689432
"2011-01-19",0.00304015690641556,0.00208068743971284,0.00171346103088025,0.00177904250572872,0.00179916093137097
"2011-01-20",7.13959655242153e-07,2.68994538248347e-05,6.55304197886275e-05,8.81942735626855e-05,4.32843104484453e-05
"2011-01-21",0.00105704563886916,0.000843244255657867,0.00102481174298655,0.00100261779464432,0.000911577621463358
"2011-01-24",1.84392354074597e-05,1.79269562451032e-06,5.02949797284799e-06,6.27876675815967e-06,5.16465428523199e-07
"2011-01-25",0.000140084265613072,0.00015963614433653,0.000193913433287676,0.000167699348202907,0.000165801608104323
"2011-01-26",0.000278324560199487,0.000255869670972184,0.000171073224966089,0.000199806025091347,0.000272428621908668
"2011-01-27",0.00263996167575305,0.00260336552170554,0.00242821943398048,0.00237203841845866,0.00187947504511912
"2011-01-28",0.00691711578499597,0.00686597104753819,0.00702317779749603,0.00702663281101848,0.00707801684392041
"2011-01-31",0.00085232113800801,0.00132208410120779,0.00124061319814463,0.00132676955777091,0.00108597319478839
"2011-02-01",0.00809727104778881,0.00837377987702142,0.00884773719181661,0.0086546865494804,0.00880566457173814
"2011-02-02",0.000452644917674244,0.000390784606443283,0.000435711279970835,0.000433390718289824,0.000451915039424648
"2011-02-03",0.000619404975715825,0.000603917423872886,0.000603821219852429,0.000629174743669305,0.000614077683973307
"2011-02-04",0.00141164125864986,0.00170261476110169,0.00180881184206822,0.00177870274618359,0.001832893298119
"2011-02-07",0.000597550025518839,0.000672795440750784,0.000761352795057504,0.000788446058267417,0.000836464098268614
"2011-02-08",0.000522824274480517,0.000498221169234143,0.000631228971296634,0.000642655413596212,0.000690594217396823
"2011-02-09",8.96180960963833e-05,5.64134742945693e-06,6.32873186051797e-07,7.91922854282149e-09,1.20334829002856e-06
"2011-02-10",0.0146553515422477,0.0138883925968023,0.0137957654871895,0.013626914205783,0.0132052572461328
"2011-02-11",0.00497322601036246,0.00543369556837049,0.00559545121196909,0.00557564154690709,0.00603884159132309
"2011-02-14",0.00379976806387407,0.00382706226547186,0.00380504889542749,0.00368374805414762,0.00359470352944039
"2011-02-15",4.34248618395429e-07,1.9270522943867e-07,4.17928690774936e-07,9.87530550822882e-07,4.67825331228828e-07
"2011-02-16",0.000108973660512462,7.62354472182455e-05,5.31834783345113e-05,4.89917849479857e-05,3.92643908136448e-05
"2011-02-17",0.000247806557629123,0.000226001088142189,0.000317548365458452,0.000320641569916258,0.000285646687977698
"2011-02-18",0.00119805139880265,0.000958701914194456,0.000926529796608664,0.000932336402835555,0.000838727648748451
"2011-02-22",0.015739619783566,0.0144733956396719,0.0144401965545433,0.0144256183472103,0.0134801247333395
"2011-02-23",0.000154422376813701,0.000196886837681539,0.000361478182371149,0.000357411350216117,0.000318861689613757
"2011-02-24",0.00035370941598121,0.000668275511673486,0.000640374334355827,0.000648296897981644,0.000730935696971526
"2011-02-25",0.0110062947120692,0.00988417863506321,0.0104346684866616,0.0103725301110029,0.00965901190454772
"2011-02-28",0.000280600820800659,0.000175193112462245,0.000184715792058746,0.000193155089645138,0.000121429937570829
"2011-03-01",0.00550802111892495,0.00554882123139197,0.00547254091196098,0.00550052254927983,0.00553421510438692
"2011-03-02",0.00237781662307,0.00255922567499226,0.00255964462255041,0.0025915625672825,0.00251047973087756
"2011-03-03",0.0117461920943839,0.0116234227419279,0.0124965820894508,0.012397050436039,0.012369489378219
"2011-03-04",0.000250886965709206,0.000195243168890794,0.000149961476904486,0.000138457594450324,0.000134794452841835
"2011-03-07",0.00321937550743617,0.00349753315349762,0.00358513258523059,0.00358877379871017,0.00367229777923096
"2011-03-08",0.000586104226329987,0.000539828119790656,0.000549579998273178,0.00055584514671209,0.000547036901368176
"2011-03-09",0.000406675360314955,0.000446548083992716,0.000416999259261778,0.000421484679673342,0.000421055065574184
"2011-03-10",6.63640918627229e-06,3.45442858032304e-05,1.79330517077483e-05,2.09790134679093e-05,8.52670427799731e-06
"2011-03-11",0.000196127198651448,6.34134524079209e-05,5.34851284911998e-05,4.89737936105554e-05,3.68861064367467e-05
"2011-03-14",0.000450781665605366,0.000484680392592842,0.000342082131283015,0.000335740790688784,0.000266573320910557
"2011-03-15",0.00427009772402292,0.00452073979551326,0.00476822040265482,0.004830270273057,0.00477867549480252
"2011-03-16",0.01480247132284,0.0160973645390918,0.0167462087322733,0.016806968733406,0.0165938019271856
"2011-03-17",0.0101837432609575,0.00852898611759686,0.00809068404177296,0.00802314410878049,0.00761623117847748
"2011-03-18",0.000169975435890059,0.000245140587975953,0.000457081011761408,0.000476148151675992,0.000544577926194722
"2011-03-21",0.00761244833715759,0.00807966250435882,0.00784459123802203,0.00782891033109739,0.00817358066464411
"2011-03-22",0.000519465371600282,0.000767269557245524,0.000821589643786925,0.000821792382040322,0.000766389667010949
"2011-03-23",4.3593380283128e-05,7.01106124369111e-05,0.000132293482733026,0.000129989632512323,0.00014630637859262
"2011-03-24",0.000107998800799101,0.000115618658913769,0.000136765896433763,0.000129209620621036,0.000124939701047714
"2011-03-25",0.00161318494013,0.00196125031241413,0.00200327345103896,0.00198289048629015,0.00221002612324878
"2011-03-28",2.6599213593731e-05,8.2583327701628e-05,0.000121701809683817,0.000116513864070851,0.000137632589120216
"2011-03-29",5.46600254464016e-05,5.57903516615691e-05,7.5525707689513e-06,1.0796418338369e-05,2.61891432633125e-06
"2011-03-30",0.00116078248013476,0.00129521045786204,0.00165192042861571,0.00164249319317491,0.00175327032085765
"2011-03-31",4.7694437322949e-06,1.21958444050835e-09,3.52113608820882e-07,3.09070024370532e-07,1.40874776889861e-06
"2011-04-01",5.76636937980254e-05,5.86054910020632e-06,8.68407321802836e-06,8.38247878079864e-06,6.50357401540921e-06
"2011-04-04",0.000426391123716725,0.000226276896655241,0.000292674178884954,0.000286673904117684,0.000243507385433661
"2011-04-05",0.000448820861808919,0.000458132095625637,0.00032956090945915,0.0003300386222123,0.000337527990757591
"2011-04-06",4.06994485617482e-05,7.67440206245513e-05,6.94164481936053e-05,6.85320015874558e-05,5.24598500926555e-05
"2011-04-07",6.56609488674551e-06,1.7966810990109e-05,4.01207617624253e-05,3.8531157179539e-05,2.05501786207863e-05
"2011-04-08",0.000282913635500385,0.000262747028077845,0.000253242485491532,0.000247934401495883,0.000278699453349098
"2011-04-11",9.9214689844622e-06,2.22669181215265e-05,5.79316578558192e-05,5.76819455336534e-05,6.44080078682162e-05
"2011-04-12",0.000107020143896638,8.20090984517283e-05,7.31799502711909e-05,7.35712227467778e-05,4.88763577501127e-05
"2011-04-13",0.000586685397469423,0.00065192769580158,0.000608843735739915,0.000604341715619253,0.000765433535342461
"2011-04-14",0.000358765666149737,0.000375189584553763,0.000363910175703488,0.0003589882860705,0.000367587689969872
"2011-04-15",0.000425065612526611,0.000371816671179529,0.000364346402590606,0.000364049692476136,0.000332435687908752
"2011-04-18",0.0232869966094395,0.0233978715927001,0.0239804844036131,0.0239906130622189,0.0240430585756266
"2011-04-19",0.00871555670714552,0.00886998561719558,0.00916131499941594,0.00913266180278852,0.00894484609486979
"2011-04-20",0.00201462544755142,0.00205757592635925,0.00231242907634521,0.00230482084795054,0.00232561449123247
"2011-04-21",0.000786811080672496,0.000852878618704065,0.000845998507431479,0.000849353070691156,0.000765550839177965
"2011-04-25",0.00214136888368486,0.00147813758511646,0.000992822152807104,0.00099835318289404,0.00136355164120946
"2011-04-26",0.000140602943088768,0.000121052931495127,0.000184062476911293,0.000173921696661811,0.000136444148514075
"2011-04-27",3.02971478921811e-06,1.03424105979375e-05,1.31451198592587e-06,5.59614180648365e-07,1.84663708049169e-06
"2011-04-28",0.000442396421267398,0.000568321190847879,0.000607326744338912,0.000596482697358465,0.000385018221726702
"2011-04-29",6.03295898505939e-06,5.28772276568033e-05,9.75901359321792e-05,9.8598350249661e-05,7.38036448645988e-05
"2011-05-02",0.000239829966728451,0.00010254871359594,9.56820845866078e-05,9.28201558998974e-05,0.000121045295172653
"2011-05-03",0.000473642365335671,0.000625474995526467,0.000740930007356648,0.000745768412317278,0.000729003545334052
"2011-05-04",0.00396645972074415,0.0040030007041371,0.00414016323110404,0.00415412006160635,0.00421684586673224
"2011-05-05",0.000114258618121528,0.000118672712670196,0.0001428502690702,0.000140447532069787,0.00015930684891312
"2011-05-06",0.00107270877217215,0.000714767139812376,0.000842592927207554,0.000836126163160967,0.000822874305744519
"2011-05-09",0.00187442150868819,0.00139042674032649,0.00150687950229664,0.00149874010461233,0.00149795976729596
"2011-05-10",0.00038606283108739,0.000338327507008703,0.000328573691465905,0.000325991351338278,0.000361770056300449
"2011-05-11",0.00052690279196394,0.00034532180434609,0.000285635518958249,0.000293476244984896,0.00025748442228096
"2011-05-12",0.00103065914507741,0.0009691197468219,0.00103502118280593,0.00102773549090589,0.00098261845929877
"2011-05-13",0.00123444462142517,0.0012940991866586,0.0013154289468961,0.00133143115855455,0.00125752452657762
"2011-05-16",0.00049793568105297,0.000574776153497347,0.000820264788995707,0.000816388822172379,0.000826568233324968
"2011-05-17",0.000684359584766949,0.000647979996804424,0.000714157296715176,0.000718874901485541,0.0006987792621696
"2011-05-18",0.00537687513938618,0.00500049556881618,0.00378379059198845,0.00377697374501407,0.00371025620209051
"2011-05-19",8.20137452658312e-06,6.06703084584563e-07,6.50906814699752e-06,6.04079236671903e-06,1.0196874547213e-06
"2011-05-20",4.75008163871268e-05,5.16100483951726e-05,5.98545118287005e-05,5.93012338553411e-05,6.3520255860803e-05
"2011-05-23",0.00092837033823614,0.00093312655815983,0.000885807622307581,0.000892894465391627,0.000861496086242609
"2011-05-24",9.86541371020166e-05,0.000115625211256313,0.000227801461260217,0.000223443052100638,0.000198180796588277
"2011-05-25",0.000495953121078797,0.000598535516886809,0.000838321225258931,0.000832623353919713,0.000782541169085163
"2011-05-26",0.00103766427748474,0.00104158326884786,0.00128899758075551,0.00127088056465202,0.00134868930885015
"2011-05-27",0.00121895777630708,0.00121461434221995,0.00136542592353547,0.00140117633139684,0.00135509145694783
"2011-05-31",0.00028052346372495,0.000290464788894842,0.000204411103672982,0.000203630197805701,0.00019021217862963
"2011-06-01",0.00222794760626841,0.00216109457727708,0.0021158737477343,0.00211260991800465,0.00207077205896822
"2011-06-02",7.38583648133041e-05,6.28788496416905e-05,2.97477739123569e-05,3.17756703226887e-05,2.9987368996574e-05
"2011-06-03",0.000488239212425293,0.000467597809821007,0.000575437595202947,0.000569982859026925,0.000533718819239472
"2011-06-06",0.00500802091168082,0.0051166218359266,0.00491732033786006,0.00490948507539326,0.00490635000602604
"2011-06-07",2.95898606243676e-06,2.98930715679088e-05,4.22130820943615e-05,4.42065248388509e-05,7.50690503144044e-05
"2011-06-08",0.000110522190975389,4.90476340416935e-05,2.03573664915725e-05,1.95793064321809e-05,3.51740194922338e-06
"2011-06-09",0.00180984560725898,0.00175224937880985,0.00200005855978284,0.00200850915807858,0.00218816676139246
"2011-06-10",4.33700717548668e-05,4.20702067605799e-05,7.10167740858083e-05,7.26825914701912e-05,9.40282612241369e-05
"2011-06-13",3.57035377080638e-06,7.81526538316706e-06,4.80035924465722e-06,4.89721886252025e-06,4.50788243616331e-06
"2011-06-14",0.00370794240277666,0.00398724785078083,0.00442044646224071,0.00442998383634785,0.00441379327533978
"2011-06-15",0.00122737685613152,0.001107020302534,0.00076900101800346,0.000782289446543414,0.000732501233034288
"2011-06-16",0.0015702552195128,0.00167504034614024,0.001472316049045,0.00145903078765485,0.00169097814942581
"2011-06-17",0.000967699608356687,0.0010313600078168,0.000929131667160858,0.000922758309915258,0.000961577332493232
"2011-06-20",0.000776890243798183,0.000596160119395481,0.000642255223340534,0.000633473644726006,0.000585468925301845
"2011-06-21",0.000830303716993861,0.00106924716522257,0.00143289766487336,0.00144979112856031,0.00152869757991342
"2011-06-22",0.00126104678673693,0.00151995409212048,0.00157496825623687,0.00157596953471042,0.00164751390648268
"2011-06-23",0.00445844442612801,0.00416057977282806,0.00350373795844938,0.00350447137507487,0.0035657022624651
"2011-06-24",0.00168642719454973,0.00137579664852353,0.00144934547467646,0.00145107190132575,0.0012654256640791
"2011-06-27",0.00325829421631278,0.00304022491405823,0.00221835971906463,0.00224006635035292,0.00236949885399218
"2011-06-28",0.00301361798722399,0.00310077720898589,0.00303879728379759,0.00303866619459119,0.00321724759342592
"2011-06-29",0.00137818814352604,0.00147566912484967,0.00143034172646541,0.00143814548113031,0.00135119817990756
"2011-06-30",0.000312444608607812,0.000298435053325074,0.000497273232303741,0.000497834312413348,0.000536980927509265
"2011-07-01",0.00162906503108421,0.00165506170078584,0.00195436933760184,0.00195844883532169,0.00198529981265263
"2011-07-05",2.23911495835969e-06,7.24453765117716e-06,2.35217923418376e-05,2.37696063706784e-05,1.71902876755248e-05
"2011-07-06",0.00033004035191141,0.000321296616536417,0.000271715146519358,0.000274028716846409,0.000292625433768697
"2011-07-07",0.00184970020734454,0.00208946873097713,0.00224136032032163,0.00223174753846321,0.00219252704822906
"2011-07-08",0.000360634128951059,0.000250358338862963,0.00025204575031551,0.000252601501374224,0.000250181058218797
"2011-07-11",0.00124934302968028,0.00117143341742283,0.00122786727220672,0.00122769080981105,0.0012239841567881
"2011-07-12",0.000770526450875436,0.00087379629294036,0.0006599359705916,0.000660583471757556,0.000666007248653661
"2011-07-13",0.00359117749463302,0.00343510108865327,0.00376267411225301,0.00375357837998113,0.00360799849023512
"2011-07-14",0.000343851419468955,0.000367534574758093,0.000304314532897098,0.00030378320268627,0.000347892571515121
"2011-07-15",0.00330327607676007,0.00301030669648041,0.00284516714624035,0.00285420934195996,0.00283672153433993
"2011-07-18",4.75767144294169e-06,2.46381502879159e-05,5.23512194640396e-05,5.12549301009652e-05,6.07896865664891e-05
"2011-07-19",0.000526150045034261,0.000584862768097663,0.000712421723747391,0.00070808164328266,0.000714730657382943
"2011-07-20",0.00346764306764903,0.00316287091746287,0.0032620019358405,0.00324435476879923,0.00322071827577128
"2011-07-21",0.00118253708709031,0.00150141366186792,0.00164001382499891,0.00164697390381228,0.00150206767240879
"2011-07-22",0.00292907133153772,0.00270259260391635,0.00275834761016711,0.0027655871124925,0.00270134370666372
"2011-07-25",0.00029303868347622,0.000548620159804616,0.000491186827971849,0.000479327241355443,0.000423618209901254
"2011-07-26",0.00105578565604064,0.000918364788176756,0.000998549340647696,0.000996652315523466,0.000996785453298883
"2011-07-27",0.00363082460736342,0.00353928165371088,0.00341259102142694,0.00342314267038465,0.00356019804953758
"2011-07-28",7.99534968326348e-06,1.90173916759135e-05,2.92776006633385e-05,2.91773712398047e-05,9.05349525630783e-05
"2011-07-29",0.00174178930147483,0.00179646090362758,0.00209392016533065,0.00210259257688894,0.00208818454113408
"2011-08-01",0.00052812466756831,0.00076631652034454,0.00158396130265776,0.00159015258263659,0.0015008153568916
"2011-08-02",9.02007140841381e-05,4.33501586042595e-05,4.7156199888338e-10,1.53702904522999e-08,1.48792309605052e-06
"2011-08-03",0.00636231454300655,0.00654687310853248,0.00667010797542056,0.00667682589724617,0.00659746657754069
"2011-08-04",0.00257556878022517,0.00332696763499318,0.00336381158034032,0.00336562125256719,0.00352524292583218
"2011-08-05",0.0747777578507188,0.0795378323057784,0.0818158807922655,0.081843261523963,0.0833975840273549
"2011-08-08",0.00669853702779395,0.00991053957594173,0.0122022061065484,0.0122307343087151,0.0134186736348515
"2011-08-09",0.0054987773357234,0.00882898078951701,0.0114752346770896,0.0114038242878955,0.0125523730281124
"2011-08-10",0.00388487230090515,0.00168621417460954,0.00067419780022982,0.000709971746592029,0.000280012526641247
"2011-08-11",0.019496390031921,0.0152215010402069,0.0123842732725485,0.0124962411312193,0.0117025565674263
"2011-08-12",0.0208107169153493,0.0187213699141582,0.0166420985141573,0.0167339959038068,0.0153451460830261
"2011-08-15",0.00431570062484001,0.00381522643106327,0.00345717081115512,0.00346932670485299,0.00324010404499626
"2011-08-16",0.000183208363878993,0.000108159286118234,0.000109380486170356,0.000105320604089996,6.93753938477707e-05
"2011-08-17",0.00103125875713872,0.000926128026261257,0.000924503622985025,0.00092814969634319,0.000956323806459604
"2011-08-18",0.00549729822065438,0.00534710755832744,0.00499543211395212,0.00491479160056022,0.00461334223846232
"2011-08-19",0.000338245511265668,0.000516425340658451,0.000621448149677416,0.000616763123253727,0.000657501704633596
"2011-08-22",0.000264851518152667,0.000343489047511618,0.000441040563174522,0.00044339199162905,0.000534093223498958
"2011-08-23",0.00111120066854412,0.000930229425289889,0.000855127494951052,0.000873212522063941,0.000766412700815056
"2011-08-24",0.0017887296462845,0.00156722744991284,0.001623980922868,0.00160147896850869,0.00166682972471615
"2011-08-25",0.000362328574954309,0.00036371660367912,0.000351298416330158,0.000353133056007589,0.000413371826336907
"2011-08-26",0.0014318100040975,0.00119094608143826,0.00119370400411742,0.00117979469285774,0.0013001094288073
"2011-08-29",0.0145534077045688,0.0133483407892977,0.0127854736134581,0.0127339015180552,0.0125414952975893
"2011-08-30",0.000250727868140354,0.000273972056915846,0.000232520359611668,0.000232250554670916,0.000242741282957346
"2011-08-31",6.35075239496746e-05,6.50146605596548e-05,5.59059557746983e-05,5.73637932838137e-05,6.4910133601565e-05
"2011-09-01",0.000137005466817514,0.000136816206449127,0.00017921520816904,0.000190081338217702,0.000208676925593696
"2011-09-02",0.000654017957809942,0.000545954964438285,0.00061458368134763,0.000633184907995748,0.000536416594671588
"2011-09-06",0.00469822867620959,0.00479917196931635,0.00472197429504372,0.00469872944662271,0.00494059808689279
"2011-09-07",0.0109572690039781,0.0108601991828573,0.0106496605268988,0.0107064005596882,0.0109452375094429
"2011-09-08",0.000791115524040759,0.000696687727780562,0.000718136123810746,0.000719938743592989,0.000660309851353396
"2011-09-09",0.000590196363190401,0.000678563858879919,0.000689417721492071,0.000699627244651397,0.000669630394208972
"2011-09-12",0.000970162956205045,0.00119592920712486,0.00127440755885532,0.00127682368644448,0.00133215063598258
"2011-09-13",0.00264176005371677,0.00242102831328753,0.00242350004147162,0.00241086096760366,0.00234974839692456
"2011-09-14",0.00277533461519567,0.00253524075518335,0.00268491913810162,0.00268667260393053,0.00257109293357835
"2011-09-15",0.000852868533010525,0.000645764990416179,0.000647868419401695,0.000646437158910482,0.000616164817595891
"2011-09-16",0.00107180287483192,0.00103311341564208,0.00111200475513432,0.00110991911029985,0.00110560725003205
"2011-09-19",0.00650492192984549,0.00677418633522465,0.00715600691230775,0.00714442989422176,0.00719906937883019
"2011-09-20",0.000428221025474792,0.000328504447558677,0.000320159224715414,0.000317425008401202,0.00030742937362303
"2011-09-21",0.00191291522204087,0.00166465187161057,0.00137791721541438,0.00136894882509528,0.00138114771917748
"2011-09-22",0.0155046696674564,0.0160631276440719,0.0160852913810206,0.0161387648146925,0.0160798855555814
"2011-09-23",0.00294267097545208,0.00222363013999403,0.00192564218541525,0.00191623346176655,0.00176837389068931
"2011-09-26",0.00461569887131823,0.005373792569788,0.00576098284161021,0.00575697593469686,0.00606855556528624
"2011-09-27",0.00245363306045746,0.00246059510387065,0.00231381238086054,0.00231934121576145,0.00228768066180396
"2011-09-28",0.000124096627364023,0.000119802541190128,0.000187214404782413,0.000187920939212538,0.000196161331693469
"2011-09-29",0.000515016024529678,0.000460679174757703,0.000505482005932786,0.00049721064824543,0.000444358519104803
"2011-09-30",0.000233848162059179,0.00030413434949072,0.00034628952081414,0.000348379611198335,0.000344440679997671
"2011-10-03",0.00945672218857564,0.0101617805135229,0.0103341090002937,0.0103472494524661,0.0104478756264556
"2011-10-04",0.053772149746034,0.0550190797516211,0.0548762281017825,0.0548124519643779,0.0551548555360509
"2011-10-05",0.00753527816178061,0.00721572778978844,0.00652248019445755,0.00659964951999137,0.0066053720637761
"2011-10-06",0.000978318021505855,0.00102950749466426,0.000880280839940694,0.000885721422920534,0.000945135932319927
"2011-10-07",0.0104992064271461,0.0111521656858385,0.0114207342733708,0.0114475676416333,0.0115806236310255
"2011-10-10",0.0165429456502127,0.0152631177589647,0.0151117185471603,0.0151683540648644,0.0151573208735493
"2011-10-11",6.57389709330746e-05,0.000110953429151939,0.000151550541665256,0.000151787856921606,0.000153808086148091
"2011-10-12",0.000454724144341997,0.00051518163073133,0.000608234670691313,0.000607313872117983,0.000652127517599875
"2011-10-13",0.00516776074571433,0.00545817718275588,0.00564196546190399,0.00564446842845701,0.00581215065637232
"2011-10-14",0.00638502286581946,0.00609646492788646,0.00635071431208897,0.00635048939755598,0.0064590368916648
"2011-10-17",0.00688710530981859,0.00693336264905249,0.00697937543262446,0.00700427713208368,0.00702143949654683
"2011-10-18",0.000259877263186554,0.000392640406670991,0.000447445808995244,0.000450462709971674,0.000448051223723265
"2011-10-19",0.00287419726451841,0.00322938895783293,0.00314235417149999,0.00313885672525022,0.00321040284235101
"2011-10-20",0.000156291472552998,0.000141327124508076,0.000200633568715114,0.000200833127140057,0.000218282635117389
"2011-10-21",0.00731360354358399,0.00678224494373936,0.00680755730518323,0.00679925701164249,0.0068540145723136
"2011-10-24",0.000375900579508182,0.000240926985796849,0.000274186143869723,0.000289257621702582,0.000347633073491628
"2011-10-25",0.000268905591511121,0.000204449332734051,0.000197549738224641,0.000192496794925364,0.000212926129177741
"2011-10-26",0.000175691147361337,0.000234700457348499,0.000498349504572044,0.000496269246187568,0.000516102187157336
"2011-10-27",0.00287996795005032,0.00273987475348979,0.00256078131475537,0.00256124171358732,0.00233098654869814
"2011-10-28",0.00202326114028778,0.00208242212068746,0.002060604877526,0.0020519984302146,0.00207829742630162
"2011-10-31",0.000299870148027071,0.000235673167858839,0.000251863158623649,0.000251444236587672,0.000256812023831521
"2011-11-01",0.00340777541410205,0.00310640926343094,0.00298539870247336,0.00298682479417894,0.00296808568372249
"2011-11-02",0.00397321621483739,0.00328760697778681,0.00330858088062125,0.00329789054826992,0.00325518877412857
"2011-11-03",0.000290216448465789,0.000254357090365174,0.000234002073781885,0.000235647080124701,0.00024462849164672
"2011-11-04",0.00440580536734966,0.00430121734139148,0.00435937631940155,0.0043396710484779,0.00433264717528593
"2011-11-07",3.29620183153917e-06,3.94361668364928e-06,6.17448454670518e-06,6.53039955415826e-06,7.50678569286138e-06
"2011-11-08",0.000286797088687122,0.000277974646804106,0.00017302966756769,0.000176298854798391,0.000187607497735349
"2011-11-09",0.000261762346979097,0.000310501068138203,0.000317984718168259,0.000316304282179735,0.000316642317430509
"2011-11-10",0.00861894055873054,0.00903587122044651,0.00862953944442522,0.00863672383981611,0.00862656240897735
"2011-11-11",0.000208642283818804,0.000261577491201197,0.00041852783256424,0.000417778140396248,0.000432529051998463
"2011-11-14",2.50441614178491e-05,0.000104452472983685,0.000166856088693868,0.00017022595848391,0.000206020719396439
"2011-11-15",0.00270925855491375,0.00320459942484276,0.00373779103641886,0.00373809560989072,0.00360566783759876
"2011-11-16",2.25498944296147e-07,1.31962281701906e-06,5.45135468039401e-06,5.32855074385663e-06,5.4365943286556e-06
"2011-11-17",0.00225063566083826,0.00227629093513515,0.00229534230083383,0.00229008975915428,0.00223493922867127
"2011-11-18",0.00220998040007145,0.00191262348355639,0.00195021125871158,0.00194050433618376,0.00190200479837142
"2011-11-21",0.00321867904192195,0.00317645453256859,0.00301956045030412,0.00300895934648271,0.00304055690239704
"2011-11-22",0.0014315243699243,0.00150471623040196,0.00161523448453847,0.00161430561879428,0.00158003293243156
"2011-11-23",0.000514295861538789,0.000508791188202616,0.000516338032574834,0.000512643572682298,0.000509771912170705
"2011-11-25",0.00161194291745274,0.00160652679052476,0.00167904302704296,0.00170176747952819,0.00176802178471655
"2011-11-28",0.00206624915292266,0.00194739036649139,0.00180930830457068,0.00181890227390761,0.00182534326921945
"2011-11-29",0.00260895269943848,0.00252770262297555,0.00259519015554897,0.00261131689273374,0.00261548152377159
"2011-11-30",0.0035366019302884,0.00365460266423138,0.00377175350180129,0.0037706928243024,0.0037348249166046
"2011-12-01",0.000243212166647247,0.000255966986735933,0.000265660149033497,0.000264322360486973,0.000264039609706232
"2011-12-02",0.00178387354771274,0.00183226893844364,0.00190287953642379,0.00190513866798784,0.001892792850523
"2011-12-05",4.19808536035897e-09,5.47768093904966e-08,1.16030162330375e-07,2.97771167622535e-08,3.45991172712633e-09
"2011-12-06",0.000348113289397338,0.000333955038845163,0.000250995010874881,0.000252863068866105,0.000250703075775449
"2011-12-07",7.38961629859927e-06,1.16521107302837e-05,7.07419090564766e-05,6.90839213096279e-05,7.10718204247087e-05
"2011-12-08",0.000277865018467529,0.000278784330953075,0.000213857457195192,0.000213426590654582,0.000219880580948372
"2011-12-09",0.00348138465609502,0.00336213247479861,0.00317377901496117,0.00317797302545124,0.00320069019756764
"2011-12-12",9.92089825968522e-06,9.55571264997766e-06,1.82647085926109e-05,1.84782931522187e-05,1.97566099468263e-05
"2011-12-13",0.000231278367393178,0.000234510969356173,0.000227653818647633,0.000224811988246723,0.000221621182552774
"2011-12-14",0.00109872279822273,0.00111635150310137,0.00116609437398768,0.00116484150274132,0.00116303401063122
"2011-12-15",0.00147001328145927,0.00142747316210389,0.00142646238261058,0.00142295564604247,0.0014631902389587
"2011-12-16",0.00266464577605502,0.00260716082998228,0.00263330630928036,0.00264237185975998,0.00264478960577085
"2011-12-19",1.84689657384592e-05,1.20487904568008e-05,5.4118227259182e-06,5.13807715932669e-06,4.86965525771489e-06
"2011-12-20",0.000667788544107271,0.000649212065893027,0.000634002954109622,0.000635655848784411,0.000655992628601833
"2011-12-21",0.000248882543027638,0.00023259061249788,0.000223896098070872,0.000225063074853496,0.000218004628691071
"2011-12-22",0.00478469587721417,0.00474841933546796,0.00458424436786082,0.00459353519238876,0.00452861063612954
"2011-12-23",0.00156918116533496,0.00155493599292343,0.00150979759522599,0.00150394434834338,0.00151270468295923
"2011-12-27",0.000344012949070288,0.000309976342428034,0.000322115383073064,0.000319809402919419,0.000327961485803965
"2011-12-28",8.28463254855168e-05,5.35334667266423e-05,4.34230081324899e-05,4.65433287986433e-05,5.34932191851558e-05
"2011-12-29",0.000147551791707047,0.000155553963692044,0.000162064719003288,0.000168303843790746,0.000178087745197493
"2011-12-30",0.00231095381425273,0.00229136678803092,0.00227384686924267,0.00230348210093949,0.00236336264522888
"2012-01-03",0.00034560530397812,0.000340579866611301,0.000358531505210214,0.000355591885992368,0.000365055978264371
"2012-01-04",5.12280918799637e-06,6.67964915347323e-06,2.63091831918794e-06,2.31820668381992e-06,3.06584275513741e-06
"2012-01-05",3.06150522102602e-06,5.53350586755945e-06,8.94322238790845e-06,8.02554377079962e-06,8.78450939634626e-06
"2012-01-06",0.000760353587609864,0.000736981869008509,0.00073117076937842,0.000713621457068406,0.00069557207515303
"2012-01-09",0.00217760420696662,0.00220482195489192,0.00223979653944796,0.0022458176876408,0.00224517854960194
"2012-01-10",0.000170405925603595,0.000203972507914705,0.000167462488123694,0.000176365667747831,0.000187784348563061
"2012-01-11",2.36233461452271e-06,3.55821898957207e-06,3.42271583381249e-06,3.04941002211268e-06,6.33563352399396e-06
"2012-01-12",0.000113583966675556,0.000125490319231118,0.000127914658210416,0.000137784110080396,0.00015514705926215
"2012-01-13",0.000895972959165402,0.000888652332522981,0.000925643255312788,0.000921096894441808,0.000947194547409071
"2012-01-17",0.000265743897281321,0.00024642306268899,0.000250513920695761,0.000252519843139843,0.000244045637069805
"2012-01-18",0.000100602553100286,0.000102548116768492,0.000106876327301236,0.000106965075228728,0.000107409179261473
"2012-01-19",0.000184963916652315,0.000182969652123797,0.000155048887427775,0.000144702361208198,0.000161865458549583
"2012-01-20",5.14953385153837e-06,5.25932295214482e-06,6.04428159305187e-06,5.61035284244547e-06,4.20122584320439e-06
"2012-01-23",0.000534010208155957,0.000545052110945865,0.000518345435672099,0.00054263089206034,0.000522423249224813
"2012-01-24",5.73423745208322e-05,5.53249429624671e-05,6.28357788361664e-05,6.0588163905225e-05,5.74343658039444e-05
"2012-01-25",0.0052986569053883,0.005060071319156,0.00520096066872105,0.00520154052605373,0.00524691520638777
"2012-01-26",0.00391912054361209,0.00397824464212106,0.00392573119431945,0.00404425994231002,0.00379205737696721
"2012-01-27",0.000677089426426615,0.000638931105880905,0.000620643370276986,0.000638682475910915,0.000634170617767613
"2012-01-30",0.000187052407763893,0.00025444257346423,0.00029245619275529,0.000271198062068651,0.000254407687065316
"2012-01-31",2.18006411440095e-05,2.34945310380013e-05,1.78433174998294e-05,1.97637076572816e-05,3.40241769997682e-05
"2012-02-01",0.000634422104380738,0.000650423287539961,0.00070875159078166,0.000722184149094797,0.000698743724201016
"2012-02-02",0.000148869589376782,0.000174073380809852,0.000169964452217445,0.000160556055017709,0.000165988986312937
"2012-02-03",0.000957749139462079,0.000990745698838165,0.00108197005431773,0.00114102621212743,0.00116589385648948
"2012-02-06",1.79621391564086e-05,1.66140692786055e-05,1.26226400881769e-05,1.19214682976022e-05,1.25960436971285e-05
"2012-02-07",5.53137151287957e-05,4.31982690758879e-05,5.60716485187507e-05,5.67395612638216e-05,4.12566063620884e-05
"2012-02-08",1.37092200873534e-08,1.17169571499971e-07,8.09627603711722e-08,4.65793220241906e-07,1.70576813939625e-06
"2012-02-09",0.0089178845019323,0.00875507429770435,0.00891416356662343,0.0089223008113986,0.00895550270435222
"2012-02-10",0.00039988486020092,0.000316030001080094,0.000354952132704911,0.000353926066139103,0.000320073473061266
"2012-02-13",6.71870968280125e-05,7.30006923389687e-05,0.000158075364918849,0.000183188565014938,0.000230663993236744
"2012-02-14",0.000915987582515295,0.00110574746993801,0.0012072797372699,0.0012549383389348,0.00130219812335925
"2012-02-15",0.0583515450146535,0.0581579461028929,0.0577699910528892,0.0575753036537001,0.0578841380073919
"2012-02-16",8.0308970086083e-05,4.69851519127979e-05,8.93261616575467e-06,8.1063941499689e-06,3.77226940360396e-06
"2012-02-17",0.00653791235655475,0.0070428659526632,0.00709357020904854,0.00719193230147842,0.00742872758142014
"2012-02-21",0.000212916695585114,0.000325578625297753,0.000260293343180847,0.000259443964427299,0.000289314045732699
"2012-02-22",1.69224408363674e-05,1.40495991685988e-05,6.77767389710863e-06,3.2708720542031e-06,1.74266565222215e-06
"2012-02-23",5.14230993652925e-05,3.99558533760322e-05,3.04214765984327e-05,1.75070922583535e-05,2.17005514549932e-05
"2012-02-24",0.0119757765926047,0.0119296090629357,0.012116463151285,0.0124493946987614,0.0124014698808504
"2012-02-27",0.000970742527482551,0.00101943280941413,0.00102685569058044,0.00100782411563944,0.00105009062600916
"2012-02-28",1.62347446206516e-06,1.44281448249616e-06,5.77401506297694e-06,3.11207128320827e-06,1.60534806442375e-06
"2012-02-29",0.00745583418914299,0.00748745436131761,0.00740160868554293,0.00751370630241252,0.00739949677092462
"2012-03-01",0.000440054014195999,0.000411815013013364,0.000486564368962029,0.00048177014818262,0.00052700883339865
"2012-03-02",0.00787794037755476,0.00786611806984392,0.00813696424595423,0.00819878023597254,0.00818359155098545
"2012-03-05",0.0253834119232664,0.0253245662224416,0.0253489461674902,0.0252167427620803,0.0252548592641854
"2012-03-06",0.00353462465356015,0.00337813137055053,0.00329313989383655,0.00320939275376045,0.00315296741333426
"2012-03-07",0.00142741603333573,0.0012693912305213,0.00143218785922447,0.00140214994670704,0.00141182403086967
"2012-03-08",0.01756279286153,0.0176610212988187,0.0185862434328666,0.0188926536524027,0.0192766858200583
"2012-03-09",0.00743853237759671,0.00727735237048057,0.00760283882387729,0.00768441082506965,0.00768240789073273
"2012-03-12",0.000447018925525048,0.000412673187792977,0.000441607993767698,0.000429038292700241,0.000416179882036919
"2012-03-13",7.02004773147514e-06,5.68653523176508e-06,8.26413384719343e-06,1.03475688805571e-05,8.07275224668876e-06
"2012-03-14",0.0334463466483225,0.0333086809354364,0.0333419722057213,0.0335605105910928,0.0334647861981062
"2012-03-15",0.0062829751679813,0.00578894895038833,0.00560127632718847,0.00576889235181308,0.00567358991587234
"2012-03-16",0.00590577188439622,0.00695060940144402,0.00689880900222731,0.00693823176341583,0.00712467389347224
"2012-03-19",1.8732194192731e-06,2.58356028456113e-05,3.06683149126071e-05,3.00317677282568e-05,3.65575709946155e-05
"2012-03-20",0.00011971829068262,0.000228307326418413,0.000252876595576129,0.000233193081297794,0.000314538655986926
"2012-03-21",0.00454093005805019,0.0046983561630021,0.00493559475264378,0.00502824790469054,0.00505784244613997
"2012-03-22",0.00015483697096915,0.000128261008637346,0.000149605301823691,0.000183658857449485,0.000192785931086308
"2012-03-23",0.00357636007937085,0.00341159741204419,0.00346335737926473,0.00335164044925324,0.00321416224399938
"2012-03-26",0.000563945017465246,0.00058535636182306,0.000642711187135856,0.000627033481112323,0.000703989055462841
"2012-03-27",2.82569840112415e-07,9.20374155224336e-08,4.16786926430318e-07,9.38068659705841e-08,6.09476376406544e-07
"2012-03-28",0.00079047895476305,0.000762011487140673,0.000712457325318172,0.000721161945814246,0.000605022073163821
"2012-03-29",3.26751766159166e-07,5.35514438346966e-07,5.81783578785243e-07,6.09074456773099e-07,1.46207341592462e-06
"2012-03-30",6.67247142906102e-05,6.99653837917477e-05,6.47017448618816e-05,8.39191934410705e-05,6.00208279486091e-05
"2012-04-02",0.000798703894996777,0.000861020356553363,0.000883736252543263,0.000922532793666822,0.00106689074252976
"2012-04-03",0.000605530960369237,0.000655433846221239,0.00066022819017134,0.000632546712113385,0.00068293185228153
"2012-04-04",0.000662542152993682,0.000652528425372943,0.000744346040867361,0.000714117066734451,0.000744933656306037
"2012-04-05",0.00197930710988019,0.00210848006900897,0.00206337359260641,0.00198298680201463,0.00200632270439543
"2012-04-09",0.000511038955249298,0.000411616421182134,0.000307935137799455,0.000336567368851249,0.000423599117221587
"2012-04-10",0.0067997981899973,0.00693325086558263,0.00670633318416975,0.00641740729410171,0.00581178702826152
"2012-04-11",9.43854320627606e-07,2.63593070995463e-10,1.67144500298393e-06,1.37546762905542e-07,5.09286138242743e-06
"2012-04-12",0.000221591404011453,0.000225462697052906,0.000224251675509999,0.00028703329250049,0.000241444830277209
"2012-04-13",0.00114876815361877,0.00109662800591815,0.000897053011474099,0.000892519031132275,0.000924856856217646
"2012-04-16",0.0261589945585107,0.026052884444712,0.0249596483788053,0.0250495519749378,0.0257456521450038
"2012-04-17",0.0019790002930292,0.00235712488711906,0.00249810539907098,0.00265301427690134,0.00270350577504639
"2012-04-18",0.000112130840082955,9.8602248470559e-05,0.000113034605163293,0.00012990464288587,0.000104141355948059
"2012-04-19",1.26680603848875e-07,2.37971044580026e-06,1.78288381356385e-06,9.22952638603773e-07,8.18698018682596e-07
"2012-04-20",3.02337766261104e-05,1.17455823175905e-05,6.41580739031537e-06,3.52929554637958e-06,1.56228197617958e-06
"2012-04-23",0.0180656997452889,0.0187327710019693,0.0185686564141521,0.017984126851674,0.0165570617006636
"2012-04-24",0.00695059671593645,0.0074595228362322,0.00818120586419955,0.00905249659494727,0.00912524279712301
"2012-04-25",0.00567708852864869,0.00586246043152279,0.00561012800537604,0.00594486332334544,0.00563315765864938
"2012-04-26",0.00628966002562834,0.00655291516128602,0.00547003726478018,0.00558618704496531,0.00436708187008801
"2012-04-27",0.00616029703062026,0.00631850364362602,0.005972639906856,0.00611400795803867,0.00582670583691447
"2012-04-30",0.00225652298923384,0.00226448633357843,0.00224949192216284,0.00249810898606496,0.00236024867403501
"2012-05-01",0.000698859880132896,0.000681430684147661,0.000701331997273143,0.000616929058579936,0.000527905061956819
"2012-05-02",2.46336233424388e-07,1.0672730033406e-06,2.41651084027645e-06,9.35766297959962e-08,1.6697318842186e-08
"2012-05-03",0.00394698428087212,0.00393434734545782,0.00405728643111399,0.00410712322070149,0.00449910259079464
"2012-05-04",0.00038614385734571,0.000408701547833711,0.000411374906717508,0.000419728343853992,0.000553760399615772
"2012-05-07",0.00230971898048834,0.00226534245447655,0.00239613666595951,0.00234932879151511,0.00227462807424929
"2012-05-08",0.000475353216706303,0.00044439780672577,0.000496700324176582,0.000438275330664114,0.000388791301571469
"2012-05-09",0.000403945162497343,0.000391645242522956,0.000372134070851446,0.000342298764343241,0.000292330166394676
"2012-05-10",0.00639781093294694,0.00615617305406062,0.00603718348052169,0.00602575961725428,0.00551518836756386
"2012-05-11",0.000531366140542094,0.000525865123023763,0.000615278627587778,0.000708821443808049,0.000553045602525773
"2012-05-14",6.73613537058603e-07,6.02064316690542e-07,1.03217330288058e-06,5.1003703902051e-07,1.19857629369209e-06
"2012-05-15",0.0010153561910913,0.00104899506541988,0.0010414434027518,0.0010327460550212,0.00106197115397439
"2012-05-16",0.000233143256474384,0.000292761811319816,0.000244092538751828,0.000256710540540369,0.000375881242842626
"2012-05-17",0.00148973244662608,0.00150401438959768,0.0015731551744628,0.00156894666842315,0.00176387007731915
"2012-05-18",0.000254458169302863,0.000281356121720152,0.000292327342312611,0.000354379284772456,0.000381094389626419
"2012-05-21",0.000628627325766585,0.000589731215806107,0.000510911567213401,0.000506002320796979,0.000414270914343885
"2012-05-22",0.000227321172281574,0.000246490481609506,0.000143562534680351,0.000138447093496222,0.000204852179638975
"2012-05-23",0.000214560760325209,0.000190661784321396,0.000131787513237177,0.000131045930287898,0.000128712384993828
"2012-05-24",0.000512556210864001,0.000468823923716843,0.000474533923911372,0.00039299550049251,0.000352584120427019
"2012-05-25",0.0104100265166243,0.0103802125798785,0.0100767618335695,0.010100518204632,0.00944380581973686
"2012-05-29",2.61575916550977e-06,2.97964902952522e-07,6.6044096502329e-06,3.68323778232964e-06,1.65929572759152e-05
"2012-05-30",3.70031090443641e-06,1.33050514271244e-06,3.82311340826636e-06,1.73274065362412e-06,5.21217712714445e-07
"2012-05-31",0.000184691063884389,0.000182528170218457,0.000130503441912876,0.000189231227616571,0.000181071678031066
"2012-06-01",0.00081197788172058,0.000730479830043247,0.000762933409493623,0.000794131896541154,0.000630917724067537
"2012-06-04",0.01564344460391,0.0161019713672286,0.0164687960189324,0.0165762693138262,0.0169396763053126
"2012-06-05",0.0037297766709724,0.00383083813136178,0.00349570701861422,0.00346787860489899,0.00371454238139169
"2012-06-06",0.0103448860292687,0.0104523120770203,0.0103757945401109,0.0103052378936057,0.0106093254753682
"2012-06-07",0.000489717140536055,0.00048704187835537,0.000533512841476436,0.000538585125287164,0.000588527999724892
"2012-06-08",0.00473361446597514,0.00458554982820436,0.00446592470649503,0.00456139828437642,0.00429584466459948
"2012-06-11",0.00808396829443318,0.00817043677411724,0.00812792190799161,0.0080228200732034,0.00799666014255651
"2012-06-12",0.000173188504556831,0.000170312508534249,0.000149991349019223,0.000132821729116861,7.39570329012929e-05
"2012-06-13",0.0023496071401625,0.00234535035816208,0.00230781639217601,0.00229499475897346,0.00214615560101874
"2012-06-14",0.000239666846286683,0.000226922179254861,0.000191811349843849,0.000175554133935633,0.000165919165584855
"2012-06-15",0.00613243468768255,0.00602897589889557,0.00577972850434705,0.0055584639089707,0.00557976918232409
"2012-06-18",0.00210140285519245,0.00206743062818536,0.00208475921700331,0.00214913665323804,0.00217228996088089
"2012-06-19",1.30796303633627e-06,1.4641159488261e-07,1.78540037543314e-07,4.01631560594926e-08,1.54612228738623e-06
"2012-06-20",0.000132022521480784,0.000119353741159888,0.000112502926056309,7.6558584241389e-05,7.01220366835473e-05
"2012-06-21",0.00161371442977908,0.00154675245539622,0.00149971993403046,0.00151703642013083,0.00134280704814606
"2012-06-22",0.000842566902676087,0.000782097026966425,0.000761078060160934,0.000825829071704044,0.00078106051972806
"2012-06-25",5.59905513593726e-07,3.2776705392028e-07,3.90641035953955e-07,4.89802276022924e-07,2.20488247632998e-06
"2012-06-26",0.00026233760987096,0.000254483617428017,0.000254538839266655,0.000210691906221247,0.000190139124931138
"2012-06-27",0.0034134596429575,0.00343593536014268,0.00338473823692198,0.00350535005353037,0.00335169517755851
"2012-06-28",0.000188680496854334,0.000188575876394667,0.000183370942905559,0.000160328676748974,0.000140262246756749
"2012-06-29",0.00329269132404648,0.00320228279628313,0.00304377910660757,0.00308493103594916,0.00308668710965634
"2012-07-02",0.00129277473820806,0.00130641823704488,0.00130078523149646,0.00122196214373841,0.00124953276695214
"2012-07-03",0.0018730784983903,0.0018247538054454,0.00187263361444114,0.00192298006811867,0.00179151382659659
"2012-07-05",0.000110183137974472,0.000132483191968387,0.000113502463569194,0.00012951949797913,0.000119996255867882
"2012-07-06",4.98549570366252e-06,4.0123388410144e-06,3.78523695342614e-06,2.97223559624587e-06,1.66790469425575e-08
"2012-07-09",0.000194864709270297,0.000177242021131118,0.000159146620212355,0.000165978846774507,0.000140448180853278
"2012-07-10",0.000450336749699533,0.000410447301088217,0.000376237085989062,0.000328905828242197,0.000413285986005206
"2012-07-11",0.000884586361457859,0.00090050939935154,0.000793883481657123,0.000813762921426977,0.000890464841717743
"2012-07-12",2.16085825060771e-06,1.53159997448614e-06,2.94023353077055e-06,2.82270887007586e-06,5.9787320819158e-06
"2012-07-13",0.00558452038925919,0.00554467377641087,0.00505704341122712,0.00498497830365376,0.00473922433755343
"2012-07-16",8.80757942897694e-05,9.64282001480645e-05,9.37142365471321e-05,0.000102197728473817,0.000139961847045222
"2012-07-17",0.000308697977670869,0.000306561914609547,0.000316033778256912,0.00039536314153933,0.000394173103807834
"2012-07-18",0.00169171701530702,0.00164442096423406,0.00168794912521623,0.00161980004144657,0.00161988070144506
"2012-07-19",2.75212900293669e-05,1.55041755693744e-05,1.81660712972619e-05,2.34758991174607e-05,4.94303715646165e-05
"2012-07-20",0.00082369279765158,0.000832050269290191,0.000804957071205363,0.000497605654447305,0.000480972943320617
"2012-07-23",0.0108646763412795,0.010859507531992,0.0111021195696311,0.0110195863666312,0.0112550154497265
"2012-07-24",3.03268073886727e-05,3.16145305546831e-05,2.74952515058894e-05,7.53148485564254e-06,1.19920375481767e-05
"2012-07-25",0.00259793989829051,0.00261528897510441,0.002886906703084,0.00291510853139541,0.00296555971496212
"2012-07-26",0.00190928953108314,0.00188495144976565,0.00143071710345467,0.00174732251904176,0.00122741976748068
"2012-07-27",0.00194469353175881,0.00193477638535225,0.00164610786995346,0.00171292310129583,0.00148035791763057
"2012-07-30",0.000663051441234624,0.000675569245842605,0.00088241472773364,0.000852148901012944,0.000797139834417842
"2012-07-31",0.000725792538866069,0.000750792487677984,0.000703932757315385,0.00076313589112166,0.000764906574276686
"2012-08-01",0.000354203895358434,0.000352399013360468,0.000306406745564843,0.000310230269398929,0.000266255977519871
"2012-08-02",2.66916351745973e-05,2.64281922750302e-05,3.05228674078281e-05,2.89068430213062e-05,3.84868669078807e-05
"2012-08-03",0.00760974987025257,0.00758755026687867,0.0073592583148539,0.007556321377637,0.00730916507577139
"2012-08-06",4.90073489632968e-05,4.895192092643e-05,5.42823688731439e-05,7.02385849685371e-05,8.51474615618416e-05
"2012-08-07",8.71113193077859e-07,8.36934057941871e-07,7.63223808701389e-09,8.88307809450443e-06,1.54900001586955e-05
"2012-08-08",0.000889032659311633,0.000895859419381343,0.00091213177420127,0.0010165412294343,0.00106919313966521
"2012-08-09",0.0013964779450493,0.00140240085472875,0.00138575790426361,0.00144081731180221,0.0015266719302524
"2012-08-10",0.000983619152167412,0.000994601772327948,0.00101342737031114,0.000913466043673107,0.000895173527461178
"2012-08-13",0.000109306377400031,0.000110725363648753,0.000103753479913263,0.000109818167967932,0.000105383946321864
"2012-08-14",0.000654318560510125,0.000651187681451121,0.000584357996763638,0.000592525939759202,0.000606226406992803
"2012-08-15",0.000204422611431199,0.000211845598953523,0.000231814153360444,0.00026349039722661,0.000311841785467388
"2012-08-16",0.000551180467150817,0.000554621993126715,0.00062656276905513,0.000687962059151531,0.000767845650533704
"2012-08-17",0.000319206299584816,0.000318687971166205,0.000352434776892746,0.000315455807817288,0.00037499381197997
"2012-08-20",0.00256380033571266,0.00256097459837514,0.00260179854702542,0.00246378986079504,0.00236799334101437
"2012-08-21",0.0135940779107219,0.0135288109057992,0.0131823067937288,0.0127320434714375,0.0125546928443586
"2012-08-22",9.70370459396574e-07,3.3647616114535e-06,6.52885740965041e-06,3.19966334137863e-05,5.08482831577343e-05
"2012-08-23",6.70298828871116e-07,1.19960274653422e-06,3.32453222445464e-06,5.84681392404734e-06,1.66842767493629e-05
"2012-08-24",0.00347041232808762,0.00347169982102178,0.00352145820966671,0.00396250822567009,0.00390309856064753
"2012-08-27",0.0002752631751022,0.000276810191674204,0.000261829198137896,0.000248328411065802,0.000329000889634152
"2012-08-28",0.00300450538324055,0.00305003461717144,0.00287013334301419,0.00295821598443873,0.00343345295505185
"2012-08-29",0.00226919274988581,0.00225903867510476,0.00255629695802309,0.00250830134905253,0.00259996165137548
"2012-08-30",0.000120564731851037,0.00011664832745894,0.000102625980570212,9.60761826757736e-05,0.000130195124489295
"2012-08-31",0.00068856970775578,0.000668292327431563,0.00066895893886946,0.000635863536371488,0.000680414200659132
"2012-09-04",5.1471390310966e-06,9.82740739690231e-06,1.70885687926977e-05,2.4849489251828e-05,3.61352752640748e-05
"2012-09-05",6.95690709347244e-05,6.39547046809843e-05,6.23141073012903e-05,7.44563740141999e-05,7.84723099221671e-05
"2012-09-06",0.000893086893726626,0.000889795489940449,0.000845460935524119,0.000828374373186572,0.00083637344261587
"2012-09-07",0.0005051246424658,0.000498006770204778,0.000612381473104692,0.000632762250748418,0.000599172523331345
"2012-09-10",0.0029200940748191,0.00290210997747294,0.00285086698465014,0.00289325108027919,0.00286790178500683
"2012-09-11",0.00235482439949827,0.00232506037250885,0.00217927710435817,0.00167894655070341,0.00201244992098169
"2012-09-12",0.00949174333356547,0.00938505307077177,0.00900700999271859,0.00850502657954635,0.00766001861169768
"2012-09-13",0.00700021291293022,0.0071541827160833,0.00722576169809668,0.00777961676341457,0.00844581140739579
"2012-09-14",0.00216015909895641,0.00207502868809098,0.00192699706238552,0.00164244657240696,0.00153148419778818
"2012-09-17",0.00132701089290913,0.00128563450207708,0.00105858905568587,0.000971882373101327,0.0010643210086341
"2012-09-18",0.000660170570026992,0.000665153308186512,0.000570344198413818,0.000631592529469796,0.000772837493853773
"2012-09-19",0.00106520067387046,0.00105858231739514,0.00127389219798723,0.0012650278140949,0.00128021447399258
"2012-09-20",4.61196487453053e-05,4.53062062707178e-05,4.92492872731936e-05,7.40625528361371e-05,8.1385475248022e-05
"2012-09-21",0.00108910487136414,0.00107609907921875,0.00117592529796241,0.00112776706699259,0.00118174452856588
"2012-09-24",0.0142804426824422,0.0141966816792766,0.0143378933160174,0.0143013781722956,0.0141755085502928
"2012-09-25",5.74429839085917e-06,9.54570101065306e-06,6.80628828691768e-06,4.18975814520516e-05,3.20524344480796e-05
"2012-09-26",0.00464833831684782,0.00462866627807669,0.00478727148741732,0.00484396266763057,0.00466074169446196
"2012-09-27",0.000236371420728356,0.000249206554431679,0.000205464584912178,0.000235222319686373,0.000228346067435985
"2012-09-28",0.00029427230065424,0.000294819943403493,0.000281941767075244,0.000283647307402254,0.000341722668751243
"2012-10-01",0.00185241941109086,0.00193014405859351,0.00186293889760969,0.00171304014175172,0.00157016707624681
"2012-10-02",0.00123796674870989,0.00132551761083159,0.00114462247716546,0.00120516682108436,0.00110943819267789
"2012-10-03",0.00472574282344542,0.00472989611516763,0.00483130854394902,0.00485802638896,0.00519356030662987
"2012-10-04",0.00128586037504166,0.00131944745661316,0.00145369670344818,0.00135278802682073,0.00137463919833766
"2012-10-05",5.67089661763236e-05,4.69272543810844e-05,4.54586180078388e-05,4.29344186309525e-05,1.78613632913679e-05
"2012-10-08",0.0095590040562805,0.00927572465831786,0.00935645228655576,0.00970919584604635,0.00976409571238647
"2012-10-09",0.00380870356171451,0.00368910884338459,0.00351703135599057,0.0032525451989245,0.00284700608751643
"2012-10-10",0.0061496332601861,0.00646985348728938,0.00634227420650025,0.00616639754455454,0.00643888724970442
"2012-10-11",0.000450945805501854,0.000441502841228881,0.000516558626747983,0.000480864775482947,0.000444187078711694
"2012-10-12",0.000306695319923534,0.000314857883013394,0.000323960341598126,0.000527256287387348,0.000651347761049083
"2012-10-15",0.000476026503058625,0.000470250175537074,0.000500798490069272,0.000511616891264719,0.000559081811919491
"2012-10-16",0.00167943100448765,0.0017368627188331,0.00167118138966817,0.00171191020266141,0.00194400267077597
"2012-10-17",0.00144946915111106,0.00149409560008175,0.00152774258212722,0.00168384798148453,0.0018065561335534
"2012-10-18",0.000496906712613092,0.000509132003095209,0.000526846437757113,0.000509513480842518,0.000780002264291856
"2012-10-19",0.000569926842459801,0.000543611179171503,0.000484645606604183,0.000216679854827747,0.00042421071506764
"2012-10-22",0.00225987692931953,0.00253049087677797,0.00263544413537104,0.00229843005538592,0.00181912341708225
"2012-10-23",0.0173332699359986,0.0175176464845972,0.0191945469986854,0.0189314200780079,0.0182486629026796
"2012-10-24",0.000908504767205228,0.0010319471541927,0.000809218110169453,0.000797674075656561,0.000705611014961236
"2012-10-25",0.00217992016434863,0.00222992510302444,0.00203183101596978,0.00226063442139699,0.00118073306193234
"2012-10-26",0.00467621747519617,0.00464760918061337,0.00397602203429594,0.00406087569063958,0.00485440915428991
"2012-10-31",0.00225045627650904,0.00227619593477211,0.0024791209015673,0.00269129448148803,0.00267020501731494
"2012-11-01",0.0100106602891196,0.0100022296101336,0.00980258455713569,0.00941124923844364,0.00933100007488287
"2012-11-02",0.0006413848987942,0.000628680602216856,0.000473191770771517,0.000745282874120312,0.00066090205579741
"2012-11-05",0.0088349854381125,0.00884032862210367,0.0089794496958312,0.00875406881021872,0.00855216295103333
"2012-11-06",0.00913365482527739,0.00932563538017572,0.00830685779929503,0.00920840783374481,0.0096844516374008
"2012-11-07",0.0163586236704932,0.0163935099361898,0.0159632956176787,0.0151233468131513,0.0152359837720863
"2012-11-08",0.0135867932991872,0.0136214160402835,0.0158043128235185,0.0164820343769075,0.0166264822750822
"2012-11-09",0.000789554590819686,0.000781462590534059,0.00106731423220294,0.00084638697363995,0.000820356565530725
"2012-11-12",0.00257106828943175,0.00256895320563889,0.00268097438039076,0.0022012160863465,0.001761958936712
"2012-11-13",0.00013233419103412,0.000162199132422307,0.000127232166163861,0.000250203461277794,0.000207853574307218
"2012-11-14",0.000990223123491146,0.000994879819286761,0.00115525557010803,0.00112282767158495,0.000855612763002424
"2012-11-15",0.00238090643861914,0.0024022771468788,0.00237249224084258,0.00287063788334543,0.00299846807904245
"2012-11-16",0.00793515579142513,0.00794163959021145,0.00821115554219304,0.00904317644699401,0.00990111040888604
"2012-11-19",0.0202359640450865,0.0202006363473121,0.019885754066211,0.0182908480163469,0.0186188260890869
"2012-11-20",5.25165292056157e-05,6.82955255546821e-05,3.02809322801584e-05,8.0148702926374e-05,7.66571266387829e-05
"2012-11-21",0.00550185559452011,0.00551078357099381,0.00659793502722484,0.00699521068887859,0.00729187229762336
"2012-11-23",0.00683442973162884,0.00684993358413058,0.00731476914237912,0.00891548987685302,0.00852996883575299
"2012-11-26",1.13593584342302e-05,1.1369311823886e-05,1.43417148073768e-05,4.9115198944604e-06,2.36673996882601e-05
"2012-11-27",0.00258446676816065,0.00257069681544886,0.00216150853992187,0.00195614568538794,0.00186977618043611
"2012-11-28",0.000499847702366578,0.000494842004008602,0.000763667310664397,0.00063682841287671,0.000600988065425301
"2012-11-29",0.000375622881711147,0.000366707357516825,0.000345630693170862,0.000222358345153864,0.000181958922161732
"2012-11-30",0.00634805794042494,0.00634650913915146,0.00670029494850864,0.00676909809067336,0.00666883237984216
"2012-12-03",3.20547168391862e-05,3.11236870799945e-05,1.46142404700031e-05,2.27192789956539e-07,7.33947256312625e-09
"2012-12-04",0.000894438861240354,0.000904991371574931,0.000867292904622139,0.000768851639517967,0.000648767994679208
"2012-12-05",0.020764477961981,0.020792860792648,0.0205935488704942,0.0205773104643961,0.0206647608357158
"2012-12-06",0.0122358014860489,0.0121775971477437,0.011505469867499,0.0109232806898891,0.0108607415098056
"2012-12-07",0.000991418360338109,0.00100849413328279,0.00141832133029893,0.00154193499164066,0.00196809636105269
"2012-12-10",0.000589111164938367,0.00049265268995422,0.000441063558744381,0.000194938265527073,0.000154523224382797
"2012-12-11",0.0113330435381541,0.0115159951941505,0.0119791959101941,0.0129129071283808,0.0146914617917252
"2012-12-12",0.000403212470356019,0.000404113283936193,0.000459055262579199,0.000489937516434772,0.00070630186583993
"2012-12-13",0.000117239480112664,0.000118904968639435,0.000149081924454753,9.63097618180596e-05,3.79439374310833e-05
"2012-12-14",3.38505699394263e-05,3.49084811267246e-05,2.88710143733037e-05,4.78923551367463e-05,5.57142711072583e-05
"2012-12-17",0.0108168462723205,0.010796800213378,0.0108475763492613,0.0102358706171157,0.0106227230311717
"2012-12-18",0.00858344682761209,0.00875034772095979,0.00972297364896229,0.00891572980786458,0.00923759312181768
"2012-12-19",0.00627288568719102,0.00627493497538485,0.00681731558726577,0.00689738693799835,0.006366992370355
"2012-12-20",0.000342021450518635,0.000323792746875816,0.000325485205733512,0.000399775822909829,0.000383736404801429
"2012-12-21",0.00494967917545742,0.00492618970147525,0.00494852151200396,0.00547670518911872,0.0054733038711829
"2012-12-24",0.000115496858594168,0.000108682650584824,2.88762144834057e-05,1.79428560360765e-06,1.76921526581998e-05
"2012-12-26",0.00126381841593658,0.00124335327652229,0.00136148867833366,0.00149752875946735,0.00161397570100176
"2012-12-27",0.000106257644696546,0.000101839339417388,0.000117601354222164,3.30881997808458e-05,8.28613864229083e-06
"2012-12-28",0.00170440183481581,0.00168199124977715,0.00142856815114503,0.00132126750798882,0.00124709692902828
"2012-12-31",0.0102705963965237,0.0102782873141817,0.0106783600526306,0.0105509112276369,0.0102852296441459
"2013-01-02",0.00126874873882673,0.00121680926224399,0.00091822785758063,0.000872817773982687,0.000792406833432748
"2013-01-03",0.00497145915547907,0.00499857226917101,0.0049074653857473,0.00473004121207402,0.00508292170472959
"2013-01-04",5.98457885328579e-06,8.73185783493423e-06,9.87757536410118e-06,3.23364676335704e-05,5.95628859251362e-06
"2013-01-07",0.00162761448542481,0.00159454339200168,0.00138269631890672,0.000689190851004474,0.000827669106287049
"2013-01-08",3.53364378635984e-08,4.00616812502483e-08,1.85916039071378e-05,0.000108633750396085,2.76973847950082e-05
"2013-01-09",0.00199923032632601,0.00208128091626634,0.00187442540249241,0.00204769590684223,0.00104499365736743
"2013-01-10",0.00090143261669123,0.000869348313041257,0.00083026608988766,0.000810863780381261,0.00106462841177625
"2013-01-11",0.00723356177572197,0.00724705927962044,0.00692381255600352,0.00700282316309816,0.00767850427815752
"2013-01-14",0.00872769754570389,0.00865243986049112,0.00805284783893056,0.00995865310478506,0.0104385501833781
"2013-01-15",0.00025532523236929,0.000228625180677651,0.000145068388034517,0.000143813085716384,9.90892218320641e-05
"2013-01-16",0.00433902931208097,0.0043756650423537,0.00431065722164749,0.00466380332144938,0.00525594220162522
"2013-01-17",0.00137543625307516,0.00139574657047041,0.00139114324829242,0.0017287711055914,0.00133200616703663
"2013-01-18",0.00460925168840654,0.00462246648814919,0.0049333218346453,0.00511124931263767,0.00424689822089228
"2013-01-22",0.0016847935625838,0.0016908939495205,0.00218116891429484,0.00262457383472052,0.00245569446098637
"2013-01-23",0.000790542343621547,0.000778940257080838,0.000924310307574345,0.00100835069585108,0.000752972877768547
"2013-01-24",0.00975988370803007,0.00970031902692046,0.0101719546753978,0.00985160044036994,0.00957416925782413
"2013-01-25",0.00161625998120524,0.001634947833817,0.00208616459742954,0.00163849881871644,0.00155481628552391
"2013-01-28",0.000339453108536478,0.000321828935276409,0.000205319055686287,7.00587975625171e-05,3.84249055588997e-08
"2013-01-29",0.0123222664507302,0.0123267002463334,0.0117103008756492,0.0126036544767892,0.0129700457688987
"2013-01-30",0.000423220719456515,0.000408222181166316,0.000154463146663201,0.000159075834191005,0.000144614891956854
"2013-01-31",0.00367895459743833,0.00358628752681627,0.00352443822667226,0.0030646278108865,0.00267706001497615
"2013-02-01",5.97203900362437e-05,5.82880950813129e-05,4.37753883091391e-05,6.26878709679094e-05,4.38556593720218e-05
"2013-02-04",0.000661156393586572,0.000660370796630057,0.000635132478753307,0.000637786375184128,0.000520457316454025
"2013-02-05",1.20462672911191e-05,1.22831347712335e-05,3.85389737864961e-06,4.34839843515947e-07,1.74257803952789e-05
"2013-02-06",0.0049140916450256,0.00499532532626142,0.00523795288816313,0.00501668642005579,0.00537569681201507
"2013-02-07",5.56478430852773e-06,5.18739266757786e-06,1.31460628441865e-08,1.12765467826957e-05,2.0909411694089e-05
"2013-02-08",0.0174947363261132,0.0176323743181199,0.017238923399763,0.0171067486261395,0.0164739607989131
"2013-02-11",0.000228567639550662,0.00023833274748169,0.000386884872547045,0.000397845861345453,0.000348821666647974
"2013-02-12",0.00167862907550056,0.00175084654662448,0.00186139892783376,0.00175725414484739,0.00162730928125523
"2013-02-13",0.000393770231671409,0.000390216003319898,0.000439257678036151,0.000400101563528624,0.000547180845703941
"2013-02-14",0.0031032018206718,0.00310259916751016,0.00329814565135852,0.00355650738161932,0.00379047612298083
"2013-02-15",0.00372879985516256,0.00377052830029108,0.00367385540577442,0.00394818928395556,0.00421219178632017
"2013-02-19",0.00137115567120413,0.00134780080891515,0.00137276785433847,0.00146070405961399,0.00132782697474137
"2013-02-20",0.00021234937426602,0.000203358019794823,0.000270025968070652,0.00032086751315697,0.000387032313296781
"2013-02-21",0.000419541778243378,0.000398058931484702,0.000360468929593345,0.000347831960754329,0.000430594899426953
"2013-02-22",0.00533672548148571,0.00535722318178204,0.00537505438908055,0.00527810970077381,0.00505319175152638
"2013-02-25",0.000163949563750109,0.00016166028274452,0.00016143135331977,0.000102209949210683,0.000103387768834702
"2013-02-26",0.004622730244038,0.00455149520796347,0.00525776396884004,0.0047205885748912,0.00450930137247152
"2013-02-27",0.0131909666001778,0.0131087802733031,0.0137873411059093,0.0141243351134731,0.0141289352250323
"2013-02-28",0.0178056635642268,0.0176163826253313,0.0187849947395108,0.0188250434313169,0.0179859434703383
"2013-03-01",0.000113348988198606,0.000113274084292893,8.75406978434312e-05,7.42201618640211e-05,6.62509754783349e-05
"2013-03-04",5.16434968497535e-05,5.94221071866753e-05,3.02264514903228e-05,3.34839317262566e-05,4.33961083872698e-05
"2013-03-05",0.00104858502053699,0.00103860669761177,0.000899245196815398,0.000760208214512359,0.00077966356583108
"2013-03-06",0.000680495628391908,0.000656946599705899,0.000674447176505214,0.000613045705185144,0.000577558103596082
"2013-03-07",0.000243747540503919,0.00024085389548749,0.000315112559394298,0.000388875612457752,0.000367559458474537
"2013-03-08",0.00170242631095079,0.00166651562111041,0.00180934662613831,0.00203680734501711,0.00129090497382839
"2013-03-11",0.000628459846529534,0.000627229299721388,0.000549350324845872,0.000583480840495462,0.000597444259882332
"2013-03-12",1.60696317873953e-05,1.94078926523607e-05,2.2532226646624e-05,1.35100744912619e-06,1.49636675222531e-06
"2013-03-13",0.00139875490263467,0.0013957486337545,0.00158016053373976,0.00161192100721637,0.00138865858321072
"2013-03-14",0.00229986022270746,0.0022902660676616,0.0025696113860612,0.00273184364504145,0.00248843816222068
"2013-03-15",0.000910868076965553,0.000908730552792398,0.000936980572175877,0.00110244685803078,0.00114737023382111
"2013-03-18",0.00170701930831405,0.00170860635740729,0.0016141740510524,0.00175857071864712,0.00174494835180513
"2013-03-19",0.000801424668811917,0.000781804934135286,0.000580977422132247,0.000623381882045142,0.0005310497825201
"2013-03-20",0.00433516551046528,0.00439290498926133,0.00419557357619849,0.00434459970885314,0.00455029790417922
"2013-03-21",4.7971314287259e-05,4.83022648272677e-05,8.10640223534167e-05,4.78925534811906e-05,2.73352710323876e-05
"2013-03-22",0.00389706884108086,0.00387517958199227,0.0041344631563838,0.00435174912779112,0.0040542812861496
"2013-03-25",0.0010131963862747,0.00102700201442925,0.00112471927239864,0.00104547410077869,0.00109149221852629
"2013-03-26",0.00276606272429265,0.00278950274609097,0.00279997857218245,0.00268601624747188,0.00273440927967077
"2013-03-27",7.66259325417908e-05,7.7064423155203e-05,8.23576981970868e-05,8.61579309233478e-05,8.70203076551727e-05
"2013-03-28",0.00033621827163733,0.000336235689996444,0.000301507547807747,0.000359495763363988,0.000408595881398948
"2013-04-01",0.000674036020600807,0.000681706702915865,0.00079197251897244,0.000583364413757433,0.000562779971975181
"2013-04-02",0.0033131635215916,0.00329282689807349,0.00356206048164856,0.00341877095245879,0.00326842851123819
"2013-04-03",0.00128064686118183,0.00126603363913605,0.00107505434566726,0.0012730411768955,0.00120258563102526
"2013-04-04",0.000225672192185072,0.000216427574150426,0.000314986754351366,0.000300526082217839,0.000309919149605395
"2013-04-05",0.00331874489348265,0.003304754591972,0.00294143894552628,0.00301078822125833,0.0031222159128011
"2013-04-08",0.000205502977242182,0.000206876504217769,0.000164608173669931,9.7156942523808e-05,9.04476987531694e-05
"2013-04-09",0.000422667716434529,0.000419470085611798,0.000346101887687236,0.000351848708360157,0.000383568958311918
"2013-04-10",0.000145105439033678,0.000139576967832125,0.000138183834621272,0.000156243324880665,0.000107867259684765
"2013-04-11",1.64415091659908e-09,7.48283020251443e-09,6.790680948101e-06,7.06715669618145e-06,3.87154136029481e-06
"2013-04-12",0.001750114772643,0.00174157717005557,0.00162278891670308,0.00160728157421547,0.00156450754823999
"2013-04-15",2.53330177690057e-05,2.56133616534655e-05,6.04334357579709e-05,8.75686769712565e-05,8.94898962061582e-05
"2013-04-16",4.4323167017275e-07,9.10885697404754e-07,4.42086136476332e-08,2.79157796065391e-06,1.32822473253388e-05
"2013-04-17",0.0353766614587428,0.0353455412145151,0.0351701762549168,0.0357919876342487,0.0360761396311361
"2013-04-18",3.25627449022732e-05,3.35572063741056e-05,2.82104534062847e-05,1.49376974950681e-06,8.39076937183353e-06
"2013-04-19",0.000823001063692279,0.00081037113603739,0.000977849827124986,0.0014130098879251,0.00120525089812963
"2013-04-22",0.00170957403947209,0.0017695457399429,0.00159847233045404,0.00166666783201286,0.00162724010031322
"2013-04-23",0.000172775265795784,0.000168738809085757,9.7196964773304e-05,0.000132575355959326,0.000144543687983521
"2013-04-24",0.0352290516945605,0.0352884613601554,0.0366185344691698,0.0369880491184927,0.0370798260617154
"2013-04-25",0.0211055883565092,0.0208058028408883,0.0175360705461472,0.0201257746785907,0.0169313046699886
"2013-04-26",0.00462916096162468,0.00443467382424276,0.00364681386551573,0.00335063182829909,0.0028967955619726
"2013-04-29",0.000713660208403515,0.000713256161788523,0.000709004164400615,0.000602554453213846,0.000687281070996019
"2013-04-30",7.96998171253623e-05,7.9256496576769e-05,7.35490396101323e-05,4.40089647856512e-05,4.55244638441554e-05
"2013-05-01",9.26626007811922e-05,8.95681721530636e-05,9.4574630757042e-05,2.11730485101531e-05,3.63151454141906e-05
"2013-05-02",0.00554678434089493,0.00553600625999906,0.0050409612018362,0.00502380555486979,0.0052739318148805
"2013-05-03",0.00644060113818083,0.00642742584647748,0.00658252697772796,0.00672791716706476,0.0063463520893665
"2013-05-06",0.000376244135509315,0.000377262977260054,0.000292944837967013,0.000325664894773148,0.000284772564326008
"2013-05-07",0.0012497442737205,0.00125624655749505,0.00124887873371186,0.00126099705372413,0.00122666606860648
"2013-05-08",0.000743065529153262,0.000743558288623167,0.000885294424154189,0.000968839536511919,0.00122037131381338
"2013-05-09",3.49410898787123e-06,3.45215579322426e-06,7.28636606617025e-06,1.80846597286593e-05,8.40347562278815e-05
"2013-05-10",0.000458308618165526,0.000458289249434699,0.000476568226450828,0.000376932137748798,0.00049800814007249
"2013-05-13",1.39050471796421e-05,1.39241436116373e-05,1.30238727030011e-05,1.78149170864903e-05,2.60197064635571e-05
"2013-05-14",0.000505174460895445,0.000506854602366693,0.000560729051624197,0.000541916564035,0.000454361182576941
"2013-05-15",0.00589525128293227,0.00589501202324133,0.00596959187405604,0.00586855201308592,0.00553385198109589
"2013-05-16",0.00241450519972238,0.00241595632698409,0.00244172175965481,0.00246513962848921,0.00225490592906687
"2013-05-17",0.00544569711426332,0.00544836916383636,0.0051143413371734,0.00532395305737649,0.00632278381378313
"2013-05-20",3.5063120777163e-05,3.52436488564384e-05,2.54652003300532e-05,1.0407506545263e-05,7.79276629664764e-06
"2013-05-21",0.000591567327427588,0.000591936336973406,0.000703883661952792,0.000762660146942014,0.000545631928800269
"2013-05-22",2.01286740357139e-05,2.01333318601985e-05,1.20391458618136e-05,9.2261916592938e-06,6.8513825048639e-05
"2013-05-23",0.00257849588149758,0.00257393647714314,0.00225483912273238,0.00189098744101121,0.002204974829053
"2013-05-24",0.00911844489439469,0.00911718854933075,0.00861344924562855,0.00797728538234359,0.00798845649557188
"2013-05-28",0.00153765184967124,0.00153738148693889,0.00165023175018217,0.00170328068730155,0.00191566145227333
"2013-05-29",0.000199582335629907,0.00020025840703762,0.000229192296418204,0.000149546022989258,0.000225817195693103
"2013-05-30",0.00294207788812842,0.00294679059004605,0.00304727083374325,0.00275581278905997,0.00255785604048136
"2013-05-31",0.000565766296582225,0.000565656429838332,0.000588528431396468,0.000482717072695812,0.000477045816450419
"2013-06-03",0.00431278271969018,0.00431466806666411,0.00444199666799821,0.00452818422522022,0.0045744727719191
"2013-06-04",0.00129679817986238,0.00129606877426107,0.000994814812678612,0.000817037910654418,0.000784643106284722
"2013-06-05",0.00014254989732765,0.000142082286988477,0.000197528651746454,0.000237279132803028,0.000222714569960233
"2013-06-06",0.000397663773147728,0.000397074646323834,0.000463344613006832,0.00056774339345352,0.000654024282556547
"2013-06-07",0.00107609628060777,0.00107768151161946,0.00102906481794263,0.000926319901945074,0.000937061195851168
"2013-06-10",0.00468406344333944,0.00468493050437287,0.00464970340898649,0.00476203601642141,0.00466422217081496
"2013-06-11",0.00291864711608079,0.0029172299330781,0.00295926111855741,0.00295168848419718,0.00269705077591475
"2013-06-12",0.00222660089139919,0.00222717825712495,0.0021893633237972,0.00213188030723202,0.00194848589244276
"2013-06-13",4.17494431941081e-05,4.15672933069078e-05,6.50961999625559e-05,8.15212135470618e-05,8.18886179171157e-05
"2013-06-14",0.00306993438178633,0.00306758569312698,0.00304624989716637,0.00286130351884085,0.00278561194228288
"2013-06-17",0.000115072200269278,0.000114210789127852,0.000125313316397034,0.000148536114733012,0.000141953052596818
"2013-06-18",0.00222335392593201,0.00222259187361633,0.00227447402845817,0.00230082133440388,0.0021725134124048
"2013-06-19",0.000772139191339667,0.000772659008520823,0.000854827552807761,0.000787140575004121,0.000723697003015689
"2013-06-20",0.00085816966669845,0.000854575614870487,0.000869501944456404,0.000922717939614795,0.000995411987817776
"2013-06-21",0.000551532344767823,0.00054764398042186,0.000657232660088441,0.000679266120339553,0.000758745034024821
"2013-06-24",0.00304870798820386,0.00303349116639245,0.00329710985304136,0.00353847127345858,0.00392007159580466
"2013-06-25",0.00304671905802829,0.0030533925987425,0.00290917450234354,0.00266053730912822,0.0021889253995175
"2013-06-26",0.00118545055840434,0.00118070473419281,0.00104051235147219,0.000955862886092153,0.00114901730252367
"2013-06-27",0.000379655463767614,0.000374920026567651,0.000363342253082844,0.000404214464712923,0.000508945169115142
"2013-06-28",0.00204784068260806,0.00205141549091327,0.00196099040741097,0.00170848822150614,0.00160333602356212
"2013-07-01",0.000996801721093461,0.000990302663746465,0.000982674555840362,0.00103696540790094,0.00105534659055942
"2013-07-02",0.000135150382862007,0.000136345259687207,0.000222415720317628,0.000135256436238852,7.78721211494658e-05
"2013-07-03",0.000403799584017865,0.000398827209293936,0.000373435414198416,0.000275861492292104,0.000235379142978164
"2013-07-05",0.00636688788241592,0.00638675849309606,0.00652275609750292,0.00625518515946105,0.00587774731890511
"2013-07-08",0.000324080418732127,0.000323990544619508,0.000309753162271459,0.000368357031359424,0.000374688759229943
"2013-07-09",5.31445232679158e-05,5.84427058798674e-05,5.28543440042283e-05,4.80947386372955e-05,1.05423440300413e-05
"2013-07-10",9.3064101171099e-06,1.26139759716068e-05,7.82074181451882e-06,1.2533208010977e-06,3.14677646404999e-07
"2013-07-11",0.00392706035372073,0.0039231809099382,0.00381887337024055,0.00415350403925879,0.00476686134813505
"2013-07-12",0.00147770223689932,0.00147003056554594,0.00139351431745732,0.00137520939669075,0.00135763420217055
"2013-07-15",0.000265564399255502,0.000266449315249964,0.000284145247199249,0.000306640202688245,1.31705050488964e-05
"2013-07-16",3.31641803091929e-05,3.33947380824496e-05,2.76613769953906e-05,1.47905945418881e-05,8.35155979496911e-05
"2013-07-17",0.00196108616642195,0.00195340617753955,0.00198754676799849,0.00214628371848882,0.00222080955593574
"2013-07-18",0.000501361961592811,0.000502462098799023,0.000547377586495327,0.000333567251795303,0.000352686248853382
"2013-07-19",6.01387596996473e-06,4.95819787273696e-06,7.69662716266452e-07,1.07560783041496e-05,6.34915746270914e-06
"2013-07-22",2.83615862447909e-05,2.72400061324386e-05,4.10131399900092e-05,1.76999629593185e-05,1.15282139209388e-05
"2013-07-23",1.25973464138018e-05,1.14931525399713e-05,7.90182668284495e-06,2.41277163460387e-05,5.34960145114858e-05
"2013-07-24",0.00368866631225941,0.00375641375985365,0.00374464418256555,0.00363559570913744,0.00372100282160153
"2013-07-25",0.00280078620354204,0.00276210122035874,0.00278401386248752,0.00264650091978908,0.00237255400634726
"2013-07-26",0.000735497940456007,0.000721352787452462,0.00071514800088303,0.000766236150345293,0.000749622659011138
"2013-07-29",0.000128521226141744,0.000130960350413357,0.000126084539883095,0.000149645360598439,0.000156619177120743
"2013-07-30",1.04390172765304e-07,1.61802111966936e-07,1.26744674459598e-07,3.26015752440153e-07,1.59427717673258e-06
"2013-07-31",0.000128751451986576,0.000126489318064976,0.000123714225257689,8.76481945169722e-05,5.03679079717221e-05
"2013-08-01",0.00134061724326651,0.00135093205858808,0.00116777906824991,0.000995650993962118,0.00109403253954616
"2013-08-02",0.00217564859541371,0.00216655071122786,0.0022335798541053,0.00216001113045922,0.00231242765800951
"2013-08-05",0.00103732881427309,0.00103625834468406,0.000910469899705437,0.000810179349612366,0.000861890904934122
"2013-08-06",0.000449799522891554,0.000460597388982965,0.000382558294355201,0.000313473579538848,0.000309711523229253
"2013-08-07",7.1491128121788e-05,7.21686993471296e-05,7.33564122221255e-05,2.9073804761798e-05,2.43124810738038e-05
"2013-08-08",0.00243808624086013,0.00244562881948295,0.00198244595377835,0.00223783440535922,0.00229884589467812
"2013-08-09",0.000545389504171924,0.00054650493300845,0.000469812869445198,0.000482317873473944,0.000449787252553084
"2013-08-12",0.000635182076445861,0.000630739658260638,0.000649767388948204,0.00061276123683738,0.000629888661328469
"2013-08-13",0.0133522152848501,0.0133891786477985,0.0133163818028433,0.0134737540840794,0.0133019926480609
"2013-08-14",4.61530326676769e-06,6.46601453123604e-06,9.32851813506282e-06,1.39213975479871e-05,1.1852409826305e-05
"2013-08-15",0.00120741463820438,0.0012054117546223,0.0012606213880219,0.00124486189807925,0.00123526916062252
"2013-08-16",0.00613322382060802,0.0061561201157399,0.00580669983538507,0.00608755306306515,0.00585674002793967
"2013-08-19",0.000440305796814795,0.000436854845102904,0.000491480161581545,0.000453018717263703,0.000448831839914301
"2013-08-20",7.06409332810556e-06,7.11775204294337e-06,9.96236921849669e-06,1.87077340899241e-05,1.57423115105553e-05
"2013-08-21",4.71551285843541e-05,5.11970083163996e-05,3.08438749983087e-05,3.93382005589051e-05,1.2087602931277e-05
"2013-08-22",0.000444026268193287,0.000451431246814943,0.000456221814822448,0.00037547796822128,0.000417489687162476
"2013-08-23",0.00453415216226295,0.00454805572055748,0.00442194904089997,0.00441879695681274,0.00440889684087729
"2013-08-26",6.42145447339876e-05,6.1883748079645e-05,6.21142551823728e-05,5.4503282496748e-05,5.26304614007964e-05
"2013-08-27",0.00535028996626199,0.00537941693250002,0.00575930806567356,0.00578553648980276,0.0058472052195069
"2013-08-28",1.92306055185706e-05,1.94164163928326e-05,1.23048234687169e-05,1.24928066074006e-05,2.94645661832749e-06
"2013-08-29",0.00345741007724359,0.0034501930729849,0.00347159047953619,0.00349563787883836,0.00357888517279835
"2013-08-30",0.000166823023922404,0.0001679852805082,0.000182979905798652,0.000179928840362371,0.000183360759256803
"2013-09-03",0.00373412949443444,0.0037256503606904,0.00383670227690272,0.00383479467424556,0.00385124368135755
"2013-09-04",0.00151865133708948,0.00151618066478102,0.00149147242250095,0.00139454203328894,0.00142738047099265
"2013-09-05",0.00339487823755543,0.00337978162691426,0.00343934429068166,0.00345083425208991,0.00350119927293959
"2013-09-06",0.00101110287190444,0.0010098003520117,0.000973321985522974,0.000970057806336116,0.00102069451117955
"2013-09-09",0.00041496206430869,0.000421086330551353,0.000368669730353973,0.000347634061677199,0.000336911203236629
"2013-09-10",0.0307732538675852,0.0307801458836458,0.0304291805662071,0.0300090373457548,0.0297388127217279
"2013-09-11",9.02710479658656e-05,9.47136014638203e-05,4.76823540976369e-05,1.33815204435884e-05,1.05981902601313e-06
"2013-09-12",0.00464154410867267,0.004586869287959,0.00499087531935909,0.00512017145092211,0.00550197155248168
"2013-09-13",0.0077336964993964,0.00767994985009364,0.00759082244649528,0.00771499266776594,0.00786449437909559
"2013-09-16",0.00462577503700912,0.00462686803366278,0.00469863294892682,0.00450971829219192,0.00456834251006562
"2013-09-17",5.21790393475166e-05,5.05501960877058e-05,4.54179098326795e-05,2.02117989503248e-05,5.28915944891422e-05
"2013-09-18",5.89900668936463e-05,5.72387145933654e-05,6.26347210253134e-05,7.97762791696194e-05,5.61665411226126e-05
"2013-09-19",0.00655910021473643,0.00655420139858238,0.00652100522092291,0.00637202763825902,0.00614720260321639
"2013-09-20",8.76855049594739e-06,8.8142849929605e-06,7.20862377948549e-06,8.18023248095242e-06,1.22604913656234e-05
"2013-09-23",0.0111401585230905,0.0111357392222001,0.0111791486797057,0.0113030214766518,0.011128637097688
"2013-09-24",0.00345102281639886,0.00344187952575895,0.00350904579799847,0.00353104369557128,0.00338499349823222
"2013-09-25",0.000122094711820164,0.000121848290772319,0.000158808949846884,0.000168290157080801,0.000113115035180395
"2013-09-26",0.00502050034493159,0.00500711405047449,0.00492170406143332,0.00485838382722186,0.00486632248549877
"2013-09-27",0.00087974853582403,0.00087802269863761,0.000876249176221963,0.000893960650680824,0.000931054447543632
"2013-09-30",0.00183501619037504,0.00183411099695015,0.00182255321224104,0.00194607786607,0.00195983305645621
"2013-10-01",1.09777179697895e-05,1.1175306013911e-05,8.20336577363503e-06,7.41101256683825e-06,3.67673818155023e-06
"2013-10-02",0.000151986842308821,0.000151175255502802,0.000148740164563115,0.00014928980658259,0.000158318554582654
"2013-10-03",0.000456983353453855,0.000458023632173749,0.000470690052848669,0.000430064317931319,0.000395409507247964
"2013-10-04",0.00249643648197638,0.00249078313528865,0.00247736518564076,0.00245142442808071,0.00243765532192303
"2013-10-07",6.08899294027358e-05,6.09145241692703e-05,7.17559085419567e-05,3.9249209010341e-05,3.58223832935e-05
"2013-10-08",0.0010544222693364,0.0010544876806976,0.00100309854450935,0.000959480530066618,0.000887839686336128
"2013-10-09",1.21571213909874e-05,1.21528680447985e-05,1.11896908250171e-05,9.79861503130464e-06,1.29663907541894e-05
"2013-10-10",0.00209000993768626,0.00209228305926418,0.00186465056446541,0.00176274432531262,0.00162458264233042
"2013-10-11",0.00188757837901127,0.00188634722826305,0.0018737709655599,0.00187820652261381,0.00186673982650165
"2013-10-14",7.64541551354693e-05,7.58415997606576e-05,8.71587430426251e-05,9.42681091943798e-05,9.10076683408915e-05
"2013-10-15",0.000136844765602508,0.000137100557458411,0.000122957853114205,0.000101689129774447,0.000108553614448034
"2013-10-16",0.00190780066286021,0.00190677673945418,0.00193642198956276,0.00182577365929247,0.00177456420981511
"2013-10-17",0.00149143229614342,0.00149175465906172,0.00148535460921866,0.00139080304320822,0.0013974823350289
"2013-10-18",0.000998359176067667,0.000999717874654893,0.0010419678859327,0.000856267199782463,0.000839557580584848
"2013-10-21",0.00294013979086944,0.0029605865128127,0.00286227995070727,0.00284231539147757,0.00284955353617619
"2013-10-22",0.0432665095325863,0.0432032750693503,0.0431975283156148,0.0425946837064646,0.0422002808131189
"2013-10-23",0.00867264840786913,0.00876178324281255,0.00869442853564507,0.00924126893696777,0.00886314022396779
"2013-10-24",0.00488665708382717,0.00487993606246232,0.00460371649436497,0.00475196631783374,0.00404885274318452
"2013-10-25",0.000240230973676188,0.000249812352341366,0.000252223843821868,0.000274471344311731,0.000250373441246234
"2013-10-28",1.84456647368845e-05,1.80201365078127e-05,1.10658875833203e-05,6.44814677143403e-06,8.57124375050546e-06
"2013-10-29",0.0244303848027785,0.0244155423828786,0.0240381166963776,0.0238855829712568,0.0242241982185958
"2013-10-30",0.00208067086119759,0.00212234854051094,0.00222462061832773,0.00234833119431445,0.00259122600019896
"2013-10-31",0.00432482964231265,0.00426399581357472,0.00421554049136946,0.00414455474743507,0.00409261664450011
"2013-11-01",0.00124817391019408,0.00123879661406877,0.00128071345272428,0.00127262285003653,0.00125615024098703
"2013-11-04",6.9243827454151e-06,5.63603267825052e-06,7.49668099622493e-06,1.21795801301829e-05,4.9422812042094e-06
"2013-11-05",7.6939150555477e-07,2.23409589758454e-06,3.35418567168168e-06,8.22073081106297e-06,1.11625421586875e-05
"2013-11-06",0.00081086718869921,0.000811001976591319,0.000819304711661417,0.000855975572658833,0.000819856526780282
"2013-11-07",0.000903793063223708,0.000912052038818284,0.000909662884832286,0.000808921270537724,0.000844429398485314
"2013-11-08",0.00425313717355652,0.00422384478082815,0.0040752528515745,0.00399120074168639,0.00390405402678161
"2013-11-11",0.00185680538445446,0.00187294066822919,0.0019253528053773,0.00194490442999522,0.00199917868324401
"2013-11-12",0.000496365778001787,0.000533236831240453,0.00053147879665772,0.000590191693626925,0.000617495156329049
"2013-11-13",0.00139966464259106,0.00139804606942388,0.00133084621196479,0.00137209118606134,0.00144905485290389
"2013-11-14",0.000480150677909525,0.000485194004933021,0.000472435835875998,0.000475150569131929,0.000509132498120136
"2013-11-15",0.000249024948681566,0.000250387948591769,0.000221505541090409,0.000260568968293977,0.000262035950926257
"2013-11-18",0.000184509948329269,0.000179199623792462,0.00018167943213431,0.000182993863673813,0.000195792719190069
"2013-11-19",3.53481576499208e-05,3.86457001269122e-05,2.99886719581629e-05,2.1380369948916e-05,3.83611744582076e-05
"2013-11-20",0.000311137764555048,0.000308472630869681,0.000324297532921185,0.000309313447913717,0.000316320693872226
"2013-11-21",0.000107744228009015,0.000102268808919411,8.89642270872394e-05,8.6539439884458e-05,6.65304422066185e-05
"2013-11-22",0.00137972392750975,0.00138873730952173,0.00127819507894645,0.00135978436925998,0.00136690295282506
"2013-11-25",1.11276654239779e-06,1.77869557511383e-06,2.46082009571136e-06,2.9866731600295e-06,2.32687453837749e-06
"2013-11-26",1.61513372553744e-06,9.21226092718049e-07,1.35416111137766e-07,4.96062785660548e-08,4.81115081751737e-06
"2013-11-27",3.72367052166565e-06,3.87927419076671e-06,6.82732903101703e-06,7.61293202266151e-06,4.54627889815687e-06
"2013-11-29",2.48120623311853e-05,2.56073740254915e-05,2.94761993805315e-05,3.42125035978066e-05,3.09681482339764e-05
"2013-12-02",0.00588798097575948,0.00592400921020061,0.0058848283890971,0.00598128738763871,0.00573521606535502
"2013-12-03",0.000242769874440162,0.000251788288830487,0.00028571537641038,0.000261878523977875,0.000317159945612523
"2013-12-04",4.55170797840373e-05,4.83117647470959e-05,3.81280603528947e-05,4.24398262435168e-05,4.06411907624067e-05
"2013-12-05",0.000292145533599586,0.000278865910517029,0.000272017230978251,0.000240363654534888,0.000243966876373247
"2013-12-06",0.00183537570020957,0.001846433194027,0.00188050100940766,0.00183518238518591,0.00179237988165442
"2013-12-09",0.000330997160813852,0.000329916655922405,0.000331720739627639,0.000350856706285587,0.000362741189373545
"2013-12-10",1.29919873131538e-07,3.32100807455193e-07,5.13181113533344e-07,8.50637628216383e-07,7.98467868629072e-07
"2013-12-11",0.000587696092206307,0.000582237781170558,0.000575176092978909,0.000578655792740999,0.000614495776219568
"2013-12-12",0.000365497256753172,0.000355624873303242,0.000378914651362445,0.000371285998889307,0.000413531210713271
"2013-12-13",0.000374781950913434,0.000374154130662924,0.000381670493016896,0.000361504906132841,0.000352322003548946
"2013-12-16",0.000149026274314657,0.000132394104577012,0.000133796817703085,0.000149771003471233,0.000160272694407867
"2013-12-17",3.07399511861075e-07,2.81051777731187e-07,6.71251425161968e-09,3.23641135245735e-07,3.35049066400561e-07
"2013-12-18",0.0100204848573646,0.0100225322802312,0.0101004312065367,0.00997905829725325,0.0101317273636071
"2013-12-19",0.00312888967671237,0.00305733714165986,0.00293355384927584,0.00287461934333074,0.00285079477716864
"2013-12-20",0.00521893095809493,0.00523200028819671,0.00530017986417502,0.00547329214246651,0.00539060183129917
"2013-12-23",0.000708981275813356,0.000693301780809232,0.000697351167454086,0.000687275974807451,0.000681250802898038
"2013-12-24",6.31883826177884e-05,6.90253218427499e-05,8.32905136034318e-05,9.09031994341395e-05,0.000100065261001008
"2013-12-26",0.000421912821774365,0.000425863375418983,0.000457937112993718,0.00044456616483374,0.000487241934339592
"2013-12-27",0.000668699483783363,0.000687503264007327,0.000736467988193359,0.000791056610612189,0.000815340006604149
"2013-12-30",0.000227267402796967,0.000225044097555395,0.000215904066745841,0.000197103931244717,0.000185443441541619
"2013-12-31",0.000428500687284013,0.000458639701034358,0.000473769903355343,0.000484008558649954,0.000509999095231904
"2014-01-02",7.7498804666636e-05,7.40485069363681e-05,6.39189510258665e-05,6.96721834444658e-05,7.01343077875475e-05
"2014-01-03",2.69656121961807e-05,3.20876776052175e-05,3.60734500886453e-05,4.35287774027451e-05,4.21427635032725e-05
"2014-01-06",0.00404243172309,0.00402521254609912,0.00394928652408884,0.00391554280339167,0.00392800058129682
"2014-01-07",0.00119235714210699,0.00116615137290439,0.00120976119005518,0.00119629717568192,0.00117219347660308
"2014-01-08",4.14990001177251e-05,4.6986561177152e-05,3.50642710039654e-05,3.6635888202766e-05,2.84571872325311e-05
"2014-01-09",9.21000993111812e-05,0.000100460786280301,0.000103959076555753,0.000120219213819655,0.000134777180388888
"2014-01-10",0.000589249265520019,0.00059038364341155,0.000565194884518838,0.000583183962787629,0.000591833300769443
"2014-01-13",0.00138065860891919,0.00140991078853263,0.00145067141125953,0.00146133758719293,0.00147997965838736
"2014-01-14",0.00143397886958462,0.00142878002244633,0.00133642824452865,0.00125999788442212,0.00128058686169788
"2014-01-15",0.000311176929882384,0.00029193323133292,0.000303692284167736,0.000277213488291734,0.000211115342629826
"2014-01-16",4.17965891853829e-05,4.54771939476613e-05,3.91319454082879e-05,3.69558391936115e-05,4.2128733899806e-05
"2014-01-17",2.79088467235279e-05,3.59914740457093e-05,3.37354705227803e-05,2.76904146747114e-05,3.31249219565887e-05
"2014-01-21",0.00228749543178384,0.0022835384785836,0.00227029819194351,0.00266344579213101,0.0025581874847781
"2014-01-22",1.96043903825195e-05,2.1537939929335e-05,1.96471844140985e-05,3.98523638253007e-05,3.21843771884634e-05
"2014-01-23",2.48391130966505e-07,3.82281012173188e-07,3.13442560815153e-07,8.9193520296832e-07,2.33314489554129e-07
"2014-01-24",0.000253172556143122,0.000236909613686267,0.000198371529757876,0.000188567066467309,0.000180608861716366
"2014-01-27",0.000947515219832811,0.00106362518062602,0.00113476267045672,0.00115893025936644,0.00113749742482656
"2014-01-28",0.0137763035593266,0.013947257334584,0.0142694760878915,0.0142608743807799,0.0143395873635778
"2014-01-29",0.000887340040288755,0.000943482443593032,0.000850593932735626,0.000828147714984756,0.000807831725390733
"2014-01-30",0.00770065520117178,0.00750163474715554,0.00692743147756563,0.00682083364914013,0.00613823127018437
"2014-01-31",0.00184760103685255,0.0019090271400494,0.0019063238558058,0.0019602296134774,0.00177222145285845
"2014-02-03",0.00168646022497527,0.00174220138134834,0.00174904904384006,0.00182684500706522,0.0019102074631794
"2014-02-04",0.00108051961612902,0.00103756646044364,0.00105507149913753,0.000979362893969223,0.000943263326146129
"2014-02-05",0.000331289381367821,0.000317400104407043,0.000318943441749439,0.000299742566618386,0.000273020787956492
"2014-02-06",0.00154157254018993,0.00150623065901826,0.00142322945533399,0.00139768802320227,0.0013411600764264
"2014-02-07",0.00105079841156132,0.00110626158509782,0.0011456778656665,0.0010754058596625,0.0011111912015006
"2014-02-10",0.000847733036235738,0.000851510334789763,0.000846435548296186,0.000858431734781005,0.000881594414993681
"2014-02-11",0.000794104757447435,0.000808984430493604,0.00078042322402819,0.000754809053283086,0.000769111268790798
"2014-02-12",0.000301852278314888,0.000294109052747415,0.000298137433502629,0.000286567950202378,0.000262778358675312
"2014-02-13",0.00251275184997585,0.00254474347004786,0.00267596083512455,0.00271353385979053,0.00272272419928786
"2014-02-14",1.28379767091331e-06,9.84041012825677e-07,1.29264297125233e-06,2.66813486062739e-07,1.69378366253047e-07
"2014-02-18",9.21080169669451e-05,9.94691914408425e-05,0.000106277739103002,0.000102671538144145,0.000113009219932514
"2014-02-19",0.0025424738613752,0.00252733308639245,0.00261409209256061,0.00254400875136323,0.0024908365625769
"2014-02-20",4.74755201970758e-06,5.60191514539366e-06,6.10985330769226e-06,7.10816463404777e-06,2.94300994871331e-06
"2014-02-21",0.00121528217412998,0.00119747255046977,0.00128353422871949,0.00123882007068394,0.00125072859857668
"2014-02-24",0.000813996461272921,0.000797968414486631,0.0007687229693273,0.000758943045139734,0.000721427021459313
"2014-02-25",0.000137341277606938,0.000149234912537429,0.000158674422246627,0.000153365092258339,0.000163403834602826
"2014-02-26",1.42585969301807e-05,1.21706181446387e-05,1.85001833846677e-05,1.92615615528397e-05,1.70839638198767e-05
"2014-02-27",2.42563112086391e-05,2.38040485524767e-05,2.81058344884321e-05,2.05140746554072e-05,2.10985290205309e-05
"2014-02-28",5.84794459696849e-05,5.87451813952559e-05,5.61231709291989e-05,6.48560554921139e-05,7.59378758650871e-05
"2014-03-03",0.000748927438830538,0.000766992867402651,0.000830364503273832,0.000836381980896997,0.000771319145793448
"2014-03-04",0.00300564281988322,0.00293233816060895,0.00289949473902839,0.00290932710824344,0.00285302910899364
"2014-03-05",9.51548903965004e-05,9.9301278598658e-05,0.000112501688174271,0.000127441505179042,0.000142642650324335
"2014-03-06",0.000657041546863041,0.000644831292571961,0.000666621630408119,0.000732895675692049,0.000751383501423971
"2014-03-07",4.60827892530956e-05,4.86921831528509e-05,4.0952603482562e-05,6.40428659194522e-05,5.84902914134126e-05
"2014-03-10",3.73060476990397e-05,3.42008873204838e-05,7.05556261365868e-05,7.79071344360509e-05,8.31241888184882e-05
"2014-03-11",9.6885043024655e-05,9.86250987262641e-05,9.47329489164993e-05,8.95457104840019e-05,6.60270030023571e-05
"2014-03-12",2.47682513694147e-05,2.39099980876753e-05,2.99254395787917e-05,3.31459529726132e-05,2.8244407547023e-05
"2014-03-13",0.000452024391942663,0.000458259599991518,0.000467032638845941,0.000461997637542546,0.000426683287945578
"2014-03-14",7.03727635749238e-05,6.64280139590526e-05,5.95093250711863e-05,5.78668408973175e-05,6.23655582857278e-05
"2014-03-17",0.00116138167770608,0.00114776166065494,0.0010788702926677,0.00104169080823522,0.00102813801192805
"2014-03-18",6.67021977626275e-05,6.78805727331816e-05,6.18877817634088e-05,6.37323495681324e-05,6.11006554350291e-05
"2014-03-19",0.000115814190641794,0.000110923031564188,0.000105544725420927,9.26661529506495e-05,8.12964714553685e-05
"2014-03-20",2.25687193068276e-05,2.14335232642012e-05,1.7555636401985e-05,1.60247240168926e-05,1.50768448213989e-05
"2014-03-21",3.1386685460507e-07,2.58881839066308e-07,1.15384413470848e-07,9.18302785319331e-09,3.33819019176955e-07
"2014-03-24",0.00108754743981168,0.00109677842603105,0.00121408484152096,0.00129091862212009,0.00125992161468109
"2014-03-25",0.000958652377379211,0.000968836494583145,0.0008565254996012,0.000842499229238682,0.000811462514153436
"2014-03-26",8.80127486357433e-05,8.48124857996795e-05,7.35550008005656e-05,8.60686422812595e-05,8.33365573294735e-05
"2014-03-27",0.000454026767879234,0.000447159047860683,0.000512605076307075,0.00052509683741912,0.000518967283257438
"2014-03-28",0.00321275200001995,0.00316457753431254,0.00300388267011112,0.00300508477482312,0.00300408968254337
"2014-03-31",5.9419226149243e-07,3.28345461550457e-07,5.79479797741823e-07,1.79602951964035e-06,1.32498047505886e-06
"2014-04-01",0.000263177764473899,0.000261892422163949,0.000254079851364836,0.000247379738634007,0.000278024699741318
"2014-04-02",3.17991889438439e-05,3.32490194275566e-05,3.42735452573247e-05,3.46737239454968e-05,3.73037266568721e-05
"2014-04-03",0.000193635103099484,0.000199481041999582,0.000209614728171932,0.00022046979003439,0.000220839439584031
"2014-04-04",0.000434252889919254,0.000417384763382261,0.000427146718896598,0.000406737933591976,0.000409412090925378
"2014-04-07",0.000482338746795598,0.000508452629422503,0.000541727910534935,0.000542319981214528,0.000550488702101573
"2014-04-08",1.68082197036987e-08,8.67570128998682e-08,1.75178921194124e-06,1.98651565286339e-06,2.35560957634734e-06
"2014-04-09",0.000757312508855178,0.00078170830265605,0.000713776301673092,0.000679793443208242,0.000668986424586385
"2014-04-10",0.000211996954273351,0.00021789622975561,0.000219876963377712,0.00022310086171357,0.000230393256672172
"2014-04-11",0.000268524453574305,0.000280594877821315,0.000288542118852588,0.000292541866348939,0.000299546464264428
"2014-04-14",0.000680403626328672,0.000665816092535052,0.00060151364277324,0.000558393982479734,0.000580469548117503
"2014-04-15",0.000169853662873865,0.000174571020743228,0.000191396124501913,0.000198890821755296,0.000188558891386982
"2014-04-16",0.000545536607449984,0.00051832781145487,0.000497467476205276,0.00046854066994437,0.00045175958990148
"2014-04-17",0.0016348764185109,0.00162271665721517,0.00158350903705734,0.00157920390883469,0.00164916433978053
"2014-04-21",1.28562498597995e-07,1.44814232705752e-06,3.62840477199393e-07,1.84433351972973e-06,4.15969804147814e-07
"2014-04-22",0.000447445987876732,0.00050085668752127,0.000501154749193105,0.000476736492943189,0.00048929441961985
"2014-04-23",1.86592841217794e-05,1.48231874155068e-05,1.34742201037999e-05,1.0940258524984e-05,1.38275795451129e-05
"2014-04-24",0.00125016849964094,0.00123836334372313,0.00131476095515792,0.00129463888323957,0.00131923240874253
"2014-04-25",0.000622608468538395,0.000612546508985737,0.000603093168822431,0.000639118193040826,0.000639903492377614
"2014-04-28",0.00726644203913918,0.0072639348569502,0.00719143489546411,0.00721801661886168,0.0071683931212629
"2014-04-29",0.000417562055937972,0.000403284224056526,0.000409034305302731,0.00042273146263395,0.000420137388052829
"2014-04-30",7.31124268710795e-06,7.58415117709367e-06,7.11817048821578e-06,5.58753397592096e-06,3.35974483689761e-06
"2014-05-01",0.000505768601707551,0.000507054370505431,0.000513069391724552,0.00051905154241345,0.00055516091573118
"2014-05-02",0.00177252393461978,0.00176264257799121,0.00179846707651949,0.00180169723606421,0.0018205807699701
"2014-05-05",2.36324300640958e-06,3.1979572845159e-06,4.13666570867449e-06,4.37255859362695e-06,7.29303680123449e-06
"2014-05-06",2.56117138080824e-08,3.34711680985973e-08,8.64660150068356e-08,2.0589738734663e-07,1.74679324549269e-09
"2014-05-07",0.00102023664897139,0.000998539036125485,0.000929671166656891,0.000925678063245401,0.000980666049040787
"2014-05-08",0.00123856290258765,0.00122143004784923,0.00122985373412716,0.00121588060132488,0.00121607023011672
"2014-05-09",0.000212764441891612,0.000218471920680365,0.000225346846636986,0.000218663415740484,0.000218945805046481
"2014-05-12",0.000493817488161327,0.000487318954653455,0.000487151928947648,0.000490712950893038,0.000502173972318674
"2014-05-13",2.78217395569742e-05,3.62778166572464e-05,3.71145195412274e-05,4.27846104611301e-05,4.57634709844866e-05
"2014-05-14",5.12854319515875e-05,6.03141595152196e-05,7.10386945437977e-05,7.65350309224861e-05,9.03842127337496e-05
"2014-05-15",0.000241335794189008,0.000247925473250238,0.000232759166242762,0.000222029427887902,0.000216687005443469
"2014-05-16",0.00116601318642673,0.00114590762021685,0.00114321386643096,0.00113715410621245,0.0011353253159021
"2014-05-19",0.000270481024604246,0.000265056959088561,0.000271782101359884,0.000278633637995715,0.000273988690593733
"2014-05-20",1.61708627624307e-07,3.33910113147511e-08,1.20951467540627e-09,8.45272449855216e-09,5.04068701905215e-09
"2014-05-21",0.00101666665506653,0.00100830525508592,0.00102395078537209,0.00104016383316528,0.00101368225368105
"2014-05-22",0.000251657409239612,0.000257209910043281,0.000269084989636527,0.000280143873687331,0.000278943000166439
"2014-05-23",0.000734059058768376,0.000745743841294439,0.000749135999170901,0.00077901429429273,0.00078240831397174
"2014-05-27",0.000206621205821267,0.000195634561731513,0.000186224286196693,0.000173696758614882,0.000171571822392077
"2014-05-28",0.000128191481830767,0.000115271672294053,0.000108131925785338,0.000121135053823724,0.000112412575036227
"2014-05-29",1.8828383104727e-05,1.72811984183157e-05,2.46370143053722e-05,2.70404118907404e-05,2.86132071109845e-05
"2014-05-30",0.00149826567764657,0.00146059639805817,0.00144180435582194,0.00142792526985962,0.00141639956156343
"2014-06-02",0.00146317417137974,0.00143078070909361,0.00132925041982058,0.00130915073360522,0.00129728054849035
"2014-06-03",0.000820866244399149,0.000849567989429387,0.000858636260132971,0.000882325802477382,0.000935505884399126
"2014-06-04",0.000401301100005123,0.000402548460082097,0.00045725375619518,0.000478035575216655,0.000525625633055038
"2014-06-05",5.81558934691636e-05,5.83002950733727e-05,6.06930544259454e-05,7.35763252299757e-05,7.70405989580359e-05
"2014-06-06",0.00012305296161029,0.000119616828236777,0.000117124189662156,0.000109198796871316,0.000109355651021641
"2014-06-09",0.00298405967512876,0.00291887843853197,0.00293148764689661,0.00296023203102214,0.00290396272011462
"2014-06-10",7.08365529884833e-07,9.85360725482822e-07,5.17009522256611e-06,4.49207282859942e-06,6.073701045752e-06
"2014-06-11",0.00133837692425159,0.00136567662042636,0.0013199056759255,0.00136029608293215,0.00136700580156834
"2014-06-12",0.000702735405980183,0.000746041044941238,0.000738997510039644,0.000735188870659497,0.000738698931886482
"2014-06-13",0.000113351710532328,0.000111640114776393,0.000101826420190368,0.000101922534190935,0.00010185252408333
"2014-06-16",0.000877774973896225,0.000876122615090297,0.00089722386825318,0.000882333066348691,0.00087952518721347
"2014-06-17",0.000367430957992177,0.000370116846143132,0.000400015626495342,0.000395138530029573,0.000381376522977376
"2014-06-18",3.57155409510925e-05,3.54560286665701e-05,4.97596651692288e-05,5.36919395784424e-05,5.36050453744881e-05
"2014-06-19",0.000110168173028214,0.000107342080923642,0.000110807800298104,0.00010937459141763,0.000106550244676974
"2014-06-20",0.000442016189110287,0.000466746550488333,0.000481940526539169,0.000482716584278238,0.000490393968076151
"2014-06-23",8.35766246172407e-09,3.8100943955754e-07,5.8767473423806e-08,2.90437651732354e-08,5.59654211186275e-08
"2014-06-24",3.54260783575074e-05,3.18012346700115e-05,2.7703193615149e-05,3.06593161756318e-05,2.97124827216531e-05
"2014-06-25",0.000264246024149102,0.000268971397137048,0.000275850477655508,0.000273592652060492,0.000269512841847
"2014-06-26",1.81734512474422e-07,8.23745792054742e-08,2.01109076001068e-07,4.86464310338784e-07,2.45007498273463e-07
"2014-06-27",0.000329846321023679,0.00033312783751624,0.000317622330841264,0.000298550587887018,0.000292185213139166
"2014-06-30",5.63994777393275e-05,5.41817704222241e-05,5.76262084200921e-05,6.20838336744911e-05,6.98543893679503e-05
"2014-07-01",0.000141620247629971,0.000149163180461607,0.00017290118123278,0.000167969620160187,0.000132160744383029
"2014-07-02",0.000464219654417814,0.00044068346179415,0.000485993297249009,0.000472223948885507,0.000511016294826648
"2014-07-03",0.000585727929044438,0.000563999919087612,0.00053948394881852,0.000525335202433493,0.000503283680446725
"2014-07-07",7.31803153202748e-05,8.35577150188312e-05,7.40110554726371e-05,7.79972340327658e-05,8.45301568681197e-05
"2014-07-08",0.00190698854802503,0.00185921393899858,0.00187822205544897,0.00186039523540395,0.00184313954257922
"2014-07-09",0.000319939147921178,0.000299587242609939,0.000286807089145577,0.00029324641406496,0.00030923739978751
"2014-07-10",9.90790864462429e-05,0.00010267663375517,8.98550834061315e-05,8.62461786935148e-05,7.14197523622913e-05
"2014-07-11",0.000893823855180832,0.000907237978109397,0.000907714032974638,0.00086917047375801,0.000858356753890476
"2014-07-14",0.000896688449070892,0.000910503833459276,0.000882486701479364,0.000895909419722119,0.00087695170417392
"2014-07-15",0.000218162839573744,0.000203741988229277,0.000199849078892426,0.000197694853110362,0.00020364202705535
"2014-07-16",1.17286016867517e-05,1.62583847541083e-05,2.17769922884119e-05,2.13741259644066e-05,1.89900364322886e-05
"2014-07-17",0.00229911641465111,0.00227400929657361,0.00227142740735843,0.00227282077676452,0.00229082334229981
"2014-07-18",0.00149727430755732,0.00148429802286724,0.00147230087625054,0.00146174594194749,0.0014389894549483
"2014-07-21",0.00145633194303041,0.00132005599598807,0.00134570084356388,0.00136826590912233,0.00143746557752249
"2014-07-22",0.000405779625121432,0.000416829154890962,0.000430849297857995,0.000434600658735336,0.000433953077466611
"2014-07-23",0.00444070234007544,0.00442078890767358,0.00433222073721192,0.00432239848732225,0.00434300831857956
"2014-07-24",9.17177485731965e-05,0.000104858605393037,0.000102441719875416,0.000104800555364112,8.30627340461212e-05
"2014-07-25",0.000514541244786195,0.000537191038447529,0.000573971949780519,0.000574568756252117,0.000585870505518055
"2014-07-28",8.03990276873879e-05,6.55157451573059e-05,6.29648626644498e-05,6.75295130866198e-05,7.03579884693875e-05
"2014-07-29",0.000438185894954127,0.00040976535987442,0.000436661617831797,0.000433677013981328,0.000398401991033237
"2014-07-30",0.00025098303717511,0.000266739568361803,0.0002645159045036,0.000267905568627408,0.000250593123260777
"2014-07-31",0.00117089973912441,0.00119692643026502,0.00138193929801795,0.00140792174573072,0.00138782775598442
"2014-08-01",0.000649303637316431,0.000701908674618544,0.000755979103012555,0.000752668260217382,0.000786233014164388
"2014-08-04",0.00329972534443499,0.00315213256401442,0.00308827166790787,0.00306756167539961,0.0030936978924447
"2014-08-05",0.0016400369279049,0.00148749612312092,0.0015666775613353,0.00155735867502253,0.00159571973585961
"2014-08-06",0.00286562833213344,0.00263515901808442,0.00262098974959716,0.00264269876755092,0.00263137753083459
"2014-08-07",2.38303837642926e-05,3.3956805560702e-05,3.60373278027065e-05,3.32561026420905e-05,3.42915118398492e-05
"2014-08-08",3.54444577394476e-05,3.95124502701585e-05,4.72141088459875e-05,4.48538702327653e-05,4.76441635883884e-05
"2014-08-11",0.00341271463981117,0.0034598189522201,0.00349741493582518,0.00349989012678464,0.00350961966577829
"2014-08-12",4.54133673168173e-05,3.6847342098322e-05,3.23884040035826e-05,3.10107020088905e-05,2.24896893347107e-05
"2014-08-13",0.00112561697648814,0.00111937238372835,0.0011508285066591,0.0011722303493403,0.0011760766482227
"2014-08-14",0.000205254388796749,0.000214630502682481,0.000223148989030262,0.000223403982948811,0.000237427953229152
"2014-08-15",0.000536550971706047,0.000497283295829532,0.00055818944456634,0.000541653409158458,0.000558203900840634
"2014-08-18",0.00169019035662303,0.00162772944839026,0.00157991372182966,0.00158139263122731,0.00158636380931651
"2014-08-19",2.48006941955049e-05,1.53603301700147e-05,1.20010808159796e-05,1.0801688957184e-05,8.3067611842092e-06
"2014-08-20",9.40274844100594e-05,8.56750806220835e-05,7.39654249959974e-05,7.17646924444804e-05,5.6631172155691e-05
"2014-08-21",0.000757023101065708,0.000749614092321364,0.000762835854641989,0.000769135335584071,0.000796309971416437
"2014-08-22",8.95947293610729e-07,1.71276892209115e-08,4.16783318519771e-07,5.94197985304812e-07,8.48762471892636e-07
"2014-08-25",0.000101362982275673,9.14704859177838e-05,0.000102406551508948,0.000100500434697857,0.000102261187071835
"2014-08-26",0.000234378818650707,0.00027030364537776,0.000274438811657605,0.000269479096427127,0.000297986214336392
"2014-08-27",0.000174448646166055,0.000145273300489803,0.000143359110749977,0.000145160116410957,0.000134996936889933
"2014-08-28",4.70330682798965e-05,5.7000247066103e-05,5.61168759847011e-05,5.85874317555249e-05,6.16342510609913e-05
"2014-08-29",0.00102657347365474,0.00106152374429866,0.00104947395019467,0.0010400505327305,0.00103250785872675
"2014-09-02",0.00109987014842797,0.00110223039044601,0.00110140796045089,0.00108865782596401,0.00110062769063189
"2014-09-03",0.039445395664555,0.0396603342309877,0.0395065035559217,0.039440025664537,0.0395388338475433
"2014-09-04",0.00125251328172029,0.00143410925196773,0.00152139726414164,0.00155261752838448,0.00157432146357629
"2014-09-05",0.00188328918239787,0.00200948200469257,0.00201531109240502,0.00199907451782887,0.00202040324684201
"2014-09-08",0.00166340892255208,0.00160174716497209,0.00155154675769999,0.00155754464638345,0.00156626690668005
"2014-09-09",0.11878048117329,0.118470625441315,0.118591908478798,0.118591137372636,0.118921355248467
"2014-09-10",0.00219587593977455,0.00229967982006012,0.00241679823534275,0.00237773108502813,0.00246641144369784
"2014-09-11",0.0160830593083447,0.0162551346947611,0.0162546461785843,0.0161642750642854,0.0163213663067539
"2014-09-12",0.000587763001707513,0.000572534582057026,0.000568870707937809,0.000562779776605374,0.000580060471135315
"2014-09-15",0.000153231955659321,0.000155152129137736,0.00015566119192909,0.00016789379608997,0.000156491349523063
"2014-09-16",0.000167350641119422,0.000177106709107929,0.000173876354489091,0.000161462532587183,0.000165552194341832
"2014-09-17",0.000748843989183763,0.00072862084375541,0.00074964068690249,0.000739315880345954,0.000738901908110672
"2014-09-18",0.00428852006671545,0.00413789659546664,0.00406291074868137,0.00400550055481031,0.00401183165542939
"2014-09-19",3.61760960852813e-05,4.79478660626055e-05,5.14641020854815e-05,5.11467352607688e-05,5.3168627222832e-05
"2014-09-22",0.000778086702274338,0.000739638091373716,0.000746360874093118,0.000746918564818432,0.000738830622729029
"2014-09-23",9.6086171185429e-05,8.8145130448003e-05,8.53722053415487e-05,9.54543389150895e-05,9.99568664214346e-05
"2014-09-24",0.00010217214959884,8.86718932598981e-05,8.80495803649888e-05,9.99088952711601e-05,0.000100443777077532
"2014-09-25",0.0042417634354277,0.00420204036388413,0.0042226837038844,0.00420666877958363,0.00421189726958495
"2014-09-26",0.00595262310166796,0.00584931215823983,0.0057090554943323,0.00567106521069682,0.00570462695025396
"2014-09-29",0.000184096784997871,0.000190865782290104,0.000200324640925921,0.000209283674269984,0.000206590012095803
"2014-09-30",8.5359523077755e-05,7.69330457946229e-05,8.43467333112687e-05,8.76047952986752e-05,8.48038912637795e-05
"2014-10-01",4.70911729179968e-05,6.64364650148004e-05,7.48813873842238e-05,7.30877035848183e-05,7.48781050832759e-05
"2014-10-02",0.000254812767068835,0.000335804752769864,0.000343463421022205,0.000339003918695235,0.000345556728958682
"2014-10-03",0.00224368229558501,0.00214923598645445,0.0021281648787521,0.00207124445433391,0.00207268106921431
"2014-10-06",3.75520219976747e-10,9.35818224924065e-08,3.679710224115e-08,3.9148673559899e-09,1.77135893034428e-08
"2014-10-07",6.03984445294065e-05,6.92408598706356e-05,5.77531731730777e-05,5.77111625252593e-05,5.81052793996765e-05
"2014-10-08",0.000285202754076989,0.000349398651610715,0.000347578433937341,0.00034084380047988,0.000346028670315586
"2014-10-09",0.00104977135206399,0.00119420216097739,0.00120733910725547,0.00121488473770925,0.00122699252125591
"2014-10-10",0.000670737450590607,0.000843550936805773,0.000877535246199872,0.000916756760074862,0.000933953088296889
"2014-10-13",0.00011767141219549,0.000201433345121374,0.000249021138657609,0.000270922041091488,0.000279185874998166
"2014-10-14",0.000224048025578428,0.000316400559319088,0.000335629458235366,0.000339318660440416,0.000348293329695148
"2014-10-15",0.0213760887500206,0.0225172185895666,0.0228424279068255,0.0226225315453813,0.0227422782910904
"2014-10-16",0.000287913560472668,5.93832698157411e-05,3.8472357491367e-05,6.14259416761905e-06,5.24411800802307e-06
"2014-10-17",0.0222559113411893,0.0203576577577954,0.0201408654031431,0.0196721063759283,0.0196135343449595
"2014-10-20",0.00317954827908237,0.00288721947302738,0.00273290928622144,0.00271094930494745,0.00272127282091926
"2014-10-21",0.000112459379220393,0.00012222771934917,0.000124788736874037,0.000120061281413452,0.000116465188196784
"2014-10-22",0.00182609663642029,0.00205133822999842,0.00186362316048411,0.00190848573372171,0.00191426982818373
"2014-10-23",0.00177518426692002,0.00177645462804284,0.00178301223527737,0.00180899060013322,0.00176379006111951
"2014-10-24",0.00173156071096564,0.00169658139649097,0.00173622685182571,0.00174647151555845,0.00174529615767895
"2014-10-27",2.35031770841981e-05,2.19349186970476e-05,2.37923953251712e-05,2.46441868329421e-05,2.6224654813568e-05
"2014-10-28",0.000412883155628515,0.00040232919744466,0.000414925174295981,0.000422446742662736,0.000427516981124704
"2014-10-29",0.00192580036607754,0.00181890550968588,0.00187739310732015,0.00187003679648716,0.00186177541129903
"2014-10-30",0.000285637612094677,0.00025930731586474,0.000257074546600194,0.000255113005631478,0.00025253132529385
"2014-10-31",0.00121031928948003,0.00120191714087528,0.00121684001735658,0.00120245101308382,0.00120541194377893
"2014-11-03",1.07581989557708e-07,1.77867971437321e-06,1.76048897277738e-06,1.94484457303041e-06,1.95101028274968e-06
"2014-11-04",6.7960615144379e-06,8.61719027937485e-06,8.70916203755395e-06,8.58121931477876e-06,8.42805868368491e-06
"2014-11-05",0.000107929813108683,9.57591549099381e-05,9.38174782170232e-05,9.28359007662868e-05,9.31802920978303e-05
"2014-11-06",0.00108273957249978,0.00116263915442976,0.00117189573118478,0.00117321541806115,0.00117440787001632
"2014-11-07",0.000312430286601278,0.000323026128339585,0.000326910825732755,0.000328252987066859,0.000331147279937074
"2014-11-10",0.000950021157985462,0.00100857326086553,0.000999486294242935,0.00100392556409046,0.00100650385558534
"2014-11-11",6.91464891228796e-05,4.71065954889587e-05,4.36792794128678e-05,4.31385616080495e-05,4.22348166250582e-05
"2014-11-12",0.000153395680043054,0.000134299654759648,0.000133554921088153,0.000132684729904969,0.000132582930978003
"2014-11-13",0.00068967940578613,0.000678728174256865,0.000674417944956863,0.000665434099783015,0.000661817487253336
"2014-11-14",0.000753234812452379,0.00074968681185924,0.000752531271258276,0.000750804158380107,0.00074530022267418
"2014-11-17",0.00150991177563468,0.00140520638287348,0.00144176854423861,0.00142143116624338,0.00143841106801055
"2014-11-18",0.00129002890668684,0.00137419345433236,0.00134834856811416,0.00134943463454756,0.00135038663962171
"2014-11-19",0.00177366826774347,0.00171251689340151,0.00169078313145512,0.00166238694759831,0.00167131733751522
"2014-11-20",0.00126382544347226,0.00133498962645024,0.00134777065553111,0.00132137803873276,0.00131888380636796
"2014-11-21",0.00053781419505139,0.00049758473629457,0.0004992722225746,0.000498150468309053,0.000497619242647546
"2014-11-24",0.00188290528146821,0.00196053728781894,0.00193614841654991,0.00198088461364976,0.0019862773276006
"2014-11-25",0.00184133962159714,0.00180530981266397,0.00179130799764231,0.00176075471727268,0.00175741509032113
"2014-11-26",0.00150456840455012,0.00156890205549862,0.00155246603518649,0.00156386726715191,0.00156911663927561
"2014-11-28",0.00265970171851907,0.00264447617381817,0.00258726312428123,0.00258210408226213,0.00257648836266616
"2014-12-01",0.107518399625269,0.106294711593359,0.106374270577342,0.106538965476777,0.10667948024194
"2014-12-02",0.0171692475752491,0.0175049694243985,0.0174315088512617,0.0172240612306657,0.0172231507455329
"2014-12-03",0.00497088980209326,0.00515021976552377,0.00515092451170151,0.00513453144512573,0.00513427110686519
"2014-12-04",0.00110050706881521,0.00117169892831619,0.00119296598186399,0.00116868192706273,0.00117098237773579
"2014-12-05",0.000158730402805277,0.000134711771047537,0.000138103031331234,0.000139988949795167,0.00014079178383089
"2014-12-08",0.00441893181011488,0.00425085517586199,0.00415179424220619,0.004128834790003,0.00412994670597361
"2014-12-09",0.00082975709867848,0.000868437976348598,0.000890898513415404,0.000871326472954242,0.000870459776368329
"2014-12-10",8.66679152537527e-05,0.000126632587658664,0.000136086620411316,0.000140335332681352,0.000140734312997586
"2014-12-11",0.00203262651850045,0.00180307144480303,0.00175426364796134,0.00171032007164408,0.00170475418270594
"2014-12-12",0.000153847872040218,0.00018089226080112,0.000202535192124691,0.000205308598371415,0.000205275254406797
"2014-12-15",0.0143742962108051,0.0152085887409765,0.0154545805298742,0.01550626248392,0.0155057739799671
"2014-12-16",0.000774415764384406,0.00110073149597101,0.00115303443447533,0.0011981970107811,0.00119550413021962
"2014-12-17",0.00102568349110431,0.000682564711824547,0.000649184236650686,0.000623131360241915,0.000623301748597641
"2014-12-18",0.0134647154847621,0.0121995379514063,0.0120707279689475,0.0119200266705053,0.0119124976055622
"2014-12-19",0.000983555752131003,0.000987345842852402,0.000989490042103532,0.00099645405193698,0.000995298229389576
"2014-12-22",0.00367270202739171,0.00385307957065495,0.0038079502113325,0.00378590685868044,0.00376552815798695
"2014-12-23",0.00141798262800892,0.0015542925730374,0.00148527104867226,0.00153024615798727,0.00153056230331927
"2014-12-24",5.19672392932621e-05,7.4051619287442e-05,5.58407796519675e-05,6.16896435330199e-05,6.15174442725673e-05
"2014-12-26",0.00114661355438199,0.001250492644697,0.00118738648674404,0.00119358518865266,0.00119345359073099
"2014-12-29",5.77484211677171e-05,3.08632467863212e-05,2.82722210445866e-05,1.93247219607835e-05,1.93729777483738e-05
"2014-12-30",0.00073273627198612,0.000663830512590682,0.000642766724456418,0.000626798187470888,0.000625179486317582
"2014-12-31",0.000166142221864874,0.000138957629276379,0.000137163790531834,0.00013349968033583,0.000134117249093596
"2015-01-02",0.00939600538345826,0.00946329787063413,0.0093543130891738,0.00938840800118434,0.0093864628493521
"2015-01-05",0.000573113530649782,0.000744410805298727,0.000764879721622265,0.000794716479799866,0.000787560342281008
"2015-01-06",0.00271741574475132,0.00300288472888322,0.00310754261854222,0.00323149524722475,0.00322821467614335
"2015-01-07",0.00214984188342696,0.00176928282491272,0.00173145540577645,0.0016576235177457,0.00166373159121702
"2015-01-08",0.00499795607041432,0.00460678934421259,0.00451681851889301,0.00446347646371178,0.00448105827459058
"2015-01-09",0.0021974664949381,0.00201662980107273,0.00208583517944093,0.00208569182148604,0.00208977996921824
"2015-01-12",0.000189329217523669,0.000217957139914551,0.000214822297424887,0.000227402766869186,0.000226361251481569
"2015-01-13",0.000359608634962624,0.00043065091835605,0.000411625058614041,0.000465180799676319,0.000470025967744984
"2015-01-14",0.000117754391416539,0.000177632567714644,0.000192071214998141,0.000202747479848287,0.00020588811032016
"2015-01-15",0.000101653992751727,0.000201017202630728,0.000202208278406233,0.000222764876994667,0.00022463284094666
"2015-01-16",0.00234540414439352,0.00197460996615302,0.00194381919235378,0.00169036691388757,0.00169289454565479
"2015-01-20",1.51900820911102e-08,1.02459884805105e-05,1.12800597088902e-05,1.32444354631095e-05,1.2589740039383e-05
"2015-01-21",0.00106905491785991,0.00104468668721828,0.0010538547893416,0.00102289088719114,0.00102293571543907
"2015-01-22",0.00058837999400448,0.000487398214112186,0.000480844451209641,0.000477968594862132,0.000476934375641915
"2015-01-23",0.00150014600895988,0.00132556874754818,0.00131119708596464,0.00117719335175099,0.00118582246007281
"2015-01-26",0.000854061830597666,0.000575750423479449,0.000604508372217816,0.000646816934192964,0.000650172083827834
"2015-01-27",0.00441041989797496,0.00437967594160935,0.00433022256414555,0.0042613150827372,0.00426429727657007
"2015-01-28",0.00381378486045799,0.00396039602891806,0.00396035399739585,0.00393324300837879,0.00394239571300212
"2015-01-29",0.00197646725778143,0.00177374269887298,0.00165620350020575,0.00170656485942642,0.00168432712672059
"2015-01-30",0.000145569100878151,6.63499871234299e-05,6.12954201526253e-05,7.01860573036046e-05,7.08068825190588e-05
"2015-02-02",0.00126174353337243,0.00144766484906614,0.00144905927029233,0.00143632565818825,0.00143039229619587
"2015-02-03",0.00225296126967443,0.00202961985838821,0.00202546377504635,0.00202182025053351,0.00202573409280737
"2015-02-04",0.00079225873470802,0.000777722277632426,0.000782558947158033,0.000807629184262857,0.000808695693625701
"2015-02-05",0.00408973847668934,0.00401071647904289,0.00397674476658211,0.00406314244200157,0.0040594556476935
"2015-02-06",3.39467397311522e-06,1.17999218997724e-05,1.24272610535898e-05,1.30322284791396e-05,1.30186797911078e-05
"2015-02-09",0.000197420604082699,0.000220965836107226,0.000219859202822159,0.000216188770373056,0.000214460292093624
"2015-02-10",0.00164769396335103,0.00167759657732327,0.00169713708929656,0.00170857350234548,0.00170333192192398
"2015-02-11",0.000102541909809044,0.000139479365021906,0.000142941828186333,0.000141842216788902,0.000140046976618434
"2015-02-12",0.000339893201040533,0.000346714831603635,0.000344517472841064,0.000355002153229629,0.000357273692278826
"2015-02-13",0.000320960964581986,0.000454080525211167,0.000460274697732197,0.000373893437010042,0.000371058588562424
"2015-02-17",4.67198995907597e-05,1.61764910250964e-05,1.73668364098504e-05,3.00104018138673e-05,3.03811797328374e-05
"2015-02-18",0.00144520708339152,0.00164010323437805,0.00163779998432559,0.00160828757725943,0.0016081801029674
"2015-02-19",0.00225117438085018,0.00227216487273692,0.00225173052917171,0.00223784798325151,0.002235332716755
"2015-02-20",6.56139175566227e-06,6.49536032309255e-06,8.36015315087862e-06,4.205257121331e-06,4.15483265439726e-06
"2015-02-23",0.000141283774227518,0.000175017397206967,0.000169202595168393,0.000156458474286209,0.000155961528419737
"2015-02-24",0.00294029357351676,0.00268132872248563,0.00265237516220095,0.00259981806261274,0.00258301188941387
"2015-02-25",0.0027905572845959,0.00248734997663657,0.00242711293462732,0.00243145652631885,0.00242669070949203
"2015-02-26",0.00432534450976544,0.00373769052672863,0.00379659020775209,0.00373037550031008,0.00373772407509101
"2015-02-27",0.00288138423360633,0.00340652978577702,0.00342386174700127,0.00341278657795777,0.00340968138452631
"2015-03-02",0.0012658188496076,0.00128794515120807,0.00128443804364992,0.00128427459963549,0.00128228572478867
"2015-03-03",0.000106331939499217,8.53254401301983e-05,9.46604003678892e-05,9.73069564651827e-05,9.6175705449006e-05
"2015-03-04",0.000289777169762114,0.000242017788383169,0.000263961281098662,0.000278940999224094,0.000292780972638199
"2015-03-05",0.000364489572572708,0.000454446783479576,0.000431906457909181,0.000415698800392864,0.000410540473833878
"2015-03-06",0.00021697427634554,0.000105446557322934,9.46561912558234e-05,9.45746472508082e-05,9.25337588887276e-05
"2015-03-09",0.00636365241312537,0.00669840722024885,0.00675783138237572,0.00674447255874531,0.00674354669539846
"2015-03-10",0.00079122843290329,0.000946892961863981,0.000952532784279023,0.00100444754927401,0.000976387701506161
"2015-03-11",3.6557918898524e-05,1.91352103818177e-05,1.93214050495507e-05,2.4363487719276e-05,2.30904997909119e-05
"2015-03-12",0.00125176961596581,0.00129898230221326,0.00129499101940735,0.00129926632132936,0.00126417539235807
"2015-03-13",0.000609294206651806,0.000614012856067472,0.000646252007739646,0.000620838843534499,0.000610143304235334
"2015-03-16",0.00225383907468902,0.00210227245671343,0.00210148742748404,0.00206733353087363,0.00207667184952397
"2015-03-17",0.000676862942348964,0.00067011002720987,0.000658618522184299,0.000665133215923917,0.000662702910864985
"2015-03-18",0.00134186828252119,0.0013686333991375,0.00134842931226624,0.00135127235796277,0.00134756633840585
"2015-03-19",0.00154600647909834,0.00128243559273593,0.00127252140140596,0.00123590308697816,0.00125259612638085
"2015-03-20",0.00083323552125761,0.000795858135786973,0.000820503643739819,0.000832619877940317,0.000821017371335845
"2015-03-23",0.000130997030211151,7.12049800869155e-05,5.74585180068462e-05,6.96801033712777e-05,5.74568936872739e-05
"2015-03-24",1.08563668472493e-05,7.39625874151857e-06,6.50833781832955e-06,4.93688052379378e-06,3.72811497323516e-06
"2015-03-25",0.000352379989693209,0.000304391448952222,0.000304196011446929,0.00031101453357569,0.000314079752990461
"2015-03-26",0.00175029631208436,0.00189758385238999,0.00194208168243623,0.00195652027157908,0.001945773528372
"2015-03-27",0.00239206721894571,0.00220748439311162,0.00203588666581759,0.00201683195599765,0.00204483372191496
"2015-03-30",0.00104453462951191,0.00105910578844186,0.00104943714932868,0.00104099508161145,0.00103832590905004
"2015-03-31",3.03985979897153e-05,1.51409098981823e-05,1.93245991608773e-05,1.68780252520439e-05,1.79594410230513e-05
"2015-04-01",0.00302518033199267,0.00299049031996336,0.00287422856417478,0.00285810762845061,0.00285185120685038
"2015-04-02",0.00349214773056228,0.0031859577188248,0.00300295414537404,0.00305415239010862,0.00310455169321783
"2015-04-06",0.000274650785107393,0.000282338904877587,0.000260888132511896,0.000269798401172099,0.000266302608956636
"2015-04-07",0.00035226091686257,0.000413615296057346,0.000442394237611818,0.000426554425134876,0.00043306311906119
"2015-04-08",0.00131258160652395,0.00115439724309264,0.00112753780060882,0.00117606803770711,0.00118229864992741
"2015-04-09",0.000157409299845258,0.000143992431594562,0.000147041956571679,0.000149527287688141,0.000149142378545581
"2015-04-10",0.00074820158326632,0.000716404331154213,0.00073943768813084,0.000741766860241613,0.000741150207663823
"2015-04-13",0.000289749832287549,0.000383435429939702,0.000396944049675162,0.000417935041416989,0.000414269659226888
"2015-04-14",0.00017340823393992,0.000199646002384812,0.000230334277789137,0.000244689560598734,0.0002476586749144
"2015-04-15",0.000162329622306693,0.000150746093165296,0.000145764918812843,0.000140396028820238,0.000137697200988438
"2015-04-16",1.45261388991171e-05,2.12327290915173e-05,2.23779204140649e-05,2.2671559700892e-05,2.22092144594229e-05
"2015-04-17",0.000169396860912808,0.000139906796393927,0.000145238497854857,0.000164359213629347,0.00016713289845596
"2015-04-20",0.000451674734783171,0.000179317668604492,0.000183857310512451,0.000162856493715006,0.000153388828510701
"2015-04-21",0.000138229169968803,0.000160380325293414,0.000161230786809303,0.000151209222219685,0.000146510373816102
"2015-04-22",1.43651812027043e-05,2.13094664380472e-05,1.7414903088364e-05,1.31238698647699e-05,1.33247683056313e-05
"2015-04-23",6.2513699666137e-05,5.3024212442507e-05,3.77925951888368e-05,4.60325306651604e-05,5.51469840482994e-05
"2015-04-24",0.000495373432019826,0.000481109333416623,0.000487082085998028,0.000503598979879465,0.000509516821033341
"2015-04-27",0.00112361050404483,0.00108935243733158,0.00108250228854001,0.00107718595132147,0.00107923021334561
"2015-04-28",0.0213873052465797,0.020927434017672,0.0211352071345231,0.021154090484845,0.0212373286759216
"2015-04-29",0.00139125294445498,0.00108304249507621,0.00099527746037572,0.00113341302829773,0.00110751014191897
"2015-04-30",3.21433532719749e-05,3.96467851484266e-06,3.95081530237621e-07,4.36492509662702e-07,6.10454474353723e-07
"2015-05-01",0.00333890010046083,0.00316419958562119,0.00309617624772038,0.0030777059559538,0.00311374213655252
"2015-05-04",6.8446626242703e-05,9.82049986857907e-05,9.59980982257674e-05,0.00010696453160037,0.000107955405304756
"2015-05-05",0.000296280658343582,0.000179908616530611,0.000188541483679495,0.000178210441324317,0.000155781094423514
"2015-05-06",0.00146586110389627,0.00146303407090071,0.00148635823464549,0.0014646222354176,0.00144723486657017
"2015-05-07",0.000770142104124572,0.000729015135575116,0.00073089385906943,0.000695467296745291,0.000696632172051949
"2015-05-08",0.00331568034692201,0.0031460075269414,0.00325442392177999,0.00329571631701224,0.00338447053104964
"2015-05-11",2.58505141734062e-05,2.78146204914405e-06,1.58658034856384e-06,1.6639905036097e-06,7.97990851720826e-07
"2015-05-12",5.77545255639515e-06,2.16140480383766e-09,4.16733509782182e-08,2.34680650857155e-08,4.05645620221538e-08
"2015-05-13",0.000285910755678792,0.000236124921096463,0.000225428594762411,0.000220008959734381,0.000211015192766804
"2015-05-14",0.0023647239282349,0.00211733561919506,0.00214584832004848,0.00215872536525261,0.00212045632534274
"2015-05-15",7.702982330821e-08,7.8786769360619e-09,2.24131899238527e-07,3.24504744990639e-07,2.02189581710696e-07
"2015-05-18",4.30592772732459e-05,1.22981452968717e-05,9.07251833921181e-06,9.91820235726686e-06,1.14511935773418e-05
"2015-05-19",0.000360731265488393,0.000611407215067112,0.000643186853103076,0.000609211508158185,0.000614496758923419
"2015-05-20",4.55556963971906e-05,5.12034090623739e-05,5.78314970878178e-05,5.31779451930944e-05,5.0876439791698e-05
"2015-05-21",0.000514077893606498,0.00050417689267303,0.00050944026162684,0.000506492241761917,0.000506297551431155
"2015-05-22",0.000261250473192713,0.000292805927331763,0.000283465891032171,0.000284806607223851,0.000279891689120233
"2015-05-26",0.00168042348015602,0.00152958925751697,0.00150274919905919,0.00149964339664072,0.0015015520774135
"2015-05-27",0.00122417652890594,0.00138362427330939,0.00133463043196237,0.00131103166856994,0.00131754484272568
"2015-05-28",0.000195498572836731,0.000233303264019883,0.000247104788986716,0.000239176796430883,0.000237830259061335
"2015-05-29",0.000259486946070798,0.000256591164203587,0.000246488281233585,0.000237064807703046,0.000232204021057557
"2015-06-01",2.580735114954e-05,1.24245778673085e-05,1.06544039736261e-05,1.36231376298749e-05,1.42929447355228e-05
"2015-06-02",2.66516455349006e-05,1.92361040706469e-05,1.58954709200626e-05,1.5519380120446e-05,1.49295633327117e-05
"2015-06-03",0.000477976055280711,0.000420422727619694,0.000430246607571364,0.000427786180328204,0.000429041518998936
"2015-06-04",0.000470392744582548,0.000506062331081142,0.000466197853338486,0.000468516552129972,0.000470292298850066
"2015-06-05",0.000143885222468584,9.68348440463652e-05,9.82420199536407e-05,9.76559183341989e-05,9.92032350593476e-05
"2015-06-08",0.000262579025088425,0.000239500788310856,0.000250424208540991,0.000257117573172815,0.000251949174581057
"2015-06-09",0.000200871346668759,0.000152964735568093,0.00015358467487711,0.000139953270444991,0.000137394308267449
"2015-06-10",0.00157151166783702,0.00172778418850487,0.00173479832566383,0.00174615857704998,0.00172943818581108
"2015-06-11",1.73063878904214e-05,1.94243554732244e-05,1.72969836780836e-05,1.6973672578923e-05,1.75136808244835e-05
"2015-06-12",0.000116252054251824,0.000114020684907166,0.000115505069028632,0.000121325287055161,0.000122364551067449
"2015-06-15",0.000252270307402546,0.000272178694673628,0.000250898730286989,0.000254372388631271,0.000249382120570164
"2015-06-16",0.000674027963121779,0.000616172958547113,0.000590985536271734,0.000590790442873979,0.000586515294878275
"2015-06-17",3.97468378076212e-06,5.16043301619237e-07,3.16432614929309e-07,7.07623671788267e-07,5.44846751349358e-07
"2015-06-18",0.000928281330732112,0.000867303155814207,0.000865436182062417,0.000851047470627684,0.000851221127101441
"2015-06-19",0.000213435417065343,0.000174351021070185,0.000178977152665281,0.000181824263113369,0.000177819768343553
"2015-06-22",3.6599154140323e-06,9.2061720094543e-06,9.98711553580343e-06,9.68151913012359e-06,9.04867195957935e-06
"2015-06-23",0.000197314879407907,0.00024066047116551,0.000236177259131837,0.000237555616490848,0.000233869404972318
"2015-06-24",0.00159564057305006,0.00146105990134174,0.00144709547224344,0.00144108571715797,0.00143687503086225
"2015-06-25",0.000163742787825283,0.000206901612579911,0.000238960324788802,0.00023489000725603,0.000246292985438175
"2015-06-26",9.1135326868441e-07,2.39152365908451e-07,6.51019902420267e-07,7.65775510720024e-07,6.74895640663696e-07
"2015-06-29",0.000705183344780695,0.000654611386546015,0.000666412671147167,0.000653138970413294,0.000641984197630487
"2015-06-30",0.000272414526649966,0.000354511408732743,0.000373329591124991,0.000371717187366484,0.000369605776069175
"2015-07-01",0.00200158386579902,0.00167149519766939,0.001610165490345,0.00162033419827502,0.00162669221119879
"2015-07-02",0.000754231234517014,0.000692666292021494,0.000682741120417619,0.000671659103203063,0.00066887986617315
"2015-07-06",0.000660567094479103,0.000697607497654062,0.000652490728364521,0.000653667889019408,0.000670746431477333
"2015-07-07",0.000805598306438159,0.000790451891546537,0.000818063152101126,0.00080299479010889,0.000798178891157448
"2015-07-08",0.000875641444516195,0.00109785559271218,0.00113366087225559,0.0011319239626682,0.00113516700619104
"2015-07-09",0.000827720922328137,0.00101103136206802,0.0010473603573018,0.0010480783172221,0.00104789118256633
"2015-07-10",0.00285660672000991,0.00291759960020391,0.00300487688912748,0.00300832793025785,0.00299346629247377
"2015-07-13",0.00340066664124057,0.00345713567253051,0.00350888346389473,0.00363475410129433,0.00359072240977597
"2015-07-14",0.000122291165428513,0.000193932309579887,0.000195773585754252,0.00019408671725229,0.000184366486939747
"2015-07-15",1.88229221938562e-05,5.84491023473071e-05,6.69999844566797e-05,6.61497686931183e-05,6.24954743441579e-05
"2015-07-16",0.000438840116199402,0.000517023317700808,0.000497928184446379,0.00050303337699249,0.000500266362701796
"2015-07-17",1.67101447363052e-06,6.28838115162938e-06,4.49970679800878e-06,1.71262725242731e-06,1.89075487074646e-06
"2015-07-20",4.66531426879898e-05,0.000142137475876246,0.000143232270215854,0.000104511159498655,0.000112125653924359
"2015-07-21",0.0024725931566046,0.00260652689730353,0.00256004440342791,0.00254048393974867,0.00258728819280277
"2015-07-22",0.0127996319990839,0.0127470133701281,0.0126869867663,0.0126755835265286,0.0126897765889455
"2015-07-23",0.00722521398823108,0.00829369248579846,0.00814017370648907,0.00827515581394102,0.00842554173703704
"2015-07-24",6.21290845017642e-05,0.000151394090813737,0.000145968208290887,7.3907539434895e-05,8.22476918884569e-05
"2015-07-27",8.00950999993403e-07,1.55644186423952e-09,1.12463228882813e-05,1.20999292820468e-05,1.3967779984449e-05
"2015-07-28",0.000593617061249174,0.000488205180658212,0.000447796638573133,0.000429846279484635,0.000424795069711002
"2015-07-29",5.31323556713231e-05,0.000111792787726183,0.000135584610106257,0.000111593813634798,0.000113714439131812
"2015-07-30",0.000442667937342873,0.000347112413768032,0.000343574447808254,0.000341913532124182,0.000336506785380018
"2015-07-31",0.00024580266321128,0.0002032271239451,0.00018510927005684,0.000209286564452987,0.00020652306162394
"2015-08-03",0.00896566615578311,0.0085493855968789,0.00905148565209318,0.00895541869579013,0.00896564664422816
"2015-08-04",0.0169571154231526,0.017143391255446,0.0170118612997224,0.0168303723821534,0.0168803602007984
"2015-08-05",0.0014427984836284,0.00173595614147619,0.00189335798798776,0.00208783668483377,0.00204105668831559
"2015-08-06",0.00576549088090453,0.006365709378446,0.00670693272577812,0.00658573261715398,0.00657208641398953
"2015-08-07",0.00106223725431149,0.00108100099516851,0.00103247624232044,0.00105645528731401,0.00104036884864342
"2015-08-10",0.00139009766856285,0.00146565857754356,0.00125651025951258,0.000658355465571256,0.000635937698219011
"2015-08-11",0.00617423140682682,0.00572679986296689,0.00581775892737908,0.00638747088121335,0.00637302589824251
"2015-08-12",0.0170901400179682,0.0166874397236039,0.0168426024250016,0.0167245839642589,0.016859561387751
"2015-08-13",0.0140816749295615,0.0125366772456484,0.0121539615121207,0.0125170379606276,0.0124291785159879
"2015-08-14",0.00450091165253342,0.00445134495706165,0.00443703618897676,0.0044191348927961,0.00455643779661041
"2015-08-17",0.000361766752300624,0.00045619260607312,0.000428169886456294,0.000490104215675906,0.000507559037006709
"2015-08-18",0.000556166004889167,0.000616144411029184,0.000641123275960116,0.000698726121660532,0.000719044053931222
"2015-08-19",0.00298952031128952,0.00300134176176291,0.00290872209093758,0.00287929500527961,0.00285714218332263
"2015-08-20",0.000129058558885593,0.000201938720607441,0.000224729390835918,0.000259048324859129,0.000257548643426206
"2015-08-21",0.0392216013501924,0.040452521411989,0.040779612815329,0.0410368721612282,0.0409824534951457
"2015-08-24",0.424672518800259,0.449505637076724,0.453623205121409,0.453467341479915,0.451415425287194
"2015-08-25",0.120003910604714,0.0684179133727164,0.0614931628570341,0.057301181998141,0.0616942012272088
"2015-08-26",0.000287943182003304,9.74730903558045e-05,0.00028366572019893,0.000359256882811873,0.000335666718019115
"2015-08-27",0.0241200081556512,0.0181792746714236,0.0166304831408144,0.0161263215243817,0.0162020190844928
"2015-08-28",0.0128025227678818,0.0112859730745483,0.0107996221612581,0.0106641706431418,0.0106503379704489
"2015-08-31",0.00127701338259106,0.00119341177474691,0.00108533312560924,0.00115461137844993,0.00114721815812289
"2015-09-01",0.00850824387546157,0.00826247245789622,0.00839865506226716,0.00861254916370786,0.00861038024160399
"2015-09-02",0.003729997438267,0.00296033987253757,0.00282176745726658,0.00278517383466736,0.00281491421078054
"2015-09-03",0.000459929784089274,0.000396727161566605,0.000388823844887755,0.000401649848822304,0.000390661045491647
"2015-09-04",0.00156379015640672,0.00160193648216419,0.00164241114334767,0.00166307516513762,0.00164475003368752
"2015-09-08",0.00401404772167589,0.00421664967212661,0.00426131923639016,0.00429025001047921,0.00423268752024034
"2015-09-09",0.010136225639519,0.00887432889804165,0.00889711278998546,0.00895668863011231,0.00897298321146136
"2015-09-10",0.0017345982994653,0.00181693301230949,0.00173917943609919,0.00178207282246929,0.0017630112378877
"2015-09-11",0.0109203354725277,0.0101915877804648,0.0104985722727245,0.0105826060518456,0.0106148198682526
"2015-09-14",0.000301100102584123,0.000426317134734401,0.000357801659266147,0.000325794892600806,0.000331910036787646
"2015-09-15",0.0028885085175861,0.00347266691029537,0.00389828704052092,0.00395957966887154,0.0039195500599612
"2015-09-16",0.00133688063452863,0.00132642310176061,0.00139595124503259,0.00140030750833622,0.00138355667007892
"2015-09-17",0.0150957550437397,0.015267259423824,0.0154698266078318,0.0152422102647107,0.015349838765317
"2015-09-18",0.00063370156272813,0.000361110364140176,0.000319299898446108,0.000252893204236966,0.000245500147590843
"2015-09-21",0.00351497791359352,0.00319273912835389,0.00310852256475241,0.00303435594962172,0.00304481683695939
"2015-09-22",3.81870051940638e-08,4.60740813493205e-06,2.42163022239825e-07,3.94155091686526e-08,2.85000348292533e-08
"2015-09-23",0.0029829703920948,0.00293687039218856,0.00282304012341186,0.00289031724927659,0.00288436989271844
"2015-09-24",0.000981317007351187,0.000995417480398838,0.000975835049347788,0.000965289115615633,0.000962620450898085
"2015-09-25",0.000220269801872197,0.000405869853301812,0.000390676514027284,0.000385839865529561,0.000380630133398506
"2015-09-28",0.000430796519865272,0.000428611181306568,0.000532774118615661,0.000533382354914008,0.000525103583816818
"2015-09-29",0.00243403806049816,0.0027022648032658,0.00319017183630174,0.00305898164840043,0.00305019383264387
"2015-09-30",0.000296942110947851,0.000303102097498347,0.000177818551283928,0.000189765798436964,0.000190121682955819
"2015-10-01",0.000146850026075765,7.27974519026987e-05,0.000107018673296191,0.000103898679242303,0.000105529688369913
"2015-10-02",0.00182807972471349,0.00141749570396335,0.00143293726949716,0.00140452554631977,0.00140072477305565
"2015-10-05",0.00411132182858935,0.00345331643733225,0.00345535434976859,0.00342318145298532,0.00341188162348912
"2015-10-06",0.000235304633084193,0.000159177621333504,0.000167089004352817,0.000206405059601424,0.000205954744650639
"2015-10-07",0.000252391615644829,0.000365468471319605,0.00034038429221247,0.000354379998329393,0.000353698525210925
"2015-10-08",0.000183019513220792,0.000233864738912573,0.00031355250089236,0.000305130700643525,0.000307201581253854
"2015-10-09",0.0014258126297526,0.00151179867959712,0.00137253425398088,0.00144338083066468,0.00143821320873242
"2015-10-12",0.00346741481517288,0.00399474418091779,0.00392648139083393,0.0040197510216655,0.00401798489572235
"2015-10-13",2.04659520707368e-05,5.97319128211867e-05,6.21389014138882e-05,7.88564730692153e-05,7.70371503131932e-05
"2015-10-14",0.000128069538627228,0.000120489690247058,0.000124855505773609,0.000108040820334288,0.000110591772994787
"2015-10-15",0.000302441877679183,0.000257228164207281,0.000253444652975251,0.000251388527717196,0.000260096186885979
"2015-10-16",0.000394537647701845,0.000256850963773229,0.000292894324858504,0.000290104234573983,0.000292174743239935
"2015-10-19",2.11349773481267e-05,3.05915894619474e-05,2.61609820217462e-05,1.11261529783029e-05,1.07405427475445e-05
"2015-10-20",0.00214247880201296,0.00210934111491197,0.00217258861504652,0.00203441466645706,0.00205661992122707
"2015-10-21",0.000640887883325158,0.000835416646599241,0.000901541573383639,0.000978394473806418,0.00097659584395131
"2015-10-22",0.000379998795682087,0.00040411716284535,0.000325964329131876,0.000315100313333866,0.000351498309309673
"2015-10-23",9.74748301233486e-06,1.07929562851345e-06,1.63478787694856e-06,2.72157831183581e-05,2.46931257980727e-05
"2015-10-26",0.000198084808802688,0.000208295126221975,0.000215107056549054,0.000228955396789341,0.000231374691045975
"2015-10-27",0.000248474371794401,0.000135766994788467,0.000126857478038449,0.00013364709180974,0.000145653246990935
"2015-10-28",0.00233547963062482,0.00228620036585983,0.00215047910392761,0.00199270612881973,0.00201014950190607
"2015-10-29",0.00737240396365581,0.00743685327106498,0.0074778740173374,0.00761593899024135,0.00765790523645301
"2015-10-30",0.00115607303955621,0.00120306915653024,0.00106768758455711,0.00107875374447078,0.0010746880812947
"2015-11-02",0.0017507319230123,0.00179340654249677,0.00190596295983905,0.00186103848615057,0.00186035333523085
"2015-11-03",0.000699236359605448,0.00061957565754423,0.000595594850457514,0.000576442188101169,0.000580625038679302
"2015-11-04",0.000297971801722221,0.000274853964937482,0.000244349552764643,0.000213050771189633,0.000210301460285316
"2015-11-05",4.31237907826705e-05,6.57128835596407e-05,6.57613220068285e-05,6.62913332379528e-05,6.57278507907052e-05
"2015-11-06",0.000145379403556783,0.000136114412809251,0.000139290428875565,0.000133016334610516,0.000131135673977222
"2015-11-09",0.000118797236258038,0.000106658505819542,0.000102227870650001,0.000116458795260012,0.000114400513217872
"2015-11-10",0.00160316866464095,0.00155966365659259,0.00150679130513872,0.00154986387072933,0.00155275954654445
"2015-11-11",0.000103799173935828,0.000157882787244687,0.000170583080983045,0.00022224359674402,0.000219195409204799
"2015-11-12",7.45239851282831e-05,0.00016738752648068,0.000225413917147696,0.000236844289841585,0.000233930764477787
"2015-11-13",8.67610333446644e-05,0.000114494602172682,9.05421947855994e-05,9.53816563933476e-05,8.91864639583229e-05
"2015-11-16",2.61384700095236e-07,1.46990366028517e-09,1.65624795159016e-06,2.35500230552894e-06,1.02698422998004e-06
"2015-11-17",0.00118853503422193,0.000924831619811126,0.000917503845917393,0.000855885743668507,0.000855939276963421
"2015-11-18",0.000565141070769738,0.000452041272878458,0.000490128708709985,0.000461500946213941,0.000455146341196188
"2015-11-19",5.64775780413442e-05,6.38319138471496e-05,6.86875778796899e-05,6.04405571513735e-05,5.689621966418e-05
"2015-11-20",0.00268492959229656,0.00309646496938392,0.00337370702862857,0.00334083083315146,0.00334986113921339
"2015-11-23",0.00021817481141564,0.00016192012351283,0.000148908499948261,0.000159490295854639,0.000162242267125323
"2015-11-24",0.000516358135205301,0.000485328342866687,0.000448000978107655,0.000415384230726497,0.000436184489422249
"2015-11-25",0.00335334536121633,0.00331487582981159,0.00356167965323954,0.0035682184532161,0.00357762389969699
"2015-11-27",2.05225161740612e-05,2.52663976050967e-05,1.02588627417513e-05,8.7070344140241e-06,9.97328724729912e-06
"2015-11-30",7.78086375506888e-06,3.10893645126406e-07,1.37768761944955e-06,4.49372844749083e-06,5.30659087664829e-06
"2015-12-01",3.82822510084783e-05,5.04858253551099e-05,4.53798982842538e-05,5.70199737266948e-05,5.74280408117618e-05
"2015-12-02",0.000123680336976568,0.000179286443569654,0.000182009219984539,0.000173788407064125,0.000164661292284221
"2015-12-03",0.00141957969064579,0.00120097152385079,0.00116474926103566,0.00111734332546411,0.00110974109577044
"2015-12-04",3.03247716636267e-06,2.74350652094289e-09,7.41997724908401e-07,7.45936542688441e-06,6.97351437197738e-06
"2015-12-07",8.29005752191953e-05,6.77683512489607e-05,7.05918327314875e-05,7.38665792668236e-05,7.03190946008859e-05
"2015-12-08",9.91894810173368e-05,9.7027963126843e-05,0.000117638492930739,0.000120421456482947,0.000118514734024394
"2015-12-09",4.20158056278665e-05,6.53546792579375e-05,6.79505386624446e-05,8.43222603549127e-05,8.36277838847956e-05
"2015-12-10",0.000475412103542364,0.000376637143708568,0.00028102929058763,0.000233984514807709,0.000237347368264063
"2015-12-11",0.000471955357032942,0.00058645289495051,0.000559768950092011,0.00054257101751359,0.000536225761408868
"2015-12-14",0.00501194530792814,0.00551881708448725,0.00530887576067226,0.00541086617843552,0.00540130021936386
"2015-12-15",0.00747183870364193,0.00617833491538273,0.00601890746115903,0.00585915384298812,0.00582119986184364
"2015-12-16",0.00428623918895183,0.00441598121028545,0.00435863933115836,0.00435539687819324,0.00436167554571007
"2015-12-17",0.0033181042195132,0.00258241139565067,0.00271124932895018,0.00262480103603977,0.00257097000732756
"2015-12-18",0.00144483694571301,0.00164479993965548,0.00165297882532516,0.00162026731902133,0.00161000647427488
"2015-12-21",0.0017295651989429,0.00142473289238187,0.00153317327186616,0.00148782430912198,0.00156995505110855
"2015-12-22",0.0015608361929654,0.00160174103953556,0.00164578889580282,0.0016633319540856,0.00166747382922307
"2015-12-23",0.00139386724808826,0.00153370943258308,0.00155514154820656,0.00161586793930021,0.00158272432575932
"2015-12-24",0.000126106892442264,0.000117824361334691,0.000165469994711536,0.000186764222308335,0.000172797307049456
"2015-12-28",0.000406732626509685,0.000709873133051214,0.000718489139430434,0.000744220191721568,0.00073826977504851
"2015-12-29",0.00118373810301383,0.00131123875294689,0.00136842000206471,0.00141484208613761,0.00138068039512503
"2015-12-30",0.000120132311538168,6.55561601714263e-05,5.26463491071228e-05,4.7832671625851e-05,4.57043228132758e-05
"2015-12-31",3.53557610797411e-05,3.79223095327941e-05,2.40512621617337e-05,1.87755362992478e-05,2.10934765240017e-05
"2016-01-04",0.0149955090583998,0.0151950426520592,0.0151835549899611,0.0150290432381535,0.015053496679933
"2016-01-05",0.00112579830470993,0.00134063120713144,0.00158672138349766,0.00167166366501561,0.00169844952791836
"2016-01-06",0.000201719180166793,0.000132238835107394,0.000114018045867634,0.000148327948499167,0.000147419048922298
"2016-01-07",0.000921043344991418,0.00110277360023312,0.00104708459410339,0.0010530927718213,0.00105863597497958
"2016-01-08",9.30533174391687e-07,2.52094308694939e-05,4.93989065243546e-05,7.0888456949425e-05,6.18219318481389e-05
"2016-01-11",0.000740333448099729,0.000604767159284116,0.000553491636151459,0.000572646614912631,0.000589264108571604
"2016-01-12",0.000135952180340224,5.43567686304593e-05,1.56124415180159e-05,5.07746011926447e-06,4.22856640497063e-06
"2016-01-13",0.00252948980539553,0.00278456732746333,0.00303313308506309,0.00308319326300595,0.00307803234434714
"2016-01-14",0.000163263280518266,0.000226801118026089,0.000281254712735613,0.000382756202731277,0.000385420260523218
"2016-01-15",0.000847125519297184,0.00121902432238377,0.00145244691400199,0.00153451319022631,0.00150036409102059
"2016-01-19",0.0074720889564101,0.00580129110075908,0.00533235723323045,0.00518322944966192,0.00519223209913001
"2016-01-20",0.00673026701507219,0.00775894193548005,0.00821030293189934,0.00848316092088493,0.00854674397834412
"2016-01-21",0.000485253371826795,0.000131798209617722,7.1362184331902e-05,5.61586325685323e-05,6.82121826379737e-05
"2016-01-22",0.0110645961961599,0.00902708112041074,0.00849189049753151,0.00828670897166236,0.00839463519805129
"2016-01-25",0.00093519411457496,0.0010097262583316,0.0010305395783962,0.000501503331908025,0.000492200141657812
"2016-01-26",0.0011754444564956,0.0012162233429425,0.0012509004957989,0.00144169181362282,0.00148561586741218
"2016-01-27",0.00887209838440994,0.00897089474325413,0.0089889484738324,0.00867133865913702,0.00868932349543239
"2016-01-28",0.00586118949145101,0.00500808973954442,0.00493995826704131,0.00503947492934001,0.00548212050995601
"2016-01-29",0.00536027125279407,0.00480821186062267,0.00447108384589923,0.00434150540615492,0.00436567252001289
"2016-02-01",0.00238683421194822,0.00134696640141697,0.00118548834983715,0.00139473699176867,0.00131383479008578
"2016-02-02",1.18836302970215e-05,4.27700823520099e-07,1.18322824809561e-07,6.77865565885637e-09,1.15459129863837e-07
"2016-02-03",0.00675954225839364,0.00698185561315428,0.00687113675918317,0.0068541991754001,0.006940007735306
"2016-02-04",0.000239293775386867,0.000147987030943388,0.000126881194643319,9.60810296106091e-05,9.84344707893909e-05
"2016-02-05",0.000711185612605374,0.000412088610064028,0.000423924153705009,0.000460129010953639,0.000486431666164609
"2016-02-08",0.00206523238906819,0.00202912306426892,0.00209471966285995,0.00200733679467724,0.00199714718274536
"2016-02-09",0.000220970080916748,0.000279668625957077,0.000239024194576626,0.000283833754518774,0.000290152436173703
"2016-02-10",0.00262179860603593,0.00187044854367924,0.00183297035459396,0.00176101627258204,0.00176490799267248
"2016-02-11",0.00126386351633472,0.00149455390647781,0.0014435456224109,0.00142805306163012,0.0014217258464979
"2016-02-12",0.0141764576379661,0.0125175075653057,0.0122636571584462,0.0118294271033588,0.0121604805109235
"2016-02-16",0.000345100452750797,0.000268792628155177,0.000295017625362229,0.00033878829767683,0.000353526828802442
"2016-02-17",3.04740472465644e-05,5.9904134291674e-06,7.59283241750076e-06,7.99170831130835e-06,7.75956951316935e-06
"2016-02-18",0.00029833887214628,0.000480587430034661,0.000492338011252166,0.000454429866816747,0.000449094379762633
"2016-02-19",2.27325709064508e-07,2.98226531222048e-06,3.88745664132082e-06,1.03789610551552e-06,1.20981875990953e-06
"2016-02-22",0.00138640056114051,0.00155209674586831,0.00150623055384541,0.00144995218460389,0.00145285919824118
"2016-02-23",0.000735454188424981,6.40657852854682e-05,9.75802753968288e-05,0.000143636944323295,0.000129624121213995
"2016-02-24",0.00352272252614549,0.00428475457968321,0.00417449228464195,0.00406544324192776,0.0040933102830834
"2016-02-25",0.0010514126503866,0.00113724140487511,0.00117171317323783,0.00109843955570057,0.00110343428477511
"2016-02-26",6.87054155101338e-05,0.000148263811492334,0.000145324871190754,0.00014217428103878,0.000145066426751095
"2016-02-29",0.000140179672160502,6.50641182440033e-05,9.79809011365287e-05,0.000108284184603294,9.38083881343366e-05
"2016-03-01",5.13913326577154e-05,4.49342958922684e-05,2.82973223711503e-05,3.37235855678767e-05,3.46529705220586e-05
"2016-03-02",0.000265442766171764,0.000243610038588155,0.000266650935941584,0.000289861909881336,0.000288404341365033
"2016-03-03",2.18923159991942e-05,1.96312719784832e-05,2.35117221161533e-05,3.32445897374698e-05,3.08290032665016e-05
"2016-03-04",0.000370100883168728,0.000339536109314715,0.000281814006790386,0.000294238347245446,0.00030725031223114
"2016-03-07",0.000341867471367592,0.000533797958430628,0.000514670771887329,0.000469979776449617,0.00045759663122455
"2016-03-08",0.000360530781595197,0.000242933182521797,0.000268020722831803,0.000354347236333108,0.0003583350758468
"2016-03-09",0.000212964442024698,0.000190225183652401,0.000217991985386754,0.000161481905167206,0.000162989594628222
"2016-03-10",0.00166648685743751,0.00110787465345493,0.00112122263909758,0.00119681709818338,0.0012086116747954
"2016-03-11",0.00753111553070796,0.00754176508557811,0.00735012214331217,0.0069760698615049,0.0069576851561577
"2016-03-14",0.000699419841607619,0.000807323218179937,0.00078572705997623,0.000804884341759934,0.000796058812769473
"2016-03-15",0.000409930257786114,0.000286289623216922,0.000267242336020656,0.00028851861928505,0.000291546848934
"2016-03-16",1.61867983182919e-05,3.36045459479406e-06,9.43988207016445e-07,2.29278546341336e-08,1.40222201095377e-07
"2016-03-17",0.000118127806631992,9.80195787703385e-05,2.50176824059634e-05,3.42832449227719e-05,3.26319109290518e-05
"2016-03-18",0.00060916025846864,0.000752621956595906,0.000729719524448047,0.000787872022246232,0.000782804101843756
"2016-03-21",0.00196595407241871,0.00210384395985161,0.00207134515150262,0.00213609321305239,0.00213271125674246
"2016-03-22",0.00174137813364201,0.00260485440568626,0.00278749703827023,0.00280737726746276,0.00285634486075338
"2016-03-23",0.000400210633703455,0.000530669177280358,0.00058191624678666,0.000582869566552385,0.00059486733239031
"2016-03-24",0.000215206864690856,0.000246280718935254,0.000239310217073573,0.000250358985126847,0.000262150893858754
"2016-03-28",2.61367004082141e-05,3.07566764466167e-05,4.38085309291528e-05,3.36449435212163e-05,3.68353168875416e-05
"2016-03-29",3.04371850901561e-06,1.29228567366655e-07,2.48371895878705e-07,1.43131398367784e-07,4.0401022206687e-07
"2016-03-30",0.00140153969349672,0.0016369428724489,0.00154486027533491,0.00150480485828974,0.00148518013413562
"2016-03-31",0.00157446457064041,0.00204685599042323,0.00207345098805972,0.00202885625761884,0.00205696688276598
"2016-04-01",1.5241634001887e-07,5.65772184962683e-06,1.1355831693016e-05,1.64509610888492e-05,2.19232783253453e-05
"2016-04-04",0.000615228674915539,0.000559455556716076,0.000533592488957882,0.000521138863318492,0.000511908292602098
"2016-04-05",1.65734127264548e-07,3.78304561146075e-07,2.86626223520477e-06,8.97663423180806e-06,8.92610259932e-06
"2016-04-06",0.000837265152004702,0.000758210855157516,0.000759016185345783,0.00080013158897452,0.00079347277577215
"2016-04-07",3.80959687325998e-05,3.38379707927047e-05,4.67160477384831e-05,4.35063960408441e-05,4.59299933714455e-05
"2016-04-08",4.00707855393287e-07,2.42606288841912e-06,4.42055593420122e-06,3.21330713704155e-06,3.02405166785074e-06
"2016-04-11",1.98594793174437e-07,1.44786146386407e-05,1.71042130359431e-05,5.84814749403191e-06,6.39886973675387e-06
"2016-04-12",2.5834823077394e-05,6.33687004144256e-05,6.72756544210504e-05,6.93159587032777e-05,7.2450277361766e-05
"2016-04-13",0.000864838346453141,0.000960330887632994,0.000975827420079465,0.00100983147743125,0.00104974750903463
"2016-04-14",0.000892627610182094,0.000916423450378592,0.000937942201964531,0.000895958379648127,0.000887767696684814
"2016-04-15",0.00204258639925036,0.00171897572907397,0.00163877911542013,0.00166510380341663,0.00167886946738347
"2016-04-18",0.000434062651416958,0.000696607501027611,0.000829046898376034,0.000851147401494863,0.00081389847187187
"2016-04-19",0.000114042430146552,7.27734783855837e-05,5.05514865384461e-05,5.73233223436777e-05,5.60513115944383e-05
"2016-04-20",0.00051926065310982,0.000687517551510851,0.000657623219653001,0.000630351507210482,0.000645878590496845
"2016-04-21",2.89817887493324e-07,1.38483356518643e-06,1.04729606796322e-06,6.81085902862306e-06,3.10319890306586e-06
"2016-04-22",0.000162833007389041,0.000248591622834205,0.000232314169617079,0.000364902524454476,0.000364388235462145
"2016-04-25",0.000723226580176721,0.000167068017042265,0.000190315332295792,0.00022370298204819,0.000204537612706837
"2016-04-26",0.000120292824505706,0.000281093581845487,0.000218866037036342,0.000196323012376722,0.000204808897378708
"2016-04-27",0.0116704735377916,0.0101069208187613,0.00994208364018986,0.00968737758334906,0.00958086195482029
"2016-04-28",0.000334213726155529,0.000543584925731667,0.000638042016295277,0.000637842934755216,0.000716631782815734
"2016-04-29",0.000777068726806854,0.000829434925365556,0.000745528046469692,0.000824559541605194,0.000827858659567022
"2016-05-02",0.00084316863117603,0.000802343260626194,0.000601723166791486,0.000619728602984247,0.000610853198927923
"2016-05-03",2.7124148585312e-05,4.95491498769719e-06,3.47665813178744e-06,3.83747147659054e-08,7.26228178399755e-08
"2016-05-04",0.000143095701617156,0.000127702415854268,0.000147327364479344,0.000177407402138616,0.000177997462802247
"2016-05-05",0.00142161329031768,0.00160348151545971,0.0015912744827213,0.00160480135280114,0.00159523784376762
"2016-05-06",6.54732076824784e-05,8.57837072964174e-05,9.85123322529369e-05,8.33563933130723e-05,8.61257806450112e-05
"2016-05-09",0.000656909545110177,0.000748203314563006,0.000724859594565531,0.000658069459828546,0.000651853947393416
"2016-05-10",2.65183733600012e-05,9.67686949109501e-06,1.49713017389791e-05,1.86000141147167e-05,1.87227934277621e-05
"2016-05-11",0.000446173973179092,0.000597771796116061,0.00066541031713693,0.000683706240828088,0.00068403848267159
"2016-05-12",0.00489503888804019,0.00471894442231255,0.00458330268025947,0.00476779167305868,0.00476888223064548
"2016-05-13",0.00066863439642793,0.000867862099958036,0.000942426497420649,0.001010541453155,0.00102508765540634
"2016-05-16",0.000678004974380277,0.000736669328955258,0.000677143807850801,0.00060237003346083,0.000612021089148859
"2016-05-17",0.000161953538287135,0.000249532473761922,0.000230499975737666,0.000183878438625307,0.000184968056226983
"2016-05-18",4.60810478543946e-06,2.35402000060311e-08,9.97913066530527e-09,3.84180512919568e-08,8.15408082015644e-08
"2016-05-19",0.000314706139514511,0.000173710974569364,0.000196044186077154,0.000140161341357918,0.000143286648271633
"2016-05-20",0.00381842534846859,0.00370897899111881,0.00380993913566156,0.00364419737865068,0.00365514329511807
"2016-05-23",3.52003751424134e-05,2.07426562688402e-05,1.84837598134592e-05,1.94650418724765e-05,2.00098534720993e-05
"2016-05-24",0.000788540432619051,0.000937042435293768,0.000948325452983064,0.00104324750335791,0.00104924904008341
"2016-05-25",2.74161634970255e-06,8.33425725942701e-09,1.4295386478419e-06,2.66842113072474e-06,3.04569726472303e-06
"2016-05-26",2.74103728275891e-05,2.75540338420931e-06,2.59870878008053e-06,1.48798932917528e-07,1.96640740058305e-07
"2016-05-27",0.000280884987249985,0.000366655411078624,0.000361041797952321,0.000429158239927874,0.000428805985402078
"2016-05-31",0.000243455257890835,0.000433549684447355,0.000494258165438457,0.000503105374401466,0.000504999325492456
"2016-06-01",2.59046817034252e-05,3.2925326162222e-05,4.00867608108228e-05,2.60178767581132e-05,2.81578410209875e-05
"2016-06-02",0.000862807283108751,0.000907393439379267,0.000873561664517811,0.000880463236358191,0.000869534658829947
"2016-06-03",0.000647833175259572,0.000782352248301493,0.000813218353973923,0.000877109703674231,0.000884068362547576
"2016-06-06",0.000437252917289926,0.00037024578388864,0.000359957135075526,0.000335234513017329,0.000336078339179821
"2016-06-07",0.000227379561401688,0.000221779311014788,0.000255355094940692,0.000279791115054016,0.000278142025637468
"2016-06-08",0.000300704786690089,0.000387312403245641,0.000413227978435046,0.000422884985403736,0.000424805696217596
"2016-06-09",0.000135280498766589,0.000148747588798399,0.000141260572164676,0.000141023172985747,0.000141280812643488
"2016-06-10",4.97028037320069e-05,2.10972553336775e-05,2.25520583431356e-05,2.82458160901057e-05,2.862615087908e-05
"2016-06-13",0.00186247491108756,0.0021038646066732,0.00213736328415064,0.00210934927574788,0.00212429402716409
"2016-06-14",0.00015011751664456,0.000234480877109014,0.000220267026796294,0.000208122392314847,0.000203379045598356
"2016-06-15",0.000106592093647119,8.84269583025688e-05,0.000105862518549733,3.62648226809232e-05,3.76619575750496e-05
"2016-06-16",3.52784358349546e-06,9.98451933578026e-06,1.02742320643731e-05,1.44828875605262e-05,1.42409628104585e-05
"2016-06-17",2.20273444039868e-05,4.91272679949389e-05,6.01004510832871e-05,5.43492665672531e-05,5.38225867803309e-05
"2016-06-20",0.00182869656214365,0.00184733024837959,0.00186780346901891,0.00189881816617918,0.00190418292757133
"2016-06-21",0.000390120408906116,0.000417189759124715,0.000414694868827686,0.000457550193789692,0.000458195360170729
"2016-06-22",0.000261489896941793,0.000490628470018918,0.00048851938452945,0.000449044389613383,0.000449866327831792
"2016-06-23",0.000160319522123318,0.000215946648447931,0.000178403614047396,0.000183710601733134,0.00018121192115888
"2016-06-24",0.00793440495929355,0.00773885873454499,0.00767488199635842,0.00766179039448702,0.00761640183616561
"2016-06-27",2.85070963513623e-05,7.22947834568563e-06,1.90410197988684e-05,2.65601283225574e-05,2.8043390143679e-05
"2016-06-28",0.0039585876704872,0.00323036189253023,0.00322692275644187,0.00298721836903144,0.00297120243834133
"2016-06-29",0.000161301714066485,0.000105799480800645,0.000113613800925147,7.51560068609e-05,7.40655136481403e-05
"2016-06-30",0.000373726356399764,0.000281394507947257,0.000303670477429862,0.000305224186075994,0.000302860285728356
"2016-07-01",0.000197533399715097,0.000206118798789821,0.00023351884329517,0.000179247170993821,0.000175120379887257
"2016-07-05",0.000323644440646623,0.000298771494939417,0.000329701685926661,0.000330915109576701,0.000322785525363501
"2016-07-06",0.00209392415934153,0.00223157529694661,0.00226696583731216,0.00226285916551409,0.00226708156494276
"2016-07-07",0.00118868067836166,0.00119280834269863,0.00120358141188541,0.00110980164705322,0.00111065829236655
"2016-07-08",0.000416483531348208,0.000467872352096212,0.000462659171431401,0.000462654433703164,0.000468114653330007
"2016-07-11",0.000601049444446641,0.000716548977465725,0.000711003333661528,0.000661351442533501,0.00065176843573169
"2016-07-12",3.01616981629468e-05,4.24177606073176e-05,4.63397345647749e-05,4.76845253695189e-05,5.13695004326126e-05
"2016-07-13",2.55683140662415e-07,1.00441982220025e-06,3.33755318796092e-06,5.58562870794345e-06,6.52805793702783e-06
"2016-07-14",2.7835161021742e-05,3.09399674311885e-05,3.43852955987957e-05,3.53142471148531e-05,3.65050208844457e-05
"2016-07-15",1.80259989260126e-05,3.1386649040565e-05,3.36746138664534e-05,2.87759896388382e-05,3.16563571099031e-05
"2016-07-18",0.000134601206924238,0.000187118235530235,0.000171948488534166,0.000200879486955669,0.000194881387639713
"2016-07-19",1.48957296457171e-05,2.48018209989702e-05,3.72006290555291e-05,4.18646966823205e-05,4.16310633486423e-05
"2016-07-20",8.71137616862157e-05,7.69896664374279e-05,8.24464273979842e-05,9.19171067926898e-05,9.60095964746442e-05
"2016-07-21",0.000102352823769707,6.84573501049526e-05,6.41188329928826e-05,8.64479303051874e-05,8.57111660942451e-05
"2016-07-22",1.82828984252829e-07,4.5569224116667e-08,2.62456537612342e-07,7.64046699838853e-06,9.27895508599956e-06
"2016-07-25",1.6758897407904e-05,0.000108473518879784,8.65663501280533e-05,7.12753991610933e-05,7.7462499776537e-05
"2016-07-26",0.000143925796660241,0.000194157819050209,0.000173381061106116,0.000108799362948776,0.000108906223274247
"2016-07-27",0.000805001635175994,0.000810412345763065,0.000846567881873087,0.000763963275045605,0.000762616877978435
"2016-07-28",0.00185342783784445,0.00200551091522984,0.00202580338359946,0.00204563751917675,0.00209010092477213
"2016-07-29",6.66218164583162e-05,7.66912500527642e-05,4.09078974702266e-05,4.6734185212548e-05,5.03279417284669e-05
"2016-08-01",0.000373030880747729,0.000394333308248766,0.000466650992354788,0.000467914157802062,0.000466698456456572
"2016-08-02",0.000945881582140459,0.00104591454813385,0.00105039551664656,0.00107497658542064,0.00107728818988789
"2016-08-03",0.000981257641313238,0.00104306660612003,0.000931778543799466,0.000934809255444518,0.000928746031171016
"2016-08-04",3.10135184947795e-05,1.75914138439234e-05,2.50303790991351e-05,2.94350002028642e-05,3.18596016776701e-05
"2016-08-05",0.000829449076317447,0.00089099946486259,0.000910269339477858,0.000958749459134507,0.00095421127862305
"2016-08-08",4.40938742865061e-06,2.64161461750809e-06,3.517696370247e-06,5.51403078763488e-06,5.14304088833771e-06
"2016-08-09",3.77366451943349e-05,2.37964717888921e-05,1.260475135207e-05,1.07610274762944e-05,1.06059115358921e-05
"2016-08-10",0.000370488005509104,0.000429247784228551,0.000446993675893851,0.000473412033415255,0.000467485439245632
"2016-08-11",8.961948019389e-06,8.37593967235133e-06,7.7461823047306e-06,6.86929531613984e-06,6.77027830823981e-06
"2016-08-12",0.000312925412683904,0.000350330942421871,0.000387198581585387,0.000398041922076606,0.000396379833521428
"2016-08-15",7.74857660493444e-06,3.19249080077231e-06,2.56412863067016e-06,2.4897824561834e-06,2.33644930983327e-06
"2016-08-16",1.53508217180204e-05,9.33667061418187e-06,1.08233315008563e-05,5.09818779558673e-06,5.02500601454227e-06
"2016-08-17",0.00168752145181057,0.0016553697279177,0.0016171029403378,0.00159423527567124,0.00159341062608851
"2016-08-18",0.00149786265346991,0.0015564923869633,0.00153986024168486,0.00154345437717885,0.00154206636799189
"2016-08-19",3.08385907481058e-05,1.96147517380845e-05,2.61208208019755e-05,2.63736994741321e-05,2.59097182809271e-05
"2016-08-22",5.44492782983638e-05,4.2608807857316e-05,4.3771664534454e-05,3.69139626558769e-05,3.72094312704558e-05
"2016-08-23",0.000324765231201235,0.000319654838595119,0.000340134277351708,0.000318045911045299,0.000318305735610208
"2016-08-24",9.99717478366752e-05,9.32765790643015e-05,7.51222148227107e-05,8.72787595870033e-05,8.67608519601939e-05
"2016-08-25",3.16111121981641e-05,2.08512608575087e-05,2.37653117513045e-05,2.34707911460274e-05,2.34326495434245e-05
"2016-08-26",0.000945107924212831,0.000879205291939933,0.000966227444504356,0.000946609199513579,0.000946432929217681
"2016-08-29",0.000356359185834401,0.000302486839126417,0.000242564818591776,0.000241623544480309,0.000240982173478848
"2016-08-30",3.65428078146936e-05,3.4042981010615e-05,4.13170535453685e-05,5.90014492515607e-05,5.882044576008e-05
"2016-08-31",4.12168214883521e-05,4.58661647808812e-05,4.99227103366012e-05,5.44199969444582e-05,5.57305970876977e-05
"2016-09-01",5.72980867939241e-05,7.42164963300145e-05,9.33009964338322e-05,8.09150709040447e-05,8.13003195713111e-05
"2016-09-02",9.29247961133946e-05,6.25131909321037e-05,6.79771862025283e-05,5.84163678625307e-05,5.9957255270111e-05
"2016-09-06",0.000311740233074723,0.000270474352644106,0.000253861883505908,0.000257297939706933,0.000260298286127404
"2016-09-07",0.00140934908070355,0.00142565149226291,0.0013729238497337,0.00138119384179062,0.00141066391461907
"2016-09-08",0.00112093040835042,0.000998802476763766,0.000937958339707828,0.000876815961817934,0.000841813932179604
"2016-09-09",3.27885341703278e-05,9.72139538709512e-06,1.11880224230542e-06,8.99679147291616e-10,1.1062192156569e-08
"2016-09-12",0.000421884681659263,0.000576193168014277,0.000515044048462473,0.000537067226443467,0.000540003902002421
"2016-09-13",8.61660949460783e-05,0.000137274147238325,0.000196838265044614,0.000226868447454071,0.000238227592553546
"2016-09-14",0.00491159420733804,0.00515727454366924,0.00541704039517355,0.00555626567276141,0.00555322941736378
"2016-09-15",0.00279818423684316,0.00265156928896639,0.00293382200204673,0.00287756747317429,0.00292435741480753
"2016-09-16",0.000918803021143874,0.000817285605323508,0.000867806176266662,0.000882592513036336,0.000888692049435657
"2016-09-19",2.08490704211526e-05,2.82074710489731e-05,2.77261796257167e-05,2.84003907341596e-05,2.7868389250369e-05
"2016-09-20",9.19039618414875e-05,0.000120327752001026,0.00018882986602302,0.000202029353625889,0.000207648064472628
"2016-09-21",0.000160805912707731,0.000231495508517385,0.000296982526157055,0.00031369492884576,0.000311190783381409
"2016-09-22",0.00321393710983284,0.00311266320625991,0.00308352592971991,0.00302993512765299,0.00302854355138048
"2016-09-23",0.00975170960856144,0.00973852052213037,0.0096123852492764,0.00957092115125956,0.00956141161666861
"2016-09-26",0.00590488264708998,0.00617103053016281,0.00641098941542819,0.00645628635930491,0.00649883744396394
"2016-09-27",0.00012245494061197,0.000113254878926531,0.000111459549540868,7.55806958759574e-05,7.45973182947945e-05
"2016-09-28",0.000439997483613102,0.000412081340108628,0.000357193201277685,0.000362284913533415,0.000361845831346784
"2016-09-29",0.00157498290818987,0.00168869068929167,0.00161393796416341,0.00157691820253537,0.00156955864528042
"2016-09-30",0.00118499844505155,0.00107360562566619,0.00104156811284336,0.00102481370545466,0.0010181967149199
"2016-10-03",0.001095012927903,0.00103308687405228,0.00103857796338218,0.00104668960715323,0.0010507123110934
"2016-10-04",0.00173283790930087,0.0017684990864353,0.00186108632413651,0.00189319958028955,0.00190180916252045
"2016-10-05",0.0011672842413673,0.00123253772017643,0.00131825979190022,0.00132343321528547,0.00131984219295094
"2016-10-06",6.36685852725806e-05,7.00466348843698e-05,0.000104047750218647,0.000113693522436264,0.000115612724526289
"2016-10-07",1.76760580622823e-05,1.82176293371014e-05,2.70687323500272e-05,4.89560531615455e-05,4.93534080014016e-05
"2016-10-10",0.00028369871632,0.000137881225859466,0.000161290405341859,0.000182737804530297,0.000181026357036459
"2016-10-11",0.00262856472776291,0.00273578903785838,0.00250552467705783,0.00247030012888245,0.00246493325531003
"2016-10-12",0.000533881294524979,0.000571248498510424,0.000559028486018318,0.000566377702379663,0.000570660337427863
"2016-10-13",5.39881003665449e-05,6.22150375449331e-05,5.81066156178149e-05,6.10647073605496e-05,5.99196303335038e-05
"2016-10-14",0.000123822103889377,0.000117411096802381,0.000100840368545369,9.56835772131758e-05,7.9011505914438e-05
"2016-10-17",0.000332212601068334,0.000313761892721371,0.000358784428239037,0.000362938614859536,0.000371912128918075
"2016-10-18",0.000944975066361515,0.000957834174300109,0.000911050084938773,0.000930051287708963,0.000933414605830277
"2016-10-19",8.37110692424535e-05,8.44534397532256e-05,9.38026223095491e-05,8.67734049350013e-05,8.98065406224645e-05
"2016-10-20",0.00101486455851462,0.000987072298314237,0.000976899301355828,0.00100427883513204,0.000999062625065406
"2016-10-21",0.000825891179226028,0.000872788243298428,0.00083144734909274,0.000711963129588049,0.000717565805657863
"2016-10-24",0.000478475794495006,0.000402043606364044,0.000398707876095982,0.000393243032447699,0.000397747033408474
"2016-10-25",2.50870464668203e-05,1.84182191253695e-05,2.59564199200783e-05,2.70559576353325e-05,2.5824426579513e-05
"2016-10-26",0.011204075515228,0.01107295792827,0.0109485322861478,0.0109294792626763,0.0109776955045092
"2016-10-27",0.00209301810559541,0.00230120184109637,0.00230688624751519,0.00239972883849773,0.00229631218334617
"2016-10-28",0.00123783066315605,0.00125990577611427,0.00127202980697741,0.001283515454635,0.00129897176298136
"2016-10-31",0.00276616795440159,0.00265598850097094,0.00189065642260588,0.00198082149543855,0.00200540490582208
"2016-11-01",0.00104426236940365,0.00103845979432853,0.00109899850162825,0.00110012863870457,0.00109918477359249
"2016-11-02",0.000118061402053075,0.000121515816319563,0.000149965389220334,0.000149263718331625,0.000149649926937405
"2016-11-03",0.000512459424660727,0.000531481582406565,0.000510868590101213,0.000506383742931089,0.000505139393024398
"2016-11-04",0.000376274446722988,0.000396332208847895,0.000432564810166063,0.000410454936098906,0.000410602466476525
"2016-11-07",0.00215622527942769,0.00214999963330621,0.00194189287170521,0.00195643621110231,0.00195601564181195
"2016-11-08",7.17802661822825e-05,8.29772582903843e-05,7.8023373756371e-05,7.36110515308529e-05,7.36601662684265e-05
"2016-11-09",0.0444506543099267,0.0440890577518293,0.0444315291731086,0.0444706964716994,0.0444705556823328
"2016-11-10",0.00490487060261058,0.00517357850079059,0.00633719865592252,0.00644424039389542,0.00644314466382102
"2016-11-11",0.00749273678005079,0.00725826847090075,0.00681655214924814,0.00673145486517296,0.00673640706125252
"2016-11-14",0.000172669273169828,7.65312729598584e-05,8.33500600165741e-05,9.08273834819043e-05,9.22674259433541e-05
"2016-11-15",0.00405204060225467,0.004188584901661,0.00458309438167101,0.00451626895911457,0.00454853115582789
"2016-11-16",0.000436636361608071,0.000530611694215575,0.000445204823522881,0.000451606243459667,0.000450832948095755
"2016-11-17",0.000180607944182694,0.000226583196815338,0.000258230648680609,0.000261662319723062,0.000264399915299682
"2016-11-18",0.00336598926500859,0.00360384462131328,0.00384729609971846,0.00392053571797334,0.00386495300834298
"2016-11-21",0.000182336910146164,0.000173599462883647,0.000171494183827045,0.000187673879199071,0.00018782475395151
"2016-11-22",0.000109020414799752,0.000137487733594013,0.000181629342392997,0.000183942375916434,0.000176949465630295
"2016-11-23",0.000176118283819786,0.00016903653870693,0.000179790155295548,0.000176860297672145,0.00016991320051232
"2016-11-25",7.31058491130935e-05,7.85288324776389e-05,7.26446485906466e-05,6.67427424176646e-05,6.71743966493938e-05
"2016-11-28",8.02096872732518e-06,1.08121663663155e-08,2.28994004949002e-07,6.4819329578916e-07,1.66925589926749e-06
"2016-11-29",0.000121652514084107,0.000114619157648212,0.000110290754175329,0.000112012048609486,0.000120928050312844
"2016-11-30",0.000139425848291048,0.000113371641258709,8.63239321635541e-05,8.81470488289016e-05,9.11835331361247e-05
"2016-12-01",0.000775150483856032,0.000833644266368878,0.000822016139978112,0.000808477550023063,0.000788206577301512
"2016-12-02",0.000232807263793858,0.000235830225972071,0.000207755134702379,0.000200573590256854,0.000193303442560714
"2016-12-05",7.17825230970896e-05,4.49171702450679e-05,4.74036659011965e-05,4.56944159359371e-05,4.48219341462574e-05
"2016-12-06",0.00102647713887779,0.00111787841208232,0.00115989892016432,0.00118904298768374,0.001205019867355
"2016-12-07",0.000600717875859533,0.000649261168595537,0.000591893862793583,0.000593270232625445,0.000611086976421582
"2016-12-08",0.000227479811072217,0.000156016614864963,0.000116430068031046,0.000124050373017806,0.000140458134615806
"2016-12-09",0.00021985183227304,0.000173575580467812,0.00015239290127264,0.00015122920347836,0.000150765898502162
"2016-12-12",0.000313618491405961,0.000296859789807872,0.000262332261867952,0.000267471334496707,0.000273855169260719
"2016-12-13",0.000599589105674353,0.000584538564315945,0.000588801595965726,0.000598763277036519,0.00065563157480347
"2016-12-14",0.00100993437391265,0.000896381729944737,0.000971321741943093,0.000970995268998542,0.00101945151070979
"2016-12-15",0.000681203422791492,0.00061285723960112,0.000646648804191686,0.000609662911404368,0.00063129353229121
"2016-12-16",0.00204483326471728,0.00191568036848746,0.00216113265338049,0.00211946351024154,0.00213856545500879
"2016-12-19",0.000143218387741246,5.98181927304512e-05,7.54996844226071e-05,7.78591798123189e-05,8.16986925651977e-05
"2016-12-20",0.000818139876390576,0.000881487093296813,0.000915411881998983,0.000925570787608321,0.000908936160513732
"2016-12-21",0.000138962476551398,0.000163156649267605,0.000153844241885965,0.00015229501397006,0.000152080813528666
"2016-12-22",2.69793247235314e-05,2.37692458240719e-05,1.9133522176328e-05,1.73770674288889e-05,1.64468067243483e-05
"2016-12-23",0.00105094704916626,0.00115630285578636,0.00124165234380193,0.00124965873832508,0.00122496355876762
"2016-12-27",1.28926711614946e-06,3.31763402560922e-06,1.013101490706e-05,1.03085866451857e-05,9.90381450689306e-06
"2016-12-28",0.00039626617209922,0.00037318583346288,0.000359688744693694,0.000353963777514693,0.000343835248488077
"2016-12-29",1.38385135149139e-05,1.37154278460626e-05,1.19389289473051e-05,1.22851546799982e-05,1.15198435331057e-05
"2016-12-30",0.00117376159497341,0.0011902088668071,0.00113539425849975,0.00113607668333345,0.0011307773995196
"2017-01-03",4.99458628628178e-05,2.72165732961915e-05,2.58995019132839e-05,2.48952454601907e-05,2.53023102440707e-05
"2017-01-04",0.000971993148818325,0.000904933929270299,0.000887175953433796,0.000868469396675264,0.000864126724332964
"2017-01-05",9.30050399954394e-05,0.000106047213311548,8.43249630196628e-05,8.60212890968614e-05,8.50752873105972e-05
"2017-01-06",1.89813485642203e-05,2.29304380687121e-05,2.50189345980558e-05,2.44286632952047e-05,2.35934737726248e-05
"2017-01-09",3.60570404320603e-07,7.37666943148702e-07,3.54022203583266e-06,3.58035199917228e-06,2.25545766331078e-06
"2017-01-10",6.69477687733462e-06,5.57960184921826e-06,5.21855369538394e-06,4.59663972755108e-06,5.85612792738555e-06
"2017-01-11",5.6422907434195e-05,5.39136033098791e-05,7.8362415510506e-05,6.55535102873275e-05,7.15002953814673e-05
"2017-01-12",0.000110425302759214,0.000129074508124895,0.000187208624633741,0.000194833239703161,0.000194924504918261
"2017-01-13",0.00141944133855462,0.00140550518535218,0.00140835711983446,0.00142499459328701,0.00142207615508354
"2017-01-17",0.000205945451783236,0.000186317521624456,0.000168054637383735,0.000170591571721069,0.000173220757064975
"2017-01-18",0.000156548155528512,0.000158968100858351,0.000150464773910915,0.000153037278211385,0.000156766468107541
"2017-01-19",3.6691462298957e-05,3.22159458659911e-05,2.40807098570152e-05,2.61964816189636e-05,2.41838729155068e-05
"2017-01-20",0.000229127480762822,0.000236227915361434,0.000257923744048712,0.000252761270055988,0.000256373185283066
"2017-01-23",2.60974372571104e-05,1.55128126564896e-05,1.46595022516597e-05,1.0671019291344e-05,1.00040773512453e-05
"2017-01-24",0.000965799506357233,0.000930111310706681,0.000988517531679676,0.00100768475327252,0.00101151998340555
"2017-01-25",4.77737849809641e-05,4.69175998953698e-05,4.72926698905737e-05,4.45476147482246e-05,4.92194666361827e-05
"2017-01-26",0.000118349683376406,0.000121497769417351,0.000107371340618735,0.000108388747358183,0.000121870765699905
"2017-01-27",0.00030504886996304,0.000281859929949747,0.000260866279890536,0.000265264582003769,0.000262886008812711
"2017-01-30",0.000296416967056604,0.000383676805907863,0.0004122711582994,0.000402540821704742,0.000407241393188951
"2017-01-31",6.87156901276831e-06,8.79549523079914e-06,6.60675601087728e-06,6.44702015825328e-06,5.65680581452812e-06
"2017-02-01",0.00740076255825261,0.00736670197786104,0.00753276507769088,0.00751883417594226,0.0074784069818252
"2017-02-02",0.00147428405707526,0.00157466981862785,0.00159672066088419,0.00159938567020521,0.00162976522840187
"2017-02-03",0.00152941595246086,0.00150739423709672,0.00145113373625414,0.00148493097982472,0.0014805306634582
"2017-02-06",0.000145961816986886,0.000148770681665497,9.72922387061957e-05,9.70086629233505e-05,9.91173872951056e-05
"2017-02-07",2.99608522823319e-06,2.55644329900014e-06,7.39130682409909e-07,7.81667648004707e-07,5.61638266848781e-07
"2017-02-08",0.000278884895937749,0.00032871527424671,0.000340518458814464,0.000345451684775851,0.000339722732733357
"2017-02-09",1.10341683856465e-05,1.1416959646229e-05,1.59948265782442e-05,1.67582362486801e-05,1.72644036688411e-05
"2017-02-10",2.1429258539683e-06,2.2772094781031e-06,2.82706873944577e-06,1.80912210121994e-06,1.78155418909899e-06
"2017-02-13",0.000306267876797645,0.000307818093201574,0.000378556112405482,0.000387832407193807,0.000393037057306067
"2017-02-14",0.000161610835667564,0.000180234449277245,0.000165314193687017,0.000170329202902696,0.000174785520456537
"2017-02-15",0.000227032355584933,0.000219227877521163,0.000201788345298336,0.000203683225661878,0.000205312420064437
"2017-02-16",1.02478730556993e-05,8.3395372273585e-06,1.98723133503309e-06,3.90335855368699e-06,1.97872815607669e-06
"2017-02-17",0.000741682825025918,0.000768902895012926,0.000740776857285099,0.000740143461012259,0.000745080025617096
"2017-02-21",4.98627752258773e-05,5.60104073980004e-05,5.40059003552006e-05,5.53665676961529e-05,5.18117745741809e-05
"2017-02-22",4.0640731880746e-05,4.54566410889258e-05,4.64121606226211e-05,4.63275883822595e-05,4.36133293798689e-05
"2017-02-23",0.000237595207161175,0.000245704801846394,0.000222921608636265,0.000221592939803918,0.000221232448254081
"2017-02-24",4.85749400417411e-07,1.14486646824393e-07,5.67096901062283e-09,3.3539565255028e-09,2.23464495044934e-08
"2017-02-27",1.91620992094848e-05,2.0050735696979e-05,1.91235374414123e-05,2.08742082866652e-05,1.9986709960071e-05
"2017-02-28",0.000174136612044222,0.000168051863042694,0.000201303963774337,0.000203908279569016,0.000204365702773546
"2017-03-01",1.9708478257854e-05,2.40233908712607e-05,2.56370606959243e-05,2.53252579717059e-05,2.56408957289112e-05
"2017-03-02",0.00013295811671997,0.000133455961888983,0.000178472623974945,0.000177722067144956,0.000178076863284218
"2017-03-03",0.000150310550183131,0.000161645941409287,0.000180470909862861,0.000178084616160767,0.000177404534635353
"2017-03-06",0.000103293467747006,0.000115501082030759,0.000107637392815102,0.000105886828432257,0.000106363141507095
"2017-03-07",3.0157552495694e-05,2.90318405804148e-05,2.87036397845393e-05,2.86868305404872e-05,2.7927073463852e-05
"2017-03-08",6.86742011723353e-05,6.15277042936292e-05,6.50232813160879e-05,6.55056518832325e-05,6.47884127998755e-05
"2017-03-09",0.000975936314049229,0.000959480948128002,0.000927842948452603,0.000941169183740442,0.000932088206355953
"2017-03-10",0.00116559577262962,0.00115343686501943,0.00122492862686058,0.00123087954163662,0.00123125926942216
"2017-03-13",0.000233474628449874,0.000237750673956329,0.000209705992438529,0.000209798537280793,0.000205799509593052
"2017-03-14",0.000397905238008112,0.000414226104090643,0.000441283573104131,0.000447399689449288,0.000443177486126261
"2017-03-15",5.30141073259137e-05,5.0758716957507e-05,5.02859497070757e-05,5.18206901749841e-05,5.19280308845436e-05
"2017-03-16",2.51455665002894e-05,2.28184584824065e-05,2.02392359358625e-05,2.00823456262348e-05,2.09073120327091e-05
"2017-03-17",0.000298516929437221,0.000308878005899534,0.000247116671339504,0.000252703561795053,0.000254437946601229
"2017-03-20",2.69772139546241e-05,3.0124791972922e-05,4.70756552540854e-06,5.89695284606509e-06,6.39818924750126e-06
"2017-03-21",0.0063232177558594,0.00629686336091878,0.00620869555795231,0.00620454815806448,0.0062256488608666
"2017-03-22",0.000121877082455356,0.000127047918821593,0.000106254259644424,0.000114653761167002,0.000112423071065385
"2017-03-23",0.000263708826427749,0.000263316516265807,0.000319964328137095,0.000307909633696279,0.00031735782348869
"2017-03-24",0.000199129646414914,0.000187036503022231,0.000193533135523297,0.000195884356920486,0.000200815626825719
"2017-03-27",9.75184793370572e-05,9.22951841503012e-05,7.79784147916732e-05,8.12488866946212e-05,8.4072636744398e-05
"2017-03-28",0.000319687171444578,0.000288651307815056,0.000305119111896643,0.000300015313778676,0.00030303606979878
"2017-03-29",0.000267696684853325,0.000279614810965046,0.000291265651418521,0.000297785293778247,0.000296891957320769
"2017-03-30",0.00011285939608442,0.000124033374521526,0.000144973926124129,0.000143781850172478,0.000143211068372125
"2017-03-31",7.27075682289515e-06,7.44551933720061e-06,9.59136148749735e-06,1.06204786230132e-05,1.14580827071866e-05
"2017-04-03",8.97488773678968e-05,9.03699211265117e-05,8.59218494297067e-05,8.44799119956977e-05,8.41103038126842e-05
"2017-04-04",0.000178156001496822,0.000160954239723103,0.000175159718253241,0.000173517651519292,0.000173953684329768
"2017-04-05",0.000529865457366773,0.000524136525179922,0.000464327119627561,0.000459659175135706,0.000460890587576898
"2017-04-06",2.17055395687226e-05,1.98559466756135e-05,1.34684856847627e-05,1.49461536573974e-05,1.47378021504102e-05
"2017-04-07",0.00050903575676263,0.000516778868939313,0.00054347083131253,0.000539598580685692,0.000537262293664791
"2017-04-10",0.000212205093658161,0.000213661666340797,0.000235909049455877,0.000235473069463228,0.000233851542810992
"2017-04-11",0.00753291583317813,0.00753968621871086,0.00739758369955484,0.0073798334341382,0.00737799073993332
"2017-04-12",0.000738804077624201,0.000748119707009493,0.000857969939440584,0.000843242683713988,0.000844920013137632
"2017-04-13",0.00137233184030707,0.00137176377214379,0.00141813126698782,0.00142344404173395,0.00142621531092416
"2017-04-17",0.000272858691389306,0.000277223331534719,0.000310500028601319,0.000287607506946549,0.000287350217171074
"2017-04-18",9.63664265521943e-06,1.16450197110908e-05,1.20422464324428e-05,1.5284281742208e-05,1.49883071883979e-05
"2017-04-19",0.000136675497367225,0.000139818420214615,0.000136274534948684,0.000137438467630311,0.000137098226484771
"2017-04-20",4.38095909774441e-06,4.33448517259157e-06,3.62445201834174e-06,3.71139906918079e-06,3.5915796183746e-06
"2017-04-21",9.76502956055871e-05,0.000100116357576074,9.16828038853173e-05,6.80031752702033e-05,6.93283694781166e-05
"2017-04-24",0.000231521406996822,0.000177927083432422,0.000204211590491018,0.000211312563555146,0.000210990702199319
"2017-04-25",0.000150259761784634,0.000132692903967734,0.000160988247851218,0.000167028627200515,0.000168363990273345
"2017-04-26",0.000797336652890243,0.000816821041055427,0.000786494130614853,0.000764027639969199,0.000764069195891041
"2017-04-27",0.000389410047507105,0.000418205183499135,0.000437092317987075,0.00043182144903718,0.000427484311300405
"2017-04-28",1.45773718980799e-06,1.13765188827973e-06,1.02838702407614e-05,8.48759141073201e-06,8.42845998040601e-06
"2017-05-01",9.54293404214942e-05,0.000112230627899908,9.0332869050446e-05,9.05070327093478e-05,8.96444786965084e-05
"2017-05-02",0.000159643215712685,0.000152664584458463,0.00012508751628604,0.000126978722002588,0.000127151289450396
"2017-05-03",0.0039983312766092,0.0039788612225416,0.0038731011614796,0.00386089707277668,0.00385316558506609
"2017-05-04",0.00251938543280536,0.00261261078060394,0.00303570879318183,0.00309638441778063,0.00310036501752729
"2017-05-05",0.00077975371840297,0.000783846654851992,0.000808817951391314,0.00079166503758167,0.00079194453765567
"2017-05-08",0.00229120208226338,0.00222015377001161,0.00227973846135346,0.0023005078757975,0.00230046520382056
"2017-05-09",7.66245484120955e-05,5.82113740399697e-05,4.59846247905557e-05,3.82674970423065e-05,3.83953119855987e-05
"2017-05-10",0.000832651339769208,0.00082641900556491,0.00090289959054934,0.000941278287487424,0.000941053288899289
"2017-05-11",1.02242502904748e-06,2.2228295488266e-06,1.7115807551861e-06,1.67824957548388e-06,2.86934273109833e-07
"2017-05-12",2.03164173464323e-05,2.63699792843674e-05,3.09102153517798e-05,3.2630718003985e-05,3.29191430573952e-05
"2017-05-15",0.000320306770774267,0.000327636732302011,0.000385378939753211,0.000378597778811971,0.000380409359072839
"2017-05-16",4.44554967927307e-05,5.48415500825908e-05,6.997674194106e-05,7.05461731596052e-05,7.00192694592346e-05
"2017-05-17",0.0294061378998802,0.0296115938963343,0.0292158377876728,0.0292136650077278,0.0292159339177897
"2017-05-18",0.003514015495966,0.00363422645564846,0.00367501795400419,0.00367413446119374,0.00364642318002645
"2017-05-19",0.00191162796851951,0.00185455805141243,0.00176350067066629,0.00172194017523263,0.0017293002810437
"2017-05-22",0.000295736814103944,0.000290317940827461,0.00029099207644476,0.000290160258190803,0.000293524775037049
"2017-05-23",0.000349709412120173,0.000362431271699592,0.000310277628462653,0.000326565374829448,0.000329000688187259
"2017-05-24",0.00016439774543752,0.000170346418226617,0.000176858998429059,0.000186099834214735,0.000186009533279502
"2017-05-25",7.10933453541428e-05,7.1222941653627e-05,8.24948810368114e-05,9.16180034024248e-05,9.1423423229013e-05
"2017-05-26",0.000107703323728402,0.000102232363583502,0.000120597183366981,0.000119508557993086,0.00011899451698746
"2017-05-30",0.000121417714166143,0.00013652575501612,0.000129481411468106,0.000135020025234025,0.000135800445969669
"2017-05-31",0.000670216413538182,0.000654178580917011,0.000625544562389297,0.000633096111818057,0.000634561289520815
"2017-06-01",0.000367341699571778,0.000368592094162889,0.000337737090346835,0.000331838208068497,0.000329529247728743
"2017-06-02",4.52927518746496e-06,5.29930703570006e-06,5.51529179867584e-06,4.22401714884938e-06,5.02078071102843e-06
"2017-06-05",7.10682578995754e-05,7.42423458718913e-05,7.25333604270503e-05,7.16658563592161e-05,7.16834194798704e-05
"2017-06-06",5.13577002899144e-05,3.42888638355656e-05,4.74344246166685e-05,4.52969716478949e-05,4.65236656379949e-05
"2017-06-07",1.37279921504562e-05,9.57375171999076e-06,5.53833566952892e-06,5.71860810796078e-06,5.87477173121411e-06
"2017-06-08",3.15108507646679e-05,3.43587605878649e-05,4.06718872584816e-05,4.10705803406839e-05,3.95628639611962e-05
"2017-06-09",0.0394743721067058,0.0393748151481716,0.0395930339611177,0.0397502890826911,0.0397484645848327
"2017-06-12",0.0296063036715714,0.0291917838931321,0.0293955155276759,0.0292196048584674,0.0293377794890401
"2017-06-13",0.0325453861639439,0.032587602950524,0.0320558313241816,0.0324957064278424,0.0324952389625297
"2017-06-14",5.96207288442787e-05,5.28935840615102e-05,4.74668487666346e-05,5.93419986847834e-05,5.90840322037813e-05
"2017-06-15",0.000118450414572351,9.64609457178488e-05,0.000131490290360628,0.000108566518259453,0.000108244513435517
"2017-06-16",0.00186477832998086,0.00191466968234599,0.00189903396619775,0.00189763089532562,0.0018978545705687
"2017-06-19",0.000357014909559819,0.000347255344726262,0.00029325450358971,0.000317763120312325,0.000317595784436804
"2017-06-20",0.000162398568251138,0.000159522145230272,0.000178035349021277,0.000187879288328694,0.000188631139497854
"2017-06-21",1.74721319862508e-05,1.0488607814521e-05,5.90492226737075e-06,7.51227377912486e-06,7.5203795702328e-06
"2017-06-22",0.000535664442619852,0.000552743467369915,0.000460593315891499,0.000470496385340601,0.000471308534207015
"2017-06-23",0.000305142982285628,0.00027683022540404,0.000228695799241168,0.000254435610970911,0.00025456859711764
"2017-06-26",0.00126957547673627,0.00126910163096904,0.00129868148014092,0.00126349977563374,0.00126321191719137
"2017-06-27",0.00121273026751963,0.00114633598661759,0.00113327256269971,0.0011370594963838,0.0011369282260378
"2017-06-28",0.000281351053477405,0.000302948698048969,0.000304018153615184,0.000300588141205572,0.000299942981310795
"2017-06-29",0.00349058208987109,0.00359065424904775,0.00357638305142881,0.00356034483291861,0.00355182337947125
"2017-06-30",0.00316703198633104,0.00316957551214359,0.00309005971686926,0.00287003409315007,0.00287345357408911
"2017-07-03",0.00107400255156439,0.00107749575439895,0.00108389495482308,0.0011411876464075,0.00114043976199742
"2017-07-05",7.64370972914913e-06,6.94555911134508e-06,3.02099439077704e-06,4.04743063654173e-06,4.05044849662974e-06
"2017-07-06",0.000100183924990502,9.13323320501928e-05,0.000128854925781066,0.000124285638386575,0.00012468033435501
"2017-07-07",0.00112056518897955,0.00118520422051633,0.00106709477302429,0.00110722922125381,0.00110843468306793
"2017-07-10",0.000139303340550281,0.000143323196722305,0.000170958269938849,0.000182042460055603,0.000179739144955053
"2017-07-11",3.47229790123254e-05,2.99229584863635e-05,4.47933994965409e-05,4.32436376663525e-05,4.42493317716671e-05
"2017-07-12",9.57733098650339e-07,4.51908954479517e-09,1.54200945565352e-07,9.39754411477748e-08,1.10423362546195e-07
"2017-07-13",1.7154566512277e-06,1.69503475297056e-06,6.62877420055621e-06,5.02540914918354e-06,4.92339681460994e-06
"2017-07-14",0.000860652639634649,0.000867068295630531,0.00082723143164298,0.000848929335255986,0.000852218251279479
"2017-07-17",0.000378482755142759,0.000368029543929597,0.000349690402139403,0.000359151025339109,0.000359257343238998
"2017-07-18",0.000870669999511744,0.00090643343265889,0.000970325805464949,0.00101924282072532,0.0010237854514388
"2017-07-19",4.3038639170929e-05,5.36539457904177e-05,4.90820894722427e-05,4.46516949555517e-05,4.4436284883651e-05
"2017-07-20",6.04192014416984e-05,4.66255409207364e-05,5.64887183823143e-05,6.05320490842395e-05,5.95368857063331e-05
"2017-07-21",3.23222623201047e-05,2.5623519194755e-05,2.74717870920101e-05,1.48270884255592e-05,1.54777662721059e-05
"2017-07-24",0.000199902901079301,0.000147880820271064,0.000211689682260788,0.000201841045416773,0.000201745070564896
"2017-07-25",1.73940441779375e-05,1.7472671149218e-05,1.41003380516485e-05,1.98979523818651e-05,1.94553792551289e-05
"2017-07-26",0.000133532101184107,0.000124661651098748,0.000113499042152157,0.000119542739724461,0.000117645505994404
"2017-07-27",0.0282371339791664,0.0282387869899225,0.0287441759362503,0.0284246504678972,0.0283928003298174
"2017-07-28",0.00516386723878286,0.00526347214267083,0.00507966924230649,0.0052129652347161,0.00530331924429537
"2017-07-31",0.00023447460317514,0.000249392030627834,0.000263640674986463,0.000270921988217395,0.000272805400460798
"2017-08-01",0.000493364024833099,0.00047139278140512,0.000508146166588721,0.000572751174769056,0.000591029725907811
"2017-08-02",0.0125597297659603,0.0126491400456362,0.0126055092950292,0.0125265804656806,0.012518862252233
"2017-08-03",0.00280287947545704,0.00275778652659416,0.00295722424537503,0.00313196515113075,0.00313531560871699
"2017-08-04",0.000534329169165417,0.000567905605244889,0.000633700844018119,0.00063213461289826,0.000645913471800066
"2017-08-07",0.0023945806078574,0.00241733389780784,0.00243371158678383,0.00248222958115405,0.00249964561611393
"2017-08-08",0.00172708106112933,0.00177248272858084,0.0017255216685182,0.00171660888646883,0.00171287633504517
"2017-08-09",5.72257949609023e-05,5.11043782043755e-05,4.47834644427368e-05,4.94694579322003e-05,5.49305276221528e-05
"2017-08-10",0.00323596989730908,0.00322835518875759,0.00326943689748544,0.00327819682218212,0.00330180664486794
"2017-08-11",3.45600880935714e-08,2.92490835397785e-07,2.16580785772273e-09,2.4361293100596e-08,1.53053974103657e-09
"2017-08-14",0.00389338788845451,0.00396761163513158,0.00394856850359707,0.00394397619294275,0.00394474328189316
"2017-08-15",0.000273007218198582,0.000259231454944805,0.000245157701496449,0.00024947311476397,0.000238852687305332
"2017-08-16",0.000147766045679801,0.000134738778190758,0.000129301375863429,0.000130621992932702,0.000131753230281351
"2017-08-17",0.00216862051681602,0.00215949856849409,0.00210816144420384,0.00210024441804173,0.00213267811411295
"2017-08-18",5.8863433820906e-05,5.85055894535707e-05,5.2364245630774e-05,5.11923173180439e-05,5.06859142269411e-05
"2017-08-21",4.25699577184432e-06,4.7920533655867e-06,6.53911898295436e-06,7.54813978337074e-06,8.5381560054562e-06
"2017-08-22",0.00356724568758144,0.00364577452983433,0.00368750779481887,0.00372452116998603,0.00372191068740651
"2017-08-23",8.48672309465161e-05,9.0264258894654e-05,9.85956912814374e-05,9.5103086141537e-05,9.68027641839135e-05
"2017-08-24",0.000759293704081467,0.000739455431082586,0.000722431085050265,0.000722159089207281,0.000700119262921126
"2017-08-25",0.000812540261668451,0.000817872803923056,0.000804161016736797,0.000818469719547211,0.000816960597650584
"2017-08-28",0.00023245132171098,0.000238306074663526,0.000237391851833906,0.000243406058641436,0.00024061670424137
"2017-08-29",0.000161290971318388,0.000150103696970254,0.00015091752986331,0.000150754484057125,0.0001487459523969
"2017-08-30",0.000162601432131961,0.000167975770628889,0.000183347623055407,0.000174275900433793,0.000186456348646245
"2017-08-31",0.0007854167267136,0.000802722721810025,0.000796642268686329,0.000804864135012825,0.000818428450973593
"2017-09-01",0.000584403365089885,0.000575642749612139,0.000559860971094703,0.000565081558610894,0.000551653023104554
"2017-09-05",0.00579515442518862,0.00583227748017433,0.00591448147563556,0.00591060004603202,0.0059233154168966
"2017-09-06",0.000531929785953411,0.000519212975906707,0.000519678264569397,0.00051086788600735,0.000520311020967012
"2017-09-07",0.000283807727931974,0.000291014166945223,0.000286836772668756,0.000282751093082392,0.000282576193516335
"2017-09-08",0.000594846174593729,0.000608586488014644,0.000574921651588654,0.000573900335505184,0.00054962854660485
"2017-09-11",0.000109186694374328,9.94062922845884e-05,9.79483260966906e-05,9.58989584999609e-05,9.55414317830203e-05
"2017-09-12",0.0274128977426963,0.0273432628901815,0.0274433831222984,0.0274572922652389,0.0274374607746022
"2017-09-13",0.00400664292877028,0.00416963900511726,0.00417252901891053,0.00421978847153268,0.00417991941423154
"2017-09-14",0.00556055011263215,0.00561253220415612,0.00563306984959397,0.00567954917730488,0.0058963020743156
"2017-09-15",1.77930699737884e-06,2.08821797459458e-06,3.14053736405321e-06,2.36731838130046e-06,9.41165744953915e-07
"2017-09-18",9.78232867977968e-05,9.24213786854061e-05,7.9526996175123e-05,8.31803684642477e-05,8.58648544054658e-05
"2017-09-19",7.8235864036609e-06,9.35383980238972e-06,8.97230772532057e-06,9.0623863611397e-06,7.37548700952085e-06
"2017-09-20",0.0070964872031605,0.00704413560156493,0.00691878309231952,0.00691265035477842,0.00688298163209045
"2017-09-21",0.000173666483795697,0.000175256703369068,0.000169831282469947,0.000173582753250184,0.00016981645954417
"2017-09-22",0.000370035214346683,0.000371976004757793,0.000349892957608999,0.000348592849336089,0.00036370293414318
"2017-09-25",0.00083132534804713,0.00080809827190031,0.000801812357217435,0.000797741803892347,0.0008230175850829
"2017-09-26",0.00110883877928276,0.00113407854509968,0.00113921978129609,0.00113560762718313,0.00113973589114094
"2017-09-27",0.00215175823397716,0.00213397940927548,0.00215972996101133,0.00216946990631932,0.00216189432500571
"2017-09-28",0.000496102169694486,0.000484079308281123,0.000477314266823952,0.000457847106635214,0.000480935776335023
"2017-09-29",2.68577087497041e-06,2.15985319402216e-06,4.48301504048434e-07,5.7007608298687e-07,9.8672136162861e-07
"2017-10-02",0.000155983548059162,0.000146827444558008,0.000153425404811883,0.000154306114899396,0.00014524418060808
"2017-10-03",0.000550205367405935,0.000562871337374827,0.000561249490971859,0.000541842320872701,0.000546301054770648
"2017-10-04",3.50596147191012e-05,3.62266515964013e-05,2.96332103929565e-05,2.9092570316386e-05,2.89580500093461e-05
"2017-10-05",0.000478507375050425,0.000494417425688342,0.000493434151775197,0.000496264790146931,0.000487481007746384
"2017-10-06",0.00082114347342533,0.000816300578399061,0.000702465878485487,0.000717032942542525,0.00071057974286491
"2017-10-09",8.82348817742632e-05,7.93491140354262e-05,8.75203032848352e-05,8.46903595616675e-05,8.53782266472998e-05
"2017-10-10",4.47438350126908e-06,5.26849991707771e-06,3.44155185133535e-06,2.98349208339901e-06,3.60639228468325e-06
"2017-10-11",0.00048439844246841,0.000426670740096298,0.00045359633880556,0.000470128710186355,0.00046976294829273
"2017-10-12",1.67915906019902e-05,1.62302556849774e-05,1.349521041596e-05,1.47216608074832e-05,1.51492698800784e-05
"2017-10-13",0.000389022884505218,0.000391131007200786,0.000412838647787012,0.000400063659216573,0.00039938717885779
"2017-10-16",3.49546758654562e-06,3.3884036205355e-06,2.4459797195483e-06,3.14346960292504e-06,3.14609143468914e-06
"2017-10-17",4.77195214246001e-05,5.1529848779601e-05,5.18775754545451e-05,2.9585197454841e-05,2.4798275182492e-05
"2017-10-18",6.62964018787912e-05,7.03615080729158e-05,6.66976582761188e-05,7.47713604279445e-05,7.88693320550935e-05
"2017-10-19",0.00372348287651657,0.00369421687747283,0.00376454529171327,0.00378020050490205,0.00381238760944795
"2017-10-20",0.00126980896451887,0.00124825597763487,0.00124344147983206,0.00111081076648623,0.00107828437947895
"2017-10-23",0.000318227395697193,0.000349241436995576,0.000358517573378793,0.000369384723235823,0.000379024666567611
"2017-10-24",0.000580608847277157,0.000586407537061295,0.000592840084901975,0.000622020740434155,0.00063898254544432
"2017-10-25",0.00120423771159588,0.00122374879210163,0.00124154994138993,0.0012314472145268,0.00120672006682195
"2017-10-26",0.000244304188540721,0.000247542940318826,0.000237838711353667,0.000234858860552369,0.000267389446214931
"2017-10-27",0.00190683516271507,0.00189800222642911,0.00209547760308065,0.00205531126250178,0.0020259647851639
"2017-10-30",0.000187909457892069,0.000178175821760699,0.000201867170762175,0.000180690676487658,0.00018952945010366
"2017-10-31",0.000887994605081037,0.00089967278597597,0.000906334732129032,0.000923792223481364,0.000921336382987619
"2017-11-01",0.00129100867056811,0.00128052774773579,0.00125857301172247,0.00125352341401254,0.0012609917264743
"2017-11-02",0.000556931967302862,0.000548215421228428,0.000549843665111632,0.000553672271992389,0.000565620257546542
"2017-11-03",0.00151715344643552,0.00150399600065086,0.00153496650327502,0.00155151888145337,0.00159879269186633
"2017-11-06",0.00378058782728393,0.00383021301530086,0.00389771808998447,0.00398201655841034,0.00403278272891121
"2017-11-07",4.49546410567125e-05,4.86788437205152e-05,5.39652353965047e-05,5.8816016103872e-05,6.04668335284681e-05
"2017-11-08",0.00170807510006858,0.00172110955088901,0.00170989738310722,0.00166247778567223,0.00165154173401602
"2017-11-09",0.00189506807903045,0.00187953304699769,0.00185096766339635,0.00190331149271439,0.0019212130791916
"2017-11-10",0.00294447483049821,0.00294534948652235,0.0029434650238984,0.0028727422603567,0.00292821339155018
"2017-11-13",0.00107017340913735,0.00106140166901815,0.00106212662389844,0.00105278773171545,0.00105150132523283
"2017-11-14",0.00112741086749117,0.00113666458282002,0.0011280058401621,0.00113349424871455,0.00112355728415171
"2017-11-15",0.000693833145066651,0.000710932362994413,0.000711312057905627,0.000702632248661196,0.000721045049925508
"2017-11-16",0.00213325267451005,0.00211891285767123,0.00211618775351819,0.00212412616202058,0.00213101605439857
"2017-11-17",5.31051815997658e-05,5.14381707649903e-05,5.49554351692323e-05,6.09467500099891e-05,6.83124834887344e-05
"2017-11-20",0.00157035459544592,0.00155955909921766,0.00160078260103697,0.00161388735117492,0.00160500265853405
"2017-11-21",1.36717279927872e-05,1.40983377031129e-05,1.03782075120119e-05,1.09794078660655e-05,1.18820962086596e-05
"2017-11-22",9.56974512272515e-05,9.66425771328856e-05,9.37418868204867e-05,8.93261505957423e-05,9.21912031197419e-05
"2017-11-24",0.00233773190556939,0.00236752773013999,0.00241539847329679,0.00241330133321239,0.00241426538963994
"2017-11-27",0.000955112050703178,0.000967304047451379,0.00095523298447247,0.000925441231444781,0.000940048752068063
"2017-11-28",0.000220721224198701,0.000213916940943912,0.000207469961678238,0.000208394813394724,0.000212701266078864
"2017-11-29",0.0101363827909808,0.0101686125955121,0.0101683756921904,0.0101955595598716,0.0102107448266588
"2017-11-30",0.000283564079756091,0.000284100035343823,0.000291807560714752,0.000297500670020685,0.000282152848766328
"2017-12-01",0.00911338999788517,0.00915328253601106,0.00918212116936244,0.00927276223622977,0.00924075403519583
"2017-12-04",0.000212452203635156,0.0001827129189711,0.000162338034046594,0.000144567372499492,0.000173568940977009
"2017-12-05",0.000706844016601327,0.000683707379027567,0.000665633175604678,0.000657657331272061,0.000675057107993928
"2017-12-06",3.33379584561659e-05,3.08708308886305e-05,3.215685441688e-05,3.18855829295194e-05,2.88940691095635e-05
"2017-12-07",0.00073169962672871,0.000751054850587774,0.000730651693061002,0.000752560078080189,0.000752910713155835
"2017-12-08",0.00234861970980556,0.00237884859812377,0.00235009265260633,0.00234666033659485,0.00240625349483387
"2017-12-11",3.57351903062981e-06,3.82663146006405e-06,4.78894331198707e-06,5.55045267435164e-06,7.02112901276367e-06
"2017-12-12",0.00103421803482788,0.00105090111469684,0.00106671054536347,0.00108175217342297,0.00109185318529646
"2017-12-13",1.17322665122538e-05,1.11969861086426e-05,1.05808543354801e-05,1.08169770758471e-05,9.53263807070141e-06
"2017-12-14",6.31965625515097e-06,4.46552984994918e-06,4.84910969943276e-06,4.83221433776043e-06,5.98680680282636e-06
"2017-12-15",0.000230429246640368,0.000225732687127214,0.000227387600064508,0.000227818473142277,0.000226658871173799
"2017-12-18",0.000419030625681044,0.000415323642654158,0.000392290022779531,0.000393724112258377,0.000389340822639089
"2017-12-19",9.01151682484567e-06,8.60644969899565e-06,8.15818482269743e-06,9.33572062429542e-06,1.04150295226741e-05
"2017-12-20",1.65662895552241e-07,1.89454453928343e-07,4.34172601138306e-07,6.5184796208665e-07,4.27876437544744e-07
"2017-12-21",0.000372372514303694,0.000376029487262087,0.00039084264884547,0.000390045071274125,0.000379939536439867
"2017-12-22",0.000559163683631869,0.000564623205003087,0.000574728457983912,0.00057730159726765,0.00057862416492635
"2017-12-26",0.00198131184407765,0.00197575328538734,0.00196131555288966,0.001978150481647,0.00200372333584449
"2017-12-27",0.00158296068783597,0.00160779274451914,0.00166030336486781,0.00169563072317191,0.00163901122906756
"2017-12-28",0.000849545058766518,0.000853630084943537,0.000871999843000389,0.000879137152585039,0.000847537605115475
"2017-12-29",3.06836051019987e-05,3.08644722951179e-05,3.33125019293597e-05,3.31065479648111e-05,2.87555077610983e-05
"2018-01-02",6.75986387942173e-05,6.56826563326575e-05,6.12364635079149e-05,6.03313271985271e-05,6.42967562727795e-05
"2018-01-03",7.53098667537408e-05,7.58811330790822e-05,7.95798699048154e-05,8.09109811823536e-05,8.26806320172439e-05
"2018-01-04",1.21174837073398e-05,1.13366553725359e-05,1.16645895985691e-05,1.18997128261838e-05,1.30526325419404e-05
"2018-01-05",0.000309447185092578,0.000305849439856821,0.000306493691056202,0.000306211962242492,0.000306586260070572
"2018-01-08",9.15899413871965e-06,8.48064583498784e-06,9.46038983756724e-06,9.35119273116847e-06,1.26728926208059e-05
"2018-01-09",3.78971386232848e-05,3.81627803916619e-05,4.09381924069168e-05,3.98837198256828e-05,3.67197232016867e-05
"2018-01-10",2.08534671875358e-06,2.11828301553362e-06,1.30101984931665e-06,1.32926976159612e-06,2.45939385809899e-06
"2018-01-11",0.000691749070037764,0.000690104778138446,0.000676010364223832,0.00067850904470325,0.000691761006072245
"2018-01-12",0.000156181905531978,0.000156091065485717,0.000167059169365121,0.000165789362995019,0.000172868410292307
"2018-01-16",0.00341384003315853,0.00340803115720862,0.00340183191187977,0.00341031810399729,0.00335926785117537
"2018-01-17",0.00117270102055758,0.001179919041358,0.00118491260062849,0.0011905418967741,0.00112515642180758
"2018-01-18",1.06005087473072e-05,1.04470222562425e-05,9.64926217155399e-06,8.4788044037944e-06,1.20082118891277e-05
"2018-01-19",0.000197655476301561,0.000198719842335936,0.000205339132670333,0.000198173712122189,0.000205576009925155
"2018-01-22",0.000871608367342159,0.00087869138703186,0.000896808665260793,0.000825282001078686,0.000814077506192688
"2018-01-23",0.0013260585298358,0.00132134474474744,0.00133206952273522,0.0013646795963469,0.0013525707359355
"2018-01-24",0.0022880908040047,0.0022905082681742,0.00230049197147114,0.00228667277313169,0.00232937266678554
"2018-01-25",2.26954262295275e-05,2.31076609880115e-05,2.75371800591073e-05,2.5766475753221e-05,3.00597134067232e-05
"2018-01-26",0.00165456704461652,0.00164842167315773,0.00163587427461205,0.00165988441255161,0.00167491938101983
"2018-01-29",0.00479164563346397,0.00481235828191725,0.00480932318875895,0.00478014475139039,0.00479541856119917
"2018-01-30",0.00199111611134633,0.00199421020249059,0.00199617938035074,0.00198639051511378,0.00201352395901867
"2018-01-31",0.00221362921518086,0.00220002756719791,0.00216883531085846,0.00218956861257478,0.00220190935213022
"2018-02-01",4.84220600184145e-08,6.01286081629463e-08,2.55626196962487e-08,1.79544596809401e-08,5.16786699674109e-07
"2018-02-02",0.0102611196864332,0.0102755116981289,0.0104840467556438,0.0104966562475657,0.0104461380900718
"2018-02-05",0.0676461709294295,0.0676589297136766,0.0683266012791869,0.0682765386280605,0.0682883420148622
"2018-02-06",0.0843053058817461,0.0851640345520938,0.0856113709327707,0.087154110173517,0.0856574692740785
"2018-02-07",0.0336993948246765,0.0331696492756713,0.0322819968637921,0.0319472784666763,0.0323186323087337
"2018-02-08",0.000662440678070105,0.000673955229910922,0.000703220382803207,0.000705673536515909,0.000697727438215322
"2018-02-09",0.0328372305277348,0.0330202555830389,0.0333185549080309,0.0333975626578975,0.0331946513015608
"2018-02-12",0.0184003510857467,0.0182001544734923,0.0178610606404618,0.017761845973162,0.0181457363359652
"2018-02-13",0.011372468748468,0.0113391666834936,0.0112332696130884,0.0112185299031058,0.0111473002878585
"2018-02-14",0.0023850182151248,0.00240322607043806,0.00243329927112263,0.00242673069249417,0.00240223629282291
"2018-02-15",0.000297048897801261,0.000295917323911951,0.000295507342234163,0.000295546325716336,0.000278115620678617
"2018-02-16",0.000191396065873151,0.000191263842573147,0.000204655913306334,0.000207771290318879,0.000197926966346262
"2018-02-20",0.000248660694481553,0.000248484816229225,0.00024665350132109,0.000249236369222804,0.000251598523532832
"2018-02-21",4.95045671480246e-05,4.86089129506401e-05,5.7058061736067e-05,5.83187390834436e-05,5.59564279813447e-05
"2018-02-22",0.000208099436434343,0.000206655213639037,0.000208273563083418,0.000209091709644734,0.000205667860926808
"2018-02-23",0.0060946495983306,0.00609084032944361,0.00612682751981319,0.00611870103847575,0.00610051285650881
"2018-02-26",0.00028833163800729,0.000290185730744792,0.000300139391887355,0.000300019910733832,0.000292531056665642
"2018-02-27",0.00136321948763389,0.00135763437843621,0.001354992545754,0.00135660109157192,0.00137166510086597
"2018-02-28",0.000352615315634055,0.00034937818593319,0.00034627993619954,0.00034233177072423,0.000345004127546405
"2018-03-01",0.021992765178355,0.0220276212904508,0.0221574239374711,0.0221722260118563,0.0222053758287477
"2018-03-02",1.53356402966557e-05,1.71014954873823e-05,1.86145682132454e-05,2.04769615633703e-05,1.36090110611308e-05
"2018-03-05",0.00391008635335057,0.00390301798762886,0.00386721435405866,0.00384710717665029,0.00393705697804831
"2018-03-06",0.000947546649624512,0.000946083836585004,0.000901485192491575,0.000908398122056487,0.000922854455401101
"2018-03-07",0.000335701515049696,0.000337590509932992,0.00031871904782796,0.000319283190472524,0.000328684562360985
"2018-03-08",0.00189813631538789,0.0018982978131876,0.00195817172232056,0.00195120494390833,0.00196608164118599
"2018-03-09",0.00102870899608581,0.00102871939541234,0.00102411262314817,0.00102551172068353,0.00102480965056821
"2018-03-12",0.000141604168334333,0.000141940551178965,0.000137883823104608,0.000137177077754625,0.00012703305502503
"2018-03-13",0.00229509985888189,0.00229124860721423,0.00233036540575561,0.00233115284667254,0.0023426406833277
"2018-03-14",3.55631822414549e-07,3.18425834947234e-07,3.33733921131724e-07,3.80601165034419e-07,3.96220691411574e-07
"2018-03-15",0.00253221462175503,0.00252999711857145,0.00250411321771724,0.00250219876948239,0.00257316524754316
"2018-03-16",0.000846867012222643,0.000848041963989692,0.000853241671604882,0.000853288942285457,0.000885301287981455
"2018-03-19",0.00337621250523253,0.00337497236020908,0.00337154309387522,0.00337658492083974,0.00339745060738461
"2018-03-20",0.00145206912982008,0.00145295322931208,0.00144022642231715,0.00144115165478816,0.00142736536933991
"2018-03-21",0.00180919290226879,0.00180857436408788,0.00175381661255383,0.00175211378200867,0.00174742988274759
"2018-03-22",0.00409710366284372,0.00409820229664744,0.00404872512331689,0.00404986231486467,0.00406242160047721
"2018-03-23",0.0022214712710374,0.00222425151634161,0.00220124041835583,0.00220994688320245,0.00217532462186849
"2018-03-26",0.000697882535220349,0.00069294334262676,0.000703415258337583,0.000700562814987509,0.000727883833725478
"2018-03-27",0.0072060014718521,0.0072110256595669,0.00729191001250067,0.00729490756594522,0.00728920688245277
"2018-03-28",0.00873004658799913,0.00873986982962808,0.00891835824840191,0.00891716289293448,0.0089007687908111
"2018-03-29",0.00856062709390159,0.00852883877242894,0.00835255468632061,0.00835224204610476,0.00853926064493489
"2018-04-02",0.00324692676265195,0.0032392163934354,0.00322448814463339,0.00322362779114009,0.00328711169912856
"2018-04-03",0.000435013571790768,0.000432442974650622,0.000411476428575719,0.000411028916501904,0.000418133880002097
"2018-04-04",0.000175594084079,0.000175009198338099,0.000158728845591918,0.000158748455412663,0.000156470515065784
"2018-04-05",0.00450907494764537,0.00451315544692744,0.00441151620249952,0.00441171546175917,0.00453202968901865
"2018-04-06",0.00371652505771896,0.00371377061258387,0.00364593213402966,0.00364546740716316,0.00365912044430046
"2018-04-09",0.00520640273567754,0.0051952434055795,0.0052006537557047,0.00520211269251383,0.0052228620354014
"2018-04-10",9.61608541995061e-05,9.61744717625565e-05,9.75462588605099e-05,9.7597966412838e-05,9.17856708723934e-05
"2018-04-11",0.00071084645050882,0.000706564506408839,0.000687803687466909,0.000687957218743306,0.000688391985573799
"2018-04-12",0.00179442191783267,0.00179649576663985,0.00183695200725115,0.00183722364967947,0.00184305603752884
"2018-04-13",0.000115783826976227,0.000116621488173838,0.000124264444745099,0.000124279202623582,0.000119294691739974
"2018-04-16",0.00199796754429567,0.00200178413059233,0.00209450563178807,0.00208715382786036,0.00208304134366026
"2018-04-17",0.00166814443627989,0.00166630748560446,0.00171322016480589,0.00171293733531491,0.00170667110904492
"2018-04-18",4.1468927472723e-05,4.2593062378693e-05,4.68122041232573e-05,4.72268506784904e-05,4.72273676143248e-05
"2018-04-19",0.000342965221539473,0.000337249177350543,0.000327628720914401,0.00032885255789974,0.000340191542935454
"2018-04-20",0.0030910360363823,0.00311016703620894,0.00307389519879957,0.00308171339283946,0.00310084602362276
"2018-04-23",0.000674413144143011,0.000658112362175586,0.00070442612726139,0.000710761172466722,0.000701469508808341
"2018-04-24",0.00238109266877212,0.00237718073936195,0.00244155655580842,0.00245053007897627,0.00245484902906568
"2018-04-25",6.39399930802716e-05,6.80543939347885e-05,8.25680138764058e-05,8.28401918810893e-05,7.43817633972257e-05
"2018-04-26",0.00449768803279927,0.00446922144154117,0.00425730113902343,0.00425977251536695,0.00441326330975902
"2018-04-27",0.00030907852458518,0.000307862692945257,0.000313192299314992,0.000313282263007423,0.000307902869435575
"2018-04-30",0.00121500240760276,0.00120781041272199,0.00115823840257571,0.00117234903060366,0.0011789139053882
"2018-05-01",0.000438947867636318,0.000445427492852206,0.000466903207643083,0.000461159025872796,0.000445462384751516
"2018-05-02",0.000715842427935444,0.000720789176479392,0.000790648806464763,0.000792429184481455,0.000787973926713906
"2018-05-03",4.39436390197134e-05,4.45748262941292e-05,4.13058517867086e-05,4.10573016875764e-05,3.792160659854e-05
"2018-05-04",0.0024481344587202,0.00242727163993209,0.00245456131080719,0.00247022645771123,0.00248453590422124
"2018-05-07",1.26314808021784e-06,1.16796116068971e-06,2.81343417790762e-06,2.87257880801879e-06,2.69756713881732e-06
"2018-05-08",9.94822191110507e-05,0.000104075429572883,0.000113402879326598,0.000112158633649757,0.000110446594044895
"2018-05-09",0.00410171656545475,0.0041112708260494,0.00409621869030597,0.00410457191417947,0.00410125075456212
"2018-05-10",0.000709572953932939,0.000712771149574702,0.000717146350495071,0.00072011240327172,0.000717220393565433
"2018-05-11",0.000117077169478601,0.000118138712330077,0.000128356077350457,0.00012797184589098,0.000126603749830402
"2018-05-14",0.00120151598340155,0.00120569651193101,0.00115138538947942,0.00114831334761157,0.00112861286227325
"2018-05-15",0.00187986806819884,0.00187731393823244,0.00194636629689209,0.00195033034840119,0.00196089245115493
"2018-05-16",0.00172616251032564,0.00172480782852041,0.00173417698173691,0.00172956177616829,0.00173626044879288
"2018-05-17",9.97204308197208e-05,0.000100333923052722,9.78082303868065e-05,9.6655055904908e-05,8.99895960337234e-05
"2018-05-18",2.23293640561409e-07,1.98140346491329e-07,1.99082035991054e-07,1.56146036603976e-07,3.158952033375e-07
"2018-05-21",0.000375400896814332,0.000374942813384017,0.000373234051973446,0.000371963333742043,0.000372582051356131
"2018-05-22",0.0001452163695008,0.000145126713718053,0.000157922139848041,0.000157975913841574,0.000163938939860048
"2018-05-23",0.000123980166570848,0.000124405634390862,0.000120562814954594,0.000121093864898714,0.000119017639610404
"2018-05-24",8.30989105143257e-05,8.42358569484419e-05,7.76415313807266e-05,7.75882030888393e-05,7.63527711628589e-05
"2018-05-25",0.00128380579688276,0.0012820014747257,0.00128312119172623,0.0012853038536666,0.00128349995992667
"2018-05-29",0.00108866340062259,0.00108884691670101,0.00106310861032242,0.00106452353538241,0.00107137950239249
"2018-05-30",0.00164820462555615,0.00164832240259331,0.00164227100377315,0.00164486768425306,0.00164506698307475
"2018-05-31",6.09939690077515e-05,6.09436941288749e-05,6.22721871239058e-05,6.04297743194878e-05,6.33204966844867e-05
"2018-06-01",0.00126590277425821,0.00126583527907481,0.00125641766837317,0.00126304880794899,0.00126803311311152
"2018-06-04",3.06118758141421e-05,3.06356216658603e-05,3.37680033791496e-05,3.41327377466787e-05,3.55504939442761e-05
"2018-06-05",0.000121938241432311,0.000121595900050657,0.000117639212131008,0.000113342318870949,0.000110737307866821
"2018-06-06",0.000195583289579255,0.00019452589386127,0.000184262624061028,0.000185196250237284,0.000181968259815932
"2018-06-07",0.000338200025595779,0.000337509434671381,0.000329561699623824,0.000330442034155846,0.000326558760771735
"2018-06-08",7.7330003958503e-05,7.80206867402744e-05,7.4754514891589e-05,7.30991245440948e-05,6.78370981088774e-05
"2018-06-11",0.00104502014046411,0.00103787013811573,0.00103089662567145,0.00103593449662975,0.00104192467136026
"2018-06-12",0.000356887325790834,0.00035512791368551,0.000372737683048909,0.000370193226259154,0.000364890083499921
"2018-06-13",0.000385979314252845,0.000387909046243748,0.0003771880909003,0.000379182269207842,0.000383735428623134
"2018-06-14",0.000142609577118988,0.000141994471886589,0.000138302629964724,0.000137212317568931,0.00013681158456311
"2018-06-15",0.000290994067535898,0.000290736112542133,0.000296119178577403,0.000293786758410371,0.000287584643191528
"2018-06-18",0.000114659711254385,0.000115844169146684,0.000105743301625529,0.00010855763436009,0.000116485689665753
"2018-06-19",0.000613986111734736,0.000613711000182568,0.000619142052245145,0.000618709376403196,0.000608202673044463
"2018-06-20",0.000457433078611338,0.000457297646859747,0.000460144154589875,0.000459915420477455,0.000469768449990425
"2018-06-21",0.000288551613691966,0.000288616353986518,0.000298787182010558,0.000302002050591853,0.000295781580779011
"2018-06-22",0.000955358636247956,0.000955377955350935,0.000956333661123673,0.000953984706744699,0.000949220011745238
"2018-06-25",0.00593904857095169,0.00593909509758092,0.00593414706336633,0.0059322027435445,0.00597477426793316
"2018-06-26",1.18699955008843e-05,1.27262543191371e-05,1.5714651684926e-05,2.06773666166363e-05,1.5267147294587e-05
"2018-06-27",0.000225638785548601,0.00022584321979377,0.000215499742950057,0.000216594731922843,0.000224418392342002
"2018-06-28",3.74685042990892e-06,3.72321345715429e-06,3.88727793570477e-06,3.76840754891744e-06,5.97530188461215e-06
"2018-06-29",0.00249281189901795,0.00249487947632594,0.00250486448660281,0.00251201004101002,0.002475844996891
"2018-07-02",0.00407696842755852,0.00408142673697426,0.00414550013085853,0.0041344638972807,0.00407524030209292
"2018-07-03",0.000470480519111787,0.000471149500541069,0.000465412163217307,0.000458838938512137,0.000468575096123231
"2018-07-05",0.000312405756699621,0.00031202788708704,0.000324446507291086,0.000326213872044374,0.000317802266760219
"2018-07-06",0.000358857611964743,0.000358718746778883,0.00036982088941742,0.000366368689994171,0.000385828538648345
"2018-07-09",0.000641999187158237,0.000642603607157568,0.00063456216752275,0.000631197694908785,0.000633179666715093
"2018-07-10",0.000276641736198938,0.000275060673493255,0.000275970420276133,0.000274314586117995,0.000268181801115844
"2018-07-11",0.000405181082066336,0.000403071773287367,0.000404939128284085,0.00040623445272555,0.000398716270754429
"2018-07-12",0.000900013292339239,0.000897271251480481,0.000896444899816808,0.000894091731324654,0.000889719506695919
"2018-07-13",0.000546918837756062,0.000543110092851456,0.000556078501409765,0.000554478242894871,0.000548902363661356
"2018-07-16",2.99483385142061e-05,2.99744798883955e-05,3.0478572378123e-05,2.99624227089723e-05,3.15612659906432e-05
"2018-07-17",2.6471252084583e-05,2.54649299695496e-05,2.53954764905136e-05,2.5475164161971e-05,2.3751584888091e-05
"2018-07-18",3.5768459736192e-05,3.69435112808402e-05,3.3566178018546e-05,3.38463704269182e-05,3.25166108799278e-05
"2018-07-19",1.99628486707078e-05,1.99329395204658e-05,1.91450389905349e-05,1.93795478040088e-05,1.87502627448172e-05
"2018-07-20",0.000115790845243499,0.000115264406391677,0.000113934529422929,0.000106761019223119,9.74035616957763e-05
"2018-07-23",0.00017776569889648,0.000168890039370899,0.000180496151312323,0.000196855464377132,0.000182918562438233
"2018-07-24",0.000124322623488169,0.000126683664657623,0.000121410796942047,0.000116944668167624,0.000119789701651515
"2018-07-25",0.000199325596415411,0.000197416707479148,0.000196848778046283,0.000201161580036984,0.000210445170872234
"2018-07-26",7.50073268773449e-05,7.63309894694433e-05,7.54998581562851e-05,7.45916135739604e-05,5.18419854665376e-05
"2018-07-27",0.00202781386657075,0.00203216355045154,0.00205445312468148,0.00204495043251794,0.00204751116811933
"2018-07-30",0.000141668953264011,0.000144705978239997,0.00012605280145566,0.000130680233353981,0.000120287791908866
"2018-07-31",0.000160243105155151,0.000157123206679691,0.000158561766458363,0.000169862336142949,0.00017619830033037
"2018-08-01",0.00471295069734166,0.00467895845987446,0.00465526928721854,0.00465342517771201,0.00462562332149225
"2018-08-02",3.22752477058893e-05,3.23779579747363e-05,2.82988531219848e-05,2.7553913130448e-05,3.48765132257823e-05
"2018-08-03",0.0014019445671094,0.00141788599384573,0.00142217007667863,0.0014576440705528,0.00147034734378898
"2018-08-06",0.0012656390721618,0.00128162653211712,0.00131036700396778,0.00132673760445897,0.00132075566174068
"2018-08-07",0.000403447925348248,0.000409125200964841,0.000406179250107009,0.000403673066326082,0.000421953336973588
"2018-08-08",2.8315815458071e-05,2.59364713994127e-05,2.43120388733477e-05,2.3892726102518e-05,2.40985675770214e-05
"2018-08-09",0.00116891727176428,0.00119389974356669,0.00117864786312812,0.00121776854380506,0.00121411878741248
"2018-08-10",9.68691442797566e-05,9.58229878848373e-05,9.5328922285499e-05,9.37295355464459e-05,9.51166743001628e-05
"2018-08-13",9.18010628550957e-05,9.17921935488727e-05,9.40212356548174e-05,9.39213268222436e-05,9.37926097410605e-05
"2018-08-14",0.000700105667578882,0.000704071313636732,0.000724721429685117,0.000718561079684212,0.000708961868474551
"2018-08-15",0.00044017888311819,0.000444712202008906,0.000430862135233202,0.00042347053262759,0.000434647264752705
"2018-08-16",0.00119480187739794,0.00118180548033417,0.00116870470324253,0.00115543252035587,0.00118267121449424
"2018-08-17",0.000374721547746801,0.000370879171292458,0.000374276581661195,0.000365397113956668,0.000342425833284397
"2018-08-20",0.000132375454247362,0.000127984865318668,0.000129439773667566,0.000125355191633966,0.000113271015767636
"2018-08-21",0.000145873244889524,0.000152426252981565,0.000166764096925058,0.000181741308606446,0.000182987258786807
"2018-08-22",0.000152492560669038,0.000155391751202894,0.000166894229029589,0.000166487275218466,0.00015569785411204
"2018-08-23",0.000118625657599622,0.000118600927309648,0.000121109248952657,0.000120785502773089,0.000111677639366527
"2018-08-24",0.000386863723281379,0.000377382918930586,0.00039360429137378,0.000405259947933238,0.000417120684671541
"2018-08-27",0.0001286785656033,0.000128255332743841,0.000131409035021952,0.000134276278916806,0.000129993712568712
"2018-08-28",0.000525426424405975,0.000527777255886505,0.000541082080985007,0.000537223175524448,0.000526617011177938
"2018-08-29",5.70033926459944e-06,6.18894214741817e-06,6.32902117777869e-06,7.43179476233014e-06,9.15776049816996e-06
"2018-08-30",0.0047188080548411,0.00471347569837998,0.00470162549391696,0.00471014381018223,0.00475065750901737
"2018-08-31",4.20869095587937e-05,4.36793498122325e-05,4.74172018739714e-05,5.0886687040548e-05,4.63991458534508e-05
"2018-09-04",4.52239268478637e-06,4.0800548877517e-06,2.88068814495212e-06,2.20060448078487e-06,1.51019013846431e-06
"2018-09-05",0.00156202202449295,0.0015532524832788,0.00155725976463097,0.00160647337214726,0.00162697061433744
"2018-09-06",0.00154188212325131,0.00153284535488452,0.00150472334292919,0.00164612189629796,0.00172814554348068
"2018-09-07",0.00257715604882744,0.00259268010695436,0.00253938992007308,0.00250206197779581,0.00249225580006027
"2018-09-10",0.000569818164631624,0.000554997302105561,0.00054411630011494,0.000501093292287209,0.000523340554280451
"2018-09-11",0.00122788119714841,0.00124683108037679,0.00121757835928723,0.00127946124939581,0.00128048690923772
"2018-09-12",0.00841347902946821,0.0084133094796206,0.0085754481597877,0.00844112869406177,0.00834752001169289
"2018-09-13",0.00340870619876502,0.00342398669496228,0.00342114580627625,0.00347581493593331,0.00350281622406701
"2018-09-14",0.000297336744092343,0.000305028787580527,0.000318401900525249,0.000319462654628504,0.000330783023521738
"2018-09-17",0.0006165628359415,0.000616446926839963,0.000604498539147707,0.000596679966695097,0.000607642449540834
"2018-09-18",0.000978651120575546,0.00099162151593165,0.00101279801302806,0.00101987992330508,0.00101965213309968
"2018-09-19",7.93925144982149e-05,8.1463936249606e-05,7.84759551481801e-05,0.000115493646411029,0.000127512895052918
"2018-09-20",0.000343016942366415,0.000364444845140579,0.00037607136773244,0.000407671583440073,0.000431771777095505
"2018-09-21",0.000170778054269391,0.000169123623115667,0.000172500074851166,0.000157496014068733,0.000166286142133222
"2018-09-24",0.000294483112432348,0.00029846928438282,0.000297282213311646,0.000307030821605276,0.000299565736359092
"2018-09-25",0.00012847454538917,0.000136694193228867,0.000144726835005848,0.000151883456316128,0.000156103817623855
"2018-09-26",3.76870542888205e-06,3.95880380073663e-06,2.80236809182817e-06,1.5350883325572e-06,2.57190559004267e-06
"2018-09-27",0.00101684595235084,0.000998972949707086,0.000996379148197091,0.000996228944341955,0.000981625860496537
"2018-09-28",0.000325717534558252,0.000330686608250116,0.000338543775354098,0.000331184719971042,0.000328761978829184
"2018-10-01",2.56392008627772e-05,2.45214796458735e-05,1.90404743127974e-05,1.69651126886851e-05,1.82322558643731e-05
"2018-10-02",5.39107712358922e-05,7.04124152665328e-05,6.08063990809414e-05,6.69434763207242e-05,6.3760082332993e-05
"2018-10-03",4.5130731207928e-05,4.03460209714797e-05,3.8056185649446e-05,3.48564389791461e-05,2.85589581802897e-05
"2018-10-04",0.00557288187782815,0.0055242292126656,0.00540828432218304,0.00539768762373477,0.00538625759118284
"2018-10-05",0.00262248726303145,0.00266923355182009,0.00268231999203217,0.00269570720345947,0.00271200803839386
"2018-10-08",0.000293161028855132,0.000289672221178358,0.000313114887082516,0.000306376511596859,0.000313664444139987
"2018-10-09",9.58703631660894e-05,9.30889601694836e-05,9.26016721302626e-05,0.000101437068540448,9.60591023924548e-05
"2018-10-10",0.00878547010233941,0.00886737995781465,0.00893140818364399,0.00898686420186,0.00906545567304731
"2018-10-11",0.0391016977192993,0.0395729015462409,0.0397717787287031,0.0399282835478388,0.0393961542962567
"2018-10-12",0.00229556709584055,0.00204709704179799,0.00180742829262737,0.00162649740362259,0.00179201875712721
"2018-10-15",0.00546830461934604,0.00527511354128278,0.00506220811591224,0.00487125013900343,0.00491563628537881
"2018-10-16",0.00731707855021623,0.00730129061020371,0.00732739090503415,0.00718597815325993,0.00711233011664702
"2018-10-17",0.000270342154041627,0.000266633742870654,0.000260742746003899,0.000249117875754267,0.00027407979830821
"2018-10-18",0.000758865832191151,0.000787576155366162,0.000817845429660867,0.000812447834436495,0.000814221908188712
"2018-10-19",0.000897734992353331,0.000860465342639432,0.000818802083071875,0.000803457510929158,0.000820036859435902
"2018-10-22",0.000864749697800736,0.000677662558486667,0.000696279956574484,0.000617867123397081,0.000555811884656198
"2018-10-23",0.00418079655842168,0.00429705702309577,0.00436580400572741,0.00443310673491619,0.004427164564193
"2018-10-24",0.00290256478250651,0.00307034973563078,0.00309083727648161,0.00320322698797596,0.00305835191214455
"2018-10-25",0.0028232440611396,0.00272639286507399,0.00269705311100393,0.00265654111439796,0.00287653925382441
"2018-10-26",0.0116826918665587,0.011848810318662,0.0119604787386716,0.0119437931399269,0.0119348140781013
"2018-10-29",0.00204102607114603,0.00220223110117275,0.0022125934663961,0.00237039327625335,0.00241396243499694
"2018-10-30",0.00152481993705576,0.00161045207476952,0.00160023644459913,0.00160874313048295,0.00154969519852025
"2018-10-31",0.0228617220463092,0.0227149480361064,0.0227091426219375,0.0228605262424366,0.0232021616478202
"2018-11-01",0.000886661939320076,0.000857537439355098,0.0008556702543595,0.000859515141253461,0.000821567992603932
"2018-11-02",0.00884666428497678,0.00880478880851534,0.00878917444192344,0.00877061134869822,0.00874198088321849
"2018-11-05",0.000765212732373768,0.000724221045043836,0.000724246864063015,0.000789416131845589,0.000793282383139078
"2018-11-06",0.00982162724116809,0.0098351900611419,0.00988926796312653,0.0101454706701909,0.009985216728836
"2018-11-07",0.00295606520919361,0.00299865875082726,0.00301297003447135,0.00307766180711441,0.00299031186357486
"2018-11-08",0.00097001685161303,0.000996275163591888,0.000992401540450314,0.000952266628161255,0.000989613787465804
"2018-11-09",9.54633878023686e-05,0.000104926134713467,0.000104717204846631,0.000101652600941966,0.000102515533540152
"2018-11-12",0.00359244105869654,0.00359658528677264,0.0036046401698244,0.00375051804876913,0.00380853220894084
"2018-11-13",0.00554084348735925,0.00558602067770342,0.00557642089838323,0.00541809230664396,0.00538170489736409
"2018-11-14",0.000984001889688975,0.00101722412454559,0.00101825998496751,0.00101488788700359,0.000931576450715545
"2018-11-15",0.000122630790665553,0.000133678389481856,0.000134365126384969,0.000131125553707591,0.000123795876663586
"2018-11-16",0.00375877065919875,0.00366932040963093,0.0036613678906743,0.00353544817332819,0.00358289932113145
"2018-11-19",8.77405845802504e-05,9.20806633501354e-05,9.32006712111556e-05,0.000103614253701636,0.000118069905353166
"2018-11-20",0.0262425084358376,0.0264050053516111,0.0263880048766276,0.0263084573698235,0.0260265765011261
"2018-11-21",0.0192900811762381,0.0192397072388344,0.0192562011814032,0.0192815501894797,0.0199516647029284
"2018-11-23",0.00482983658013257,0.00489495847677801,0.00489664947811272,0.00494881273373785,0.00501212341673949
"2018-11-26",0.000619783526831593,0.000621472243305451,0.000604101638829023,0.000550058137491258,0.000589208292627469
"2018-11-27",0.000678353900772027,0.000635570518295353,0.000626335478907779,0.000634157512130661,0.000656267098541525
"2018-11-28",0.000406338407859105,0.000402854235854959,0.000399508375818203,0.000417740596173597,0.000404376741219691
"2018-11-29",0.000830362730329599,0.000804662069168507,0.000807383321755103,0.000815994049478824,0.000857022712303465
"2018-11-30",0.00249878434168392,0.00250409633291326,0.00251532326286131,0.0025120306418815,0.00254140008372657
"2018-12-03",8.35510618909201e-07,1.97690363861725e-06,1.78227231944466e-06,1.39823958897796e-06,5.66509348627357e-07
"2018-12-04",0.00278391097893127,0.00283610104205833,0.00285898237791901,0.00291666769629858,0.00282516511371491
"2018-12-06",0.00587301924962343,0.00604640652210907,0.00607126102360153,0.00634758058204366,0.00629595559142624
"2018-12-07",6.15220818685496e-05,8.77902840968978e-05,9.43720603900879e-05,0.000148010711256445,0.000133853680325848
"2018-12-10",0.00451798923088492,0.00477347357935269,0.00479171626513017,0.00501724072896534,0.00505289691891006
"2018-12-11",0.00144141968423036,0.00137011466987636,0.00135705081414494,0.00125588511206318,0.00126796741292229
"2018-12-12",0.00867289351439319,0.00859999364830645,0.00860642351204255,0.00841901768325412,0.00844895152306266
"2018-12-13",6.25435520409477e-05,6.5037303194335e-05,6.59449066535667e-05,7.30057080011349e-05,8.16537266443331e-05
"2018-12-14",0.000346925929896737,0.000352124834074096,0.00035552487197683,0.000334698410400485,0.000318042046008657
"2018-12-17",0.000876261552926648,0.000870934412831163,0.000870786663460618,0.000899981513218686,0.000954809106809345
"2018-12-18",0.000759798276600933,0.000688335814439395,0.000689045046915421,0.000636313427401433,0.00065515668854815
"2018-12-19",0.0139490401891981,0.0139634349704782,0.0140015176048394,0.0142970485910869,0.0142517806692015
"2018-12-20",0.00639394546452775,0.00684758789079705,0.00688481521314402,0.00737217447424118,0.00737063286756724
"2018-12-21",0.00198353867498432,0.00219680493014869,0.00221842015074088,0.00238649432871804,0.00237360955407461
"2018-12-24",0.00470838962531929,0.004512865843291,0.0044799935708041,0.00426535570595282,0.00425697603492458
"2018-12-26",4.36845923595273e-05,7.03274705628194e-05,7.09706567651747e-05,0.000144150291093392,0.00016352638614067
"2018-12-27",9.49496615391129e-05,7.79536006958608e-05,7.520136639554e-05,6.28729367784129e-05,5.97620959621499e-05
"2018-12-28",0.000259701085436888,0.000216205260262999,0.000216355958997827,0.000167159376297313,0.00017488597262977
"2018-12-31",0.0168593373314472,0.0166263511552542,0.0166430334993505,0.0164248700211137,0.0161978228074869
"2019-01-02",0.000156870918774081,0.000152234178999669,0.000149651922554049,0.000145436869423948,0.000159018320544129
"2019-01-03",0.00722650580775369,0.00726712870233974,0.00727296209061568,0.00709144127274314,0.00712052963597042
"2019-01-04",0.00522627917757783,0.00518532377780367,0.00516690767963018,0.00532809360757317,0.0054102406987355
"2019-01-07",0.000410970247604461,0.000423964974818095,0.00041989054719088,0.000438801285709909,0.000466506079740165
"2019-01-08",0.00553214953002318,0.00570449078304029,0.00570586194997319,0.00599366355666325,0.00601026187002941
"2019-01-09",0.000480236640945257,0.000468936813893836,0.000468414292285148,0.000484247128164538,0.000503062982149098
"2019-01-10",0.00376458346148298,0.00387380041974723,0.00388470013810137,0.00398829572008732,0.00386929898235286
"2019-01-11",0.00502439419021589,0.00508807967827897,0.00508704825371379,0.00522345224439568,0.00524031435802343
"2019-01-14",0.000810799349192892,0.000836155673089011,0.000835758600614221,0.000872969643736141,0.000846623946649816
"2019-01-15",4.63858141724529e-05,5.44209966415245e-05,5.7280640342454e-05,6.92414899859081e-05,6.44391543761682e-05
"2019-01-16",0.000500132383458595,0.000497426309229907,0.000499757077534671,0.00052485744789104,0.000525895090908792
"2019-01-17",0.00098302632374002,0.000927444400483206,0.000928681456633589,0.000851324998744085,0.000895658439046525
"2019-01-18",0.000642637050043319,0.000651242167386813,0.000655632040058674,0.000661524723509269,0.000680418358663247
"2019-01-22",1.05027667128577e-05,1.24673415455705e-05,1.23679460549329e-05,5.84040280291991e-05,7.35817974753912e-05
"2019-01-23",0.000688939473266317,0.000681804337867415,0.000681735936864982,0.000709470836475139,0.000719539527029661
"2019-01-24",0.000394635144550307,0.000404959604707978,0.000408016308953745,0.000437000020308886,0.000444158178606088
"2019-01-25",0.000955624809152742,0.000950530068184446,0.000953140545073863,0.00099382399507596,0.000985439207975483
"2019-01-28",9.55662666846303e-05,8.11891872873838e-05,8.26955914546364e-05,7.06070333747287e-05,8.14495755332504e-05
"2019-01-29",4.49618584745442e-05,4.68932670346738e-05,4.71604678306668e-05,3.87155704323786e-05,4.18178923551496e-05
"2019-01-30",0.00316564606192082,0.0030794283636704,0.00307018972183464,0.00294646901127222,0.00293714281500418
"2019-01-31",0.00216638229721904,0.0021646235033221,0.0020876767259159,0.00218181506140467,0.002357818401573
"2019-02-01",0.000387908094114984,0.000397386190334036,0.000411488479760646,0.000378070296810232,0.000372596593970703
"2019-02-04",0.00113667782102523,0.0009691872004848,0.000992128971132963,0.0010535456858332,0.00100578238265359
"2019-02-05",0.000512642180114489,0.000551321362042024,0.000562111129788168,0.000665237118650422,0.000654254465708819
"2019-02-06",3.58206199571998e-06,9.61667125308859e-06,1.08350326158684e-05,1.62757266028638e-05,2.03345543397235e-05
"2019-02-07",0.00034315283810367,0.000309108057686264,0.000304848049136103,0.000291933255696977,0.000262533011862284
"2019-02-08",0.000851865766594589,0.000865866434643037,0.000853680628884968,0.000844733561584972,0.000852497429211028
"2019-02-11",0.000364626825847467,0.000376319682453051,0.000382509917957098,0.000389039336705134,0.00037437972291686
"2019-02-12",0.00304879322786828,0.00315275726635265,0.00316825262757318,0.00316791950250153,0.00316024340363081
"2019-02-13",5.68069351193577e-06,1.01050920527881e-05,1.05260173345515e-05,1.02692834936632e-05,8.90006320571206e-06
"2019-02-14",0.000157551262174105,0.00013706322692743,0.000135220945476105,0.000130905540854093,0.000121289347522343
"2019-02-15",0.000201253008022397,0.000182214753494079,0.000180864267495387,0.000186761699858585,0.000182858880944884
"2019-02-19",0.00128427236931723,0.00131567294839908,0.00131052422197435,0.00138313542523205,0.00135157286470582
"2019-02-20",0.000328345970218122,0.000295174959665255,0.000288514163137902,0.000270023031734911,0.000278854638572022
"2019-02-21",0.000269392806060884,0.000281407895283101,0.00027525038627828,0.00028644157168378,0.000268281607317739
"2019-02-22",0.00150209111626692,0.00153124606788028,0.001522215837928,0.00146590093372092,0.00144359912269275
"2019-02-25",0.000124473379755668,0.000122022926291971,0.000123817573257602,0.000124979724281055,0.000131879749622579
"2019-02-26",0.000392721729452125,0.000420040413676142,0.000418964224942065,0.000453952276918742,0.000451599434803229
"2019-02-27",7.85585369720678e-05,7.38951459716151e-05,7.33056242897873e-05,7.55303867845881e-05,8.18445825259316e-05
"2019-02-28",0.000342816293241666,0.00034113685713381,0.000342247717877141,0.00033270990929242,0.000326456612755181
"2019-03-01",0.000118974539684631,0.000118474184741648,0.000118200123192217,0.000130825397111265,0.00014705630641594
"2019-03-04",0.00152825946227853,0.00150365408482918,0.00150139701341392,0.00154055498945782,0.00153026231722836
"2019-03-05",0.00172759507217939,0.00165315058367114,0.00164928243118845,0.00166306041596167,0.00175399836545405
"2019-03-06",2.41527698731089e-05,2.11199578166617e-05,2.08210801092582e-05,2.02439189585913e-05,2.23430053777053e-05
"2019-03-07",0.00131532002379059,0.00130575378864342,0.00131017990857955,0.00130838945162684,0.00130187067862334
"2019-03-08",2.8681766116359e-08,1.32721361047007e-07,1.40839307952224e-07,2.81389835231685e-09,1.11573088226712e-08
"2019-03-11",0.00123171015396191,0.00120862752315128,0.00121068126505441,0.00121989797767778,0.00121452426649982
"2019-03-12",3.1325799215905e-05,3.03168524729761e-05,2.9948127658844e-05,2.84254287656211e-05,8.04682973899505e-06
"2019-03-13",8.78622943246344e-05,9.74908879237067e-05,9.8267189541579e-05,9.971301900034e-05,0.000152595826061194
"2019-03-14",0.00115081632415165,0.00121825099067019,0.0012207959426764,0.00117330555996864,0.00131328817491663
"2019-03-15",4.70777233396576e-06,8.60945834965051e-06,8.82834064641904e-06,5.43995753038386e-06,5.19904366495387e-06
"2019-03-18",8.97649237710019e-05,9.99441330703638e-05,0.000100016095473248,0.000107410803089199,0.000130508661360272
"2019-03-19",0.00074626301126674,0.000720950510130116,0.00072613120434591,0.000706026115636873,0.000713639604717175
"2019-03-20",0.00148468931985542,0.00147510372248994,0.00148043363675663,0.00144277308544997,0.00148308988975637
"2019-03-21",2.84621612866404e-05,2.99812147589025e-05,3.0471633709157e-05,2.43957415922733e-05,1.45809854163776e-05
"2019-03-22",0.00470697689939685,0.0046585595066502,0.0046482098566197,0.00469721787430948,0.004839863380259
"2019-03-25",0.00468703591815712,0.00472291280095524,0.00471367098796164,0.00483750359801489,0.00498745113442931
"2019-03-26",2.97948847789911e-06,2.21590475754621e-06,2.2905929732221e-06,3.22641200166672e-06,7.68898706807939e-06
"2019-03-27",0.000188151646349032,0.000227223936642792,0.000217938069525128,0.000193314504732363,0.000166708567780928
"2019-03-28",0.00296748756012617,0.00293264650663386,0.00293080431400131,0.00305067721507767,0.00313071589590078
"2019-03-29",0.00251254531522076,0.00261551471542513,0.00261284024714375,0.00262193354602484,0.00256291487257703
"2019-04-01",3.72108435736967e-05,3.78281923477304e-05,3.80290750650411e-05,4.40912201278538e-05,4.25985200901245e-05
"2019-04-02",0.0013441883210045,0.00134966869511337,0.0013528133324406,0.00136947750726519,0.00137138565004587
"2019-04-03",2.17874819453553e-07,1.98781343628316e-07,1.90891014811062e-07,5.30840174455157e-08,1.58898994053498e-07
"2019-04-04",0.000389879705365371,0.000407770467718895,0.000407505554161414,0.000440082060035458,0.000447879860290031
"2019-04-05",0.00103529357420838,0.00106483876817902,0.00106572674502535,0.00107369313024235,0.00111623711523666
"2019-04-08",2.85020277339065e-05,2.53399822969673e-05,2.57638979181332e-05,3.19532408271616e-05,3.32597564120973e-05
"2019-04-09",0.000657238914402621,0.000610801484487883,0.000610177655840973,0.000604579141960711,0.000589304907571692
"2019-04-10",0.000341555176417787,0.000373842730988539,0.000372630141681779,0.000404021121404742,0.00039592091733498
"2019-04-11",0.000199212161391295,0.000209511233820522,0.000208846633233143,0.000208363357898939,0.000200071108002809
"2019-04-12",1.44412940001944e-10,5.49084394545256e-07,5.64108770296788e-07,4.1591879456754e-07,4.37879026630814e-07
"2019-04-15",0.00108657731422771,0.00111739399261147,0.00111543401307232,0.00109078997083079,0.00107603026401654
"2019-04-16",0.000217189837527478,0.000207018464413682,0.000206772562890298,0.000197601628029212,0.000198974453995259
"2019-04-17",0.000138578527733486,0.000140422060104886,0.000140278287483322,0.000120148364776257,0.000109067403049959
"2019-04-18",0.000579668891655841,0.000549418084511422,0.000554659528220681,0.000556613599063758,0.000536941048987121
"2019-04-22",0.000438701754977771,0.000337118103289401,0.000346131588390323,0.000319864689296781,0.000296553625637503
"2019-04-23",9.30338466212945e-05,9.09971022843408e-05,9.12223313298977e-05,9.01628921789258e-05,8.59117815638003e-05
"2019-04-24",0.000265844885818432,0.000254280989149069,0.000256729123719189,0.00026451279883535,0.000265107945901237
"2019-04-25",0.000255619909151324,0.000242263126858841,0.000242587249996992,0.000242969155112782,0.000218682776671946
"2019-04-26",0.00264742277881482,0.00286537240546947,0.00287435373250523,0.00288483716033865,0.00290584526765684
"2019-04-29",0.0025649065041572,0.00268817628134509,0.00268952970352716,0.00269057537434169,0.00267330820923285
"2019-04-30",0.00349003423424963,0.00339394238567056,0.00340857722417155,0.00341343527763726,0.00339253497602314
"2019-05-01",0.00386124265904097,0.00375543466000417,0.00374748624755078,0.00373570291656266,0.00381412743109387
"2019-05-02",0.00023582310513098,0.00025922369339827,0.000301886123546097,0.000307160083999688,0.000269543027630872
"2019-05-03",0.00685340577079161,0.0066192945636884,0.00662258123041723,0.00662986491535922,0.00650725576105083
"2019-05-06",0.00292575680463439,0.0029951236033865,0.00301007671524137,0.00299722103897094,0.00299116434717373
"2019-05-07",0.00614180042010799,0.00616498118669556,0.00621385466288514,0.00624597910122506,0.00623702701478348
"2019-05-08",0.000248769018391029,0.000222723667023533,0.000222311678334137,0.000218979053979698,0.000229013463513408
"2019-05-09",0.00380446222769486,0.00391459100973334,0.00386872412232278,0.00387104649975202,0.00383671404133543
"2019-05-10",0.00088913743765252,0.000919329186545373,0.000925655276793735,0.000936414209870506,0.000939635395466352
"2019-05-13",0.00688051197175327,0.00707757186617681,0.00716201814043277,0.00712799613221501,0.00714805504729367
"2019-05-14",0.00750821274557402,0.00721370327961021,0.00718748061876275,0.00725381096142218,0.00724827565599723
"2019-05-15",0.00217199307844315,0.00215266729369443,0.00213505264744195,0.00215396094184675,0.00214610514606876
"2019-05-16",0.00104124987351593,0.00103428862509843,0.00104530347178372,0.0010493945454918,0.00107785853241297
"2019-05-17",0.00122119461689692,0.0011965184314798,0.00117402305544109,0.00115621653261385,0.00111571324219803
"2019-05-20",0.00238090944152006,0.00233745362197506,0.00234665561605105,0.00236765689572462,0.00240019204333116
"2019-05-21",0.00700674093886084,0.00722453951680327,0.00715141153944606,0.00732631889982935,0.00728727055706018
"2019-05-22",8.25770490786573e-05,9.04779415037595e-05,8.81422598528339e-05,9.10829751362493e-05,9.18258372592601e-05
"2019-05-23",0.00185697421802779,0.00186093182095682,0.00188463872471808,0.00187746240213041,0.00190426867324899
"2019-05-24",0.00468988528942069,0.00456480753260422,0.00457704757426424,0.00459626532182913,0.0046162531279631
"2019-05-28",0.000385729160399814,0.000377443279220395,0.000393008788790118,0.000387458289603313,0.000351168149881834
"2019-05-29",1.0161737708323e-08,4.74344545285055e-07,5.10563534798621e-07,1.2081457484475e-06,2.25519533695487e-07
"2019-05-30",0.00128916652361378,0.00119060020725205,0.00119544661471781,0.00119537442701734,0.00117712062700114
"2019-05-31",5.84704715215492e-05,6.20902947808227e-05,6.06801506865274e-05,5.79119034283902e-05,5.27547488547255e-05
"2019-06-03",0.0541011769434877,0.054224259456647,0.0544317780200708,0.0543195509946819,0.0544174363510828
"2019-06-04",0.0127828841007396,0.0126497525070727,0.0128163832665624,0.0129120208748859,0.0129180300032782
"2019-06-05",8.12856744578564e-05,8.74024862428474e-05,0.000111181859770413,0.00011393406059623,0.000111545823135015
"2019-06-06",0.00236456814773348,0.00242097742653949,0.00237181223562447,0.00240087214628177,0.00256222325816644
"2019-06-07",8.17571078226541e-05,9.41356508528436e-05,9.03083523729917e-05,8.96460663480404e-05,8.20515423875887e-05
"2019-06-10",3.86110411709306e-05,3.79900601183445e-05,3.71816146346964e-05,3.70668657115904e-05,2.49969252417601e-05
"2019-06-11",0.000193345875040563,0.000199425458359796,0.000187622230971921,0.000187017421418195,0.000173028152774728
"2019-06-12",0.00122510625697881,0.00121059601260538,0.00119200561389645,0.00118964106815343,0.00117734577656284
"2019-06-13",8.66882655459213e-05,9.87806170665812e-05,9.84397770977191e-05,9.86574063678066e-05,0.000109878588204713
"2019-06-14",0.000171908517286706,0.000203359263571087,0.000198470819954494,0.000198438724688244,0.000196306752396546
"2019-06-17",0.000757116512651053,0.000778299609176066,0.000771553681273699,0.000771387682668265,0.00074901530361104
"2019-06-18",0.000744244795442956,0.000702264099600901,0.00069973605131275,0.000699014456572381,0.000661460159878567
"2019-06-19",0.00086654506891025,0.00088677984665773,0.000860212794075305,0.000870496371307853,0.000821431387221692
"2019-06-20",0.00360667151125987,0.00357843431228108,0.00352303282668576,0.00351520003860523,0.00364119914548158
"2019-06-21",0.00112819254063474,0.00107509868856072,0.00112228244053167,0.00111985354900959,0.00108330029979378
"2019-06-24",0.000838464156895003,0.000805952932989715,0.000824462253582806,0.000812999393519247,0.000776784062709057
"2019-06-25",0.000419399123351163,0.000405161726946213,0.000404137874826721,0.000403828544953803,0.000416883055263886
"2019-06-26",0.000426249471064961,0.000434291043431406,0.000449224105696382,0.000448682716069558,0.000431726223515567
"2019-06-27",0.000934663294402396,0.000960874497383003,0.000972842165393964,0.000972752952589963,0.0010706281479633
"2019-06-28",0.00010322599360607,0.000106316453864713,9.38074480317911e-05,9.34306835619393e-05,0.000152564568646746
"2019-07-01",0.00026727971838102,0.000257474699509258,0.000256665163727917,0.000256820473149451,0.000264366106754229
"2019-07-02",0.000762505366732929,0.000775354649939192,0.00074772052248091,0.00074875563625644,0.000765659699181427
"2019-07-03",0.00281290416146389,0.00283991059055421,0.0029202503683798,0.00291842811862432,0.00292095773659872
"2019-07-05",0.00029593742954565,0.000310258573225426,0.000311415903253282,0.000311273773245838,0.000353510202641674
"2019-07-08",0.000208245034709525,0.000213504653622829,0.000209927606791627,0.000210045224335631,0.000218338283408885
"2019-07-09",0.00026483480632845,0.000277169653154017,0.000287161008040713,0.000287107896611938,0.000275866788574975
"2019-07-10",2.78625480798474e-08,2.15747718161726e-07,9.06159795438853e-08,8.9075712993029e-08,1.6981730864095e-06
"2019-07-11",7.91403827770287e-05,7.52719401522834e-05,7.16895127428635e-05,7.15017604293763e-05,6.74083536642129e-05
"2019-07-12",0.000886583418612518,0.000876318637416633,0.000928110950378206,0.000928423956471977,0.000930957361016631
"2019-07-15",0.000189612055976213,0.000194172541012788,0.000201165026968322,0.000200932351188231,0.000201258960475962
"2019-07-16",6.05343818013078e-06,6.58223264881704e-06,5.73141394497729e-06,5.86821393862202e-06,6.49158358493781e-06
"2019-07-17",8.01042357126793e-05,7.20954180081898e-05,6.47046775548557e-05,6.50564699558649e-05,5.54063054772972e-05
"2019-07-18",3.13785809655278e-06,5.67124471254489e-07,3.87759673996877e-07,3.94252170455932e-07,2.2660374523436e-08
"2019-07-19",0.000236397861598786,0.000304538593571667,0.000321301400081015,0.000322685644221773,0.000321133950721826
"2019-07-22",0.000507534360215506,0.000481783907702589,0.000483131156510093,0.000476274379136955,0.000496258633965158
"2019-07-23",1.0592462457576e-07,7.52835538467984e-13,3.2907867848809e-07,3.42770827923507e-07,1.94028027360642e-06
"2019-07-24",0.000302391414762654,0.000313421969837504,0.000311408217815346,0.000311091703709932,0.000308161178382231
"2019-07-25",0.000399611375912982,0.000377572489688035,0.000378491746637515,0.000379159129949766,0.000352101799846958
"2019-07-26",7.61663484123712e-05,7.36028854439544e-05,7.38883245610332e-05,7.37521991620431e-05,6.02255275600271e-05
"2019-07-29",0.000594847756563968,0.000642869398170497,0.000645867759088045,0.000646596713857161,0.000624456558477909
"2019-07-30",0.000131014350351583,0.000117717948095121,0.000117624120951609,0.000113277536417874,0.000120587316739847
"2019-07-31",0.0277291058259739,0.0276700579851138,0.0276837458568975,0.0276723207870099,0.0276032471381085
"2019-08-01",0.00990429057211731,0.0101755033251581,0.0102212370254566,0.0102081710576591,0.0104477164781744
"2019-08-02",0.000590769159154242,0.000686952636993512,0.000687675919051195,0.000690740160105862,0.000714599790099908
"2019-08-05",0.000163791486406191,0.00018720231185985,0.000178095558067645,0.000178822147001441,0.000180145178789224
"2019-08-06",0.00103321820006463,0.000892501483983942,0.000896223675055241,0.00088595542594278,0.000864181348089421
"2019-08-07",0.00122985522002428,0.00129884181962566,0.00130469370518619,0.00128361114879076,0.00129707009326175
"2019-08-08",0.00944617851128922,0.00933907167313364,0.00934328948208606,0.00928182207894419,0.00925872627552209
"2019-08-09",5.84922004908488e-09,1.04392583574711e-07,6.18290994467705e-08,5.44531329236747e-08,4.62646412124942e-08
"2019-08-12",7.01560349519759e-07,5.90890428842931e-08,1.03841221100944e-05,8.45475963357602e-06,1.23670568143131e-05
"2019-08-13",0.0123424486256377,0.012192230509148,0.012465791171605,0.0125033581151173,0.0125890201513939
"2019-08-14",0.000308452966411452,0.000370111069142069,0.000374486783135808,0.00037463455846161,0.000399473162731152
"2019-08-15",6.10433236678128e-05,5.16613263670593e-05,5.50129923777395e-05,4.65547813693449e-05,4.45032283150706e-05
"2019-08-16",0.0107815851011497,0.0105132497028854,0.0106241081872088,0.010599946322735,0.010703870243872
"2019-08-19",0.00389797037440238,0.00398412129776668,0.00397101306031596,0.00396084692138042,0.0039851109443239
"2019-08-20",1.49114076816954e-05,9.36955848461592e-06,1.04658860057322e-05,1.11560607525909e-05,1.30361613887662e-05
"2019-08-21",0.0017360757693971,0.00172612076357705,0.00177614355706296,0.00176685971639591,0.00175076570369312
"2019-08-22",0.000254573621738928,0.000234154598384401,0.000226236132755023,0.000225119758590295,0.000213717775077454
"2019-08-23",0.0330523734388892,0.0329646345263244,0.0329719202392892,0.0329962806477905,0.0327036595286133
"2019-08-26",0.00675342989446656,0.00651104828734,0.00650710383155851,0.00648965920670659,0.0065864842042841
"2019-08-27",0.000678497409183893,0.000618776445477022,0.000608841348103356,0.000610591108888589,0.000620569413919611
"2019-08-28",0.000921331021310288,0.000927484354948708,0.000929869746720934,0.000922313311980746,0.000937393994599335
"2019-08-29",0.001948962373308,0.00194715853350714,0.00193832112211696,0.00194610300061295,0.00189977646428975
"2019-08-30",3.13187268685908e-05,3.41285388381562e-05,3.46596327692705e-05,3.52997264371131e-05,3.82690366995769e-05
"2019-09-03",0.000191773677374683,0.000184311499835989,0.000186892322571895,0.000184915053402438,0.000187311144003657
"2019-09-04",0.00458607995001297,0.00452710199401874,0.00454031183371673,0.00452888124645707,0.00456111009555254
"2019-09-05",0.000353526050478371,0.000345451392661584,0.000348496311425496,0.000359951777721748,0.000358535286461307
"2019-09-06",1.66964725769266e-06,5.89679356037639e-07,5.75802843134651e-07,2.64613707290957e-07,4.74071790133542e-07
"2019-09-09",1.17204801138813e-05,1.18869198308931e-05,1.16238416187585e-05,1.76362171464759e-05,1.717264689892e-05
"2019-09-10",0.00619533895633407,0.00623631480268977,0.00627817742622131,0.006281883997804,0.00623479533300626
"2019-09-11",0.00049970653051983,0.000522842837264434,0.00052286528616754,0.000490837295906095,0.000474140673933464
"2019-09-12",0.00135988813492356,0.0012950036593361,0.00127308995814542,0.00128915427440301,0.00127079747128188
"2019-09-13",3.48204105752618e-05,3.33678047928142e-05,3.37594417134957e-05,2.96822080608484e-05,2.85793494063504e-05
"2019-09-16",0.00174353553771958,0.00178064423996212,0.00179899125401195,0.00189480600638329,0.00181972143545525
"2019-09-17",0.00156731026408942,0.00159037036847491,0.00160232516491903,0.00153232638657745,0.00152240545905
"2019-09-18",0.00154529952403693,0.00153503281572864,0.00152208809966736,0.00155079342472462,0.00156125604979644
"2019-09-19",0.00131927237651644,0.00128752128779885,0.00128478693028534,0.00132053873577905,0.00132148605882661
"2019-09-20",0.00205528628780114,0.00203183830636802,0.00202208119469175,0.00198200045114619,0.00199777713320147
"2019-09-23",0.00177677234400659,0.00171754748841472,0.00171718882630501,0.0016906582427142,0.00167084540629596
"2019-09-24",0.00726939864057363,0.00737251782258786,0.00736252932438683,0.00742163589504291,0.00746917414249774
"2019-09-25",0.00115848542468443,0.00118827191308074,0.00119120393683193,0.00116037231943161,0.00113317587349877
"2019-09-26",0.000803870937138275,0.000806379194593852,0.000806509973001627,0.000822032636762258,0.000861446275219511
"2019-09-27",0.00145850586553379,0.00138083748011316,0.00138037266677203,0.00138847167484901,0.00138896271287694
"2019-09-30",0.00315457325228742,0.00312134035437731,0.0031221689216002,0.0031335044352331,0.0030406418778268
"2019-10-01",0.00187694189603312,0.0018078245379139,0.00182407607059925,0.00180129561762321,0.00178984001459256
"2019-10-02",0.000174027697573498,0.000185334768650451,0.00018624229868237,0.000191245396644893,0.000206786387485352
"2019-10-03",0.0038717264957231,0.00410425824045312,0.00410407785360016,0.00411180816306774,0.00411379802848915
"2019-10-04",0.00593595489418186,0.00585229965762521,0.00583979006333848,0.00580408849498701,0.00573299370270974
"2019-10-07",0.000361736255667751,0.000383428902259557,0.00038134459028992,0.000388761571189125,0.000365314780465633
"2019-10-08",0.00296123340830541,0.00293046224888805,0.00293138926682173,0.00291557130672881,0.00301029000467564
"2019-10-09",0.00417387351907221,0.00407246535758774,0.00407001407310709,0.00406515367426937,0.00415552058258805
"2019-10-10",5.20497529342455e-05,4.52670637565932e-05,4.55401824741691e-05,4.76152690309842e-05,4.74172056067963e-05
"2019-10-11",3.23626027009359e-05,3.18649476908136e-05,3.18727558954791e-05,3.60201518039184e-05,4.06498672348152e-05
"2019-10-14",0.0026600942718071,0.00260812328710724,0.00260560914066595,0.00260532388309319,0.00259579394443568
"2019-10-15",0.0007113260862969,0.000725257043264577,0.000725767671327703,0.000743603708892856,0.000760166683563645
"2019-10-16",0.000306199189459506,0.000316765698698234,0.000317994193263385,0.000317367316779836,0.00029286535257559
"2019-10-17",7.13793440224424e-05,6.93702417965648e-05,7.00064939736113e-05,7.28197694185472e-05,7.96228383172253e-05
"2019-10-18",0.000112694167061285,8.09894641900073e-05,8.05597418160001e-05,8.33591624305596e-05,7.38163910662163e-05
"2019-10-21",0.000554931191150933,0.000508014631820375,0.000504768057723153,0.000467470313791452,0.000496520750970429
"2019-10-22",3.6665625480753e-05,3.11671783908712e-05,3.04399158025543e-05,3.39446354718426e-05,1.49619480919745e-05
"2019-10-23",7.95971278004502e-06,8.51598582727088e-06,7.62916730560675e-06,9.06850998106624e-06,1.27495661287271e-05
"2019-10-24",3.35369160186115e-05,4.52082765854396e-05,4.35757917406389e-05,3.87174659103483e-05,4.76229475200847e-05
"2019-10-25",0.000732036047040676,0.000744359544841345,0.000750431679978361,0.000759291757186784,0.000763895930426581
"2019-10-28",0.000140634263495174,0.000161518529865898,0.000163699739547689,0.000159176004709367,0.000147054332250623
"2019-10-29",0.00507052035889576,0.0050244959588566,0.00504242227317118,0.00502614020202377,0.00504724523693263
"2019-10-30",7.52329285908641e-09,8.29773479813704e-07,2.62265643230948e-07,7.47495912364737e-07,7.30071640179845e-07
"2019-10-31",0.00422014427246521,0.00417699527331283,0.00424857697785738,0.0041938695321882,0.00420528284178938
"2019-11-01",0.00412923011501005,0.00418434759264713,0.00420899897085862,0.00431271954073722,0.0040790473657382
"2019-11-04",0.000301015000065503,0.000300793911199001,0.000301311540723197,0.00031433075705299,0.000302314411556873
"2019-11-05",0.00122772202655096,0.00118350683755632,0.00118747970650538,0.00120073486708924,0.00117754402153226
"2019-11-06",5.27898583880866e-05,3.62810579690692e-05,3.29012629857524e-05,3.05759622102286e-05,3.76319949475021e-05
"2019-11-07",3.59244214144152e-05,3.76125555891327e-05,3.91184100979264e-05,3.81852836267487e-05,4.40495912968225e-05
"2019-11-08",0.000587136818658167,0.000593691660806774,0.000591389401116728,0.000583008049970824,0.00054662553243677
"2019-11-11",2.63046932896887e-05,3.45134431491607e-05,3.51041108867081e-05,3.33012887692165e-05,3.16251569882965e-05
"2019-11-12",3.00600658311514e-05,2.85094006901868e-05,2.73505081393283e-05,2.57613959311414e-05,6.62176281131104e-06
"2019-11-13",0.000221928441597354,0.000212641267546224,0.00021395758728104,0.000209680618561141,0.000197481128874862
"2019-11-14",0.000219804591373147,0.000227253085548132,0.000228902691846385,0.00023054104746179,0.000251367203114575
"2019-11-15",0.0017896574705123,0.00184795147424043,0.00185000338158901,0.00188066550216017,0.00189475093516027
"2019-11-18",6.20859168347852e-06,6.67840799322042e-06,6.0040813015257e-06,5.79971295800468e-06,4.04341837415457e-06
"2019-11-19",4.1188671249842e-08,1.20120501289889e-07,2.51208818720651e-07,6.87690695940616e-08,6.74270010767875e-08
"2019-11-20",0.0026283865819069,0.00257381260681613,0.00258645639241261,0.00255552113418744,0.00236209900014423
"2019-11-21",0.000376684480389004,0.000340063338396832,0.000341095347758377,0.000358479584458156,0.000320996001739456
"2019-11-22",0.000607481233443401,0.000584551400470599,0.000574457436484712,0.000567105193372126,0.000512507920529507
"2019-11-25",0.00212840671292162,0.00212698632268997,0.00212960796214208,0.00216095443198164,0.00215639780674437
"2019-11-26",0.000267291432690986,0.000282457077496242,0.000290208121456656,0.000288635955720781,0.000289368881194296
"2019-11-27",0.000540922244381956,0.000562842073241975,0.000561037358608182,0.000569448721242973,0.000547227374606528
"2019-11-29",0.000273617720474037,0.000283446059519013,0.000283793918413464,0.000276975101322085,0.000288732032708205
"2019-12-02",0.0055278925628678,0.00564584695181296,0.00564344715614934,0.00562403571313938,0.0057159794901227
"2019-12-03",0.00130810791369289,0.00137734121596158,0.00135987369365274,0.00137754154329256,0.00140974231614921
"2019-12-04",0.00258942703694334,0.0025461947376047,0.00257827704735466,0.00257854008205096,0.00262763352165875
"2019-12-05",4.1629520166163e-06,2.33778073089966e-06,1.8732281789829e-06,2.64175076475454e-06,1.34493160494502e-06
"2019-12-06",0.00138951636949201,0.00140795926088446,0.00139160538938348,0.0013774824143708,0.00140781078220245
"2019-12-09",0.00117220818334194,0.00124084868810552,0.00123824090956085,0.00124699323426794,0.00124712614813997
"2019-12-10",0.000174071056313936,0.000131869748744129,0.000131753422003156,0.000126956058901019,0.000130943545783309
"2019-12-11",0.000890697908782796,0.000944422306899523,0.00096949049090605,0.000972852766172684,0.000941091665220004
"2019-12-12",0.00827891104360892,0.00821846163322833,0.00823722740376142,0.00818182969053153,0.00811302428895816
"2019-12-13",0.000247560561204773,0.00022949350723781,0.000238637268567175,0.000234548235794282,0.000253369575492914
"2019-12-16",0.00438346941284312,0.00431956968499729,0.00432094305791549,0.00435831099716462,0.00433658442556524
"2019-12-17",6.62174350397871e-05,5.09744382867033e-05,5.39435433234675e-05,6.41144929979136e-05,5.39287283570717e-05
"2019-12-18",0.00149383915318973,0.00154102413998672,0.00153831251279056,0.00151884057257313,0.00156826989517061
"2019-12-19",0.000240005267692105,0.000227999864015457,0.00022368731378553,0.000223504489048144,0.000220745567288375
"2019-12-20",3.15192841552516e-05,3.06513644625867e-05,3.00683923796119e-05,2.34303450325023e-05,2.41107610005025e-05
"2019-12-23",0.000430853359084537,0.000421074946701577,0.000396740854599783,0.000365087117883214,0.000358775602511163
"2019-12-24",0.000613477759566883,0.000645886959998823,0.000666326480331352,0.000643561070528011,0.000662491473307068
"2019-12-26",2.20878257193706e-05,2.90689248179468e-05,3.21142152183132e-05,3.59726534623661e-05,3.5592036639574e-05
"2019-12-27",0.00349684901514942,0.00341792847651198,0.00338425213767893,0.00338258253868397,0.00339399525915929
"2019-12-30",0.00288538513530718,0.00263556170732347,0.00259590475343849,0.00250420660043531,0.00253314227003811
"2019-12-31",0.00121840417554814,0.00124112822825375,0.00126437340693071,0.00138995638507752,0.00137423423037556
"2020-01-02",1.68532885818553e-05,2.55751328291848e-05,2.26027979783302e-05,2.2071615997632e-05,2.44478468551694e-05
"2020-01-03",0.000447318949855712,0.000464093638899124,0.000461641027373683,0.00047853843571859,0.000484164929069669
"2020-01-06",1.69428512529359e-05,7.49065861088413e-06,6.60009376530226e-06,5.86547041116221e-06,5.5014490263115e-06
"2020-01-07",1.88061314473985e-06,5.13551715371119e-07,2.62153058566712e-07,3.55130841351883e-08,3.5802847586982e-08
"2020-01-08",3.68382007579642e-05,3.91477774343491e-05,3.3681170866291e-05,3.5700792455391e-05,3.11741315564018e-05
"2020-01-09",7.96621673341608e-05,8.23296523441033e-05,8.96304866208739e-05,9.83796184529436e-05,9.79783505230794e-05
"2020-01-10",4.94490188131601e-07,5.47848087266737e-07,3.48419552769548e-06,5.49608672029732e-06,6.41166592539101e-06
"2020-01-13",0.00169683561021632,0.00180726821407387,0.00183885277665837,0.00181845313859813,0.00180501055626902
"2020-01-14",0.00498108696025448,0.00492266603059542,0.0050110996528887,0.0050397814121471,0.00505180661835414
"2020-01-15",0.000355955840378238,0.000396878018764557,0.000384826238719131,0.000366059715883608,0.00036221326611306
"2020-01-16",0.00138481108283488,0.00138551463270853,0.00143078999174162,0.00143859524736958,0.00141675672935852
"2020-01-17",0.000637184539273223,0.000622563814607548,0.000615023969863155,0.000642447024689978,0.000633665903086266
"2020-01-21",9.06952009460888e-06,8.10286129533606e-06,5.2911659767049e-06,4.46436592957207e-06,5.56712784771664e-06
"2020-01-22",4.85744767500826e-05,5.89959565261095e-05,5.04180440320501e-05,4.65132476953243e-05,6.25244943971379e-05
"2020-01-23",0.000360728715655919,0.000365578321297625,0.000346463843792147,0.000365736082442947,0.000332101893702591
"2020-01-24",0.00125903286555627,0.00127517178139404,0.00133338803303136,0.00137473538033108,0.00139573171495069
"2020-01-27",0.0113704699908862,0.0113725052121574,0.0115738524578675,0.012016823120464,0.0119580925451332
"2020-01-28",0.007396580534725,0.00753654393053341,0.00757908650136589,0.00748249992713263,0.00743303031828713
"2020-01-29",0.00559516916163246,0.00570523642779236,0.00565409240865383,0.00563492840483435,0.00569596475915975
"2020-01-30",0.000230423795504888,0.000263658548066903,0.00027540414227919,0.000295736070643924,0.000314411319915572
"2020-01-31",0.00375584024447057,0.0039782320776607,0.00399495408987907,0.00398853154255961,0.00400110151470708
"2020-02-03",0.000740215454301854,0.000845597638440764,0.000842298857875175,0.000816050975337977,0.000888163010610618
"2020-02-04",0.00387745499905875,0.00389978092278152,0.0038936084220181,0.00392119231529486,0.00373224646548947
"2020-02-06",0.00206970757426774,0.00208957695173354,0.00208223688181231,0.00209704717112108,0.00205224908488076
"2020-02-07",7.42618229375941e-08,4.53777909901984e-07,4.02096845872448e-07,4.76892553960177e-07,3.26035124546992e-06
"2020-02-10",8.59779713777357e-05,8.31873564037352e-05,8.36984065786134e-05,8.15905541858169e-05,8.13715823387519e-05
"2020-02-11",0.000122646648156779,0.000128931721727085,0.000128919791149449,0.000131371104169099,0.000131306800390557
"2020-02-12",0.00174929138770659,0.00174098136224922,0.00174009454692043,0.00174739471776376,0.00174398481744303
"2020-02-13",6.07029185958786e-05,6.09579520011822e-05,6.12318323017227e-05,5.75837682789467e-05,5.93014595730207e-05
"2020-02-14",0.000921512452363836,0.000920112136289529,0.000920119964005593,0.000914594144826435,0.000904872643971141
"2020-02-18",0.00172840526593892,0.00172124103156543,0.00172253970714814,0.00172874792636754,0.00171807888415337
"2020-02-19",0.00269926588100843,0.00269887231104481,0.0026825242713788,0.00270332312876637,0.00267690396475214
"2020-02-20",0.00292120943426003,0.00295300986944704,0.00296519221959343,0.00295911567424018,0.00295700878063152
"2020-02-21",0.00156390709053809,0.00157809266599531,0.00159290784956184,0.0016026978332239,0.00161886299378194
"2020-02-24",0.13285011800751,0.132856329215735,0.132921482817379,0.13294970982263,0.133186776755076
"2020-02-25",0.00596063569697686,0.00594475134936733,0.00587772191203826,0.00586451008421615,0.00594682944580571
"2020-02-26",0.00045621059806079,0.000512894684112458,0.000503886511293847,0.000516655453298681,0.000509422545243286
"2020-02-27",0.0445847439091194,0.0453555963784696,0.0453182633653988,0.0454982653927603,0.0454211893575824
"2020-02-28",0.259486434983121,0.261420305074153,0.261104428816416,0.261669387824568,0.260964022044498
"2020-03-02",0.0125513805204021,0.0115915991751383,0.0117269126618158,0.011543554338752,0.0115831263230133
"2020-03-03",0.0619881331725861,0.0629751108605578,0.0628846515195559,0.0631003440544656,0.0630261018008915
"2020-03-04",0.0639153329269085,0.0627971246010225,0.0631831170866623,0.0629268891494281,0.0630791938712556
"2020-03-05",0.00269336424436541,0.00263911863146394,0.00270395990910629,0.0026988280054092,0.0027054346038544
"2020-03-06",0.0033076568374329,0.00339652670535928,0.00338371657427194,0.00341520773288952,0.00335464386039755
"2020-03-09",0.0809331396991396,0.0814416234174869,0.0813011790350423,0.0814559178872003,0.0809322977817127
"2020-03-10",0.000754970300685337,0.000846292524860452,0.000793663882684827,0.000807996328574465,0.00076499406738091
"2020-03-11",3.81700112000116e-05,2.34599946279945e-05,2.8396645831845e-05,2.86024383270916e-05,3.48523691346552e-05
"2020-03-12",0.259330711141959,0.260430462983444,0.260119654731559,0.260836731752747,0.259597576594523
"2020-03-13",0.0170848758017611,0.0174198724600278,0.0169449182114713,0.0169055607542101,0.0158365851832436
"2020-03-16",0.0272248627875625,0.0279938115521653,0.0275070461531486,0.0276929641632761,0.027329158447825
"2020-03-17",0.00773941533080374,0.00867362546160284,0.00837242449101248,0.00847924586227284,0.00819329198289166
"2020-03-18",0.0113963961000443,0.0119982904085901,0.0114701284752121,0.0116619010084153,0.0106325209781112
"2020-03-19",0.00465784407423647,0.00422120803964346,0.00458094453152544,0.00439736552024385,0.00460169016883707
"2020-03-20",0.000259422019627707,0.000324318119933142,0.000273824143574158,0.000313062060282094,0.000272613487232506
"2020-03-23",0.0692469579911849,0.0702286181835616,0.0699086178235682,0.0706710235043085,0.0702502773419481
"2020-03-24",0.0987265399322829,0.097000400082254,0.0977302177630312,0.097257788028747,0.0985440294025363
"2020-03-25",4.09232737073519e-05,3.57961969534839e-05,4.05949965561395e-05,4.07890429321942e-05,6.2475798140368e-05
"2020-03-26",0.000639050875481689,0.000556579447433259,0.000583430200386036,0.000556846832376874,0.000695520899921635
"2020-03-27",0.0279167667692097,0.0275331636867862,0.0276013612174927,0.0275224802637481,0.0278200717647274
"2020-03-30",0.0243579095704616,0.024094763742717,0.024087280551837,0.0240416090491977,0.0242423650408351
"2020-03-31",3.54871505048956e-05,3.1129958924141e-05,2.81378712621446e-05,2.50131881432277e-05,2.92687783238666e-05
"2020-04-01",0.00645961269665146,0.00641133524097938,0.00640665663996419,0.00639730223429438,0.00628670693281994
"2020-04-02",0.000550875970971392,0.000597322778507837,0.000594327225100899,0.000609388876092178,0.000578043918820512
"2020-04-03",0.0100162764583853,0.0098845620524928,0.00990872534252015,0.00989833083221853,0.010112820062195
"2020-04-06",0.00828385236557104,0.00823229571913404,0.00818568495752348,0.0081523685326329,0.0083744072633659
"2020-04-07",0.00634488357770114,0.00637096406102864,0.00639883740963331,0.0064693572073997,0.00636057185271291
"2020-04-08",0.00714017865156145,0.00714699891267706,0.00712339488843025,0.0070771583402308,0.00735455112655128
"2020-04-09",0.000319555315049999,0.000319243068462469,0.000320236886534545,0.000318248214235372,0.000333581173738914
"2020-04-13",0.00480937115391517,0.00477195865718552,0.00471332658307148,0.00468727376401615,0.0046789324508453
"2020-04-14",0.00113854057144459,0.00113677430631043,0.0010757494799218,0.00106138854276986,0.00105064989747323
"2020-04-15",0.0022069040178192,0.00222600222543641,0.00219405444281315,0.00216880770670477,0.00216283714475087
"2020-04-16",1.48917755345154e-06,2.04037793895542e-06,1.46767918722668e-06,1.23668690840714e-06,3.72839819895607e-06
"2020-04-17",0.000159213008964998,0.000156665699141903,0.000152537745346781,0.000152981978884013,0.000145244189797036
"2020-04-20",0.00121496842966325,0.00120086807614489,0.00120016905528148,0.00121344319849207,0.00121901454046724
"2020-04-21",0.00453335601842374,0.00452543409944667,0.00451142059745338,0.00451470956734671,0.0045337027675341
"2020-04-22",0.00884072556245929,0.00889244439890429,0.00886644514423291,0.00883552198720514,0.00874242085777732
"2020-04-23",0.000147340535771857,0.00014493815960908,0.000141076795711382,0.000136832174177903,0.000149129399811955
"2020-04-24",0.00522377036261552,0.00523025138854463,0.00516367257675887,0.00515023436230605,0.00514589032611741
"2020-04-27",0.000675252283962462,0.00067935121436413,0.000672868403137976,0.000645232305058574,0.000635476573397085
"2020-04-28",0.000197745020945788,0.000194746413082619,0.000206314124416199,0.000202204970213039,0.000189588700148195
"2020-04-29",0.000509835052799222,0.00049936021604616,0.000500585816699936,0.000512670335266538,0.000544101058353873
"2020-04-30",0.000166525812508175,0.000164828400163852,0.000161424782987448,0.000164453849908398,0.000140944464863812
"2020-05-01",0.014589518730143,0.0146234917958563,0.0145572369658258,0.0145435048856726,0.0144007803712713
"2020-05-04",0.00526342927186169,0.0052457136405248,0.00540833658812827,0.00558513540927695,0.00548711712839192
"2020-05-05",0.00451175287037972,0.00450659973310572,0.004449707183712,0.00446548382275757,0.00456089822064865
"2020-05-06",0.000441635057936271,0.000443959459067669,0.000440613079527143,0.000439545675718969,0.000442052588579518
"2020-05-07",0.00267809989571941,0.00268462356573354,0.00266949270433618,0.00265550464438926,0.00265509571801587
"2020-05-08",0.0025545351353004,0.00254944727360857,0.00254424397512696,0.00254101170829974,0.00254711468093376
"2020-05-11",0.00072446729631519,0.000724590634839512,0.00072112469344121,0.00072490261635401,0.000719569914599871
"2020-05-12",0.00212428747683244,0.00211615720769078,0.00211050071416491,0.00211637370532563,0.00212867398498241
"2020-05-13",0.0174884926637792,0.0174608500006647,0.0174678180885332,0.0174435899500135,0.0175515159724756
"2020-05-14",0.000181572932953724,0.000187094647943651,0.000187138890003658,0.000181965718520613,0.000190504174646076
"2020-05-15",0.000698265586318087,0.000662152981179609,0.000666818990420673,0.000618214295327852,0.000644037761550361
"2020-05-18",0.0055432858654693,0.0054855690828752,0.00549186546716864,0.00544352165611381,0.00548338525012136
"2020-05-20",0.00297078962422448,0.00295537493306383,0.00294557548833643,0.00294846692864077,0.00296911447210345
"2020-05-21",3.60609968293245e-06,3.98688765479628e-06,3.59117876541594e-06,3.96376623088582e-06,4.00022941305005e-06
"2020-05-22",0.00186182974492186,0.00187233673266978,0.00187362119642895,0.00188730847623898,0.00191899713715703
"2020-05-26",5.06766461253124e-05,4.67723699021271e-05,4.63897380519729e-05,4.5569613571706e-05,4.63275852034666e-05
"2020-05-27",0.00181752778885395,0.00181042958673524,0.00180877638402535,0.00179502895775209,0.00180718326617271
"2020-05-28",0.000711957450359014,0.000685070665682563,0.000682101110106669,0.000653545811730106,0.000653536989082616
"2020-05-29",0.000625152404664908,0.000651727537066213,0.000646732949431699,0.000678238343547373,0.000678268080269373
"2020-06-01",0.00688996797005978,0.006781189342188,0.0067869350519048,0.00678339347937885,0.0067845180387158
"2020-06-02",0.000994731897573872,0.000996763780153134,0.000989920332985594,0.000986686922846941,0.00099320485090765
"2020-06-03",0.000450535661360082,0.000454671163032837,0.000456117433172184,0.000456528132697663,0.00045610509584531
"2020-06-04",7.7101524648413e-05,7.76489934547396e-05,7.73045141174612e-05,7.55135289123378e-05,8.05819221013067e-05
"2020-06-05",3.80563200081005e-06,5.19798739841803e-06,5.19236931927489e-06,5.77482798076952e-06,3.79302251276068e-06
"2020-06-08",0.000921108801912042,0.000887274572648731,0.000879139737992892,0.000867737799397274,0.000898187403114206
"2020-06-09",0.000698085099202644,0.000692361954427512,0.000693533892153445,0.000696775820494346,0.000676511949985119
"2020-06-10",0.00350107223514361,0.00350203516004214,0.00349480687158641,0.00348875552845751,0.00345048328974931
"2020-06-11",0.0111629031222547,0.0111803926931526,0.0111482996342672,0.0111845009036081,0.0111239013603069
"2020-06-12",0.00480610888543239,0.00486178829759398,0.00487162131383273,0.00488491788834199,0.00484760824564127
"2020-06-15",0.000271749770760385,0.000257232232330505,0.000250722286773935,0.000244018236399464,0.000247357990613788
"2020-06-16",0.000587115992541001,0.000593532986458695,0.000582821727702787,0.000596814667445209,0.000590281312491551
"2020-06-17",0.0128357969502494,0.0126910011147227,0.0127156650296042,0.0126631138064402,0.0126737867848471
"2020-06-18",0.00258310833135008,0.00262351806466546,0.00262902336931334,0.002617015872749,0.00261361543495305
"2020-06-19",0.004954255633726,0.00498577881680582,0.00498449155917524,0.00498211481966711,0.00497797900637215
"2020-06-22",0.00526220772073282,0.00526201916743908,0.0052733516603685,0.00540586366074656,0.00537547782033692
"2020-06-23",0.00020392155623412,0.000202638464520928,0.000199378519346528,0.000197477577220128,0.000196243195906813
"2020-06-24",0.00628125504396185,0.00621131422557596,0.00613195999386653,0.00610640041310013,0.00611773755598482
"2020-06-25",0.000432547038561575,0.000446520701680426,0.000448164640248401,0.000454091731932544,0.000447242310000532
"2020-06-26",0.00150346780837697,0.00151963407692536,0.00154841034294427,0.00155558059641011,0.00155297150179498
"2020-06-29",0.00176180946995362,0.00176254631236467,0.00175116576394044,0.0017508656625976,0.00174481578863485
"2020-06-30",0.00315068325543516,0.00315705856988717,0.00318272775130522,0.00318966701123257,0.00320167691687481
"2020-07-01",0.00123624544577132,0.0012505457529996,0.00124511888361201,0.00124480260176305,0.00124965270854899
"2020-07-02",0.000237491289578656,0.000228123433369772,0.000161840234021609,0.000161932151823467,0.000161612622981821
"2020-07-06",0.00122483756654988,0.00123738387611784,0.00117989435206562,0.00118125414184808,0.00117553523546108
"2020-07-07",1.71020835719675e-05,1.71101351120551e-05,1.73523258656275e-05,1.72467740007841e-05,1.72361499179667e-05
"2020-07-08",2.27581095438981e-05,2.40926704459831e-05,2.20734693665798e-05,2.32932137648877e-05,2.18441008822409e-05
"2020-07-09",0.00278117200974093,0.00276317281095523,0.00274403075359403,0.00276169290281899,0.00276528470146722
"2020-07-10",0.00173068779478369,0.00174695779818047,0.0017909689473655,0.00178992731972033,0.00178578969748716
"2020-07-13",0.0084766082886936,0.00849550228157366,0.0083315253561649,0.00833902221387601,0.00832064645193941
"2020-07-14",0.00937050294745177,0.00933772416797601,0.00923249689590282,0.00923514711233993,0.00925450113576043
"2020-07-15",5.78557171164406e-05,6.32101848691342e-05,5.58219271440375e-05,5.67666810316127e-05,5.57964197301052e-05
"2020-07-16",0.00428259681148897,0.00429521732148915,0.00434179755443708,0.00435451969874202,0.00435080103993322
"2020-07-17",0.00704765764760999,0.00716562899391994,0.00720180802693998,0.00720145702392683,0.00719381945543679
"2020-07-20",0.00117550229551379,0.0011780883724441,0.00117749529564141,0.00117586462801947,0.00117290327521525
"2020-07-21",0.00129951843763708,0.00129990761925784,0.00131567874342762,0.00131550285530076,0.00131621507850785
"2020-07-22",0.00047876920756867,0.000475856709919762,0.000489520264834399,0.000490054096262785,0.000488267808317173
"2020-07-23",0.0161475458421704,0.0160269286237172,0.0158946681681875,0.0158958042181867,0.0158945830555169
"2020-07-24",0.0034831829436693,0.00342043681136309,0.00334605029275897,0.00334977367041347,0.00336556090126144
"2020-07-27",0.0104567430013573,0.0102873550282373,0.0103436807136268,0.0102877951557287,0.0102861374500853
"2020-07-28",0.000662861865799778,0.00064260018180543,0.00067332580034698,0.000677478472036362,0.000677567313651208
"2020-07-29",0.00112912638141702,0.00114909765562982,0.00115867731418736,0.00115213275396094,0.00115218631671569
"2020-07-30",0.000525697192535083,0.000527911423175833,0.000601267539266833,0.000607967554104509,0.000610902788937015
"2020-07-31",0.00802825963077461,0.00801936059237769,0.00793052568797566,0.00793382599265302,0.00793338459729603
"2020-08-03",0.000150464708558112,0.000140644483370785,0.000140072244848681,0.000141275059157136,0.000141877532702343
"2020-08-04",0.00446836616086666,0.00459705595977143,0.0046778602892441,0.00465999281507304,0.00466240224232176
"2020-08-05",0.00490362036454648,0.00496213513250898,0.00500322095329334,0.00499126666787844,0.00499128997823063
"2020-08-06",4.94848076959887e-06,5.58494513151933e-06,3.62377938685376e-06,3.6615706974038e-06,3.73021927403271e-06
"2020-08-07",0.000782833949240857,0.000760023572891866,0.000743108791787569,0.000743263180282982,0.000742793023632173
"2020-08-10",0.00165959838330719,0.00159467250624026,0.00153439141241683,0.00153452609085608,0.00152694620512911
"2020-08-11",1.23203816199028e-05,7.07596656968174e-06,2.47056431715221e-06,2.51299513463152e-06,2.45272385971119e-06
"2020-08-12",0.00319975591753149,0.00313894040628323,0.0031938573942786,0.00320244343481901,0.00318579158694331
"2020-08-13",1.79366621962004e-05,1.65876072123376e-05,2.05257089545484e-05,1.98489633754559e-05,2.00719208661464e-05
"2020-08-14",0.00163040467712169,0.00167661519867987,0.00167822265647401,0.0016864041788681,0.00169060782852266
"2020-08-17",0.00239014293070458,0.00242898106593112,0.00249841309814959,0.00249420992353122,0.00248858428307117
"2020-08-18",0.00034622788068887,0.000352497469149803,0.000359017728479841,0.000362657031767422,0.000367183786174372
"2020-08-19",0.000277960516322179,0.000274327670000697,0.000265009015621483,0.000261479075147706,0.000258322250440875
"2020-08-20",0.00206753731124626,0.00205643962026166,0.00208573583280856,0.0020744669439973,0.00208259649844228
"2020-08-21",0.00712584295898432,0.00711611537177869,0.00707148328512486,0.00705133034154797,0.00705697097218747
"2020-08-24",0.0151734076362432,0.015097268596009,0.0150552082618007,0.0151617083806389,0.0151134664760279
"2020-08-25",0.00192824094497817,0.00211739899414281,0.00219202633875635,0.00216111585455916,0.00215081301623489
"2020-08-26",0.00646766621374722,0.00624874280006727,0.00607234079530651,0.00603267102874873,0.00602078806218777
"2020-08-27",0.000382133615999954,0.000398461629235,0.000435351077537469,0.000444408708157945,0.000434814544346525
"2020-08-28",0.000922197197627915,0.000895206179681595,0.000871766462551417,0.00088037591228089,0.000869585767703848
"2020-08-31",0.0265285328891553,0.0267219400577411,0.0269463575057305,0.0269706912873742,0.026937391633133
"2020-09-01",0.00171161410504439,0.00187907614848562,0.00197365430899507,0.00198885346668573,0.00202283255389623
"2020-09-02",0.0776471521982396,0.0773169223164387,0.0771957457458844,0.0772153004606766,0.0771394371564347
"2020-09-03",0.0267048145335944,0.0262059298292405,0.0260596189345228,0.0263098416589384,0.0262578347637076
"2020-09-04",0.192681465386475,0.194177510452343,0.194300206728855,0.193816898833332,0.19384876478483
"2020-09-08",4.84583238617999e-05,4.00104231877783e-05,3.68312474555782e-05,3.72807200119625e-05,3.47900325084998e-05
"2020-09-09",0.0621789711510923,0.0630854272360061,0.062690516170635,0.0625877713581263,0.0626024370428893
"2020-09-10",0.000711344865253268,0.000619118631153785,0.000573509072737096,0.000554521486069615,0.000545118782978106
"2020-09-11",0.000522900692590568,0.00052433941700805,0.00050873545541521,0.000515234161085322,0.000498992824755197
"2020-09-14",0.0422042004090236,0.043030645105533,0.0426614954284781,0.0424315976257953,0.0425904888980164
"2020-09-15",0.00213189312535292,0.00217041297007271,0.00222104130796103,0.00221484470094693,0.0022132630101047
"2020-09-16",6.28850376650873e-05,7.77577175397621e-05,9.19743566703027e-05,9.28257592397083e-05,9.46928095797755e-05
"2020-09-17",0.00314163922085833,0.00311147823118549,0.00309285812445338,0.00307825883945035,0.00310697114795778
"2020-09-18",2.82347540635866e-05,2.20534764081858e-05,1.40202103448794e-05,1.31846776605204e-05,1.24306373898785e-05
"2020-09-21",0.0048839699521972,0.00496409537791235,0.00498863859860777,0.00502149893097574,0.00502999970171749
"2020-09-22",0.00926112466293031,0.00911025782559345,0.00902930920786536,0.00906335259994764,0.00908876698934986
"2020-09-23",2.29840631535584e-05,2.87239488518279e-05,3.56810706712972e-05,3.66065099618136e-05,3.9407316660699e-05
"2020-09-24",0.00362961655113583,0.0036544198739168,0.00363574153117373,0.00361727269580812,0.00358750629448955
"2020-09-25",0.0062460381903,0.00625800532162106,0.00627844990000406,0.00627981543195557,0.00619792478425703
"2020-09-28",0.00549811066694288,0.00559217357127291,0.00564216486265897,0.00563214295575494,0.00558732007403742
"2020-09-29",0.00878558171825354,0.00889683780518043,0.00882520613428892,0.00882762920540769,0.0087933669739207
"2020-09-30",0.000203816236347501,0.000201036507773228,0.000197723957375546,0.000197304474780381,0.000199736219592232
"2020-10-01",0.00175863492785517,0.0017089369148981,0.00169765052064799,0.00169869325517414,0.00168524930610788
"2020-10-02",0.00218393592429313,0.00227993203309748,0.00231452747286494,0.00231551423111947,0.00232669595482284
"2020-10-05",0.0218037919814192,0.02164136207229,0.0214972095461207,0.0214920022414369,0.0214929733676017
"2020-10-06",0.0158847989134301,0.0158916357651932,0.0159667282976857,0.01598296958979,0.0159494616214852
"2020-10-07",0.015632349133055,0.0155711945773063,0.0155576118793835,0.0155880935265739,0.0155106154550771
"2020-10-08",0.00515951147965582,0.00515885715406241,0.00518741569774937,0.00518983262084856,0.0051881305712564
"2020-10-09",0.00131981466341961,0.00130911491601578,0.0012669804562978,0.0012626016135602,0.00126580304081016
"2020-10-12",0.00440889300276081,0.0044933643557184,0.00450038057500675,0.00452362204915659,0.00450842977886003
"2020-10-13",0.0464947309331484,0.046317364202918,0.0462717847180132,0.0463575066471411,0.0462039211855939
"2020-10-14",0.00699093645615071,0.00734297544705723,0.0075827349302117,0.00749753328367243,0.00762411732206378
"2020-10-15",0.00182375079040073,0.00183975851673069,0.00187901952114472,0.00185595886454334,0.00188620802302804
"2020-10-16",0.00444885851554662,0.00446357584397778,0.00446224301869876,0.00446002415579645,0.00447138549312177
"2020-10-19",0.00185262340488161,0.00190934909895515,0.00189753664197142,0.0019052367425938,0.00193747829189301
"2020-10-20",0.00101946600455503,0.00100512020975327,0.0010167167922143,0.00101703110421659,0.00101258381945032
"2020-10-21",0.00255437341419453,0.00256272189080649,0.00256954789189196,0.00257155246696657,0.0026084800218659
"2020-10-22",3.5848825835323e-05,3.35073640693883e-05,3.7764830817225e-05,3.75964652694643e-05,4.11601962324935e-05
"2020-10-23",0.00318883584296699,0.00324085383634614,0.00329654477154662,0.00329521565611315,0.00332047007020826
"2020-10-26",0.00188813690501263,0.00189311270607897,0.00187671669122617,0.00182475263372302,0.00181780819386208
"2020-10-27",0.000500113155685994,0.000491586875857839,0.000516252188451048,0.000518159773939853,0.000518847953393223
"2020-10-28",0.00616058710928761,0.00616483421263935,0.00610143129916553,0.00615621714759916,0.00613897064631772
"2020-10-29",0.000263547586401962,0.000246188688527549,0.000238004746742415,0.000236565085715268,0.000222375911809332
"2020-10-30",0.01708257750276,0.0171644524392412,0.0174975823371008,0.017489950664364,0.017496511231006
"2020-11-02",0.00307075355796027,0.00304927883941286,0.0030857383138772,0.00307576597994553,0.00306751535078713
"2020-11-03",0.00750990665134702,0.00750527753285758,0.00750658591413827,0.00749907923290326,0.00750851784339226
"2020-11-04",0.00203014791542138,0.00203181074879554,0.00202958056729656,0.00204448829967386,0.00204490580505242
"2020-11-05",0.00378643290360218,0.00377184255024292,0.0036197135148682,0.00361331116594581,0.00363936502582275
"2020-11-06",0.000652412922334433,0.000650684285435371,0.000643627504732347,0.000639061953398383,0.000650598279385392
"2020-11-09",0.014126467581266,0.014126018833454,0.0141085078404809,0.0140682080644291,0.0140020941409033
"2020-11-10",0.00260692399735687,0.0030078735648672,0.00303169345881873,0.0029071874012611,0.00298277832162732
"2020-11-11",0.0194290116527905,0.0191842737884062,0.0192183677160546,0.0191152176422207,0.0190019542644682
"2020-11-12",0.00177872242516248,0.00179461075675165,0.00180849393158919,0.00189356475935195,0.00188933014146302
"2020-11-13",0.00691854463086254,0.00692481688534364,0.00698239833721285,0.00698723708021041,0.00698386523313527
"2020-11-16",0.00013240647241334,0.000132522610902272,0.000137444090735453,0.00013862671816333,0.000138561850539131
"2020-11-17",0.0015388492603434,0.00153971398666461,0.00153921838432041,0.00157151271165508,0.00155548908640507
"2020-11-18",0.000771135879761393,0.000768533161768714,0.00075834916139748,0.000764787045002995,0.000756633802398825
"2020-11-19",9.63627259491729e-06,9.6020777163365e-06,8.73320212885053e-06,9.43523235215595e-06,6.98886437943907e-06
"2020-11-20",0.00344557200967016,0.00344302214652059,0.00345314082146885,0.0034509098341923,0.00343325034254055
"2020-11-23",0.000586764669449024,0.000586735908989852,0.000597399474439426,0.000580527941372122,0.000578429691841045
"2020-11-24",0.000231608871497723,0.000235791294298981,0.000227420610507696,0.000225242031272545,0.000226728620756664
"2020-11-25",0.0011830689572074,0.00117720502527098,0.00117266803135929,0.00117841872105519,0.00117153855488083
"2020-11-27",0.00495706089006188,0.00495768041071948,0.00500198898877126,0.00500847512521969,0.00501338237296964
"2020-11-30",0.00854824565251408,0.00854074921707261,0.00856315876642939,0.00858100896651806,0.00856779411790648
"2020-12-01",3.73117355841675e-05,3.73710961990861e-05,3.79103453237092e-05,3.642405367403e-05,3.6104250412621e-05
"2020-12-02",0.000877655285963618,0.000879645652942124,0.00089231506359076,0.000888739114006097,0.000891108066080958
"2020-12-03",0.001924624530305,0.00192687651708119,0.00192130942114924,0.00192323370119331,0.00191142447169741
"2020-12-04",0.00093859360486428,0.000938349186235384,0.000948613687323402,0.00094984967639641,0.000941326323087019
"2020-12-07",2.09637186501197e-05,2.0979385725308e-05,2.38741579981583e-05,2.31593791135139e-05,2.23270692449186e-05
"2020-12-08",1.4119946434092e-08,1.18637721750037e-08,3.77808053558114e-08,1.02592809707084e-07,9.28419674070894e-08
"2020-12-09",0.0044970557440497,0.00449401873968039,0.00446718905290315,0.0044523718131371,0.00444321383255694
"2020-12-10",0.000148374291775809,0.000147596010538026,0.00014418936581649,0.000149906533672259,0.000148335503850561
"2020-12-11",0.00115688279831707,0.00117239605937387,0.00117960683108675,0.00118614291730709,0.00119273547600878
"2020-12-14",0.0014226924001124,0.0014236041565893,0.00146094717897197,0.00146314112062685,0.00146713586979395
"2020-12-15",0.000113281423265587,0.00011259960680955,0.000118010678479343,0.00011678585818026,0.000117212015554825
"2020-12-17",0.00273342097165984,0.00273252393574609,0.00272239136624851,0.00272594042340807,0.00272983402791945
"2020-12-18",8.76831906472178e-05,8.77825254618069e-05,7.56121828934332e-05,7.84637437752565e-05,7.79674657875798e-05
"2020-12-21",0.00260820862722689,0.00260393290465641,0.00261619075333408,0.00262185420738002,0.00262039325459179
"2020-12-22",0.00221550842235309,0.00221194618210843,0.00215145305632,0.00214626065299248,0.00214589106362771
"2020-12-23",0.00456064546011339,0.00456061266834256,0.00456341638477009,0.00453961948825024,0.00454974220962175
"2020-12-24",0.0035987577834113,0.00359171799157104,0.00369119508940703,0.00369226038225757,0.00369673030486665
"2020-12-28",2.23499837703482e-05,2.33813729582807e-05,2.75034714703753e-05,2.80659524492087e-05,2.73493747315945e-05
"2020-12-29",0.00188315561747479,0.00189636090096475,0.00191435488958721,0.00191534079155338,0.0019117786107841
"2020-12-30",0.000905700209007466,0.000898499880390692,0.000920765313348155,0.000918708360195248,0.000916974936434737
"2020-12-31",0.000518046263450952,0.000513633067819722,0.000534732411076207,0.000533798061910482,0.000535630083612022
"2021-01-04",0.0148160179208427,0.014811052220859,0.0147345267874717,0.0147331143606027,0.0147208369245529
"2021-01-05",0.002872917585646,0.00285118570427682,0.0028381932911964,0.0028485167910767,0.0028430581040983
"2021-01-06",0.00375080880843093,0.00375125439944267,0.00371248214814604,0.00370072452448051,0.00370461765932439
"2021-01-07",0.00548059136997344,0.00546594738044174,0.00542038556608785,0.00544069966722853,0.00543770064040931
"2021-01-08",0.0013712030083302,0.00137104859591165,0.00139286825031542,0.00121349316444295,0.00120851335230086
"2021-01-11",0.000176052131845136,0.000176047655383745,0.00019934561804713,0.000202370401812751,0.000201848950124782
"2021-01-12",0.000368546635894883,0.000372737200215031,0.000366744602246704,0.000353684966707008,0.000352479322406218
"2021-01-13",0.00162262480955957,0.00161886350371861,0.00165795033798426,0.00159694543294798,0.00159861046674514
"2021-01-14",0.000402831759194902,0.000403122142244566,0.000438789395523009,0.000438696236581721,0.000438378007962582
"2021-01-15",0.000292179838599507,0.000290981951473378,0.000294470361326685,0.000294737662459613,0.000295899309653225
"2021-01-19",0.00305104296175364,0.00304071858298963,0.00302445596804482,0.0030015090829521,0.00299772018441966
"2021-01-20",0.000109837314303923,0.000109523602223575,0.000107873555018203,0.000112932737230991,0.000113169727119766
"2021-01-21",3.3257622366268e-06,3.12936077684548e-06,5.40520008123979e-06,4.33227712331709e-06,4.37774854430799e-06
"2021-01-22",1.27204287838781e-05,1.22080741303582e-05,1.2642583279677e-05,1.25979046917344e-05,1.28324465642541e-05
"2021-01-25",0.051108662564869,0.0511131242508205,0.0503522335574906,0.0503246523264151,0.0503549442126566
"2021-01-26",0.00496167022998111,0.00493385354952116,0.00527624495902001,0.00530567908007224,0.00529896960110563
"2021-01-27",0.0105449720364479,0.0106669393143809,0.0106809722043558,0.0102535308614851,0.0102574987330108
"2021-01-28",0.00824688236335952,0.00822912438594714,0.00837344627121935,0.00837083361897167,0.00834174838960416
"2021-01-29",0.00951499546855403,0.00951212704479625,0.00889728944441813,0.00903602565678165,0.0090419499161857
"2021-02-01",0.0139805157044247,0.0142259722467865,0.0142507354639804,0.0140563639724094,0.014061068299915
"2021-02-02",0.016166225592259,0.0161960366528801,0.0161394311983545,0.0161421389717186,0.0161352949064057
"2021-02-03",0.00371148922515628,0.00371390520148866,0.00372367866418974,0.00369907658502815,0.00369901115986848
"2021-02-04",0.00197217725348342,0.00197111304515588,0.00196072635379814,0.00195052842637559,0.0019508260068022
"2021-02-05",0.000389226466204715,0.000384128998671853,0.000386580749167168,0.000396791532820032,0.000396472595583729
"2021-02-08",0.00194079767343635,0.00193917225550096,0.00193070414606464,0.00193541025526507,0.00194112910436334
"2021-02-09",0.000895708760298479,0.000891011794613203,0.000886950598741088,0.000879813173715187,0.000879635082208582
"2021-02-10",0.000343389660854732,0.00034540600897826,0.000349804031382439,0.000356955421804328,0.000358084514888909
"2021-02-11",0.00145870335344414,0.00145880853404214,0.00146024198108387,0.00144439747873653,0.00144292957819868
"2021-02-12",0.00157990526542166,0.00158185622505673,0.00158271524822367,0.00159070208853663,0.00159316188989684
"2021-02-16",8.59834742461468e-05,8.63954566245888e-05,8.60853953880338e-05,8.55570153271526e-05,8.51913082271485e-05
"2021-02-17",0.00347703030118159,0.00347651852515247,0.00347604474802284,0.00346527728016089,0.00346269778528767
"2021-02-18",0.000239758899617843,0.000239661984450509,0.000240131083209824,0.000238468831663775,0.000238745989702333
"2021-02-19",0.000445938052958155,0.000444810086655003,0.000441488831747661,0.000445405225894024,0.000445629989651242
"2021-02-22",0.00359864946514269,0.00359908250810061,0.00361465681673219,0.00360861010800259,0.00360844672622005
"2021-02-23",0.0528573667881104,0.052870445686571,0.0529410077341158,0.0529544580679056,0.0530020588826425
"2021-02-24",0.00329838839840806,0.00331933653132167,0.00332980515811232,0.00332851200002469,0.00333193712628584
"2021-02-25",0.00562055359026432,0.00562019550555311,0.00561996331195532,0.00561702724775581,0.005627681590276
"2021-02-26",0.00280366409832823,0.00280987224166455,0.0028184577612414,0.00281836769756161,0.00282234504936165
"2021-03-01",0.0168812325634654,0.0168652464328747,0.0168534092087875,0.0168537935330254,0.0168420995128462
"2021-03-02",0.000227015519953871,0.000226709619035913,0.00022385051257657,0.000223847438182083,0.00022403727186469
"2021-03-03",0.00047431262333282,0.000473068196667309,0.000473770230926356,0.000475090521406657,0.000475445382162579
"2021-03-04",0.0297748621810925,0.0297748605204326,0.0297753868969381,0.0297784044239636,0.02979154512561
"2021-03-05",0.000525057353684672,0.000524135608937416,0.000521042330007338,0.00051782488989057,0.000518579473689553
"2021-03-08",0.00433624232336907,0.00435036435885306,0.00434909653762207,0.00435783513432436,0.00429582547523053
"2021-03-09",0.0107644009679208,0.0107622353251512,0.0107542254550012,0.0107690744325972,0.0107621577932549
"2021-03-10",0.00037007099348962,0.000369718170264916,0.000369951119040628,0.000369478552702468,0.000369571150974039
"2021-03-11",0.00941637065415937,0.00942069091824972,0.00942253413097112,0.0094225170378794,0.00941082477203137
"2021-03-12",0.00225093246516041,0.00225371479435394,0.00225167886826556,0.00223131989387391,0.00223307980904505
"2021-03-15",0.00153778336455389,0.00155028554518736,0.00154774677841632,0.0015498683095682,0.00155430239454797
"2021-03-16",0.000167299004484035,0.000168899676588993,0.000169960284931674,0.000171998236843107,0.000170164258728104
"2021-03-17",0.000750568959142544,0.000746975217328306,0.000740400714348184,0.000740605708018267,0.00074186244284739
"2021-03-18",0.00129694190404849,0.00129848385664359,0.00130360251720807,0.00129953290392372,0.00129745364181989
"2021-03-22",0.00189941039478132,0.0018958363434701,0.00189787351785381,0.00189627696160034,0.00189792750042412
"2021-03-24",0.000141456291435091,0.000139839441391233,0.000141818180709132,0.000139959139004014,0.000138730042093275
"2021-03-25",0.00295371249960798,0.00296282706034851,0.00296446145005814,0.00296507294288559,0.00296145442592172
"2021-03-26",0.00180489449328449,0.0018037824956788,0.00179881417245114,0.00180504674346808,0.00182334148899367
"2021-03-29",0.000964035322445965,0.000962603037521943,0.000961708326192702,0.000961460867596518,0.000965448895346846
"2021-03-30",0.00224300855987208,0.00224853778474356,0.00225314215015808,0.00225336748797658,0.00224996075417999
"2021-03-31",0.00036055052489345,0.000360538219622974,0.000360886700891679,0.00036091530073915,0.000352904426924397
"2021-04-01",0.00221505039235582,0.00221138119465529,0.00220741792688145,0.0022082318763533,0.0021824179486699
"2021-04-05",0.000116348512254149,0.000117001901952127,0.000116209473996481,0.000116174372436738,0.000108826601454592
"2021-04-06",3.95308226543543e-05,3.91001008892004e-05,3.84151851353748e-05,3.86260140360069e-05,3.72709343625347e-05
"2021-04-07",0.000257048277216296,0.000254526972651455,0.000254718000136534,0.000255249991993782,0.000245331851058871
"2021-04-09",0.000384123496723426,0.000382432141062872,0.000381650115481115,0.000381440267603617,0.000366947690770217
"2021-04-12",1.4888093296295e-05,1.57130819606447e-05,1.36855129834074e-05,1.34563807954275e-05,1.32675710844149e-05
"2021-04-13",0.000113720010907647,0.000113411789720073,0.000109758064723974,0.000108259511765206,0.00010529782163182
"2021-04-14",0.000329644911147137,0.000330735296048218,0.00033360794061545,0.000333667936987794,0.00033261922082656
"2021-04-15",0.000574005310634305,0.000569978955024899,0.000569587376505735,0.000569565751632084,0.000568055942048264
"2021-04-16",0.00146465721230267,0.00145906851283228,0.00147448356003036,0.0014738405327053,0.00145151177678401
"2021-04-19",0.000474944932632206,0.000474160682720952,0.000473553725327325,0.000472486080996508,0.00047099165445233
"2021-04-20",0.000391605297944422,0.000392285057852859,0.000391161363440855,0.000390366985405004,0.000392592430708306
"2021-04-21",0.00104710819158465,0.00105481675940268,0.00104741039798843,0.00104169870176693,0.00105104814613502
"2021-04-22",0.00131766140474686,0.00131735486908188,0.00132049921714361,0.00133391887902985,0.00133171046026342
"2021-04-23",0.00339158065948769,0.00340107607007316,0.00340642956137477,0.00339557011352052,0.00340428885492607
"2021-04-26",0.000910459524635533,0.000962298530981168,0.000969638380581624,0.000940489464447424,0.000915671275206016
"2021-04-27",2.05439760680054e-05,2.03531032980705e-05,2.08945873523468e-05,2.41282217974017e-05,2.4199349774242e-05
"2021-04-28",0.000254246479628577,0.000260203310497975,0.000261322789282202,0.000253338155535017,0.000256861693213621
"2021-04-29",0.00478127645343997,0.00485947814650487,0.00486330588251525,0.00479463272849931,0.00476301366861806
"2021-04-30",0.00137192301228634,0.00130912481535726,0.00131413463558747,0.00136299123842659,0.00136694337107754
"2021-05-03",0.000894935954133385,0.000870619891320375,0.00088023286466635,0.00089170623029437,0.000870370304614905
"2021-05-04",0.00173246078224747,0.00175183822601011,0.00175450110168978,0.00174914489269472,0.00175831216071825
"2021-05-05",0.000577271961261285,0.000583746949954201,0.000581974553002805,0.000578351920123855,0.000587387387616701
"2021-05-06",1.24823415597324e-05,1.65538624003403e-05,1.61950623307313e-05,1.44569651427878e-05,1.47026883502304e-05
"2021-05-07",0.000321018393792133,0.000294129683473669,0.000295021144660514,0.00029336671151923,0.00029075480433
"2021-05-10",0.000276607537182771,0.000267960624107357,0.000265997776741447,0.000285735815891931,0.000281729369364189
"2021-05-11",0.00396721470960328,0.00394358610069722,0.00396608115702163,0.0039719484307391,0.00396470750270343
"2021-05-13",5.15511967673236e-06,1.47238865534777e-06,1.49668192183784e-06,2.08109284744005e-06,1.70591260109842e-06
"2021-05-14",0.0054844223886023,0.005592726243766,0.00560362461556423,0.00562437808300009,0.00564634295848623
"2021-05-17",5.82510102258109e-06,9.30655607640016e-06,9.38312002065954e-06,1.05616255393e-05,9.16849608720514e-06
"2021-05-18",0.00145509424558239,0.00140851811781372,0.00140846403456249,0.00140564102043118,0.00140925137066645
"2021-05-19",0.00221263545620203,0.00220478206978648,0.00220484955362828,0.00221161696716399,0.00222772283828247
"2021-05-20",0.00326517174264389,0.00339716130786566,0.0033971112230899,0.00338723735892269,0.00340409800241107
"2021-05-21",0.000203787882919108,0.000215574985316424,0.000215205544671588,0.000217229782801375,0.000211763099567302
"2021-05-24",0.0021665847579397,0.00218817250728558,0.00218426097660747,0.00219219514592639,0.00219529910238483
"2021-05-25",1.01395057576602e-05,1.11571316545169e-05,1.09852892378102e-05,1.1440350895504e-05,1.09897124134013e-05
"2021-05-26",0.00173464014747825,0.00170060243629204,0.00169921226066339,0.00170631237603137,0.00171679969183934
"2021-05-27",1.48735542194555e-06,2.38055940256757e-06,2.29028717569467e-06,2.29116804273515e-06,2.51267622047169e-06
"2021-05-28",0.000189970515120282,0.000201594244698805,0.000201917657705023,0.000207015362464615,0.000207075821666225
"2021-06-01",0.000533824754355405,0.000530464143214198,0.000536191093317729,0.00053656266848022,0.000535800174011161
"2021-06-03",0.000306200762001514,0.000297997228544226,0.000296924889780387,0.000297379753187353,0.000296223435192621
"2021-06-04",0.00172487786334745,0.00170709526431954,0.00170576895123905,0.00170627071677738,0.00170147881203472
"2021-06-07",8.85372416479805e-06,9.63687998477788e-06,9.59421792624252e-06,9.59605660881701e-06,1.07399210232451e-05
"2021-06-08",3.56992075174592e-05,4.41659171707914e-05,4.26734000309189e-05,4.14301585876949e-05,4.24606233851585e-05
"2021-06-09",0.00048973419700226,0.000479231787441403,0.000482622059728354,0.000480567116396667,0.000486343358673177
"2021-06-10",2.0274639798618e-06,1.79291868875288e-06,1.79253173477795e-06,1.57507367428215e-06,1.39304180401928e-06
"2021-06-11",0.000745250791184175,0.000786961407897218,0.000787232511943004,0.000802783637948775,0.000802848856742228
"2021-06-14",0.000294615245362187,0.000290356530013092,0.000290620690537461,0.000284756752002827,0.000288547632891443
"2021-06-15",0.000198669215262499,0.000179555008568353,0.00018063906343909,0.000182625296541428,0.000178185110989749
"2021-06-16",0.00378338090434864,0.00381573080733734,0.00381409933431789,0.00380367026525658,0.00380771779191306
"2021-06-17",9.0957013178655e-05,9.32556781110991e-05,9.32259025543583e-05,8.96976340261869e-05,9.02985317851603e-05
"2021-06-18",0.000200855000371812,0.000184949973428191,0.000184959378967827,0.000190049549823479,0.000193756830395193
"2021-06-21",0.000807826163337234,0.000873178968049611,0.000872888315100146,0.000862763481755944,0.00085643985261044
"2021-06-22",0.00057836705946115,0.00057449738001416,0.000574421417837384,0.00056864730989949,0.000565715125329322
"2021-06-23",0.00131956327568519,0.00129576494177352,0.00129521163653164,0.00130308438478599,0.00130383183186502
"2021-06-24",0.000348132949223039,0.000343702853633182,0.000344257491934628,0.000344484020269192,0.000343260872145086
"2021-06-25",9.93568696033136e-05,9.69869841210336e-05,9.69309790679377e-05,9.73880648876366e-05,9.67010949077266e-05
"2021-06-28",0.000379386127736271,0.000397860005274099,0.000397920128514576,0.000397763718709716,0.00039641788054331
"2021-06-29",3.13215162635819e-05,3.85913758859079e-05,3.86069511485601e-05,3.9939041827374e-05,3.98427521338577e-05
"2021-06-30",5.51450621188056e-05,5.80111136375578e-05,5.80110398054715e-05,5.91495718691705e-05,5.91158062715545e-05
"2021-07-01",0.000114688633189661,0.000108761616339115,0.000108600672373294,0.000107970005882332,0.000108195822308958
"2021-07-02",0.000175213106717139,0.000168732555275917,0.000168890064066584,0.000168409795247293,0.000168743244419897
"2021-07-06",0.00320636718580571,0.00327020644667362,0.00327068065786276,0.003273813787573,0.00326731681755705
"2021-07-07",0.000811622296266436,0.000804088871779917,0.000804535655400366,0.000800184386642515,0.000804425455464135
"2021-07-08",0.00199291969227666,0.00206906006435967,0.00207435765354229,0.00206346432013251,0.00205924676294002
"2021-07-09",0.00202664487690662,0.00203297791714905,0.00204135270046295,0.00205059014885627,0.00204685611854896
"2021-07-12",9.07790860971309e-05,8.12275609388165e-05,8.03049774997875e-05,8.01050113053476e-05,8.02078401857551e-05
"2021-07-13",0.000894204521055388,0.000884621741023234,0.000885055769173058,0.00088196246688314,0.000883367051416554
"2021-07-14",5.03707043125137e-05,6.27757519642386e-05,6.38107081186467e-05,6.42504342653572e-05,6.41596774182658e-05
"2021-07-15",0.000134094930966468,0.0001235951897943,0.000123148358299907,0.000125528200902697,0.000125819309185365
"2021-07-16",2.38739988371774e-05,3.48307168871067e-05,3.40528946327268e-05,3.31792617356567e-05,3.35043325882618e-05
"2021-07-19",0.00346116595818291,0.00348973042856801,0.00348537160770587,0.0034861042044295,0.00348699311440707
"2021-07-20",0.00199800264388077,0.00203950901265321,0.00204599222447907,0.00207177964022162,0.00207126517473637
"2021-07-21",0.00127385052192012,0.00137478637217749,0.00137063255100167,0.00138023472748265,0.00138027712303941
"2021-07-22",0.000739719008151645,0.000748072075720851,0.000752493643245696,0.000735739429910708,0.000736113234680557
"2021-07-23",0.00133355196706731,0.00137727175608638,0.00137340067075169,0.00137357423931658,0.00137285482186303
"2021-07-26",2.77108945025313e-05,1.92794436526353e-05,2.13362984285208e-05,1.35813082657843e-05,1.26747752965161e-05
"2021-07-27",0.00136244394359875,0.00137903298209394,0.00138287883959279,0.00137603053753096,0.00137349918100541
"2021-07-28",0.00789825856193366,0.00794713960798684,0.0079552584046726,0.00791574583527174,0.00791803281664711
"2021-07-29",0.0071361634344225,0.00707028685233604,0.00704173444626397,0.00697429173267539,0.00693724690059306
"2021-07-30",0.000173724775763609,0.000164287884512544,0.000163295969955829,0.000165770878453669,0.000168597490623479
"2021-08-02",2.07189483935233e-07,2.8615784610798e-07,4.33789229353675e-07,3.29494420275135e-07,3.68526532611079e-07
"2021-08-03",8.36157857315894e-06,7.14086047928864e-06,8.34921595552945e-06,8.00719544972309e-06,8.23563225369972e-06
"2021-08-04",0.000150984341534198,0.000151628463555117,0.000157047955239019,0.000164791387187779,0.000165016919745209
"2021-08-05",0.00108634096777874,0.00109925765246833,0.00117000233527534,0.00117496577684605,0.00116567786129766
"2021-08-06",0.000289976923929985,0.000287330480107492,0.000289667500598864,0.000285130839936511,0.000286140332212608
"2021-08-09",0.000197322938970974,0.000193788818274763,0.000194351657634257,0.000195820893188099,0.000197101325608781
"2021-08-10",1.44754825081866e-05,1.52904056786814e-05,1.69589650142687e-05,1.52749781531882e-05,1.49120722850769e-05
"2021-08-11",0.000107089062160894,0.000104583849999518,0.000104646584790759,0.000104823427064014,0.000105607180745693
"2021-08-12",0.000229719005849123,0.000221703586617783,0.000224070303951775,0.000219637266102327,0.000219966947244099
"2021-08-13",0.000158364407867317,0.000157236937450812,0.000157595328862865,0.000145645562882623,0.000146606210825393
"2021-08-16",0.0039928515514081,0.00399523136425862,0.00403437942883375,0.00403975750889265,0.00401672661799949
"2021-08-17",0.000862433231829336,0.000889041470161486,0.00091268370518708,0.000904996868453796,0.000903087464792023
"2021-08-18",6.1093981463902e-05,6.74828837741311e-05,5.83919367166457e-05,5.78520454700536e-05,5.82391602822946e-05
"2021-08-19",0.000766240918437178,0.000759172519643955,0.000778582524369879,0.00078339498342553,0.000789377560517209
"2021-08-20",0.00282602744424113,0.00289661552021324,0.00288722506933997,0.00289192349315676,0.00288442885035302
"2021-08-23",0.00200151340038385,0.00198818851616196,0.00205220447119838,0.00205848606730421,0.00206109690160449
"2021-08-24",0.000279707398370749,0.00028811817584873,0.000281104614114071,0.000274455455840908,0.000271814670414063
"2021-08-25",0.000441768698894884,0.000437902940437274,0.000423704365132202,0.000418072323354817,0.00041950396948141
"2021-08-26",2.6133397113837e-06,2.75063677051104e-06,2.29080032176301e-06,1.91447962895136e-06,1.50939465540326e-06
"2021-08-27",6.17948279912261e-05,6.47777753792781e-05,5.53874689048133e-05,5.84425318858152e-05,5.88786849432793e-05
"2021-08-30",0.000208775967672703,0.000223100184425473,0.000214636864563162,0.00021388632240298,0.000213384782208911
"2021-08-31",0.00037259292431226,0.00040093243398471,0.000401862703597765,0.000391790403117106,0.000380954291933718
"2021-09-01",5.85540230149341e-07,7.77884252092799e-07,1.53718624003144e-06,1.72729731082928e-06,1.70399653194881e-06
"2021-09-02",0.000230509151512953,0.0002297977592575,0.000234571493513287,0.000228734931303552,0.000226757662950397
"2021-09-03",0.000599756481936565,0.00058186956608489,0.000573437157502007,0.000587158779867107,0.000589202779773796
"2021-09-07",1.49871467939451e-09,2.87704250870738e-08,1.94834214438348e-08,1.54178840030359e-08,1.12046482806153e-07
"2021-09-08",7.8039392436388e-05,7.32899655937763e-05,6.9044619716519e-05,7.37146946819413e-05,7.48600776626279e-05
"2021-09-09",0.00011669798816825,0.000123216690512202,0.000120839507411905,0.000120258751507317,0.000122016858831455
"2021-09-10",0.0240599252772521,0.0241236190460719,0.0240025936724847,0.0239051770449313,0.0238805521808635
"2021-09-13",0.000730047168236719,0.000663941479180282,0.000641724631203945,0.000593461834631349,0.000626359132451761
"2021-09-14",0.000175785006734548,0.000189270969197246,0.00019092533549241,0.000183299744135373,0.000181173266125869
"2021-09-15",0.00188420168510607,0.00189093903747593,0.00187142376688367,0.00199138443266067,0.00200274805701345
"2021-09-16",0.000688087085316992,0.000697547460317502,0.000693998023899764,0.000692645909758312,0.000692832734270082
"2021-09-17",9.06687625799828e-05,8.58710514209258e-05,8.12857409662794e-05,7.92388475347791e-05,7.85199665502806e-05
"2021-09-20",0.0027256794536557,0.00274235190534479,0.00272900875397991,0.00272626298637649,0.00272475582753227
"2021-09-21",0.000487759762511184,0.000506243713167795,0.000509714791493593,0.000556781529720384,0.000547066785650109
"2021-09-22",0.00012413839616829,0.00012420459433138,0.000125623288612038,0.000132329646075825,0.000134180274092351
"2021-09-23",0.00181330709393603,0.00182838004227781,0.00183527611215228,0.00185198289866321,0.00185541169681218
"2021-09-24",0.00131610949595983,0.00131142889313391,0.00129269328274114,0.0012605426745935,0.00128068185208981
"2021-09-27",0.00016453276337257,0.00016778257370925,0.00016420628243128,0.000177497783077887,0.000173352628778568
"2021-09-28",0.00276950706179231,0.00285115544018516,0.00285983231375579,0.00283098914499203,0.00283520665510932
"2021-09-29",0.000211807658130229,0.000215644924907909,0.000217665326224589,0.00023757340669174,0.000224172900537468
"2021-09-30",9.41090236406715e-05,9.49338937553242e-05,9.35512877657528e-05,9.29953933655183e-05,0.000103220892857768
"2021-10-01",0.000441034983504192,0.000425107534348836,0.000426084149508926,0.000416778016147536,0.00041670752737317
"2021-10-04",7.89698862666193e-06,6.89990211245857e-06,6.96177009956396e-06,6.450877261544e-06,6.25632547899417e-06
"2021-10-05",0.0019202429686439,0.00194919118698422,0.00195426997668831,0.00201649322292388,0.00201866105906399
"2021-10-06",0.000282478823448314,0.000286581949491868,0.00028771504769214,0.000296903898349337,0.000286497615874255
"2021-10-07",0.00379423943670498,0.00381646950086462,0.00379347301306862,0.00383960341181475,0.00382301326967238
"2021-10-08",0.000208642606671358,0.000208509947307041,0.000210775960586344,0.000198387084860658,0.000210115463588811
"2021-10-11",0.000235807701807934,0.000234503512139326,0.00023269460293511,0.000247113930632991,0.000268030983016746
"2021-10-12",0.000438258906461016,0.000438392545038674,0.000442460673026831,0.000436142254108183,0.00043195635458557
"2021-10-13",3.66613397847486e-05,3.7490192313896e-05,3.76857918380818e-05,3.9993214106587e-05,3.93920944280855e-05
"2021-10-14",0.00320415607693149,0.00320432770228641,0.00321837852725591,0.00332769747753867,0.00334783003445957
"2021-10-15",0.000316655704648482,0.000317020924551141,0.000320236452921245,0.000317565783650176,0.000317347194181845
"2021-10-18",0.000122017167843825,0.000121914954684854,0.000120063930086733,0.000125658405247031,0.000118455214915834
"2021-10-19",0.000185074880114477,0.000184232040092023,0.000184725481750228,0.000176381489737448,0.000186204137245044
"2021-10-20",0.000253362637771276,0.000252737616838835,0.000252290800673237,0.000232894387629404,0.000239909473685139
"2021-10-21",0.000169866369978578,0.000171211335477663,0.00017340571824312,0.000174963795122227,0.000180021597066997
"2021-10-22",3.14097490861216e-06,3.08335117608609e-06,2.64918198994473e-06,4.72983176509474e-06,6.29769645409799e-06
"2021-10-25",0.000171444367567449,0.000158766166840861,0.000150293178478278,0.000206804092445092,0.000223381818534038
"2021-10-26",0.000423517173424281,0.000419847176117028,0.000413312653302108,0.000408403057216591,0.000404562213610612
"2021-10-27",0.000104623225806,0.000105562003259724,0.000104174368316872,0.000107659155028441,0.000107930213554779
"2021-10-28",5.81987179400411e-05,5.80779928543598e-05,5.61513783380582e-05,4.65594142216636e-05,5.80701129535803e-05
"2021-11-01",5.60282045125632e-06,5.4982123771556e-06,4.88374352413611e-06,3.00216067028673e-06,2.55984021285428e-06
"2021-11-02",1.57923876939991e-05,1.56639160659457e-05,1.73330708731875e-05,9.16265928685547e-06,9.76027244229249e-06
"2021-11-03",0.000347793977661589,0.000343887643907561,0.000347743299843347,0.000330542410691738,0.000335884296869003
"2021-11-04",6.14052337894213e-05,6.13062527191071e-05,6.10255271755724e-05,6.05637283628639e-05,7.05614043406034e-05
"2021-11-05",2.35822123339597e-05,2.35851093395399e-05,2.36457156320545e-05,2.19751326636234e-05,2.78543627861122e-05
"2021-11-08",0.00121942477468799,0.00121882610122286,0.00121908287415181,0.0012852624612689,0.001246613616387
"2021-11-09",0.00106934238267131,0.00106927680119438,0.00106886899638104,0.00103568281582367,0.00107624370816858
"2021-11-10",0.000439140385818773,0.000439130112308267,0.000439311499136703,0.000468001953687655,0.000457484556098692
"2021-11-11",0.00454116056536047,0.00454821895589908,0.00454496060576525,0.00452550963343888,0.00450946273988011
"2021-11-12",0.000114286467382527,0.000114208561231448,0.000114353399910531,0.000119336799116207,0.000117561037909024
"2021-11-15",0.000129045259825902,0.000129827354665503,0.000129691171429696,0.00013916167298172,0.00013757042245954
"2021-11-16",0.000211639316238822,0.000212621765349566,0.000213477712944615,0.000202570075053998,0.000162595844106891
"2021-11-17",0.00124127692268825,0.00123953333692199,0.00124496727415774,0.00123183748752286,0.00126543631344373
"2021-11-18",0.00531859444398455,0.00531759699834779,0.00531827201792323,0.00512520414137114,0.00512871275637861
"2021-11-19",0.000149223735197264,0.000150547821601162,0.000148413735450931,0.00014433156621867,0.0001231936175258
"2021-11-22",0.000990354732541483,0.000990955927618255,0.000991468318598097,0.000984492733299957,0.00102562407814388
"2021-11-23",0.00169705943050869,0.00169473594853927,0.00168763979233081,0.00166775754834946,0.00163841390755083
"2021-11-24",0.000915863879564976,0.00091467810067207,0.000914130762595521,0.000870981878073624,0.000877935308363402
"2021-11-26",0.000537393094776586,0.000538057570481183,0.000542827520991138,0.000559681858816095,0.000518755028831428
"2021-11-29",0.00049058082532816,0.000479540149180866,0.000479296456875643,0.000556547757326608,0.000557835225385145
"2021-11-30",0.00947878036525092,0.00947083202225748,0.00947111272395247,0.00892099339071162,0.00902442249354224
"2021-12-01",0.00076278522474092,0.000768037330752771,0.000778363589685553,0.000791157306054797,0.000825080786000901
"2021-12-02",0.00318499815750915,0.00318857396511301,0.00318829869056291,0.00314310522578424,0.00321151561049315
"2021-12-03",0.000646982426485368,0.000654454740599971,0.000654546092650147,0.000641898717529551,0.000756480769536093
"2021-12-06",0.00039008454387348,0.000359241565398629,0.000355467800938706,0.000325007640101907,0.000303556570689132
"2021-12-07",0.0101581003847663,0.0102118637936039,0.0102879768956708,0.0102270006314657,0.0102444099754671
"2021-12-08",0.000612585022275733,0.000630326538576134,0.000628887284179448,0.000667417861222425,0.000681888904285217
"2021-12-09",0.00016822333822521,0.000177074578867101,0.000177028046329059,0.000135283265305148,0.000154045067713239
"2021-12-10",0.00035600013963491,0.000370396439120424,0.000366465070542295,0.000294742193059676,0.000296345304834863
"2021-12-13",0.00471318463307629,0.00469733161443141,0.00469522653285271,0.0046571475662711,0.00461220522036923
"2021-12-14",0.000468866637779797,0.000420905224552573,0.000423496409357221,0.000364547903574854,0.000351692548827383
"2021-12-15",0.00268791179659883,0.00269291894235203,0.00268892263758128,0.00282139828493189,0.00283038785166779
"2021-12-16",8.30802250966896e-05,8.48314537504161e-05,8.5544389519316e-05,8.94576111320221e-05,9.57893905686591e-05
"2021-12-17",0.000699418892375625,0.000667743311941048,0.000658344325687656,0.000712971143517263,0.000706380252069889
"2021-12-20",0.000814705600820568,0.000795527446472476,0.000795454196038842,0.000804697277547696,0.000831964450908245
"2021-12-21",0.00898427984127011,0.008979735762343,0.0089385007076489,0.00898159001889892,0.00899502281284524
"2021-12-22",0.00272977669291086,0.00269064171797628,0.00269145180841034,0.00251743622909477,0.00248818699434142
"2021-12-23",0.00522680796370615,0.00527273904465714,0.00527341148967269,0.00498565381043108,0.00495060021302731
"2021-12-28",0.000460093843700282,0.000459387893811734,0.000458476858505436,0.00047618459204891,0.000473120614954546
"2021-12-29",0.00106622452622715,0.00112876077925963,0.0011290152898027,0.00111840083545797,0.00109673927472844
"2021-12-30",0.00103743980692549,0.00109096734829218,0.00108671808649355,0.00107236939377326,0.00107190939985828
"2021-12-31",4.44770919893682e-05,5.01556211599472e-05,5.0249297570852e-05,4.03481591294349e-05,3.89353589471798e-05
"2022-01-03",0.00101747542391282,0.00100564066322805,0.00100657489934135,0.000998586849508774,0.000974917567393699
"2022-01-04",0.000245288821660051,0.000260015711505278,0.000255183309921158,0.000261373674647013,0.000272955208915315
"2022-01-05",0.00224592331422017,0.0022778219284097,0.00228112248597925,0.00215574609944017,0.00217770805030149
"2022-01-06",0.00189374194614544,0.00191110000991287,0.00190198394471577,0.00184613605972385,0.0018736827666705
"2022-01-07",0.00158007985924385,0.00155933525371548,0.00155275473227889,0.00162818978484534,0.00161534725126465
"2022-01-10",0.00954413695676427,0.00954534568754826,0.00955293646628894,0.00973511233161895,0.00968589219442587
"2022-01-11",0.00262879976237997,0.00264933862885322,0.002623254911784,0.00278485166522787,0.00281282865933364
"2022-01-12",0.00254957792683051,0.0025342042205592,0.00252964550170146,0.00231166817319909,0.00232201909554419
"2022-01-13",0.000110361143902032,0.000107286924054261,0.00011064949614869,7.45572633185371e-05,7.95350495988131e-05
"2022-01-14",0.000285348202628271,0.000287218801387004,0.000291063801970817,0.000284153956735677,0.000300003153032996
"2022-01-18",2.52285337268996e-07,4.80185982367691e-07,6.95117670700003e-07,4.65082355496898e-06,5.66113627765226e-06
"2022-01-19",0.000137983012538583,0.000129884137358455,0.000126738634574033,0.000129735202253708,0.00012369716607741
"2022-01-20",0.000351453554309365,0.000341468201875876,0.000339005231860891,0.000322098691331163,0.000319175678434792
"2022-01-21",0.0132170168343993,0.0132868167418043,0.0132896433378888,0.0131892122291435,0.0131931967759633
"2022-01-24",0.0357878973507351,0.0359270353573164,0.0358806948818003,0.0357263314903358,0.0359253595477974
"2022-01-25",1.34649283243373e-05,2.35905748093777e-05,1.93984348221151e-05,1.06131780261443e-05,1.76941203198792e-05
"2022-01-26",0.00121894925421862,0.00130406801347769,0.001307553147235,0.000646819345382936,0.000669106613689868
"2022-01-28",0.00136871164697982,0.00131256402830986,0.00131679494272812,0.00119045539726094,0.00100168681260575
"2022-01-31",0.0146473246163889,0.0146774348130046,0.0146211557193131,0.0136425345872095,0.0134032622890074
"2022-02-01",0.000766885476349834,0.000774152266360805,0.000762756743166311,0.000674155785844831,0.000630566127408535
"2022-02-02",0.00194186901407688,0.00193214355329068,0.00191876590294928,0.00154597198452845,0.00153998891047835
"2022-02-03",2.9511308793373e-05,3.22551605718262e-05,3.3549783188446e-05,1.2789228633725e-05,1.19772811409427e-05
"2022-02-04",6.46624188827325e-06,3.39645052060516e-09,1.53862228175687e-08,8.11433984963666e-06,5.15466088438462e-06
"2022-02-07",0.00288803994272611,0.00283696039534125,0.00283320280796756,0.00280942688719205,0.00284565301501791
"2022-02-08",0.00096180556044852,0.000989565372532307,0.000999670133025713,0.000913169241487638,0.000890314096775508
"2022-02-09",0.00293232977198926,0.00305476462580407,0.00293342292447096,0.00291584434061673,0.00294702670672569
"2022-02-10",0.00263291641053697,0.00263956451055655,0.0026925970144815,0.00274315848876773,0.00269119843231699
"2022-02-11",0.0074293481518209,0.00757894578448269,0.00757115453508729,0.00763256199666655,0.00778181321262699
"2022-02-14",0.000145500139769056,0.000156798977406496,0.000144039991287328,0.000119714542385487,0.000127586963306071
"2022-02-15",0.0144618388652977,0.0144257836251153,0.0144449631282461,0.0144581525126413,0.0144456809306349
"2022-02-16",3.40285701298372e-05,3.15135490785492e-05,3.32341907343904e-05,3.29297777802842e-05,3.2195337678459e-05
"2022-02-17",0.00193235336970058,0.00187819700301556,0.00187111766975581,0.00182196865643714,0.00182361727487233
"2022-02-18",0.00131835929931569,0.00133082966347593,0.0013134978540198,0.00131750677598773,0.0013156378896543
"2022-02-22",0.00308526704706027,0.00317774889906697,0.00314906875667444,0.00318637809673862,0.00318675760559381
"2022-02-23",0.000564365537433873,0.00048640029179284,0.000493304902684981,0.000517448888454199,0.000512454491054034
"2022-02-24",0.0268995357674295,0.0268912533252512,0.0268114118736809,0.0268045070285682,0.0268200288785659
"2022-02-25",0.00898257423135568,0.00843960849619622,0.00843909803882347,0.0085782796024808,0.0085652959858886
"2022-02-28",1.5020021943552e-06,6.89104214689692e-06,7.00754747669853e-06,7.94024846150924e-06,8.01035437356753e-06
"2022-03-01",0.000113031337476732,0.000126965929465734,0.000133559597356485,0.000167213371864191,0.000165150923179086
"2022-03-02",0.0015391929359416,0.00144062753742768,0.00146057922478607,0.00168099408901612,0.00169091388813343
"2022-03-03",0.000482771616038562,0.000471252506558393,0.000481267330708694,0.000491561144163596,0.000485192535535861
"2022-03-04",0.000128802893919372,0.000158428452711092,0.000158415103184218,0.0002069903826747,0.000205849517562826
"2022-03-07",0.000484277524180759,0.000524260030706931,0.000528945469097204,0.000501269888024216,0.000501316055947324
"2022-03-08",0.017080906362717,0.0171861789702002,0.0172778369426563,0.0166957189258765,0.0167316514858678
"2022-03-09",0.0104379436999252,0.0104987690082088,0.0104304082813706,0.0113330214758577,0.0111855253824207
"2022-03-10",0.00128079687186693,0.00136124723568255,0.00134451525122682,0.00148195313722562,0.00147115736715202
"2022-03-11",0.000706827565538432,0.000778420320395321,0.00077027762338674,0.000804098582895529,0.000798107760843493
"2022-03-14",0.000864662069839151,0.000789644524884925,0.000779628610246755,0.000835902816139191,0.000833001281541345
"2022-03-15",0.00102745835293877,0.00119042164866732,0.00120282732059113,0.00134349738326709,0.00133745781066613
"2022-03-16",0.00273555780955644,0.00270655132419724,0.00271849326664066,0.00263502283766741,0.00264660270840946
"2022-03-17",0.00756640678662898,0.00730536517891886,0.00730181261312419,0.00733587599788845,0.00732215641868243
"2022-03-18",0.00177768344700627,0.00182266580915442,0.00184254640214842,0.00207197948842917,0.00211655593577934
"2022-03-21",0.000117613074160704,0.000172463203544896,0.000166871370798222,0.000229538851139018,0.00022177924008671
"2022-03-22",0.00287209637069986,0.00300785421421171,0.00300849093698976,0.00290264934225007,0.00285359424522982
"2022-03-23",4.53778727425846e-07,7.09333663962314e-06,8.55341774195388e-06,3.22948389430841e-06,2.47788251611411e-06
"2022-03-24",8.45638647543479e-07,1.61411822527179e-05,1.45537916089725e-05,1.38189173970152e-05,1.8028930209774e-05
"2022-03-25",0.000576367223458758,0.000696749186811684,0.00070477220973133,0.00070781945166955,0.000748181497815383
"2022-03-28",4.33233285177183e-06,1.24177099172054e-06,5.9982089094855e-08,7.79712415283743e-06,6.39381715048423e-06
"2022-03-29",0.000459588217118965,0.000486286288477874,0.000513705515273414,0.000469826323756704,0.000477553765343761
"2022-03-30",0.000710403330617909,0.000686892192237219,0.000685883228497165,0.00070137787091129,0.000697319487675144
"2022-03-31",6.01410115420157e-05,5.59492577337624e-05,5.47938634375029e-05,4.3289960013974e-05,4.10657645826868e-05
"2022-04-01",0.000108581392109849,9.25163768906117e-05,9.68710523209706e-05,0.000105837691149307,0.000103123477668981
"2022-04-04",0.00192528718755484,0.00199534583904988,0.0020234485822731,0.00199253307862162,0.00202206025185028
"2022-04-05",1.47374577039111e-05,1.23332340545499e-05,1.24078428602769e-05,1.22374677210347e-05,1.25062721581975e-05
"2022-04-06",0.00474524799351154,0.00470714984061278,0.00472119044101691,0.0045921235158746,0.00462227060260895
"2022-04-07",7.55892594987901e-05,7.74009148098854e-05,7.6255793307648e-05,9.36005005427952e-05,9.26774859475483e-05
"2022-04-08",0.000979089580981944,0.00100162870631367,0.00101516904885413,0.00108876006243151,0.00109545759542603
"2022-04-11",0.00016463260029155,0.000172465314524353,0.000172083995286329,0.000166942520002166,0.000168777100611374
"2022-04-12",0.00093565751333435,0.000913251109871573,0.000947395029256551,0.0008582022558462,0.000868602286305997
"2022-04-13",0.00275095619652275,0.00285226794277353,0.00285119803900849,0.00293292953662289,0.00293202844840736
"2022-04-14",9.27805923404645e-05,0.000103762458113275,0.000105433137792115,0.000108177574493913,0.000107026044369777
"2022-04-18",0.000490844842854502,0.000524759362800898,0.000520610628016735,0.000481693828171344,0.000475504197593087
"2022-04-19",0.000310202632934553,0.00034955512884591,0.000361570979322369,0.000396043249616069,0.00040562200271433
"2022-04-20",3.53231807690777e-05,2.90417487375378e-05,2.8443187896568e-05,4.45091171364466e-05,4.22751537893209e-05
"2022-04-21",0.000734772533548111,0.000732631684702785,0.000714461562904782,0.000773208961097709,0.000783510486547504
"2022-04-22",0.00040824510061557,0.000396951596040176,0.000385160241324858,0.000386756267343109,0.000386066630806035
"2022-04-25",0.011389561602473,0.0112376519468736,0.0113273158330236,0.0105111269190922,0.0104898494269951
"2022-04-26",0.00176628294115479,0.0016300709692787,0.00158508564201767,0.00148177855011945,0.00148060979729614
"2022-04-27",0.00448132752346915,0.00470943424266711,0.00468519397776261,0.0047658306721784,0.00476910261327297
"2022-04-28",0.000125311515140199,7.32709547484839e-05,5.95190085774602e-05,5.06377589317869e-05,3.30536675903273e-05
"2022-04-29",0.0015039120960685,0.00157316436722666,0.00180784428192696,0.00209600537494818,0.00208626745880721
"2022-05-02",0.00382490552368946,0.00502583918267638,0.00498872902712039,0.00604658147006014,0.00598624633323601
"2022-05-03",0.000162726307206713,3.65702043034396e-05,3.48911098552222e-05,2.93761690726544e-05,2.62618494031897e-05
"2022-05-04",0.00560410902223906,0.00555358728066419,0.00554480602031865,0.00509490606206374,0.00506008524774317
"2022-05-05",0.000360198733281029,0.000320372693869419,0.000356304012199112,0.000292669225507354,0.000273296797778793
"2022-05-06",0.00685044340985667,0.00746924992637814,0.00751140730626487,0.00760808788479742,0.00761766662191857
"2022-05-09",0.00225060360864618,0.00201944116869683,0.001963427549479,0.00184597066371081,0.00183912050107395
"2022-05-10",0.000442339466027168,0.000366562378694732,0.000329935051348397,0.00029150267134587,0.000269021404498449
"2022-05-11",0.000846292755781244,0.000936541364517738,0.00095052537394606,0.000815647132312694,0.000909190988421578
"2022-05-12",0.0169970341876039,0.017528482379094,0.0176621779257702,0.0178493841536382,0.0179770076750358
"2022-05-13",0.0381781935020036,0.038089405537937,0.0384077452639161,0.0394336157444103,0.0389072788131161
"2022-05-16",0.00015142267161266,0.00017114224706168,0.000174496425507645,0.000156998434677122,0.000116296203231973
"2022-05-18",0.00381691496216674,0.00422652435524233,0.00422744828596208,0.00440599018695272,0.00424689964019175
"2022-05-19",0.00795527316078508,0.00773900012197265,0.00774795126541123,0.00773642218790714,0.00769863403741891
"2022-05-20",0.00070531269012467,0.000747889857279427,0.000733751137946109,0.000688357005427499,0.000688472587799401
"2022-05-23",0.000258232547732179,0.000245676980669648,0.000254532317541741,0.000231058211130289,0.000234018179865934
"2022-05-24",0.000815592760114849,0.000948260319606487,0.000963913864938388,0.000965990176424011,0.000960704421094281
"2022-05-25",2.5406598719878e-06,8.512347430349e-06,9.1101381814004e-06,1.61113130296631e-05,1.6505953893511e-05
"2022-05-26",0.012691287262863,0.0129283268662464,0.0129345199726905,0.0129671040484045,0.0130081661675938
"2022-05-27",0.00657688291587639,0.00688571601807734,0.00690620605098958,0.00653108510183003,0.00656465380405016
"2022-05-31",0.00294411784481768,0.00273511621272954,0.00275428000089261,0.00290573699123838,0.00287637238648802
"2022-06-01",1.75247263008935e-05,2.14472028236647e-05,2.15378345442454e-05,2.73907227270397e-05,2.55305701058824e-05
"2022-06-02",0.00153735058299729,0.0015625214411023,0.00155308883424379,0.00157626634580908,0.00156752892884517
"2022-06-03",3.91869099160946e-05,3.05237856657828e-05,2.82128246039366e-05,2.61538983897159e-05,2.5046117463071e-05
"2022-06-06",0.000923407242830333,0.000842185147900574,0.000847807070640725,0.000781683294862725,0.000776308589208329
"2022-06-07",0.00104584275261123,0.00128864946151364,0.00128628400343159,0.00127086817233142,0.00127476698533738
"2022-06-08",0.00124360946085448,0.00129914035179338,0.00130446523207288,0.00118585385995947,0.00119043916208664
"2022-06-09",4.88557654622606e-06,1.09052255040337e-05,1.11914660545561e-05,1.03742104214676e-05,1.07570100048146e-05
"2022-06-10",0.00197621153407687,0.00200252093445759,0.00199625786951381,0.00194403753684402,0.00192498235761917
"2022-06-13",0.00793890394588199,0.00841914164381795,0.00842199692945489,0.00811108750346789,0.00815154607169465
"2022-06-14",0.000405022960931136,0.000343428178593669,0.000341599831462954,0.000455159471523213,0.000451921020812693
"2022-06-15",0.0194055328672024,0.0200052047062837,0.0199820325290565,0.0200157651225017,0.0201811501110678
"2022-06-16",0.00492054273664663,0.00441908060562836,0.00441308592575335,0.00482725744688769,0.00480259207992695
"2022-06-17",0.000312366342017448,0.000296051812055364,0.000296434968005596,0.000320949572627086,0.000320119608543554
"2022-06-21",0.00835282567113935,0.00804814233663436,0.00802586352236853,0.00811199721453783,0.00811558579632011
"2022-06-22",0.000299123090511584,0.000239866847493715,0.000239833555874476,0.000231447716337125,0.000231770050610086
"2022-06-23",3.61288682423803e-06,1.86526906391387e-06,1.69165576915801e-06,2.33089684806375e-06,2.39786905497427e-06
"2022-06-24",0.0089932475236341,0.00868912678186052,0.00871068329337485,0.00862943688405102,0.00862957752729834
"2022-06-27",1.18463610505091e-07,2.76026332928986e-08,2.79211380777303e-08,2.74793704739233e-07,2.83388177163624e-07
"2022-06-28",5.55039750108268e-05,5.21653989322784e-05,5.22654097917246e-05,7.06334506696831e-05,7.0959372771475e-05
"2022-06-29",0.000597079287129897,0.000651788834997245,0.000653655654500247,0.000725767360762851,0.000726574419926139
"2022-06-30",0.00070446412788591,0.000736489350275167,0.000733830533638128,0.000798931553929974,0.000797415853272618
"2022-07-01",0.000152801349614612,0.000141081044760808,0.000142126652967268,0.000151216296922406,0.000151542000549763
"2022-07-05",2.89562870723803e-07,1.01185940583951e-07,1.35833288372339e-07,4.69695268420298e-07,4.09048643398663e-07
"2022-07-06",0.000109015434296068,0.000145542797993984,0.000141950597440434,0.000189980191176949,0.000192198165212196
"2022-07-07",0.0134653636781644,0.0132715214825254,0.0132883002825297,0.0131340955454445,0.0131379326991927
"2022-07-08",0.000425944565306794,0.000307409459224381,0.000307425765044766,0.00026291153202842,0.000262986487454905
"2022-07-11",0.000174923993222449,0.000178917956436247,0.000187064244390471,0.000175118050059238,0.000174629561698854
"2022-07-12",0.00091812562305226,0.000965147924432473,0.000963489258878741,0.00102074120942646,0.001019867404389
"2022-07-13",0.00455261358108322,0.00434431049555954,0.00435423728185831,0.00409508851643508,0.00410190661715156
"2022-07-14",0.00037843409197215,0.000313625362659117,0.000318520244193684,0.000354447465354265,0.00035491676610348
"2022-07-15",0.00203196060641712,0.00207456527562724,0.00207710079289358,0.0022371216872373,0.0022389904760264
"2022-07-18",0.00038177269685119,0.000377909028647217,0.000377223898149248,0.000360733506068534,0.000359569054247051
"2022-07-19",0.0023801752321879,0.00257413042425923,0.0025866894565684,0.00275527693350547,0.00275082869778816
"2022-07-20",8.30615222834016e-05,0.000103282364871336,0.000103582883967295,9.04684376469249e-05,8.96905867625252e-05
"2022-07-21",0.000385182911274953,0.000405323621231674,0.000403114634083733,0.000399427504925725,0.000398924742379814
"2022-07-22",0.000427038413431979,0.000443741442987303,0.000453850384377759,0.000522225749312881,0.000522836343030313
"2022-07-25",9.10479480892148e-05,7.86100652250457e-05,7.77003295108e-05,0.00019348379295187,0.000192839478496177
"2022-07-26",0.00146893367803533,0.00149678108565568,0.00150258733076017,0.00150642796061556,0.00150507184152868
"2022-07-27",0.000162422839322092,0.000214322273485607,0.000214353738655007,0.000308763301361265,0.000308926989036132
"2022-07-28",7.2732819917661e-05,5.50251924749705e-05,5.54302545594689e-05,6.25946866645425e-05,5.2673775632862e-05
"2022-07-29",1.40539994255698e-05,1.3786113128745e-06,1.34817168659581e-06,2.45783907114863e-06,2.80582285220238e-06
"2022-08-01",0.000808564453254976,0.00080854831244858,0.000811227375235452,0.000829401954576791,0.000831492029002061
"2022-08-02",1.76394770252588e-05,3.85256757471979e-05,3.72685457464386e-05,6.18068675872859e-05,6.4296751891039e-05
"2022-08-03",0.00189166190096668,0.00180128695719681,0.00180683481216707,0.00157638729778782,0.00158750800313805
"2022-08-04",8.9869941291075e-05,0.000100800612334799,0.000100062444052146,8.12231574825791e-05,8.19909827733098e-05
"2022-08-05",0.000347604187314103,0.000437622444248445,0.000431959940230846,0.000496138361546215,0.000497956027720141
"2022-08-08",8.66391903328409e-05,8.03351710297306e-05,8.26155410807386e-05,9.15129332542917e-05,8.93482901110532e-05
"2022-08-09",0.00013108755028287,0.000155105792766224,0.000160065243943712,0.000171929969616551,0.000168606359470224
"2022-08-10",0.000646413115602644,0.000726854705417184,0.000723744737071086,0.000705244360338313,0.000722891775844804
"2022-08-11",0.000235908591531921,0.00023401734325676,0.000234179128761375,0.000257528548928735,0.000260651939990226
"2022-08-12",0.00123035734796769,0.00125019775159678,0.00124909327003587,0.00119670965235459,0.00120068343551816
"2022-08-15",0.000946831713005934,0.00107710818277624,0.00107745232595072,0.00108168174969364,0.00108870073424863
"2022-08-16",4.84442829193905e-05,4.50867133194209e-05,4.51367140610856e-05,4.0100738303138e-05,4.02232015961494e-05
"2022-08-17",0.00180818151746339,0.00177832663133035,0.00178199915058685,0.00181738133901152,0.00181563870654269
"2022-08-18",0.000720085149276116,0.000727435604129949,0.000722871420088451,0.000695264246627088,0.000691141826055522
"2022-08-19",0.0004439748749868,0.000501913815057224,0.00049774152547098,0.000439621106515408,0.000443019195140638
"2022-08-22",5.87383084702585e-06,7.48830540024573e-06,7.36435197649707e-06,9.74278811162374e-06,8.61044985776923e-06
"2022-08-23",0.000118770683135047,9.37532218714045e-05,9.42766842662863e-05,8.89827012070912e-05,8.86747176067099e-05
"2022-08-24",0.000585184658845299,0.000600699322070286,0.000600264068132619,0.000583711719251341,0.000580176324151582
"2022-08-25",0.000335077489478022,0.000392978987724474,0.000390217499390883,0.000393114487867838,0.00039054057436443
"2022-08-26",0.00779120661368337,0.0076948690563274,0.00771283353237041,0.00793250184903209,0.00792941773200794
"2022-08-29",2.43407344383357e-05,4.15885668872752e-05,4.25554908932632e-05,2.59659350167577e-05,2.43911833311422e-05
"2022-08-30",0.000558234271976257,0.00054453525148933,0.000543561977523504,0.000532567253032184,0.000526919703296363
"2022-08-31",0.000593327506892451,0.000596419886785776,0.000596680394650164,0.00060227721594824,0.00060395049218868
"2022-09-01",1.69311612333661e-06,1.25623826575227e-06,1.34036667104596e-06,1.74348382790767e-06,1.80668229735755e-06
"2022-09-02",9.54021857553233e-05,0.000121607990579811,0.00012489244852831,0.000124233924203709,0.00013033369473825
"2022-09-06",0.000489877005840516,0.000561127427007128,0.000560275222218304,0.000545012441070238,0.000543342813128929
"2022-09-08",4.49873238990855e-05,5.3274724539494e-05,5.39629914814264e-05,3.71981431921301e-05,3.81946845045284e-05
"2022-09-09",0.00778687197869922,0.00763354547922936,0.00763053266014415,0.00774680624490924,0.00773125071291817
"2022-09-12",0.000253212551086726,0.000223622962387524,0.000222452227334877,0.000205949741581726,0.000206153019000741
"2022-09-13",0.00109822451930476,0.00101737632726279,0.00108866223995684,0.00105492818295777,0.00105529361798542
"2022-09-14",0.000160105018103371,0.000170142133584673,0.000170298404001823,0.000174557837736294,0.000173933197069945
"2022-09-15",0.000192767977217478,0.000179157378294001,0.000185142254268731,0.000189003765576298,0.000189203515529378
"2022-09-16",0.00229060024054019,0.00232766831649811,0.0023239412437476,0.0022535751795878,0.00225914696760216
"2022-09-19",0.00120462896726365,0.00112407302054025,0.0011415519457009,0.00118441745515644,0.00119988992405847
"2022-09-20",0.000448323326393301,0.000367555128322981,0.000367779334156723,0.000346661214893867,0.000345305366640333
"2022-09-21",0.0213697623828222,0.0209162787310787,0.0208752756825432,0.0208264972813322,0.0208284138727374
"2022-09-22",0.00314667333448316,0.00289834329403413,0.00287629291010618,0.00295685808139222,0.00292486952958951
"2022-09-23",0.000820567210412652,0.000785112717099215,0.000785610856702209,0.000740231049652986,0.000736834857536074
"2022-09-26",0.000561508355166459,0.00062349701206606,0.000626635128102761,0.000615592154691504,0.000612264677671271
"2022-09-27",5.74893894734868e-05,3.90285915561384e-05,3.81522876416128e-05,5.00122444026554e-05,5.32653802431797e-05
"2022-09-28",0.00116423559555145,0.00128691416888326,0.00128158531352574,0.00126555402567716,0.00125494590839818
"2022-09-29",0.000151130359471885,0.000163483814295494,0.00016633906733659,0.000161920057578888,0.000171503798776241
"2022-09-30",1.60040436082437e-05,1.56206399717827e-05,1.5088940829361e-05,1.6560846832708e-05,1.67871672937274e-05
"2022-10-04",0.00565101562005398,0.00541328387737036,0.00538368095718896,0.00539850495767501,0.00539957639534501
"2022-10-05",0.000208149813643591,0.000171165947510803,0.000166102738581165,0.000124633412466042,0.000124060106780962
"2022-10-06",6.20657904427862e-05,4.96412073478116e-05,5.05574421413979e-05,4.14277271035397e-05,4.15593316044564e-05
"2022-10-07",0.00033984243907418,0.000322567074811761,0.000326813803566248,0.000312318918343048,0.000312859167087832
"2022-10-10",0.0010045291555945,0.000971625798886567,0.000968537993788041,0.000995765092032203,0.00100145988972078
"2022-10-11",0.000323787130182801,0.000299438018135501,0.000296280937635007,0.000257104303156639,0.000257329778391442
"2022-10-12",1.73396567337554e-05,1.06319107735195e-05,5.26977541579459e-06,8.03161185281881e-07,1.01245603909485e-06
"2022-10-13",0.0186286024820854,0.0186529165077313,0.0186616048726347,0.0186430745501755,0.0186117117593965
"2022-10-14",5.44261546476238e-05,1.88441006213114e-05,1.92898368110141e-05,4.84260254468087e-05,4.88473530438186e-05
"2022-10-17",0.0117403852344021,0.0111650727841508,0.0111477788920944,0.0114494078200644,0.01145138164249
"2022-10-18",0.0135599507281861,0.0136083275329759,0.0135309437706827,0.0135894983753264,0.0135914037141576
"2022-10-19",0.00330551039972751,0.00375038937821814,0.00382939852443467,0.00408194604330836,0.0039937524971162
"2022-10-20",0.00193585689570799,0.00218832677866575,0.00218542410411191,0.00236684681521983,0.00237069469386335
"2022-10-21",0.00060918902844497,0.00067182349723346,0.000675178601036692,0.000676056717664488,0.00068379806532591
"2022-10-24",0.000115639041419606,8.64565617000522e-05,8.62738841807874e-05,0.00024835601723999,0.000227017390459653
"2022-10-25",0.00680788019916147,0.00661666862801336,0.00660063703633209,0.0066165578247919,0.00660212250210957
"2022-10-26",0.000477477563093813,0.00048063363819658,0.000485766268196552,0.000644065840335982,0.000654470462357195
"2022-10-27",0.00037923020502257,0.000412206129375844,0.000413720095058066,0.000476104555467085,0.000468437443695187
"2022-10-28",0.00603821142129277,0.00668956031488097,0.00666625382777531,0.00742180964368766,0.00740991914745685
"2022-10-31",0.00179854522234031,0.00195502331832882,0.00194189222928971,0.00160256197001818,0.00155874343192672
"2022-11-01",0.000324047079987317,0.000352048186121886,0.000351470865446087,0.000250084628784113,0.000236957688547437
"2022-11-02",0.061992103276032,0.0613890005808331,0.0613531642918558,0.0611294398840735,0.0611948197660664
"2022-11-03",0.0171589970957308,0.0172314904955236,0.0173184381140483,0.0176401913033246,0.0179130159083085
"2022-11-04",0.0059235498570506,0.0060588472955821,0.0060590116886788,0.00601685841577336,0.00590980607104789
"2022-11-07",0.0054008508703259,0.00548796001579151,0.00544603037603765,0.00524374685710029,0.005117787453646
"2022-11-08",0.00172773741688566,0.00196352860266499,0.0019767248796482,0.0017563855232027,0.00176320996912448
"2022-11-09",0.00137363680892475,0.00151064500065175,0.00139203063650449,0.0012876144373709,0.00121688099460931
"2022-11-10",0.000129594827495864,0.000104972398687015,0.000119894206643991,0.000104000690638908,0.00010810782651628
"2022-11-11",0.000121288534054047,0.000138066638442953,0.000142109044641097,0.00012527664227547,0.000131870181787194
"2022-11-14",0.00287096816041388,0.00286717693815413,0.00277181068554805,0.0025889020761498,0.0025171472885568
"2022-11-15",0.00430159705268304,0.00416017033296942,0.00413156237755438,0.00425786418698831,0.00443525032044816
"2022-11-16",0.002706466317922,0.00276117781796403,0.00275179112809854,0.00292050612165045,0.00284684213293212
"2022-11-17",0.00125902540326849,0.00132174101760717,0.0012980522384702,0.00130736199668819,0.00121251700523145
"2022-11-18",0.000606753130349894,0.000707583666369075,0.000728152482086635,0.000579343968976566,0.000583776252717765
"2022-11-21",0.00202740594018025,0.00202757418565312,0.00201313565321092,0.00189813229968252,0.0018894863527477
"2022-11-22",0.00232098441664571,0.00239228848161962,0.00241426938501912,0.0022609126407456,0.00222584523510987
"2022-11-23",7.87425905175657e-05,5.95624261418023e-05,7.37343850538834e-05,0.00010682285778288,0.000112763013535639
"2022-11-25",0.0046659306270162,0.00490222260392315,0.00493739126402349,0.00520407204847086,0.00512513593498155
"2022-11-28",0.000588234406308247,0.000649244361658986,0.000624012558425411,0.000789642245933848,0.00080829182546061
"2022-11-29",0.00274287171323753,0.00267973458831692,0.00265190373222974,0.0026052906368499,0.00264538312094743
"2022-11-30",0.00474739171190206,0.00453450258012072,0.00435789509384786,0.00459526275526758,0.00462119836502772
"2022-12-01",0.00162453697773889,0.00164891215422876,0.00159157879818237,0.00171208346337576,0.00169834089264536
"2022-12-02",0.00200961508491626,0.00194447057827969,0.00183571228562301,0.00198171953762691,0.00198770357812057
"2022-12-06",1.65822907899163e-05,1.0585744630413e-05,1.13628225183545e-05,1.56334487874357e-05,2.03357693289856e-05
"2022-12-07",0.00102831526929726,0.00102468613293807,0.000993875951144579,0.000775553733853071,0.000770178461742901
"2022-12-08",0.000807762717675452,0.000877655261969409,0.000916010658342362,0.000851492970310416,0.000855703719939646
"2022-12-09",0.00134611291994208,0.00125760954871233,0.00121225823326333,0.00130467120332589,0.00129834099060613
"2022-12-12",0.00209599148983009,0.0022936852170262,0.00238102358779798,0.00232353332449008,0.00231795670986773
"2022-12-13",0.0140305412799617,0.0136814827616279,0.0140048836981886,0.0144292498764719,0.0144550277906209
"2022-12-14",0.0169195311766487,0.0173123736529246,0.0173945982510611,0.016798894916109,0.0167793373232599
"2022-12-15",0.0128111357139854,0.012439170822779,0.0124440520801545,0.0128369762782012,0.0128505827142687
"2022-12-16",1.48379459174351e-07,9.91950151515104e-08,1.39693681439707e-08,1.31712427389705e-05,1.09121215983499e-05
"2022-12-19",0.00434669154855329,0.0042737177190447,0.00426665817457242,0.00410161045018401,0.00405910100157929
"2022-12-20",0.000706579238563426,0.00069397069618239,0.00068163708962044,0.000739365245130675,0.00073164382250079
"2022-12-21",0.00163709298864861,0.00171875690061898,0.00176144484870794,0.00171224006937192,0.00169816922790397
"2022-12-22",5.55504012281686e-05,3.49798452848726e-05,3.14040434467833e-05,5.46605579567366e-05,5.52290262033649e-05
"2022-12-23",0.00159062879332136,0.00158969574185946,0.00158197725409918,0.00156917157046445,0.00158829797949708
"2022-12-27",0.00324853781923736,0.00333727813677361,0.00339930696555194,0.00328644178161885,0.00327317241567787
"2022-12-29",0.000434939322820055,0.0004628427280195,0.000473954529620301,0.00041749735202382,0.000416712271216805
"2022-12-30",1.86484703251308e-05,3.10325367083198e-05,3.72220967172097e-05,1.12127221345746e-05,1.11690008703959e-05
"2023-01-03",0.00341392454851917,0.0033347653583568,0.00329848214276424,0.00338121083765621,0.00342582065488599
"2023-01-04",0.00584737424836889,0.00588045328209325,0.00589809246204047,0.00563288935479772,0.00563646790236272
"2023-01-05",0.00144956892814706,0.00130322661318202,0.00130875926667654,0.000964557177934888,0.000951864592720356
"2023-01-06",0.000307694850847155,0.000327108123217647,0.000332884323269711,0.000245623314697276,0.00025577616693705
"2023-01-09",0.00428948927567468,0.00426831317059364,0.00427029770918891,0.00431466769337549,0.00432141818364316
"2023-01-10",9.26558538456842e-07,1.20916999358161e-06,1.33699525084169e-06,1.4319567433088e-06,1.14090272528839e-06
"2023-01-11",0.00256099690780881,0.0025947572000996,0.00259718081820787,0.00242697191599577,0.00244428094134123
"2023-01-12",0.00655394085643485,0.00643444747038259,0.00643561718740778,0.00685204863318396,0.00682751788187218
"2023-01-17",0.00292269121867674,0.00295537636887138,0.00295191005051536,0.0033723709663454,0.00333833268795735
"2023-01-18",4.42157806230243e-05,4.47520347714847e-05,4.34473384364275e-05,3.32021151688033e-05,2.86030484541715e-05
"2023-01-19",0.000184674072584491,0.000180057182655328,0.000179592466654068,0.000161272721440499,0.000158383715780311
"2023-01-20",0.000702592932880542,0.000707428712290151,0.000707392755675815,0.00110196170807642,0.00110004854695516
"2023-01-23",5.58216038148754e-05,5.47341406789561e-05,5.47283538308003e-05,5.30370200153641e-05,5.54908502339736e-05
"2023-01-24",0.00108995674526742,0.00113244613730704,0.00113539870936222,0.00101819812938032,0.00100524267652673
"2023-01-25",0.000456852988875321,0.000476613680851482,0.000474950429021654,0.000466771912503604,0.000467570182599481
"2023-01-26",0.00145916533799925,0.00146700164959121,0.00146646679603618,0.00144282300886349,0.00145228612432302
"2023-01-27",0.000775885431406737,0.000773449209455302,0.000772893718473053,0.000854220209621123,0.00085408374694857
"2023-01-30",3.12417654811348e-05,3.0954263095193e-05,3.12076805314778e-05,2.68011660929623e-05,2.46417815741079e-05
"2023-01-31",5.1875676210451e-05,5.11757060483157e-05,5.19647735989191e-05,0.00013538027691929,0.00013681001250238
"2023-02-01",0.0161722370733188,0.0161623326522322,0.0161826294540855,0.0167237324928639,0.0167486209712267
"2023-02-02",0.000606326977800845,0.00059539415049081,0.000592594939442905,0.000492137449356558,0.000494549995580587
"2023-02-03",0.0250867417824136,0.0251655729705763,0.025063633715287,0.0270295812401514,0.0268548122700157
"2023-02-06",0.00824046718189411,0.00824018516643655,0.00821773494016976,0.00714270610660771,0.00718352449541426
"2023-02-07",0.00108372777578114,0.00117481440945997,0.00125560198629177,0.00142132798841961,0.00144840632757306
"2023-02-08",0.00425650349205633,0.00424984818961928,0.00417988343038907,0.00383622937102883,0.00383349802831795
"2023-02-09",0.000689610817419948,0.000696437862522633,0.000683182589636709,0.000652978668523642,0.000660473690733682
"2023-02-10",0.000201175231289238,0.000198806580512953,0.000211375705538988,0.000148841803444057,0.000148638504896207
"2023-02-13",0.00375522976491103,0.00371853216988722,0.00369391621911279,0.00358088908284991,0.00357463775162127
"2023-02-14",0.00295297999368616,0.00294837838312129,0.00287686192669833,0.00297576960307675,0.002979615287689
"2023-02-15",6.28537992128812e-08,1.49729192435583e-06,2.12481986684871e-06,1.20191882389214e-06,9.20342580242231e-07
"2023-02-16",0.000863357695114208,0.000822577259571745,0.000860163155347939,0.000713914855390428,0.000723977161944512
"2023-02-17",0.00195397595874722,0.00194413691149655,0.00196244706508097,0.00198380489656632,0.00198974414092709
"2023-02-21",0.00145047149921887,0.00145666207127275,0.00140830612052357,0.00136692561507434,0.00136815804873624
"2023-02-22",0.000960676692729766,0.000904341342997208,0.000911014438840124,0.00102630194508327,0.001027056152581
"2023-02-23",0.0015376969084701,0.00150062723260559,0.00150005635755086,0.00157185875383503,0.00156879176548108
"2023-02-24",0.00027560568903086,0.000265204096571411,0.000265826151065076,0.000319857412572791,0.000318976955317252
"2023-02-27",0.00132075363474033,0.00135105213343301,0.0013574445867495,0.00143491434973238,0.00141824094728999
"2023-02-28",0.00104752347823185,0.00102024966350374,0.00103749960022544,0.00107504622741658,0.00106829377776269
"2023-03-01",5.40799583448135e-05,5.1351534644219e-05,4.84785461566286e-05,5.83358802582718e-05,5.77739884617046e-05
"2023-03-02",0.000200541070806659,0.000232914134220025,0.000233340751116011,0.000244969485328194,0.000245438370061394
"2023-03-03",2.40990750540149e-06,3.39440083103857e-06,4.59311493193887e-06,3.39338400068931e-06,3.37320363286885e-06
"2023-03-06",3.44182308055497e-05,4.22781133699038e-05,4.10549299655594e-05,4.56701342435783e-05,4.59072993337861e-05
"2023-03-07",0.000231165631837254,0.000286336195990018,0.000281141437263214,0.000302181493565277,0.000306199107793549
"2023-03-08",5.31506722489595e-05,5.37649746451173e-05,5.35472811485849e-05,6.92552565681633e-05,6.51242961033307e-05
"2023-03-09",1.33896403259525e-05,1.03213484868197e-05,9.46752747111412e-06,5.77317796286736e-06,5.07116380994205e-06
"2023-03-10",0.00590777878481854,0.00590840058195987,0.00586412881961434,0.00504030168245179,0.00503830160402504
"2023-03-13",0.000349791657240387,0.000313296832618019,0.000331157486938815,0.000110372917535673,0.000112756569370186
"2023-03-14",6.1387473889559e-05,5.41650391603533e-05,5.84204952627125e-05,0.000474199476653155,0.000535482291331882
"2023-03-15",0.00309335356135882,0.00295758370001339,0.00301762704528339,0.00275252455246846,0.0027477502824811
"2023-03-16",0.00136771413514961,0.00146071558825587,0.00141440889370282,0.00151164729004215,0.00152160929062401
"2023-03-17",7.96109255666151e-05,8.17027966408445e-05,7.56063878034614e-05,8.39011928734566e-05,8.48283938001698e-05
"2023-03-20",0.00142184981969461,0.0014542789039013,0.00143265088938274,0.00139918977930634,0.00138599499345592
"2023-03-21",0.00366630014792694,0.00369161413452409,0.00371126218182186,0.00361933563392306,0.00360298018313113
"2023-03-22",0.00430684639899003,0.00436037344882717,0.00434808832243707,0.00450369599734733,0.00451002527846553
"2023-03-23",7.62457797461159e-05,7.48724871464212e-05,7.13241474806506e-05,9.14105754738857e-05,9.11691065185604e-05
"2023-03-24",0.000367474830499505,0.000374213817146686,0.000377074255458591,0.000316725720994192,0.000319336059655268
"2023-03-27",0.00408810169915113,0.00415495050948429,0.00417037967115155,0.004112765140177,0.00408805283817075
"2023-03-28",0.00265470563084653,0.00262971782454419,0.00262680764847605,0.00282707314156897,0.00280309272542889
"2023-03-29",0.00209812991236296,0.00203691052625828,0.00211944484521916,0.00225388971101092,0.00226704543925626
"2023-03-30",0.00112631597685155,0.00108299345989979,0.00111727024955232,0.00120439357932472,0.00119740524359618
"2023-03-31",0.000622472631402527,0.000611081340089203,0.00062927835334916,0.00066346277737576,0.000663744443962179
"2023-04-03",5.50669026229116e-05,5.63901372260642e-05,6.21625255077983e-05,5.09408750287245e-05,5.14417254283967e-05
"2023-04-04",9.8721992074104e-05,0.000107289524710011,0.000119070757798693,9.10188278706289e-05,8.89963729767287e-05
"2023-04-05",9.87308982791918e-07,1.68791472056285e-06,1.50920731340453e-06,4.54153428400342e-06,3.92946501794488e-06
"2023-04-06",0.00025712137266382,0.000259971063116953,0.000250226980317028,0.000279925820220514,0.000282941832978687
"2023-04-10",7.87259684728597e-07,1.109951764147e-06,8.47158428204409e-07,6.49650229007616e-06,7.37861817398012e-06
"2023-04-11",0.000984562705445238,0.000964361229453759,0.000953121709780484,0.000873148398648778,0.000891094955338767
"2023-04-12",0.000703275330395934,0.000711841504444099,0.000672336450994988,0.00064553982055904,0.000663923678533514
"2023-04-13",0.000387082704208787,0.000410991535728348,0.000424081328150768,0.000445467898908106,0.000463330697182857
"2023-04-14",3.67272558645807e-05,3.47363584837397e-05,3.0468215668849e-05,2.88375214586105e-05,2.44741852355356e-05
"2023-04-17",0.000578881216900015,0.000574799779772714,0.000576585030759136,0.000694663953067452,0.000635642482149165
"2023-04-18",0.000151455387097605,0.000135892751436557,0.000141277070488402,0.000152089956161883,0.000140310796437618
"2023-04-19",0.000525022708249707,0.000533300323734624,0.000530782349133534,0.000462737873853769,0.000425704404584783
"2023-04-20",1.17357063852953e-05,9.32388953784989e-06,1.21566282202732e-05,3.49335138232887e-05,3.81504739519046e-05
"2023-04-21",1.45003564912852e-05,1.46268288862933e-05,1.12134169896608e-05,5.48087549410649e-05,6.51474214370167e-05
"2023-04-24",0.000651595361146251,0.000651141857258584,0.000671609175113303,0.000741999265356208,0.000776265545262938
"2023-04-25",1.30463565862853e-05,1.4130519014752e-05,1.25074877674503e-05,2.36059902259907e-05,1.97762030534292e-05
"2023-04-26",0.000349741407173257,0.000329389847963576,0.000329537216357074,0.000451743461359176,0.000440125757914285
"2023-04-27",0.000596466512045319,0.000638594044273487,0.000641275462423552,0.000498502933047332,0.000449428839033521
"2023-04-28",1.26640625525662e-05,4.88825770271942e-05,4.23746991081781e-05,8.73145526793908e-06,7.71925316815265e-06
"2023-05-01",0.000205840829178249,0.000232972705473096,0.000198701894390299,0.000184834275627876,0.000190459631981095
"2023-05-02",4.25899375985474e-05,3.38344627987293e-05,2.82663473543328e-05,3.88861294539219e-05,4.11616842113977e-05
"2023-05-03",0.00677866291027906,0.00659809256670679,0.00654477302909589,0.00622134743418855,0.00621189127064186
"2023-05-04",0.000204909517561591,0.000181422368294396,0.000224520401320867,0.000221311228956392,0.000218589978014651
"2023-05-05",4.12373952135279e-06,2.84344901248168e-06,2.47710788505469e-06,1.03088630447409e-06,1.12807402113741e-06
"2023-05-08",0.00126987106825795,0.00116642897657857,0.00118649523246415,0.0010649762295501,0.00108742749700613
"2023-05-09",0.00260006518408632,0.00249960744975008,0.00248350720408198,0.00233127112644236,0.00232256625545743
"2023-05-10",9.40182645503485e-07,1.0897839922195e-06,1.60287808389996e-06,3.50774446043098e-06,5.93832350369499e-06
"2023-05-11",0.00028193078507381,0.000310917325027261,0.000316191311408991,0.000410697076619136,0.000413356900152103
"2023-05-12",0.000294935290048408,0.000304692739235136,0.000306259772686154,0.000382241290061859,0.000387422151523693
"2023-05-15",0.000558206511073532,0.000542168362927095,0.000566842653158557,0.00055706803864156,0.000560578669563002
"2023-05-16",0.000236475281950394,0.000231654697216237,0.000250117674831547,0.000220776958547277,0.00022021641173056
"2023-05-17",0.000472876056742441,0.000454311504392921,0.000535496186931259,0.000431719732317211,0.00042367610236248
"2023-05-18",6.88001438277146e-05,6.45003908536176e-05,4.52664351207569e-05,2.87730686256609e-05,2.74977233331538e-05
"2023-05-19",8.22684319379844e-06,3.57972599248704e-06,3.97638198012703e-06,9.18959071455016e-06,8.72364284088105e-06
"2023-05-22",0.0002023244044954,0.000221904279962423,0.000236644844636577,0.000218005892499133,0.000221007142135483
"2023-05-23",0.000103500449210203,0.000103396603139197,9.75887436530289e-05,6.07273202247501e-05,6.19887830750554e-05
"2023-05-24",0.000168392372068052,0.000165078113329653,0.000158925165863783,0.000149701556567523,0.00015018563383869
"2023-05-25",9.94516218295615e-05,9.63193601174571e-05,9.00159871193102e-05,8.82907145351607e-05,8.74819412587739e-05
"2023-05-26",0.000542422144218339,0.000577009121998492,0.000556883532093572,0.000565554894626684,0.000559769011204901
"2023-05-30",0.000222637468511716,0.000224906909403995,0.00024682911627067,0.00015638734053855,0.000153885498712641
"2023-05-31",0.000731260316311053,0.00069301240851617,0.000749859463148263,0.000781753313956343,0.000784790444890772
"2023-06-01",0.000313871433072981,0.000313952323158509,0.000306308307728022,0.000270596830931274,0.000271889087576634
"2023-06-02",0.000245397097647016,0.00024176363194708,0.000143494868141811,0.000124923870182422,0.000125292781176837
"2023-06-05",0.0157729004213837,0.0156197359597326,0.0160101883394846,0.0160511318597261,0.0160455808830329
"2023-06-06",0.00100495133603211,0.00085165729811863,0.00091551470025901,0.000851713630843733,0.000848203882431965
"2023-06-07",7.58319063985585e-05,6.38256199286063e-05,7.77456804018149e-05,6.35242933350712e-05,6.86156033616345e-05
"2023-06-08",0.00103398092960123,0.00107171770330249,0.00112270899728025,0.0010949924745288,0.00110173276816286
"2023-06-09",0.000214142149824881,0.000220430783520947,0.000219668231156666,0.000211104963078955,0.000208610971509015
"2023-06-12",0.00139987325468272,0.00141606447076625,0.00143522043966155,0.00127224659706072,0.00128050390846285
"2023-06-13",0.000122995771814198,0.000115886811911565,0.000124597448265321,0.000132897029841107,0.00013636065480311
"2023-06-14",0.000605943137130189,0.000628374831853183,0.000635534572323486,0.000606738004830926,0.000605760595864597
"2023-06-15",0.000811248906717489,0.000857906865710385,0.000879201039376176,0.000904794240364979,0.000920024665329183
"2023-06-16",8.22647290692519e-05,8.02778216995923e-05,8.92267034790566e-05,0.000177913757829131,0.000178732640600911
"2023-06-22",0.000457009752303858,0.000478667147077729,0.000425959796169886,0.000409518960282396,0.000409240016874278
"2023-06-23",0.000101632568399242,0.000101626615607876,0.000115494268485115,0.000107731596017806,0.000104352903088876
"2023-06-26",8.55631098339782e-05,8.28216070721809e-05,7.81204333504772e-05,6.29288973889613e-05,6.30996011795205e-05
"2023-06-27",0.000378163598722982,0.000369637908756477,0.000325851799278313,0.00032101959240307,0.000333438398689287
"2023-06-28",1.65625148302324e-05,1.69315574494087e-05,2.61492000570784e-05,3.1097677025449e-05,2.93725149320842e-05
"2023-06-29",7.09684858568265e-05,7.07316989994834e-05,7.43309574885201e-05,7.2291986180996e-05,7.19017166885834e-05
"2023-06-30",8.26581073820813e-05,8.36422024361503e-05,7.94032386586078e-05,6.1805302226035e-05,6.48289408776764e-05
"2023-07-03",0.00100071899737489,0.00100029178572404,0.00103334774792613,0.00101844689234892,0.00102111717814302
"2023-07-05",4.65092828093387e-06,4.20971004668448e-06,4.54241885434091e-06,1.42988924564947e-05,1.23986316012654e-05
"2023-07-06",1.6339567646787e-05,1.6680698080827e-05,1.27352441593103e-05,1.18303138086873e-05,1.17461686567864e-05
"2023-07-07",4.69359063872302e-06,5.03101728825038e-06,3.65834692708584e-06,2.03584362589528e-05,2.04386676296102e-05
"2023-07-10",0.000453210518317531,0.000453622350203545,0.000440429676096183,0.000377516878393325,0.000378297976023046
"2023-07-11",0.000214239902988605,0.000211634606881112,0.000218746525599734,0.000138292804823183,0.000143353050899619
"2023-07-12",0.000259576230402814,0.000259776909403172,0.000244299080294643,0.00021645738569853,0.000218998030867655
"2023-07-13",0.00129769850724611,0.00130038260408094,0.00135018375498133,0.00132588115146696,0.00132195204507655
"2023-07-14",0.000185127876088623,0.000185304535406426,0.000199587717477005,0.000167010468318639,0.000167665831069753
"2023-07-17",6.42267754151356e-06,6.42321644437786e-06,6.16879083724303e-06,1.50599781358821e-05,1.52296830833735e-05
"2023-07-18",0.000111884442218423,0.000110238008833357,9.23391441910858e-05,0.000121129295325138,0.000121978435256969
"2023-07-19",0.018237661583803,0.0182170526136059,0.0184291334079066,0.0184184883928191,0.0183584611622458
"2023-07-20",6.40920283088373e-05,5.3704399443081e-05,6.83156443153962e-05,1.03995389299006e-05,1.11322958542271e-05
"2023-07-21",0.000146286153526132,0.000143109603183599,0.000119616385451611,0.000205631272759565,0.000206771003811083
"2023-07-24",0.000777487504143077,0.000786978443477083,0.000752371781712354,0.00118296218561516,0.00120892160605917
"2023-07-25",0.00222145334120143,0.0022086875200553,0.00218337023248229,0.0024013507051751,0.00240526783586898
"2023-07-26",0.0011897342862807,0.00118594961376067,0.00116722964722973,0.0011958004150028,0.0012237771578542
"2023-07-27",8.47190508329289e-05,7.9919061201928e-05,7.26841957860904e-05,0.000126397029973774,0.00012802734589684
"2023-07-28",0.000661804005720857,0.000762254236501685,0.000793088612519024,0.000501704097692898,0.00049917588509479
"2023-07-31",0.00147131721342067,0.00147295518674909,0.00152219572073615,0.00141856519608538,0.0014219906054425
"2023-08-01",8.0942276457969e-05,7.50086075076808e-05,7.79226614905196e-05,9.11873633051976e-05,9.17336293093294e-05
"2023-08-02",9.43462803207581e-05,9.60791640331948e-05,9.13761368993943e-05,0.000105341234234372,0.000104492445569804
"2023-08-03",0.000183438708960673,0.000187352262189288,0.000181824857428704,0.000161189093910045,0.000158256205969246
"2023-08-04",0.0180606047966606,0.0181755675956057,0.0183370246386503,0.0187748767540962,0.0187665008315784
"2023-08-07",0.000398243964363784,0.000486976434725915,0.000648147985966857,0.000970367412884265,0.000961986794453531
"2023-08-08",0.00259738267910049,0.00240315744139144,0.00222029120092657,0.00174606127913913,0.00174177396386945
"2023-08-09",0.000123743001316954,0.000113648866226526,5.5435121441606e-05,6.28783397894292e-05,6.20290582303398e-05
"2023-08-10",0.000304160302038869,0.000303417277866994,0.000343099151182017,0.000376305119499898,0.000373855013906031
"2023-08-11",0.000549948310182268,0.000546098076464221,0.000568618631096799,0.00072234889149082,0.000727466159149578
"2023-08-14",0.000783014059580989,0.000771791487864251,0.000825650547995735,0.000798807077379832,0.000802210908909033
"2023-08-15",0.000666791139389978,0.00066436335005529,0.000723327028580909,0.000661906123511985,0.000665395303723313
"2023-08-17",0.000848207830551122,0.000843226312564328,0.000847155072570397,0.000691726486912254,0.000691899475435065
"2023-08-18",0.000539998696263199,0.000578399861707546,0.000550447212521291,0.000559522608456984,0.000562100269562637
"2023-08-21",0.00153272197558138,0.00148601682974688,0.00152930341141063,0.00141833439409586,0.00142264051490504
"2023-08-22",0.000122695531020931,0.000117527762528518,0.000127675864458721,0.000108382997339765,0.000109833711378026
"2023-08-23",0.000140221472612777,0.000140026607973363,0.000149821633575348,0.00018914054121003,0.000189163313385731
"2023-08-24",0.000128934358626525,0.000136970572421117,0.000134853283892844,0.000147743379045387,0.000147458708141541
"2023-08-25",0.00272447013223933,0.00271064163528564,0.00265280526933236,0.00260099407510181,0.00265670492795224
"2023-08-28",0.000825708164097934,0.000827489034490996,0.000890738252248051,0.000998222820723814,0.00102217628412467
"2023-08-29",0.000453692158114436,0.000457610410403467,0.000508250907403702,0.000467948400978038,0.0004718441698927
"2023-08-30",1.07899214203725e-05,9.21218331518912e-06,1.08190251779279e-05,3.04986990647962e-06,2.48942717632517e-06
"2023-08-31",2.33001951545144e-05,2.08690325766035e-05,2.94713265348085e-05,2.7638769133843e-05,2.6823497847735e-05
"2023-09-01",0.00025634812125183,0.000249208683343396,0.000294035963687981,0.000338515947517595,0.000344347284200863
"2023-09-05",2.91472207767586e-06,2.01023729117872e-06,4.27758299558475e-06,6.62787606507742e-06,6.32462583331893e-06
"2023-09-06",0.00108254983992927,0.001072338459642,0.00103126348999346,0.000802957418815356,0.000815191929303923
"2023-09-07",0.00800222526530211,0.00811725750332339,0.00834200157427329,0.00849642815233765,0.00853727167539013
"2023-09-08",0.00193769271538838,0.00183013176664392,0.00186012081279359,0.00151381059966305,0.00153117511541692
"2023-09-11",0.00070265716656655,0.000680105050200716,0.000706409808843411,0.000682117960846509,0.000683882711094887
"2023-09-12",0.0058431918211739,0.00593173342746503,0.00590461717549383,0.00609861619353418,0.0060950326758911
"2023-09-13",1.8132790292024e-05,1.85247523829466e-05,9.97711817190322e-06,7.00259928245318e-05,7.35186454655303e-05
"2023-09-14",0.000930683613581126,0.00096155289989316,0.00105760582516617,0.000972814824990036,0.000962020947470109
"2023-09-15",5.54721760649177e-05,5.37529595871112e-05,4.90451276465199e-05,6.09956319126164e-05,5.92434803827164e-05
"2023-09-18",8.60738856491013e-06,9.49926596650142e-06,3.85816074405024e-06,3.5258163239156e-06,3.18596370086489e-06
"2023-09-19",0.000367493144975775,0.000346274707366604,0.000364065633270399,0.000405582437901754,0.000400193391524958
"2023-09-20",0.000775810912483069,0.000800420887373712,0.000753796448057419,0.000728241877314562,0.000731644927888014
"2023-09-21",0.000233286412119543,0.000227595023798559,0.000224980635044158,0.000170976743376157,0.000170567101594476
"2023-09-22",9.91149483953396e-05,0.000108211964573261,9.89425141900957e-05,0.000102769296152995,0.000103264541328229
"2023-09-26",0.000197320359652712,0.000197797468187227,0.000209736621092056,0.000268449139931719,0.000268240708700652
"2023-09-27",0.000311124605737199,0.000300893952676888,0.000259818046733981,0.000310723505374274,0.000313320660339429
"2023-09-28",0.00160365307901555,0.00160782135031033,0.00166389786625825,0.0015428885488865,0.00154060139152413
"2023-09-29",0.000266086348019819,0.000260294346130165,0.000257420755148623,0.000284833031088752,0.000283846605038245
"2023-10-02",3.79881073479014e-05,3.39946334267748e-05,2.99466150973281e-05,1.21983161755657e-05,1.27874907442008e-05
"2023-10-03",9.69065188533665e-05,0.000102983011708528,0.000102419245536442,9.41433665208981e-05,9.41547298232895e-05
"2023-10-04",3.08924648542313e-07,6.82542751515847e-07,1.58950121173111e-09,5.52400131266112e-07,1.00929739400984e-06
"2023-10-05",0.00118734584625897,0.00118766129224212,0.00117214497584873,0.00123139902213072,0.00124977744121933
"2023-10-06",0.000117560636361686,0.000110134259972834,0.00011928209319847,0.000124912169558134,0.000122705797553804
"2023-10-09",0.00172788460997781,0.00181372919014596,0.00181643235791796,0.00175667349764845,0.00175552910728748
"2023-10-10",0.00028459217446666,0.000303505952112459,0.000301371979590157,0.000271811030080283,0.000276412843524924
"2023-10-11",0.000522983573358797,0.000565278389272544,0.000599378616422068,0.000544272747385864,0.0005499032547253
"2023-10-12",2.09960842510609e-05,2.13547641642294e-05,3.70355919850158e-05,4.9717005847421e-05,4.80241342326461e-05
"2023-10-13",0.00013321577476661,0.000131023912140534,0.000144717510303302,0.000115842721519642,0.000114996620999691
"2023-10-16",5.7513726517471e-05,5.43201247972297e-05,0.000111847207029295,9.95367365931941e-05,9.63139372129641e-05
"2023-10-17",0.000237824616181335,0.000263336300092537,0.000273083305119088,0.000310105046502761,0.00031177057465967
"2023-10-18",1.25303955802335e-06,1.50436869867025e-06,2.04857765131391e-06,4.27827117868068e-06,4.69106066952967e-06
"2023-10-19",0.00159575261672053,0.0015563316564795,0.00155739299945749,0.00146131622369261,0.00145304507391273
"2023-10-20",0.00023672576969453,0.000268935198111732,0.000249353062798059,0.000671341190081845,0.0006608337542259
"2023-10-23",8.27820064351366e-05,7.38470333231473e-05,8.94356034461583e-05,3.75205206079952e-06,4.53559368574381e-06
"2023-10-24",0.000248752721847914,0.000244609194353502,0.000240002884743779,0.000221535218294823,0.00021844285973294
"2023-10-25",6.38845051098178e-05,5.82980338251104e-05,5.66349772204792e-05,8.75783888194586e-05,8.84552680779243e-05
"2023-10-26",0.00113985086506395,0.00115690165689287,0.001095802867587,0.00130564346198675,0.00128604365746657
"2023-10-27",0.000213975585920386,0.000144381727069644,0.000123288901617598,0.000194626019307665,0.000191726099051044
"2023-10-30",0.000555317044989722,0.00055982492250416,0.000572257675583691,0.000387236090304556,0.000377684822306597
"2023-10-31",0.00101697726789411,0.00101552676351442,0.000985067720869529,0.000696843048042328,0.000679011667329517
"2023-11-01",0.000129453632577475,0.000132854406200955,0.000259643910193369,0.000386238467933349,0.00039348154290401
"2023-11-02",0.00061220055356371,0.000613723388078196,0.000570014810917081,0.000597681691864986,0.0005978556102312
"2023-11-03",0.00175211847386347,0.00175503288563958,0.00177330963453475,0.00174627319334897,0.00175999458906938
"2023-11-06",0.00124602749950189,0.0012330967434366,0.00124117129562748,0.00114385180941039,0.00110058614673539
"2023-11-07",0.000869076241216291,0.000864690279741696,0.000928600435360673,0.000649606904673874,0.000633342588496628
"2023-11-08",0.000837421433233026,0.000798829938431986,0.000834121010641797,0.000738032331303972,0.000732153158437744
"2023-11-09",1.42720275492201e-05,1.22560823473534e-05,1.27130740154067e-05,1.85332626227296e-05,1.81867440795217e-05
"2023-11-10",0.00133867510083824,0.00136548498387199,0.00132098890562219,0.00134885033799598,0.00135246617768979
"2023-11-13",0.00116810690955816,0.00118486419096197,0.00118822360785128,0.00126843589891662,0.00129033907199414
"2023-11-14",8.54118225188626e-06,1.22908014136012e-05,1.29767031665145e-05,1.44121951524843e-05,1.95479992469097e-05
"2023-11-15",9.46700872057782e-05,9.13980014951041e-05,9.84866455689278e-05,0.000120226019306362,0.000121773142178237
"2023-11-16",0.000107385995511945,0.000102609947550628,0.000102705811828913,7.96374594380231e-05,8.20750223955627e-05
"2023-11-17",0.000390795721584369,0.000388869053912515,0.000371725967252111,0.000288930299860358,0.000286991094808051
"2023-11-20",0.000297649661657125,0.000293401612974218,0.000305393021467181,0.000325396143320035,0.000316003895462186
"2023-11-21",0.00017974865361996,0.000166891083995952,0.000149805977528519,0.000157383759003576,0.000157669154413397
"2023-11-22",2.89795526364462e-05,2.36046623144139e-05,1.95087544180457e-05,1.99366298008827e-05,2.03824046457288e-05
"2023-11-24",0.00162627554247521,0.00169945969520273,0.00175276880084558,0.00170438657302467,0.00170526034907633
"2023-11-27",5.80770169509788e-05,6.08585700547503e-05,4.10201385259968e-05,2.11059495247048e-05,2.028664584943e-05
"2023-11-28",9.18844769858664e-05,8.95260797764567e-05,0.000109492706188132,9.56209195615318e-05,9.54846432158504e-05
"2023-11-29",3.72015833720005e-05,3.7606608063544e-05,4.22923213630013e-05,6.18860506229719e-05,6.19402708386019e-05
"2023-11-30",7.05001609685586e-06,6.50925287794324e-06,7.67985902041757e-06,8.1496853154003e-06,8.08191550349298e-06
"2023-12-01",8.21918518442301e-05,7.9352141682872e-05,7.75873002610398e-05,5.40729723922134e-05,5.38490277072684e-05
"2023-12-04",0.000104680831644692,0.000109006084431938,0.000115870344592625,0.000123806410262239,0.00012393682087489
"2023-12-05",0.00235502782818121,0.00235947696029055,0.00235029727233684,0.00227398129149871,0.00227426813984476
"2023-12-06",0.000425256572743709,0.000415865363551126,0.00045556547006776,0.000858040020466951,0.000846164871375746
"2023-12-07",0.000252203857963162,0.000237934599092238,0.000235628802987957,0.000315800308664151,0.000309717050921111
"2023-12-08",5.80952304940559e-07,9.97907304803012e-07,1.75017892589087e-06,2.72943527270409e-05,2.47825447760848e-05
"2023-12-11",0.000413301222016149,0.000373394688228488,0.000361479646317252,0.000523174182565253,0.00052148272043959
"2023-12-12",0.000902418980989047,0.000911050501009785,0.000890567999137397,0.000610155617886657,0.000606574722793573
"2023-12-13",0.000132779820365602,0.000140638312002387,0.000145924074296246,0.00014253761527993,0.000143708438290695
"2023-12-14",0.000112871010083477,0.000128387284386731,0.000124289053836728,8.01992561667962e-05,8.08860068651513e-05
"2023-12-18",0.000484830102648108,0.000485666041854599,0.00047267695135042,0.000546848112027853,0.00054646742011279
"2023-12-19",0.00107331483066427,0.00104183512202486,0.00101493206925156,0.00100340601595473,0.0010035978673419
"2023-12-20",0.000115889166833438,0.00011255154398556,0.000108353688721335,0.000117615446871445,0.000117654831054684
"2023-12-21",3.07929157273863e-06,3.43262040057653e-06,3.52314865976394e-06,3.40322911921294e-10,2.19044013971181e-09
"2023-12-22",0.00105799542957364,0.00104841500684071,0.0010546800120439,0.0012328443432613,0.0012333537633001
"2023-12-26",0.00174822011859775,0.00175198143125048,0.00172594937865218,0.0016875421387593,0.00168833209325452
"2023-12-27",4.04411544480618e-06,5.26413455717457e-06,4.07250411980903e-06,4.99877452554103e-06,5.08896195258277e-06
"2023-12-28",0.000379329132628417,0.000377056800625636,0.000390191596273982,0.000410444079511118,0.000407477041699009
"2023-12-29",9.60317340730921e-05,0.00010526336145832,9.30244868674462e-05,7.13560525117036e-05,7.17012047689509e-05
"2024-01-02",0.00460103249560258,0.00465451028884002,0.00450331906492524,0.00438508899055218,0.0043902533999015
"2024-01-03",0.000172032471666031,0.000177616272963849,0.000190061589134685,0.000227792470114032,0.000228328742588489
"2024-01-04",1.19543932117496e-05,8.1837298244837e-06,1.44399441672598e-05,2.22353600852485e-05,2.21611001306852e-05
"2024-01-05",0.000933919775765825,0.000930104927584714,0.000953287738556685,0.000959549886613763,0.00096054165061015
"2024-01-08",0.000867227494560631,0.000865626082690716,0.000878157727596809,0.000749528023674209,0.000744416563929598
"2024-01-09",0.000334748519763561,0.000330896786826079,0.000320677764443059,0.000415462874038021,0.000417601839663128
"2024-01-10",0.000161282762301696,0.000173785133777801,0.000164763281948617,0.000128743011697758,0.0001299357071842
"2024-01-11",0.000512751998226909,0.000524365999239813,0.000542158897602562,0.000451652054121289,0.000447519496949479
"2024-01-12",0.000333575815656249,0.000327639518772628,0.000318581158228565,0.00033718839522551,0.000336794368019949
"2024-01-16",0.000974804518678209,0.000960354911685625,0.000932226589877166,0.00078262566528417,0.000782187487859826
"2024-01-17",1.1997801118242e-05,1.33730038653042e-05,1.44577516140542e-05,1.1645873472686e-05,1.35316749095836e-05
"2024-01-18",9.85979349263037e-05,0.00010242972640765,9.39105794439355e-05,9.34978396571828e-05,8.88662391488087e-05
"2024-01-19",0.000229513400540941,0.000222669345231067,0.000218057675757424,0.000195188770349967,0.000199134100089291
"2024-01-22",1.22619808343121e-07,3.26754661279257e-08,2.25278640211925e-09,8.62355402382685e-06,8.44480624251611e-06
"2024-01-23",0.00034101368183642,0.000336833186797065,0.000319684524516695,0.000232166484959523,0.000232857994129332
"2024-01-24",7.11698502931264e-05,6.89655227155713e-05,8.76576938368976e-05,7.86062374007133e-05,8.24726904679682e-05
"2024-01-25",0.00014996052075507,0.000144391728517945,0.000143650446017527,0.000143569079186231,0.000135115604730819
"2024-01-26",0.00044370379975887,0.000454517513793754,0.000464976144203464,0.000399207976178676,0.000411993818097086
"2024-01-29",3.10976586292346e-05,2.67715562012314e-05,2.70528468742394e-05,0.000335811784807279,0.000340150608979239
"2024-01-30",0.00108353622709764,0.00114234002680611,0.00110994440660142,0.000977267692833042,0.000998697456624154
"2024-01-31",0.00289448405281431,0.00292483730517107,0.00283409966720685,0.00322524507308753,0.00325989161714256
"2024-02-01",0.000111295916907618,7.26147699239001e-05,7.12094794296732e-05,0.000132819788851787,0.000122970647303372
"2024-02-02",0.00736576115685704,0.00652852664745396,0.0064082226607454,0.00712817301602948,0.00712664973719427
"2024-02-05",0.000720744169737118,0.000723197187278914,0.000757067302722977,0.000570185630724728,0.000533779320770466
"2024-02-06",0.0030235431775868,0.00288097424532717,0.0026384745850402,0.00233222761194133,0.00229305874063835
"2024-02-07",0.000539125241232246,0.00050319650828862,0.000399893004169276,0.000375720317304485,0.000375547346863806
"2024-02-08",0.00245966583508823,0.00242086163582521,0.00203829567051482,0.00187053125329527,0.00185588278887659
"2024-02-09",0.000519337371435146,0.000526121003329235,0.000425862191978729,0.000598492788656136,0.000582001503119567
"2024-02-12",3.81427121143109e-05,3.09742355934712e-05,2.75864021339567e-05,7.23489478543712e-05,6.62319673413826e-05
"2024-02-13",0.000768849266116728,0.000735110856874987,0.000729268796616346,0.000734129573233877,0.000754687521570858
"2024-02-14",1.35006273797451e-06,2.57395668589869e-07,1.43973932567075e-09,1.41450921063595e-06,1.45589124993601e-06
"2024-02-15",0.00031750692348024,0.000333896180269191,0.000320802757313993,0.000372068554236405,0.000370961401296578
"2024-02-16",0.000138296261486189,0.000120218683166366,0.000128180210570156,0.000108701475567689,0.000104453935973613
"2024-02-20",6.22758875006243e-05,6.288129519712e-05,6.51913170102584e-05,5.21953711275492e-05,4.53974417750048e-05
"2024-02-21",1.55435428138352e-07,1.15028151688141e-06,2.56136612802364e-07,7.51243948601754e-06,6.55660886956114e-06
"2024-02-22",6.97485158720677e-05,5.05579629171099e-05,5.76416779734585e-05,8.20471274534452e-05,7.92063452853435e-05
"2024-02-23",0.000829543108092128,0.000858136200714752,0.000868601802993523,0.000862622510282289,0.000863909994859689
"2024-02-26",0.000400915556217993,0.000423497906597514,0.000430910164736089,0.00036324982339662,0.000379014229185417
"2024-02-27",0.00134024645227253,0.00136312013738804,0.00131256626455243,0.00132674953246718,0.00132165518561269
"2024-02-28",0.000106719732003029,7.70186562622947e-05,5.75777355872315e-05,2.68805756310764e-05,1.93769463975616e-05
"2024-02-29",0.00119329951306592,0.00128863674667017,0.00127636505382623,0.00137304133679561,0.00134643018405567
"2024-03-01",1.07715599359308e-07,2.22431038413671e-06,2.55677978116968e-06,6.41357708338945e-07,9.63657118831591e-07
"2024-03-04",0.00187019960766493,0.00185196119043355,0.00189358536933705,0.00199717711879219,0.00195723145198112
"2024-03-05",0.000757579780899304,0.000818654189906669,0.000816703311989062,0.000969040637839847,0.000963914899682892
"2024-03-06",7.56263017668582e-05,9.65020292659745e-05,9.16838103069376e-05,0.000115548977468737,0.000117683569116992
"2024-03-07",0.000749250868268382,0.000827929585669106,0.000882326823506203,0.000915819131993056,0.000887773283275325
"2024-03-08",0.000645430612322428,0.000668372267905155,0.000729357983416558,0.000648277952793588,0.000657184965430744
"2024-03-11",0.000615133533596048,0.000625205571627156,0.000605160605973149,0.000710263584993848,0.00071380965156792
"2024-03-12",0.000496225992270211,0.000468789220059452,0.000482934678995175,0.000438834055227877,0.000446543009267414
"2024-03-13",0.00309607229779719,0.00332502203236215,0.00339060946801386,0.00307939850253472,0.00310950763026844
"2024-03-15",0.000682506473272809,0.000659616316035493,0.000623889461519459,0.00065066023836118,0.000641450150021095
"2024-03-18",0.000265026287024212,0.000296676140771236,0.000289848946965175,0.000201370237835098,0.0002027421199757
"2024-03-19",0.000839833206854285,0.000701310271384501,0.000735769823925198,0.00062188148168117,0.000620258220079151
"2024-03-20",8.08260460700803e-05,6.35223861865455e-05,7.60683873277289e-05,6.16423039747076e-05,6.14964399838175e-05
"2024-03-21",0.0036263386697121,0.00355285598880995,0.00348837009433412,0.00340503745844429,0.0033762145276375
"2024-03-22",0.00053800347709724,0.000446117705931293,0.000466727370138436,0.000420112897637505,0.000419450317393176
"2024-03-25",0.00157893214287517,0.00137610314957345,0.00136598256417562,0.00140546316892337,0.00140995527635587
"2024-03-26",0.000156554653430557,0.000161418039209512,0.000173615713057607,0.000192500280372598,0.000196732379247849
"2024-03-27",3.54192355556363e-08,8.28261846458247e-07,2.43344141756088e-06,7.31352602309744e-06,7.28027726726046e-06
"2024-03-28",8.66714734505833e-06,1.0643382555917e-05,7.30595029407076e-06,5.95265622641664e-06,6.20822019850162e-06
"2024-04-01",0.00253764169790769,0.00252464579697464,0.00264757341527271,0.00271917721659705,0.00270574381976576
"2024-04-02",5.31248245605945e-05,7.82375039240481e-05,7.08163430236244e-05,6.69719514219514e-05,6.55484492799935e-05
"2024-04-03",7.32606005526521e-05,5.52359599245361e-05,6.21770017491106e-05,6.07233473670556e-05,6.18655807960799e-05
"2024-04-04",2.45445448500297e-05,2.42079049526643e-05,2.08128621309201e-05,2.27754984302195e-05,2.28559271202193e-05
"2024-04-05",0.000112929448715873,0.000120179319616496,0.000130109557783827,0.000186984246361322,0.000186967429047802
"2024-04-09",0.000134124031473202,0.000145943929956707,0.000138822064572057,0.000171438062593072,0.000170572182721803
"2024-04-10",0.00047309291337118,0.000462784068797893,0.00043759077461761,0.000355728766972045,0.000356897743240307
"2024-04-11",0.000383251483963719,0.000346250532816996,0.000356282811775078,0.000294307705915236,0.000293158752852858
"2024-04-12",0.00261907227366282,0.00267673727120247,0.00274801669502214,0.00280055550876998,0.00279971308062756
"2024-04-15",0.000668864326116249,0.00074200473953401,0.0007211811383079,0.000765172415767139,0.000767825566922194
"2024-04-16",0.00144844090414028,0.00150207951514243,0.00153763219799534,0.00146008984345106,0.00146301275801755
"2024-04-17",0.00159030553242298,0.00158177353310403,0.00160556487634237,0.00162309792613737,0.0016210605293963
"2024-04-18",0.000847221872614265,0.00088704156793554,0.000884427514707492,0.000876281261183267,0.00087801062648533
"2024-04-19",5.06002697313101e-05,5.08313901850402e-05,4.63028160528111e-05,2.78127270357928e-05,2.77344612346335e-05
"2024-04-22",0.000757868640615093,0.000795305711214619,0.000713541912567577,0.00101922550392473,0.00101230442902807
"2024-04-23",0.000541569002224695,0.00054699051391445,0.000545188946957179,0.000633171351667408,0.000630996647786065
"2024-04-24",1.24978120614198e-06,1.63359829403635e-06,7.61394054114373e-07,5.8881524603119e-07,6.33528101707208e-07
"2024-04-25",0.000577001098269487,0.000560259947165232,0.000521948697524057,0.000563246919290086,0.000572184147413681
"2024-04-26",0.00139110385525122,0.00164330784967734,0.00168571556988151,0.00140878510787454,0.00141113558250316
"2024-04-29",0.000572473846355098,0.000557134587881541,0.000586354024360699,0.00060047798410271,0.000600782221648522
"2024-04-30",0.000396186512006892,0.000453666103659984,0.00047980306179351,0.000524426355426747,0.000526256753718266
"2024-05-01",0.0027314252786709,0.00279125717144819,0.00283290749320385,0.0031129197705721,0.00311765355445204
"2024-05-02",8.71875400400554e-05,0.000100349328274334,9.50521269943738e-05,0.000108522051886607,0.000107156346226391
"2024-05-03",0.00384576707933492,0.00384926364333659,0.0039247958859067,0.00411424598661185,0.00411129908611075
"2024-05-07",0.00283964744515053,0.00261846958012274,0.00206208145463044,0.00187682655567536,0.00186742806618745
"2024-05-08",0.00375263042013639,0.00357236619034504,0.00333338546724542,0.00300932316217172,0.00301100410016453
"2024-05-09",0.00155592398931363,0.00147308774573313,0.00141712148245362,0.00138182548001534,0.00138417352621046
"2024-05-10",4.15691964802412e-05,3.03585932860891e-05,3.2120679745265e-05,3.30262017097153e-05,3.31310333103526e-05
"2024-05-13",0.000150002100576102,0.000149116769451912,0.00015322607940517,0.000156832235040321,0.000156639567335569
"2024-05-14",9.64125832761447e-05,0.000108869834053212,0.000148504653619977,0.000135392102149883,0.000134127634668273
"2024-05-16",0.000244660068541074,0.000259149061868558,0.000283841605437809,0.000278583485069598,0.000278704970120424
"2024-05-17",0.00055779105751344,0.000588341950791497,0.000584072819716863,0.000568798726340379,0.000570864172502082
"2024-05-20",0.000172995946365209,0.000184447317808666,0.000214610516762081,0.000221368404102818,0.000220982564460307
"2024-05-22",1.97986238636051e-07,9.1432164006549e-07,6.99194393395902e-06,6.99186667901968e-06,7.16297300787596e-06
"2024-05-23",0.000441479261478552,0.000435683367534552,0.000405242499116602,0.000403273458218638,0.00040235423615952
"2024-05-24",0.00031578070580091,0.000312333239273114,0.000292825909233831,0.000335035874963072,0.000338815550818203
"2024-05-28",0.000278635644846323,0.000322124072168702,0.000303349103993038,0.000289184046487971,0.000288339159616665
"2024-05-29",1.24142505379744e-05,1.0302707335952e-05,1.42463989814712e-05,7.57084788286977e-06,7.61119431644352e-06
"2024-05-30",1.83007086039936e-05,1.92611944812381e-05,1.80504780178102e-05,1.99620836498726e-05,2.05617850984659e-05
"2024-05-31",0.000870698804047786,0.000885853276195303,0.000859647249008027,0.000846108550555999,0.000847771295036944
"2024-06-03",0.000190418197426552,0.000189226767587654,0.000186160516185027,0.00019946629431385,0.000202055103461819
"2024-06-04",0.000285042910863686,0.000303445208536887,0.00026462257694818,0.000309231490375821,0.000309540388639947
"2024-06-05",0.000506830501463654,0.000544879092679454,0.000552876273564734,0.000574514048236578,0.000575518467419966
"2024-06-06",0.000907435021526669,0.000921935374465082,0.000921838966679601,0.000952555853484244,0.00095219836516341
"2024-06-07",1.17864856982905e-08,1.29123570969389e-07,4.8125947362638e-07,3.51038603229662e-06,3.52544370726523e-06
"2024-06-10",0.0320368453575196,0.0319934056407383,0.0318881932171032,0.0321825744439678,0.0321920537411101
"2024-06-11",0.0046987512758034,0.00504515359349796,0.00479826713621972,0.00520439374281039,0.00522024966616903
"2024-06-12",0.0304123029898769,0.0307099476068451,0.0302113533677319,0.0300733823753062,0.0300729729761447
"2024-06-13",0.00189205851762764,0.00183452644049116,0.00208271847708913,0.00204920358425458,0.00204835355118086
"2024-06-14",0.00414141050100135,0.00398643869093802,0.00409173185184894,0.00394257216604315,0.00394892908508862
"2024-06-17",6.24990885230709e-08,2.32413669537567e-07,8.85684403415645e-08,1.05523791119297e-07,1.00505907634873e-07
"2024-06-18",0.000454518939283069,0.000446212336507845,0.000435681208857735,0.000366032805895201,0.000365235295845511
"2024-06-21",0.00147083123149435,0.00146940386398678,0.00150674611616855,0.00163108859773107,0.00163105522935144
"2024-06-24",3.48390337962585e-05,3.45884944035778e-05,1.8173133723943e-05,1.93546018589345e-05,1.94218899865303e-05
"2024-06-25",0.00238796708893291,0.00237849550978948,0.00234611606227326,0.00216549523493745,0.00216510203536034
"2024-06-26",5.18451226821275e-05,5.47517823901008e-05,1.84703271460875e-05,1.16601807078402e-05,1.16446745972365e-05
"2024-06-27",0.000549904530373152,0.000552632102303358,0.00055466531166022,0.000548617466284934,0.000548517131377228
"2024-06-28",0.000421697145101393,0.000423199615554692,0.000467903073455974,0.000456735939797655,0.000456873713618548
"2024-07-01",0.000660910917084195,0.000642913499549474,0.000651787397169823,0.000579435216482954,0.000578952277519671
"2024-07-02",0.00062460463948478,0.000627645076293937,0.000601584830631545,0.000575235274425444,0.000574261697083565
"2024-07-03",0.000107659656560665,9.14909041312598e-05,8.82587039601976e-05,6.61232842707613e-05,6.7189333583183e-05
"2024-07-05",0.000653118379210772,0.000606757923002084,0.000650323275328585,0.000603815567456654,0.00060562589560491
"2024-07-08",2.67139819143765e-06,1.79909707006888e-06,1.23415410172193e-07,4.4051719719446e-07,6.06041076463896e-07
"2024-07-09",0.000173014902295542,0.000166093429950964,0.000170292893144606,0.000209457072433513,0.000202396021383693
"2024-07-10",7.53487808201259e-05,6.4188205095078e-05,5.56043425092295e-05,5.25829517765898e-05,5.43086581538369e-05
"2024-07-11",0.00459070004175601,0.00455746159927958,0.00476889268606698,0.00486644940187679,0.00484807250353428
"2024-07-12",0.000312005054731412,0.000318528168014889,0.000280830083622625,0.000289271844023943,0.000295883646479645
"2024-07-15",0.000932638151132847,0.000878090705657978,0.000907121872279747,0.000996664640331235,0.000992897875654258
"2024-07-16",0.00141409887456276,0.00142798674265425,0.00138935357146815,0.00139722394118344,0.00141073017245759
"2024-07-17",0.00061434525469412,0.000598218672926028,0.000634839999046374,0.000644628929421498,0.000645137854128952
"2024-07-18",0.00404250597731404,0.00403245680935693,0.00447254238520992,0.00438306701893708,0.00439445196405462
"2024-07-19",0.000419320292892573,0.000404393356971639,0.000303747274007297,0.000343087743013891,0.000344086714841271
"2024-07-22",9.21609371804223e-06,1.38452568714284e-05,4.13887960235084e-06,5.03698729865888e-05,5.33860289775422e-05
"2024-07-23",0.00125912770483221,0.00123013866839679,0.00113208366361476,0.00114411425530575,0.00115127993902058
"2024-07-24",0.000297749102314074,0.000310417518962805,0.000351175744871409,0.00037212989041987,0.000375817585121627
"2024-07-25",0.00510921802542799,0.00508161062507734,0.00515993014758178,0.00531187963350261,0.00531081663711387
"2024-07-26",5.25625801236092e-07,1.18951207054561e-05,1.21975082475239e-06,1.165400111435e-05,1.17399235260301e-05
"2024-07-29",0.000406938205109737,0.000571985694539908,0.000620517685340787,0.00047749516372,0.000485672058491293
"2024-07-30",0.000592910829986009,0.000600650660947173,0.00065266758007995,0.000639550960007529,0.000648455747036999
"2024-07-31",0.00032206839489337,0.000363560795758697,0.000445974523967558,0.000417288957658838,0.000417751310314644
"2024-08-01",0.00127194544920444,0.0012528050035223,0.00137320802968857,0.00143011482732512,0.00152146994371619
"2024-08-02",0.0438113197041368,0.0437907668358219,0.0456668193603524,0.0459957159238516,0.0461412003050856
"2024-08-05",0.138763238307592,0.138774512636342,0.142080292694985,0.142279401019486,0.142099713546118
"2024-08-06",0.019103951998856,0.0188293279894719,0.0162655541785078,0.0162264597718421,0.0162754340733224
"2024-08-07",0.00297159349428282,0.00280557949181258,0.00238615013716937,0.00242413107394317,0.00242284155284842
"2024-08-08",0.00469179086437327,0.0047130705029335,0.00264346028635854,0.00242388037043101,0.00247819003720977
"2024-08-09",0.00440479785065283,0.00425582208445884,0.00326702849632068,0.00316762878550927,0.003193070108209
"2024-08-12",0.0029563784734416,0.00285570854651624,0.00275585218847284,0.00278844683089591,0.00281066814961335
"2024-08-13",0.00217612153261528,0.00214020963061335,0.00212294991198429,0.00210109341096096,0.00211471973705562
"2024-08-14",0.000903062979212756,0.00089412820222638,0.00105251870983662,0.00107604353629333,0.00106447520802315
"2024-08-15",0.000548986977016971,0.00055550232151071,0.000611911492831662,0.000602570957617981,0.000614185551131044
"2024-08-16",0.00204059939595108,0.00199408432931386,0.00217056760401866,0.00223183256467292,0.00223290434706875
"2024-08-19",0.00113444810603363,0.00112334059755764,0.00124678358296633,0.00125389246802056,0.00124940231080102
"2024-08-20",3.65976859054266e-05,3.26320536076217e-05,7.29391160295801e-05,5.36867441357029e-05,5.58098701111031e-05
"2024-08-21",3.81701555762599e-07,4.63682951236139e-08,1.14598214211279e-06,9.51879950524246e-08,9.63153340402109e-09
"2024-08-22",0.000962492758285737,0.000963026836769462,0.000770250604762699,0.00065814611152729,0.000649493571279394
"2024-08-23",7.97457992664961e-05,8.90423131104857e-05,5.30133897208738e-05,5.86268520147541e-05,5.28015540014328e-05
"2024-08-26",0.00131116815115575,0.00132708155964971,0.0014420705679177,0.0014638154963483,0.00148276288369745
"2024-08-27",0.000323292649809913,0.000322893309686674,0.000442398230525627,0.000458749016535244,0.000461078442946022
"2024-08-28",0.000236228427553861,0.000236141185418874,0.000201722294362664,0.000195830044167276,0.000191415737005996
"2024-08-29",0.00325324486956555,0.00329046828081378,0.00305124124024038,0.00295335458461432,0.00294214012357463
"2024-08-30",0.000457668665942387,0.000455452981881883,0.000513028262297328,0.000510320787155958,0.000513235333680837
"2024-09-03",0.000109948844672322,0.000119033096117359,6.41962916226268e-05,6.49630592693431e-05,6.2300988570116e-05
"2024-09-04",0.00050711969652962,0.000496530025585964,0.00044139918703502,0.000397413592444872,0.000447721021308451
"2024-09-05",0.000198413555796159,0.000199698996573729,0.000264011534058938,0.000300947185067872,0.000287418811156684
"2024-09-06",0.00066305410028371,0.000618338949334735,0.000603413884301489,0.000641874697885387,0.000639357425802034
"2024-09-09",0.00212368111868178,0.0020906974882982,0.00207848014452218,0.00196673945454857,0.00195865943978707
"2024-09-10",0.000651830381215389,0.000594572816148662,0.000604642941503179,0.00057483851097731,0.000552505544962101
"2024-09-11",1.96681884803124e-05,1.99943417042774e-05,9.3156573536729e-06,1.19979574865463e-06,2.0999407868183e-06
"2024-09-12",0.00216120494748513,0.00219919656170289,0.00212485850439433,0.00229274954176939,0.00231837927719425
"2024-09-13",0.00108367497571329,0.00110863347035054,0.00116684659025225,0.00120850655100377,0.00120529052171245
"2024-09-16",0.000355042314527554,0.000346197531997767,0.000379189688003718,0.000382354992166368,0.00041651495177738
"2024-09-17",0.000305186868689579,0.000261490971910325,0.000301534087010643,0.000282930500199658,0.000276568409874829
"2024-09-18",0.0119060155076989,0.0119029422392646,0.0115017941237534,0.011529455132601,0.0114930744106989
"2024-09-19",0.00715399076944541,0.00738561426359239,0.00716243376909334,0.00735001380140159,0.00739202851928912
"2024-09-20",0.00176017084754697,0.00171103937923762,0.00173863863167992,0.00165300640703165,0.0016339668127675
"2024-09-23",0.00198971296979022,0.00183670083210202,0.00203560634113413,0.0019348600805678,0.0019587884510119
"2024-09-24",0.00337576004657813,0.00331503770175335,0.00334123794877082,0.00328613202854729,0.00325112695184113
"2024-09-25",0.000683922688465745,0.00073024662912071,0.000661114836691681,0.000653110951218659,0.00066514770736548
"2024-09-26",0.000130455523841682,0.000137318038382591,5.1501831301817e-05,3.73937420628564e-05,3.94632755371009e-05
"2024-09-27",0.000337605327069915,0.00034533530202735,0.000299999282647479,0.000296583242999337,0.000292794209142544
"2024-09-30",0.00106001321592119,0.00103539158035926,0.00106743828407783,0.00107408781489838,0.00107466112894127
"2024-10-01",0.000547454953779925,0.000551500347191424,0.000513571351747086,0.000518957527919835,0.000513352809788722
"2024-10-02",0.00186452594045527,0.00192259303565195,0.0020823140741861,0.00217270362661384,0.00212575415862595
"2024-10-03",0.000127064562746737,0.000120172054797903,0.00012522102704781,0.000149797213984686,0.000156019508410777
"2024-10-04",0.000214129624502298,0.000220575125077608,0.000248711296249069,0.00026529058023859,0.000273413800771753
"2024-10-07",3.01926139352808e-05,3.1798888082567e-05,3.06179569204693e-05,4.20991692700672e-05,4.16950169246181e-05
"2024-10-08",0.000344016068284001,0.000338736892587549,0.000346312786883082,0.000380333515374639,0.000372555972067774
"2024-10-09",0.000643412048792906,0.00073456403369906,0.000886609810678763,0.000944693763185766,0.000950724715527609
"2024-10-10",5.68200312844608e-05,6.25578774489038e-05,8.77073433254491e-05,6.89049749817625e-05,6.46982433188007e-05
"2024-10-14",4.30721684824017e-05,3.97179083883417e-05,3.6223598160363e-05,2.65046227065208e-05,2.77580196505914e-05
"2024-10-15",0.0029187938835733,0.00309353553255463,0.00307335870661814,0.00309272231041072,0.0031158425888646
"2024-10-16",0.00101289864809455,0.000965737344285685,0.00102153440863698,0.00103698083580858,0.0010126226719837
"2024-10-17",4.15263760551748e-07,2.95783463396569e-06,2.66160898330099e-07,4.9332413292953e-07,8.28825472966342e-08
"2024-10-18",3.07222325476605e-06,4.36484426856175e-06,2.08660219702619e-06,8.87917816673834e-06,9.13886061731065e-06
"2024-10-21",0.00101913721992412,0.00102867835522861,0.00123937368179082,0.00154461171527693,0.00156861548654858
"2024-10-22",0.000335596948338301,0.000330951285660204,0.00036152479361327,0.000387781244510336,0.000373522664791634
"2024-10-23",0.00969293095186596,0.00959456745923633,0.00964824077510955,0.0100242705097798,0.010011757233736
"2024-10-24",0.00192367597841966,0.00192749163980925,0.00207077633492615,0.00178577593320537,0.00167704328724717
"2024-10-25",6.49021834149599e-05,0.000154376531480408,0.000239301539669258,0.000172027028744723,0.000164978407367962
"2024-10-28",0.000184118597167982,0.000203648056312234,0.000276501395129629,0.00029115891825597,0.000287592162101856
"2024-10-29",0.000197684474256776,0.000190278621399211,0.000258250039723379,0.000243088472095212,0.000239169800588244
"2024-10-30",9.76574839372346e-06,9.9843040082342e-06,2.48339855617161e-05,1.89642338043497e-05,1.54571009439594e-05
"2024-10-31",0.000849032793966129,0.000824850638988164,0.000860407692729625,0.000855644862518883,0.000862266221403862
"2024-11-01",0.0045973856231671,0.00468619640093641,0.00546941129868285,0.00565137109216382,0.00564330790071992
"2024-11-04",0.00078304650888091,0.000697477204494749,0.000624350938781126,0.000593818403516542,0.000596151295758743
"2024-11-05",0.00237935580299616,0.00234363358792064,0.00240385911173316,0.00237148602834369,0.00240235698151457
"2024-11-06",0.00113728995549836,0.00109768422796462,0.00119747495149143,0.001237176942533,0.00125527676527692
"2024-11-07",0.00120552595489872,0.0013566710486231,0.00111348850993075,0.00131645870578557,0.00130348098315343
"2024-11-08",0.00181661376684684,0.00177685953516461,0.00177609741587882,0.00189501014036698,0.00189715555381509
"2024-11-12",5.55132965605217e-06,4.42637079454517e-06,5.34351444138707e-06,6.18436976590303e-06,5.83313954357712e-06
"2024-11-13",7.97283890797296e-06,2.89578500937775e-07,5.41259637762856e-05,0.00010603475958648,9.73709581791139e-05
"2024-11-14",3.87711140004001e-05,3.35765025255619e-05,9.81774714944384e-05,0.000126210943321557,0.000121338975069847
"2024-11-15",4.41436193285148e-06,2.97418089940802e-06,2.07658026076438e-07,2.28511917596585e-06,2.09996428812187e-06
"2024-11-18",0.000220380941146678,0.000216529777788041,0.000129807056410844,0.000144200521575006,0.000150200017966408
"2024-11-19",6.09330033544801e-05,4.5421331441615e-05,2.96448084878542e-05,2.85186583847608e-05,2.88302327608548e-05
"2024-11-20",3.07604751133798e-05,2.06430813159027e-05,2.51694031958843e-05,3.08167806863687e-05,2.91328411483718e-05
"2024-11-21",0.000887907330538733,0.000879412580186341,0.000823996745102006,0.000849542434613401,0.000849856119262288
"2024-11-22",0.000786552999869168,0.00081213957856712,0.000833406189968306,0.000833403137290843,0.000843539702463659
"2024-11-25",0.000352160155580083,0.000362496666078273,0.00037060213791809,0.000346193888866825,0.000358263988761829
"2024-11-26",0.000114610496849133,0.000100478806636817,0.000105750446470302,0.000111271446433063,0.00011020194903219
"2024-11-27",0.000380235231342158,0.000364932470437318,0.00018288481236881,0.00017076811601812,0.000174782991216222
"2024-11-29",0.0019677371635908,0.00193127820776144,0.00176387280188554,0.00170993941672546,0.00175081454727908
"2024-12-02",0.000167177707708326,0.000166838773496609,0.000160421469800599,0.000168766676365189,0.00016173800695729
"2024-12-03",0.000612536020429192,0.000613045160663883,0.000594308895971336,0.000587776281618209,0.000578304611416262
"2024-12-04",2.11724788544958e-05,2.74843069811637e-05,3.26875902400786e-05,3.22081239438407e-05,3.35820836747551e-05
"2024-12-05",5.73046288404408e-05,5.22712101794764e-05,5.87593947859786e-05,5.84288052468174e-05,5.63507298757009e-05
"2024-12-06",0.000156478868100182,0.000166675338789001,0.000186850919568717,0.000165645614224737,0.000163530223038954
"2024-12-09",0.000930312031321177,0.000934534950063777,0.000929188671693196,0.000922062374353256,0.000933560760716166
"2024-12-10",0.000132685336294528,0.000126403279755831,0.000121753779894914,0.000138936222799528,0.000130242853250172
"2024-12-11",9.09281189111377e-06,9.66979640522484e-06,1.23555362274337e-05,2.36964247149727e-05,1.90825229844305e-05
"2024-12-12",0.00020629066942827,0.00021663131430525,0.000239279149340521,0.000222559653564824,0.000213349186696622
"2024-12-13",3.82782276367545e-05,3.79142721865831e-05,4.66580935632376e-05,3.7271960382544e-05,3.75122433959162e-05
"2024-12-16",1.59065557445815e-06,1.40847210360716e-06,1.71342311524628e-06,2.44476418971888e-06,2.62128335216344e-06
"2024-12-17",2.78854386054265e-05,2.02354895827084e-05,1.07400683366159e-05,1.67619228124693e-05,1.72067245017971e-05
"2024-12-18",0.00472305199148328,0.00468918024521068,0.0046803201480172,0.00469497947761829,0.00470509830241335
"2024-12-19",0.000414760279702443,0.000408302480468561,0.000390154185774385,0.000325810988775362,0.000324465876368599
"2024-12-20",5.90557245781314e-05,4.5963561906595e-05,5.1716601071395e-05,4.71034066802798e-05,5.06878739676259e-05
"2024-12-23",0.00147623484635258,0.00145137746436641,0.00122060483573277,0.0012626786040441,0.00126011522593833
"2024-12-24",0.00320850738849938,0.00316276189509309,0.00313549037724527,0.00319946524847566,0.00321095087660279
"2024-12-26",2.15908101602503e-05,1.98831247052115e-05,3.19088358728638e-05,2.34660445631591e-05,2.68534554837228e-05
"2024-12-27",0.000623841358062198,0.000644875067134505,0.00057905944108452,0.000608965578376995,0.000591169371328708
"2024-12-30",0.000435162455267803,0.000440282075800388,0.000395515334188369,0.000340414868853861,0.000328239103279129
"2024-12-31",2.8182896248399e-05,2.82680614441022e-05,4.31489636138047e-05,4.89730681705702e-05,3.80837365947329e-05
"2025-01-02",0.00411593624484649,0.00412500788502953,0.00399786917580925,0.00400915381445432,0.00400899053557954
"2025-01-03",0.00076170973176668,0.000764288640082043,0.000743109171067093,0.000827629720091775,0.000821333749595665
"2025-01-06",0.00023245894659405,0.000224635660786457,0.000271998067131697,0.00025300399646634,0.000252768516338707
"2025-01-07",1.71932928071398e-05,1.586870720454e-05,7.04123150661502e-06,3.87643314016617e-06,3.2048485829384e-06
"2025-01-08",9.33504593342003e-06,9.34054102650362e-06,9.75681403078307e-06,6.03085048459096e-06,5.37326343409657e-06
"2025-01-10",0.00487041465759468,0.00488546320227056,0.00480992902508464,0.00476105932057722,0.00470440694849575
"2025-01-13",6.37543902818369e-05,6.49822023547587e-05,5.96571866613144e-05,5.85357527613222e-05,6.21683947557228e-05
"2025-01-14",0.0017176814125808,0.00185119625080557,0.00196567761725747,0.00182089867237544,0.00186541601964059
