"","HAR","VHAR2","VHAR3","VHAR4","VHAR5"
"2016-04-11",6.53155483105738e-05,4.73210610492103e-05,0.0034874065854591,0.00426108144548332,0.00318518425648251
"2016-04-12",8.6343863554772e-05,3.7623184303337e-05,0.00257168921977979,0.00331946587906096,0.00217140926273252
"2016-04-13",0.0174558037642329,0.0155481091593381,0.0308557176819191,0.0326003513415294,0.0247640370509448
"2016-04-14",0.0485198579918618,0.055737478275228,0.0708717883728562,0.0811702690848874,0.0746980484105502
"2016-04-15",0.000198000052033409,0.000124495912429801,0.00142741285498049,0.00353047182263033,0.00179842763632321
"2016-04-18",0.00984685246057992,0.0200566700647369,0.0224354996168539,0.0219420500399776,0.0157521555213482
"2016-04-19",0.00115437634525506,0.0069792600418459,0.00783577243167421,0.00984239031233369,0.00546236680211987
"2016-04-20",0.0117402245463418,0.0234662314094367,0.0265824076852959,0.0280570295751683,0.0191391853158012
"2016-04-21",0.00772226353667005,0.0143772876243955,0.0194770924205323,0.0206338122365688,0.0104930070294544
"2016-04-22",0.000433826328890996,0.00209711946698543,0.00321335320152949,0.0039906834040131,0.00163608610614263
"2016-04-25",0.0158606891548159,0.0198338655937347,0.0205315761699414,0.0193217678221322,0.0154769650768225
"2016-04-26",0.00211274272773676,0.00309435479270537,0.003430847872814,0.00381045487089438,0.00343938397328114
"2016-04-27",0.116751307534716,0.103634358156578,0.17140260554222,0.188866226195266,0.160911639844462
"2016-04-28",0.0577303421428366,0.043876660966589,0.0928269719016264,0.0885501031815983,0.0662071003894329
"2016-04-29",0.0173550585583189,0.00783162956760663,0.0315552908219623,0.0264025820943674,0.0143637148615805
"2016-05-02",0.00372010517559684,0.000279050010005388,0.00767798217126359,0.00471907652148529,0.000961079512062035
"2016-05-03",0.0108912349162573,0.0051941488013072,0.0229523878693292,0.0155879607587226,0.00731343314825028
"2016-05-04",0.00654570420761225,0.00367585723688713,0.00749769784450782,0.0044996600809033,0.00110656733446235
"2016-05-05",0.00231998521266674,0.00416597588789758,0.00259023942017289,0.00379847777671505,0.0084938276312907
"2016-05-06",0.000324966388591141,0.00109418709518927,0.00186675243183188,0.000681070046482546,0.0031646539365564
"2016-05-09",0.00363249104607588,0.00290188675799974,0.00139839335215997,0.0003619201660221,0.00177610945512585
"2016-05-10",0.000142745222169394,0.000473654166315507,0.00019532955633661,0.000173654164800752,0.00406154778793844
"2016-05-11",0.017095565129976,0.0211281564269314,0.021526559767338,0.0131018840599935,0.00405912122795149
"2016-05-12",0.0216681951961315,0.0181203841857609,0.022032389317036,0.0362640942581889,0.0468096384766854
"2016-05-13",0.00109844145021221,0.0020081524063702,0.00176050992064436,0.000390800689712867,0.000254980431899643
"2016-05-16",0.00177994165828443,0.000223945849483265,0.000671320525801544,0.00321581941005245,0.00917913576096185
"2016-05-17",0.000532086343644655,0.00261217538927894,0.00150740972103369,3.54792982104613e-07,0.00137396478488183
"2016-05-18",0.00242670207570495,0.00686968446946445,0.00521694566681186,0.00244709401942034,0.000325166774577168
"2016-05-19",0.000205077399499265,0.00214673886747541,0.000388687540216814,0.000173024744839712,0.00052796069966643
"2016-05-20",0.0465612791742298,0.0506403962962283,0.0564850796371152,0.0511219472069693,0.0794582547789875
"2016-05-23",0.0153017321202582,0.0215231096647213,0.0240663864713746,0.0214900784137975,0.0405899333267528
"2016-05-24",0.0515356451669469,0.0615164615836521,0.0665575585783871,0.0695331328451523,0.0964508764112644
"2016-05-25",0.0287322170587296,0.038328605701264,0.041842819568382,0.0449456407492437,0.0632531849673195
"2016-05-26",0.0233516881427924,0.0344466304230444,0.0403682030867696,0.0463244987827693,0.060228307420173
"2016-05-27",0.0426078244582553,0.0590875149429189,0.0696349225789776,0.0752476924075003,0.0868756770686732
"2016-05-31",0.061205571612464,0.083756386312515,0.0957631613936072,0.0943828617057751,0.110190334250662
"2016-06-01",0.0612788875421288,0.0831531542097816,0.0966340614659136,0.0915099058229347,0.106279460202107
"2016-06-02",0.0108974712022003,0.0219681437844705,0.031621740656963,0.0244745491700442,0.0354116449806128
"2016-06-03",0.0441269245011191,0.057923535142665,0.0717141397492496,0.0566918557325518,0.0703188602216971
"2016-06-06",0.06623664264426,0.0839854142389718,0.0984918885970585,0.0858776198362334,0.100738314134568
"2016-06-07",0.0892762989075526,0.110059823728495,0.130591160821853,0.116896795477614,0.123609121939643
"2016-06-08",0.117681093666117,0.144997412341588,0.166595112972346,0.153900096226561,0.130515917425337
"2016-06-09",0.0586312967547502,0.0866931281830139,0.101525845219286,0.0946466948726399,0.0716951536202042
"2016-06-10",0.0377637705857297,0.0706302076915599,0.0808666382926537,0.069613435660381,0.0467882392474432
"2016-06-13",3.38743221286464e-05,0.00590924105921031,0.00875928319326036,0.00462439161836925,0.00115295561493278
"2016-06-14",0.00326909402011211,0.0191716846015599,0.0233381966773649,0.0203197951426,0.00505856437175267
"2016-06-15",0.00743644170022595,0.0259832568730389,0.0291678612970763,0.027806645817614,0.0123802555887707
"2016-06-16",0.00506757469717001,0.0210335147998044,0.0239253764918419,0.0238803777471823,0.00964550004492515
"2016-06-17",0.000906999255476881,0.00916398998693979,0.011361248105902,0.0125051425610274,0.00330737502099621
"2016-06-20",0.0418897422846949,0.0641966093855211,0.071153366283135,0.0765265686460057,0.0469145137004214
"2016-06-21",0.00436824006921888,0.0137168166561334,0.0175514683581173,0.0193709969315208,0.0105889132017132
"2016-06-22",0.0156846235137826,0.0302521367754174,0.0345730968738143,0.0377110014749935,0.0275685051161054
"2016-06-23",0.0247701958019197,0.0397350437944741,0.0430285577834295,0.0479175262424705,0.0436959329118911
"2016-06-24",0.0474188434254201,0.0285218850596825,0.0263504356538862,0.0233219008220966,0.0266444304833522
"2016-06-27",0.015571727955896,0.00556632725859108,0.00574028101746182,0.00568017653675779,0.0153321607943799
"2016-06-28",0.014932433478315,0.0282822733892214,0.0273284923121366,0.0291134519773335,0.0135620292715701
"2016-06-29",0.017375006522403,0.030338382125191,0.0296962826718274,0.0286768064624223,0.0138191045578713
"2016-06-30",0.0381935854223885,0.0544317963265577,0.0554031947028402,0.0570270811627664,0.0313136452028502
"2016-07-01",0.0546937554135376,0.0700509835069063,0.0716539441198807,0.0730183500068395,0.0555009385195253
"2016-07-05",0.0754794189204888,0.0905638362962404,0.0929084289998963,0.0860516305203838,0.10102501405023
"2016-07-06",0.00147096590054785,0.00463133117702408,0.00494992133247019,0.00356008004296982,0.00748532046071304
"2016-07-07",0.0418175162932699,0.0535821869662154,0.0549299532269174,0.0464157749513654,0.0593523317816014
"2016-07-08",0.0698557663323784,0.083790246922536,0.0843781115457052,0.0697426705414741,0.0944596222483054
"2016-07-11",0.153078346266972,0.165872979260483,0.168599618098843,0.153647322028909,0.154563257902117
"2016-07-12",0.147080514306647,0.148826688983921,0.153571325698189,0.135311827333093,0.136350197235168
"2016-07-13",0.116556205362441,0.106344749770716,0.110681813218796,0.0938703515935428,0.0919900173779276
"2016-07-14",0.122021564679371,0.111096190101538,0.113894743723294,0.09557463291258,0.0986154444371219
"2016-07-15",0.119496885307783,0.109223649213939,0.109376794298144,0.0997765430893438,0.0919196923066434
"2016-07-18",0.141254564029247,0.142080450952918,0.139764362067841,0.148507525929229,0.148639509403849
"2016-07-19",0.125795016906076,0.143471445935677,0.139391341652934,0.146104110488704,0.14527591069073
"2016-07-20",0.16241092136921,0.18378142831819,0.182003872362965,0.194571725867866,0.191811817903329
"2016-07-21",0.0933441213104487,0.105966958185054,0.104363784985844,0.112843096541943,0.117949763674369
"2016-07-22",0.0862015731002772,0.0986228603600487,0.0982552814773343,0.10236100639002,0.114195903901008
"2016-07-25",0.06181177339174,0.0702710638371249,0.0694257552266071,0.0749028370721159,0.0868892596789599
"2016-07-26",0.0306014209087255,0.0334423068226295,0.0344480160487879,0.0479209862604193,0.0648859800845338
"2016-07-27",0.00113839542373873,0.000158067164377051,0.000544911483705501,0.00678862248824608,0.0150928617826178
"2016-07-28",0.0640066717821142,0.0438927942519203,0.0509099038678662,0.0798141577881877,0.101883065301409
"2016-07-29",0.0634675444671438,0.0377374866521518,0.044322529670437,0.0738133484229884,0.104217204425656
"2016-08-01",0.110557017260395,0.0765518263493605,0.0864379865906855,0.12005749155795,0.162738450789957
"2016-08-02",0.0171266809092707,0.00990468516725862,0.0119275287040457,0.0190866262606639,0.0338838159225934
"2016-08-03",0.0917819426377804,0.0945024659769991,0.0936395224871227,0.100074281483434,0.100034622206385
"2016-08-04",0.0564802610991653,0.0601458953313991,0.0582242317338559,0.0632759644571086,0.0451617465790748
"2016-08-05",0.155571967622598,0.161708428268883,0.158639433556087,0.16656100597478,0.138345472363457
"2016-08-08",0.116546769507661,0.126782582014898,0.120282100981119,0.124411290357517,0.101344309058575
"2016-08-09",0.0862560066442413,0.10027250158967,0.0936777031292151,0.1002208336731,0.0803087114294068
"2016-08-10",0.17106924477605,0.188610910835492,0.181553347765007,0.176421646031712,0.185980222992588
"2016-08-11",0.120980038037987,0.132440857923384,0.120328219590162,0.114246159401046,0.125104316205453
"2016-08-12",0.197459724216485,0.193326303523571,0.172551457062257,0.18083379687975,0.207174399441225
"2016-08-15",0.147549039995402,0.127946594911401,0.112060332573801,0.110871820215005,0.144202928949531
"2016-08-16",0.12606941420455,0.10086916251749,0.084848068672271,0.0778921905912151,0.116140715010962
"2016-08-17",0.0110399236074774,0.00321797731193274,0.000331298726866658,9.79610690903243e-05,0.0118506539646441
"2016-08-18",0.120042366422183,0.0927075059826954,0.0857334418878113,0.0653971087023044,0.137670656980835
"2016-08-19",0.0685831071284084,0.0619992853024782,0.0557142591108157,0.0414014484354834,0.0733522560756912
"2016-08-22",0.0443704285740392,0.0450894658061174,0.0411395515993671,0.0334220472234961,0.0512731027144653
"2016-08-23",0.0930631561351216,0.0952098149468574,0.0923806377226875,0.0888723781863883,0.112701153251964
"2016-08-24",0.0450531630714728,0.0513148037341908,0.0494541828827362,0.0468888497712756,0.0545239966568367
"2016-08-25",0.0310387908302827,0.0357272360596728,0.0363768463753857,0.0322023491842494,0.0360178362923231
"2016-08-26",4.18691271413252e-05,0.000211209830728976,0.000396283548789844,8.59727340820626e-05,0.00115301190520367
"2016-08-29",0.0132852540767567,0.0151212953972639,0.0157981368932543,0.0138743251681839,0.0204415609279092
"2016-08-30",0.0154290828292389,0.017397040979813,0.0190396975210032,0.0159447144356748,0.0238336627813454
"2016-08-31",0.0268536748766932,0.0310181649264409,0.0334334841927553,0.0285993832161802,0.0475392114152835
"2016-09-01",0.0256243885718979,0.0313701861156594,0.0315949927839891,0.0271881716093001,0.0443956981415814
"2016-09-02",0.0382741272821412,0.0461959793017876,0.0460505352152973,0.037340027197813,0.0541825956399051
"2016-09-06",0.0787076928635493,0.087875952006345,0.0908413404655788,0.079345740824033,0.0832951708817906
"2016-09-07",0.00186209576116347,0.00384036067581306,0.0052250826522624,0.00381053155030364,0.00158673993656255
"2016-09-08",0.00818391839165566,0.00579324998713582,0.00437340260180896,0.0051265753045111,0.00908852079400257
"2016-09-09",0.00776866994046244,0.00471535267324263,0.00364250853343906,0.00555282522944012,0.0116772126767124
"2016-09-12",0.0208721986864595,0.0175229107015182,0.0143806753391198,0.0210593634893359,0.0304546520128048
"2016-09-13",0.0302901248037173,0.0264842234181268,0.0228780804514128,0.0309086822475437,0.037095191065317
"2016-09-14",0.164423309275812,0.162677885091369,0.1500828213281,0.175396442968048,0.169603896725947
"2016-09-15",0.030847253945617,0.0307498998923967,0.0275164496276905,0.0378742996956893,0.0320528141353533
"2016-09-16",0.00712655902549608,0.00820996080659064,0.00708919475890091,0.00982440269297102,0.0118731674622019
"2016-09-19",0.0201664953784191,0.0215107028857411,0.0205228545234564,0.0237024063199278,0.0254206431178949
"2016-09-20",0.0168420167726966,0.0211267249382581,0.0225561167193633,0.0298551482071672,0.0378267446237079
"2016-09-21",0.00465337633658924,0.00832545535686258,0.00929107148493391,0.0124126856053595,0.0111711449359888
"2016-09-22",0.0385802356647287,0.0337116632290928,0.0327933392502624,0.0244784543897627,0.0342795459118368
"2016-09-23",0.0607078567460708,0.06064735985463,0.0631773619962579,0.0795867997707498,0.0472901769676586
"2016-09-26",0.0209379815459576,0.0208041715834217,0.0193031768901595,0.014185593950462,0.029650293583412
"2016-09-27",0.0252385388894207,0.0272771595876384,0.0271601696693842,0.0204000084766509,0.0331677266307357
"2016-09-28",0.076328524980793,0.0827768338843933,0.0891943554819354,0.0773456526091831,0.0932188670960938
"2016-09-29",0.00288015734348113,0.00507912743188577,0.00675597503764691,0.00474828045124798,0.00584247541199723
"2016-09-30",0.0448575720705,0.05215091419368,0.0588965874777434,0.0548059132574108,0.0526665708317107
"2016-10-03",0.118534191000249,0.137036880524114,0.147193039250573,0.146873575572045,0.139020327213873
"2016-10-04",0.01031093670223,0.0211840667579086,0.0266382266133034,0.0299734032581855,0.0315137114246604
"2016-10-05",0.0680066351810864,0.0828855998049096,0.0895973458798816,0.0954148210823893,0.080609246581655
"2016-10-06",0.0531889584701597,0.0624208771375707,0.0662767190688136,0.0747295362761653,0.0569659340254987
"2016-10-07",0.0539290623339355,0.0656920463265509,0.069666709401462,0.0827025880137866,0.0943013781786186
"2016-10-10",0.069173221988132,0.0855150887903435,0.0841784495105116,0.0990248302669539,0.10718645675868
"2016-10-11",5.88410878432644e-05,4.94557560282161e-05,5.18941012384033e-08,0.000390303617519239,0.000887870401860669
"2016-10-12",0.0133890057527595,0.0138903883066197,0.0126196755233396,0.0178487998736312,0.0278436026778983
"2016-10-13",0.0230306131738138,0.0220662625771946,0.0242061270246012,0.0299606972914184,0.0333145186611237
"2016-10-14",0.0244014551374871,0.0115941529318215,0.0129216294685506,0.0141087934677986,0.00732604928856695
"2016-10-17",0.0437429262896696,0.0239702357479705,0.0253390961734345,0.0278093871963303,0.015087246198169
"2016-10-18",0.135269052566211,0.0960136257483106,0.102910187721429,0.111069199330477,0.0831178443494518
"2016-10-19",0.1259745198156,0.0940495543428912,0.0976595632254882,0.104882668007492,0.0693685340879002
"2016-10-20",0.019674374182181,0.00981517278375543,0.0085320453008606,0.0107105232233227,0.00296055025689412
"2016-10-21",0.100172085618431,0.0730258997551587,0.0719399937618477,0.0759208762453016,0.055355872185961
"2016-10-24",0.161672293725104,0.138129011293268,0.136859670512842,0.138589403843149,0.11850600628456
"2016-10-25",0.169341181639106,0.147782609795891,0.146702646579531,0.143919291365625,0.132505683988208
"2016-10-26",0.0169629536275899,0.0272721674650389,0.0284509837677687,0.0322179557757765,0.0459458631872496
"2016-10-27",0.0329644714962174,0.0228318604132653,0.0210700567203757,0.0189042403084458,0.00924839927050014
"2016-10-28",0.000276012828404948,0.00236306327922353,0.00290793582710669,0.0035166060842915,0.00870038345574287
"2016-10-31",0.0686392383161303,0.0515870331115014,0.0503172530571674,0.0500747424207177,0.0284796645233081
"2016-11-01",0.000299218518997169,0.00208211663512237,0.00266784273609155,0.00226882452084221,0.0172201297810621
"2016-11-02",0.000560980310088777,0.0101123049412597,0.0115941061438454,0.0103358742226987,0.0302963989473888
"2016-11-03",0.0107487682461305,0.00101673435463323,0.00130891233741104,0.00253573139325902,2.41116245192075e-06
"2016-11-04",0.00140560212771224,0.0231627844114357,0.0222813740106498,0.0175273117522512,0.0416607215133145
"2016-11-07",0.0367383551380831,0.00824994446205829,0.00733802881168466,0.009108742005703,0.00062102262846575
"2016-11-08",0.00642026105323068,0.000994292454250312,0.00108081191523812,0.000355992903265712,0.016802022602995
"2016-11-09",0.356890247781167,0.548108539020616,0.520212695672568,0.48992899883106,0.654857439754401
"2016-11-10",0.411857054843811,0.542260064603128,0.531233602030936,0.52511392024437,0.696094284317485
"2016-11-11",0.0659494857008567,0.122586009262157,0.11287954601679,0.110330981371261,0.101384410943129
"2016-11-14",0.128397747254642,0.234324984803465,0.212012146390368,0.215512691692694,0.155813313998442
"2016-11-15",0.00875283329481014,0.0389257371239657,0.032686228830759,0.0419780670564469,0.0103813510068382
"2016-11-16",0.00426647335786612,0.0387999011444942,0.0391134741440204,0.0563983055643409,0.0135278518488622
"2016-11-17",0.00276755692087804,0.0293384797207803,0.0405703848490304,0.0587181601815732,0.0176253751795541
"2016-11-18",0.0362031353404018,0.0142219358784146,0.00530491914264597,0.00125573262664669,0.0259066749359755
"2016-11-21",0.0306978954623325,0.0121698393131462,0.00311941380704273,0.00107512568749901,0.0222924086636007
"2016-11-22",0.0341882502315456,0.0132881452143503,0.00357894332972708,0.00218176399361614,0.0198969884715687
"2016-11-23",0.108609044093972,0.0849514143125949,0.0725177893965967,0.0621813232505577,0.0904764114782091
"2016-11-25",0.139229106085008,0.115604920645203,0.113827176535897,0.0999188993793054,0.0999697851393586
"2016-11-28",0.113462673103631,0.0838322156471074,0.0815786324670196,0.079378023841645,0.0748550981850835
"2016-11-29",0.0855493339264732,0.0588890240648312,0.054587183443582,0.0535964089753451,0.0486148039428875
"2016-11-30",0.0499715844743536,0.0268998877971349,0.0218093965817225,0.0237384521297548,0.0196655269223003
"2016-12-01",0.0064945157637073,0.0001210510413725,0.00249045382024105,0.000248713869286599,2.34941985737258e-05
"2016-12-02",0.0168104324029565,0.00893270312237338,0.00410531190580521,0.00628327633342995,0.00752052330347053
"2016-12-05",0.00156811741738139,0.0010853149888157,1.84527551017055e-08,0.000106253074631857,0.000311449022657451
"2016-12-06",0.0242067666513364,0.0276382876723462,0.0188825011187741,0.0220934387139442,0.0196527816401166
"2016-12-07",1.03400263105069e-05,0.000882868197428,6.48627387844769e-06,1.18333783749591e-05,0.00105696984422909
"2016-12-08",0.00345118581620163,0.00812237150145423,0.00525212050276935,0.00678349360049424,0.00152121973064401
"2016-12-09",0.0091545472264285,0.0151066884248772,0.0114353337868811,0.0091887661013017,0.0032406520558097
"2016-12-12",0.023315963092609,0.030292163999027,0.0260463935704227,0.0248063750794212,0.0141224468148662
"2016-12-13",0.000148897102280943,0.000875813881320964,0.000585570383702105,0.000394066397997994,0.00063168254003787
"2016-12-14",0.0109280872185884,0.00752238559025287,0.00746814126795692,0.0198311335428301,0.0235404344137713
"2016-12-15",0.00214955318747001,0.00355964848034529,0.00295831375949351,0.000118696313190503,1.18558837627347e-05
"2016-12-16",0.0564975578307314,0.0611189502710818,0.0572733107938577,0.037887583960641,0.0363280896343094
"2016-12-19",0.0646437824799395,0.0743565701689324,0.0671043821458777,0.0503681919704502,0.0378542144787086
"2016-12-20",0.139070591763867,0.149926929394614,0.135847491918667,0.11354295527463,0.0735968381460368
"2016-12-21",0.161264775475955,0.167965584791457,0.159408370725438,0.126124906638986,0.0922266956593236
"2016-12-22",0.106258787637898,0.119347601692993,0.115731359313003,0.0855465661696377,0.0481706729830595
"2016-12-23",0.26206593921844,0.292266904285018,0.288739546286986,0.242982521150839,0.187884519403874
"2016-12-27",0.196576635178328,0.233284896139749,0.229923017075525,0.194411882250256,0.13312599553653
"2016-12-28",0.088938938595094,0.114538834469851,0.112510729857494,0.0918008910166719,0.0484919467354252
"2016-12-29",0.0866574099252713,0.10413318525548,0.104035046921925,0.0949211144336068,0.0461462486822821
"2016-12-30",0.0103164175980444,0.0155450863968163,0.0147455234824192,0.00995720001990752,0.000417268203971366
"2017-01-03",0.00590314211509813,0.00728214528307913,0.00553654206077758,0.00133258569865546,0.00213539143433938
"2017-01-04",0.0564435877611764,0.0589723681655192,0.0514901955445954,0.0399150031484643,0.0134961872118291
"2017-01-05",0.0533047171824215,0.0562884021714303,0.0466048427008636,0.0354469520558469,0.0117289604088486
"2017-01-06",0.0254970683158762,0.0302011422622062,0.0230685589263471,0.0260718982009731,0.00578940905652892
"2017-01-09",0.020753513174482,0.0241472747470275,0.0199140448905322,0.0234457021764147,0.00671892071994695
"2017-01-10",0.0142733978998051,0.0150662661169276,0.0121626780570059,0.0202925466806114,0.00658755451383275
"2017-01-11",0.0193025738685562,0.0212779169030963,0.0163584887927355,0.0287194344654425,0.0159067355104907
"2017-01-12",0.00506693137591196,0.00552406780604509,0.00309775611430552,0.0059972933813337,0.00366757715520682
"2017-01-13",0.086901759098656,0.0831586221826408,0.0749490284712979,0.101230502160166,0.0992085916263721
"2017-01-17",0.0303945046213272,0.0276425837365069,0.0259110934898499,0.0406491192467286,0.0553925703162692
"2017-01-18",0.067004789129637,0.063510561578559,0.0672574693872166,0.0801731973443751,0.101249107716088
"2017-01-19",0.035815806109905,0.0305944916420429,0.0344279643185832,0.0409438696394933,0.0609054433321512
"2017-01-20",0.0718252280006277,0.0655114104045533,0.0674387199195465,0.0689344142627248,0.092282839325065
"2017-01-23",0.0731197998627346,0.0652610342461941,0.0641086041145258,0.0719572915796691,0.0877133252686408
"2017-01-24",0.204140920252069,0.18545690387775,0.174484990036548,0.199120001311115,0.22173246894728
"2017-01-25",0.112223840797565,0.100237155487942,0.0863969907745561,0.126861708836804,0.133806408445054
"2017-01-26",0.0615957586881746,0.054098073875561,0.0443491998789991,0.0793946926432096,0.0725044404002786
"2017-01-27",0.136562266858529,0.127509112925036,0.119356770616443,0.162455152640375,0.139379043547573
"2017-01-30",0.0415691411779056,0.0345607001764137,0.0315040053028031,0.0613054564977358,0.0426812719184988
"2017-01-31",0.054045680400491,0.0438597871479836,0.0416984708774097,0.0770450808005763,0.0471094476250702
"2017-02-01",0.0451561082323992,0.0680738680839879,0.0649160671590541,0.0277958804444176,0.0590718486215189
"2017-02-02",0.00544311448986878,0.0017910949538793,0.00188825640013746,0.0111746044671506,0.00197495152617333
"2017-02-03",0.0656020385834064,0.0571238656906765,0.0574666913425448,0.0800565207127597,0.0618241991441679
"2017-02-06",0.0747995173546017,0.0660341880760353,0.0694855406045396,0.095610441903744,0.0780765859152734
"2017-02-07",0.0407297013781578,0.0382422931531521,0.0339953716079229,0.0356743799694521,0.0202657614617054
"2017-02-08",0.0874209947235953,0.0812930894000734,0.074619535069947,0.0730744330173321,0.0541260103713155
"2017-02-09",0.0774453368896615,0.0701414925288868,0.0572931228898161,0.0544030700658851,0.0336288244735958
"2017-02-10",0.0530589431479913,0.0490368558838559,0.0342544650275445,0.0400605013167112,0.0177682541068906
"2017-02-13",0.12054040517916,0.11238569132777,0.0853235210298631,0.042458110884688,0.0160607880846579
"2017-02-14",0.0490175418066885,0.0438671935522594,0.0278730271177992,0.00146227002737942,0.00311008539729918
"2017-02-15",0.0354036078462672,0.0316299436011702,0.0236871389425153,8.17120757365952e-05,0.00063335187324709
"2017-02-16",0.0276811973004325,0.0266299129562095,0.0074468119105493,0.0113127491371787,0.0143234492949358
"2017-02-17",0.105712886350162,0.101869800324591,0.0548129892074076,0.0594225134523068,0.0627692650186822
"2017-02-21",0.101550613700769,0.0945616971331615,0.055375937587326,0.0946764816287171,0.101039128889045
"2017-02-22",0.111109306353437,0.105807977666149,0.059589236652382,0.10575641368144,0.122629326225729
"2017-02-23",0.0295405364985526,0.0214166534953348,0.00084197624441118,0.0131981352643387,0.0229482546450053
"2017-02-24",0.0267980215029675,0.0201791299445826,0.0111367173345205,0.020080455504085,0.0455843396836717
"2017-02-27",0.0336996515300085,0.0397326617892249,0.0193034730115655,0.0107756252533133,0.0458395297205993
"2017-02-28",0.0583486537978659,0.06847547124024,0.0438152141698827,0.032581573974986,0.0784600604641155
"2017-03-01",0.0332715265441372,0.0388440615259331,0.0223386797360494,0.019253783094509,0.0485894230804138
"2017-03-02",0.0129621772528308,0.0168313671017144,0.0100967111751131,0.0119728411672562,0.0352281117255737
"2017-03-03",0.0409731447382067,0.046050517232372,0.0437980338131623,0.0623162492434322,0.0949816021114005
"2017-03-06",0.0523928874622417,0.0542635939794707,0.0586182780574349,0.0863241732820561,0.115326231284442
"2017-03-07",0.0267871295859163,0.0304366528386508,0.0344705937070366,0.0543196639667318,0.0753687720824969
"2017-03-08",0.00979446313340082,0.0118541710875841,0.0132977614360099,0.028194255819987,0.045889946745989
"2017-03-09",0.00455110257030311,0.00423857423377227,0.00533633693793556,0.000427592160052059,0.00101015073007305
"2017-03-10",0.0279122686472295,0.0273368596115771,0.0212665972769561,0.035028626118544,0.0559470592464573
"2017-03-13",0.0490592343074054,0.0458094054737301,0.0371349934154266,0.0565705842549962,0.0829608963335688
"2017-03-14",0.101700694194135,0.0960275096671985,0.076767304827418,0.104982344604425,0.124063981632452
"2017-03-15",0.0500542257478511,0.0440950713806996,0.0379271702846642,0.0605539150037819,0.064661442150391
"2017-03-16",0.0650719920793783,0.0595084737847371,0.0550585847941307,0.0735279429084059,0.0830891609502886
"2017-03-17",0.123284551725552,0.119783612646975,0.105381052280885,0.121019124606048,0.13045055171806
"2017-03-20",0.112305781078251,0.113898638875179,0.0999292455182661,0.113160461200406,0.117486317872489
"2017-03-21",0.0243648968722361,0.0205178410975968,0.0294712737439482,0.0286250652596876,0.0305174830585893
"2017-03-22",0.0083884777625558,0.00721378107645299,0.0124674836273366,0.00815370832028584,0.00949762538217547
"2017-03-23",0.00212556047054036,0.00267837187772346,0.00193987578777022,0.00478063368492121,0.00379822159516308
"2017-03-24",0.00878654323236794,0.0108175069548209,0.0112429378593091,0.01162213987308,0.00928263820512965
"2017-03-27",0.000107507941927487,0.000529707241480937,0.000988315662764139,0.000499995114604967,1.0941992675928e-05
"2017-03-28",0.0101085827651941,0.0134080705019342,0.0168530468985526,0.0137946801742057,0.0078326881531674
"2017-03-29",0.0286199880479003,0.033009866556416,0.0347818478705042,0.0289339750743833,0.0212215808792959
"2017-03-30",0.0330175146089902,0.0311914317986832,0.0300343352766372,0.0205986232839597,0.00882018852895428
"2017-03-31",0.0222276504193868,0.0199840212935301,0.0200305804982335,0.0159390898933873,0.00380197910934932
"2017-04-03",0.00328543220871569,0.00201144102337669,0.00152403066191109,0.000342744452254351,0.00465351937959912
"2017-04-04",0.0421461150796523,0.0376732119630894,0.0382468505192091,0.0374860720356547,0.0144171858738533
"2017-04-05",0.00310101804091678,0.00209984724631496,0.00190880894583989,0.00267272467053536,0.000929115996594954
"2017-04-06",0.00296496179645533,0.00179667475823697,0.000673580800355067,0.000312432691653708,0.000536826370078458
"2017-04-07",0.0388705627868353,0.0332287449752726,0.0249740374988872,0.00631382614487475,0.00327267188708147
"2017-04-10",0.0740653496113091,0.0670973095193539,0.0606641782986133,0.0255210721985337,0.0197643007539785
"2017-04-11",0.0502046013968944,0.0593536457025918,0.0628149106098435,0.15057225448453,0.173673058354605
"2017-04-12",9.21065688392897e-05,0.00110862855451055,0.00124521449420767,0.0238358959709148,0.0358806788410166
"2017-04-13",0.0284249799783125,0.0192662221731421,0.0194553390318557,0.00976043605128418,0.00194121057444918
"2017-04-17",0.0446374676125827,0.0306826151846287,0.0377767362651331,0.0323203405826922,0.0249699421181377
"2017-04-18",0.0347935824495258,0.0232022838534567,0.0281209021060056,0.036585227183443,0.0202692529266577
"2017-04-19",0.0524156427914766,0.0362181052540338,0.0461932441486317,0.0557485893046104,0.0376249631217853
"2017-04-20",0.0385219288839493,0.0224981875396688,0.0402845105466079,0.0463427058598755,0.0280787154680737
"2017-04-21",0.065137555772985,0.0382069101200906,0.0715585737533839,0.0790938626051756,0.0590293483212241
"2017-04-24",0.10401825941857,0.0625245287452387,0.106942609780792,0.107749869442067,0.0875751919460428
"2017-04-25",0.129019974542772,0.0807911537016546,0.134433497972992,0.144812395421951,0.132514990291726
"2017-04-26",0.0364239301146534,0.015796253221241,0.0466203988426659,0.0579668742370245,0.0565613501053521
"2017-04-27",0.112253306763987,0.0916915919207031,0.133166098156388,0.146816418948581,0.135991591985393
"2017-04-28",0.0727780605691382,0.0671292689205853,0.0912958113060993,0.100629514928685,0.0718216932229381
"2017-05-01",0.034450642653675,0.0340973860610281,0.0502360436048264,0.0509436484697037,0.0227790232420957
"2017-05-02",0.013219097719376,0.0149448328160593,0.0237824554050829,0.0266322652869566,0.00501273297531935
"2017-05-03",0.0525675586758965,0.0575101173470656,0.0505480409113399,0.0457642880143136,0.130719998847745
"2017-05-04",0.0144157710157111,0.00960740698392315,0.0117168823827316,0.0164621869229962,5.75657879262614e-05
"2017-05-05",0.0541826880826777,0.0455389867714802,0.0505701211891185,0.0679898448070231,0.0228117412017876
"2017-05-08",0.0143219935367498,0.0179382976115399,0.0184511575649049,0.0108200928637106,0.0654666663895642
"2017-05-09",0.0160401659244729,0.0170338421259695,0.019278490395197,0.0116510325910941,0.0789650986793022
"2017-05-10",0.00536057710087445,0.00527378463113459,0.00588592076472172,0.00831517027557371,0.00929429331908205
"2017-05-11",0.000293064916950803,0.000390553096114576,0.00050327353766555,0.000100050449894917,0.0400528204718353
"2017-05-12",0.000550419539808722,0.00288900549052107,0.00133163409564196,0.00169884847978552,0.0847543035830047
"2017-05-15",0.0085853926633912,0.0017439141910236,0.00637767660344046,0.00150186480740722,0.0186667821564892
"2017-05-16",0.014010213531646,0.00419260419749934,0.012591155682675,0.00479712751022898,0.00236515139151949
"2017-05-17",0.337885757335395,0.397674126921715,0.309522987048984,0.348468744192227,0.399244438507087
"2017-05-18",0.0221725929153169,0.0251851141058215,0.0228149162545122,0.0315289086557402,0.0296853496386202
"2017-05-19",0.000879317670277935,0.0043335089941825,0.000986780873932558,8.57359071693153e-06,0.00399679226807104
"2017-05-22",0.0107795400956001,0.0231379760647896,0.0157946993855145,0.0105506888680607,0.032621532594229
"2017-05-23",0.0324517350644145,0.0545730722590274,0.0451613581414376,0.0364089470622639,0.0785013472712444
"2017-05-24",0.0329636755433034,0.0487854051879235,0.0328432317630893,0.0177640444306173,0.0502871363249877
"2017-05-25",0.0402302740486038,0.0564022921708336,0.0612298197154313,0.0490636209823863,0.0691461466913867
"2017-05-26",0.059542040057126,0.0827538961616967,0.097539514280514,0.0814408288111184,0.109551385131871
"2017-05-30",0.0686312755940375,0.087142195272673,0.0960823908389767,0.0794884744489197,0.0807988122839449
"2017-05-31",0.00282686295270285,0.0061703728210607,0.00843056402579601,0.00499612772744662,1.93972633191208e-05
"2017-06-01",0.0975086336986428,0.115003116700487,0.137813381792435,0.139201842711946,0.118443685925157
"2017-06-02",0.0702984900082466,0.0899048902351409,0.104817442968987,0.112521074038531,0.0970788898763
"2017-06-05",0.0346572157990466,0.0475704376047161,0.0528433295024207,0.0460591302268325,0.0327314602626383
"2017-06-06",0.0216174523084334,0.0345256750117293,0.0358422896576258,0.035750242107496,0.0279606655043878
"2017-06-07",0.0155669785600132,0.0276153594892425,0.0251750939680289,0.0252030032043804,0.0229641054122749
"2017-06-08",0.0097826675163486,0.011042943714449,0.00308415117363059,0.000124611918859818,0.00199239072444168
"2017-06-09",0.520393489258124,0.520268608211781,0.647941747391728,0.662387663643793,0.837564077410914
"2017-06-12",1.03059020706495,1.08527443395766,1.2723571271166,1.33671236509835,1.62702262271478
"2017-06-13",0.0520796252214957,0.0761644149101759,0.119434092567232,0.160435259969713,0.256292705645629
"2017-06-14",0.0731451824973774,0.117042385625578,0.163657924161601,0.15757284437816,0.339541043179432
"2017-06-15",0.0659121595624592,0.120527597802951,0.158848142312327,0.202854819300455,0.445503120190305
"2017-06-16",0.00572591780329201,0.0228387280715352,0.0403268333536593,0.0729550678769912,0.283055191790734
"2017-06-19",0.000938486835774466,0.0078071865735343,0.0188534504114268,0.0304871071023942,0.147648095651481
"2017-06-20",4.70719628242744e-05,0.00171649762084569,0.0061880961319265,0.0147854433952577,0.0820393300683468
"2017-06-21",7.52993158315007e-06,0.00174977597949866,0.00620907420003736,0.00862383795810517,0.0570109138086425
"2017-06-22",0.00983532055771841,0.00478116825327324,0.00176185248710747,0.00133178153422286,0.00215742366185445
"2017-06-23",0.0810018005392052,0.0561889526720036,0.0742910941311825,0.0681308744771116,0.0244459647280066
"2017-06-26",0.0303925029956602,0.0102079589298671,0.03681103495996,0.0649651910193085,0.0585590484648173
"2017-06-27",2.66064037757197e-06,0.00659800155436119,0.000570256224246668,0.000697602411082965,0.000449345829995895
"2017-06-28",0.0145857740420952,0.0017496519975071,0.0199391001844149,0.0168850980097379,0.0113621918213809
"2017-06-29",0.00986690196710494,0.036305238282913,0.00552986856332205,0.00571913944906988,0.0103821893371638
"2017-06-30",0.0150396359545504,0.00868198192083303,0.018093524752534,0.000243682015660829,0.000624309379937626
"2017-07-03",0.023022490327669,0.00737851274967194,0.0215137559315515,0.00789076852822412,5.57401612333308e-06
"2017-07-05",0.00524202223734016,0.000410674375681319,0.00536313083744977,0.00640246538324285,3.90946549666538e-06
"2017-07-06",1.3491850848979e-05,0.00856602110429483,2.67898315866599e-05,0.000890079051998338,0.000486532242495841
"2017-07-07",0.0181636098433675,0.00426787681067231,0.0212534425985211,0.0302002080648385,0.00997398494674795
"2017-07-10",0.0178963248618769,0.0120540129862463,0.0266857546144281,0.0320829639076994,0.0113790715923474
"2017-07-11",0.0219126951831203,0.0315260666092305,0.0341582362232864,0.0230970590057245,0.00326440216260826
"2017-07-12",0.0225137689533106,0.0330645727322576,0.0321330171174248,0.0193129516788975,0.00220188865252324
"2017-07-13",0.0198013519152669,0.0252803966449588,0.0289978506354696,0.0233021106907951,0.00914837089646481
"2017-07-14",0.107021683512301,0.113750371013011,0.127653980776154,0.100231393309201,0.0873558978444784
"2017-07-17",0.0275736904690638,0.0297471040339854,0.0397305788804374,0.0165569265849808,0.0139795415593424
"2017-07-18",0.104402493484583,0.100559958543636,0.122704314521916,0.0768536059923091,0.0686405467646682
"2017-07-19",0.0921487450188145,0.0876735723833078,0.108063156070729,0.0550719327904745,0.0413074334501684
"2017-07-20",0.0543460583648532,0.0522273064306746,0.0660233512315049,0.0253719502216136,0.00654255726423014
"2017-07-21",0.0510233310692756,0.0523025351544835,0.0677658197451687,0.034975687151505,0.0164175299222182
"2017-07-24",0.077119423922873,0.0809931575728298,0.0992445897962133,0.0752998277555428,0.051588326833383
"2017-07-25",0.0465589354337022,0.0541979076220698,0.0679398343896289,0.0602245959979162,0.0327577622043667
"2017-07-26",0.0667804434102701,0.0746093996178923,0.08641059208424,0.0872872904110398,0.0508242915479546
"2017-07-27",0.252844176179579,0.213037607947181,0.188485335335237,0.176812734994185,0.246935440378279
"2017-07-28",3.66741679203031e-06,0.00118674618875603,0.00306927725913342,0.00441795160035663,8.33384124347969e-05
"2017-07-31",0.00041250782751634,0.00306620482107567,0.00719781815368825,0.0101647453648981,0.00258654971638572
"2017-08-01",0.00793592691510825,0.015367093933198,0.0249682407856198,0.0374422533507897,0.0221490970815781
"2017-08-02",0.199448952887255,0.178222619286016,0.159033075658066,0.12576004051719,0.149928005815858
"2017-08-03",0.00549375609233871,0.00521933901027838,0.00633160898219476,8.48297883726534e-05,0.00680379370188922
"2017-08-04",0.000185465244813443,0.000665103413258761,0.00212824027376413,0.00182734855053313,0.00505065525519077
"2017-08-07",0.0399087312297566,0.032369426613396,0.0282163335607553,0.0557755717260113,0.0343799798264985
"2017-08-08",0.013200394377276,0.0168645992350644,0.0179026278458099,0.00290730555006857,0.00680358409866
"2017-08-09",0.0124717605628004,0.0124619598441422,0.0123813556133616,0.019083742128394,0.0426228795082564
"2017-08-10",0.059498799790765,0.0607013841430513,0.064341445909696,0.0882114649934493,0.129620732653786
"2017-08-11",0.0337818356811883,0.0421544174454089,0.0477124508734807,0.0448615579148568,0.0541104201365292
"2017-08-14",0.0155177175576195,0.00556022303590464,0.0045165284490043,0.0168373386880789,0.0183337980472178
"2017-08-15",0.012158009638449,0.00187401190098591,0.00111824039447006,0.0304665149137069,0.0248648573853747
"2017-08-16",0.00364283225905249,3.17098854480946e-05,0.000267472941005931,0.0212821603356865,0.023626468548668
"2017-08-17",0.0431277805578247,0.0546087257789472,0.041925388256433,0.0148540534496178,0.0183040445159695
"2017-08-18",0.0151883431112025,0.0146760739673377,0.00971601179750214,0.00360244903279661,0.00699233067917793
"2017-08-21",0.0264844315980639,0.0240146510183814,0.0172617237782646,0.008193893975039,0.0144552396901207
"2017-08-22",0.0248503776915729,0.0306266507835014,0.0342916302702196,0.0474521999708617,0.0378159164318121
"2017-08-23",0.00854624291894468,0.0112585325863048,0.0119515404632424,0.0204993242424245,0.0134119216270085
"2017-08-24",0.00210122338588925,0.00100393575718583,0.00089599839435528,5.5644699670232e-07,0.000640874069578246
"2017-08-25",0.0158119394876663,0.0192662649403852,0.0197863939568403,0.03074120886767,0.0185910115959582
"2017-08-28",0.0161683955358012,0.0206198069513157,0.0222522365976134,0.0335188411793106,0.0162372695356761
"2017-08-29",0.000300943811629928,0.0010515266622102,0.00124764938070787,0.00439339432495101,6.7247313565888e-05
"2017-08-30",0.00923076586736671,0.0119453614033516,0.0120934841842286,0.02101423684181,0.00608252324244041
"2017-08-31",0.0631236574854697,0.0749170642001187,0.072867434431765,0.0918833358720612,0.064007004384707
"2017-09-01",0.0997719165772379,0.11207344712131,0.114034233066168,0.128277536151277,0.0947846463371915
"2017-09-05",0.0132302140174914,0.00828725213487336,0.00903748056845544,0.00375122831402575,0.0146330878013081
"2017-09-06",0.00545404327659171,0.00997568173384189,0.0113778771316855,0.0180772968742162,0.00426802888517486
"2017-09-07",0.00091734402870669,2.95744014389143e-06,2.7277497296252e-05,8.57640485008027e-06,0.00525738527301534
"2017-09-08",0.0154006579905084,0.0206896294443155,0.0192210676023086,0.0223621198452362,0.00654841509948034
"2017-09-11",0.0123559128418929,0.0162505288494621,0.0157161744583956,0.0172944941135362,0.00270173338066626
"2017-09-12",0.345654294274589,0.328330020032819,0.319787233975017,0.327319190574772,0.455806057462723
"2017-09-13",0.00426134972646053,0.00314263015013272,0.002573909380853,0.00140155630324412,0.0182393706045569
"2017-09-14",0.064077402957921,0.0711205756037756,0.0754663801940647,0.0866690744229768,0.0473798265272296
"2017-09-15",0.00790937342840281,0.0121627203040937,0.0155833012933506,0.0219539589609945,0.00339808840399769
"2017-09-18",0.00805086114718434,0.0127815127311917,0.0149155553688221,0.0201804573040867,0.00372497629521562
"2017-09-19",0.00806036748189842,0.0145085823697284,0.0136441849834799,0.0168214774822986,0.00580868111316413
"2017-09-20",0.100953638467224,0.0793139242579761,0.0804489744152475,0.0838719625777669,0.12717674064215
"2017-09-21",0.012406997932868,0.00398395167574717,0.0044668267407757,0.00620819522616589,0.0184871698399893
"2017-09-22",0.0441899116753801,0.0254802869798061,0.0271794485983343,0.034703812529318,0.0729688631500465
"2017-09-25",0.0848631178492758,0.0546323745208768,0.0561686296131354,0.066936772005848,0.115749214057842
"2017-09-26",4.93980671034677e-07,0.00770559972823559,0.00509876192783532,0.00586942837060955,0.000773336058849772
"2017-09-27",0.0151520928134845,0.0372674952851519,0.036135526547656,0.0430978248022154,0.0185547235946475
"2017-09-28",0.0129959264255546,0.0306928315404102,0.0333074051650664,0.0430451731863806,0.0159125208857147
"2017-09-29",0.00498412914650737,0.0179218631809628,0.0192401048314901,0.0283863191959883,0.00609685816784089
"2017-10-02",0.0107133204516852,0.0245523105793004,0.0269116769038962,0.0429193102467218,0.0170539356421873
"2017-10-03",0.0242104941220356,0.0313810750376988,0.0335651952125735,0.047999265817078,0.0259883941795542
"2017-10-04",0.0124893853443859,0.0221615368567123,0.0219974364395077,0.0318493768517398,0.0124226322666312
"2017-10-05",0.0470935918836908,0.0648471622599522,0.0665100409551831,0.0773650680582183,0.049808253651024
"2017-10-06",0.12726417420296,0.16989645816973,0.170018047296726,0.184931276502602,0.135757329665814
"2017-10-09",0.0633865965291798,0.0923121867735139,0.102395664544773,0.119535483647609,0.082949092287119
"2017-10-10",0.0487172231014039,0.0744013883932324,0.0740825225293957,0.0885809186866817,0.0523256086352679
"2017-10-11",0.0944597408755083,0.127223713731968,0.121879072165189,0.139906673824123,0.0853375626743642
"2017-10-12",0.0457071385583676,0.0672675731575605,0.0628048097408245,0.0786655791524609,0.0475191551187129
"2017-10-13",0.0976925785553757,0.134000196503575,0.12574087474443,0.140223749157852,0.0926422550526125
"2017-10-16",0.0499701890106894,0.0712739695840328,0.064490381337774,0.0656164958044447,0.0348621850939368
"2017-10-17",0.0525535603515239,0.072135019397588,0.0647978353563063,0.0578072302051298,0.0283136961599912
"2017-10-18",0.0662869776916444,0.0896693285432661,0.0829716608037143,0.0775665364265385,0.0324628578850388
"2017-10-19",0.0136051487716076,0.0041904692693715,0.00549311212423209,0.00641966308411801,0.0358572596201086
"2017-10-20",0.0264567097906134,0.036811693015218,0.032600494452105,0.0314217100344343,0.00576543066659774
"2017-10-23",1.22529803205929e-05,0.00104769455903431,0.000561060576623085,0.000928752456984983,0.00315158031968665
"2017-10-24",0.0276553346883808,0.0317228067398601,0.0268579117255867,0.0288016837799701,0.00509252169451391
"2017-10-25",0.00858226090710734,0.00469320259106554,0.00693035664998654,0.00790307313857097,0.0348583918199243
"2017-10-26",0.00171022291975564,0.00133208985286326,0.000374464477446157,0.000224736528719349,0.00510689248107221
"2017-10-27",0.0491432879119906,0.0437309820439562,0.0514401249347527,0.0531348762665158,0.119831210263216
"2017-10-30",0.040878911981441,0.0329698955239,0.0403997032784249,0.0431390218686563,0.102557134922598
"2017-10-31",0.000762930218413338,2.48753429936688e-05,0.00069798300817836,0.00129068995230286,0.0136100184540076
"2017-11-01",0.0654369605848395,0.0544116021938195,0.0703662888631085,0.0746610121639206,0.145888953099705
"2017-11-02",0.0578119259104706,0.0493792030946469,0.06533364986937,0.062539356465035,0.121974369205377
"2017-11-03",0.159595677100733,0.138831068058906,0.160281904894925,0.155869579100317,0.268498101367975
"2017-11-06",0.000358598401241528,0.000209466478737985,0.00120393915645023,0.00121973527245678,0.0133402794370434
"2017-11-07",0.010764865360283,0.0141957743102226,0.0178410989794715,0.0227477231043229,0.0630985720509751
"2017-11-08",0.0147432364440685,0.00848100995371026,0.0078085816149096,0.00629493389394642,0.00144081639298377
"2017-11-09",0.0471533092530187,0.067270441984487,0.0695388305175617,0.0940414254070157,0.188219912591404
"2017-11-10",0.0339588467116281,0.0143049519631402,0.0144340055429162,0.00354337236705993,0.0557365030304922
"2017-11-13",0.074472183319672,0.0449274821713206,0.0497926311230701,0.0287721939220211,0.00395469843774898
"2017-11-14",0.000796767100113005,0.00700078143725502,0.00392429393538096,0.0145419840373948,0.0426145584433295
"2017-11-15",0.00577848420742066,0.0134493624578484,0.00849797213986014,0.0232644578366468,0.0360080214347855
"2017-11-16",0.0562964921003353,0.046804883740434,0.0551575426308077,0.0419030205090518,0.0215701958718248
"2017-11-17",0.01679637705735,0.021017338990541,0.0197779407427383,0.0187592483555092,0.00487175682417651
"2017-11-20",0.0974219359233266,0.109331114085404,0.107300900419236,0.106953213097631,0.0509908126305807
"2017-11-21",0.039435109460777,0.0490350847171781,0.0472908397292553,0.054181035214405,0.0189285601243365
"2017-11-22",0.00888767235656829,0.0143699945832965,0.014541367169224,0.0225181394123806,0.00335340018701147
"2017-11-24",0.19391751016271,0.21873529190209,0.222655007343253,0.235716500109212,0.158447868493263
"2017-11-27",0.00478945009581344,0.00867409772107153,0.0101144637958748,0.00835691312913922,0.000174532045481568
"2017-11-28",0.000195698750129036,0.0010498465913038,0.00157482617346383,0.000559245544132558,0.00143778280390161
"2017-11-29",0.137450386022326,0.124558280151419,0.117921088302329,0.138327325081526,0.202037882367681
"2017-11-30",0.0494111915709676,0.0402555744335111,0.0367944561136189,0.0451588829040499,0.0810261444949394
"2017-12-01",0.327179870245222,0.282916607116297,0.262528697542859,0.262265098944421,0.380480270459382
"2017-12-04",0.100025812015516,0.0742192531052015,0.0681862331205105,0.0700361573221757,0.120715865444797
"2017-12-05",0.0525745433480458,0.0382294169584232,0.0335640455785242,0.0337366807008008,0.0640828864697895
"2017-12-06",0.0768494327033575,0.0514250528615641,0.0474981580753573,0.0433677138724482,0.0878039979109801
"2017-12-07",0.0225339147661008,0.0100440081818594,0.00916046760210643,0.00673055285278146,0.0243945981289491
"2017-12-08",3.21691618521136e-06,0.001072836569326,0.00204138557583011,0.00327092525790462,0.000321907036211933
"2017-12-11",0.00455347046797505,0.00536022281869286,0.00343363045766876,0.00103363376400023,0.00171129880039578
"2017-12-12",0.00753239451650001,0.00750186103900607,0.0115495478905243,0.0133864264886272,0.00809714488619417
"2017-12-13",0.00436145852009218,2.05195919922296e-05,0.000600482296532867,0.00364704014994377,5.45818402097886e-06
"2017-12-14",0.00357487872252582,0.00033873027188358,0.00160640850456084,0.00279686392267831,0.000209581441607209
"2017-12-15",0.037378871310072,0.0286324665528697,0.0334282587179877,0.0385071473591774,0.0015164846993474
"2017-12-18",0.0591930217950336,0.0378280822505959,0.0453387567078816,0.0485313379603727,0.0167984666769931
"2017-12-19",0.0269083378291817,0.00874391660276652,0.0164169992009788,0.0227398974789759,0.00628697087247798
"2017-12-20",0.0229515034895116,0.0140633529614027,0.020630792118935,0.0216144398583455,0.00910248527469881
"2017-12-21",0.0492513391772591,0.0403825410977503,0.0496404389021876,0.0536907439451912,0.0267081641001736
"2017-12-22",0.0687404082724146,0.0643229674522565,0.0770741262392105,0.0844332888996915,0.039490678979625
"2017-12-26",0.00126943640808852,0.000655638758919608,0.000170200578831325,0.000651463935110286,0.00287327659508341
"2017-12-27",0.0493280786728654,0.0536104154251706,0.062659863460429,0.0554266280669014,0.0340428957790886
"2017-12-28",0.0969488235196367,0.106381099650066,0.116788592755236,0.0977322962830574,0.0764143560024644
"2017-12-29",0.0630448232200713,0.0757065514663098,0.0831938294225987,0.0629644999240404,0.0528620437428957
"2018-01-02",0.0229926533310081,0.0315298225110054,0.0342022646813049,0.0165885596107582,0.00618734878023175
"2018-01-03",0.0071776185432677,0.00996654841604383,0.0123010216337476,0.00319065939775398,0.000870927020210965
"2018-01-04",0.0147265523110582,0.0154602981994365,0.0172811761409102,0.00919004428845693,0.00587996094677545
"2018-01-05",0.042360726252272,0.0477000664061227,0.053404756022861,0.0458675841331497,0.0349481306642725
"2018-01-08",0.0239429523325496,0.0270271403529312,0.0303097960024752,0.029707069684646,0.0310455537058609
"2018-01-09",0.00560265659637538,0.00874493026273382,0.0116117550832993,0.016125677680723,0.00958990035980167
"2018-01-10",0.0166764577489957,0.0223186357280074,0.0229181965010885,0.0312218884584139,0.0382302861306492
"2018-01-11",0.0524670682870891,0.0604884835815285,0.0645582089087902,0.0773595892976735,0.0721673346398397
"2018-01-12",0.0469528959440995,0.056379017175864,0.0560182443197059,0.0723566621611806,0.0780382950642802
"2018-01-16",0.022881573653545,0.0169844847159726,0.0178491230042721,0.00885566558687323,0.0134059166914828
"2018-01-17",0.038859748163246,0.032356068929956,0.0325097882324312,0.0227829649104918,0.0255283498538985
"2018-01-18",0.0128225624548144,0.00962343182849823,0.0114170292698892,0.0094236191340209,0.00497054600020075
"2018-01-19",0.00188962044036134,0.00136651264897436,0.00201959104651017,0.00216791525930393,0.00190049854987073
"2018-01-22",0.00692865126206099,0.00781057991562384,0.0062202255048851,0.00481524440711056,0.00449294507604048
"2018-01-23",0.0300664703380158,0.0309862540907246,0.0351409693470641,0.032328032260518,0.0324721140930122
"2018-01-24",0.106575626557658,0.110164332406234,0.120472938984532,0.108562696608172,0.119136973348222
"2018-01-25",0.0669665024165826,0.0694804265786282,0.0786108286591307,0.0639434066794813,0.0636325002644775
"2018-01-26",0.00275167164900192,0.00259199918221076,0.0037029898316594,0.00109539007582349,0.00252807441031955
"2018-01-29",0.189418655349378,0.203387023131546,0.191722526152067,0.143522078356611,0.139885011496451
"2018-01-30",0.201242215259641,0.247769866314582,0.263578484368303,0.203885270893077,0.202327331633097
"2018-01-31",0.0203857974817245,0.0230754694768667,0.0237215814573615,0.00825325498762952,0.00660658971725048
"2018-02-01",0.043789722410239,0.045289362715254,0.0440343900653477,0.0192402079928033,0.012762803589518
"2018-02-02",0.36693068845917,0.37692514343382,0.374846160721436,0.268627341499789,0.271013449537554
"2018-02-05",1.45609242514676,1.4742963483916,1.41077133384876,1.18481732329334,1.16682161657138
"2018-02-06",2.22968738884586,2.25337674971749,2.23524463091825,1.97109718711434,1.8659474371189
"2018-02-07",0.38934247314352,0.409944647988997,0.388665700540025,0.302726905217877,0.306569102595423
"2018-02-08",0.626893567197162,0.622808519784786,0.589810012783547,0.483138013594868,0.504311524224326
"2018-02-09",1.51089645442207,1.4969849211731,1.4459437806402,1.32021759887421,1.24418441982909
"2018-02-12",0.352552749226735,0.34834953914822,0.3463697415358,0.303838001105421,0.339055070207112
"2018-02-13",0.0988167314075914,0.09971599718574,0.0867534526148597,0.065464628950209,0.0868866667579076
"2018-02-14",0.0847873102725651,0.0875901432506205,0.0710708947400245,0.0518263333832574,0.0767587960846692
"2018-02-15",0.089502924813524,0.0793380196958406,0.060368133240968,0.0304022288144599,0.0465235204932906
"2018-02-16",0.0542318738686609,0.0438145764552211,0.0433965531337286,0.0116854297050746,0.0114008607348794
"2018-02-20",0.0137681708661512,0.00351354162965056,0.00268945888155114,0.00838834030602609,0.000904936695322212
"2018-02-21",0.000158305361882327,0.0056653866009504,0.0189821153610943,0.0599838286406842,0.00254387953903179
"2018-02-22",0.00553637284763875,0.0014251275948638,0.013033107494749,0.0499134812148831,0.0211507238026238
"2018-02-23",0.0666050993954177,0.125475211972685,0.173899433607819,0.239430582776883,0.16018419134267
"2018-02-26",0.0878441870059323,0.148822812973343,0.18001397637495,0.234160893961702,0.150576573360242
"2018-02-27",0.00145404294158036,0.00776819400277828,0.0120600022150401,0.029152570508864,0.0121525229835902
"2018-02-28",0.00618407124962528,0.0215190625614712,0.0290128628489401,0.0631374635038191,0.050725109811079
"2018-03-01",0.193674377710281,0.126285997753936,0.104684926395242,0.051106793565457,0.0692632986990867
"2018-03-02",0.0874246629281532,0.0579929743329739,0.0417875631457334,0.0139236485730874,0.0172406032689445
"2018-03-05",0.010312359315771,0.0146465668296991,0.00904149615000605,5.24134085879702e-05,0.000206510869862564
"2018-03-06",0.00734414578800613,0.0147383923103808,0.00819651339379113,1.44998349547176e-05,1.87266511098017e-05
"2018-03-07",0.0047350584379271,0.0110566442374125,0.0066560089316936,0.000182837273189573,0.000426296181416763
"2018-03-08",0.00512081295167688,0.001374856861035,0.00426018262798267,0.0245670106645088,0.0286364164513051
"2018-03-09",0.00873011433950843,0.00448327917126812,0.0100765732890806,0.038288830859623,0.0365054293055629
"2018-03-12",0.00440280411188132,0.00219869292956432,0.00570861688634583,0.0274561492398748,0.0365826422964464
"2018-03-13",0.0280086714854448,0.0386699626405655,0.0279700801813052,0.00814698152899607,0.0025605448777517
"2018-03-14",0.0181386317462555,0.0274365453330043,0.0188718576272826,0.00401142211536176,0.00163520235656933
"2018-03-15",0.0253609103152312,0.0121367107329604,0.0181555637512207,0.0264071372748611,0.0333832945703061
"2018-03-16",0.0499523608339276,0.0325570717017685,0.0436099334236617,0.0430296881741603,0.0613599795694362
"2018-03-19",0.00894801948119173,0.0166450809641874,0.00927237321607555,0.012222318728218,0.00341521296359559
"2018-03-20",0.0168054336877914,0.0119774406576876,0.016672133840175,0.006949611003924,0.0176837611354308
"2018-03-21",0.00985994162288928,0.0143148376709463,0.0144079765136196,0.0452098964094736,0.030694978267247
"2018-03-22",0.105800244490977,0.115300936103401,0.151879432789829,0.387776489592845,0.360307043696744
"2018-03-23",0.19684620407358,0.221534708688031,0.266905450041254,0.571494257375971,0.584096471317418
"2018-03-26",0.0888899054694328,0.11356255572027,0.14707581056035,0.418874996012753,0.40935145981029
"2018-03-27",0.309139850240204,0.362967556385901,0.426061683635745,0.923057142759349,0.919748256401482
"2018-03-28",0.530522537205684,0.585148060620701,0.692164060952188,1.53440652195576,1.64238090971742
"2018-03-29",0.127290953343264,0.141585820692351,0.183701433919328,0.632357660335674,0.695794676372913
"2018-04-02",0.381983053665635,0.387036698520135,0.46802040462568,1.19808644322037,1.34412497800226
"2018-04-03",0.208132503978359,0.212334032282101,0.303486443722232,0.915041809744147,0.812893031088052
"2018-04-04",0.211037680208068,0.197220306441762,0.360325061316936,1.0367815591742,0.855224827405778
"2018-04-05",0.0483693412096409,0.0403032768226068,0.142243145021215,0.633980271540608,0.697229293978824
"2018-04-06",0.216040504637915,0.20553949096493,0.433221277922086,1.47958571046032,1.83535060947217
"2018-04-09",0.0174032659596388,0.0158542310882863,0.0902939514547452,0.587410812741874,0.919338089093491
"2018-04-10",0.0358026263425584,0.0329139498427216,0.168431961313176,0.709141898808888,1.06785063028662
"2018-04-11",0.00545345833260225,0.00652677335348439,0.0684795950561381,0.395709865496569,0.733646565753257
"2018-04-12",0.00638269079078846,0.00567286107768017,0.00137581827650646,0.074381304980097,0.105438992600302
"2018-04-13",0.00012588442804784,0.00283518393054316,0.00148877913892731,0.0600299805133426,0.0599442503947305
"2018-04-16",0.0342308546501982,0.0559369673020738,0.0308844039238112,0.00289881275332493,0.00421233547319444
"2018-04-17",0.0768988050443207,0.114368638235065,0.0890036384028945,0.0412769180794987,0.0712514649915954
"2018-04-18",0.0433332410436849,0.0849980670657757,0.073155075855933,0.0412363675564291,0.0807339101108384
"2018-04-19",0.0034114645863037,0.0166809337204443,0.0131139531404236,0.00211079031478678,0.0116834760545494
"2018-04-20",0.0124420069105118,0.00511986201238024,0.00688188695850345,0.0202092183279283,0.0221604145432133
"2018-04-23",0.000171108210958559,0.00208707224983939,0.00224645706445314,3.54632236279073e-05,5.57009887096616e-05
"2018-04-24",0.0362001464891586,0.0362078132431958,0.0284855593102737,0.0423100106865957,0.0470200363273507
"2018-04-25",0.029011426281532,0.0374259261390293,0.0273145423397614,0.0416922641343764,0.0596844532456573
"2018-04-26",0.00780509842685517,0.0036754091646003,0.00508715119849668,0.0012371931248123,1.96024113072735e-05
"2018-04-27",0.00613942969768688,0.0126984752424126,0.0150724695240769,0.0234510001558212,0.0570351200165826
"2018-04-30",0.0489723895875707,0.0659287990254047,0.0872321282243658,0.109381205428834,0.143359590718903
"2018-05-01",0.0151459055632643,0.0233976302962593,0.0476743866419262,0.0649407714041121,0.070517139773149
"2018-05-02",0.0596046268360619,0.0773894383084675,0.137943051179052,0.165330841850259,0.183130236708915
"2018-05-03",0.0345514341161557,0.0450588755013146,0.0961822086858954,0.115598428583568,0.137544061720797
"2018-05-04",0.000314786102257214,5.7525604473252e-06,0.00585423703249299,0.00929303753050603,0.00249515084023155
"2018-05-07",0.00468675652204964,0.009550985591402,0.023518262389645,0.0319358535902072,0.0171064035623536
"2018-05-08",0.000747504492670803,0.00393759907831703,0.00823899383818905,0.00475840123149029,0.000252347292395205
"2018-05-09",0.0474856607008345,0.0358651187468093,0.0299394100366259,0.023492108193145,0.0311922316260933
"2018-05-10",0.0412525582419447,0.037523669643541,0.0421660274655178,0.0300821175651986,0.0367227021561249
"2018-05-11",0.0341432580605976,0.0323336581417817,0.0239531829362605,0.0156858541553144,0.000582778412942853
"2018-05-14",0.101469121502641,0.114677215858648,0.102275331421541,0.0896003935352612,0.0860905439615762
"2018-05-15",0.000206827144751287,0.0010676680506827,0.000683582482602363,0.000140519871822953,3.40322813840999e-05
"2018-05-16",0.0710847261600245,0.0724939144515591,0.0704003253615657,0.0737465617068578,0.0841468877760414
"2018-05-17",0.0515181161458562,0.0480047578010812,0.0515402044267477,0.0568198488675442,0.0499734608485234
"2018-05-18",0.0248226589881062,0.0179792585813661,0.0194679365414476,0.0162670156170359,0.0128268618566847
"2018-05-21",0.0568466683657207,0.0455847189475425,0.0453348890955234,0.0382089210720693,0.031883658869456
"2018-05-22",0.0568403468636678,0.0424005044427278,0.0449651315926742,0.0422682983410374,0.0262057249963643
"2018-05-23",0.0117058130016301,0.00606545928260327,0.00691810818428729,0.00578492601294833,0.000244044480739891
"2018-05-24",0.00278859469747239,0.000516545001421509,0.00103913853438709,0.000837904839923409,2.92746879608785e-05
"2018-05-25",0.0566825836207916,0.0465344501088951,0.0496366870422622,0.0480962376515732,0.0446628852833699
"2018-05-29",0.000359580977025598,0.00146055718904403,0.00140383340089034,0.00132028423790231,0.00451664205520741
"2018-05-30",0.0630148204844643,0.0556714666485774,0.0537671655520338,0.0556394484384577,0.0233236853273981
"2018-05-31",0.0105574068813747,0.00784726361806976,0.00854331481248005,0.00560782990432784,0.00258571503035654
"2018-06-01",0.0868138252146284,0.0813567256972281,0.0825463756905771,0.0797070098797699,0.0754605073713734
"2018-06-04",0.0309779781607249,0.0287303541965531,0.0273073028333155,0.0252548116907745,0.0199322079827078
"2018-06-05",0.0449888329221633,0.0429754308052721,0.0443686330815556,0.0444140040909033,0.0423785276230713
"2018-06-06",0.0583675575128493,0.05499360470301,0.0527838195979657,0.0494747557953186,0.0472660518111891
"2018-06-07",0.00887342409406,0.00729142095032054,0.00702940677375374,0.00761707506149922,0.00633761283969414
"2018-06-08",0.00394744977710415,0.00336993161446886,0.0029301522472025,0.00262854186921802,0.000702865643192663
"2018-06-11",0.0505257563974864,0.0521088098229687,0.0493859882595253,0.0412877764854165,0.0258422011078099
"2018-06-12",0.0765321489756055,0.079417149235629,0.0833452113294377,0.0851401398555858,0.0675172275912992
"2018-06-13",0.00592793264742175,0.0092278255897118,0.00989223695915653,0.00635212954108177,0.000984217573869905
"2018-06-14",0.0264237630029727,0.0324039985869649,0.0355292249792325,0.033206384163331,0.0237714324958362
"2018-06-15",0.00016729612598243,0.00121620143031009,0.00121382127331482,0.000225344398522287,0.000418996987376241
"2018-06-18",0.00791771447991896,0.0110981803290005,0.0112991278195391,0.0072906011323941,0.00272805266995468
"2018-06-19",0.00610083880074597,0.00409347100963542,0.00518548735443214,0.0115569057567735,0.011210019359889
"2018-06-20",0.00359331272968388,0.00513289371849401,0.00618236431310426,0.00233486700030849,0.00864636397341179
"2018-06-21",0.00431041899632723,0.00268952637582709,0.00245982365902964,0.006118448913083,0.00375379005839505
"2018-06-22",0.0143378995180772,0.0177167088367369,0.0160105358627138,0.00643822012311124,0.0111294420718151
"2018-06-25",0.103178485474319,0.090573253485783,0.0922896096753716,0.125228351374369,0.0932072384952765
"2018-06-26",0.0316301084211481,0.0255840822127231,0.0273176821055692,0.049626538956248,0.0303423699503089
"2018-06-27",0.0499778950191954,0.0481256768990665,0.050018098458783,0.0771454524718838,0.0913084888609696
"2018-06-28",0.0371958909207315,0.0378781533724992,0.0377700177314413,0.0615246226001376,0.0704366495535491
"2018-06-29",0.150104830653009,0.150709820850754,0.150737941693771,0.198212863385803,0.280069412076958
"2018-07-02",0.000417390193847789,0.000540492099343703,0.000692535517778703,0.00628790141786073,0.0156786869319283
"2018-07-03",5.71644982905184e-07,2.9506140853286e-05,0.000154575199934559,0.00323938126687651,0.00274802186378342
"2018-07-05",0.000289507110681875,0.000223521185861664,0.000526716262353899,0.000304592228770106,0.000165758678233541
"2018-07-06",0.00570387321795041,0.0054889399588991,0.00451180109380034,0.00145441213609732,0.00321961922207459
"2018-07-09",0.0197290429031698,0.0222391296537416,0.0225366171965877,0.0138263562419616,0.010857499856433
"2018-07-10",0.0395638619836438,0.0423376913345617,0.0427106466232929,0.032985649061581,0.0390657353193822
"2018-07-11",0.000343820068409162,0.00113446420312746,0.000965532885057074,2.88065036917473e-05,0.00159595141616586
"2018-07-12",0.0459792203644085,0.053816940814654,0.0516004563090158,0.0455920269025594,0.0486699899747587
"2018-07-13",0.0753805647663277,0.0805511571975317,0.0808234039383136,0.0763960943247715,0.0827856505517666
"2018-07-16",0.0651244111538558,0.0701434613801557,0.0614493915486605,0.0470118936688744,0.0757945752736064
"2018-07-17",0.0236902726547212,0.022690556867196,0.0265630418944465,0.0213048933758251,0.0360184054350112
"2018-07-18",0.0314538181038311,0.0293676064272692,0.0314044399970648,0.0261095388023238,0.0238719066951734
"2018-07-19",0.014144330035557,0.0118495379750478,0.0123071175417964,0.00974247286645946,0.0209803367164141
"2018-07-20",0.0281322748250936,0.0234331617587131,0.0230999149118658,0.0188030059265336,0.0324959533126348
"2018-07-23",0.0389293882587278,0.0397751681046667,0.0405400062570822,0.0339923476140334,0.0462403050620965
"2018-07-24",0.00691546125395259,0.00705857699936407,0.00564827550529512,0.00573753330775228,0.0114438066484592
"2018-07-25",0.0323612529582449,0.0313519312619257,0.0287032857459448,0.0303301228436601,0.0459155258708865
"2018-07-26",0.00584599478372483,0.00495390877916413,0.00383448433371614,0.00328849302827816,0.0072667781400908
"2018-07-27",0.021107265434803,0.0219914790146056,0.0254237907768142,0.0241566316834358,0.0173500075710373
"2018-07-30",1.53200944816856e-05,2.87112198162909e-05,0.000160495967326924,0.00024506343569497,0.000396156976430584
"2018-07-31",0.00590924351305611,0.00622729488174301,0.00749907824407803,0.00703407565462455,0.00257561048122579
"2018-08-01",0.120667718558849,0.117385078184634,0.120203759427498,0.106425028474401,0.0938912820428452
"2018-08-02",0.0598909196092183,0.0568658347729403,0.0601235048054904,0.0537261547793817,0.0524498523920522
"2018-08-03",0.00331334405630179,0.0025643591509279,0.00313478531722566,0.00215668436174532,0.0360713433862929
"2018-08-06",0.00307120676403927,0.00219974963156644,0.0018089677499884,0.000854780529948806,6.16600888776464e-05
"2018-08-07",0.00775217381378224,0.00819792838964539,0.0113438500777963,0.0223790088313387,0.0336780475205936
"2018-08-08",3.35036538483546e-05,2.24289743662176e-05,1.98580156016703e-05,4.49375759759008e-06,0.0043220340141763
"2018-08-09",0.0289903576833952,0.0287615970495407,0.059380917702085,0.0475105513216774,0.0303573134800992
"2018-08-10",0.00247024399367435,0.00266371701367873,0.00125894704356289,0.000715463787994697,6.65644402495502e-05
"2018-08-13",0.000251954949525457,0.000629475261493706,8.07456222404745e-05,0.000859943202554003,0.000679697533528811
"2018-08-14",0.018186058345397,0.0193473132885305,0.0181523370375896,0.0173874198114727,0.0183740247802779
"2018-08-15",6.58320820527969e-05,1.23347830940368e-05,0.000475843400958409,0.000613366649439895,0.00116908977315089
"2018-08-16",0.0373509571752253,0.0364502430051088,0.0259368544845857,0.0237979417696481,0.0306441321714241
"2018-08-17",1.50279788613261e-09,0.000391944216254991,0.00178432449447063,0.00218949792660439,0.00329435761496177
"2018-08-20",0.00220277322408147,0.00877952341779209,0.00734747881998032,0.011469809119949,0.00334592333945993
"2018-08-21",0.000604891868574153,0.00161520518266967,0.00225861299636021,0.00182675972340074,5.61547846920085e-05
"2018-08-22",0.00419123953474987,6.38020626444469e-05,8.65247333465824e-05,8.34570710288585e-05,0.000552238078452838
"2018-08-23",0.0051395092002644,0.000584619411504006,6.6443641767e-05,4.26331712652939e-05,0.00457156558622285
"2018-08-24",0.0224539301318158,0.0116697076785117,0.00926856815800114,0.0112444914695446,0.0140650631537764
"2018-08-27",0.0258888544464002,0.0136128905546014,0.0100115439928401,0.0100186626826153,0.0213105206657629
"2018-08-28",0.0584661137284836,0.0423386350642951,0.0376353109393395,0.04242837176636,0.0570349075846566
"2018-08-29",0.0382590798677092,0.0272136328576769,0.0274181802339002,0.0306346843143799,0.0294319704752641
"2018-08-30",0.0346035635778728,0.0446107892141505,0.0525058731034118,0.0503709080187245,0.0518665603980637
"2018-08-31",0.000365306154656242,0.00117033790266952,0.00189661133163277,0.000869032129013236,0.000121986026100362
"2018-09-04",0.000858085055613245,0.00204617059356327,0.00465342384615042,0.0043100836234109,0.000676501852322486
"2018-09-05",0.0422187505924356,0.0501568785650612,0.0636953806575593,0.063420451584,0.046416262581136
"2018-09-06",0.0886067466609819,0.10300186507491,0.133080908515795,0.121410705433254,0.112444398391004
"2018-09-07",0.171732116714136,0.199401797106622,0.230963666689036,0.205714828458032,0.213020545785361
"2018-09-10",0.172741515845724,0.199921877943198,0.236356982613942,0.236229033669692,0.268176991544552
"2018-09-11",0.0516254572634796,0.0672496644474223,0.080035218402938,0.071882050463441,0.105790053906115
"2018-09-12",0.35906709233142,0.399337270061781,0.441283187771755,0.40543356590141,0.521901735151703
"2018-09-13",0.0598208329962537,0.0660843237317921,0.081344478816211,0.086992025208473,0.11305366465731
"2018-09-14",0.0428495159682349,0.046966573814123,0.0596422657605451,0.0630636989120459,0.0588340515284436
"2018-09-17",0.125384895362955,0.133690978125388,0.14816345963173,0.140967914390985,0.141679713325008
"2018-09-18",0.0398174606667636,0.0466512667329619,0.0510536357968028,0.046557689297527,0.0687660485321815
"2018-09-19",0.0375560885625434,0.0479632981010727,0.0583783365746995,0.0547478550438583,0.0869647737725763
"2018-09-20",0.0156887971192257,0.0241359918878281,0.0272925322015272,0.021873532256653,0.0289133089305766
"2018-09-21",0.00793088493028393,0.0141303717679953,0.0182405451958716,0.0179884127552961,0.036896319746424
"2018-09-24",0.00173903419527366,0.0050025076672211,0.0090378711374608,0.0141348797338534,0.0137598230966993
"2018-09-25",0.00214502723189325,0.00635770017122295,0.0103071924839422,0.0118568573664397,0.00877620928506428
"2018-09-26",0.00224146773480793,0.00853020870795396,0.0133202887236261,0.0196756344949631,0.00462124207532488
"2018-09-27",0.0034427374663899,0.000234860751772814,0.000139364155236299,0.000106969846404015,0.00183197112250433
"2018-09-28",0.00645189887600184,0.00197679193966671,0.00171345875050077,0.00072166029689158,0.00399324349492591
"2018-10-01",0.00443390149750567,0.00152591507682054,0.000761021112741345,7.32063771318181e-05,0.00495785636540491
"2018-10-02",9.87681983488642e-06,0.000183450282184694,6.12413542031565e-05,0.000385270743837651,0.00204420049268816
"2018-10-03",0.00109106150337701,0.000691703315634618,0.00078785277422666,0.00113574938313743,0.0002506853265003
"2018-10-04",0.100675098417444,0.0866582435910539,0.0830111324579497,0.0850471309253333,0.058745122111096
"2018-10-05",0.149499552432642,0.126281178037447,0.121754929687056,0.127488884042548,0.10648741277192
"2018-10-08",0.132005996995832,0.119545293601755,0.11684841339966,0.119332571784083,0.115534879687575
"2018-10-09",0.125462110950318,0.102063144085023,0.0913479003296198,0.100174004732591,0.11120339117159
"2018-10-10",0.360547855944381,0.315015082713443,0.305616077297755,0.322657634767273,0.359189313811115
"2018-10-11",0.962229853869952,0.854626028005436,0.837775552728304,0.86764501704737,0.925405106873432
"2018-10-12",0.394622640762483,0.323819530290425,0.301735416565692,0.306354194973083,0.324173076393169
"2018-10-15",0.160060693354513,0.125143612488278,0.120728580606082,0.119888316665109,0.132083611015825
"2018-10-16",0.0302338798719002,0.017951739853364,0.0172518590729855,0.0143472086022256,0.0208685840423521
"2018-10-17",0.107639646330423,0.0780721826115385,0.0792259296762268,0.0739732275499958,0.0792423891515335
"2018-10-18",0.144606294190621,0.10314548679635,0.109381146886276,0.0921248714133853,0.109832989700604
"2018-10-19",0.0594151182342393,0.0336079825669529,0.0335898582122174,0.0288936223539245,0.0420718997883205
"2018-10-22",0.0331929335174572,0.0139967175682036,0.0133210605257275,0.00881628143297575,0.0128257114312631
"2018-10-23",0.179223922123893,0.1224418214969,0.117632267575416,0.108993195256282,0.125549597972456
"2018-10-24",0.225911958393079,0.17682850942705,0.168862764077327,0.15854186775444,0.231867835546069
"2018-10-25",0.0409066771944349,0.023049618344267,0.0211515506316968,0.0173525220303128,0.0240671434152027
"2018-10-26",0.316579488704791,0.221132739824075,0.214446185057717,0.229818714287746,0.269973849597243
"2018-10-29",0.349152619525794,0.252638718341719,0.25738912596253,0.291811749562053,0.352059829241321
"2018-10-30",0.418178426254896,0.300266384212732,0.29607519271794,0.344571543603114,0.352760002093447
"2018-10-31",0.0250899989212461,0.00882635082406202,0.00830920797745582,0.0167401196218115,0.0178155266428144
"2018-11-01",0.0284404581529472,0.013344425219012,0.0132446502150345,0.0200122372065143,0.0327944562070412
"2018-11-02",0.231782067735887,0.176609071139467,0.17485224282277,0.195253862840513,0.224275076705082
"2018-11-05",0.106207220852206,0.0781340296293351,0.0821822189387724,0.0846898668244702,0.0716739559957373
"2018-11-06",8.74635442298377e-05,0.000401084795018214,0.000134051249014888,3.67408342585307e-05,5.88080323347118e-05
"2018-11-07",0.00873875443850913,0.0171647802134722,0.0138831169922564,0.00906592286681618,0.00452045686430513
"2018-11-08",0.0112608117900639,0.023218331004099,0.0222382363992393,0.0136918436561098,0.00333599506101723
"2018-11-09",0.0175241331515354,0.0229897940079229,0.0190799341106098,0.0192355872879619,0.025220973604986
"2018-11-12",0.00408501160904073,0.00141220760676708,0.0032136524527735,0.010200501298351,0.00651775136581634
"2018-11-13",0.0328660139048507,0.0324919213762052,0.0412958546715583,0.0631842439881685,0.0506316622469156
"2018-11-14",0.0465065036927106,0.0285926541780426,0.0302589945264329,0.0510946724362282,0.0290750981627541
"2018-11-15",0.0392782253901396,0.0196994480735799,0.0299995521692431,0.0543981933476871,0.0230314787630195
"2018-11-16",0.000198969326952625,0.00230206547894229,1.65155889615409e-05,0.00509559317935726,5.5499685691629e-07
"2018-11-19",0.00474269080785339,0.00247634477899528,0.0111549153018546,0.0381823271736164,0.00722800872880702
"2018-11-20",0.227068564222199,0.255137072988524,0.336915857990551,0.491729370436537,0.324312208149717
"2018-11-21",2.67128332687161e-05,0.00231942408103958,0.00708724436224872,0.0302910878334068,0.00349879130992692
"2018-11-23",0.00762065231142062,0.000672604133307608,7.56147085612113e-05,0.0106234729143337,0.000413807236832708
"2018-11-26",0.0101075194070357,0.0214467335893849,0.0354348792794907,0.0826072975820711,0.0296932568688146
"2018-11-27",0.0323597905341364,0.0578537128579608,0.0885192245505113,0.16099636571172,0.0737449103826908
"2018-11-28",0.00737621935032617,0.0259703010424488,0.0480323550561339,0.097427458652168,0.0319266947542649
"2018-11-29",7.52264832764027e-05,0.00633427278383092,0.0141783311542865,0.0410110026587311,0.00701958704101702
"2018-11-30",0.0166344756533783,0.00145521988638331,0.000104596026299086,0.00423122785056496,0.00173113152290116
"2018-12-03",0.00385785825150253,0.000913626203671303,0.00187706818494515,0.0141985622388998,0.000738110290475991
"2018-12-04",0.0109816893560741,0.054673992371139,0.0592297814813361,0.100178797372581,0.0306688208039332
"2018-12-06",0.0428952965336622,0.131932766259264,0.152130863306117,0.179455822117144,0.0711967406822978
"2018-12-07",0.0330719635728738,0.0851636825110789,0.103684137120919,0.11782613947969,0.0384904423152577
"2018-12-10",0.118119787165883,0.221980522565584,0.272105380907454,0.294474001869149,0.136593349978322
"2018-12-11",0.0381357786352554,0.118985659289117,0.144944629086404,0.156333831316911,0.0616291243667069
"2018-12-12",0.00155819581019223,0.0153423338284302,0.022749348756872,0.0254994948652498,0.000444468111380214
"2018-12-13",0.00878550596479499,0.0819023012305045,0.0870063911112804,0.0863744263146611,0.0214891228667018
"2018-12-14",0.0046494221444886,0.0724939040892183,0.0779195688438543,0.0766284132339863,0.013390603644218
"2018-12-17",0.0391737661987073,0.137085771763093,0.148462261579744,0.14824842297984,0.0740741418650881
"2018-12-18",0.0123003602494252,0.0625716426675891,0.0741720078425516,0.0728784441298356,0.0295103443491678
"2018-12-19",0.172091520244634,0.319197814492981,0.356734002050891,0.347586881457203,0.228104591929969
"2018-12-20",0.219257312279923,0.390464194373577,0.40128990584568,0.398473532055232,0.266295203578899
"2018-12-21",0.224495350226974,0.372033631037884,0.38271761482332,0.386016764167129,0.248610692340365
"2018-12-24",0.0541658642084362,0.111528295575333,0.111776727475473,0.119099894963462,0.0590261235555851
"2018-12-26",0.070518801459881,0.111608741931184,0.110827891161692,0.118361382383867,0.066076490927454
"2018-12-27",0.0624873515972775,0.0897625146001415,0.0875278081519442,0.0887512506001924,0.0495514531721479
"2018-12-28",0.0475791883095948,0.0787091826307236,0.0778153213013129,0.0775716830782458,0.0460796494043703
"2018-12-31",0.00873584862612198,0.00212234207560424,0.00225324654695314,0.00277907819586565,0.00605735859738932
"2019-01-02",0.0039140359673504,0.0140887750430891,0.0131979835915099,0.0123549530528519,0.00486186612127715
"2019-01-03",0.0844164076046903,0.110921764928975,0.104803691841748,0.102973369021173,0.07991485225101
"2019-01-04",0.00052752715030735,0.00367217006023157,0.00187150516766854,0.00143297138676957,4.96044104203452e-05
"2019-01-07",0.00808364542944551,0.0116825654353891,0.0091396457366828,0.008480541439849,0.00340856757289032
"2019-01-08",0.0172308807845796,0.0161807515810599,0.0188324125324217,0.0168954520936488,0.0149002865803813
"2019-01-09",0.00011753659752145,7.65247546434811e-05,1.86404058586387e-05,4.35321136436073e-05,0.00350440924139939
"2019-01-10",0.0292165380764982,0.0310796033739003,0.0325760073698593,0.0325787262375477,0.0256267112273778
"2019-01-11",0.104825082074901,0.107246433081793,0.108481632642021,0.110954448802012,0.0830402860520651
"2019-01-14",0.104907934685126,0.107116215750947,0.108147534671593,0.113473891477712,0.0804183818474942
"2019-01-15",0.0643445269855116,0.0671048725638115,0.0679921759325206,0.0715408702082332,0.0497456678170365
"2019-01-16",0.086899512266982,0.0846407291449085,0.0864547018432058,0.0901331330249362,0.0674084635350354
"2019-01-17",0.0321412604995652,0.0287165889223369,0.0292901147180564,0.0318058927625771,0.0213318809006748
"2019-01-18",0.0636190211915868,0.05742370413237,0.0590378540117058,0.0602192418171152,0.0451206347529354
"2019-01-22",0.0468322323342358,0.0409413611542557,0.0410364695561398,0.0398588476913915,0.0258960871951659
"2019-01-23",0.07202749591529,0.0618460684354201,0.0622072564202822,0.063736023956559,0.0427098879771926
"2019-01-24",0.0852513789609479,0.0729871854998878,0.0726879861021152,0.0748988876033989,0.0489508457954053
"2019-01-25",0.11065146090674,0.100293437197783,0.0989501157995196,0.109145910955084,0.0753587241003508
"2019-01-28",0.0478294860099715,0.0418397137230428,0.0406768991777993,0.0484840569104295,0.0256833670397423
"2019-01-29",0.0284208602227463,0.0259079706894485,0.025878527528576,0.0293171000955912,0.0170867729589999
"2019-01-30",3.76697303323681e-05,0.000313621975288836,0.00020693889427803,2.67039310521966e-05,0.0041410840366618
"2019-01-31",0.0265243771447863,0.0245939610161683,0.0225140920723814,0.0257298711745193,0.0181899639879677
"2019-02-01",0.0325421218278392,0.0295792658293264,0.0266600210359411,0.0292604971054278,0.0196685917905883
"2019-02-04",0.057917756498278,0.05455704015441,0.0517591788626541,0.0551716204470492,0.0430460822628922
"2019-02-05",0.0682886926909012,0.0638960643039572,0.0589093851756588,0.0622815583232295,0.0474431407582616
"2019-02-06",0.038817914017031,0.0371557504528306,0.0343355469209605,0.036183833046735,0.0265983664555405
"2019-02-07",0.00758219907821012,0.00664103474067113,0.0066645233804028,0.00707541822282431,0.00569510577791532
"2019-02-08",0.0259102914054514,0.026154165012275,0.0205333990686287,0.0193906384237619,0.0191102575808637
"2019-02-11",0.0311384136329136,0.0346859869490725,0.0282043697098011,0.027318563515417,0.0302166948360418
"2019-02-12",0.121383223919137,0.126857243120446,0.1173165332916,0.111899635283478,0.123088634548304
"2019-02-13",0.0741433171619157,0.0726113314075147,0.0667446595214458,0.0628628423754212,0.0781028307374267
"2019-02-14",0.0251976774845104,0.024290588502496,0.0292604295969472,0.022871076421934,0.0279027738918891
"2019-02-15",0.0422788332281514,0.0459101186569943,0.0389214566221285,0.0353604434634582,0.0460863557683688
"2019-02-19",0.0951812449720342,0.101134436050473,0.0922225864680559,0.0835381408625744,0.103265606265592
"2019-02-20",0.0196049284853803,0.0219909818994366,0.014669992680864,0.0182433527165047,0.0440162888168438
"2019-02-21",0.038931168023614,0.0465583660568223,0.0335615363686876,0.0326162246195376,0.0599327877000997
"2019-02-22",0.111914540765855,0.121032430059797,0.113185538451292,0.112586977200623,0.159665122120832
"2019-02-25",0.0354005350775681,0.0387593797593919,0.0330713453616145,0.0294960986331174,0.0539246596625369
"2019-02-26",0.0656537230681082,0.0682480095081053,0.0618542893662759,0.0629504523059243,0.0955216425677858
"2019-02-27",0.0198514370932774,0.0234897137285084,0.021674218955156,0.0203343358419674,0.0390837116390994
"2019-02-28",0.0467227761587556,0.0526745826397441,0.0471846667028875,0.0426805697949066,0.0603308728323246
"2019-03-01",0.04903736436246,0.056891626379749,0.0534891078415691,0.050935341278515,0.0583466628528422
"2019-03-04",2.4010733372215e-05,0.000547811693351719,0.000409260652211252,0.000114227369534037,0.00315927608329614
"2019-03-05",0.047252210225309,0.0575523310546218,0.0516852551345057,0.0401807216168031,0.0558613751634214
"2019-03-06",0.0304857778132022,0.0350936410955263,0.0303756916034188,0.0275624625091591,0.0430554520371906
"2019-03-07",0.000443941326929709,4.69334286861134e-05,0.000526122887792191,0.00074244263786416,0.000136939912270817
"2019-03-08",2.98790938637605e-05,8.71036642768885e-05,7.32015727762381e-05,0.000136394836127041,0.000926134168827142
"2019-03-11",0.0222431433767174,0.0266489075039462,0.022592127540958,0.0190781968837073,0.0315769604317471
"2019-03-12",0.00245068297347339,0.00433609939337454,0.00339648872759479,0.00201053530403894,0.00756322748938842
"2019-03-13",0.00671575752366738,0.00901147156872573,0.00648703763925296,0.00511987512380596,0.0131498902803868
"2019-03-14",0.041948161069834,0.0476471431899319,0.0391812574421504,0.0335801803421276,0.0460492349493635
"2019-03-15",0.0178650756486607,0.0198560196881878,0.0121718324670754,0.0110223890601293,0.016654087922936
"2019-03-18",0.025970332426122,0.0262617035075354,0.0194228064394106,0.0177150137062281,0.022425554216861
"2019-03-19",0.000575744420813651,0.000338687167181551,0.000836284199376092,0.000844745549735793,0.00025152956266794
"2019-03-20",0.0256052758026304,0.0208771083842605,0.0261362470543518,0.0290843737571902,0.0183745765665086
"2019-03-21",0.004217080725335,0.00308922965740299,0.00669784966261067,0.00825784799880314,0.00690680617879491
"2019-03-22",0.100900758828175,0.0915030306756162,0.111091658102267,0.108677138929753,0.0985340536637109
"2019-03-25",0.222543236665075,0.204405100755211,0.237692156475535,0.265820954680584,0.264606035227905
"2019-03-26",0.138824282369911,0.131887222150218,0.15655682520026,0.15135080287935,0.141997318114621
"2019-03-27",0.0943083622442065,0.0965642232100659,0.109523870075915,0.115157759516915,0.112236212288019
"2019-03-28",0.0188391778289108,0.019117335944633,0.0227971262640041,0.0246022196700293,0.0213081148076752
"2019-03-29",3.14332285933361e-06,6.18401583141193e-05,0.000191149540429203,0.00119900426858277,0.0105234678347379
"2019-04-01",0.00458169476830772,0.00560474857042914,0.00949035066675386,0.0160778431825559,0.0217149463539281
"2019-04-02",0.00536602512467499,0.00375163447951565,0.000168219386781354,0.000667373398837601,0.00577027132320929
"2019-04-03",0.000356435028494584,5.50649194908104e-07,0.00275300145418478,0.00329313901767736,0.00683109001300886
"2019-04-04",0.00739681603723441,0.00425898610543496,0.000225312248897769,8.10528422623413e-05,0.00269008657696013
"2019-04-05",0.0520497108509157,0.0378556843735001,0.0249730392124501,0.0210526690031454,0.0101732629225035
"2019-04-08",0.0279752386540495,0.0128769688141028,0.0075033785653591,0.00391821148495874,5.60469865928948e-05
"2019-04-09",0.00289552205083554,0.000233088559945305,0.000789184537196119,0.00204024802698832,0.00359280972831177
"2019-04-10",0.0250532685113278,0.00909846195728203,0.00821077890253896,0.00782359118498932,0.00490431334643726
"2019-04-11",0.0310696952491953,0.0142462457977222,0.0162930554384044,0.0128940049323416,0.00916646528800769
"2019-04-12",0.0147805371354215,0.0056115902313616,0.00684329592616262,0.00518392573513848,0.00324403580133348
"2019-04-15",0.062266109221174,0.0470641150062734,0.0490515023361233,0.0469234695260889,0.0441993099834164
"2019-04-16",0.00889144904457551,0.00658427053439503,0.00882480780389749,0.0051040368985571,0.00528040721408018
"2019-04-17",0.00138961203308474,0.000761465410884954,0.00176504019961077,1.40046175056696e-06,0.000282458964628196
"2019-04-18",0.0203890418508341,0.0200028500716947,0.0148695506610808,0.0107077713218657,0.0107931018386642
"2019-04-22",0.0341245177938099,0.0355998060745897,0.0247889417633096,0.022100048426408,0.0235811965013892
"2019-04-23",0.0316975582819585,0.033418018999408,0.0223188757372352,0.0195528096832844,0.0244580520204167
"2019-04-24",0.0538834185269446,0.0519850905957613,0.0423782661867245,0.0326585191808308,0.0434886082871728
"2019-04-25",0.0105506895617331,0.0106314250145059,0.00868146547873017,0.00497897325054919,0.00909059364094511
"2019-04-26",0.0113087905741494,0.0132904177962463,0.0153381644203965,0.0191189418641633,0.0128540656274896
"2019-04-29",0.0367847085334274,0.0287588651905839,0.0256788304024473,0.022277941371728,0.0292059934307836
"2019-04-30",0.0186725638819405,0.022787690502907,0.0246782315261371,0.0277699831203222,0.0168993530367367
"2019-05-01",0.0757556547089098,0.0875383751591585,0.0865315093625525,0.10063210280627,0.0647924242099682
"2019-05-02",0.0155539112825838,0.0221059683980482,0.0229148687154637,0.0237946505074205,0.00846762343320528
"2019-05-03",0.0444515885767649,0.0378766590318791,0.0377036424139969,0.0317042575915125,0.0391746928162342
"2019-05-06",0.0204875249515586,0.0224751191290278,0.0208130929289758,0.0278041592557448,0.0165399193600673
"2019-05-07",0.130531615065616,0.14063668029473,0.13674712024684,0.143668095340163,0.105526014603903
"2019-05-08",0.0512912737173319,0.050101841811713,0.0461570230818402,0.05438540528649,0.0361657653034715
"2019-05-09",0.191938609774248,0.189910111451604,0.181362040426537,0.21009339340659,0.227902292711655
"2019-05-10",0.18629829638009,0.188248694291831,0.24728191082058,0.320482046635596,0.331041901862825
"2019-05-13",0.419032140436649,0.40342392513386,0.510183109217003,0.581078781918366,0.588475260761006
"2019-05-14",0.0609892951134359,0.0717048030128535,0.116734681492601,0.109309312321735,0.0744507199677253
"2019-05-15",0.0149063438139301,0.0321941045188816,0.0692023631487384,0.0882125043396964,0.0682997602407402
"2019-05-16",0.00476815664031505,0.0147251459992919,0.0272021505636526,0.028306203202431,0.0259042988154279
"2019-05-17",0.0778639703593618,0.0988347643546506,0.128838125325272,0.148793379837425,0.154782961988563
"2019-05-20",0.136391807364642,0.191135793754142,0.223646808986302,0.220236820937105,0.19695665673063
"2019-05-21",3.33761646253983e-06,0.00307377923932872,0.00625533663112843,0.00412024466225613,0.00557481276155358
"2019-05-22",0.00430372431736648,0.00804590858740095,0.0117415183433203,0.0093495212876471,0.0116297508640681
"2019-05-23",0.0420547553529493,0.0585089084663595,0.0675533656184906,0.0639495333105473,0.0688588564051063
"2019-05-24",0.00993114138391338,0.00223327024308051,0.00119856520408623,0.0017677817591335,0.0019674714360991
"2019-05-28",0.000202141296399727,0.00574329918499217,0.0131136272554491,0.0135896906582516,0.0174654722001559
"2019-05-29",0.00120510390297746,0.00519094650302288,0.0086740930849758,0.0101325693136776,0.012547066050784
"2019-05-30",0.0061777496853801,0.00263955520993031,0.000941193692228781,0.00150503294460402,0.00148479755689457
"2019-05-31",0.00197242942496678,0.000925070875325451,7.08933347026708e-05,0.000150701153800226,0.000110714130025613
"2019-06-03",0.355708806397417,0.370783158213443,0.412060526544264,0.401001088275653,0.415584699216176
"2019-06-04",0.000519386872808614,0.000435152774679093,0.00229714984693286,0.00283449715587869,0.00495520756773327
"2019-06-05",0.0113090365519368,0.00700113887419773,0.0111626653429096,0.0099953017251222,0.00824916280045085
"2019-06-06",0.00206601508889048,0.00400083847365762,0.00246615374804526,0.00257853665967733,0.00317629428497446
"2019-06-07",0.000793688521851355,0.00219029117625524,0.00202951199835533,0.00193169677593819,0.00236622026817068
"2019-06-10",2.462765220268e-05,0.000935063162824878,0.000551249255215325,0.000358105261908159,0.000384796593439374
"2019-06-11",0.000755112123989043,0.00473734564783301,0.004454744374359,0.00376198229506164,0.0077750783170405
"2019-06-12",0.0162322487573348,0.0276035082962078,0.0281496524578035,0.0268581791495859,0.0334654857543053
"2019-06-13",0.00811150450160891,0.0183354116043299,0.0186924838736753,0.0161690232432821,0.0218351389640292
"2019-06-14",0.00985315794288466,0.0222109637523824,0.0234716127551122,0.0204283758877073,0.0209751321745937
"2019-06-17",0.065881382089708,0.0843584288886592,0.0968976684843978,0.0879729490632923,0.10643242289152
"2019-06-18",0.00287657390671536,0.0124622589166856,0.0146143117157709,0.0102775702818299,0.0177606133706982
"2019-06-19",0.000178896054378264,0.00291064425473775,0.000993297298055973,0.000454831654627785,0.00380488365227594
"2019-06-20",0.0522247563383726,0.0847976068491119,0.0705442664430191,0.0649968243753414,0.0821026896163379
"2019-06-21",0.0746745501946571,0.107046493584595,0.0914129317790462,0.0852195977230246,0.105343467854115
"2019-06-24",0.0920353491084449,0.138754685225029,0.126594138831624,0.117271636096324,0.137363023795657
"2019-06-25",0.0184589512581266,0.0411322521465398,0.0388212453151593,0.0353617169271505,0.0495461529685441
"2019-06-26",0.0434188233801642,0.0727452018491186,0.0772017593927563,0.064501036801734,0.0873308759198816
"2019-06-27",0.083370740466364,0.112477790409749,0.0991560230142003,0.0918741257702189,0.124926161331067
"2019-06-28",0.0649243144823832,0.0891227821809708,0.0799064826611986,0.0699086956593473,0.102269608880924
"2019-07-01",0.0160757565818657,0.028158213896279,0.0210041257934201,0.0161461367949718,0.038976733897377
"2019-07-02",0.0718620345462919,0.0880969097151232,0.073067088967524,0.065113100034377,0.105814838249671
"2019-07-03",0.242006376809716,0.255043888967111,0.226480675043511,0.226561410681647,0.289347501475822
"2019-07-05",0.0636895626197223,0.0722381715084728,0.0523878179450463,0.0528753271000479,0.090625236748223
"2019-07-08",0.0299975815763027,0.0356839542710874,0.0214895818178826,0.0232670530453747,0.0502873523119642
"2019-07-09",0.0613050546753873,0.0673737816355602,0.0507998910744356,0.0530765930415911,0.0876694933539912
"2019-07-10",0.042802336840329,0.0475186735538631,0.0362325776988035,0.0384214266001384,0.0584488333259907
"2019-07-11",0.0461031552991318,0.0528750948967238,0.0417792655825893,0.0428364579670655,0.0630792160770637
"2019-07-12",0.10336717879694,0.110984818827432,0.0904686919576285,0.0935545626828966,0.112662022888513
"2019-07-15",0.0995462695054463,0.103513975892241,0.08123079086697,0.0827828008467641,0.0958704409571447
"2019-07-16",0.0665934617266681,0.0674383179953986,0.0510574148337972,0.0518650063160722,0.0623039592682684
"2019-07-17",0.072068592298792,0.0714382444219728,0.0526202388721058,0.0554015043953462,0.072161326104687
"2019-07-18",0.0414376647299539,0.041950994610674,0.0291858790237423,0.0297764407543399,0.0358159354924505
"2019-07-19",0.0125585706654747,0.0115103631691695,0.00601577792833985,0.0071288391782407,0.0117016428674286
"2019-07-22",0.0590243761836913,0.054039917462231,0.0395832433849386,0.0427292218194175,0.0541989339005662
"2019-07-23",0.0293327685744647,0.0271794834452461,0.0176829094312854,0.0215675121643992,0.0327089336486241
"2019-07-24",0.0598047595350684,0.0577494228871984,0.0455317263682726,0.0525518738979052,0.074093689691636
"2019-07-25",0.00884113737983738,0.00789451005171693,0.0025564514032792,0.00376900999746366,0.0115796068694867
"2019-07-26",0.00294047354698712,0.00273741946372885,0.000309536237491637,0.000211344120055967,0.00423627340865007
"2019-07-29",0.0313411852107077,0.0327181874996607,0.0221628884785909,0.0207986566419243,0.0379918706156752
"2019-07-30",0.00419906995073283,0.00503239605984906,0.000640122484190764,0.000749737339817091,0.00540215473279138
"2019-07-31",0.310291153074875,0.297620228608088,0.356219438199848,0.368981951153751,0.323475978688972
"2019-08-01",0.393247657418655,0.367745262004366,0.420065704702472,0.426379330565784,0.40222699996034
"2019-08-02",0.289455320007858,0.276720175847412,0.309385614318888,0.277058919368863,0.299662898697079
"2019-08-05",0.281869329466422,0.262053623502806,0.283951826234237,0.25531516289552,0.268041932939983
"2019-08-06",0.145164414736029,0.134685941332814,0.149572243547051,0.138306210033855,0.14997861317704
"2019-08-07",0.272902923942836,0.255574868179993,0.272509230247244,0.20453928354658,0.144544470378224
"2019-08-08",0.0118410716520205,0.0102908875173808,0.0142536437664686,0.00830894177098518,7.45192826929753e-05
"2019-08-09",0.047572651569582,0.0416704169346089,0.0724428192741255,0.0308700329907212,0.000188508222224382
"2019-08-12",0.0604652161829351,0.0511175629070146,0.0909148356914089,0.0596165493955292,0.0067407398542767
"2019-08-13",0.364150707000999,0.347025885886262,0.451554589593461,0.350039588913101,0.144499478397827
"2019-08-14",0.165495755608348,0.193133892779135,0.269184108877207,0.211845646773385,0.0943196482104451
"2019-08-15",0.0862592700717373,0.12030557796097,0.16001835771867,0.119807609779218,0.0476265707094092
"2019-08-16",0.0071294516379925,0.000465174888825137,0.000796357831455596,2.24891950360018e-05,0.00462614622018176
"2019-08-19",0.0588936534700362,0.0319749183779572,0.0178735482681829,0.0272901470048792,0.0493759947961132
"2019-08-20",0.0165223769577303,0.00334659757908873,0.000115889066685915,0.00139359360852898,0.00710825538795068
"2019-08-21",0.0828144471448153,0.0542380595153111,0.0385732831808796,0.0643145240236658,0.0908898502359072
"2019-08-22",0.0101051658302258,0.00333117188173859,0.000502977549827088,0.00352476852468064,0.0127728159976397
"2019-08-23",0.210881710318823,0.252792781918961,0.296441171840985,0.227804046376185,0.179681366886655
"2019-08-26",0.000101187869358643,0.00197747909247958,0.00597944012759677,0.00129986161711138,7.22350411486161e-07
"2019-08-27",0.00452616065623901,8.49710549566396e-05,0.000317100550474292,0.000337926101853459,0.00206551325168802
"2019-08-28",0.0208153694043052,0.00767005941878107,0.00459565853319699,0.00993312298767135,0.010748933033581
"2019-08-29",0.077891596108612,0.0512084688564312,0.0437549437294178,0.0554761980056622,0.0491846347932003
"2019-08-30",0.0202460239952003,0.00780001191697055,0.00491370073389263,0.00651700099726549,0.00375225088335829
"2019-09-03",0.00271256898642513,1.35039912936286e-05,0.000728735609047071,0.000640648991354853,0.00262210310404165
"2019-09-04",0.11762747435695,0.0942802964162326,0.0867548201772625,0.0832595743193367,0.0790725756354378
"2019-09-05",0.0887440204692853,0.0733058481917115,0.0604057600705779,0.0587825851301464,0.0480018148259074
"2019-09-06",0.0587923360667189,0.0476471256030619,0.0389627695913506,0.0324255436637975,0.0184449482913716
"2019-09-09",0.0966225842286295,0.0739443184152928,0.0674819208882991,0.0595024511011619,0.027317731702539
"2019-09-10",0.00329498746837231,0.0100230691521142,0.0115424022721462,0.012780864339752,0.0420098411471426
"2019-09-11",0.0141183967928604,0.00690011303371274,0.00709268153245346,0.00620901675553975,0.00197020946328319
"2019-09-12",0.00136620764489903,0.0054972598967975,0.00509832635064722,0.00676886653850461,0.0512433273518786
"2019-09-13",0.000109988014653339,0.000459117973573342,0.000240237445055413,0.000193375973036369,0.0190005993084053
"2019-09-16",0.0226726989635182,0.0190811441743406,0.0206368699382806,0.0191701858969426,0.000332911524372648
"2019-09-17",0.0684789684350324,0.0628844902621641,0.0667718298994004,0.0724512067613023,0.030073913630281
"2019-09-18",0.000258902820040596,0.000314402928293545,5.67705819856101e-05,1.59815576381561e-05,0.0104086415881852
"2019-09-19",0.0248503477377464,0.0247674577109624,0.0281209047110422,0.0344601066310701,0.0136455107668965
"2019-09-20",0.00745972221941615,0.00816910819852179,0.0065935710979963,0.00643082230170555,0.0294713104174202
"2019-09-23",0.0160975530453806,0.0156840301797139,0.0170110296156001,0.0285890632463559,0.0118302306129052
"2019-09-24",0.0441037501498533,0.0539712667342942,0.0500700753175565,0.0390631385727975,0.0787905189719607
"2019-09-25",2.94338338913125e-05,0.000606510419322248,0.000255574703583283,0.000494076771273111,0.00149495208593509
"2019-09-26",0.0115556556370975,0.00423808171628104,0.00552817628674096,0.00923226516870801,0.000249930961117029
"2019-09-27",0.00742034613968778,0.021524571188259,0.0188338406630815,0.00883279773477907,0.0282658749614066
"2019-09-30",0.0265231709675424,0.0113272496245043,0.0133911256742032,0.0140746348622047,0.00137373906625249
"2019-10-01",0.0135733020264701,0.0271751746885411,0.023374588068785,0.0201979214060484,0.0522446026951235
"2019-10-02",0.00892516207195526,0.0210069002664333,0.0160785550487705,0.0117179413315209,0.0358857679656974
"2019-10-03",0.0975794430244759,0.125904219265992,0.110903203368754,0.104551595165173,0.18303230703922
"2019-10-04",0.00630059418904727,0.0025265809018975,0.00552186097174601,0.00412671774188578,0.00218323591178393
"2019-10-07",0.00145628143284227,0.000147772812393754,0.00115740433445621,0.000820084736399718,0.00534055977680858
"2019-10-08",0.0207732443655118,0.0333411764083253,0.0255682877673806,0.0232251544330029,0.0615851151130762
"2019-10-09",0.0181415742081765,0.0121790021931094,0.0158096491779907,0.0143600775262782,0.00172056301145584
"2019-10-10",0.00442183676886287,0.00241780925504576,0.00354755636668935,0.00268533057415921,0.000320866254335916
"2019-10-11",0.00101570758111813,0.000289241110880578,0.000558531973672727,4.62265125802386e-05,0.0064165133706493
"2019-10-14",0.0501642936039586,0.0458705606227487,0.0487448120626359,0.0472381810898836,0.0238560630028792
"2019-10-15",0.0724586570076755,0.0681940455828351,0.0725683556621504,0.0724769691177722,0.0443797636076126
"2019-10-16",0.082127493327081,0.0731753440520864,0.0775496429397458,0.0741788279491167,0.0442483800955287
"2019-10-17",0.0901264711183025,0.0740102382017194,0.0768789843977782,0.068135373725249,0.0323225900426936
"2019-10-18",0.0774912238449661,0.0642864150173006,0.0681713225006866,0.0636303460601231,0.0309560368394093
"2019-10-21",0.131607205612395,0.112537414258227,0.118409304534599,0.114412397535043,0.0687848040974164
"2019-10-22",0.0852396904076,0.0679848559815432,0.0734198393470309,0.0706439728972714,0.0296593124283504
"2019-10-23",0.0681619757951599,0.0561502904500086,0.0628641677907185,0.0592343930861816,0.0220045179421318
"2019-10-24",0.0663319997938179,0.0585676634576986,0.0654850457078033,0.0667734426329956,0.0307371916006591
"2019-10-25",0.142240535949373,0.129473117421568,0.139139263874943,0.141509224359065,0.088240152007504
"2019-10-28",0.124805824234534,0.114178824546675,0.123510157348353,0.126685837984673,0.0833408869655554
"2019-10-29",0.00130583015011321,0.00225648611160167,0.000973081505640794,0.000108052825006588,0.00318842455253976
"2019-10-30",0.00328429727297763,0.00230516060280506,0.00336548445749729,0.00655161530050052,0.00186506862991398
"2019-10-31",0.0373577038840309,0.0394678413423555,0.036152289503915,0.0290348913288496,0.0448055378682448
"2019-11-01",0.0262073747177398,0.0276288166807535,0.0302141599097121,0.0338188780132853,0.0234427850414682
"2019-11-04",0.0216571880969492,0.0248752348899159,0.0261253018559409,0.0328482991750723,0.0266943643699296
"2019-11-05",0.0808688991956741,0.0877318236281166,0.0897621627016831,0.0906148054236056,0.0736890229325704
"2019-11-06",0.0585517290264566,0.0660994418762697,0.0628724523236406,0.0602421751819597,0.0389964000752787
"2019-11-07",0.0523073986308651,0.0599519752061561,0.0550160912692901,0.0534923880795093,0.0283857810540749
"2019-11-08",0.100713878421128,0.123943849674115,0.113704559062167,0.0924872368156948,0.039063856667136
"2019-11-11",0.0760724421502137,0.101503789415418,0.0983463555125297,0.0819188729521505,0.0380928825287323
"2019-11-12",0.0601184330002535,0.0733404587044637,0.0704268812322288,0.070275902101474,0.0426203949370003
"2019-11-13",0.0244299170138649,0.030995560906802,0.0287220488680451,0.0210006603260007,0.00583988946580893
"2019-11-14",0.0185810720476434,0.0182259295080618,0.0158178856468218,0.00536777909172015,0.000666719847767672
"2019-11-15",0.114979146798421,0.0986949302955336,0.0800313178163516,0.0654647424997246,0.0553181875532784
"2019-11-18",0.0609816809037593,0.0442638030978553,0.0283086916394828,0.0181357997053331,0.0169723828972235
"2019-11-19",0.0440413751457798,0.0344022048896018,0.0193538653964944,0.00887784879658482,0.00458802214780585
"2019-11-20",0.00185549932588702,0.00450217826919963,0.0140196091382374,0.0257979581015855,0.0366310746206211
"2019-11-21",0.00932810851614829,0.0083650801012094,0.00198155278948176,0.000501019144777404,0.000217366097548188
"2019-11-22",0.0321076128575639,0.0329332004821814,0.0172067910349816,0.0171828595749717,0.0126766214115688
"2019-11-25",0.152887347588885,0.157756914022271,0.12258288792695,0.118644847171794,0.0973949337098015
"2019-11-26",0.0377174041006871,0.0394991015132253,0.0216355371367867,0.0156726135602694,0.00825149619209542
"2019-11-27",0.112676814810075,0.113805332034421,0.0821605898724771,0.065438347023373,0.0431435860232343
"2019-11-29",0.147255357883827,0.144648407770719,0.111903108130128,0.0976932700209685,0.0714052190266319
"2019-12-02",0.00447828002958839,0.00453747599110876,0.0148182321379478,0.0241017355325366,0.0461492238543448
"2019-12-03",0.0108773089177401,0.0108454096403807,0.0244379872885243,0.0373214573391076,0.055765640450663
"2019-12-04",0.0413668051975371,0.041224299802153,0.0261681741242363,0.0146690306726096,0.0106125533435832
"2019-12-05",0.0291930383432,0.0265267785188943,0.0130270523420251,0.0119229780412144,0.0100618110722048
"2019-12-06",0.117421030196349,0.115188959695997,0.0916955377093118,0.0910558356649549,0.0996052698251322
"2019-12-09",0.00647427830106317,0.00539581957266977,0.00125004312088328,0.00195855039203296,0.00659964484574105
"2019-12-10",0.000916242949400958,0.00100458154012784,1.10088371678696e-05,0.000241202877321323,0.00167060415404596
"2019-12-11",0.0445810405113045,0.0421526652414952,0.0295601007062403,0.02971607892772,0.0520484692302372
"2019-12-12",0.0682317006351911,0.0659440973955112,0.0835582214867632,0.0995404313911301,0.0590578614906816
"2019-12-13",0.00659472729354738,0.00448082561803442,0.00914724397484035,0.0155319687658455,0.00679166966963018
"2019-12-16",0.0837160135144164,0.0867493615910406,0.0757803147365175,0.0610014489256652,0.0598553132382009
"2019-12-17",0.0244996662822776,0.0226796689102653,0.0205982829636473,0.0145862330280331,0.0111974254788882
"2019-12-18",0.110110456192963,0.112797035668927,0.112803127548888,0.104773474011773,0.104208352646321
"2019-12-19",0.119168345005362,0.118800020048748,0.123636221942681,0.121900073690781,0.128385353656881
"2019-12-20",0.0589639467304424,0.0595019135559036,0.062129284271409,0.0554093359828203,0.0618156662857428
"2019-12-23",0.132526405691458,0.128728224232887,0.134402403069672,0.126350077521111,0.145252708364383
"2019-12-24",0.21554262224338,0.210576709508571,0.225242844921603,0.214913597113679,0.248603583430256
"2019-12-26",0.16550162142591,0.160669466739448,0.179938661190751,0.169925607530672,0.198680522432324
"2019-12-27",0.0103068152652022,0.00547369548858812,0.00847942295910453,0.00156240416290454,0.00188320366470407
"2019-12-30",0.00212342780282992,0.00646318060623252,0.00582791516703751,0.0129778793776316,0.012018827705284
"2019-12-31",0.0291848958263539,0.0222728300299071,0.0245576280764528,0.0179430547539539,0.0234651362372189
"2020-01-02",0.0133811363860867,0.00844499986150704,0.00917193530426252,0.00494394573526624,0.00800536799764884
"2020-01-03",4.2683165246693e-07,0.000297639557332419,0.000277470972049221,0.00276234721520829,0.000304620162311142
"2020-01-06",0.000415332641918509,0.000290441789452256,0.000406434454154558,4.89455271350803e-05,0.000451133579623564
"2020-01-07",2.30210377383244e-06,1.94793322418896e-05,0.000222156845551158,0.000774933803905808,0.000209476174861223
"2020-01-08",0.00164994318998746,0.00114094614840199,0.000677105622140628,0.00393917905605767,0.00224006573076152
"2020-01-09",0.00901847718406978,0.00663799409646493,0.00494801620964047,0.0102235684506677,0.00540230805305564
"2020-01-10",0.0072436797731108,0.00380975830054808,0.00354496665508708,0.0145260574456347,0.0146675609911329
"2020-01-13",0.021048466126826,0.0248683167797124,0.0262649768990755,0.00986616386768091,0.00786009734206061
"2020-01-14",0.0366164023348476,0.0345558206269447,0.0322747568343884,0.0635443763001882,0.0675396111318156
"2020-01-15",0.00131636642391575,0.000678173650914049,4.91638283686147e-05,0.002764892738083,0.000935009969966538
"2020-01-16",0.0170869718042959,0.0186613036824639,0.024131005427664,0.0116826324427839,0.0157785307887626
"2020-01-17",0.044066299145548,0.040580443489894,0.0485696368756305,0.038539098672971,0.0512580605722426
"2020-01-21",0.0257658805580563,0.0233583842639329,0.0303544465410064,0.0300447602420897,0.0511494557639589
"2020-01-22",0.0270857581487609,0.0244660142629494,0.0316404233466221,0.0332520976577906,0.0627998460043393
"2020-01-23",0.00333976524799584,0.00195582207625344,0.00501278668544458,0.00610368532213568,0.0231021800543965
"2020-01-24",0.00424554421901946,0.00709165028341574,0.00270267193596374,0.0017288087922489,0.0019693199230908
"2020-01-27",0.148678781295442,0.167948687826625,0.136956114230256,0.137796618545899,0.0703024449498157
"2020-01-28",0.00397099884535512,0.00212493596025798,0.00694849737460768,0.00744495256612421,0.0322160177381736
"2020-01-29",0.0638959052566337,0.0840850244921643,0.0650831283043245,0.0667724828451888,0.0241707603590355
"2020-01-30",0.0134038003782755,0.0215091030852415,0.006977672420307,0.0096156821380271,0.000719100000881046
"2020-01-31",0.130421713257813,0.146985670389587,0.0929328525776341,0.11022418422173,0.0319687422566215
"2020-02-03",0.145448127100928,0.158382324074788,0.0989493365142569,0.116839354396348,0.0306232150643517
"2020-02-04",0.010263379952905,0.0135351948117843,0.00208494403088499,0.00242117677063569,0.00891047844120685
"2020-02-05",0.027742369517578,0.0271861357205991,0.00770046973463279,0.0126269184192589,0.00102827479582102
"2020-02-06",1.18803205939599e-06,7.85861274055222e-07,0.00546081356418604,0.00478962093231661,0.0472848947280404
"2020-02-07",0.00330955373369046,0.00421677834166556,0.000177961101276214,0.000698324934513384,0.0373574593401851
"2020-02-10",0.000844402248290965,6.2560626012953e-06,0.00506659139829146,0.00769787515544729,0.0521813820923749
"2020-02-11",3.00960351495849e-05,5.52996071443435e-05,0.00555255825781376,0.00580435055099038,0.0528090423220073
"2020-02-12",0.0465147819895173,0.0328622786761663,0.0614659645224411,0.0656477750489972,0.151235768285298
"2020-02-13",0.00823740195832867,0.00320700806506036,0.0163218582671989,0.0141023505391691,0.0634954472940958
"2020-02-14",0.0629130288224649,0.050228596961611,0.0696097836483913,0.0509237629555257,0.0775641119200399
"2020-02-18",0.000678835235412123,9.428234582054e-05,0.00112096443533827,5.90449317747765e-05,0.00951176365211426
"2020-02-19",0.0791584053939081,0.0614451209070934,0.0850342178224781,0.0916645294173726,0.177364039213018
"2020-02-20",0.000632793715081625,0.00285637715381104,5.78698370337083e-05,0.000157984340722228,0.0221329431660717
"2020-02-21",0.0122712106087377,0.0178575331954458,0.00462199829893639,0.00435319485610952,0.00264456844969274
"2020-02-24",0.920483117621437,0.983546845673631,0.798435745412055,0.849051469111144,0.591094619034849
"2020-02-25",0.513979833700818,0.534485518406331,0.407041357589248,0.459422487666055,0.306566200347543
"2020-02-26",0.385318428324273,0.379906992094144,0.260440991970168,0.327803412233839,0.349453811642857
"2020-02-27",1.10408617026524,1.06731230977177,0.868353794477029,1.06827068901144,1.2864961178578
"2020-02-28",2.74821867583707,2.73208036783778,2.33540239137742,2.64725622386931,3.55035046558403
"2020-03-02",1.05223068379926,1.02451249981731,0.834215422448036,0.982211251372792,1.56346617302434
"2020-03-03",1.93718330385402,1.94396460297511,1.66848218079841,1.92752411878477,2.95529011869996
"2020-03-04",0.432684155390497,0.427545651984332,0.3076732334161,0.426802455895393,0.953374290542776
"2020-03-05",0.385194164729918,0.390622972441733,0.288713019508266,0.377498137066506,0.991686294312252
"2020-03-06",0.5837363296595,0.600802303402689,0.46781863049155,0.585834144054166,1.65795623317624
"2020-03-09",0.894264285342244,1.08510434095112,0.994654606547223,1.26968873741986,4.80503418072723
"2020-03-10",0.547819882617219,0.63911729498077,0.555415163169546,0.754612314890856,5.98844329838819
"2020-03-11",0.379212149142456,0.461912470406169,0.38529178192567,0.470045086822438,4.04508745465108
"2020-03-12",1.30264928075794,1.60317739273766,1.484709943965,1.62981219863349,8.0371220532991
"2020-03-13",0.543323433216399,0.880748581385703,0.848473198216505,0.903754947057402,2.67408925343877
"2020-03-16",0.809905070635513,1.17579778984367,1.08484984959802,1.07681441166932,4.28188057635878
"2020-03-17",0.572356249767662,0.971992342174398,0.899261855336616,0.874744091245525,2.43800697907043
"2020-03-18",0.800969712938344,1.37725044796329,1.21635475483626,1.1646956659496,3.74675697378676
"2020-03-19",0.523496048606275,0.9320476951637,0.816297854726858,0.767342018104888,3.05884347010825
"2020-03-20",0.544798038522316,0.765805168607042,0.643425424765473,0.611700507161539,3.18187840475784
"2020-03-23",0.595153212501502,0.714091288321116,0.679377863165553,0.677881676419867,1.22312848249334
"2020-03-24",0.068403328306764,0.0821818036387743,0.0675989463586417,0.0745043013237945,0.30407315990256
"2020-03-25",0.14659142649568,0.145641603438738,0.124730894272,0.155286254095478,0.352333253289585
"2020-03-26",0.00242605249023908,0.00652027834947844,0.00291137817320064,1.29064630938203e-06,0.00740082949346355
"2020-03-27",0.0545425140248303,0.0790655866459924,0.0596525725563901,0.0246549250944974,0.0781752991902698
"2020-03-30",0.201882953874907,0.263367758658807,0.218886570980142,0.138016927527323,0.298675819329063
"2020-03-31",0.147557787437803,0.196275932391138,0.146693012897747,0.0785437962334161,0.234481744641714
"2020-04-01",0.29574491965239,0.382476546256124,0.304895677289566,0.196423631967741,0.442606183714962
"2020-04-02",0.162203399988238,0.242701658886057,0.161521849781205,0.0657591733127856,0.253788337089389
"2020-04-03",0.302370716846947,0.414354886311549,0.295758231356058,0.163314191261688,0.381583574681204
"2020-04-06",0.490886792298704,0.628153609374231,0.497768709639983,0.364582643539354,0.430017815133632
"2020-04-07",0.11291513621164,0.221392982062141,0.113010591578016,0.0273562148510977,0.0411259795943875
"2020-04-08",0.251956584298116,0.391792825942256,0.234381414564683,0.100658436363822,0.0256338326687593
"2020-04-09",0.183190697578542,0.304562713269946,0.166680357759871,0.0581602600853031,0.0491470213692011
"2020-04-13",0.162566093733262,0.277240976877658,0.127344858054356,0.0141963701450787,7.98388529624944
"2020-04-14",0.0303434671474245,0.0955955430616,3.44626113180091e-06,0.437237489440998,1.18745903339289
"2020-04-15",0.0412067303466699,0.0797214841379532,0.0064321225438615,1.17231832950862,0.98670709371561
"2020-04-16",0.00161928505729025,5.93765683083447e-05,0.314374868204855,24.9083410418133,1.23455457993531
"2020-04-17",0.00590544267234239,0.00807445692290543,0.71272853761186,1.22049709537369,1.22049709537369
"2020-04-20",0.0692559185879387,0.188263468167101,6.00329949312679,1.02368182279214,1.02368182279214
"2020-04-21",0.778763270070127,3.98504280899167,1.85698198634615,1.85698198634615,1.85698198634615
"2020-04-22",0.0738558806281389,0.601744923481499,7.11189829584799,0.787358713650259,0.787358713650259
"2020-04-23",0.575996375473456,3.71269401159718,549.542166425205,1.23213142005089,1.23213142005089
"2020-04-24",0.322398110386398,2.93737492747926,0.647594212658491,0.647594212658491,0.647594212658491
"2020-04-27",0.688408450203902,5.80534550389654,0.715754908762914,0.715754908762914,0.715754908762914
"2020-04-28",0.488723266059698,1.26050292258061,6.63875131084808,1.0084041896252,1.0084041896252
"2020-04-29",0.50034071137217,1.02234664540771,6.3187167811899,3.49307857406061,1.00379437952028
"2020-04-30",0.31185951427978,0.413940696814432,1.53920187370301,0.278062909060484,0.12266219368389
"2020-05-01",0.687833026142619,0.632326644520456,0.758110540540581,0.143157941145965,0.0562235291391782
"2020-05-04",0.144882714081487,0.100844199295939,0.109266063371366,0.00247400102569317,0.0165948893676593
"2020-05-05",8.50793542506167e-07,0.00366299556112559,0.00346371968662984,0.13859069796045,0.212830176649746
"2020-05-06",0.0230436825626739,0.00299430273701673,0.00314461023804413,0.089631854715678,0.138037614973772
"2020-05-07",0.00866803779810144,0.0224088187544691,0.00476961289184974,0.120734305912764,0.182867641212052
"2020-05-08",0.0108517528841827,0.027265295933224,0.000261904322714113,0.0813092725984854,0.133321289858677
"2020-05-11",0.0150284130346714,0.0280275791768687,0.00231404658196799,0.0509373568934495,0.0960775743322939
"2020-05-12",0.00669340043905864,0.00430702994043131,0.120881446255203,0.00893279008637315,5.28120086096262e-05
"2020-05-13",0.182921909839985,0.162003843393735,0.618301756603495,0.364812247238577,0.452892026471964
"2020-05-14",0.0733011981389728,0.0579764468021757,0.847956398330666,0.33626439568306,0.23986412498169
"2020-05-15",0.000284338760333958,0.0021499531895095,0.0446865143580677,3.74121062680643e-05,1.21836428161881e-05
"2020-05-18",0.011110867569097,0.0220260399722794,0.00249629599592449,0.0244578854148849,0.0367990382536436
"2020-05-20",0.0220419589797243,0.0346235214873232,1.37055248281559e-05,0.0285325586321423,0.0445222593619794
"2020-05-21",0.00515493976579062,0.00985297723167133,0.00490208489371713,0.0108887746936084,0.0204897090644744
"2020-05-22",0.0199611760106972,0.0243066779429351,0.0253238172426629,0.0638649853859421,0.0822415356917756
"2020-05-26",0.00313172455124522,0.00340596617454625,0.00132958323094456,0.00143313161877723,0.000138075176357111
"2020-05-27",0.0595425750151755,0.0700773656125664,0.0498862964662761,0.0625313127753133,0.0354405972232397
"2020-05-28",0.00013396901707452,0.00108580487536503,0.000140731840172936,0.00206260732607633,0.00161071173035254
"2020-05-29",0.00128912926613167,0.000244105600630817,0.000155925684738545,0.00127125254949734,0.00429140527807714
"2020-06-01",0.0999795625886635,0.085868371551514,0.0782411680754893,0.0316625919376095,0.0172379921301993
"2020-06-02",0.0942822607581397,0.0790165432500798,0.0696498262250289,0.013431281013093,0.00667954441150753
"2020-06-03",0.0702829289835867,0.0540814288950735,0.029998584866507,0.00299397262951318,0.0411854125059063
"2020-06-04",0.0411600710309732,0.02942737734443,7.58787937691352e-05,0.0842439618739332,0.28224499669814
"2020-06-05",0.0208812593402381,0.0122881295282904,0.0478106966651377,0.191914931985664,0.366856830812921
"2020-06-08",0.0316462727147446,0.0260461611109783,0.0290857174474224,0.135930609459797,0.257130322441911
"2020-06-09",0.000585719417252939,0.00040911043193459,0.165609843848863,0.246467608557225,0.41863045934927
"2020-06-10",0.00737266772725698,0.00720756902493069,0.489392727999485,0.368789581872188,0.463679807534393
"2020-06-11",0.129191107310277,0.117514833420811,1.10034226097822,1.08408750303808,1.52201769917856
"2020-06-12",0.123133540712585,0.116953824145941,0.908778106884109,1.51089062820642,1.96352370318839
"2020-06-15",0.116282464070193,0.107748014662528,1.07855488117403,1.65974741303302,1.66861993376973
"2020-06-16",0.173375893015697,0.16333630014565,1.32832438044957,2.02942013190422,1.63092728004645
"2020-06-17",0.00321355317146366,0.00391228292257639,0.257505334917473,0.536138130294003,0.416901099097625
"2020-06-18",2.05732356435284e-05,5.24695799966057e-05,0.221904730819747,0.405262693739437,0.244368618379721
"2020-06-19",0.101582061183818,0.108875529101958,0.664309512165846,1.07729810153016,0.632247650197538
"2020-06-22",0.00190676173415927,0.00271646723116814,0.232228242341821,0.389848839849522,0.161119511132966
"2020-06-23",0.000200629903661653,0.00033237854480217,0.153066643030389,0.218577277651644,0.195388519039989
"2020-06-24",0.0418189460998812,0.0411581478093033,0.3881111365513,0.500951769485331,0.372689947964505
"2020-06-25",0.00306701322636105,0.002925552689796,0.0877880159316708,0.179027626122387,0.148380194044175
"2020-06-26",0.000189393763444512,0.000192731671499136,0.106844541284501,0.197520622431994,0.192346489666065
"2020-06-29",0.012931222009037,0.0118711216905723,0.0335882787938968,0.109669381797332,0.085843159063764
"2020-06-30",0.0814741837676465,0.0752590330155871,0.00138758356813695,0.0133656860489801,5.92663244800562e-05
"2020-07-01",0.0474238606277997,0.0376643080969434,0.0152827677318832,0.138300255929058,0.0669220187711776
"2020-07-02",0.026024675818098,0.015416889908072,0.0509650408226996,0.267486743296906,0.141862564465445
"2020-07-06",0.0992332639267512,0.0764580811948723,0.00129998827722133,0.0161907881930632,0.00298606597628881
"2020-07-07",0.0135496091726035,0.00427987005159913,0.0507586024743623,0.140621565389144,0.0659412890661815
"2020-07-08",0.00864089047512651,0.00285762244086096,0.0302153346600389,0.0822698171279483,0.0563044600037383
"2020-07-09",0.000223208861720225,0.000267140415340039,0.0756321148797992,0.0917888240114801,0.0867046162205509
"2020-07-10",0.0269976501288454,0.0201056831827739,0.00170285310362739,0.00317142979267082,0.00149857322209157
"2020-07-13",0.0116550651248388,0.0142042524484514,0.600103146918627,0.356070628443464,0.808527538827434
"2020-07-14",0.0980032489005955,0.0973143490390991,1.58789526532614,0.913012452194193,1.84866603259887
"2020-07-15",0.0584451023322772,0.048927496198679,1.25118318892907,0.767334262351701,0.743439829935979
"2020-07-16",0.00816638347046039,0.0038380649394496,1.3091833957972,0.499459229464976,0.330481997969999
"2020-07-17",0.0141419257608553,0.0273721829681146,0.353626859427234,0.056191253663425,0.0209720981024908
"2020-07-20",0.00504688590470836,0.0206475444448726,0.159152510671221,0.015508859517203,0.00185270513487246
"2020-07-21",0.014677638042369,0.0015791371920626,0.236759042131314,0.0320102992922351,0.00328425143944666
"2020-07-22",0.000789869663365694,0.00468699819486074,0.111363130699439,0.00152561791982486,0.00774831052225977
"2020-07-23",0.117235351890679,0.060964704999362,0.330907131537967,0.120965282931532,0.0827762897574877
"2020-07-24",0.206993890315001,0.126915291489743,0.511092539309022,0.198643879243308,0.105286135304945
"2020-07-27",0.00651615367125014,0.0214380058012553,0.00238269555776016,0.0285925460184144,0.036751047992662
"2020-07-28",0.0275954340971172,0.0613521604883764,0.0172614726931299,0.0948939513502911,0.133172055303191
"2020-07-29",0.0432163894758051,0.0983395453742455,0.0790024106081773,0.171274506782516,0.185990504934026
"2020-07-30",0.000484139463043709,0.0253993804951309,0.0249447045234494,0.100351358652104,0.108264577530694
"2020-07-31",0.080659329443596,0.0116948676222206,0.00851950229892595,0.00683678205442306,0.0144764203620404
"2020-08-03",0.0754228280058125,0.016691165028498,0.0265629740847082,0.000437075642314877,0.0040089112559869
"2020-08-04",0.00104666200110315,0.0037032094354954,0.000481817145089325,0.0368382181087381,0.0703149114356947
"2020-08-05",0.00585262585191293,0.0307867643526354,0.0235465320581716,0.0802767475247614,0.12752256309701
"2020-08-06",0.0197810130800731,0.0415011174750308,0.0258980936676725,0.0805960517249806,0.121848402311119
"2020-08-07",0.00595401507995241,0.0183907417493074,0.0117714359337704,0.0566970680598393,0.0637516350714022
"2020-08-10",0.019701948431645,0.00609785959571485,0.00412390417198072,0.00840098325635319,0.0161804621257629
"2020-08-11",0.0131081138974631,0.0100881835048201,0.0132966948413089,1.32690596217344e-05,2.13176479579857e-07
"2020-08-12",0.00131707343212595,0.00139329730830928,0.00108618810414773,0.0135715739033913,0.0121561971627719
"2020-08-13",0.000257950124403994,0.000799566571459076,0.00174839607496291,0.000196231547182846,0.00973268187168586
"2020-08-14",0.028624899567312,0.0209867518829474,0.0047721273690029,0.00427348949089668,0.0294607375036484
"2020-08-17",0.0745930353616722,0.0581825923155574,0.0357401488710469,0.0325121759014206,0.0253690061541603
"2020-08-18",0.0406870204923042,0.021955491024864,0.0181011642883346,0.0195787965461938,0.023846766361876
"2020-08-19",0.00187639444839882,0.00023248521320518,6.67906369566929e-06,5.22030188943035e-06,0.000345897080303859
"2020-08-20",0.0497456787849475,0.0278019547194479,0.0119368928017904,0.0326673803219579,0.0179788979700348
"2020-08-21",0.00957507409805025,0.0334752781100882,0.178691506065545,0.0381655503917608,0.157694555002893
"2020-08-24",0.0959303448369349,0.150203929657194,0.441964451695894,0.175104739428042,0.309471243213967
"2020-08-25",0.00758468328787831,0.0281506598755688,0.317717655743798,0.0734457188618898,0.140811557782428
"2020-08-26",0.00736470690482416,0.000473373174528557,0.135835407534906,0.00408946538109412,0.00672021998699002
"2020-08-27",0.000396027484682149,0.0043145431905236,0.127500765163084,0.0242733787678742,0.0507912133725359
"2020-08-28",0.000808600842685303,0.000261401129202588,0.0232695145237922,0.00426701833526266,0.0168907172322077
"2020-08-31",0.259873541715602,0.310059710054583,0.39494563318858,0.378534214052073,0.450958713642085
"2020-09-01",0.0850297841081149,0.123361862712621,0.12114246410821,0.101504388624389,0.120095535054662
"2020-09-02",0.765760342323256,0.845526361098378,0.861130691991862,0.83922239047122,1.15216278260286
"2020-09-03",1.11727805864919,1.13127819151413,1.13376340852336,1.1680398341695,1.44017781029679
"2020-09-04",1.85651359292444,1.84160889921969,1.77595515319295,1.80895746283144,2.37144519972101
"2020-09-08",0.739263194671327,0.746204676424131,0.779444694562907,0.66911603408386,1.3407005663185
"2020-09-09",0.204421480361638,0.230319022925741,0.316320182920091,0.194589151901949,0.573285695682154
"2020-09-10",0.486810679757786,0.564230578413492,1.16263506990958,0.585850774849367,1.24902098681323
"2020-09-11",0.408765090295128,0.469270233438278,1.02860726155933,0.562193743758947,0.379216310004574
"2020-09-14",0.0666856352884984,0.0734287281081549,0.282169904207592,0.0903623792543395,0.0780234146758356
"2020-09-15",0.0114018657320782,0.012561423140989,0.0612602263103366,0.011600166040838,0.02294097429659
"2020-09-16",0.0551559897655791,0.0669559794601082,0.162804838997854,0.0503756925631129,0.0696580327111822
"2020-09-17",0.00521850781845812,0.0125485301495447,0.0195105796672617,0.00305466336032412,0.0572120492194543
"2020-09-18",0.00056439880710002,0.00140344056609831,0.00388488153320643,0.00201151646159214,0.0152967145233298
"2020-09-21",0.0236135606937102,0.0127070808656329,0.010983766245396,0.0275287744987234,0.00130055888049063
"2020-09-22",0.072161493132787,0.04854686568685,0.0584928796253301,0.092078171188086,0.0129652729031891
"2020-09-23",0.00577935012051212,0.000351063889362013,0.00217024301751567,0.0208029876128824,0.000264818161340274
"2020-09-24",0.000121008450147952,0.00219973370870519,0.000236533657168359,0.0100807950422639,0.000578615738106025
"2020-09-25",0.0282680350470648,0.0150323402750119,0.039791556288657,0.0802007848880106,0.0279512170191785
"2020-09-28",0.00225038337125727,2.90316175655114e-06,0.015017185460318,0.0639881127158479,0.0243078650695332
"2020-09-29",0.0207379766126552,0.0166680152022822,0.0572435750814797,0.156634873328986,0.101219606831858
"2020-09-30",0.000315894408847495,2.89776154693833e-06,0.0132849441118326,0.0825183653678971,0.038713105561895
"2020-10-01",0.0171684604985856,0.0126464687233157,0.0405669253932874,0.133911227392455,0.0699633624956124
"2020-10-02",0.00435362047387522,0.00494519878915445,0.00132143367062443,0.0424470617285073,0.0120185189322486
"2020-10-05",0.152232221007619,0.144960225509323,0.211328409441546,0.347973035748109,0.234322789222279
"2020-10-06",0.0169648584136122,0.0213655169224491,0.000156640300148947,0.0316473172065983,0.000554009201473304
"2020-10-07",0.0810635937626378,0.0757408321648012,0.150837738204915,0.27951750772999,0.165737429007306
"2020-10-08",0.18119925171075,0.168815546903029,0.269056099600864,0.422651672242148,0.293253371514096
"2020-10-09",0.131736249664438,0.12802414049296,0.247836512229898,0.420622402200292,0.301246229874609
"2020-10-12",0.000241342956969204,0.000162186978054368,0.0512893817439251,0.156679517118443,0.069680493550148
"2020-10-13",0.295806652899236,0.310204975885484,0.0545979574519673,0.000364807160694758,0.0304168584742108
"2020-10-14",0.0142941023556389,0.0176166120048011,0.0174458066468484,0.0859225009798004,0.0254611567607546
"2020-10-15",0.01814521300077,0.0267109644953516,0.0126078118934658,0.0685311675534317,0.00966472111244476
"2020-10-16",0.00660213789915076,0.00434872626966709,0.0839883505697825,0.150205585288935,0.0552376295622676
"2020-10-19",0.125633310473542,0.128232451311252,0.00078644023515162,0.00534973617409484,0.0161323524578947
"2020-10-20",0.0228556760759617,0.0208755254055544,0.00507734170878327,0.0164206102587821,1.38986710671585e-05
"2020-10-21",0.0366537988717026,0.0405459562867938,0.000351511848603714,0.00297636598814544,0.0449874079516015
"2020-10-22",0.080326131482527,0.0909359444801972,0.00759347235450769,0.0061774084345454,0.0919702238555629
"2020-10-23",0.0310289886663582,0.0371176713438617,0.000282015189613904,0.000121147910336017,0.0226213507501045
"2020-10-26",0.0458888418130179,0.0515418819899534,0.0079334862667555,0.0137120799854675,0.141878253072582
"2020-10-27",0.010825222320749,0.0113196257547454,0.0407189443901768,0.0253410083593546,0.00747139542170316
"2020-10-28",0.0732415794283794,0.0827926480845109,0.0121399576329486,0.020141310341957,0.132206905036781
"2020-10-29",0.0315866823872559,0.0381093733864111,0.000349599214280127,0.00150702074889719,0.0512161622743408
"2020-10-30",0.277635977611817,0.305359210998543,0.111650907976208,0.102121270142821,0.224321452819519
"2020-11-02",0.0382698423959993,0.0334755901567216,1.29428668604881e-05,9.5823546060192e-05,0.0101870886322657
"2020-11-03",8.10187190669609e-05,0.000972500329152304,0.0313821793769677,0.0276208858530704,0.000932026348983594
"2020-11-04",0.0695925299020748,0.0425125287668355,0.00432060152044667,0.00633742367206191,0.0676968441329229
"2020-11-05",0.00440380098550963,9.61119284632606e-05,0.0134102160227494,0.00892987251349364,0.000279336561464394
"2020-11-06",0.0125990735761388,0.00700349444374715,0.000843648594588409,0.000287370940059706,0.0249814311927297
"2020-11-09",0.115690673805591,0.101087157183474,0.0580897403660834,0.0822916302528922,0.187812520402037
"2020-11-10",0.161397224912851,0.145849362029867,0.0900681408763258,0.10819534737627,0.196135047256889
"2020-11-11",0.00815915979583881,0.00935307955432063,0.0226969028117574,0.0207180207751572,0.00667911151363487
"2020-11-12",0.00241435955936886,0.00298052075067834,0.00999901629322886,0.00746121332941097,0.00960072315515137
"2020-11-13",0.124496999575843,0.126039117825382,0.117957090074487,0.113101338999372,0.000467944016496524
"2020-11-16",0.0419426269227079,0.0414712772496455,0.0358377654896809,0.0324519422349798,0.00161978211092628
"2020-11-17",0.0447554060343285,0.0463376569395757,0.035432383622485,0.0305488681614652,0.000977067626719563
"2020-11-18",0.0835939743705694,0.0857927357943258,0.0645885852932229,0.0685488675501511,0.00923167414845905
"2020-11-19",0.0303249578219758,0.0311520133980383,0.0158868397868515,0.0222929733971791,0.00687148649943992
"2020-11-20",0.0975630730234371,0.0989517927282129,0.0982918616355009,0.124032048593556,0.0867548454454106
"2020-11-23",0.0672381708479959,0.0776144573808522,0.0708390227240314,0.078880544786724,0.0189199243964198
"2020-11-24",0.0543318645771727,0.0631719924515999,0.0626572113634987,0.0570859141110447,0.00227801267869099
"2020-11-25",0.0341305187747321,0.0413703982067841,0.0538818367419103,0.0517216990186702,0.019296350705444
"2020-11-27",0.149814726170697,0.166995872916361,0.203947153184961,0.198172317715911,0.157166288255164
"2020-11-30",0.0085618525837321,0.00341221167854466,3.00631968372933e-05,0.000442346970421781,0.0125616387913974
"2020-12-01",0.00104931693757471,0.000206688292305302,0.00487611873945393,0.00486159998436264,4.04560983380264e-07
"2020-12-02",4.27204401878267e-05,2.78902296058092e-06,0.0104746819749815,0.0207887232566997,0.0206077236853348
"2020-12-03",0.00703375822358399,0.00680390226222305,0.0362284846621037,0.0410153268337872,0.0314270380159862
"2020-12-04",0.0180458827016812,0.0131536156054517,0.0441751861956969,0.0471515921739365,0.0431127255540027
"2020-12-07",0.000104461554257362,0.000498660575550147,0.0098656614806103,0.0104960206612086,0.0091367371135509
"2020-12-08",0.00212597680302973,0.000218358028629684,0.0086300124582277,0.0114630734392585,0.00727133313446049
"2020-12-09",0.0259725471479346,0.0432961513131924,0.0138711205058337,0.0119615120842251,0.0129200206771207
"2020-12-10",0.0310615603162665,0.0504619440824079,0.0146758322739331,0.0101192156414571,0.00599274022197682
"2020-12-11",0.0219748340821548,0.0460520825544823,0.00738542423037525,0.00539072646036542,0.00252876261107948
"2020-12-14",0.0151694230477906,0.00818171482975849,0.0287975080026719,0.0377907639995199,0.0414034480961287
"2020-12-15",5.16175805953534e-05,0.000850631685835213,0.00488339172679941,0.00958946334268984,0.00305118090211742
"2020-12-17",0.0212084000605912,0.0131594877688574,0.0409801659146187,0.0492634037567032,0.0269737417259173
"2020-12-18",5.0634904441349e-05,0.00132067470602015,0.00346407811682159,0.00255563299794415,1.06966465165392e-05
"2020-12-21",0.0347350906486021,0.0442404136528287,0.012129996804922,0.0112411883615122,0.029667443245194
"2020-12-22",0.0718479388053035,0.0894817531786698,0.0521713349554025,0.0573807523799479,0.139505480735932
"2020-12-23",4.52699799202705e-07,0.00105273006132345,0.000878566915441636,1.34903874919878e-05,0.00737054329213693
"2020-12-24",0.0509124441360584,0.0394672421276607,0.0334677874575919,0.047398497553234,0.00189884049223776
"2020-12-28",0.0146912152919054,0.00926036006563957,0.00304293222059893,0.00465012472637683,0.0299949472832479
"2020-12-29",0.00411635166728574,0.0071200354340144,0.0185006513998172,0.0239992285456918,0.122299575434162
"2020-12-30",0.00155719608619398,0.00105060725175865,0.000180657834091713,0.00105199093716069,0.0504784065509303
"2020-12-31",0.0122801495738902,0.0109538758053644,0.00127613329394105,0.0036846893508915,0.0210955090716667
"2021-01-04",0.127548982190366,0.129405847511252,0.134504108601877,0.145499052378265,0.268822834486267
"2021-01-05",0.00203442041913782,0.00239134156515131,0.00181173761042697,0.00351716287407733,0.0179933947920741
"2021-01-06",0.0337315219422416,0.0332190570583171,0.0300435832484587,0.0365178229297678,0.0911295998664179
"2021-01-07",0.0164598919789407,0.0108191088223317,0.0157981832850087,0.016604584818037,0.00014559739347253
"2021-01-08",0.0229385055711502,0.0377165760491718,0.0194090568697465,0.0191883747174504,0.0564673440197461
"2021-01-11",0.0183386832693224,0.0405891916676757,0.0125084392473076,0.0137426401567373,0.0325418257047942
"2021-01-12",0.00348289742607077,0.0124981570310678,0.00254271578742582,0.000637332480157404,0.0217274973607451
"2021-01-13",0.00753467889605397,0.00159401957158267,0.00795224411067119,0.0156248958553444,3.88670874946762e-05
"2021-01-14",0.000755282715763306,0.000120134276034189,0.00265462644483305,0.00614234150817872,0.0010446132723545
"2021-01-15",0.00729675178012301,0.0149147946379391,0.0041537201570192,0.000479199054454371,0.0194844930462752
"2021-01-19",0.0659839809103302,0.0603745914711404,0.0704905362190429,0.0807078360139504,0.0237707189276251
"2021-01-20",0.0156176694823027,0.0128034699639157,0.0263156068913293,0.0254450513191991,0.0237344582125052
"2021-01-21",0.0271265352115402,0.0222842909102112,0.0252402201806574,0.0187954753173933,0.00316504709319676
"2021-01-22",0.0018276419520753,0.00101389792142292,0.000786015311134092,7.55381155759238e-06,0.0498728956481465
"2021-01-25",0.174441261488266,0.180017196603008,0.191878568336766,0.210126186311077,0.475521900947495
"2021-01-26",0.00543785432953392,0.00736842136553428,0.0225927985685836,0.018610642741713,0.161497257774396
"2021-01-27",0.132661461547707,0.148057579934767,0.235435293706839,0.235142452617685,0.777351804640746
"2021-01-28",0.266639430133449,0.290448062826576,0.374783663196072,0.340845649317401,0.647279008146819
"2021-01-29",0.376422204255918,0.407743135416229,0.530155338657036,0.444754222833772,0.788982896654403
"2021-02-01",0.0443592377342901,0.0513592983349467,0.100933529857203,0.0819755502079151,0.223338963675221
"2021-02-02",0.00083124156567016,0.00140761191860328,0.011971514812896,0.0131929135897888,0.0952231838410174
"2021-02-03",0.000638125083668228,0.000645791293710785,0.00440676791926875,0.0147603135000285,0.166625076804636
"2021-02-04",0.00670883727034588,0.00740210165965216,8.84364973052776e-06,0.00670918466974224,0.0918844662656795
"2021-02-05",0.00511260255452317,0.00524287908045795,2.72520167989843e-05,0.00389185667294334,0.0490709453462457
"2021-02-08",0.147974274710449,0.140390631312445,0.120950457911901,0.0935226828667337,0.0130178134064838
"2021-02-09",0.0813426009223783,0.0672794649876853,0.0578860429375396,0.0448947490783391,0.0104472834022895
"2021-02-10",0.0756994985301223,0.0612627808860138,0.0439765740761355,0.0258348616684083,0.00419291237797581
"2021-02-12",0.258716328595983,0.221528937058383,0.14425977417365,0.191480299775166,0.096517908920325
"2021-02-16",0.208054765048344,0.166049328736604,0.107371539012412,0.127190830056835,0.0365883407924734
"2021-02-17",0.0213136534123428,0.00740828254899717,0.00475085376635698,0.000597555539773253,0.0387763211330836
"2021-02-18",0.0248356887934382,0.0121604527946033,0.00214451315427144,0.00359426593583145,0.0665192280716436
"2021-02-19",0.0251523373185141,0.017197002526268,5.49371081184358e-05,0.0575066271704987,2.12502068754608
"2021-02-22",0.0121473219135366,0.00693374865873575,0.0224018515389961,0.170087089113399,0.778350938782643
"2021-02-23",0.420360756356479,0.315390017085356,0.384929149943264,0.846862032593289,1.68774564729539
"2021-02-24",0.124203160901879,0.0684470517744051,0.0902375003004838,0.431689532186156,1.1688975046692
"2021-02-25",0.329140275075395,0.257755953264882,0.301553116346408,0.797004976912399,1.45512550440164
"2021-02-26",0.306468727405435,0.29768780655408,0.359824333275816,0.616425304209831,0.893158999919547
"2021-03-01",0.0559613203558103,0.0673343272594082,0.08765327399078,0.154771864035872,0.216084365452325
"2021-03-02",0.0720815497686007,0.0820830039109455,0.106916361314591,0.292492912397876,0.752175276119476
"2021-03-03",0.0687053960961443,0.0815401607805009,0.0973089909102818,0.228639812198951,0.701130179565252
"2021-03-04",0.442751461429861,0.470900135105348,0.519145786696172,0.768572642353178,1.35297035464812
"2021-03-05",0.341994858639174,0.381219967825942,0.418398317997773,0.670191586784453,1.19699309467574
"2021-03-08",0.0778869098701191,0.0918425998515686,0.106705819189223,0.226571981388643,0.574687336299925
"2021-03-09",0.0218452475767927,0.0135774625206926,0.0103718859081439,0.000266280808123964,0.170902958905896
"2021-03-10",0.0111614733085776,0.0210804875565502,0.0221895787602353,0.0888521944870371,0.362471285256185
"2021-03-11",0.0491535259227713,0.039036703496881,0.0365683992442869,0.00266664850134757,0.0851812794625635
"2021-03-12",0.0837051224445211,0.0770172096239183,0.0686021517258384,0.0198977084601528,0.0407358467494567
"2021-03-15",0.0480176292413117,0.0448655599609811,0.0410605991919986,0.0164776726298186,0.0036639358991688
"2021-03-16",0.0106618564753096,0.0119378312445577,0.011304544263891,0.000303091918963494,0.0185812469328528
"2021-03-17",0.00204105691772449,0.00339176395834784,0.0031455418689712,0.00303369488859184,0.114383366343938
"2021-03-18",0.0752469083892282,0.0813203280725059,0.0696251538471573,0.0297433516070731,0.00130964666295075
"2021-03-19",0.0453469952830594,0.055879465508011,0.048687598288506,0.017341206693843,0.00498790658061088
"2021-03-22",0.0741966570517127,0.102933025620485,0.107598837319916,0.0662161429223205,0.0147046264261266
"2021-03-24",0.0316940728807242,0.0634930706480252,0.0717938493289201,0.0461478091448952,0.00791278718981436
"2021-03-25",0.00157816304299363,0.0131940673976243,0.0176730065656654,0.00685795392814459,3.91953666702971e-05
"2021-03-26",0.00572648194233527,0.0245215535397427,0.0381032425797314,0.0196522004183595,0.00648692256777217
"2021-03-29",0.00503512831637876,0.0176629160593382,0.0377509948145314,0.0171134426075643,0.0139944439581128
"2021-03-30",0.018065172105729,0.0301946279998353,0.0570800355805492,0.0294974090027995,0.0226013130877631
"2021-03-31",0.0222443062851474,0.0304570852563761,0.052710449150962,0.0245345947227364,0.0165005123533108
"2021-04-01",0.0816215971055503,0.0875882283060405,0.111496545267471,0.0794750069686117,0.0775240764979943
"2021-04-05",0.0402937368291207,0.048372777360552,0.0623198052345417,0.0296313353908673,0.0339385265648802
"2021-04-06",0.0365521431188438,0.0450123011885981,0.0465473348510488,0.0218365503897988,0.0176512688959856
"2021-04-07",0.0318432716310606,0.0396584761803489,0.0307303231504605,0.0174445255265394,0.0146932758953391
"2021-04-09",0.0447434992078697,0.056492967349427,0.0427939252107925,0.0229130318593043,0.0257252126144845
"2021-04-12",0.0560947555832536,0.0660411518327466,0.0465819174593523,0.0290336913330302,0.0181835262619285
"2021-04-13",0.0393397424246333,0.0478042189536383,0.0243211669749326,0.016085683445545,0.0206330379553405
"2021-04-14",0.00677803844065172,0.0104967389561945,0.000109573005382835,6.70373848570271e-05,0.000594146679657515
"2021-04-15",0.0203827544390154,0.0309878406009798,0.00947064914706686,0.00562946991380242,0.00282172766883848
"2021-04-16",0.0627914479159535,0.0736202466547993,0.0448282168556413,0.0384138616471099,0.0802550787099694
"2021-04-19",0.00139014906927071,0.00140938547398317,0.00149087209340082,0.00390214527662791,0.000640848686916939
"2021-04-20",0.000547883874636668,0.00110126458358639,0.0207787494345533,0.0316046871007798,0.0140795849306785
"2021-04-21",0.0124014553822926,0.00758367512765634,0.000626481732860062,7.62668387843668e-06,0.00429119118139409
"2021-04-22",0.00496174947360783,0.0127603131671619,0.0296424866734866,0.0375300007436721,0.0156622901593741
"2021-04-23",0.029510753765706,0.0194155986236824,0.00744537478182727,0.0070309400670745,0.0175499348229982
"2021-04-26",0.0492858927573574,0.0377120586003934,0.031038335826151,0.0256524664834659,0.0531775436957564
"2021-04-27",0.0176911830043485,0.0114750752127102,0.0157263752549957,0.0144268707961352,0.0310637301677021
"2021-04-28",0.00800092047881917,0.00424822050498408,0.00515090879405156,0.00575491162480946,0.0138386585707351
"2021-04-29",0.0238485924670426,0.031970166222834,0.0285304733646448,0.0257596907508835,0.0196279900178826
"2021-04-30",0.000184715074401431,1.05449650227296e-05,0.000224769552847892,0.000185088258539912,0.00802168005109793
"2021-05-03",0.0152632612534866,0.0115228171830253,0.0111925494994325,0.00927154273425357,0.0107135660383579
"2021-05-04",0.00138785012884601,0.00177331111667778,0.00641765055750954,0.00437554625714065,0.00551575646799929
"2021-05-05",0.001472990647571,0.00145106558090169,9.60049470630775e-05,0.000217811234996201,0.00156302164116862
"2021-05-06",0.00282227296606608,0.00274153409896272,0.000857660158938067,0.000694401515100473,0.00413597135529797
"2021-05-07",0.00144218335079804,0.00115533573327387,0.000249358231362296,0.000118252625896043,0.000758492690119406
"2021-05-10",0.00211510087392486,0.00110621531166899,0.00135417529762694,0.00226188185045073,0.00200785991897656
"2021-05-11",0.0296359367666876,0.0286946968660715,0.023620811271803,0.0303178651558631,0.0377638415710364
"2021-05-13",0.00741400588380436,0.00551442288911841,0.0139774686026857,0.0242360548598886,0.0400688646519489
"2021-05-14",0.0542855098278621,0.0607090726710524,0.0253296019866069,0.0369871133397301,0.0096828013393746
"2021-05-17",0.00910471137308222,0.0165910346218725,0.00948680109948641,0.00888263232651054,0.000947689627006199
"2021-05-18",0.037750855635369,0.052631164147573,0.0420227549591248,0.0378429999284491,0.0128249498081838
"2021-05-19",0.00120882753905049,0.00603502494779873,0.000775521713532346,0.000343104713303566,0.002377389411091
"2021-05-20",0.0562793511504369,0.0791216242951336,0.06938451932417,0.0653614340792832,0.0284132359263956
"2021-05-21",0.0433938903119364,0.071093948073849,0.073813409623591,0.0717683087268415,0.0520352176440948
"2021-05-24",0.111572014685073,0.148321892124566,0.159718583425347,0.153826113888545,0.13301024119615
"2021-05-25",0.0625090139060587,0.0899526426957338,0.0959374531343433,0.093920073371639,0.081172004479102
"2021-05-27",0.128419999744086,0.166552459216395,0.173568478114652,0.149035335312853,0.0952337561640175
"2021-05-28",0.14231466861314,0.192656182264846,0.19591726819582,0.187702569260652,0.170872904300442
"2021-06-01",0.131398022645068,0.178084366418562,0.196749520565034,0.183144147610139,0.169397121039104
"2021-06-02",0.119622825052907,0.161596725111161,0.184730042917999,0.173224435570949,0.149468037731193
"2021-06-03",0.0468147820765163,0.0770481404808079,0.101019183779861,0.0870468859936178,0.0711405143396038
"2021-06-04",0.205084145814886,0.236480746139588,0.256839335681022,0.231237057071048,0.21019252737493
"2021-06-07",0.0741368085976915,0.0988403945736378,0.130712851323616,0.117539752310494,0.121754889669931
"2021-06-08",0.054540647334191,0.0730827224537829,0.107641329275267,0.086302588925963,0.0866672018648911
"2021-06-09",0.0763867877115285,0.0794069032360438,0.122698766142492,0.102393355940107,0.103555618247723
"2021-06-10",0.0614274464047675,0.0598925348065018,0.0905993787522477,0.0761562158987497,0.0703777352414328
"2021-06-11",0.105275364505888,0.0928045153501389,0.142470694108072,0.128986161814795,0.144964100760885
"2021-06-14",0.0273624984363376,0.0203018656913598,0.0521075934421322,0.0445048000647699,0.0655658770817269
"2021-06-15",0.0448633390201438,0.0343470298810167,0.074129332728748,0.0635056133792289,0.0985727304863868
"2021-06-16",0.00407892046355607,0.00880265495036525,4.93374403804925e-05,0.000684142097013174,0.000206394987865455
"2021-06-17",0.00744977342448716,0.00242695401582527,0.0167200094572677,0.00952068113729276,0.02307069210151
"2021-06-18",0.0014234162864688,0.00570278397510315,0.000388316401552347,2.72407567880606e-06,0.00679362179505261
"2021-06-21",0.0147754135724734,0.00901883600369291,0.0189434686941143,0.0221597267124745,0.0327090415188342
"2021-06-22",0.0377274097784155,0.0274865099517256,0.0407114334369056,0.0476113725246012,0.072846123763326
"2021-06-23",0.0806511827160605,0.0674101439690378,0.0858290767825804,0.10464292168813,0.149925038941138
"2021-06-24",0.0898432834807015,0.0748252682099426,0.0954975346783733,0.113374227975671,0.175113639009214
"2021-06-25",0.0693822681160428,0.0573456428651129,0.0763084006713535,0.0876115552476628,0.131302967087568
"2021-06-28",0.124524751997108,0.110529289489435,0.145930833129669,0.166241936325184,0.200088108502365
"2021-06-29",0.0919706121809483,0.0781441518114077,0.0973310543256158,0.124075030383868,0.159401791591585
"2021-06-30",0.150079999150099,0.135983016458917,0.151020817634061,0.159219159164599,0.227203979266565
"2021-07-01",0.143832718933587,0.131135482221888,0.140518568821627,0.159367485869647,0.195616163823085
"2021-07-02",0.186175231413295,0.173140901409081,0.177978686701861,0.200088453483645,0.27604161176316
"2021-07-06",0.0131844893012176,0.0108291959943532,0.0113523762052306,0.0198699512821618,0.0394724134330677
"2021-07-07",0.00534807268731075,0.00484059116687319,0.0067833459933826,0.0161785004880131,0.0332347119890473
"2021-07-08",0.00717418360263755,0.00819561753732967,0.00750283802865903,0.00140133190948744,5.02161230586662e-05
"2021-07-09",0.0220706665412096,0.0222230990265904,0.0291404761670249,0.0486478979004406,0.0661645692287904
"2021-07-12",0.0139452326822886,0.0165654446395647,0.0222410667110118,0.0420367225140692,0.0541149799831151
"2021-07-13",0.00218207005455517,0.0013783563908456,0.0109221135813511,0.000144063042015086,0.000300277316086284
"2021-07-14",0.00124186026721418,0.000511621561577247,0.0131391316367946,3.07197282780614e-05,0.00036314032552176
"2021-07-15",0.00476814192899222,0.00336897630713517,0.0162046521787755,0.000971428096144811,0.000935238365656232
"2021-07-16",0.00173974668107513,0.000983031626773156,0.0166005296792544,0.000306380670958672,0.000347431931925435
"2021-07-19",0.066724230159168,0.0641356572479701,0.134825904994513,0.0614479064425764,0.0589378604863882
"2021-07-20",0.0051715209075307,0.00444736561741665,0.00352588192557723,0.0162275891100403,0.0219881489820601
"2021-07-21",0.0300338831075386,0.0336615402704195,0.0407859579249705,0.069485241219809,0.0587873324139772
"2021-07-22",0.0700882260018743,0.0789740855678489,0.0881871391284539,0.123837471792964,0.11039975220462
"2021-07-23",0.0919562184814025,0.109271601029477,0.137154638725977,0.182894320318675,0.170818763074611
"2021-07-26",0.0457900364242574,0.0642698186021544,0.094360629088164,0.135002710485389,0.127065313525121
"2021-07-27",0.00977642259174805,0.0164195658630155,0.0330236055052329,0.0544550701111408,0.0433225217799869
"2021-07-28",0.0200931284542922,0.0148455752033849,0.00221631364972907,0.000147033023386145,4.89069323579283e-05
"2021-07-29",0.0704466052589556,0.0755236978252318,0.112338761565168,0.151321615078939,0.143082521026012
"2021-07-30",0.0452813530237985,0.0479991216510005,0.0880779902581375,0.122094934125411,0.124177597779777
"2021-08-02",0.0605299411355076,0.0622976869589946,0.097192982682448,0.122612271025887,0.107675987474273
"2021-08-03",0.0312753773391914,0.0358890255201663,0.0726549187994423,0.0968935380318858,0.0859001384850935
"2021-08-04",0.03203035018341,0.0374110550780566,0.078939521179987,0.106824277616389,0.100911502382322
"2021-08-05",0.0669233547789829,0.0724961507417663,0.132148803480017,0.166527354543974,0.172093011772194
"2021-08-06",0.051838463395554,0.0567279020648626,0.0762820725718014,0.123895792867171,0.0942638220649887
"2021-08-09",0.0580780888364205,0.0548470149128912,0.0735446545418978,0.117334336385986,0.1080382838137
"2021-08-10",0.0486329453109478,0.0444155928996826,0.0533488979146166,0.0760823676038058,0.057143313954966
"2021-08-11",0.109927559060818,0.109465546796365,0.0992925347567684,0.113277970320015,0.0784683265227775
"2021-08-12",0.0620934805893083,0.0595261849213868,0.026897473236744,0.0789280547875899,0.0547316568643077
"2021-08-13",0.0772311177948848,0.0775315966980441,0.0756468702593565,0.122407549959849,0.106634425211693
"2021-08-16",0.000174500594782856,0.00140826656071447,0.00351869173469854,0.013696523079566,0.00781724946064299
"2021-08-17",0.00012333586962221,3.41898374187632e-05,0.000857906774539563,0.00573272102138911,3.57816160609925e-05
"2021-08-18",0.000834389867643281,0.00379217473270876,0.00850931198817939,0.0244755681444158,0.0188189718648137
"2021-08-19",0.0107273143388722,0.0049008113973581,0.000297479515056764,0.00382152520446644,0.000891591579629258
"2021-08-20",0.0162147599328502,0.0154260125917669,0.0447339595657934,0.0585776351412943,0.052382127921403
"2021-08-23",0.0525926172895361,0.0449078752581131,0.0886712221712251,0.102829819389927,0.0972318519871858
"2021-08-24",0.0496406767384778,0.0372313752361308,0.0775747791967942,0.0773806783316426,0.0647147879384904
"2021-08-25",0.0628358469363732,0.0467522487834544,0.0938934871795947,0.0970525969676657,0.0930131242214507
"2021-08-26",0.0306720612733604,0.0181915349975408,0.0578059675353646,0.055846665180618,0.0526899515389219
"2021-08-27",0.0333149468458116,0.0213914328250611,0.0683560810286628,0.0692678508842981,0.0804686254639253
"2021-08-30",0.0334331508989458,0.0207487084114335,0.0538597613132965,0.0553941618296787,0.0460013286977956
"2021-08-31",0.0183168897674557,0.00923125658485935,0.0344231173616498,0.0330336687010888,0.0204007373307353
"2021-09-01",0.0204753504828128,0.0118351105913224,0.0414770691623567,0.036526442862526,0.0225844864575651
"2021-09-02",0.0576605157972849,0.0430718066535829,0.0733558403858814,0.0753525171743858,0.0640491721381047
"2021-09-03",0.0630390987137857,0.0506008405607941,0.0897785533655806,0.0840789409112788,0.123178193763115
"2021-09-07",0.0255026646940282,0.0187308503560761,0.0489240665538,0.0387228233447927,0.0581387957509611
"2021-09-08",0.00936184063132606,0.00459591501795842,0.0177093734089595,0.0170976963254119,0.0234012024344477
"2021-09-09",0.0141750550079687,0.00915891634427113,0.0240754263610437,0.0244103773254625,0.0491904326962296
"2021-09-10",0.158302671455246,0.185338523223243,0.120451626553404,0.136808509703868,0.0753955467543781
"2021-09-13",0.0110254278764437,0.0189336258425263,0.00577000322229271,0.008531923749723,0.00190152213733996
"2021-09-14",0.00126875436777074,0.00554561378171581,0.000326116927228171,0.000107663856869999,0.00014889957024633
"2021-09-15",0.0174282459425399,0.0100049654686398,0.0278956756364825,0.0291301221578368,0.0251447969938281
"2021-09-16",0.0281542470231106,0.0201519718497967,0.0429473042278226,0.0468174687402505,0.0347570548711369
"2021-09-17",0.00418594761737379,0.00139968206943286,0.00783066508250463,0.0115245775397297,0.00124046270574896
"2021-09-20",0.017570678039444,0.0238965923177987,0.00714174607527607,0.00639588949124192,0.0191788173519989
"2021-09-21",0.00043479841187466,7.69212655127305e-07,0.00319430408182697,0.00718695524978052,0.0011720763092069
"2021-09-22",0.00201204679584932,0.000494420293903675,0.00477967580112026,0.0092452340982283,0.00243613270394949
"2021-09-23",0.0272812313711948,0.0226405466699735,0.0386344663518745,0.0436768618801759,0.034875618236093
"2021-09-24",0.163370957229507,0.148160579480914,0.188729394793131,0.194633401371422,0.105621176908467
"2021-09-27",0.0438922093611251,0.0257697777214316,0.0524171169995373,0.0526095169692296,0.0251963334602232
"2021-09-28",0.000650069593937985,0.00165494012028566,0.00280939249146583,0.00330417653000348,0.000151532182887992
"2021-09-29",0.00816592175899089,5.5552943467152e-05,0.0102916584159709,0.0130416655062842,0.0177969176651227
"2021-09-30",0.00105703324122342,0.00243861760967445,0.00301976479414079,0.00333994944327887,0.00296424735558531
"2021-10-01",0.000771707398724342,0.0037781092183824,0.000121038907503701,2.2492118275208e-05,0.000693829075954611
"2021-10-04",0.00193424417128596,0.000425339340392794,0.00330915007719312,0.00496248431253132,0.00932093540586587
"2021-10-05",0.0222926740970726,0.0206392132742037,0.029629765507492,0.0288984756905506,0.0355146860662474
"2021-10-06",0.00117564321860342,0.00117798373187084,6.21131203137892e-06,0.0016078431022839,0.00190175243269963
"2021-10-07",0.0520903524907044,0.0526788474119955,0.0398217758865327,0.0491188241104363,0.0527201475458872
"2021-10-08",0.0271277989160357,0.0269167901790106,0.0130477069840416,0.020377833816017,0.0212375608560578
"2021-10-11",0.0399299146449394,0.0396723401558814,0.0241424121728047,0.02723706276038,0.0240638980108652
"2021-10-12",0.0182454875431184,0.019408222323102,0.00609763571511235,0.00748260762628217,0.00447077915253269
"2021-10-13",0.0177962399210054,0.0198089102952508,0.0156235809910505,0.0160643958969906,0.025046824548713
"2021-10-14",0.136161689290991,0.144791298260611,0.131176317791824,0.134288279141279,0.161186203139975
"2021-10-15",0.144356713699555,0.154103438253756,0.14826317490165,0.137834662753982,0.143019834968305
"2021-10-18",0.0802385279533213,0.0841723349939951,0.0520866021481083,0.0573924929008554,0.0465735269416905
"2021-10-19",0.0804548954629931,0.0824995761767162,0.0399610353041926,0.0587650008229474,0.0494851271167227
"2021-10-20",0.120517530539271,0.124354584810531,0.0648409140773989,0.0739809098544106,0.0687305901188549
"2021-10-21",0.0852200468908044,0.0896147304094885,0.0391046279004252,0.0577154068413843,0.0662487984339961
"2021-10-22",0.0650074233824904,0.0711934145489315,0.0248155836078847,0.0354169139562532,0.0511166291346838
"2021-10-25",0.0750241516605692,0.0743193561015749,0.04332775708161,0.056116523630743,0.0742384485713474
"2021-10-26",0.034636353283801,0.0301527148893974,0.0131536876227001,0.0120914970018948,0.00914924071556689
"2021-10-27",0.052091645485749,0.0422683253856233,0.0310178871435633,0.0290343022163815,0.0459020468739326
"2021-10-28",0.0125192394080609,0.00650447475482019,0.00583052286848518,0.00367121746636179,0.0207917746251951
"2021-11-01",0.0101365510443565,0.00443067574114608,0.00448537654479697,0.00491729701085131,0.0171223631176374
"2021-11-02",0.0191579755153652,0.0114102877855928,0.00801732874971828,0.0140325410286901,0.0181913970310186
"2021-11-03",0.0324811954866711,0.021625815043012,0.0187493851245606,0.0328533875567374,0.0445866328663658
"2021-11-04",0.0252685418544616,0.0166661355488209,0.0188690254956754,0.028606670768391,0.0448490169530189
"2021-11-05",0.0224037752745225,0.0167890327017066,0.0199613289335741,0.0256568101503989,0.0336311638987528
"2021-11-08",0.0900130633093412,0.0823933811186901,0.0433833697143098,0.0589484937974696,0.0236297460924171
"2021-11-09",0.00523743845024782,0.00375201757428689,0.00351381052227673,0.00254628537655988,0.0358803272993908
"2021-11-10",0.0033093204238972,0.00365647275128822,0.05879609777238,0.00563070094108498,0.096774794212837
"2021-11-11",0.140340620522756,0.14937251945497,0.0160657723631659,0.00221538946090893,2.06028176319428e-05
"2021-11-12",0.111761052744297,0.129162620741326,3.07832296098098e-07,0.00284361735914174,0.0182676665960417
"2021-11-15",0.0594409305662627,0.0737915068169381,1.54237742155949e-06,0.000336307383132617,0.0128302994858163
"2021-11-16",0.0966024101097203,0.113511484838209,0.0101943681666132,0.00901664390030121,0.000653554741541607
"2021-11-17",0.0115887879130578,0.0177741393444901,9.11465856983096e-05,0.00375549812099862,0.00216580673290045
"2021-11-18",0.0120494408868304,0.0050581372636096,0.029324847027113,0.045334647604877,0.0285819989715963
"2021-11-19",0.000977654645807791,0.00590756090694655,0.000549914310819188,0.00014237452636312,0.00117476803071548
"2021-11-22",0.0152762099417891,0.00312023824645036,0.00914558492735562,0.0216746115009014,0.0237619186317359
"2021-11-23",0.0228992671556068,0.0033515250816778,0.00698129173921647,0.0264981420229058,0.0494976292638882
"2021-11-24",0.000634317909580684,0.0151598404699036,0.0125158332540156,0.000595149514629911,0.00134428419676347
"2021-11-26",0.0307080890626379,0.00330763925234256,0.00456465176866883,0.0192719410151079,0.0182513321326445
"2021-11-29",0.00406190164684195,0.00257740188242583,0.000774072361871658,0.00147738784308626,0.0131551197302984
"2021-11-30",0.12038177479808,0.0566307076723889,0.0813312994292525,0.108119693451538,0.181980511422388
"2021-12-01",0.117184181834613,0.061222609125722,0.100378870486953,0.137018511551229,0.200223123559947
"2021-12-02",0.150863689110862,0.104739611442193,0.147028496214622,0.171352201780067,0.248646626932795
"2021-12-03",0.0761856208512453,0.0556357935002116,0.0812745985048204,0.0786368765621122,0.192790514292202
"2021-12-06",0.0471315331016404,0.0340641796943952,0.0466966560910422,0.0379181024703095,0.106409989427767
"2021-12-07",0.0149544075481709,0.0197102197807055,0.0116365169999433,0.0120225970116743,0.000730312195563743
"2021-12-08",2.41847183688471e-05,0.000477760298768226,7.95225072569572e-06,0.000354516336176669,0.00544627137152576
"2021-12-09",6.79374955847578e-07,0.00135599200050418,0.000398761236823697,0.00142367012421785,0.00286582197080665
"2021-12-10",0.00397089401753914,0.00970283251933868,0.00814529006663767,0.00564540442472494,0.00123529531498057
"2021-12-13",0.0315236196825184,0.0187276945996175,0.0251628077764807,0.030446011040874,0.0680479861863952
"2021-12-14",0.00354612735357929,0.00119626218322666,0.00197755071322558,0.0031433653178774,0.0144770268506207
"2021-12-15",0.0256415893093038,0.0218667958478806,0.0262514964231528,0.0314019530509539,0.061950061496703
"2021-12-16",0.00595507574554355,0.00496274270123709,0.00727115188737404,0.0105739116830836,0.0298192097545318
"2021-12-17",0.0113192642973943,0.0103353954734111,0.0187164600839607,0.0217352079148572,0.0325803678365209
"2021-12-20",0.00123015508596502,0.000907270674762817,0.00192784980125404,0.00341032903746008,0.00833863611129648
"2021-12-21",0.0091022563335359,0.0121664965414769,0.00988638067139913,0.0117314719203572,0.012731889501616
"2021-12-22",0.0397297649680788,0.0449342313696017,0.0448130296497764,0.0498137000208145,0.0479633841697513
"2021-12-23",0.116618310741899,0.114656911284583,0.115161209948854,0.123051769648897,0.121722729532933
"2021-12-28",0.0177303046807236,0.0139493361425576,0.0175428138840421,0.0239626326320084,0.0493654713978491
"2021-12-29",0.0888246723883639,0.0721827238592132,0.0731397185450289,0.107495652403451,0.10847440150479
"2021-12-30",0.132250453397182,0.102446351600622,0.102979031922633,0.128438579344733,0.128427741668002
"2021-12-31",0.130373360592434,0.105233801801497,0.0972781611839384,0.131634486199887,0.137552664190352
"2022-01-03",0.0503135589225674,0.0347135018822013,0.0284897407790321,0.0558090707521783,0.0469719975745428
"2022-01-04",0.0482997403463916,0.0325343727833547,0.0226644806402381,0.0487475911640787,0.0320225392816031
"2022-01-05",0.00426908072694321,0.00115457402151642,0.000136349468644603,0.00644480053408469,0.00917372486697454
"2022-01-06",0.00876751285481103,0.0151855975187485,0.0154169575848695,0.00275316400326986,0.000729582318357735
"2022-01-07",0.000464762836860588,1.51261035523653e-05,0.000478453326273165,0.0067024630964585,0.0177546498505765
"2022-01-10",0.131151758322409,0.141198223286556,0.118905348034428,0.0728744939846,0.0367312447970836
"2022-01-11",0.00803243185021718,0.0104315756827285,0.00509731124602242,0.000305038919103939,0.00559809276736045
"2022-01-12",0.00123353350885291,0.00212035685440171,0.00042197628888041,0.00377553443603373,0.0211009176338326
"2022-01-13",0.0266817738102143,0.0349011925313067,0.0205918653732389,0.00691442040190271,3.08080509174857e-05
"2022-01-14",0.0445948494916282,0.0609209792891696,0.0461934294231072,0.0224702208502536,0.00221066709930851
"2022-01-18",0.0184209296054734,0.0271725012097144,0.0187867621223521,0.00647526879476823,5.35710915170462e-05
"2022-01-19",0.00764711302468424,0.0126999605381619,0.00637623984836644,0.000511468238313828,0.00551127983442568
"2022-01-20",0.000195481885069793,8.50573616564265e-05,9.12366143142052e-05,0.00402429192426901,0.0166925000003211
"2022-01-21",0.062613176899577,0.0585768838628924,0.0877151293244642,0.0483712524237534,0.0145724573277723
"2022-01-24",0.343794032857397,0.299073118435365,0.385801927327593,0.295616949464903,0.206097761872378
"2022-01-25",0.0865664945441793,0.0677514479731638,0.115896255210877,0.0698205745904159,0.0545420280798696
"2022-01-26",0.165537437259185,0.138086956442142,0.224029866946554,0.168885797360763,0.145071490391549
"2022-01-27",0.0747558696933504,0.0514764769664422,0.0900028524197638,0.0579897388855264,0.0269055599429824
"2022-01-28",0.0952123074155411,0.0726210588186507,0.0930088630492447,0.0677886169107187,0.0350864312583092
"2022-01-31",6.35119512633064e-05,0.000441303542813021,0.00050232154026908,0.000241205596700045,0.00543104550238183
"2022-02-01",0.00257272008693321,0.000426636940904057,0.00342667816784248,0.000977437132388514,0.0021290916462533
"2022-02-02",0.000228835523129467,0.00121724861621897,9.63116599295155e-06,0.000559193992513807,0.0158217614977108
"2022-02-03",0.00117329547500389,9.91399991632225e-05,0.00257969703532779,0.000753427249053473,0.0047156533956656
"2022-02-04",0.00482780164546459,0.00757556967096384,0.000588712743620601,0.000971905023110065,0.00611112258312474
"2022-02-07",0.0960708548742604,0.110194928937069,0.0694418635017833,0.0658558748928282,0.0841912414144634
"2022-02-08",0.0916894685083531,0.125614133839487,0.0829842506479972,0.0742997124254463,0.088261845733939
"2022-02-09",0.19220035321496,0.253166979068432,0.195018863378192,0.176511890812771,0.226471885123617
"2022-02-10",0.0335110099123157,0.0816272217482532,0.0505095115102956,0.0402964907605585,0.0399325459638313
"2022-02-11",0.000390817312347025,0.0199948651198809,0.00755801223765373,0.00384491777069207,0.000963408041165348
"2022-02-14",0.00413201753567982,0.00191894323274244,0.000520973341016973,0.000312462088994714,0.00310497241239815
"2022-02-15",0.072327864019357,0.118092763718738,0.113927653223428,0.0960238959635331,0.0782068238810913
"2022-02-16",0.0160952221600006,0.035315676438382,0.0347999074925551,0.0201718287859693,0.0014576595893423
"2022-02-17",0.0544989692431523,0.0721327034834722,0.0286878559214436,0.0464124604379079,2.48856924753849e-05
"2022-02-18",0.00191966635371088,0.0100910861594581,0.000408055546975206,1.50231250284349e-06,0.0383106540997002
"2022-02-22",0.0218573754591469,0.00182877521264602,0.0446819232798243,0.0223353837805136,0.100700122447397
"2022-02-23",0.00325428038593634,0.00498581148560562,0.0315422808510388,0.00907497748899821,0.106309772951776
"2022-02-24",0.283985943224174,0.149918521183414,0.624749062897769,0.351703690465704,0.620544181940526
"2022-02-25",0.00626777307346083,6.35823738164287e-05,0.0431036313960158,0.0169034300250392,0.0248730035066977
"2022-02-28",0.00384074377407728,0.0027610270824685,0.0460284290701771,0.0254148050757901,0.0342400405146654
"2022-03-01",0.00960304444543314,0.0144218513707934,0.0584592919208806,0.0319351047167007,0.0191632110882147
"2022-03-02",0.0142580126114424,0.0179977675156791,0.0472805647014176,0.020226245722905,0.00926189562965773
"2022-03-03",0.00379549500219833,0.00767682876147435,0.0229666389271892,0.00780013668977242,0.00363959826093252
"2022-03-04",0.0310247050842156,0.0449275818840378,0.0551915920087649,0.028836142895525,0.0115072007039541
"2022-03-07",0.038840129768527,0.0486828926262066,0.0607604333617182,0.036106622229408,0.0203893524205465
"2022-03-08",0.185558717455193,0.208620246940703,0.273962902795834,0.229011156946604,0.218218426835499
"2022-03-09",0.0137676512703999,0.0157132102438358,0.0261672215405098,0.0125430796882464,0.00866420923880762
"2022-03-10",0.00829924723365583,0.00867827203518545,0.0058946133201494,0.00963456413060104,0.00599325894725267
"2022-03-11",0.000167732992020886,0.00182248506399785,0.000533858867428627,0.00385817784481701,0.0039542629958309
"2022-03-14",0.00459772826104055,0.00120737713166785,0.00179047617331185,5.37075436790602e-07,0.000131853663777326
"2022-03-15",0.00129748413752084,0.00586387692974277,0.0070641908117064,0.0164102307578378,0.0165486974893216
"2022-03-16",0.0216979552446392,0.0106190937113868,0.0067209238180328,0.000831916571282454,0.000785890526509458
"2022-03-17",0.00539717915888782,0.00982749907495162,0.0151123956407868,0.0334412412998069,0.0313217607898679
"2022-03-18",0.0165707751026927,0.0229632091557119,0.0349952141459626,0.0656042691246634,0.0643386686056191
"2022-03-21",0.0019625434254722,0.00618465746663088,0.0125770688518219,0.0359562194419984,0.0444465079074972
"2022-03-22",0.0643985079414502,0.0809065472290873,0.0907565375843826,0.128903847405184,0.152669055871525
"2022-03-23",0.015761235877793,0.034350538297323,0.0436840409890618,0.0785654844492742,0.089022737576208
"2022-03-24",0.00718435813867391,0.0214126566396142,0.0273761481412249,0.0565828185075745,0.0622317215075261
"2022-03-25",0.0137669203838937,0.0360193150760739,0.042595843427804,0.0757363061567342,0.0710205787872789
"2022-03-28",0.00952902484788543,0.0250764253036297,0.0279349874988115,0.0516272834939064,0.0426696869014664
"2022-03-29",0.01320408859556,0.0287308380046576,0.0311088254726433,0.0597628142684821,0.0655261552895978
"2022-03-30",0.0398063563471491,0.065762471222947,0.0708293518744858,0.108842650499407,0.127295642760557
"2022-03-31",0.0146296336125902,0.0319913161065188,0.037826266226793,0.0723297119852431,0.0887195006849808
"2022-04-01",0.00288153010012282,0.0143192033181929,0.0206526057232006,0.0487196161491259,0.0574387840876902
"2022-04-04",0.0428743848036925,0.0648348770630485,0.0744613581459264,0.118820312688651,0.129171978166661
"2022-04-05",0.0116534214522475,0.0245055691186296,0.0306552659328829,0.066107830748273,0.079844800699252
"2022-04-06",0.0123059418194627,0.00431806740112117,0.00275501212714091,0.0017409796182104,0.00611245239376768
"2022-04-07",0.000789577825494714,0.000127831119421273,0.00036300503815534,0.0131504572058523,0.0259464130004812
"2022-04-08",0.00258604884839886,0.00859322999194667,0.00971950419836753,0.0347931091765139,0.0625911811502424
"2022-04-11",0.0032309944741471,0.00741494136064724,0.00884500457345272,0.0352659468297671,0.0604673370569739
"2022-04-12",0.00527986415299786,0.00212548453455996,0.00127943881298642,0.00356373337651195,0.014339233900837
"2022-04-13",0.0100277711800227,0.0169743112597018,0.0220034245309231,0.0615225862466144,0.095932993920619
"2022-04-14",0.00523372514913056,0.00994444029374386,0.0136497193455969,0.0430786234781482,0.0725590853139688
"2022-04-18",0.000258077855836314,6.84165621254174e-05,0.000812239596988951,0.0155561229835131,0.0319101315677155
"2022-04-19",0.000331689704249571,0.0017181592275568,0.00467558382904421,0.0308348896831441,0.0554652875008943
"2022-04-20",0.000290509747269407,1.75166550495653e-05,0.000522218804290819,0.01750016552945,0.0369553967163168
"2022-04-21",0.00335769613894255,0.00367180341762618,0.00138722978622963,0.00543187227649411,0.0169891830202209
"2022-04-22",0.0125618143002406,0.0116888394325647,0.0070330928599942,0.000313270646352448,0.00528492326424845
"2022-04-25",0.144509572723419,0.125842078246903,0.107616623375512,0.0471646103383905,0.0235626238144075
"2022-04-26",0.0331960610142839,0.0273943709043651,0.0196867642136038,0.00161195259341196,0.00014681289156071
"2022-04-27",0.112290976087142,0.0955290389119035,0.0822400753973398,0.0333145828021091,0.0181125362220707
"2022-04-28",0.0897259687731446,0.0707601051104809,0.056264405519626,0.0162319123386561,0.00612462910784539
"2022-04-29",0.152253101307615,0.130890372796294,0.112753166592428,0.0536441946099806,0.0334268108407172
"2022-05-02",0.226787497627905,0.217455698146343,0.198890766167206,0.118956876244224,0.0853524985384371
"2022-05-03",0.169427552565566,0.133333666971209,0.107114185094903,0.0521060228679142,0.0241799176848003
"2022-05-04",0.310285616805868,0.277520410290709,0.226182907753755,0.134642105751988,0.0809593082139339
"2022-05-05",0.19230277016085,0.173865814683238,0.137357315986612,0.0726719944241632,0.0380028402913701
"2022-05-06",0.343864982441909,0.329062888378008,0.289797393446257,0.196040202800956,0.129625518891231
"2022-05-09",0.127404066422997,0.119284772006502,0.105353194699479,0.0729975656196928,0.0454890943380999
"2022-05-10",0.138926189776728,0.123494218785769,0.112060857973874,0.0785570015429733,0.0438802117584269
"2022-05-11",0.151647936876463,0.144204973335164,0.123401264489838,0.0726912973726939,0.0226748427090535
"2022-05-12",0.387771001091174,0.338596939934638,0.311886973341459,0.199478370471782,0.0933797258169999
"2022-05-13",0.0125925862264165,0.00543414382395535,0.0103474149642591,0.000750889468169369,0.0107304342328678
"2022-05-16",0.0259290159721657,0.0116502584211193,0.021252741699705,0.00931145441810433,0.00301439845273799
"2022-05-18",0.00325678775045635,0.000318125993268525,0.000161286301480379,0.00111649455248619,0.0298471344599913
"2022-05-19",0.0664833650661727,0.0334001142586753,0.0254973343525688,0.0167015780807853,6.65841248803645e-08
"2022-05-20",0.074512401152786,0.0427344767551596,0.0175516349098883,0.00961405487601974,0.000204526064960575
"2022-05-23",0.028660531875808,0.0139939431805292,0.00428328688303892,0.000757468445468978,0.00546891305778496
"2022-05-24",0.0228272093216573,0.0075455834734246,0.000651151751771772,2.84044764371494e-05,0.0109758096654242
"2022-05-25",0.0284529670010059,0.0105303257786109,0.00133574588908214,4.53572703671412e-05,0.00852515047202385
"2022-05-26",0.0105789210882488,0.0334412343075645,0.0558029418843067,0.0657494994356309,0.115566999592527
"2022-05-27",0.0784015629865396,0.129997263054434,0.15873232204241,0.169707593179181,0.230551352982028
"2022-05-31",0.00189100678621101,0.00415464253172471,0.0187114622728244,0.0231939994723376,0.0608895442942625
"2022-06-01",7.0928365973888e-06,0.0102445419987618,0.0352154330590324,0.0404744745282457,0.0833918646103025
"2022-06-02",0.0037352360451941,0.0205206754284817,0.0448735985598794,0.0503610226949442,0.100841957609483
"2022-06-03",0.00803932370996696,0.0239893826098732,0.0515654404433139,0.0565996165672942,0.108053246534979
"2022-06-06",0.0215844331954365,0.0463998761280646,0.0865931133148365,0.0952639323405895,0.151267610821114
"2022-06-07",0.0350399086206656,0.0618294532571684,0.0971865083102192,0.101728983695494,0.154275528276716
"2022-06-08",0.0534750061741018,0.0828620527254742,0.151504613927878,0.155096097231937,0.214460322023435
"2022-06-09",0.0386252341584583,0.0672290146934105,0.108429904506189,0.115492388895211,0.173630446451449
"2022-06-10",2.44611121711369e-05,0.00505461369783067,0.0209647096138139,0.0288130539072295,0.0644556918253272
"2022-06-13",0.0419901974786427,0.0162161103221745,0.000599962952873234,0.000346897800676649,0.0122506477426374
"2022-06-14",0.00308636759203784,1.48493349838574e-06,0.000549313603706691,0.00449632650942955,0.0210259924250631
"2022-06-15",0.121581878702618,0.0824283750755148,0.030265681097392,0.0246781029864285,0.0097183679836359
"2022-06-16",0.016848685857034,0.00459274107187047,0.000727824797536636,5.9349064037928e-05,0.00384499292909046
"2022-06-17",0.0154293576904747,0.00339154213990112,0.00168036109766323,0.000168183610924411,0.00100674675571
"2022-06-21",0.00410614271044007,0.00990884417380355,0.00163791256170587,0.00296406540632432,0.00441574556346147
"2022-06-22",0.00663683053658382,5.0178227772868e-07,0.00223314119288176,0.000873982742272794,2.06329450533893e-05
"2022-06-23",0.0130711567303878,0.000601495619650505,0.000348135934203242,0.000198045213375408,0.00142117582871104
"2022-06-24",0.0166802472469263,0.0423631301062606,0.0383390534216357,0.0502917340195228,0.0697476399404715
"2022-06-27",0.0028458880036053,0.0183350117020393,0.0144441657258481,0.0200993876252851,0.0332733185178897
"2022-06-28",0.00781021336093479,0.0206488392275865,0.0081137798458899,0.0173353321400245,0.0226202399759112
"2022-06-29",0.00035913461224335,0.00218168362606996,2.72834176340275e-06,0.00235367751631332,0.00428404181501718
"2022-06-30",4.70932694840442e-07,0.00393389867194904,0.00102042228129595,0.00352689628373781,0.00416350566583579
"2022-07-01",2.71649515648509e-05,0.00582908984728436,0.000300127268163752,0.00193585582058575,0.00322999855816275
"2022-07-05",0.000302529357803616,0.00436320617423336,2.24166967832673e-06,0.000498759744800958,0.00211920861779125
"2022-07-06",0.00918738297894284,3.41591313997025e-05,0.00350558721895577,0.000965834312324887,0.000105039234232329
"2022-07-07",0.058257486494377,0.0949295327627673,0.065124971315689,0.0797661708289139,0.0927321331590958
"2022-07-08",0.0332203906155737,0.0558055773746431,0.0352395288502936,0.048807549934061,0.0605550469172571
"2022-07-11",0.0146077682982215,0.0334548350107955,0.0234689568240891,0.0331485238673297,0.0434583779302085
"2022-07-12",3.37882916565668e-05,0.00377076518916541,2.82110708802463e-05,0.000841969848108581,0.00388652758127983
"2022-07-13",0.0248959649227938,0.0098387018499404,0.0373881550532567,0.0243493725354105,0.0161762271173442
"2022-07-14",0.0016664744454562,0.000136229587574865,0.00489855735404054,0.000420895214796158,4.37486640469942e-07
"2022-07-15",0.00598923143190522,0.0158739754337842,0.00239155792256063,0.0103757771022701,0.0149978897565377
"2022-07-18",0.00607501240338637,0.018710646723638,0.00424408487390782,0.015734282262525,0.0237591191856175
"2022-07-19",0.0366284763200677,0.0636976419311552,0.0308116634381765,0.0480735068260281,0.0611655522413066
"2022-07-20",0.026955404404198,0.0488320696802989,0.011151310906637,0.0224395383715046,0.0298296276129633
"2022-07-21",0.000236311722288551,0.00990112981171998,4.52084683324472e-05,0.00473401156615472,0.00834569633880866
"2022-07-22",0.00596186396476583,0.0208386633784428,0.00301402149114516,0.0104227975165647,0.0126523266760659
"2022-07-25",0.00487993269103204,0.0165106582025099,0.00329033708191639,0.0117232290736811,0.0121238208294956
"2022-07-26",0.0333360042825814,0.0546969053425719,0.0243469762764235,0.0371516697651453,0.0353075673143013
"2022-07-27",0.0143308907270809,0.0252896820243202,0.00433536825153436,0.00992227507685417,0.00709284506139363
"2022-07-28",0.0154454284805228,0.0313661774248786,0.00790800091147981,0.0171645694464329,0.0147298147820987
"2022-07-29",0.00875037192001549,0.0242435409600132,0.00732442887691609,0.0167524483744783,0.0131427528916275
"2022-08-01",0.0258912213111586,0.048812104437802,0.0298201203058204,0.046848368325703,0.0430222579450885
"2022-08-02",0.00570642348016226,0.0185007302595368,0.0106385106609084,0.0372057822358518,0.0436469718007544
"2022-08-03",0.0402162621302204,0.0558280871783019,0.0405124325828785,0.0936156161289541,0.10341246134869
"2022-08-04",0.031585233481878,0.0441352355484703,0.0296425640757056,0.0815431707413459,0.096723968864981
"2022-08-05",0.0385599256025544,0.0543186565414879,0.0377760187863039,0.106996563708978,0.130835798367348
"2022-08-08",0.0146832553192755,0.0265866464943072,0.0103608066437584,0.032100526275241,0.0364912229551655
"2022-08-09",0.0172305192031736,0.0294219710460744,0.0102125896678902,0.0202066084430461,0.0201911735627276
"2022-08-10",0.0426455105371291,0.0599323008448449,0.0382989988921565,0.0412367160638187,0.0340559932213813
"2022-08-11",0.0431212582110836,0.0606335994162768,0.0599283209893564,0.055766624322706,0.0327630180792793
"2022-08-12",0.0897920923452973,0.105089698715036,0.0571981031793081,0.0534856161906909,0.021472181786439
"2022-08-15",0.116174470565758,0.140610391116017,0.0962719357414701,0.0659697746899504,0.0302305630911761
"2022-08-16",0.093260419978612,0.118991389531488,0.0735293095768941,0.0408577392103311,0.024455501169774
"2022-08-17",0.00738428979359318,0.0189188889629819,0.00631857134834091,0.000384023519975241,0.000490704997366587
"2022-08-18",0.0492112657534849,0.0703364605988877,0.0332667394245043,0.0036131255939349,0.00521659082975501
"2022-08-19",0.0614853604744763,0.085072089619119,0.0517765243357906,0.0193932967813923,0.0237254626505685
"2022-08-22",0.0411350081706778,0.0548588496105196,0.0352900366360576,0.0102742125097119,0.00861170811765821
"2022-08-23",0.0195804342539616,0.0287580575519406,0.0114151749702809,8.04954618343068e-05,0.000753720738502439
"2022-08-24",0.0486646347529547,0.0612927039975686,0.0452844598599149,0.0116611637550659,0.00451745495405209
"2022-08-25",0.0592759046103468,0.0737518992082893,0.0591906803072231,0.0148093799006472,0.00361547108966498
"2022-08-26",0.0149479118389828,0.00952593403538748,0.0180781543782687,0.0773169116390717,0.11894569391974
"2022-08-29",0.00301641243129214,0.000899214799490844,0.000911289758743106,0.027722140585168,0.0490386277891623
"2022-08-30",0.0136725664595199,0.0140456894918581,0.015897783245362,0.0662311882214133,0.101187866456892
"2022-08-31",0.0157719595532193,0.0156359571695015,0.0156939374958398,0.044321855617186,0.0483212619746638
"2022-09-01",0.0138653516506568,0.0127575317454154,0.00991077620250458,0.0329745608820173,0.0315792487451221
"2022-09-02",0.023055776746,0.021380625182509,0.015124553909057,0.0331738978226896,0.02312713822086
"2022-09-06",0.0383015891087071,0.0393295815105346,0.0372036539098282,0.0587867190786442,0.0482129289993956
"2022-09-08",0.0314976483090199,0.0361088637405982,0.0334505951072155,0.0512277684024929,0.043313118380718
"2022-09-09",0.0100528326058869,0.00609080724890365,0.0105499603656607,0.00726779770700214,0.00852563069617274
"2022-09-12",0.00160186805175333,0.000261442019200198,0.00190102540007508,0.000508941691916176,0.000798010432303986
"2022-09-13",0.00174960845492489,0.00469762007172925,0.00100072460570177,0.00502892611820127,0.00652500970619929
"2022-09-14",0.0054332402637558,0.00930439106304415,0.0120960657075084,0.0196629877091348,0.0220676078752482
"2022-09-15",0.000111040247844807,0.0002412704592758,0.000441711766787423,0.00385765602335053,0.00390610365900246
"2022-09-16",0.0241541377100349,0.0210712077850943,0.0124452494993419,0.0153020650557318,0.0130516849565325
"2022-09-19",1.25630982197311e-05,0.000447569870175357,0.000928477111438619,0.000291112818840089,0.00101633424414316
"2022-09-20",0.00833172384854008,0.00454098462039854,0.00557451310491919,0.0086836329884854,0.00299601864220844
"2022-09-21",0.175523058720775,0.147093298232089,0.161282841141671,0.178896444208874,0.162361539366014
"2022-09-22",0.0153348321106073,0.00804742711677053,0.0102783955415013,0.0148309236096815,0.0130614316711541
"2022-09-23",0.0164259852946018,0.010382231342579,0.00841206761631197,0.0120043684526621,0.0114280974456276
"2022-09-26",0.0505407130564146,0.043054098479731,0.0307788422023061,0.0337405352533802,0.0392861524752581
"2022-09-27",0.0276521025298422,0.0257179784869426,0.0223427751879821,0.0283815627393968,0.0335459043571105
"2022-09-28",0.0696098037399535,0.0708811418036128,0.0557167600280841,0.0652025159022493,0.0753291554337536
"2022-09-29",0.0439841935790966,0.0462718478736497,0.0373430749530868,0.04583823589175,0.0530362806767797
"2022-09-30",0.0388237046996494,0.0348154080583694,0.0479785298637501,0.061326763966439,0.0751974362779377
"2022-10-04",0.000276551424085669,0.00108139908083937,0.000521699196633252,2.32062320471016e-07,0.000147372853503525
"2022-10-05",0.000226823208854476,0.000182726969632174,0.000631338317162555,0.00209721098367366,0.00338700858607344
"2022-10-06",0.000864175085071528,0.00213943574818631,0.000832330270348125,1.57825380877608e-05,5.87878778888218e-05
"2022-10-07",0.00202196284571521,0.00255438277519704,0.00094343936914143,1.03542634513065e-05,7.14392197842528e-06
"2022-10-10",0.00602066041597338,0.00659107756370059,0.0139957705146609,0.0213094281441157,0.0273289824963505
"2022-10-11",0.00707831116121294,0.00643550301851326,0.0186503472975246,0.0267517931214847,0.0375127482554212
"2022-10-12",0.00283357888883895,0.0010102797219822,0.00718783649669175,0.0113443689713448,0.0187201036576461
"2022-10-13",0.137643227869307,0.139167712369899,0.182955172775396,0.204264358502157,0.235902116018851
"2022-10-14",0.0504056606401169,0.0537136494437784,0.0729202412986922,0.0866174968898514,0.0998127221970551
"2022-10-17",0.00574121366762514,0.00426983157324967,0.000496505170609396,2.07570257337863e-06,4.57627237309133e-05
"2022-10-18",0.10388129402872,0.120924661079035,0.136078648641863,0.146494606086445,0.150446357252235
"2022-10-19",0.00869559197050407,0.0129206296811011,0.0264773809612149,0.0297413425668585,0.03301592612787
"2022-10-20",0.000569384400381567,0.000576289294413446,0.00411615333696225,0.00566314631611209,0.00627324203595281
"2022-10-21",0.022180753695479,0.0199705913501802,0.0349370209420752,0.0331242818879325,0.0346353476620034
"2022-10-24",0.0104400480923836,0.0071262923240254,0.0166100731318097,0.011735603628277,0.0127176823899988
"2022-10-25",0.0170736306661075,0.0256377338768861,0.0153396352599593,0.0181059199674269,0.018120279321673
"2022-10-26",0.000506212709494358,2.54204808005642e-05,0.00109449468130274,0.000258616995555183,0.000279224345345552
"2022-10-27",7.45838055959958e-05,0.00101648181347458,0.00169259747065187,0.00112457769150409,0.00161738807712264
"2022-10-28",0.0347647818932724,0.0189626311508198,0.0468819659320476,0.0473853915543496,0.0509918662737425
"2022-10-31",0.00245521437511487,4.52953527327882e-05,0.00372245299726393,0.00326674078269407,0.00465472449131465
"2022-11-01",0.000366704088243575,0.00265376830024544,0.000739253377782356,9.56657189117305e-05,0.000632944461521401
"2022-11-02",0.284156484378828,0.233849048058062,0.290382894205125,0.28082365207755,0.281336913926974
"2022-11-03",0.00321469898359528,0.00073633579836585,0.00716514350954989,0.00511764753911748,0.00456351401536437
"2022-11-04",0.0904586623328927,0.0731817230747123,0.0954170251974962,0.0940127679659937,0.0888974766560755
"2022-11-07",0.00418546554808241,0.00234900583151854,0.00069025938456635,0.00018174933069548,7.88235907500656e-06
"2022-11-08",0.00400439408488684,0.00136080951999262,0.00525447646953281,0.00319990368988576,0.00324395033206182
"2022-11-09",3.36010163966005e-05,0.000456675470866363,0.000292004828168047,0.000314407930451788,0.000365450316623495
"2022-11-10",0.00691018875181149,0.00306230362950743,7.8735577613287e-08,1.59446563845478e-05,4.74585795875448e-05
"2022-11-11",0.00704422063050791,0.00295651286479637,0.00948949025483681,0.00999382181165176,0.0128263998937055
"2022-11-14",0.00146882326716113,0.00737538544949734,0.0106899393497275,0.00850525004719049,0.00865774196991631
"2022-11-15",0.033692446831374,0.0118579506711047,0.00300946872018737,0.00532314537856937,0.00296296156258968
"2022-11-16",0.0103723483009546,0.0273874384437012,0.0238901333496706,0.0158667231754666,0.0243920624834548
"2022-11-17",0.00839705467803276,0.0250955236698387,0.0232092136975837,0.0162638409970652,0.022871903672359
"2022-11-18",0.0200592152523302,0.0379736880516532,0.0345514733980523,0.0332199014659429,0.0396574740135371
"2022-11-21",0.0431662554055634,0.0560945493222014,0.082105365479336,0.0855577390337339,0.0914506028344206
"2022-11-22",0.0813914869832191,0.0878992297266237,0.111498350292052,0.119603157354784,0.124569560158555
"2022-11-23",0.0204630803829609,0.0247826175338262,0.0617250541228813,0.0642647307429229,0.0700112388741654
"2022-11-25",0.135008037744687,0.134402502084452,0.154796462593637,0.158310866480216,0.164210497544962
"2022-11-28",0.0295467295349288,0.0374901459270558,0.0486941949972057,0.0528160248603147,0.0567070163821299
"2022-11-29",5.45954584518782e-06,0.00201570323895872,0.00800256779145903,0.00981739673252657,0.0114171497352764
"2022-11-30",0.0096844881031275,0.00116167653164334,1.71558323103227e-11,0.000147445517783007,0.00047847064526918
"2022-12-01",0.00465610213224044,0.0165216428641901,0.0276284000255387,0.0330121367008984,0.0361185682937653
"2022-12-02",0.0231609357137534,0.0316815249128608,0.0571876083833056,0.0706938013558134,0.0745283676753554
"2022-12-06",0.00864986718584726,0.0109434235136983,0.0466575379516088,0.0606690420458613,0.0650748582206799
"2022-12-07",0.00120417763053537,0.00208296712560685,0.00133068922709767,0.00733912745935084,0.00878223393396138
"2022-12-08",0.00203460142789824,0.000647037794060612,0.0179340123105476,0.0331354231703953,0.0344051071554679
"2022-12-09",0.00867274748732161,0.0153132891455456,0.00469171527877377,0.000178875143736823,0.00021725815146012
"2022-12-12",0.0018492068361764,1.85585031462487e-05,0.00301735826033611,0.0144002241627454,0.0137296673591718
"2022-12-13",0.0999511133823583,0.128474820690654,0.0971801672945418,0.0570306662976874,0.0586072064557952
"2022-12-14",0.211044927528168,0.26383965545078,0.244673355618179,0.170629289367845,0.166242943019049
"2022-12-15",1.17542342528143e-05,0.00326943228987542,0.00200835439846703,1.95853551154812e-08,5.36125358940875e-05
"2022-12-16",0.011641338170046,0.0227590555087722,0.015551700239377,0.0079646398006048,0.00668196704047408
"2022-12-19",0.00435604030649306,0.00154761434843365,0.0019842754630035,0.00539899505291896,0.00564578336732291
"2022-12-20",0.00858155147187656,0.0146949451390022,0.00720872668191364,0.00271801064836241,0.00295919592698013
"2022-12-21",0.00227318000572829,0.0023622998684012,0.00151707979279903,0.00483906011949786,0.00398438253117339
"2022-12-22",0.00315979851998183,0.00359560969200068,0.00303070089530011,0.000569281972666813,0.000627111184521079
"2022-12-23",0.0221353650141221,0.0250445843277927,0.0323177106494941,0.0217601463204937,0.020418849203615
"2022-12-27",0.00111993630979978,0.000235576344116417,3.49277271771697e-07,0.000703939190883851,0.00120107145435333
"2022-12-29",0.0073501925552597,0.00448075795320624,0.00414145489741036,0.00643591186953629,0.00670749130949377
"2022-12-30",0.0109572131169202,0.00940225294125074,0.0034986355191593,0.00482082755066071,0.00424667412052893
"2023-01-03",0.015418094253163,0.0170909656878908,0.0225656843693458,0.0177700119819819,0.0201760665158677
"2023-01-04",0.0560198733397359,0.0580915010932557,0.054078049819652,0.0480811746506928,0.0541536787272272
"2023-01-05",0.007086012241317,0.007282435616359,0.0110075749949297,0.00918345278198807,0.0125380026288211
"2023-01-06",0.0202742360038926,0.0254683635701818,0.0349102336637164,0.0302610260006886,0.0364473210267557
"2023-01-09",0.000307835500590325,3.50666579915782e-05,0.000430820426489342,0.000908536661788029,0.00201016401979115
"2023-01-10",0.00243671623647379,0.00549817283293397,0.00832570830025303,0.0106853657253736,0.0138966599284069
"2023-01-11",0.0108101691952491,0.00808011539678288,0.0028436199112456,0.00194105431478686,0.00136008039777447
"2023-01-12",0.0423201171240748,0.0469506261667694,0.0607870394371313,0.0645573554661438,0.0666822099899287
"2023-01-17",0.000448635944068521,9.3147171089214e-05,6.43973438099188e-05,1.09152226590581e-05,3.98761866808872e-05
"2023-01-18",0.00028555964869148,0.00154272049652215,0.00421279144676512,0.00396377540512316,0.0040630543982898
"2023-01-19",0.00101758075330016,6.03753474019975e-05,0.000311457192244902,0.000188596164477861,0.000271881180598621
"2023-01-20",0.01127676249181,0.00645411835756127,0.00282686112651676,0.0015087891637573,0.00203919517779338
"2023-01-23",0.000565595206753366,7.12186848383922e-07,0.000537012674403758,0.000540774453873683,0.000243918441695801
"2023-01-24",0.0178347936963101,0.0136062802253414,0.00480707180771822,0.00543969100873976,0.00622215456043018
"2023-01-25",6.60787387118944e-06,2.17142804321835e-05,0.00328411605116763,0.00247030061238007,0.00202951667314988
"2023-01-26",0.0174848948018727,0.0171933086793006,0.00458912766463793,0.005117075272981,0.00542784554734399
"2023-01-27",0.0183991221117497,0.0193598051714083,0.00341489574443066,0.00351721150533257,0.00357967736407638
"2023-01-30",0.0113726660622753,0.0157418767264483,0.000426035669448321,0.000125755331137345,0.000114721505541482
"2023-01-31",0.00705753748820004,0.0122057303951981,2.60407483925196e-05,6.29319060043709e-05,5.31829035277376e-05
"2023-02-01",0.0644541321047223,0.0533006622038115,0.160798794423922,0.1797897590205,0.17892197405588
"2023-02-02",0.00393916058322619,0.00144424375831598,0.0231874151052596,0.0360875255274518,0.0361719800060616
"2023-02-03",0.198646031637354,0.177965691122741,0.334008607482986,0.37344254443079,0.37097018716064
"2023-02-06",0.00261529365131774,0.00156031542661217,0.0369502394339927,0.0426163017603849,0.0420374956524536
"2023-02-07",0.0492515753797405,0.0454282103869339,0.150695759429493,0.173283448625661,0.171368509128583
"2023-02-08",9.17993137949935e-07,2.5539867243296e-07,0.0504603269679058,0.0582775584682049,0.0616682717173629
"2023-02-09",0.00037637384293121,9.68245982937432e-05,0.0408790423265146,0.0507703615891166,0.0596077443074507
"2023-02-10",0.00105540788793324,7.43918880070638e-05,0.0228192691295332,0.0364152782192533,0.0443798305550538
"2023-02-13",0.0164832796353147,0.0272272681060526,0.000161646109523739,0.00252682626997425,0.00362351100598457
"2023-02-14",0.0160831394172776,0.00656501446614866,0.0899549678576663,0.126138890176546,0.132432196406858
"2023-02-15",8.33088795129111e-05,0.000536466976873484,0.0295823818468814,0.0522790150719397,0.0516386220980756
"2023-02-16",0.00225443808519077,0.00566216553248666,0.000212132915532681,0.00138287793694647,0.00120688749228925
"2023-02-17",0.0449570804524757,0.0589757738416334,0.0122288115918117,0.00433004989945518,0.0082058408954857
"2023-02-21",0.0438264858648827,0.0648378426320444,0.0142982753716656,0.00565823204066818,0.00904000659960325
"2023-02-22",0.00504325862807575,0.0157910239106052,0.00063116802864216,0.00434413348546836,0.00311055199515331
"2023-02-23",0.0314263128848684,0.0601727388357833,0.0105002827511653,0.00496533372654762,0.00779335832762751
"2023-02-24",0.0258317591332431,0.0479523140588145,0.0167424428693497,0.0162921914455609,0.0202051162091086
"2023-02-27",0.0528178275075959,0.074882515889287,0.0322646653521217,0.0374091570600985,0.0383486175989107
"2023-02-28",0.0581123835143953,0.0802766714697971,0.0527502812285432,0.0615019776863399,0.0608209707923262
"2023-03-01",0.0319025315385182,0.0413993295543493,0.0120818166222809,0.017877587554147,0.0171400284991359
"2023-03-02",0.0418522416667788,0.0559175756786883,0.0243736928144858,0.027622484957994,0.0296003065737693
"2023-03-03",0.0252764279920761,0.0287786582368701,0.0147698104406295,0.0112942658021984,0.0117355824389462
"2023-03-06",0.0106691527272418,0.0107037452239418,0.00427270464073204,0.00242557255570675,0.00248901736339047
"2023-03-07",0.00146094607543845,0.00162404785238301,0.00118777758024891,9.04859872061792e-05,0.000178162104099044
"2023-03-08",0.00929263459125673,0.00762916159825222,0.00213360297577014,0.000377696892072787,0.000692022101928869
"2023-03-09",0.003387117539148,0.00484854317545969,0.000970587714890225,1.06236859043207e-05,1.35752051071414e-05
"2023-03-10",0.0338191910545647,0.0273337497034789,0.0361994615651819,0.0560838112923168,0.0515869555611044
"2023-03-13",0.0233814737718232,0.017782137792502,0.0211611700857384,0.0367754688228268,0.0347574899559069
"2023-03-14",0.0111673810796058,0.00698404542020148,0.00104527251357456,0.00521565844513949,0.004913416143
"2023-03-15",0.0654954215341941,0.0560357213278178,0.0449043526993673,0.0662513498695478,0.066819710867299
"2023-03-16",0.00751581999227313,0.00471147548202233,0.00612291253390529,0.0176061396841829,0.0169423609682438
"2023-03-17",0.0105389304878061,0.00652347899880845,0.00190567477521508,0.00914675546561861,0.00855274477104007
"2023-03-20",8.43465485345085e-06,0.000456874661693973,0.00332205996671076,5.89717319237071e-05,0.00010962631109801
"2023-03-21",0.0262184425499892,0.0308058882045914,0.0356581457966656,0.0198761693676177,0.0202012227828923
"2023-03-22",0.0261156442063584,0.0194070211307924,0.0198952925634317,0.0377447166946356,0.0343554441145442
"2023-03-23",0.0102182583701804,0.0065186942387363,0.00605123524246953,0.0161336760292863,0.0144234004563977
"2023-03-24",0.000711915956611575,0.00258345426698048,0.00204794605134007,1.09785474724511e-05,4.37195174938232e-05
"2023-03-27",0.0435147998935734,0.0571857217543235,0.0470935067045177,0.0349416341979196,0.0364293039178534
"2023-03-28",0.0782423765095535,0.0909739582332474,0.109992820203924,0.0989807937649734,0.102199947191537
"2023-03-29",0.145578839564073,0.160828893928465,0.164664931724065,0.153758938377251,0.155654851251948
"2023-03-30",0.149009276302313,0.1678066437756,0.173401879815139,0.165082593834579,0.166220542214567
"2023-03-31",0.151736803758884,0.169566286253865,0.176322072871967,0.169343662936625,0.169894526083772
"2023-04-03",0.100891140596979,0.121856807684106,0.106373450597478,0.099864354462297,0.0991383894466282
"2023-04-04",0.0816298014610453,0.105616098371415,0.103980348188446,0.101095067030235,0.102615846386516
"2023-04-05",0.0793003791033857,0.0964990025154953,0.0936267933396024,0.0877241635941668,0.0899293691901664
"2023-04-06",0.101356687689006,0.119664716597927,0.10963891496942,0.0995055847088244,0.10316237530798
"2023-04-10",0.064159044318477,0.0816385707267557,0.080495756996124,0.0723214460202231,0.0761001937878316
"2023-04-11",0.115758309587932,0.136968981026306,0.133847634644534,0.125994821445875,0.132704737239141
"2023-04-12",0.0199173034183828,0.030684451410226,0.034449686630128,0.0302938470930738,0.0335190717816212
"2023-04-13",0.04914013818789,0.0633743850639337,0.0614606872215555,0.0539078514062674,0.0595329540027616
"2023-04-14",0.0151259704750453,0.0230205660681277,0.0230367344873528,0.0183486715536132,0.0215635308621482
"2023-04-17",0.0416479304085995,0.055799187845724,0.0531732501116848,0.0472139190168082,0.0538343336718032
"2023-04-18",0.0383655233164071,0.0489408741120576,0.0460139365540699,0.0388174429606021,0.0448179818810788
"2023-04-19",0.0639826879609406,0.0770681146547891,0.0768549964001435,0.0658030794062068,0.0737402606872777
"2023-04-20",0.0423973215625679,0.0537417330310819,0.0446079016456968,0.034465185897596,0.043565299703598
"2023-04-21",0.023900843075922,0.0305085216518597,0.0215420581164691,0.0131719873626257,0.0201041300862388
"2023-04-24",0.0723430030048502,0.083347668110169,0.0672502344896151,0.051957594150102,0.0649727046703918
"2023-04-25",0.0268072998748548,0.0320211119602611,0.0188392351900628,0.0098212006409093,0.0159589802748985
"2023-04-27",0.0533329790852932,0.0584271792024453,0.0403822747223048,0.0263149543004015,0.0353023904709691
"2023-04-28",0.0273744771728714,0.0318671218362934,0.0221013613357848,0.0115786029304168,0.0180124977245331
"2023-05-01",0.0459231798010817,0.052326635900688,0.0341376098639736,0.0199700316613065,0.0293872675938078
"2023-05-02",0.0310131178907898,0.0376902275460413,0.022291422462807,0.01009163801111,0.0160384992501843
"2023-05-03",0.0271197351414167,0.0204161856098466,0.0426940971683059,0.0702311950860977,0.0546110840913048
"2023-05-04",0.00773783400304806,0.00615283204955142,0.0229683686182534,0.0401523467605891,0.0285817702689339
"2023-05-05",0.00287607860294004,0.00187297659413943,0.0178086119675922,0.0344366137813956,0.0271269337922058
"2023-05-08",0.0104807606947204,0.0110735487872184,0.000321306405899779,0.000582078888375692,8.98110970037891e-08
"2023-05-09",0.0564883598969523,0.0591819072914297,0.0186245898422699,0.00997589565158741,0.0132810055671342
"2023-05-10",0.0134184664449348,0.0174911595638108,0.00267629655924306,0.000171702509924154,0.000749911504988932
"2023-05-11",0.0251850485501486,0.0262255720193942,0.0294333199061483,0.0204697709569555,0.0228359180249114
"2023-05-12",0.0359453681913169,0.0303936420429951,0.000235361429529402,1.52026679189898e-05,0.000133703766326931
"2023-05-15",0.0561564642144248,0.0675914924511567,0.0334513515193344,0.0292945933317865,0.032455267590872
"2023-05-16",0.0580750890074517,0.0647545260659768,0.0185005599334107,0.016238453447746,0.0187257643485288
"2023-05-17",0.0230305668665809,0.0315025112802503,0.022620498052393,0.0217187265706866,0.022847218657533
"2023-05-18",0.0453360978687019,0.0593056116535162,0.02239119237776,0.0206371816783031,0.0247064645695789
"2023-05-19",0.0315609267754673,0.0389067223819146,0.00747184894847952,0.00618585491910806,0.0102129965789535
"2023-05-22",0.0467982060403695,0.0543085602990776,0.0237835130035056,0.0214725533300146,0.0284175966089881
"2023-05-23",0.0382774294543402,0.0397403528389877,0.0184498805702544,0.0124413094255378,0.0184707231906758
"2023-05-24",0.0109440194490391,0.00774925667403292,1.3190882488523e-06,0.00347218588513942,0.000613796128343669
"2023-05-25",0.00332627961709009,0.00221503013170676,0.00133268641266771,0.00873302123494102,0.00371786137866637
"2023-05-26",0.0266431381762002,0.0262673560539779,0.00905318007303446,0.00420957965396251,0.00810516487581792
"2023-05-30",0.000584039003434622,0.000529591401811969,0.00289030696486448,0.00843176621349939,0.0043324027209195
"2023-05-31",0.00485415938793299,0.00523306675982194,0.0237692949548125,0.0375472582547753,0.0282812699011155
"2023-06-01",0.00615019324158195,0.00570563695817317,0.00016118422753908,0.00173070751785653,0.000194060930317486
"2023-06-02",0.0107915085811106,0.00913419083129008,0.00123414383955556,9.27359185565191e-05,0.000786197582350212
"2023-06-05",0.136902428244408,0.141908764937603,0.161188806371967,0.21366065434817,0.193079589623102
"2023-06-06",0.00147392827641246,0.00307552123298005,0.00935114621351874,0.0194212040779624,0.0149311343082226
"2023-06-07",0.00131329368315125,0.00363359216583037,0.0139109307508718,0.0247318573427591,0.0213101277531715
"2023-06-08",0.0090913357866691,0.00613717814488868,0.00010247802831298,0.000863205576842496,0.000490012467895706
"2023-06-09",0.0100778220208326,0.00705476671180816,0.00266212239230379,5.60444390265147e-05,0.000107583852521742
"2023-06-12",0.0434476040575904,0.0330867596807054,0.0149824409934529,0.00708563300021314,0.00627437770966077
"2023-06-13",0.00809528099511603,0.00435519499654125,0.000615462753690066,0.000404646677997,0.000656921351719797
"2023-06-14",0.000310448869851099,4.11168785243721e-05,0.00283030486001667,0.00905809095277932,0.00991283036099899
"2023-06-15",0.0251282754640274,0.0208003484072494,0.00980883676783306,0.00372749494498459,0.00298711622288783
"2023-06-16",0.0172815441438086,0.0135302427121091,0.00414376318552989,0.000470548278848293,0.000195743959685579
"2023-06-22",0.0840028923568477,0.091972218055852,0.0522868902646745,0.0361869958654686,0.0404714570981497
"2023-06-23",0.053799825178402,0.0499149870511073,0.0277227240680156,0.0148446779744229,0.0169941533624376
"2023-06-26",0.0551282739478043,0.0419452374870684,0.0210255881757864,0.00872944934583342,0.0107272970695704
"2023-06-27",0.0754741250554036,0.059842743365389,0.0416622662675217,0.0248877284190667,0.0286334939781736
"2023-06-28",0.0405573224830587,0.0302773454726373,0.0149246041376994,0.00685165242063679,0.00830253653042567
"2023-06-29",0.0360677194074543,0.0318991087740366,0.0161981501817909,0.00880626088651937,0.00707179885368592
"2023-06-30",0.0462284557324291,0.0401942070511305,0.0162554670381856,0.0101784078469569,0.00679822203993963
"2023-07-03",0.125322396013469,0.116042352895326,0.0895085922361945,0.0734423941913789,0.0618226096828123
"2023-07-05",0.0550926639086833,0.0469523363921267,0.0348628470764156,0.0266618143994315,0.0168892460793788
"2023-07-06",0.0572878757675062,0.0477425648179397,0.051781952165233,0.0431746601683018,0.0307769559382907
"2023-07-07",0.0475403767325182,0.0347342974786322,0.0160296784439087,0.0101033863948627,0.00466168175092885
"2023-07-10",0.0101713101551679,0.0043503335659083,0.00059142465405726,1.57924924406583e-05,0.000730295999076258
"2023-07-11",0.0380824969445965,0.0279041761674965,0.0196041270815872,0.0158552027273164,0.0103166158523891
"2023-07-12",0.00597734150510965,0.00225610854248548,0.00162692281010957,0.000316416858135771,3.88746214108338e-07
"2023-07-13",0.0809717967817458,0.0665389180701466,0.0556707540649868,0.0492560559574982,0.044388467531199
"2023-07-14",0.0684813044130834,0.0578798462348578,0.0504050763106452,0.0440129086951644,0.0394322374912024
"2023-07-17",0.0480023721419951,0.0399215027978062,0.0364733954686949,0.0322817110410156,0.0293103375437314
"2023-07-18",0.0513684779265393,0.0425696368166895,0.045323694789893,0.0393920617438523,0.0356704767469265
"2023-07-19",0.103869791304253,0.127756424992696,0.0833203958666844,0.0957338343943981,0.10383279697526
"2023-07-20",0.00139933432024275,0.0053990692806134,0.001187859465974,0.000275967295869428,9.61621388051448e-06
"2023-07-21",0.000437572675065612,0.000211009232598869,0.0018169181505896,0.00104164737508605,0.000353774502363402
"2023-07-24",0.0209865141234173,0.0103092884525575,0.0295548542709301,0.0253631326642685,0.0221155841328127
"2023-07-25",0.0875121100059324,0.067077952168451,0.101196809859018,0.0937478439073345,0.0875532019799827
"2023-07-26",0.00122956244168426,4.34780472380325e-06,0.00796462241616913,0.00652151382853439,0.00472362379148494
"2023-07-27",0.000128444081520795,0.00235342625817725,0.00239748232579262,0.00146113244973445,0.000930653140105431
"2023-07-28",0.0201364158051827,0.0103518460539538,0.0436193907907976,0.0401819553954816,0.0359288858589459
"2023-07-31",0.0736286585708192,0.0576358595148954,0.137549540856082,0.131466270661728,0.125163818527785
"2023-08-01",0.0413159568086903,0.0252859753362173,0.0856078191522531,0.0840309218724733,0.0668210953089519
"2023-08-02",0.0492498214867068,0.049180362484214,0.087667718231764,0.0823123887715695,0.0683701748253438
"2023-08-03",0.0155825606692579,0.0103608360464982,0.0446600120808911,0.0394737468605486,0.0276270382699877
"2023-08-04",0.111301865707392,0.142318901435092,0.037399498031202,0.043096052283127,0.0617664696755891
"2023-08-07",0.0296630205595161,0.0467428817447402,0.00509076645799178,0.00735580539270875,0.017255898006592
"2023-08-08",0.00483968209582297,0.0012073624789215,0.0351426740321488,0.0284358400862774,0.0224198826751341
"2023-08-09",0.00320366845987752,0.000193099789218332,0.0266249788375319,0.0181994769640714,0.0110093161594309
"2023-08-10",0.00185913286546158,0.00633743265928888,0.0183810039613701,0.0147536135727118,0.0095628779308099
"2023-08-11",0.00307102086189071,0.000715322618745518,0.0306902552976134,0.027643532965121,0.0220420864284836
"2023-08-14",0.011657322751385,0.00613157821546628,0.0529758859796896,0.0497129360623634,0.0402552131026819
"2023-08-15",0.0291974156517001,0.0231854779003127,0.0896709382213736,0.0783288929781807,0.0704958524344648
"2023-08-17",0.000509954777137667,0.00263164430635365,0.0101609332147157,0.00635333409047223,0.00666228186743401
"2023-08-18",0.00450255870665228,0.0108364879886524,0.00397496642067252,0.00169470250150439,0.00243897084473765
"2023-08-21",0.0638858406066596,0.0506153054771401,0.0765353981851447,0.0683835114608626,0.0848465380222627
"2023-08-22",0.048290066549258,0.0392018775353438,0.0772270860234552,0.0747740855735004,0.0934458270172995
"2023-08-23",0.0421460425957578,0.0336432032356908,0.0883861988599974,0.0846517256638109,0.101472172117782
"2023-08-24",0.0160496877924996,0.0120365397514135,0.0485318291412733,0.0444262185815911,0.0593067738120576
"2023-08-25",0.00155340690228911,0.00395439493648997,0.00120687987165558,0.000148957908682634,0.00248012351970006
"2023-08-28",0.0168185555919402,0.0115566487736865,0.0333066394441341,0.0270930939361198,0.0375770273829759
"2023-08-29",0.0227382468360702,0.0184927923475267,0.0475616114578414,0.0384885514636006,0.0470167992272568
"2023-08-30",0.0105014311953908,0.00712476238944171,0.0218042769934135,0.016215099537563,0.0193341125030944
"2023-08-31",0.0181891920049171,0.0145769388488961,0.0306146661550613,0.0217132649871925,0.0285977569779441
"2023-09-01",0.0384608850500676,0.0338833931423175,0.0686211810380812,0.052608065068829,0.0567903850824072
"2023-09-05",0.0148303389137434,0.0118976218432598,0.0377111519346587,0.0278760210236035,0.0285561335367046
"2023-09-06",0.000798546636636699,0.00198730927127055,0.000323504699722976,0.000172783902172347,0.000179692916871144
"2023-09-07",0.0840162759791916,0.093043062516825,0.0661521045577118,0.0870302590589953,0.083095675261617
"2023-09-08",0.0019992534901907,0.00100009981130955,0.0068481045751605,0.00286759491160415,0.00178887789307014
"2023-09-11",0.0182102415511565,0.0158515494642446,0.0390456468638187,0.0281897881467648,0.0241740413040104
"2023-09-12",0.0481157015771476,0.0520903433582427,0.0263234185863777,0.0318207610360426,0.0384914506227612
"2023-09-13",0.0137727718018223,0.0150348072116955,0.010034838272857,0.0144756218933482,0.0177853574672255
"2023-09-14",0.00069946151762279,0.000796358161619715,0.00191874875718923,0.000704086042382146,0.00022042778069431
"2023-09-15",8.10135245306043e-05,2.56932566577994e-05,1.23704469474628e-05,0.000112529180232412,0.000339373242729479
"2023-09-18",0.00027103892202196,0.000245758149710618,0.000664483071034727,0.000199094870112715,4.75795125651768e-05
"2023-09-19",0.00287458983784927,0.00367920595408688,0.0123410764831666,0.0104785469262125,0.00962519425997121
"2023-09-20",0.00360172076718768,0.00222393283146438,0.000398525611433831,0.000901418745122617,0.000908642777833979
"2023-09-21",0.00920694628405871,0.0139982152176179,0.0398865146734679,0.036282916343507,0.0392836034647783
"2023-09-22",0.00351984974665576,0.00592541768753208,0.0116259784446917,0.00960253271230216,0.0102348249789288
"2023-09-26",0.00711152576464924,0.00975409378697822,0.0221019549526402,0.0208029404587304,0.0225514637963549
"2023-09-27",0.00272931105798069,0.00660927647159859,0.0107393983748052,0.00868858291456975,0.0118870388462153
"2023-09-28",0.00559394187606221,0.00254457878217984,0.000890205717380077,0.0010443169298604,0.000357767565183131
"2023-09-29",0.000202467499205161,0.000997866395841429,0.00648044610543219,0.00621418686514952,0.00742034399872105
"2023-10-02",0.000412094870913871,3.56667534429089e-05,0.00161692690365811,0.00175135615670485,0.00260782719868891
"2023-10-03",0.00102347141654757,0.00290814230438841,0.0129403316371892,0.0134380310871203,0.015691141961399
"2023-10-04",4.43209467646533e-05,0.000131562686995768,0.00624517221497478,0.00798732489197596,0.00827825626766443
"2023-10-05",0.0198266934526827,0.0237524591094269,0.0459623854461442,0.0498331822925957,0.0499188092711451
"2023-10-06",0.000520335109503334,0.00099823837430546,0.00862735502879763,0.0102087484822821,0.00605220962288255
"2023-10-09",0.038595302720333,0.0429766881494387,0.0657816995110183,0.0729137916765985,0.066732106609459
"2023-10-10",0.0313610344794755,0.0361525100904407,0.0536995830519782,0.0597773691988366,0.0543183406030472
"2023-10-11",0.0591709548463275,0.061227757736706,0.1226909844191,0.135772616207258,0.133365340851626
"2023-10-12",0.0333085518265488,0.036944214001096,0.0448636719581526,0.055668410438642,0.054265470761699
"2023-10-13",0.0124147357261239,0.0134166848115562,0.0216289605003261,0.0281512432815056,0.0324891384280672
"2023-10-16",0.0110864124620873,0.0114868527454588,0.0167146264008544,0.0238847862917522,0.0276217198525845
"2023-10-17",0.00287671225365371,0.00326238005438184,0.0066158148998956,0.0121182626253966,0.0140302542391424
"2023-10-18",0.00607841472186843,0.00699430863558992,0.0145989423469088,0.0201019753139318,0.0219018741183621
"2023-10-19",0.00775202586233847,0.00622233650910387,0.00258829429136975,0.000469109937393908,0.000398145464051813
"2023-10-20",0.00260566320637001,0.00372680828880401,0.00829713885339012,0.0136333432265765,0.0111558357821526
"2023-10-23",0.00130453073230385,0.000821681868822921,0.000597111378374926,0.0028157514381042,0.00184231106301169
"2023-10-24",0.000687272073182532,0.00132713845513321,0.00278638082305327,0.00578372770343893,0.00489141520784786
"2023-10-25",0.00234696514141985,0.00112993031852238,5.56623802518974e-05,0.000162064033425668,2.48147179029434e-05
"2023-10-26",0.0212744082990408,0.0205316626509409,0.0204428984666232,0.0144919278112052,0.0172545020293704
"2023-10-27",0.0186777672904535,0.0186756864348121,0.0173973456990126,0.0131948624168794,0.0132103766984224
"2023-10-30",0.000217490778601892,4.88080349780873e-06,5.68313589002223e-05,6.44241028471271e-05,0.000106990755564196
"2023-10-31",0.0075725605264414,0.0091910612106747,0.00851272470982867,0.010512008906594,0.011135558408981
"2023-11-01",9.97745691821983e-05,1.23136987095762e-06,0.000311884107383698,0.000562237468546556,0.000585499315590265
"2023-11-02",0.0158366738248963,0.012571653278701,0.0146821209340502,0.0167610487067411,0.0166359056822034
"2023-11-03",0.00676100009462877,0.011042021006662,0.0119982881457557,0.0100908818039835,0.00994065842181779
"2023-11-06",0.0145554220542432,0.0123012263700406,0.0110859528204905,0.0140239945180063,0.0127868281682413
"2023-11-07",0.0274690150536718,0.0255932164383086,0.0245880598740804,0.0293792082049942,0.0279634544308853
"2023-11-08",0.0530202843313958,0.0451693898925511,0.0528685883486002,0.0443042973056704,0.042173341610358
"2023-11-09",0.0371790622173527,0.0251579635490355,0.0679537180702257,0.0658437569909773,0.0668625984851214
"2023-11-10",0.108469951340474,0.0742038312462396,0.0720780960639358,0.0719859221849983,0.0752714648958683
"2023-11-13",0.146203447531694,0.117514332507054,0.12388642796956,0.129295673415071,0.13389398470454
"2023-11-14",0.0819974833674486,0.0680921788489006,0.0622591680548319,0.0655940048302432,0.0691676069938274
"2023-11-15",0.095592422797155,0.0802439946684599,0.0713621635569177,0.0709601880952158,0.0745525620474028
"2023-11-16",0.0405534097952744,0.0331908026404544,0.0372376345616989,0.0367676879545744,0.0378684414319586
"2023-11-17",0.10264069446209,0.112027474914801,0.107743996950001,0.104710070820149,0.104570696428569
"2023-11-20",0.102900108584479,0.108296595340027,0.102250552391479,0.0992202579757218,0.0977613440897085
"2023-11-21",0.102797937728101,0.108145455996317,0.101875691410382,0.100324551858523,0.0966764459877956
"2023-11-22",0.0798317550500858,0.0881381610423695,0.0828333200536493,0.078101155353901,0.0782775359234946
"2023-11-24",0.219581942894126,0.237137785455197,0.242065287710771,0.237010950383492,0.232676706781662
"2023-11-27",0.0808597519999372,0.094547848016048,0.0999775695917466,0.099485831024186,0.0952937827130258
"2023-11-28",0.0935720142369105,0.109190834359928,0.114851509041527,0.115140645831092,0.110688975899998
"2023-11-29",0.0892846154217595,0.103997169815007,0.109965674038621,0.110858138889868,0.10654445822831
"2023-11-30",0.060502016241806,0.0705754050581278,0.0680970888582813,0.0697022694250213,0.061324965125948
"2023-12-01",0.0389853399317455,0.0445415719977509,0.050520461552354,0.0527558566723108,0.0506992143271257
"2023-12-04",0.0581601152755595,0.0698608398475218,0.0753333488017591,0.0796830931129775,0.0632064033378883
"2023-12-05",0.000197423023217791,0.000426007211847823,0.00227734738649032,0.0031511315494055,3.13489747416629e-05
"2023-12-06",0.028867178976212,0.0338515053140964,0.028165126033447,0.0326014623269035,0.0156177028578148
"2023-12-07",0.039711678026016,0.0468617376491958,0.0423026054137294,0.0488808028716012,0.0273839664924176
"2023-12-08",0.0124815518515553,0.022687609332263,0.0196164074857856,0.0259381110590535,0.0108835192431596
"2023-12-11",0.000316502949006869,0.00239368738692636,0.0032207849190129,0.00961002006732414,0.00596466781021232
"2023-12-12",0.0345235715817358,0.0482264620421504,0.0429468552042107,0.06722164604462,0.0580184131478276
"2023-12-13",0.00189962795351772,0.0091476206379737,0.00965270025445397,0.0243442274317667,0.0217859643366629
"2023-12-14",1.40996870081622e-05,0.00103448649100013,0.000181955282325008,0.00641420525452085,0.0068713342847746
"2023-12-18",0.0183905823163724,0.0293236110787034,0.0289190551626406,0.0546249160926577,0.0515732582723454
"2023-12-19",0.0549030865125126,0.0695203256996237,0.0699153619631916,0.109354310300095,0.0984500030059485
"2023-12-20",0.0157844488302379,0.0237317144148286,0.0152396446200467,0.0352614552232606,0.0296475187566101
"2023-12-21",0.00849919687578593,0.0132820141554275,0.00664307201352532,0.0240456242987461,0.0195680876628777
"2023-12-22",0.0626171728747766,0.0741662253292741,0.0678108130456005,0.108281450143646,0.105153889643146
"2023-12-26",0.170213525313297,0.187333721690618,0.177853813846621,0.220100458132214,0.213601236731733
"2023-12-27",0.0779043564337625,0.0930503135608487,0.101233906041391,0.129579992224601,0.131117488542664
"2023-12-28",0.109157392170018,0.127561311162566,0.116371763779034,0.151317912328159,0.160873668084146
"2023-12-29",0.0445221947676879,0.0531801942261376,0.0486883522694188,0.0682112837246402,0.0709344015168776
"2024-01-02",0.00951040245109036,0.0060746414795656,0.0113182955768782,0.00454098277293369,0.00529175710650476
"2024-01-03",0.000816008840250682,3.22586043632889e-06,0.000641052403057119,0.000157573283295243,0.000524475048452544
"2024-01-04",0.00106921308383523,1.59467527456325e-05,0.000155205005592407,0.000385580363024385,0.00150788849586148
"2024-01-05",0.0178866329780047,0.0110759928473092,0.0120356928956544,0.00578754639164414,0.0024931417424221
"2024-01-08",0.00553822507756863,0.0108037802446339,0.00653140396894258,0.0105153811992813,0.0156756067756407
"2024-01-09",0.00570765041196952,0.0141331554810733,0.0114448203212276,0.0179696707905317,0.028512525322516
"2024-01-10",0.00340402747821922,0.0141784809432428,0.0131949938962199,0.0177642043439559,0.0271579221267912
"2024-01-11",0.00736220571028556,0.000250063035643233,0.00118035459442023,0.000602083116848062,0.000198737214999412
"2024-01-12",0.000736736745168942,0.0123368283091092,0.0109916666468357,0.0112355782019522,0.0185937235664144
"2024-01-16",0.0253777213967836,0.0033097200339991,0.00251961703724968,0.00272886596760324,0.000471680788371565
"2024-01-17",4.65210348707945e-05,0.00651014118725435,0.00539097508186925,0.00421668084078353,0.00896152982929199
"2024-01-18",0.00267833075397306,0.000783966208800058,0.000865600483664908,0.000536031618733501,0.00236831043348307
"2024-01-19",0.00226033562410843,0.0101467447273473,0.00065713524316191,0.000522687042777026,0.00450894127855483
"2024-01-22",0.00275930328081753,0.018076359702796,0.00840689835176289,0.00815703594215589,0.0189551501864553
"2024-01-23",0.0114992282526363,0.0280395374283735,0.0127922811252312,0.014086567876199,0.0307448931476508
"2024-01-24",0.0065170714529359,0.0198119101204599,0.00824453753055976,0.0088957042157829,0.0257433080140057
"2024-01-25",0.000327414246845015,0.00203525139219596,0.00237452068981847,0.00287939173279361,0.0122602515332852
"2024-01-26",0.0165127194464083,0.0327490731562565,0.0320476314021083,0.0366028764458566,0.0543649130710409
"2024-01-29",0.00516206894934101,0.0140436499558396,0.0112880354451637,0.0151362071012724,0.0328657425820871
"2024-01-30",0.00413656842088361,3.64717606411435e-05,0.00113595652291298,0.000293401130619708,0.00088309413364529
"2024-01-31",0.0490551142823481,0.0230802019029539,0.0278389186739945,0.0212943483617576,0.00836565403301215
"2024-02-01",0.0174855195227264,0.00279708493845954,0.0080917372954501,0.00565968729527655,0.000144074784637516
"2024-02-02",0.174659418543051,0.0932198506594397,0.116372240648736,0.10841395654264,0.0595279179925092
"2024-02-05",0.0176865059086553,0.00114993771531235,0.00422901998845426,0.00292423678570586,7.60096546521538e-05
"2024-02-06",0.00412062752865427,0.0293492576735168,0.0219496792942155,0.0256570767851474,0.0488807502866639
"2024-02-07",0.00264102801138377,0.0195151407588714,0.0134529797761358,0.0182329818133407,0.0365060329105993
"2024-02-08",0.0604360646578452,0.0965691411365044,0.0846808671017425,0.0936877741969011,0.129357185263288
"2024-02-09",0.0443228627385646,0.0693466170179644,0.0523890855443097,0.0612557242565741,0.0902795635452811
"2024-02-12",0.0243059065683939,0.0512693004956346,0.0390726625068205,0.0460337523335441,0.0698858763200936
"2024-02-13",0.000419799396025988,0.0081741233866004,0.00185377204639603,0.00376614482175675,0.0118194992925122
"2024-02-14",0.0120655380835932,0.0209494384962696,0.0161761284661091,0.0178315297996772,0.0237735860287753
"2024-02-15",0.00101883215386223,0.00439219269765645,0.000129232527212642,0.000460051217263002,0.00292717351715899
"2024-02-16",0.0349984612710244,0.0406771621033055,0.0428123566528045,0.0438337985246688,0.0719237079793769
"2024-02-20",0.0270769306467737,0.0343046857736815,0.0345112712934585,0.0373678341303396,0.0648417146922038
"2024-02-21",0.0118217506931981,0.0145853195063439,0.0173195167346329,0.0202018576166785,0.044162072461976
"2024-02-22",0.0152033358126022,0.0211250832912306,0.0218980963986324,0.0239154611820944,0.0502911932073329
"2024-02-23",0.0389784503360948,0.0528022812320179,0.0531983039070574,0.0561164835126806,0.0935886533177908
"2024-02-26",0.0360515835357003,0.0599172032695656,0.0567805480661152,0.0589608113127296,0.0874484066697523
"2024-02-27",0.0034286556520744,1.93173532281321e-07,2.70071841619313e-05,6.73434544307128e-06,0.00298137456000891
"2024-02-28",0.00920275965835549,0.0158933684559119,0.0135134122462381,0.0132930130920861,0.0271618906379927
"2024-02-29",0.00740098995124083,0.0014047664785195,0.00258383116752237,0.00188929659151427,0.000136365873786071
"2024-03-01",0.000183180397619109,0.00493705984035087,0.00850603990402288,0.0102283070684885,0.0225513890801277
"2024-03-04",0.0271246343259637,0.0118588970482998,0.0106851253272369,0.00897107025258248,0.00182753497184684
"2024-03-05",0.0296015748672658,0.0140348516232369,0.0132565667631837,0.0105693080668108,0.0034904009669039
"2024-03-06",0.0180519406485866,0.00549856771270263,0.00645588906693217,0.00409359674314347,0.000759841599866196
"2024-03-07",1.04669663629764e-05,0.0029368936236398,0.000728637153929235,0.00235288964634517,0.00718722778625458
"2024-03-08",0.0325823634464648,0.0190548574150211,0.0134033303644654,0.0113846173567875,0.00530579849833224
"2024-03-11",0.0579332781493491,0.0422540953602701,0.0402918102971956,0.0321791349660889,0.0176345631363888
"2024-03-12",0.00203061274317373,0.00017071807202762,5.44835708433666e-05,0.000701682894571842,0.00472246996201342
"2024-03-13",0.0208482485324271,0.0494937413925789,0.0551332078819906,0.0650297215124134,0.0868714081657338
"2024-03-15",0.00264863423745476,0.00255578558871727,0.000324268750981904,0.00178261047976558,0.0074403743695517
"2024-03-18",0.00734005947053218,0.00165560863309078,0.00126290809528573,0.00365111359050729,0.0101297385102714
"2024-03-19",0.0132040756727325,0.061280481527535,0.0562180576864595,0.0673512095746904,0.091826127038743
"2024-03-20",0.0104442205684234,0.0559645883352253,0.0437166299392857,0.053157817488243,0.0763072330546959
"2024-03-21",0.0226518785519385,2.01548075495772e-06,0.000708980663005399,2.23632047260391e-05,0.00157760218634273
"2024-03-22",0.000575469344533008,0.0259095901369353,0.0271281766519873,0.0331923381367525,0.0530142198032082
"2024-03-25",0.0369257657334807,0.0946649952919891,0.105311449445972,0.115083432562908,0.146690026937916
"2024-03-26",0.0289320540819467,0.0788023164515947,0.113978795788746,0.11198423188068,0.148445483614495
"2024-03-27",0.0106002369860745,0.0455893921275188,0.0542603299920441,0.0495699792583135,0.0792439944744858
"2024-03-28",0.000950725184315049,0.0206708759628569,0.0276282142217463,0.0228036770062245,0.045054942443354
"2024-04-01",0.0944925241006831,0.14875194868228,0.133379093328319,0.119730651513211,0.156615092441829
"2024-04-02",0.048702405837163,0.09417394797491,0.0873551844317155,0.0744378155694481,0.114820250126777
"2024-04-03",0.0108850977423514,0.0363349626921103,0.0635671919184291,0.0553726963048755,0.0849008990288067
"2024-04-04",0.00698278058761437,0.0267199981030137,0.0303690856514971,0.0250724893761451,0.0455591479993875
"2024-04-05",0.0394024191429827,0.0772309415934509,0.0603525107287188,0.0542062243361232,0.0781546909712802
"2024-04-09",0.0348301019294763,0.0880907427185043,0.0677990268086013,0.0626185049599326,0.0855098183961365
"2024-04-10",0.000465488601674835,0.020685666010041,0.0150392673374269,0.00503316145101262,0.013697416849195
"2024-04-11",0.00036474706426759,0.0109819797071649,0.00943612104709701,0.0026074800610969,0.00782541075814747
"2024-04-12",0.0272073380228051,0.000569006207669753,0.000947864374273077,0.00855261760481585,0.0037066120457423
"2024-04-15",0.0270597325342816,0.0008023052817272,0.00135335009417359,0.00880262496375095,0.00456611981165955
"2024-04-16",0.0888823586003957,0.0297587805036044,0.0211151839546564,0.05165363792488,0.0417842258121359
"2024-04-17",0.00230827520028587,0.00302779705926115,0.006215153538911,2.59234462478553e-05,0.000184638837209761
"2024-04-18",0.000639858789487802,0.0140183555189826,0.0212453020814871,0.0072908950582613,0.0069631224782225
"2024-04-19",0.00402590131807479,0.000613997756084173,0.00657746656566749,7.06367506915218e-05,1.27390989357323e-06
"2024-04-22",0.00165455626392941,0.0117132520457748,0.0253177693909479,0.0119961510758759,0.00870765440043897
"2024-04-23",0.00645700357622547,0.0211194050098906,0.0362021278116607,0.0164403123016494,0.0106079003764492
"2024-04-24",0.00156442657930489,0.00779047836523961,0.0193587696724626,0.00697059839336056,0.00346599602532649
"2024-04-25",0.00318125211534093,0.000247519685757203,0.000441674557072336,0.0066016736736545,0.01179045857804
"2024-04-26",0.0356968353278051,0.0582774791559377,0.0517395081611243,0.0291219740644315,0.0222359082445263
"2024-04-29",0.000694357414530167,0.0106736352622487,0.0122219428792161,0.00370490390978895,0.0019523658998235
"2024-04-30",0.000486638776605153,0.011803918683152,0.00684172890385804,0.000971899143305421,0.00033457987769614
"2024-05-01",0.0263111877793538,0.00203275137999559,0.000980885311507418,0.00669222984562667,0.00925994262591434
"2024-05-02",0.00211718848588793,0.00319490707917858,0.00819713896364016,0.00161137687382018,0.000343526818586959
"2024-05-03",0.0629688596773903,0.0314007810566355,0.0185771913460084,0.0300218440096494,0.0408374563427194
"2024-05-06",0.00243622260387388,1.43738469988719e-05,0.00298148169466117,0.00036987511646136,0.000131937558873751
"2024-05-07",8.18270860625248e-06,0.000461184479915389,0.0043297161687943,0.00125447771643672,1.80163918455101e-05
"2024-05-08",0.0333092664605781,0.038199584420032,0.0843447666175838,0.0685816201291074,0.0507672330260416
"2024-05-09",0.0653351329811254,0.0539918970313642,0.159302385535483,0.140917218354558,0.114412829808461
"2024-05-10",0.0178711389083068,0.00907201030507632,0.0388600335389577,0.0240021160032835,0.0127908760169773
"2024-05-13",0.0336755544676142,0.019863905733033,0.0268526685059916,0.0160252598181825,0.00578775285825728
"2024-05-14",0.0399248888691777,0.0212754683579663,0.021233670664687,0.0144520699115103,0.00535332781913112
"2024-05-15",0.0821502757339481,0.037293821700189,0.0377867286271738,0.0270804629876058,0.0125360360172773
"2024-05-16",0.0679121873467743,0.0347301658249961,0.0432468041003511,0.0367608735846374,0.0239532566456717
"2024-05-17",0.146085349889701,0.111479362315285,0.12016489246644,0.10500020436338,0.0888196872812315
"2024-05-20",0.118411320907442,0.100568974232645,0.0952174146187486,0.0859320962577119,0.0755971152823303
"2024-05-21",0.169813338822441,0.16810441115117,0.165333412186975,0.157569839061834,0.145976069701043
"2024-05-22",0.0558827924988721,0.0957416780619904,0.0955204027358829,0.0954187996670219,0.0895096221029792
"2024-05-23",0.00854288372754941,0.036033310872253,0.0265658093952368,0.0293857292495807,0.0253349298302237
"2024-05-24",0.0358652089706215,0.066428717280175,0.0581843223842589,0.0552979080411675,0.0496650591172194
"2024-05-28",0.00201306610812635,0.0112205951019584,0.0157152575376691,0.0125256296268113,0.0103461238738773
"2024-05-29",0.00535028419202899,0.0149022472053764,0.0131558920592965,0.0128527207961786,0.0106368256579317
"2024-05-30",0.00119464231258082,0.000968784375408482,1.69112222183632e-05,1.92897319939433e-06,0.000172575483038617
"2024-05-31",0.00971786925217533,0.00746490797782151,0.00582467528261765,0.00638062131565542,0.00647011769215622
"2024-06-03",0.0123216781274538,0.0111258234052984,0.0122144096815902,0.0119695169350917,0.0119767943324347
"2024-06-05",0.00395378956947612,0.00281594185163714,0.00419688307905197,0.00491934437570407,0.00494353141540449
"2024-06-06",0.0215571867719151,0.0180782636321914,0.0182394656755069,0.020939646544218,0.0256380402955909
"2024-06-07",0.00528364045573593,0.0124368990923933,0.011522438457404,0.0138317890084341,0.0192048066132753
"2024-06-10",0.340824817537279,0.288478258928273,0.278537984204429,0.270947728253934,0.245747302840502
"2024-06-11",0.250884366935151,0.20852828679949,0.208049464837731,0.194774710710022,0.176430266811606
"2024-06-12",0.707103061848432,0.630488267148037,0.623546320943302,0.605777149799744,0.573095788908115
"2024-06-13",0.182530347614317,0.13103435551496,0.128179673118696,0.110074037201959,0.103645209850989
"2024-06-14",0.0402031457199978,0.0181794862707922,0.013184180003339,0.0084441970625968,0.00598454520963898
"2024-06-17",0.0694065548242664,0.0414381723739123,0.0385353206943546,0.0284125092918197,0.0221367570511914
"2024-06-18",0.0347363497386026,0.0241113550674199,0.0190325471754476,0.0143322857778376,0.00970929182174562
"2024-06-20",0.0447877193978163,0.0369450384037806,0.0264005950139459,0.0190431460287379,0.0131678530003076
"2024-06-21",0.167683236595477,0.148138398474493,0.130182116294455,0.108926813424961,0.0936977299189825
"2024-06-24",0.112055581646937,0.102683617431725,0.101162188091073,0.0899775892121406,0.085724928801449
"2024-06-25",0.000948587257633804,0.00528874922882094,0.00197197771072743,0.00232483302848596,0.000756873891484933
"2024-06-26",0.00419923425320645,0.00953231410041577,0.00601244137747226,0.00798795485407267,0.00379994221571889
"2024-06-27",0.0111001413382557,0.0904269769075983,0.0811588227456392,0.082649767005281,0.0661215371226131
"2024-06-28",0.00200892926982554,0.037946762689886,0.0332871365437952,0.0351924297216928,0.020804535427384
"2024-07-01",0.0151968418414212,0.0220818581339324,0.0222771163032165,0.0252819268367861,0.0125446960460376
"2024-07-02",0.000163155631564438,0.055686360500157,0.0558007530018936,0.0626729425240125,0.0482000568548449
"2024-07-03",0.000212298874352035,0.0395493630551926,0.0430484941541076,0.0493177218892726,0.0390478412412913
"2024-07-05",0.00560904455115985,0.0414533869361355,0.0442822732091059,0.0517588870541241,0.0480356287888069
"2024-07-08",0.00222713262878083,0.0249335122373457,0.0258841115148929,0.0306993660432084,0.0305817625226537
"2024-07-09",0.0080992835649385,0.0295124031033143,0.034340441065267,0.0426362096227852,0.0401241313418683
"2024-07-10",0.00587059621324681,0.0173706757344021,0.0207927960246994,0.0281584260550203,0.0267935787583649
"2024-07-11",0.0286000590974922,0.0213077594141484,0.0197234333058629,0.0114817510234073,0.0123329691709757
"2024-07-12",0.000400549334553357,0.000849941654203379,0.00131224553985043,3.3371037289287e-05,0.000154081923120275
"2024-07-15",0.0155179975459174,0.027424332030128,0.023463167891421,0.01096974673401,0.0136929332256583
"2024-07-16",0.00413469560748192,0.00125435465995594,0.00270333534878553,0.0092554267049656,0.00741584928803363
"2024-07-17",0.00631239828333618,0.0109678167755067,0.0100806991707578,0.00255765936231467,0.00285827398191874
"2024-07-18",0.0576980221824608,0.0602613468832782,0.061339345397496,0.0397023473034817,0.0370089403094527
"2024-07-19",0.00815904231144771,0.00350142652606222,0.00130221675055475,1.26159847235741e-07,0.000172919785738967
"2024-07-22",0.00839712737049902,0.00273476848222476,0.00215029971413028,9.95604185765053e-05,6.00280911866591e-07
"2024-07-23",0.0004168641201725,0.00486213129276392,0.0050300682527582,0.0104563073481958,0.0133871328835202
"2024-07-24",0.00789342830721562,0.000674602522051426,0.000994990840445409,2.55105083213358e-06,0.000367829591757074
"2024-07-25",0.057759865228522,0.0287582540493116,0.0290797024577334,0.0182759884576198,0.0108928962175883
"2024-07-26",0.0260232213106675,0.00833402587760168,0.00403495161439493,0.000737201066769888,4.55602943765232e-05
"2024-07-29",0.00497182953754893,3.52416657922738e-06,1.23864629182346e-05,0.00156797772242467,0.00400957525818901
"2024-07-30",0.00222739589435905,3.70113331331634e-05,1.67788390337265e-05,0.00165211373427154,0.00333379294701275
"2024-07-31",0.0155774066839396,0.00853971279358468,0.00631800498565593,0.00212071117895252,0.00180808406926825
"2024-08-01",0.0334212713071365,0.027576564001786,0.0290863990716661,0.0168627118458562,0.0161924857707585
"2024-08-02",0.425606384268863,0.433097930070428,0.44781216210286,0.379325728541063,0.357728248595245
"2024-08-05",1.21185676341923,1.22912733818184,1.24639699057829,1.11323590858308,1.04628870833687
"2024-08-06",0.20687885153921,0.219660954242372,0.235088169402761,0.187004337842616,0.159500364511617
"2024-08-07",0.125540080861641,0.125496803091691,0.11318945521672,0.0981290587859842,0.0844386134771291
"2024-08-08",0.0326218482093561,0.0321373828625875,0.0243724443292086,0.0228301114245162,0.018705542240308
"2024-08-09",0.00384851454658719,0.00253447101060189,0.00159460685641633,0.00208770500677558,0.00168242680521113
"2024-08-12",0.00030889446594129,0.000691434899339871,0.000795891872072518,0.00049938315783904,0.00112865045314292
"2024-08-13",0.00756050083040694,0.00666543604910785,0.00477842974095211,0.00373339346372692,0.00595529212207868
"2024-08-14",0.0148387718535687,0.0123649139731681,0.0135735910961365,0.0122009916731829,0.026154056569492
"2024-08-15",0.0228171034845046,0.0199595715350496,0.0400950707944845,0.0412992562825523,0.0616636941152291
"2024-08-16",0.124999416432762,0.104043136317625,0.0931605062554721,0.103220575780112,0.135486722379858
"2024-08-19",0.265390289654126,0.244412995396571,0.239634843861999,0.244127004669058,0.274473493899938
"2024-08-20",0.172917272107263,0.158202430907909,0.159503774678997,0.17070455456615,0.187450975086079
"2024-08-21",0.15257966714996,0.138766970580557,0.142954500892659,0.15133307790836,0.139455105173866
"2024-08-22",0.0674215186048421,0.0603337328245612,0.0631881966053487,0.0644861630470794,0.054178942101925
"2024-08-23",0.0540601344812295,0.0613333794090243,0.0662357447349096,0.0653992779077337,0.0571779572114104
"2024-08-26",0.0977845242348128,0.119475858809977,0.121143392866181,0.117929830789157,0.125021245768543
"2024-08-27",0.0914250399054732,0.121028570502206,0.132217412751488,0.129795314745234,0.129014028344299
"2024-08-28",0.0351763315514664,0.0586103144530412,0.0662945259664198,0.0637514376789263,0.0646522311475346
"2024-08-29",1.25356606006655e-06,0.00390347847654593,0.00569109554311864,0.00399815885858779,0.00339460364701205
"2024-08-30",0.015474366065326,0.0342401003968447,0.0406383039269373,0.0380224108807208,0.034194628412016
"2024-09-03",0.00418598860880781,0.0165348176400917,0.0220026217174201,0.018221689152405,0.0137310950977703
"2024-09-04",1.26481419162605e-05,0.00507273649664475,0.00764491655778454,0.0044741144045779,0.00286577130572963
"2024-09-05",0.00650600596489403,0.0193257555154578,0.0251758309243717,0.0202474225737177,0.0174743810142037
"2024-09-06",1.51115434032789e-06,0.00377100008006193,0.00751772397384309,0.00432956263174167,0.00309397507510112
"2024-09-09",0.00993393597657066,0.0016784008825721,0.000423455040310383,0.000621123777495569,0.000983593662676974
"2024-09-10",0.000147223910855088,0.00411641684121888,0.00786426770014415,0.00924127926428531,0.00925799724807219
"2024-09-11",0.00113899008083318,7.47977001964717e-05,0.000420602457549712,0.00174762433329989,0.0024445327813698
"2024-09-12",0.0139657640257138,0.0266739387685133,0.0327643861272873,0.0412673690192091,0.0455860672648918
"2024-09-13",0.0334420198961529,0.0513504343628475,0.059615714641994,0.0672755709806672,0.0748041996748521
"2024-09-16",0.00215299494654042,0.00861487468515354,0.0100623383101128,0.0147794739879006,0.0220297468507704
"2024-09-17",0.0122830877675755,0.0228096367831592,0.0329183221908547,0.0410613678454332,0.0496520298609127
"2024-09-18",0.0641957695520652,0.0418528506607685,0.0322530000867056,0.0289905702398652,0.0210079403138197
"2024-09-19",0.00808404871301382,0.0136065666588006,0.0158124399783111,0.0197889421704904,0.0245562673330606
"2024-09-20",0.0221177364103102,0.015621660525704,0.0112682645498903,0.00800687634473296,0.00623071600283942
"2024-09-23",0.00271189730238786,0.00857600324723262,0.010813984591973,0.0134954098522528,0.0136562793338737
"2024-09-24",0.0376078561868864,0.0535545437465057,0.0584918216425723,0.0631815448283626,0.0670290920947052
"2024-09-25",0.0391185151438285,0.0539785505866694,0.0640246262181405,0.0682212014542714,0.0710523442933708
"2024-09-26",0.025727540669807,0.0375312404414088,0.0457033438792829,0.0491376420709826,0.0504719513784289
"2024-09-27",0.0353055779844449,0.0511141798346655,0.0617789070469539,0.0622065845442499,0.0616361854019372
"2024-09-30",0.000299202276061061,0.00251214581082282,0.0047555862345805,0.00477220258313449,0.0048519990736251
"2024-10-01",0.0013928961096048,2.79115570667177e-05,0.000174816667137145,0.000193768097627833,0.000319568907181544
"2024-10-02",0.0397525101570995,0.0529210349272571,0.0587466393238214,0.0583778633962635,0.0578712457510435
"2024-10-03",0.0229274620120856,0.0360795343136722,0.0424871680508512,0.0423527568734585,0.0435424200861556
"2024-10-04",0.0393985982156844,0.0613059335306632,0.0659132508502565,0.0620253130904653,0.0636514555317391
"2024-10-07",0.0290738684778555,0.0485804204092133,0.054526281608648,0.0525097188452797,0.0575677115677442
"2024-10-08",0.0430049032917039,0.0633084471488712,0.0717438112957565,0.0704206934392886,0.0682732665707377
"2024-10-09",0.0696352541593455,0.100438974229802,0.120601531598614,0.120355716110409,0.113255032036504
"2024-10-10",0.0545581975205189,0.081269064548068,0.0962942279590719,0.0976576313865531,0.0868551736981935
"2024-10-14",0.0508028874515085,0.0731153872835291,0.0791826440215782,0.0809356440182283,0.0720644497428782
"2024-10-15",2.20480785717569e-06,0.0023374355442265,0.0029639352218751,0.00309912996264461,0.0012176765698293
"2024-10-16",0.0392224717462455,0.0598513561484666,0.0699479552883986,0.0736622954362942,0.0647505727157134
"2024-10-17",0.0166427199039583,0.030265176796223,0.0340737980444148,0.0344292465681708,0.031052428870449
"2024-10-18",0.0144235774144996,0.0260706771190371,0.0282416173732047,0.0276066534012398,0.0261776700328233
"2024-10-21",0.0550627146389449,0.0712827023445415,0.0744383546594671,0.073705041400042,0.0749262540008626
"2024-10-22",0.0602835347111583,0.0753859230586758,0.0865928877719497,0.0868322810509743,0.0877142579890844
"2024-10-23",0.0342777514975747,0.0199894764061876,0.0168556618246047,0.0158164864670542,0.0135429399193909
"2024-10-24",0.0128163333639377,0.0221157286959188,0.0239837675225121,0.0304942322962034,0.0297796059737916
"2024-10-25",0.00554096776202195,0.0105165811869776,0.00804615843127499,0.00949394245444601,0.00832049916591893
"2024-10-28",0.00894355466886898,0.0179690274400712,0.0190996079921308,0.0213419252634217,0.0196936049396601
"2024-10-29",0.0176144153011206,0.0315017263177917,0.0345524207718673,0.0390763362928856,0.0379230733451066
"2024-10-30",0.00841778493083445,0.0182079629152425,0.0185020290315105,0.0238279356040361,0.0216649013258923
"2024-10-31",0.00259884115963849,3.1732165255649e-05,3.65068579939454e-05,0.000114983165507399,8.25602553238269e-05
"2024-11-01",0.0653284088582393,0.039802667014752,0.047205580247764,0.0426369865746108,0.0436508661827539
"2024-11-04",0.00568176102072582,0.00107155322756292,0.00173035717035308,0.000730779149081595,0.00097060806967586
"2024-11-05",0.00876364173607569,0.0154651730436124,0.0141902846804074,0.0181058844481634,0.0198567032959427
"2024-11-06",0.0104086880732097,0.00295826964707357,0.00236486258520463,0.00206494004018687,0.00176819518183247
"2024-11-07",0.00278191628931079,0.0083494706729772,0.00638210283048268,0.00779795398048977,0.00831616047676365
"2024-11-08",0.0360929472003169,0.0512993168221942,0.0511087834089476,0.0489939515559288,0.0529552242348048
"2024-11-12",0.0101911669172723,0.0201325325607316,0.0231367553402138,0.0256705128384027,0.0247958809174353
"2024-11-13",0.00308468076326074,0.0103988894758926,0.0125204894782389,0.00890270518284275,0.00601336062328572
"2024-11-14",0.000475028362867169,0.00253883692601042,0.00568808468295878,0.00516973326819281,0.00168713266458731
"2024-11-15",0.00132502539939705,0.00265221917951353,0.00991778497255713,0.00542004602418533,0.00226522421745279
"2024-11-18",0.0109167040336418,0.0108507547592667,0.00649347771252295,0.000568955106429181,0.000210275306148144
"2024-11-19",0.00799911411241938,0.00726153918293226,0.00769234164565158,0.000408797867777588,1.60795909098788e-06
"2024-11-20",0.00498121747133196,0.00349674911677433,0.0044430161066038,1.56217826807747e-05,0.000247610162099621
"2024-11-21",0.00338293130860534,0.00672622104457932,0.00610983127230957,0.0258241143794549,0.0225383747444519
"2024-11-22",0.00808088893068981,0.0060322405446751,0.00527493545253699,8.20475345222338e-05,2.32084583975389e-05
"2024-11-25",0.00165946765387148,0.00117104318023231,0.00117491388080637,0.0117665534320934,0.00876784951126552
"2024-11-26",0.00116140936841003,0.00158765164656449,0.0048921930100545,6.93440533017231e-05,0.00027338048522263
"2024-11-27",0.0103984968565349,0.00925220659258397,0.00859342327601631,0.00096792639493426,0.00208203058051026
"2024-11-29",0.0812321287343272,0.0827301480144542,0.0808907096944593,0.0551344591216028,0.0718105580182165
"2024-12-02",0.0142650212819908,0.00383605461787906,0.000444343625013666,0.00169859711883302,0.00018341022682633
"2024-12-03",0.0549683334219537,0.0391550902708193,0.0415435622536202,0.0252204454890386,0.0340920132030047
"2024-12-04",0.037336379496455,0.023163701893854,0.0228001710432786,0.0126322503544294,0.0207087000062725
"2024-12-05",0.0400296868588252,0.0268665808279496,0.0271015080047676,0.016180174763718,0.0223067531520165
"2024-12-06",0.0603061569803334,0.0282599087960334,0.0232549385096643,0.019125473187541,0.0130233285811521
"2024-12-09",0.0026603179592426,0.00101523028145589,0.0014694777829134,6.85596717580061e-05,0.000193441108575332
"2024-12-10",0.0204784614125828,0.0184744716965037,0.0228181326889769,0.01197228352311,0.00728568503016991
"2024-12-11",0.0164030997401337,0.0116348618502884,0.0107664938292338,0.00304958719965409,0.001199925887577
"2024-12-12",0.0310866442886875,0.0253341098135611,0.0239155712131918,0.0120197444006049,0.00879961348961333
"2024-12-13",0.024952741476048,0.0306118281359451,0.0306474187787034,0.0227479712310783,0.0176998771877832
"2024-12-16",0.0210665526280085,0.0257488437642599,0.0259632913812733,0.0194002267859785,0.0152648730161833
"2024-12-17",0.00915174776238858,0.0103936497688533,0.0135070311840855,0.0136822011540769,0.00893434424507777
"2024-12-18",0.0387169506984952,0.0370761044958479,0.0301313670824435,0.0222021769115996,0.029968713274807
"2024-12-19",0.0337559001387906,0.0350271287805775,0.0317726756599781,0.0234113963785807,0.0359281465570143
"2024-12-20",0.0326078991217424,0.0393435840784573,0.0325076024743254,0.0225175473372647,0.0378260298855506
"2024-12-23",0.000277689240606005,4.30402911428818e-05,1.43186458423372e-06,0.000962447447481862,9.00400182355376e-05
"2024-12-24",0.0508148463082689,0.0409433347273767,0.0484295063896951,0.0636855474768769,0.0474989143837374
"2024-12-26",0.0172772506151575,0.0130505222801716,0.017980728670691,0.0215583997372226,0.00947468001648244
"2024-12-27",0.000799742374040235,0.001693786316733,0.000773827990215858,0.00146964329781585,0.00808315517594349
"2024-12-30",0.00931218880738283,0.00968821478508453,0.00602187084717887,0.0116249044396912,0.0262266868256376
"2024-12-31",0.00187827125288464,0.00159536546052497,0.000214333693198343,0.00206855671893669,0.00940362579547638
"2025-01-02",0.0946982011060333,0.0929826678486796,0.070920488526311,0.108590305064631,0.128344915099313
"2025-01-03",0.00590794463982225,0.00789168367030579,0.00304065401142339,0.0237690461584605,0.0231359795644344
"2025-01-06",0.00123526033390831,0.00386919379526396,0.00122408069552238,0.0226771895170916,0.0234581266595058
"2025-01-07",0.00544244356047052,0.011000859683002,0.0060212745490873,0.042525250053203,0.0367562894303046
"2025-01-08",0.00892944619952818,0.0148051790111143,0.00762036506724306,0.0542314673498869,0.0447292443319236
"2025-01-10",0.138445605874271,0.154712574364532,0.146756559811514,0.31489266830883,0.272780461677573
"2025-01-13",0.0594266752778878,0.0548040907988265,0.0522888879282388,0.136312627522036,0.117553206447799
"2025-01-14",0.00491490614231638,0.00216321833931499,0.00141947467905901,0.0255360677373175,0.0190970410513696
