"","HAR","VHAR2","VHAR3","VHAR4","VHAR5"
"2007-01-03",0.00851003843074288,0.00910091933851002,0.0104994777158777,0.0101616173133492,0.010004381803549
"2007-01-04",0.00019862626717284,0.000219789062824216,8.42665785632208e-05,7.33584569291034e-06,1.41303244617834e-05
"2007-01-05",0.00305314622302063,0.00333233030687227,0.00299895842827181,0.00292224611944354,0.00456615614429031
"2007-01-08",0.000845147125749587,0.00102887498154979,0.00100217158738627,0.00096744549405439,0.000958218292760057
"2007-01-09",0.0909655965633212,0.0874990587414959,0.0868438388631148,0.0889194216791984,0.0908316794804816
"2007-01-10",0.000405175184483648,0.000219092263338252,0.000412822837812085,0.000587552609469878,0.000444480978008646
"2007-01-11",0.00262973023109448,0.00240089400945089,0.00258703436474813,0.00276323412171717,0.00281762836410473
"2007-01-12",0.00269466399155903,0.00206453199746885,0.0017418532928335,0.00194443433110353,0.00212745006158341
"2007-01-16",0.00597053627263021,0.00532790587822413,0.00448527264314251,0.00486577379282972,0.00534775633825099
"2007-01-17",0.00120509199822554,0.00108780409733248,0.000715772162784524,0.000837263121811432,0.00114026831537046
"2007-01-18",0.00689517274515208,0.00637264610046894,0.00731138427504798,0.00701283673599604,0.0062918355864257
"2007-01-19",0.000922922284173845,0.000879067566777212,0.000739033855548646,0.00055504067874048,0.000322851766124089
"2007-01-22",0.0032773550233547,0.00380533920373599,0.00410710862719946,0.00385402838933899,0.00362241703787201
"2007-01-23",3.53147720862528e-05,4.47393471914471e-05,7.01967495830963e-05,0.000226711750646447,0.00012100031506434
"2007-01-24",0.00647222183680874,0.00592481691092795,0.00590056050868662,0.00608306113767188,0.00577264517892411
"2007-01-25",2.96937870375867e-05,4.28884107577621e-05,3.0522593090427e-05,1.31087661052045e-06,5.61850083666185e-07
"2007-01-26",1.84329264270823e-06,1.21006774593249e-08,7.29920847647122e-07,1.27610739651522e-05,3.86155561755345e-06
"2007-01-29",0.00275203112399452,0.00397978473025515,0.0038136543308538,0.00442514339059034,0.00487439763259461
"2007-01-30",0.0103184160687511,0.0108028110392632,0.0107000584090507,0.012076006021258,0.0118026223750715
"2007-01-31",6.03842190719279e-05,9.36047063795682e-05,0.000119635459528953,3.38197765557371e-05,1.67356448670902e-06
"2007-02-01",0.00411909646110985,0.00437795951825073,0.00425485765043391,0.00463197441205071,0.00560269147489552
"2007-02-02",0.00101006905225971,0.000768230838906318,0.000612757857202269,0.000596926616252474,0.000601487694515837
"2007-02-05",0.00168615856839924,0.00124167588728784,0.000963888631214975,0.000991386181801441,0.000720830686560986
"2007-02-06",0.000249083252466575,0.0002332943783952,0.000419182578210866,0.00038782880294577,0.000834081450940885
"2007-02-07",1.14283835422266e-08,3.92082159008813e-09,1.77190977807133e-05,7.44980681870909e-05,0.00034590797646209
"2007-02-08",0.000422277952232732,0.000284675435549102,0.000218670971894571,0.000198417231602893,0.00012830801529602
"2007-02-09",0.000114895550280944,9.29782379851365e-05,5.78122093771063e-05,8.36278355825195e-05,6.9855026990499e-05
"2007-02-12",0.000765472089447618,0.000930212408527273,0.000762865334154263,0.000684957568618702,0.000662583833195401
"2007-02-13",0.00199487636855259,0.00149425816792739,0.00121003450641148,0.00101113372876741,0.000972929231343495
"2007-02-14",0.00555376073073465,0.00511406067182668,0.00425428370842351,0.00416334414123807,0.0040928665034253
"2007-02-15",0.00388684227803072,0.00420365818884236,0.00316390121865085,0.00302267041325893,0.0031629398582412
"2007-02-16",0.0107438911348796,0.00971325184387812,0.00805090888554552,0.00803543311996618,0.00899222556214517
"2007-02-20",0.000254551364568414,0.000236377290439667,0.000397772903571052,0.000361480045283554,0.000252055286665162
"2007-02-21",0.000831419386229882,0.000853551706004483,0.00102907774148284,0.00114693507509573,0.000825815081196409
"2007-02-22",0.000669983606360178,0.000847278307175158,0.000850351373951244,0.000800137870461886,0.000817883288613177
"2007-02-23",0.000673635182206572,0.000611291536041341,0.000747970113216543,0.000605758964726617,0.000547721287109909
"2007-02-26",0.00233377657263858,0.00264444852672657,0.0019985241025775,0.00192754127662127,0.00250626516096579
"2007-02-27",0.00628691363989581,0.00712772966114091,0.00701831989124894,0.00769663210760172,0.00809215655578918
"2007-02-28",3.97396406106795e-06,0.000138892949300721,0.000189817310012602,2.01539909195565e-05,3.23219971634459e-05
"2007-03-01",0.0067945952189397,0.0052365145551507,0.00530361264115416,0.00603370448575371,0.00561835943812046
"2007-03-02",0.000423703084303333,0.00111385053306022,0.00119355007771873,0.000732407086584053,0.000877518132947808
"2007-03-05",0.000305680362005389,0.000224296541064744,0.000226289873634267,0.000201502822915513,0.000508634716730511
"2007-03-06",0.00655682628245406,0.00725161344096385,0.00796867584565937,0.00891468323200138,0.00768042972497284
"2007-03-07",0.000927458654323087,0.000784222638214309,0.00110819860933851,0.00114989089690261,0.000538915489464876
"2007-03-08",0.00734118865845427,0.00740099042910988,0.00862222149098417,0.00829045443079988,0.00646791441255784
"2007-03-09",0.00148395301016313,0.00138871558730931,0.00157014758113899,0.00131100159728588,0.00108160766796909
"2007-03-12",0.000498626594485936,0.000509575007535003,0.000713351435219164,0.000517051801618881,0.000389178558213014
"2007-03-13",8.85334568938488e-05,2.26214355870626e-05,0.000117722453119662,4.65167488717675e-05,0.000321206527856646
"2007-03-14",2.55048630347334e-05,1.0824893562353e-05,8.17799829228168e-05,8.5399685223754e-06,1.55020748316147e-05
"2007-03-15",0.00240538046357723,0.00314460660137242,0.00429078479754242,0.00334520340009184,0.0043545623745654
"2007-03-16",0.00626551473604845,0.00572720728052212,0.00800838855113867,0.00663006270751749,0.00633291813609471
"2007-03-19",8.79717962124081e-05,8.41125130663352e-05,0.000338254657255091,7.64311563787651e-05,7.55018445555086e-06
"2007-03-20",0.00283472612073721,0.00273242147689528,0.00363331741625655,0.00250720621064634,0.00230127367017417
"2007-03-21",0.000355298410438267,0.000300079755786892,0.000521787434504234,0.000157212753451225,9.54735281215638e-05
"2007-03-22",0.000329367103724926,0.000473359845604836,0.000689828708059084,0.00018761370614281,0.000266112258267845
"2007-03-23",0.00342827976259689,0.00365921896557827,0.00401108583009413,0.00267625749155849,0.0028114405814372
"2007-03-26",3.49525588325805e-05,8.41723379737609e-05,0.000107409126000395,1.23984844320781e-05,2.43779633917829e-06
"2007-03-27",1.33020630606534e-05,1.52075873025508e-05,2.78583652532132e-05,8.3996215028313e-05,8.14146515544434e-05
"2007-03-28",3.3268521677638e-05,6.97147425270731e-06,1.68586161910427e-05,9.33448679405616e-05,6.43184100283864e-05
"2007-03-29",0.00013918973409868,0.000208630654568376,0.000204966004282995,2.87404996723404e-06,3.01252305987891e-05
"2007-03-30",8.14775603242515e-05,5.32514873655461e-05,2.75622434613139e-05,0.000353574483673572,0.000294487558459121
"2007-04-02",0.00264667369189299,0.00273163592460751,0.00272604573665334,0.0015099740583312,0.00180796290773802
"2007-04-03",0.00189562107600243,0.00211783602681975,0.00208034680312583,0.00114276289840534,0.00120765500878815
"2007-04-04",0.00121348036469769,0.00113458376098862,0.00102734939691726,0.000440013863097941,0.000409946098790613
"2007-04-05",0.00298058198087195,0.0032884363363806,0.00285835764845168,0.0018697566185366,0.00184934041964968
"2007-04-09",0.000287524963469577,0.000166101801959695,8.41986345273425e-05,2.91725323880308e-08,3.45859578966936e-06
"2007-04-10",0.00270358843092391,0.00210142749521818,0.00188676271064974,0.00115513370065971,0.00120378705760487
"2007-04-11",0.000206803938812333,0.00028169682075366,0.000400117950958599,0.000886505441910363,0.000721058904768015
"2007-04-12",1.70408017349964e-06,3.55916123186512e-06,3.65417030101936e-11,9.2693887364602e-05,6.14822116828578e-05
"2007-04-13",4.22703353940974e-05,0.00013117771837137,0.000201153921049393,4.1879829609952e-06,1.33916473088091e-06
"2007-04-16",0.00124191165711713,0.00137668588768644,0.00158215964181494,0.00101491198003065,0.00136485889422843
"2007-04-17",0.000189653244719026,0.000202956464441868,0.000108916369340732,0.000328017967504077,0.00024095309262031
"2007-04-18",0.00142202842511832,0.00127750778620779,0.00141279516185276,0.000806616323057296,0.00108131726267092
"2007-04-19",2.57739285642157e-05,6.30518427281763e-05,5.80506038088348e-05,8.69197828132555e-07,6.21961642786038e-05
"2007-04-20",0.00280010760469647,0.00522911435790565,0.00492230543489937,0.00420009054549379,0.00444752657533689
"2007-04-23",6.07304795481436e-05,0.000490265680251448,0.00023075282499562,5.77427456978527e-05,7.16254562919203e-05
"2007-04-24",0.0330410195913132,0.0335925418107381,0.0356306800091553,0.0386418604165798,0.0382613511640508
"2007-04-25",0.00987340366914629,0.0102713413403785,0.00986082860922605,0.00884191932646522,0.00982039857235691
"2007-04-26",0.0324387314821288,0.032229173472731,0.0306190529427172,0.0323990186232867,0.0300501112994057
"2007-04-27",0.0055689564351746,0.00545526664698662,0.00495922269969567,0.00426381818972076,0.00395870502642624
"2007-04-30",0.0048935429741317,0.00538397349370898,0.00546409996995781,0.00456023005964819,0.00469431854083761
"2007-05-01",4.56179740667229e-05,4.17320252967065e-05,8.79384967441142e-05,0.000201473213801274,0.000249294410812123
"2007-05-02",0.00691930633432315,0.00677502941977657,0.0063716533107093,0.00576659123888383,0.0059253401420337
"2007-05-03",4.50061740034259e-05,5.54176800935287e-06,8.05870377917281e-05,0.000156581706442121,0.000118531204028622
"2007-05-04",0.00459573474581818,0.00505069368322724,0.00424937721134764,0.00398841184426071,0.00386629342280989
"2007-05-07",0.00166787158735155,0.00109178985545066,0.00168736146904377,0.00185669280207126,0.00183290659386664
"2007-05-08",0.00108689529962658,0.00120023230258995,0.00193432950006792,0.00213879516971069,0.00187361889630907
"2007-05-09",0.000638823035340458,0.000580543294542124,0.000149856151693317,7.69230362005048e-05,0.000164665930141067
"2007-05-10",0.0111732404329554,0.0120230569941744,0.0149502612978857,0.0160415242469289,0.0146367301466498
"2007-05-11",0.00330865930836239,0.00350794937980517,0.00341063490001957,0.00309599739826614,0.00350013041886865
"2007-05-14",0.000597454697406599,0.000738455990846465,0.00158713044877695,0.00130689226595384,0.00153703051173243
"2007-05-15",0.00110338768027575,0.000815266901385093,5.34260639016831e-05,4.88589071316363e-05,3.60667689485237e-06
"2007-05-16",0.0214785522272679,0.0207786504090662,0.0147822955420807,0.0151735455843493,0.0140734193848113
"2007-05-17",0.00503429951133652,0.00415378064535848,0.0089379563710778,0.00902753680512972,0.00988953098920568
"2007-05-18",0.00716164893039945,0.00620164425298686,0.00826055881998352,0.00798697756873888,0.00863720603145064
"2007-05-21",9.25270891879376e-05,6.90654729008946e-05,0.000199732014303568,0.000140163326999182,0.000206730566983655
"2007-05-22",0.00197730222981348,0.00163647994637712,0.00237145984597787,0.0021203548773228,0.00217527008790053
"2007-05-23",1.87682117401352e-05,1.97923865481876e-05,8.00954112819707e-06,3.49847227375287e-05,4.01574985975761e-05
"2007-05-24",0.00507956679079024,0.003916810487315,0.00455877201562674,0.00477276102300081,0.00463691356417907
"2007-05-25",0.00273957793793493,0.00327916781025482,0.00222523580711778,0.00204605400341229,0.00230858704235728
"2007-05-29",0.000237931251381962,0.000483369183954583,0.000134263858796747,0.000142626428192273,0.000196772347533646
"2007-05-30",0.00327971205778773,0.00453272006336376,0.0070787541086477,0.00722984299575321,0.00683958485595508
"2007-05-31",6.02009093790867e-05,0.000126888318179333,4.49234506704846e-05,3.61452983128171e-05,1.3533761053998e-05
"2007-06-01",3.94391150259623e-05,0.000222825414800206,0.00111509088675023,0.00100041429034189,0.00103516573956074
"2007-06-04",0.00011896121366809,0.000244028314260417,0.000837416232015288,0.000780374114216608,0.000693713252730733
"2007-06-05",4.25037858372489e-05,6.35299331936179e-05,0.000250723211900563,0.000211374828642852,0.000169786962603214
"2007-06-06",0.00113416452059642,0.00118460994093715,0.000829419999575393,0.000859451180710114,0.000962433980941612
"2007-06-07",0.00617209490284184,0.00577189590317704,0.00624644017889705,0.00646406112298569,0.00630364886512069
"2007-06-08",0.000940069708997864,0.00106724969533127,0.0016756648591387,0.00179117705732427,0.00177161269680837
"2007-06-11",0.014818816817089,0.0148563498000471,0.0175511169536561,0.0177877184912343,0.0177638624229146
"2007-06-12",0.000378096572729811,0.000665102035189536,0.00126152551865625,0.00124866697150664,0.00128961701652656
"2007-06-13",0.00055380865809955,0.000910155097364278,0.00147263044510813,0.00162384751011514,0.0015268119227159
"2007-06-14",0.00364938503470166,0.0030595621476769,0.00194591931326489,0.00203226409063642,0.00226196342393453
"2007-06-15",0.0240995931444201,0.0214272735431961,0.0179064397612613,0.0173605923194907,0.0175564690146111
"2007-06-18",4.23044455303196e-09,5.8193763297612e-06,0.000221011559177929,0.000311158233540257,0.000224640888833331
"2007-06-19",0.000133064084387371,0.000107903825803404,2.73210884000997e-06,1.57461714119406e-05,1.88407120286623e-06
"2007-06-20",1.03987708374099e-05,3.95874907247752e-05,0.000198554849768107,0.000311319780430524,0.000248268465016937
"2007-06-21",0.000454789626192997,0.000377947697460399,0.000631118152664559,0.000833083498603985,0.00069344460059777
"2007-06-22",0.000144894317992021,1.66286491471993e-05,7.44249340007028e-05,0.000301543978824156,0.000234114205075668
"2007-06-25",0.00048581056090021,0.000533259091246523,0.000636268840734935,0.00102963870765774,0.000924945846403023
"2007-06-26",0.00501464112301001,0.00451006033902225,0.00366217760681574,0.00458000527516001,0.00435278819605851
"2007-06-27",0.000137280147602346,5.45380669285814e-05,0.000146651362218925,3.0858249403201e-05,7.38244362588961e-05
"2007-06-28",0.000903992003983919,0.000607561677382032,0.00114411261629822,0.000764755054900923,0.000739922902827643
"2007-06-29",1.91000904338191e-05,6.88452823828958e-07,4.48932780855316e-05,1.83097114542757e-07,1.38965449568439e-07
"2007-07-02",2.93464585272928e-05,1.16091093749758e-05,3.25016100274171e-06,0.000116602785598439,0.000139212853448718
"2007-07-03",0.00342787327824163,0.00434999618694705,0.00383042093352158,0.00514255707156717,0.00518417222776826
"2007-07-05",0.000466509136867945,0.000353572457956972,0.000485516391639948,1.44293301024979e-05,2.13236048142451e-06
"2007-07-06",0.00387143140911756,0.00336566860287768,0.00333292086275789,0.00208128350112067,0.00242543228846485
"2007-07-09",0.00017015607793666,6.56293881352023e-05,7.08440048326339e-06,0.000138637355595039,5.49595966228584e-05
"2007-07-10",0.000655828362943645,0.00112075654525414,0.00170021047546047,0.00312239116341908,0.00249345005509465
"2007-07-11",0.00456893249985861,0.00458470432000885,0.00340598835877959,0.00210994862743436,0.00250478730103989
"2007-07-12",0.00279722716174227,0.0030021628631041,0.00219259971690439,0.000885978149304338,0.000990058840624276
"2007-07-13",0.00223367238852269,0.00197667192142763,0.00170090043883088,0.000601086379618532,0.00069791998448345
"2007-07-16",1.44545724079078e-05,2.17547684746473e-05,5.42824923025555e-05,0.000530536393260821,0.000432586169800343
"2007-07-17",0.00156939093470147,0.00133575104015722,0.00119373865360912,0.000417706296783387,0.000599391318555353
"2007-07-18",9.80414671295037e-05,0.000129932453817293,0.00021197258582297,3.5887514141875e-08,2.20662212535092e-05
"2007-07-19",0.00518318585391142,0.00731561574116099,0.00716824571710338,0.00492264216326123,0.0055986171120388
"2007-07-20",0.000131111353020813,3.28834171733988e-05,8.39454730939287e-05,1.26783036613993e-05,8.07158255421285e-07
"2007-07-23",0.000143280940855361,2.5040026852856e-05,3.0753674396365e-05,8.23867513078406e-05,3.18481220705968e-05
"2007-07-24",0.0155434462112674,0.0183124924394348,0.0170079266983677,0.0214161191165085,0.020326907524077
"2007-07-25",0.00406560211381396,0.00435472283432137,0.0034293989376732,0.00564999338636673,0.00523191300944869
"2007-07-26",0.0708161654930412,0.0706930139375321,0.0665020442795688,0.073476230581638,0.0718061299467002
"2007-07-27",4.74943617732175e-05,0.000143407534989416,0.00107683720776838,0.000540662484069754,0.000579692480599962
"2007-07-30",0.00710183219300652,0.00570212178929676,0.00239997834990591,0.00360127437365078,0.0034877284205631
"2007-07-31",0.018095897032012,0.0184798663632072,0.0107442468289058,0.0132647509439406,0.0136764372951932
"2007-08-01",0.0329025338866688,0.0360508052978489,0.0244698375632668,0.0278770095047135,0.0289038420019955
"2007-08-02",0.0175080474714223,0.0180593458748766,0.0245322583577095,0.0227512965876165,0.021394829506129
"2007-08-03",0.0078452609603228,0.00677542704157931,0.0110126674974317,0.008315437589873,0.00740450639923299
"2007-08-06",0.0208385467689649,0.0187790819919673,0.0167862852557959,0.0204526380790238,0.0216145608126651
"2007-08-07",2.73296222295111e-07,7.1246057728365e-07,1.81285873012215e-05,0.000216746694452876,0.0004603933059014
"2007-08-08",0.000312482400234367,0.000536678195502466,0.000610836737188876,0.000237022920113755,5.3084336099123e-05
"2007-08-09",0.0152737977928563,0.0136241902169864,0.0142519411534083,0.0168623819530899,0.0185121715703591
"2007-08-10",0.079739372136409,0.0712163842864179,0.072302079886609,0.0745688499545363,0.0781736478442539
"2007-08-13",0.0270624501119002,0.0377919890158974,0.0396934824423837,0.0446755515756362,0.0419690289235667
"2007-08-14",0.000573692406460495,0.000481016664346057,0.00124004066537812,0.00106061630470122,0.000598655566249639
"2007-08-15",0.00250043736220042,0.00167768464732914,0.00100344619162307,0.00126844795854225,0.00201410405827086
"2007-08-16",0.130779108441874,0.12007569764387,0.114307804090632,0.118018337156149,0.124407317316707
"2007-08-17",0.0243511198159399,0.029993889126481,0.0313521014676191,0.0341050237835425,0.0309044169621638
"2007-08-20",0.0087947845657349,0.0122202512693706,0.0165007320750568,0.0160227506704009,0.0136070266656206
"2007-08-21",0.000256547420395934,0.000192385456685253,1.32605906062585e-05,4.36642960967519e-06,0.000223524870750006
"2007-08-22",0.0270700915443616,0.0266922969745072,0.032506255994354,0.0294467534794618,0.0246276380529893
"2007-08-23",0.00514384238834005,0.00475093992828201,0.0056533829032135,0.00315931038079362,0.00174392805462437
"2007-08-24",0.00412632485635064,0.0034652838473826,0.00305901879531617,0.000806888754692446,0.000139583572369955
"2007-08-27",0.00723811191261103,0.00602970554285308,0.00459652377136787,0.00127698672206467,0.000493545662116197
"2007-08-28",0.00738644334381109,0.00626309262302007,0.00730937308608266,0.0145040602050632,0.0177947216292357
"2007-08-29",0.00329831465188626,0.00331129904479928,0.00218996130682561,0.000270513920809622,3.3083438756316e-05
"2007-08-30",0.00592411289943666,0.00509354373289084,0.00598741194578684,0.0116150855036183,0.0137528152847247
"2007-08-31",0.00500456953011954,0.007162048774946,0.00420767885591613,0.00142765438367932,0.000894032645137969
"2007-09-04",0.000844497143691882,0.00162205250238532,0.000455043056122405,2.82255249550655e-05,0.000119556528833203
"2007-09-05",0.0812387999451951,0.079895710400726,0.0948169449037444,0.1108492043262,0.114332858510525
"2007-09-06",0.00172769179934386,0.00231205007227036,0.00472877315230076,0.00616961756045732,0.00755154633365056
"2007-09-07",0.00817332623655189,0.00762878905647569,0.0043874340271589,0.00351574561978137,0.00274692479944243
"2007-09-10",0.000498529178793082,0.000622974371837765,0.000248069804408655,2.89331982761862e-05,1.0170350123763e-06
"2007-09-11",0.00240432558874546,0.00277675814783653,0.00212208447113029,0.00134544748887472,0.00095999949855318
"2007-09-12",0.00752407679401609,0.0078217232434846,0.011603313504358,0.00986695964011378,0.00832217532888282
"2007-09-13",0.00440531065968659,0.00413419893120053,0.00685677537701997,0.00540281066288108,0.0043841717108671
"2007-09-14",0.00338374687870737,0.00336471372345298,0.00627461705004458,0.00485364769567973,0.00398620312526307
"2007-09-17",0.000284138985606067,0.000265952725563996,0.00146261316357867,0.000747017843379863,0.000408814518017108
"2007-09-18",0.0014058764269938,0.000896937666723502,0.000103482866076966,0.000359442281724196,0.00058089060680058
"2007-09-19",4.369682987048e-05,0.000228582957391677,0.000496918583047707,0.000206311822781488,0.000116525401695562
"2007-09-20",0.00243334217769482,0.00300991835915338,0.00314985935400562,0.00264344599979512,0.00226369373925137
"2007-09-21",0.00385518084259536,0.00385200107273268,0.00364435161069923,0.00327089439748597,0.00299169691023948
"2007-09-24",0.000755854489500061,0.000609366209275508,0.00106794093809419,0.00138402573065103,0.00153378522743104
"2007-09-25",5.40953764935526e-05,7.51293236440181e-06,2.91234098377878e-07,2.68075789191573e-06,2.08880886232917e-05
"2007-09-26",3.12910734677404e-06,1.56403499944117e-07,5.03890453840155e-06,2.95466073593412e-05,4.0597815382801e-05
"2007-09-27",0.00279645169415393,0.00334970016510354,0.00279015101581918,0.00236466216646875,0.00243123833625799
"2007-09-28",0.00244966648955525,0.00221335155800552,0.00212824583263611,0.00162846987599993,0.00163852329015138
"2007-10-01",6.44702746558964e-05,9.49253522391646e-05,0.000238654887849907,0.000108540244030598,0.000108799987121092
"2007-10-02",0.000421307160614217,0.000349469013540737,0.000363416064692359,0.00013670556422568,0.000118246205048282
"2007-10-03",0.000117690228804371,0.000171343153873724,4.35726869619522e-05,6.28929356637079e-07,1.87460107745894e-06
"2007-10-04",8.78691666737986e-05,1.74793281743456e-05,0.000164827066562194,0.000350144366759616,0.000376620209716664
"2007-10-05",0.00156889743314755,0.00117826181202743,0.000584153042315518,0.000293242200465653,0.000264509825627683
"2007-10-08",0.000524245607966889,0.000424863025397546,0.000110071239294922,2.70902156265044e-05,3.68586843284808e-05
"2007-10-09",0.0060462980949824,0.00661746988483904,0.00881926878791217,0.00972215703093576,0.00985696326980113
"2007-10-10",0.00308485841176598,0.00266472131170982,0.00166340261007654,0.00129014269433601,0.0011844158529278
"2007-10-11",0.344416434130812,0.34099981673189,0.351100403644078,0.3563371701115,0.347267209468686
"2007-10-12",0.0267440954474803,0.023561648229263,0.0204792403845255,0.0190035495475775,0.0218832603217698
"2007-10-15",0.00201211011491195,0.00225935262566892,0.00264411221480447,0.00343923822649024,0.00481050878864983
"2007-10-16",0.00598344660486421,0.00489269005736751,0.0040049042603681,0.00318013857107989,0.00215499970407903
"2007-10-17",0.00433196755367796,0.00356573531933492,0.00318744849539092,0.0025699658492138,0.00264700485712418
"2007-10-18",0.0145064814224472,0.0150219955087202,0.0143152079783067,0.0130339878996072,0.0128761593381917
"2007-10-19",0.0010465890027682,0.000634252322601986,0.000385625164994452,0.000513427603643961,0.00087500334453854
"2007-10-22",0.00124350701084063,0.00494146868905949,0.00458539535542411,0.00427899919759327,0.00132301699271914
"2007-10-23",0.00578083780315855,0.00330687930577687,0.00352433289990329,0.00370504180081107,0.0055784134170162
"2007-10-24",0.0135664750000028,0.00910258671179791,0.0061270139535857,0.00602953883316575,0.0114773849311819
"2007-10-25",0.000308353614366795,0.0013565880473112,0.00210211099365758,0.00195838266678958,0.00464745038235131
"2007-10-26",0.00719133239786704,0.00918159493249587,0.0120515814791722,0.0119321936864544,0.0160107607821128
"2007-10-29",0.0119602756186379,0.0143215659174333,0.0176890202851978,0.0176707390430283,0.0157776950346569
"2007-10-30",0.000624846129029113,0.000358371413807933,0.00100806440745985,0.000928582769712151,0.000817491309787407
"2007-10-31",0.00182554251993888,0.00173086058690104,0.00152630167651855,0.00161636392107325,0.00516535337533941
"2007-11-01",0.000127111976322382,0.000700590822741331,0.000633412539503913,0.000680076008768136,7.0422698031695e-05
"2007-11-02",0.00950369776472185,0.00736118662914342,0.00798553247433588,0.00782512050472376,0.00937296218763414
"2007-11-05",0.000391756475661858,0.00108376302932093,0.00103658994542275,0.00128352517284426,1.54136674770679e-05
"2007-11-06",0.000672835680842175,0.00189475714444402,0.00154573071648783,0.00180671335103024,0.000841287901318902
"2007-11-07",1.64846842733166e-07,2.50969207565939e-05,2.42550274030648e-09,2.80016994963476e-06,0.000577548855255067
"2007-11-08",0.312445581363343,0.309593632116346,0.312279714630581,0.309403588451786,0.318484556574005
"2007-11-09",0.00722664365181944,0.00475160275357356,0.00611135047170885,0.002875890361435,0.00506138532838683
"2007-11-12",0.136586637621193,0.127334038121278,0.133234363146049,0.116339162359385,0.124259062816711
"2007-11-13",0.0150868692284492,0.0146118347588549,0.0124178492252211,0.0167619738227264,0.0199497781468047
"2007-11-14",0.00547829651194248,0.00571227340542479,0.00710518557624989,0.004938002917598,0.00399770160130785
"2007-11-15",0.0113575839667456,0.0116484396463534,0.0136868229432932,0.0121594732898779,0.0112876613885785
"2007-11-16",0.000738749959547079,0.000709208899521236,0.00103337627400675,0.00119068527228358,0.00127200049287467
"2007-11-19",0.000593411410566771,0.00135418227369574,0.00097448476362141,0.000658131133338984,0.000534038202434601
"2007-11-20",0.020493862886809,0.0177170545880588,0.0184893902134877,0.0217763462860426,0.0195084729392209
"2007-11-21",0.00211615146365262,0.0025186251547868,0.00233556899266648,0.00151654404530024,0.000995295162374577
"2007-11-23",0.0476996379795494,0.0488892191451451,0.0474493728763402,0.0451378528210585,0.04731208195809
"2007-11-26",2.85856134768225e-05,0.000266824715065203,0.000164071128579166,1.89814375664867e-06,2.18894871178905e-07
"2007-11-27",0.00115028022359197,0.00144037285756681,0.00145814328149489,0.00290215623360521,0.0027163769956302
"2007-11-28",0.0224517905226498,0.0232666534162012,0.0240055247175442,0.0206392946550322,0.0207088985880464
"2007-11-29",0.00186677569719924,0.00221425005846857,0.00264562436009791,0.00182397344374912,0.00094828437269829
"2007-11-30",0.00346931905208522,0.00361308471149894,0.00334793683046391,0.00471995581155744,0.00476366305352318
"2007-12-03",3.52886229965455e-05,3.37574382504485e-06,1.18740929341124e-06,7.82220652240485e-05,4.17003657081418e-05
"2007-12-04",0.00131474963704682,0.00172159837643436,0.00170592224476079,0.000846853313457414,0.0006241330414981
"2007-12-05",0.00570849629639769,0.00491881858656866,0.00501015840605538,0.0026795559702926,0.00209898556188038
"2007-12-06",0.00426514588797701,0.00451242087432016,0.00476885362015983,0.0032014378040307,0.00424344157959288
"2007-12-07",0.00176826493949183,0.00145478140478157,0.0015734424232777,0.000618699168227564,0.000373830305732433
"2007-12-10",0.00437546721098906,0.00373166330729607,0.00462489724978556,0.00315789219682064,0.00270590014665222
"2007-12-11",0.0202411208243803,0.0194144394709315,0.0160692270825486,0.0236219131746934,0.0214961983630117
"2007-12-12",0.00263260767229308,0.00288406191139481,0.00210681675528658,0.00312210437259628,0.00103775726562969
"2007-12-13",0.000156493709588071,3.08793231192782e-05,4.11314110061932e-06,1.96568885779475e-06,0.00024484172215017
"2007-12-14",0.00572184695312288,0.00934898105697266,0.00948528471620916,0.00937736901496416,0.00726890716396662
"2007-12-17",0.00843987199854906,0.00796820414973551,0.00801447889254519,0.00810052956073733,0.00898935031290463
"2007-12-18",0.00608747869143106,0.00591858508386642,0.00655138549111486,0.00643517382576604,0.00713934044136279
"2007-12-19",0.00858327762676088,0.0095108409368822,0.00928702754098991,0.00872933362479613,0.00802883721275824
"2007-12-20",0.00992870209737312,0.0113500935134831,0.0105473481245651,0.00977898508822942,0.0133085231722335
"2007-12-21",0.0118542950460786,0.0147434960263794,0.0148673397054221,0.0146675397254952,0.0138247595628496
"2007-12-24",0.00283445785424459,0.00458338593515335,0.00413450122166726,0.0026052011795692,0.00363737026066886
"2007-12-26",0.000768907838105884,0.00162470067587652,0.00170915609893345,0.00075779473654008,0.00108779382538554
"2007-12-27",0.000557117114980353,0.000372746121131518,0.000520022830710655,0.00125387521207019,0.00137716779620244
"2007-12-28",6.00805949966612e-05,4.38682336954408e-05,3.18519613112531e-05,0.000136179803790614,0.000123967632832466
"2007-12-31",0.000653247909587548,0.000931347444154947,0.000718531150166526,2.55750576941925e-05,1.55256803860391e-05
"2008-01-02",0.0105258236038704,0.00977881709276571,0.0099933272169956,0.0148911458009039,0.0151117100042711
"2008-01-03",0.000712703311176746,0.00185221336347381,0.00208746579381736,0.000762035285626016,0.000266506056803416
"2008-01-04",0.0206920766523928,0.0197086010383503,0.0174558004419952,0.0219080886207637,0.021753105503918
"2008-01-07",0.142605744095545,0.141484518835367,0.135562817955785,0.143827429660797,0.144841637535318
"2008-01-08",0.00409530974159673,0.00407458788124586,0.00435867564409462,0.00721514952230774,0.00777739641108324
"2008-01-09",0.0487709104085449,0.0507304945966623,0.0384681917189227,0.0438996029199521,0.0471024002727765
"2008-01-10",1.32673122803624e-05,2.41918395995505e-05,3.91140187924933e-05,3.4202193479229e-06,2.17476321460663e-05
"2008-01-11",0.00054209583222093,0.000524110374484365,0.000451671542365979,0.00131056462833387,0.00197577841378232
"2008-01-14",0.0388623911821337,0.0396600658942878,0.0373475813229548,0.0428496742799213,0.0383717201130473
"2008-01-15",0.122047296869851,0.125719415210914,0.119173184709442,0.114375043229481,0.107160648330691
"2008-01-16",0.0459558153124827,0.050913239055629,0.0541765237915091,0.0472006683559693,0.0271926166027699
"2008-01-17",0.00768295363989239,0.00960269001997113,0.0125183479067255,0.00744685109221545,0.00857886527846023
"2008-01-18",0.00329365720219045,0.00235598890248462,0.00249016674027792,0.00458718716657426,0.000418459404508281
"2008-01-22",0.103893150256753,0.104942014311077,0.10941969116843,0.100029245095074,0.0967845688327888
"2008-01-23",0.0479899537348268,0.0444169971207101,0.0421178624709295,0.0335875914624173,0.0284690951812322
"2008-01-24",0.013138881801993,0.0143117910762747,0.0142087382435201,0.0213626878072052,0.0218390646660736
"2008-01-25",0.00375285788923772,0.00309181405202502,0.00337471488174143,0.00664092841220705,0.00520262752862424
"2008-01-28",2.59664434006389e-05,2.02374900019265e-05,0.00034018181128857,5.53931549327194e-08,0.000308333521218208
"2008-01-29",0.0310786133781974,0.0259491481327498,0.024108500368779,0.0286709350956302,0.0160525345731495
"2008-01-30",0.000260426975254232,0.00100333861389488,0.00133438062217129,0.000295560777549505,0.00264840443804013
"2008-01-31",0.00103410544011046,0.000823530932129876,0.000977474558032808,0.00174496657923302,0.0137045004993407
"2008-02-01",0.00807893876690317,0.00960074925953159,0.00888963117677394,0.0121536704018683,0.014445310040036
"2008-02-04",0.00418209761946672,0.00478321324490865,0.00780298182971053,0.00896848174340405,0.00473280210537412
"2008-02-05",0.000641342477470632,0.000719478210181281,0.00128060829649577,0.00224312308848744,0.00705268973771789
"2008-02-06",0.0160057487611939,0.0144413825074986,0.0157448062383243,0.0177553363408631,0.0325190385789557
"2008-02-07",0.0814480161770229,0.0840857584380309,0.0814344173396311,0.097156694616985,0.112632741321743
"2008-02-08",0.00537743854231316,0.0059774133727061,0.00481187622262984,0.00289586182130973,0.00103566033372281
"2008-02-11",0.0125395349825123,0.0131517303073157,0.0148170693377626,0.0107836449727279,0.00731970230245111
"2008-02-12",0.00187744866878496,0.00275885163356459,0.0013530174187383,0.000173334985864085,0.00029467736665647
"2008-02-13",0.00528525402149547,0.00661822105209747,0.0053178620675306,0.00273634968798917,0.00301781349169694
"2008-02-14",0.00249927822968369,0.00279518912575047,0.00288127018936107,0.000942439039524395,0.000364005866558371
"2008-02-15",0.00562068906737494,0.00596852170255531,0.00514283011228414,0.00305560405596632,0.000929709685872286
"2008-02-19",0.000184417959234203,1.78747447370948e-05,0.000271654668197134,0.00076720327314493,0.00157976534510997
"2008-02-20",0.00349227424631523,0.00263692368073867,0.0035922020641459,0.00398147002231994,0.00313254273398313
"2008-02-21",1.98518782299088e-05,0.00027421830135629,0.000280881294010289,0.000305764531262679,0.00105958818510227
"2008-02-22",0.00435862262089502,0.00361346433324235,0.00435354034740191,0.00403039264934059,0.00353953875011365
"2008-02-25",0.0036348750345265,0.00276596031427257,0.0025535294880454,0.00313762375043125,0.00398416958292575
"2008-02-26",0.000419979306568578,0.000229424470121721,0.000179669494432646,0.000171063177072472,0.000372553682737268
"2008-02-27",2.05677640931068e-05,6.03177024655979e-06,7.20649064225726e-05,0.000231117641616098,0.000180874625998625
"2008-02-28",0.00220192530432473,0.00212451102885764,0.00213039972357145,0.00156707931971943,0.00267915155151562
"2008-02-29",0.00024966865174055,0.000191334383003452,1.09104521695063e-05,0.000171912060003846,2.64104803897534e-08
"2008-03-03",0.00831642868411254,0.00803508554623559,0.00430483416716773,0.00455060955567969,0.00485072763963138
"2008-03-04",0.0397025539269247,0.0389812049668399,0.0227059759748941,0.0274182518203069,0.0209170727359793
"2008-03-05",0.00750494625112702,0.00674931412562212,0.00664271594091066,0.00470366329679841,0.00444252389164223
"2008-03-06",0.00139320331807159,0.00153407553467129,0.00112843340898693,0.00133107886280769,0.00108879169717649
"2008-03-07",0.000673101268637144,0.000770340133413463,0.000187245569219505,0.000164070141082817,0.000331704204910104
"2008-03-10",0.00054783525121637,0.000628175693553498,0.00159480319755407,0.00247070422313902,0.00274215040535542
"2008-03-11",0.000137744246479884,4.46419266879204e-05,0.000665250112746418,0.00264069374509643,0.00216750877751716
"2008-03-12",0.000212674695389523,0.000344695119452819,0.00295335866208259,0.00789165628634271,0.00894475909676301
"2008-03-13",0.00661226684854047,0.0066381285597238,0.00586281541771497,0.00235482577266248,0.00124123817065613
"2008-03-14",0.0249781548288295,0.0222232560831959,0.000406523478363953,4.84694707963587e-05,0.000775394343273623
"2008-03-17",0.000592801589591104,6.67135072968326e-05,0.000166788128435067,0.000551559654830684,0.0010777349401798
"2008-03-18",0.00775503606637437,0.00910224320890542,0.00773603371441552,0.0156417019066291,0.0235381882437618
"2008-03-19",0.00105167604150109,0.000930088218411624,0.00477028770030072,0.0118589254536632,0.00848026809901524
"2008-03-20",0.0133270111725274,0.0132849312815791,0.00947753925756322,0.0187049354548538,0.0155179031133389
"2008-03-24",0.00249343691667688,0.00298094904205445,0.00167355931795364,0.00790450795293091,0.00951594832210255
"2008-03-25",6.64630352560654e-05,8.37044677527662e-05,7.87249748864201e-05,0.000898094705318511,0.000398220562504169
"2008-03-26",1.18822143300427e-06,6.98334068572693e-05,8.6525847953697e-05,0.000244726577713996,3.88668346784732e-05
"2008-03-27",0.000204331115909677,0.000146454935160351,0.000133956710314515,1.023113170939e-07,0.00026943818020806
"2008-03-28",0.00353400672351289,0.00409494294806409,0.0017448930456432,0.00289716274952272,0.00185497141636841
"2008-03-31",4.81389318599112e-05,0.000216417982599018,0.000601529303806938,0.000184089229207602,0.00121626862702212
"2008-04-01",0.00211805489507877,0.00251795896119963,0.000922211236920396,0.00114298349391619,0.00132913907477197
"2008-04-02",0.00040821130099156,9.18246356653341e-05,1.80194031989474e-05,2.99713229610719e-05,6.91736438210259e-05
"2008-04-03",1.71201132912248e-07,0.000125441584511956,1.20195646963024e-06,5.31173174767581e-05,4.87694987708941e-05
"2008-04-04",0.000123680892142118,0.0002909607137458,0.000310579964165092,0.000441529023708399,3.06032482340025e-05
"2008-04-07",0.000139264028972156,0.000465272438951526,0.000258763176430331,0.0001455022241282,0.000149408458148963
"2008-04-08",0.000142755551790638,0.000497618075077291,4.73461035346385e-05,4.13607477560859e-05,0.000234285803930146
"2008-04-09",7.51463870241951e-06,8.85255364072813e-05,1.60200676273133e-05,0.00011588211987616,0.000143700940102664
"2008-04-10",0.000875088146569511,0.0021477645106213,0.000585520342291672,2.11123730206321e-06,0.00722742365310926
"2008-04-11",1.65347044653781e-05,0.000172973717200001,0.00020528766464788,0.000141472800329271,0.000289048856934277
"2008-04-14",0.00228204525923544,0.00134243333492499,0.00369303304023311,0.00773185628848681,0.00956306345864542
"2008-04-15",0.00142030536113721,0.00199761307231049,0.000429794593508973,1.67643102949474e-06,0.000136714098118495
"2008-04-16",0.00351037490862732,0.00400861517193419,0.00165594159573588,0.00103053067152428,0.000459960081769429
"2008-04-17",0.000113152472436504,0.000524007803172893,5.31942530954739e-07,9.19752630608665e-06,1.33892714288906e-06
"2008-04-18",0.00264843420123692,0.00313512991378644,0.00291285341276637,0.00397477030062826,0.0033053014518302
"2008-04-21",0.000308742776320053,0.000958647562372769,0.000635967254204608,0.00130448700473122,0.000670534950588403
"2008-04-22",0.00862859427098908,0.00624437713113427,0.00863351624329027,0.00795280501714977,0.0093725186163008
"2008-04-23",0.000415975958729862,0.000517070465898111,0.000679751180762833,0.000875045008878893,0.00263128489738997
"2008-04-24",0.0225332682687532,0.0209723525619534,0.0190653013731756,0.0191853767892963,0.00603242323082844
"2008-04-25",0.00152903162211762,0.00241808978982621,0.00288952830563467,0.00235280484223659,0.00221067743204568
"2008-04-28",0.00281220592254713,0.00330169199206599,0.00529321324417969,0.00495741146731544,0.00317351689128418
"2008-04-29",0.00246438268685904,0.00299598347475593,0.00171880784899709,0.00189658080857322,0.00185661793378909
"2008-04-30",0.00176871211927468,0.00157572464172628,0.00179621493622713,0.0015778090911816,0.00170381363371976
"2008-05-01",0.00328980845289651,0.00492412729820502,0.00377803180059099,0.00453512846669607,0.00325940557220392
"2008-05-02",0.00286257396518939,0.00212549374477835,0.00121484333542372,0.000642677304712712,0.00145364366800263
"2008-05-05",0.00122728611616002,0.00187227388418494,0.00183991319836408,0.00253553657887313,0.00196786831524911
"2008-05-06",0.000656140871097382,0.00122989894873716,0.000790507045821299,0.00140213547476441,0.000602578589832842
"2008-05-07",0.000659770142303878,0.000327246677153474,2.87069150511844e-05,1.55628227832261e-05,1.13396680582311e-06
"2008-05-08",0.00103473766769547,0.00158325235711067,0.00101089135543539,0.00212282026777188,0.00157681058002722
"2008-05-09",0.00166006368006308,0.00272849501045073,0.00234981658641979,0.00421809842376256,0.00383305771351098
"2008-05-12",0.00129900962758756,0.00210846955273922,0.00180853283343111,0.0038284516657292,0.00522068096441431
"2008-05-13",0.000768226843006208,0.00127173291911707,0.00157874986969921,0.00370419858193035,0.00250892641184749
"2008-05-14",0.00032770239830772,5.54237193923471e-05,7.94618683978325e-05,0.000219578861947985,7.68840530662451e-05
"2008-05-15",0.00171097210114129,0.00104257352726252,0.000497901975803283,1.49403545468239e-05,6.47791314826338e-05
"2008-05-16",0.00319068769343281,0.00527169536570082,0.00510693318404117,0.00759351229122837,0.00678595373410363
"2008-05-19",0.0044526550673345,0.00331978616673574,0.00260040428188839,0.00163274889621755,0.00177863679514594
"2008-05-20",0.00093112956004766,0.000396370992391838,0.000516399475411824,0.000273301696802866,2.87433517661102e-05
"2008-05-21",0.0127181847437984,0.011547905098953,0.0118533281893078,0.011709750715014,0.0099195853289037
"2008-05-22",0.00869906109988476,0.00786252497225832,0.00673209331510783,0.00670529887752272,0.00234053930810101
"2008-05-23",0.00281557214895132,0.00282848456672547,0.0016820169952521,0.00177383929073562,0.00223106529323336
"2008-05-27",0.00769895216593624,0.00795386023668758,0.00847775065620309,0.00882599593814525,0.00731106224783693
"2008-05-28",0.00179221254025318,0.00230634410789075,0.00285928257334569,0.00415690331109919,0.00448476213398467
"2008-05-29",0.00153155410772668,0.00189194004630642,0.00179789074162957,0.00308554013889846,0.00306712981629803
"2008-05-30",0.0110832636914952,0.0119208539009391,0.0153451365288956,0.0199769835497348,0.022307120106759
"2008-06-02",0.00064519277612704,0.000357535001054469,0.000741683914482394,9.850397021081e-05,0.00126307886179518
"2008-06-03",0.000952120067397702,0.000822413966812941,0.000426105732530986,5.25490588596574e-06,0.000196311794276709
"2008-06-04",0.00034236708178164,0.000171311006276292,1.00655556491079e-05,0.000174226772738245,0.000368490094608676
"2008-06-05",0.00569046389008013,0.00636243476908957,0.00842100834190915,0.0121328764143458,0.012835111277523
"2008-06-06",0.00245017330413749,0.00206215392960857,0.0023795871927413,0.00102798316005952,0.000222971216977887
"2008-06-09",0.10550009657987,0.0975363072876735,0.0995653149053241,0.0882547699823204,0.0847468536017612
"2008-06-10",0.012511519930657,0.0127446421359612,0.0105104750563886,0.0143473285651352,0.0106955990214324
"2008-06-11",9.99381411480213e-05,2.44702308824374e-05,2.08007149063099e-05,0.000310183596603818,0.00034024667826674
"2008-06-12",0.0128549329791919,0.00993003007398872,0.0121215191814173,0.0100900090099751,0.0105036455172548
"2008-06-13",0.0308508510781408,0.0319569156865354,0.0302352238459316,0.0270412251968461,0.0151411236289113
"2008-06-16",0.00630623582759304,0.00544674349631111,0.00548811672299685,0.0071717322851384,0.00703723714044219
"2008-06-17",0.00731952179826259,0.00714574017731354,0.0071209918530755,0.00951826190353709,0.00702338647186338
"2008-06-18",0.00162155065098734,0.00136039053957634,0.00171399411013433,0.00277364969538528,0.000575037996351087
"2008-06-19",0.000590986603440424,0.00060146418881391,0.00179602773736702,0.0031726555382549,0.0144357440456934
"2008-06-20",0.000650327394003532,0.000840632103828794,0.00161751081869009,0.00282879431652407,0.0025369749381553
"2008-06-23",0.0016555887987191,0.00155674343747728,0.00142500841494716,0.000431631431575296,4.76034171169552e-05
"2008-06-24",7.6689411049903e-05,0.000184538323131103,0.000104001079403671,9.48176177689693e-05,4.49665468377312e-05
"2008-06-25",0.00115974035598435,0.0014620726237469,0.00123027599753285,0.00305226372124891,0.00108368808004252
"2008-06-26",0.00178800867050334,0.000405809168632705,0.000827799864379983,0.000215602662632058,0.000413140246243132
"2008-06-27",0.00705261185727445,0.00420236887991422,0.00454199708807717,0.00340905654510172,0.00258876212564794
"2008-06-30",1.15471095110241e-05,9.46617134204206e-05,0.000107342540822394,0.000150608559500382,5.33551263414425e-05
"2008-07-01",0.00501391003121051,0.00503630026375532,0.00451717776639062,0.00431608636990575,0.0038439622571285
"2008-07-02",0.000386123454204271,0.000130155403458124,7.69293367554629e-07,2.07547124529452e-05,4.56530213967858e-05
"2008-07-03",0.0173231286964922,0.0162403972306473,0.0181682478548672,0.0161952266670741,0.0134144660915093
"2008-07-07",0.00616984500208557,0.0108160535878695,0.0127015421695235,0.0155602179642546,0.0259064196848556
"2008-07-08",0.000103695932662628,0.000763290991770973,0.00201240024978381,0.00367657534652881,0.0046717135129818
"2008-07-09",0.00106470989748063,0.00260202111046695,0.003450936160793,0.00553924342532958,0.00506332002428037
"2008-07-10",0.00785587912157438,0.00565764142919941,0.00549250262839254,0.0032880794777578,3.01025703730345e-05
"2008-07-11",0.0145582679914925,0.0101182028633867,0.0109455105857886,0.00668867368728416,0.00836345031682038
"2008-07-14",0.00106747322778014,0.00340409923725246,0.00196797742775376,0.00632825409408439,0.0075075155354519
"2008-07-15",0.0203134211733518,0.0115583003329234,0.0131275212046725,0.00655800180515272,0.00827511530443177
"2008-07-16",0.00554857908448001,0.0147111857762264,0.0138995334145534,0.0229532133822173,0.0203874195231587
"2008-07-17",0.00492051757162662,0.0119928356271129,0.0116175844385482,0.0186894086864323,0.0223879868610231
"2008-07-18",0.00516760283613339,0.0116995317485336,0.0113763546437496,0.0156461063254771,0.0108685190317195
"2008-07-21",0.00120482567356383,0.00118070770101125,7.61290674862846e-06,1.3483867847616e-05,0.00401023408693329
"2008-07-22",0.0240035317708637,0.0131644587146953,0.0144453506824042,0.0149856704515902,0.0202644348543607
"2008-07-23",0.00150425284021925,0.00591506395760185,0.00863646898936683,0.0069267086347283,0.00989727009187534
"2008-07-24",4.01465204411364e-05,0.00215670245113106,0.00418337345173208,0.00271954692568264,0.00955462007338275
"2008-07-25",0.00279760074029652,0.00765894636612871,0.0127116074703799,0.00946970565879975,0.0130067949003456
"2008-07-28",0.000879394239682493,0.00267812790586817,0.00617742047862279,0.00586628462937275,0.011000858477588
"2008-07-29",3.35441186309776e-05,0.000255810677950518,0.00905381363485582,0.0110630487417381,0.00741485440004775
"2008-07-30",0.000264676808181511,0.00120054872464764,0.00490509744624983,0.00584306588307384,0.00159721671021206
"2008-07-31",0.000187588998001862,2.2531435204523e-05,0.000425819013983677,0.000684648120386907,0.00119114713891485
"2008-08-01",2.0004757214205e-05,0.000403765156875612,2.56900264928384e-05,0.000155753437415041,5.6060310330766e-05
"2008-08-04",1.33691742608328e-05,0.000814529613249474,0.000236027740837087,0.000230571289620437,0.000522564411262146
"2008-08-05",0.0038469862332024,0.00530497122318842,0.00469334855844146,0.00430046402074662,0.0044361849811479
"2008-08-06",4.07209653272349e-05,5.70886863642787e-05,6.38295963158711e-05,1.79643091836428e-06,0.000982605564751219
"2008-08-07",0.000354286541254294,0.000633008630370108,0.000568358862930483,0.000151379270521399,0.00296445568209043
"2008-08-08",0.00418275855670761,0.00556700546760677,0.00657246937581928,0.00450803665440541,0.0115281092896838
"2008-08-11",0.00101322998274961,0.00055434727152965,0.000374089982388123,0.000837637931558562,0.000678761777955528
"2008-08-12",0.00028353713114766,0.000487695860152657,0.000363664864029125,0.00024789669911417,1.3332787731468e-05
"2008-08-13",0.000380225554051139,0.000240139993791084,0.000164528730276238,0.000119487463868469,0.000240114508282698
"2008-08-14",0.00221462442414433,0.00299752991129568,0.00301159260320631,0.00354388725628398,0.000402533015460985
"2008-08-15",0.000536843064847569,0.00116319037688059,0.000739543703701372,0.00107729664923956,0.00205111500989604
"2008-08-18",3.82471928331086e-05,0.000155183545683019,0.000325072824045248,0.000572813849619048,0.000737090836611879
"2008-08-19",2.8702943705186e-05,0.000141688533151037,0.000102484324790161,0.000225825094954774,0.000658429344867205
"2008-08-20",0.000130202060156699,0.000267921029817469,0.000172425532523633,0.000355841418846437,1.18858092592927e-06
"2008-08-21",0.000206681454289058,0.000661667581523495,0.000332287036439808,0.000310669605403677,0.000471201573312233
"2008-08-22",0.00598510900016172,0.00736230968359925,0.00748311364136412,0.00779857680990689,0.0107276186334353
"2008-08-25",0.000123658917489617,0.000331154995143404,0.000663064848692999,0.000774258515178966,0.000560697054155429
"2008-08-26",0.00146427081065243,0.00208512457178217,0.00224709717897405,0.00215372746027751,0.00123917937211523
"2008-08-27",0.000402874352374415,0.00103564742095491,0.000347655406510968,0.000240642053181369,8.60857981145551e-05
"2008-08-28",0.000689181425100776,0.00113622873596257,0.000948959844928419,0.00056040296124882,0.000114618256290289
"2008-08-29",9.07275747914685e-06,6.68982933752941e-07,3.05677633932602e-05,0.000250546497961847,0.000376258674219401
"2008-09-02",0.0115016047748496,0.0115864829926179,0.010769196280719,0.0129995784136168,0.00898182556288929
"2008-09-03",0.00212827404205363,0.00116974187308581,0.0016915875033842,0.00249573801049429,0.00150461256722186
"2008-09-04",0.00295622302819756,0.00163486282019224,0.00166380419912631,0.00230600196418808,0.00112696585309503
"2008-09-05",0.0238339577453488,0.0251691573830959,0.0197772051896675,0.0201313089905126,0.0223943129525109
"2008-09-08",0.0522673930596755,0.0470989734978996,0.045255594557372,0.0450720130388387,0.0473912338775703
"2008-09-09",0.0251719509563003,0.0217013954593138,0.021493264839729,0.0218079089036135,0.0141575348299492
"2008-09-10",0.000764292111832104,0.00122357987116203,0.000843547966954273,0.000700213862453788,0.00172153476783487
"2008-09-11",0.000625293983356223,0.000477849523858834,0.000173545000129724,0.000344716101321293,7.66876480377206e-05
"2008-09-12",1.32517749903407e-05,5.71597488441859e-05,2.47588060616206e-05,8.88259465537426e-05,0.000377159394935171
"2008-09-15",0.0140168022693396,0.0129253511929909,0.0136342643297032,0.0114295436860811,0.012152906706869
"2008-09-16",0.0854278242848417,0.0788439944220957,0.0784159936136267,0.072666492628529,0.095596457088132
"2008-09-17",0.00799433418381691,0.00409475024054722,0.00060664859776494,0.00157867846523588,0.0047621666678868
"2008-09-18",0.108283210233432,0.0896353146810441,0.102025927664494,0.0963706981462205,0.0843930000495785
"2008-09-19",0.0109387067101616,0.0245394865109366,0.0253254825134554,0.0267806892692558,0.036280018207752
"2008-09-22",0.0146514199372936,0.0241378489180507,0.10218006030577,0.108477315553865,0.107422523256257
"2008-09-23",0.0107761578755473,0.00954492343474353,0.0151178723600019,0.0140501540846512,0.0163423216713142
"2008-09-24",6.69560480463493e-05,0.000342436694523182,4.93312423815856e-05,0.00016604431198785,0.000147064140892095
"2008-09-25",0.0154365879044831,0.0140233688284979,0.0123054236318664,0.0123296529777363,0.00355264660117301
"2008-09-26",0.01102412511411,0.0112989452117427,0.0157549111953469,0.0162520037000946,0.0140187302373558
"2008-09-29",1.38533377358081,1.36893280128304,1.35858449469385,1.37871381337787,1.43039371164872
"2008-09-30",0.265485005819868,0.281945797907831,0.271552228127109,0.278343458598869,0.307570577435846
"2008-10-01",0.0021577217827378,0.00502833466081247,0.00420601014106737,0.00249894854890594,0.00524861147464435
"2008-10-02",0.0110247749271335,0.00577132406875717,0.0076936387512658,0.0133931732362135,0.00844412832880925
"2008-10-03",0.870396855771807,0.887476552309586,0.894762311016568,0.932729116918242,0.89904260427384
"2008-10-06",0.00648848875649085,0.00546427348358805,0.00720179639924286,0.00594826573369185,0.00176795158950519
"2008-10-07",0.0081488230756524,0.00560024100729098,0.00106811409847344,0.00177966845979097,0.000222648839048613
"2008-10-08",0.102077413468188,0.0862213959127331,0.0801597681449312,0.0829981292330664,0.0838069313875417
"2008-10-09",0.0415805221007569,0.0631218365742734,0.0773185314991606,0.0870771949679234,0.0935614136481039
"2008-10-10",0.251113954501473,0.189385082922022,0.207844929774125,0.212669075045394,0.247478100894906
"2008-10-13",0.548290319441702,0.891797199913139,0.957622129004924,0.986539820416087,1.13287468405058
"2008-10-14",0.000173556427584977,0.000945456155770533,0.00226189890617953,0.000793732155771194,1.0585603080382e-06
"2008-10-15",0.0562757556805885,0.0669561852563753,0.068101047876821,0.0404816489151564,0.0273258187553426
"2008-10-16",0.0815826545896985,0.0775258312247342,0.0690136576198769,0.0709233716216777,0.084485053739825
"2008-10-17",0.054657626325022,0.0630262340383725,0.0609136252063082,0.0581333481542517,0.0508336221424973
"2008-10-20",0.0196040020051046,0.0233180420068415,0.0260145003563335,0.0237281422644619,0.0195839770641886
"2008-10-21",0.0591742076755673,0.0865845201813365,0.097595912798701,0.0805504314203586,0.0786240472807595
"2008-10-22",0.00328307064385843,0.000999142673936999,0.00258469232681039,0.0190711416616862,0.0198772898957675
"2008-10-23",0.038375186964834,0.0309502395577256,0.0368939703934182,0.0543215557090786,0.0518092038111099
"2008-10-24",0.088173244625076,0.0836056324114647,0.0879264098013228,0.117760587565384,0.122214282301466
"2008-10-27",0.0512455562731458,0.0711022386918616,0.0726217539215596,0.0670439262696924,0.0754038535184786
"2008-10-28",0.0161456981590899,0.0263402809837565,0.0220929582339528,0.0107868861704928,0.0108894519769558
"2008-10-29",0.00230057785063966,0.000913499155696616,0.00280507881438117,0.0093583627170596,0.00960701722688778
"2008-10-30",0.0543321965722878,0.0712439312896997,0.0661812549342726,0.0407572558125481,0.0414822240677333
"2008-10-31",0.0125295420478257,0.015763415205494,0.0152568320705022,0.00530416979309299,0.00464124466966934
"2008-11-03",0.0353102257498879,0.0413569442321554,0.049061931901751,0.0297206532642981,0.0314070010286618
"2008-11-04",0.00494785014477864,0.00694003244885456,0.0092608801808486,0.00396521232854691,0.00435436053818935
"2008-11-05",0.00150932209760793,0.00163266003097586,0.00317147796567992,0.000263405309031891,0.000762934959467054
"2008-11-06",0.0204179106985251,0.0229488316870757,0.0215293070073278,0.0376876964457286,0.0289913070150644
"2008-11-07",0.00287314242801855,0.00284003549580844,0.00187419265087182,0.00756499539518634,0.0036126819206253
"2008-11-10",0.00152864052372607,0.00102201281220249,0.000211734852710468,0.00250092890241228,0.000729292562569812
"2008-11-11",0.00503783024780341,0.00387022247907333,0.00186803653918965,0.00387331732990953,0.000961060774166461
"2008-11-12",0.00217771982089826,0.00252363739599434,0.00401530374269367,0.00103141374372216,0.00365062270317662
"2008-11-13",0.0949791774852688,0.092292866748873,0.0852784476573568,0.104083431059874,0.0863931470477727
"2008-11-14",0.00011978980056824,0.00013348016092493,1.85704724518764e-05,0.00534210970477354,0.00231197934360169
"2008-11-17",0.000184602857283267,0.000244805648963505,1.33679113117561e-11,3.64808375149627e-07,0.000894353430215667
"2008-11-18",0.00161949076737106,0.00209812099905264,0.0044668470038963,0.00513904778170176,0.0107855128759456
"2008-11-19",8.03525239342305e-06,1.09304639326887e-05,6.93052576267267e-05,2.56069991998868e-05,0.000954110151907029
"2008-11-20",0.0589974536784882,0.0590276750910549,0.0555828991303437,0.0564556667350592,0.0451748775067287
"2008-11-21",0.0103019030676067,0.0108900375256875,0.00948143534105853,0.0103807717342031,0.00688142934011856
"2008-11-24",0.00379160824445976,0.00370671213591634,0.00239527827075585,0.00209261230493306,0.00396119789087673
"2008-11-25",0.000626721735649077,0.00019036557184046,6.59906183799606e-05,0.000112622197552177,0.000324615119071842
"2008-11-26",0.0232193793624141,0.0283310272712712,0.0304628361041393,0.0319811945006093,0.0395415650313894
"2008-11-28",0.0338345192189025,0.0355071903177877,0.0305633218637033,0.0409829400099434,0.0521654650110081
"2008-12-01",0.00546711128225982,0.00661603669219638,0.0056285340464422,0.00548690898528841,0.00818571419659499
"2008-12-02",0.0156502071701506,0.0139220826999042,0.0166263583464966,0.0149065361854933,0.0107357164738617
"2008-12-03",0.00530950777142418,0.00431945455765574,0.0066840814839667,0.00630671650947267,0.00411889545497534
"2008-12-04",0.00250875960842401,0.00200175128821457,0.0025019758629387,0.00176322601299027,0.000991198423173934
"2008-12-05",0.00108809846375101,0.000473296592614056,0.000810139460024331,0.000235999494294192,9.61013126100576e-05
"2008-12-08",0.0105496413362236,0.0116239303468365,0.0105397673028261,0.014738065637774,0.0166966290465891
"2008-12-09",0.000598004545560959,0.00084319766804615,0.000382853843178776,0.000896835814996999,0.00102191340298283
"2008-12-10",0.00454539044718992,0.00489592004927716,0.00287566698807394,0.00353254947147856,0.00289114045252521
"2008-12-11",1.42498595600276e-05,3.78635317619872e-05,0.000214433867536864,0.000264563031519394,0.000928295365121055
"2008-12-12",0.00989845360697524,0.00920910085143678,0.0131352101519005,0.0123424085940141,0.0148724454225163
"2008-12-15",0.00864661124969047,0.0094654745116798,0.00706904479230107,0.00663988096318742,0.00441036047770836
"2008-12-16",5.95801738033677e-07,9.4087587050695e-08,0.000285854188795843,0.000157090529860859,0.000532010593206562
"2008-12-17",0.00519823965328229,0.00508981293418891,0.00329170431607695,0.00246022533876909,0.00258269191387219
"2008-12-18",0.00779700444099428,0.00789737854652005,0.00556354621185807,0.00507705053547788,0.00644649049877142
"2008-12-19",0.0108237355246526,0.0107467118441325,0.00679083016963694,0.00575109329983295,0.0059216486640159
"2008-12-22",1.00553920190765e-06,2.15626484624932e-06,0.000360307995231485,0.000655584171067568,0.000552437850918558
"2008-12-23",0.000768165060756772,0.000949633104258433,2.30306427941005e-05,4.97450879809417e-05,5.34935925456081e-07
"2008-12-24",0.000994114935601451,0.00162627055043083,0.000262145064980059,0.000313499225043104,0.000254334218713337
"2008-12-26",0.0134248934486655,0.0160221528249193,0.00999960721386149,0.0127779913947959,0.011294805348397
"2008-12-29",0.00135331831217199,0.00233476037000348,9.8733142691036e-05,5.08560843519644e-05,0.000215139598456488
"2008-12-30",0.021981362277353,0.0191045371974988,0.0309933639765185,0.034624852138727,0.0346656142369669
"2008-12-31",0.0102258584520139,0.0138538603337082,0.00843895677800586,0.00730736917649336,0.00940259612878623
"2009-01-02",8.37027116612602e-10,0.000199058333423331,6.70862122001806e-05,0.00043055887164275,8.35303589450486e-05
"2009-01-05",0.00916468000635407,0.00678136783638141,0.00949609998922005,0.0127806123011025,0.0118904182846575
"2009-01-06",0.0111026304193303,0.00857644149445603,0.00922661742856216,0.0114732148199276,0.00966183956808493
"2009-01-07",0.000566948487296374,0.00150762504101113,0.000563594412329475,0.000238964067053309,0.000194850844103168
"2009-01-08",0.00223858308949026,0.00136208847164206,0.00322334557692278,0.00394457249318596,0.00414243098418172
"2009-01-09",0.000374541694186117,0.000927963843006103,4.79427625223598e-05,5.19825958142552e-06,1.05388661040852e-05
"2009-01-12",0.00217055389195358,0.00300422613724247,0.00151337710348305,0.0010671399483539,0.000779737057573247
"2009-01-13",0.0029960408561842,0.00207865946908579,0.00215138656774627,0.00286346324134013,0.00299215817112723
"2009-01-14",0.000571028835571431,0.000839159434691267,0.000716944141798909,0.00031618496607147,6.44647692474052e-05
"2009-01-15",0.0200344848238583,0.0192858097810806,0.0216380499186759,0.0226282013767024,0.026708182735737
"2009-01-16",0.00414018671210533,0.00415168568653135,0.00540119751774633,0.00613203555875672,0.0086129562043016
"2009-01-20",0.00198093534052077,0.00204058525016617,0.0029217511398257,0.00258395972031044,0.00347615336808831
"2009-01-21",0.0013075582187444,0.00084093627923541,0.00090123257711381,0.00119791532108287,0.000280479111123414
"2009-01-22",0.0115320291615705,0.0134701963082761,0.0143699015159134,0.0127342988687406,0.0147043641753556
"2009-01-23",0.00179649231215763,0.000929863392246655,0.00100682384936035,0.00190038087315611,0.000486633177285383
"2009-01-26",0.0138959561299238,0.0109218764187937,0.0102013491413871,0.0116472067131286,0.00699208538003008
"2009-01-27",0.0238902666935453,0.0204619441583196,0.022703575354054,0.0265842426661899,0.0197061849842721
"2009-01-28",0.00463507802903936,0.00287127363128707,0.00254515645086108,0.0036289963330041,0.00112213254055038
"2009-01-29",0.0077709146291739,0.00501867423185048,0.00349806599341769,0.0055589885231426,0.00432137293536311
"2009-01-30",0.000598585906254345,4.66896702967218e-05,7.60470380078276e-07,0.000284684921996035,1.53616536098893e-05
"2009-02-02",0.00155673896231872,0.00438880107445984,0.0066435077287481,0.00443045107092014,0.0086889386032274
"2009-02-03",2.84249366409054e-05,0.000927590511614889,0.000970209393723535,0.000235305360435262,0.000604425305093557
"2009-02-04",0.000110408123939522,7.0342182034279e-05,5.53305917277156e-06,0.000192232616722651,0.000127305517604288
"2009-02-05",0.000153755577013067,0.000929766620423256,0.000773903688632658,9.5731895416075e-05,0.000391457708300985
"2009-02-06",0.00515693676676926,0.00328869319849534,0.00394821370500745,0.00577036364859346,0.00605718529648425
"2009-02-09",0.000288708616373002,0.000148537195512193,0.000106968390004329,0.000822387688721191,0.000502351546632542
"2009-02-10",0.0229427696647096,0.0241496539674506,0.0263497613468431,0.0185092051115714,0.021566779021866
"2009-02-11",0.00154558765011276,0.00224155496280019,0.00312578071526854,0.00118789042657234,0.00183891785144208
"2009-02-12",0.00349392320151454,0.0034473781174074,0.00376748817178575,0.00109694550439839,0.00205131441888711
"2009-02-13",0.00536781157530008,0.00536291467301858,0.00467166224863269,0.00926562290592159,0.00597019897496998
"2009-02-17",0.000566564116421223,0.000566683787022788,0.000950763074111181,6.71983321389506e-05,0.000634067251408764
"2009-02-18",2.46625075332953e-05,6.58887524224762e-05,0.000189582107543334,0.000174378545565163,9.60678770887178e-05
"2009-02-19",0.000959741845262134,0.000774928869684315,0.000353006200727722,0.00155869231131398,0.000248346128098425
"2009-02-20",0.00147485454287929,0.00194820527115909,0.00206703955071838,0.000610318336645355,0.00242754290167227
"2009-02-23",0.000519504518591237,0.00102349268403514,0.00132967840006246,0.000244395086967004,0.00104398635912409
"2009-02-24",7.12945331194326e-06,6.35679122536205e-05,0.000229462458085993,5.59727815536652e-05,0.000241869137613409
"2009-02-25",0.00500976511141548,0.0062074471611589,0.00661939818080326,0.00343202223521543,0.00549249604658273
"2009-02-26",4.35274926219912e-07,4.73238568050163e-05,0.000171209993592205,4.7843194354691e-05,8.21039923484732e-05
"2009-02-27",0.00634076366470179,0.00776772500255203,0.0085447669875787,0.00526826097967598,0.0116799295066886
"2009-03-02",0.000300543390495604,0.000757592371956439,0.00102688574489743,2.64800764699774e-05,0.00116000000358164
"2009-03-03",0.00163538725610835,0.00225372342181668,0.00347238300215051,0.00101030726301041,0.00461243508472005
"2009-03-04",0.00646753108467521,0.00501274307019431,0.00347189627994494,0.00839329099565526,0.0036291919080118
"2009-03-05",0.00101332820253011,0.00189728669467881,0.00312965632963282,0.000940301402236328,0.00311845392372863
"2009-03-06",0.0113268631469947,0.0142471228439738,0.0168179261922903,0.00979835406405989,0.0170816252575093
"2009-03-09",0.00129377197170237,0.00202207670541355,0.00255548113134283,0.000527658645012949,0.00337316317726559
"2009-03-10",0.00543654757307989,0.00462272917252394,0.00332891025030459,0.00688891730392286,0.00337941632469292
"2009-03-11",0.00141022273524403,0.00113034274495242,0.000834551027974072,0.00287106802342132,0.00111869763947713
"2009-03-12",0.00164044283713752,0.00154921106166427,0.00144153540441258,0.00302185125427408,0.000853689098457134
"2009-03-13",0.00469022594448452,0.00448832977576532,0.00399992399801013,0.00756081541757878,0.0034844692505627
"2009-03-16",0.000260601390997586,0.000275344966535275,0.000680942788272086,1.96925819564089e-06,0.00145267493936529
"2009-03-17",0.00101105357843332,0.00114749403280051,0.000518635229772441,0.00204165932190582,1.59136071464792e-05
"2009-03-18",0.00745061298047306,0.00671676545372356,0.00853049597622629,0.00289503515343082,0.010150462433197
"2009-03-19",0.000165321932915749,0.000192458400346889,1.95718180707708e-05,0.00209612044113346,1.46662499554425e-05
"2009-03-20",0.0151747038391315,0.0163364783182788,0.0145188580301264,0.0237718889180677,0.00948756716796826
"2009-03-23",0.000425525976172858,0.000696325315042051,0.000456523415009121,0.00387729905488589,0.000183758720132272
"2009-03-24",0.00025892910338346,0.000139397733276752,0.000346677044872652,0.000273397632685816,0.000622746791832415
"2009-03-25",0.000800898536503328,0.000603006765105787,0.0013532550436529,8.26312996944815e-05,0.00157701893024791
"2009-03-26",0.00120559364989243,0.00133211816821369,0.000644237386779413,0.00415237664368244,0.00155125295475405
"2009-03-27",0.00268160864026363,0.00278670806136524,0.00191151563387285,0.00721210693803132,0.00335999093704372
"2009-03-30",0.00134283508170637,0.00149994786323765,0.00115287032973313,0.00531302566104799,0.0021625077540059
"2009-03-31",0.00422378796648734,0.00449112524857161,0.00376724391820985,0.00916053867022758,0.00442705499803932
"2009-04-01",0.00128297741774442,0.00131888811369918,0.00086734431305746,0.00312391632286917,0.00142046125430141
"2009-04-02",0.000472357154893612,0.000535493067410289,0.000836462980642174,3.9020001513753e-05,0.00101165366545151
"2009-04-03",0.000978355930182826,0.000950082251974384,0.000543245348953547,0.00247897887520936,0.000734195531731973
"2009-04-06",0.000365615589728057,0.000495497249330258,0.000704851629909476,4.41084269809922e-06,0.000416401930363656
"2009-04-07",0.00239611282652988,0.00205731426091098,0.00137750142406393,0.00373789081499057,0.00202352714435425
"2009-04-08",0.00106013972591142,0.00072857960442823,0.00046770099245286,0.00172619050149181,0.000948616111205758
"2009-04-09",0.00829465230738052,0.00763751955199628,0.00828858324747974,0.0120488190671451,0.00973144987181323
"2009-04-13",0.00014344194808035,6.40958643734847e-05,9.94394291911517e-05,0.000420114486533144,0.000435471425206473
"2009-04-14",4.08615285600609e-05,5.15547226375216e-06,1.18717892768451e-05,0.000198067350474861,0.000748709055552843
"2009-04-15",0.000167485046948552,0.000242251976262196,0.000192287831104802,3.95679823372981e-05,2.95322930472272e-05
"2009-04-16",0.000399373063996397,0.000313621803617781,0.000395341580707908,0.000637650103661994,0.000605930953173493
"2009-04-17",3.45988667011419e-05,8.80625715446873e-06,6.78875894330733e-05,0.000687389575971208,0.000790148489320971
"2009-04-20",1.5511529054945e-09,5.06320881086176e-06,7.9379457709397e-05,0.000695661334891235,0.00114750006203614
"2009-04-21",0.000251600002677112,0.000324385270694327,0.000212655290485865,1.88768874955146e-05,0.00107537301509883
"2009-04-22",0.000536163148316076,0.000782114668295349,0.000554691654792852,0.000196953772391974,0.000175036576356551
"2009-04-23",0.0174970107464648,0.0190045914843115,0.017636168001345,0.0158724965253654,0.0063512459565386
"2009-04-24",0.000183766794084612,5.05716858319489e-05,6.70955255832153e-05,0.00058877166075731,0.00290252683525723
"2009-04-27",0.00347828008783375,0.00223658682842633,0.00345562966968287,0.00558131774550068,0.00815391198898596
"2009-04-28",0.00426466030225405,0.00271881760497094,0.0031744892598559,0.00555965007120231,0.0119188678387809
"2009-04-29",0.00200344384253558,0.000974146625100064,0.00127763240854648,0.00226196814539531,0.00522926518677354
"2009-04-30",0.00260118331158799,0.00143068375115192,0.00204108389415464,0.0030060021640215,0.00832606551947005
"2009-05-01",0.00539159086576452,0.00348293557956141,0.0052479865947313,0.00593704137241159,0.0126300967106351
"2009-05-04",0.00395954128799524,0.00299176050856022,0.00379943075109434,0.00397319136873555,0.00682713259064254
"2009-05-05",0.00167961540444213,0.0011645321211656,0.00187776050878241,0.00219434227595972,0.00477997666830381
"2009-05-06",0.00127643865311948,0.00177988515866699,0.00137963189962696,0.00113357362692834,0.000106322877907514
"2009-05-07",0.000611449810608404,0.00105416195687325,0.000779244750697862,0.000741190204043597,0.000257198155494788
"2009-05-08",0.00935959980897608,0.0106271233957639,0.00871302342381412,0.00820913949452294,0.00679018609667099
"2009-05-11",0.00149596773387873,0.00113408760548656,0.00195989322368675,0.00312079401000628,0.00375570021051651
"2009-05-12",0.000338663104615994,0.000515725017350785,0.000175932016954085,7.86146939815847e-06,3.72839213362499e-05
"2009-05-13",0.000469008621801031,0.000460166470209817,0.00128999963955959,0.00210277220708877,0.00276657028605171
"2009-05-14",0.00198956855821375,0.00196024445646959,0.00222245667675184,0.00318136506813603,0.002471125879297
"2009-05-15",0.00112315528568644,0.00117035733377532,0.00157120811898935,0.00182244803312917,0.00121362676988866
"2009-05-18",0.000637876356785426,0.000699642823457915,0.00033834433754547,0.000218249188506429,0.000541484083185037
"2009-05-19",0.00387790624074578,0.00388041957032529,0.0046771131787809,0.00560913224383283,0.003633587174597
"2009-05-20",0.00139881298780795,0.00151232841027582,0.000731697096721759,0.000634090229055194,0.00102847125104447
"2009-05-21",0.000126861532945363,8.50448490201368e-05,0.000293400660547031,0.000284740169752398,0.000115764189148204
"2009-05-22",0.00125554852728803,0.00122257503177394,0.00224029120466047,0.0023572967776027,0.00249989704218762
"2009-05-26",0.000588071331274042,0.000607159675303111,0.00119877433654842,0.00138434198584039,0.00105300725569593
"2009-05-27",9.43203011490183e-05,8.76559819506015e-05,0.000397869605731455,0.000461892623518336,0.000156383929662061
"2009-05-28",0.000151447039416516,0.000106847849531557,0.000412138001414053,0.000520545810742636,0.000236506913492447
"2009-05-29",0.0092469422595485,0.00839800861470832,0.00966163222203562,0.00983318764470668,0.00831655582634329
"2009-06-01",0.00336326111163846,0.00248698968843011,0.00324826950947617,0.00289033107427782,0.00218141615029957
"2009-06-02",9.27615001154975e-05,8.70374259824069e-08,9.61529739136585e-05,1.26231605342537e-05,0.000126661210953404
"2009-06-03",0.00231872460163897,0.00153627769106126,0.00222038732527624,0.00183941854523422,0.0014198434633022
"2009-06-04",0.0016131920134733,0.000943744390315155,0.00227685609042628,0.00199287190148161,0.00103206692176795
"2009-06-05",0.000526036552511922,0.000952923920271351,0.000614108137123059,0.000698132089186997,0.00127146206205713
"2009-06-08",0.00711253059097636,0.00846270063848926,0.00700077316621753,0.0074912667346812,0.00964921863850272
"2009-06-09",0.000179286752450956,9.72155077967247e-05,0.000233212923357596,0.00012695373373261,4.99429612312176e-08
"2009-06-10",0.000706713677884904,0.000545981076414416,0.000932584396094238,0.000630000657622561,0.000408087168785697
"2009-06-11",6.56442911137072e-06,2.3739841275409e-05,5.46499294421866e-05,4.45992799764984e-06,2.21666569098781e-05
"2009-06-12",0.00957043748965179,0.00944519789620992,0.0115658218784852,0.010497248527726,0.011959454954275
"2009-06-15",0.000332902395615258,0.000375142280617816,0.000766393136685975,0.000622578609726005,0.000280274102178834
"2009-06-16",0.00134088439970142,0.00125272271391791,0.00153133417604578,0.00122530305552964,0.000575860299451128
"2009-06-17",0.0021032503868664,0.00230449989002327,0.00167621534061692,0.00201261326308446,0.00342134225494657
"2009-06-18",0.00135199222845668,0.00119771595506896,0.00168320234327581,0.00142015313449979,0.000860420975110233
"2009-06-19",0.0038529739293383,0.00317670034281379,0.00432054272731366,0.00393774997435731,0.00470375559628215
"2009-06-22",0.00213074794188058,0.00255104529196183,0.00151104964214824,0.0016412168802753,0.000711420243029536
"2009-06-23",0.000854832892427505,0.00108472331942569,0.000475066636566375,0.000596115282544402,6.08838070749243e-05
"2009-06-24",0.00118867938918497,0.000994783238535435,0.00128969580566242,0.000933680556464407,0.00334842871897761
"2009-06-25",0.00148575334853286,0.00119214760743977,0.00172275856811879,0.00140449736674361,0.00236330649197891
"2009-06-26",0.00892777382922034,0.00858318152565045,0.00970827997593635,0.00935559037431592,0.00995653234423462
"2009-06-29",0.00254670440802011,0.00229115487879103,0.00321793183479279,0.0032285526392475,0.00277758511163385
"2009-06-30",0.00226126815044527,0.00187747672654222,0.00284721194034741,0.00301053197196936,0.00209319366158469
"2009-07-01",0.00338942485777594,0.00271119659283179,0.00385136980129836,0.003698010076393,0.00449858830651158
"2009-07-02",0.000242216669271144,9.23463441441636e-05,0.000324911548242974,0.000268168561921551,0.000752969648430342
"2009-07-06",0.000424541635541504,0.000654879445119162,0.000279869738946899,0.000365455913745619,1.46988466263184e-05
"2009-07-07",0.000210474136398618,0.000105532078676491,0.000268109631105756,0.000121729609502523,0.000727275194191418
"2009-07-08",0.00673982459985083,0.00728289839203981,0.00617360350897893,0.00669080104100339,0.003792832903636
"2009-07-09",3.60797119282917e-06,3.11502411160167e-05,2.72127072500693e-05,1.11610682770332e-07,0.000620423014801312
"2009-07-10",0.00119774765952494,0.00104360994646334,0.00151618557848027,0.00161547076520074,0.00498223406634769
"2009-07-13",0.000653533145031,0.000483771630532176,0.0006387688356186,0.000763791363905447,0.00422572504683734
"2009-07-14",0.00165211146085658,0.00129032156487174,0.00105529338080733,0.00108411777953516,0.00552457557537802
"2009-07-15",0.0110580480436662,0.0099855843069997,0.00978318950562395,0.00955960799441492,0.0169875919928829
"2009-07-16",0.00129181031226146,0.000829219180456906,0.00106653253832732,0.000733457806327935,0.00335151784224693
"2009-07-17",0.00582806552322718,0.00483376417257921,0.00621906735540711,0.0054977701955205,0.0104666576047993
"2009-07-20",0.00115617622946051,0.00171070802635847,0.00103943026243734,0.000984744262145,8.17142939887758e-06
"2009-07-21",2.02865457644401e-05,0.000146237785608903,0.000117808187697997,3.88862762090735e-05,0.00044516178186103
"2009-07-22",0.000712387271411329,0.00133224728067729,0.00133878487294625,0.00109455973151799,1.8405152991683e-05
"2009-07-23",8.02372612359773e-05,4.93272543146397e-06,4.04985978353645e-05,6.34308020767236e-05,0.00127462330049179
"2009-07-24",0.00082034540790599,0.000433093891763597,0.00079751770430991,0.000681794456251813,0.00201836938753214
"2009-07-27",0.000167266502621372,2.05054070115844e-05,0.000100004861864053,2.87835126940473e-05,6.36140536471444e-05
"2009-07-28",0.00177466597371622,0.000816393461602745,0.00105569302994489,0.00123373938573815,0.00147535264119742
"2009-07-29",0.00176125314571744,0.000772466317343554,0.0012492510965361,0.00111405597045767,0.00179348767410136
"2009-07-30",0.00157805158853274,0.000514721347510142,0.000621032727783692,0.000392548265238303,0.00212996729092971
"2009-07-31",0.00117028483490477,0.000293831744468836,0.000531057627365938,0.000233092673850424,0.00209383269354926
"2009-08-03",0.000640879147970297,8.24380562256497e-05,0.00012938561980185,6.1733498857787e-06,0.000399685787192091
"2009-08-04",0.00386033479913367,0.00254167537109705,0.00278319064219053,0.00208844068716682,0.00347326631488795
"2009-08-05",4.77326580079474e-06,4.02397088280146e-05,2.2338503893734e-06,0.000100835551621012,5.99296441568501e-06
"2009-08-06",0.000330568385940159,9.77449761168671e-05,0.000191811590567319,1.12751439183988e-05,7.13663828109326e-05
"2009-08-07",0.00185192998602805,0.00124220232183487,0.00182160384886317,0.00120162200415724,0.00216873467539957
"2009-08-10",0.000715805410144387,0.00039828717383927,0.000590284279271395,0.000469471459770363,0.00134475893589149
"2009-08-11",0.000262192036254273,9.44718783982931e-05,0.000112038518891907,0.000116959087753694,0.000764634074066473
"2009-08-12",7.56723920509642e-05,1.13769217902043e-05,0.000314344952501797,0.000416632216382352,0.00126418943992307
"2009-08-13",0.000773984369772609,0.000367566193541553,0.00029932060957847,0.000266701984354302,0.000921521160843546
"2009-08-14",0.00142556362674645,0.000678200733624237,0.000994242487049924,0.000884785393033693,0.00198335146612541
"2009-08-17",0.000258497254821507,5.28928058963947e-06,1.2026688114334e-06,6.1862467225816e-05,0.000259989822777525
"2009-08-18",0.000828946431921363,0.000255084076381938,0.000108902217043234,8.46283656913266e-07,0.000416607365696347
"2009-08-19",0.000444123251931132,3.55079038878266e-05,6.80279442979286e-05,3.24527524884176e-07,0.000150732037818685
"2009-08-20",0.00437273012483117,0.00267057430512313,0.00341318229955374,0.00255432190625156,0.00368021566992206
"2009-08-21",0.00158526730055284,0.00089069985598273,0.00173174832123556,0.00119080801856512,0.00155060852714701
"2009-08-24",0.000124520724010823,7.90653103679553e-06,0.000356691983005819,0.000144288944036958,0.000210261178905555
"2009-08-25",0.000327159524701269,0.000115044946997797,0.000434337063998269,0.000135088098810362,0.000352693920239885
"2009-08-26",7.40231871528117e-06,5.09603346474246e-05,7.35691248270011e-09,5.73328941810602e-05,2.01191669074316e-05
"2009-08-27",0.00227066544815747,0.00341468384431329,0.00239168740749546,0.0029990941622042,0.00276539740466483
"2009-08-28",5.75199250640804e-05,0.000359553020970936,0.000151749799525353,0.000363633609992974,0.000183566909498325
"2009-08-31",0.000136771265294212,4.27696656606005e-07,0.00013541453830396,1.6131280311998e-05,5.18220059606197e-05
"2009-09-01",0.000664465253679839,0.00141336260935878,0.00058260209360614,0.00105739151700984,0.00205324581721367
"2009-09-02",8.22127045323083e-05,2.03409140817885e-05,3.82925284046545e-05,1.7321250911506e-05,0.000181368986223223
"2009-09-03",0.00151936616995531,0.000682175329371438,0.00130734709782328,0.000674987948377198,0.000120001764333264
"2009-09-04",0.00624936831839315,0.00437066915717613,0.00547891728785488,0.00437648938934937,0.00391640931011993
"2009-09-08",0.00274772925436514,0.0016311555373967,0.00236974095083719,0.00165529078779454,0.00177545776118127
"2009-09-09",0.00268334201054381,0.00417584137952897,0.00301215816897397,0.00385014401110711,0.00439641135252031
"2009-09-10",0.000363194840584694,7.67331284829077e-05,0.000368643782852364,0.000189835576052564,0.000117690305680163
"2009-09-11",0.000796920422554623,0.000451892713516964,0.000864268904745407,0.000596378550127566,0.000599680082617426
"2009-09-14",0.00198036636404916,0.00123934676718684,0.00151812914017864,0.00114655862796519,0.00128219733360326
"2009-09-15",0.00277414956087078,0.00212628327605225,0.00276045842657214,0.0021935365548881,0.00372694563648745
"2009-09-16",0.000600788084543644,0.000307389355380707,0.000502140208401367,0.000207524834861737,0.000969324545168674
"2009-09-17",0.000373044235324736,0.00084561683153203,0.00062044318045015,0.000941425795539947,0.00018950341598706
"2009-09-18",0.00127990218689003,0.000614543621772033,0.000601212105093087,0.000372085496749307,0.00123906680412131
"2009-09-21",0.000101457533908015,1.6748581292522e-05,5.31137854093095e-05,2.23363597329018e-05,0.000208045533679177
"2009-09-22",0.00066794695181824,0.000315401682607159,0.000413176069884133,0.000414587269002407,0.000933535650932528
"2009-09-23",0.000736892134729798,0.00104246404475056,0.000863902828580354,0.0011613817576109,0.000756291987248835
"2009-09-24",0.00136519513618251,0.00176294784538127,0.00197987504753637,0.00244601747423613,0.0014701757073979
"2009-09-25",0.000937301755966414,0.00134880894345945,0.00188067334927894,0.00263424259966408,0.00174160520720832
"2009-09-28",0.00507570209985265,0.00402113219740434,0.00307871723453894,0.00231819816886266,0.00381134702695748
"2009-09-29",0.000263548874566459,0.000159639146333233,0.000135364321924666,6.925637192757e-05,0.000405682477624205
"2009-09-30",0.000894844716912095,0.00136964364550608,0.0012437734938622,0.00147241995962755,0.0011926377406219
"2009-10-01",0.000435617280551498,0.000132850177669258,0.000130813360640751,8.43015184065668e-05,6.28089796522718e-05
"2009-10-02",0.000591501086413162,0.000231987200821905,0.000291948166117951,0.000213705269150803,6.68178759054861e-05
"2009-10-05",0.00210153685084624,0.00129168570265341,0.00105762369869318,0.000793601210626601,0.00044936078771985
"2009-10-06",0.00186858508998134,0.00101939359082365,0.000916467682462716,0.000744017043223936,0.000233870346080036
"2009-10-07",0.00242960261907466,0.00143733755567037,0.00136726136284512,0.00105740110987269,0.000275472611443453
"2009-10-08",0.00061853526284948,0.0002312985672964,0.000136563082843275,4.06263536983607e-05,5.6396598380833e-05
"2009-10-09",0.00400871986120101,0.00275694825893195,0.002586080628913,0.00214926790176432,0.00119175416612888
"2009-10-12",0.000987182660685121,0.000731426367280063,0.000639747794250315,0.000331091421905225,0.000148842923202371
"2009-10-13",0.00192392949108743,0.0015556108852796,0.00136245400278186,0.00104368178881667,0.000863711254035868
"2009-10-14",0.00122709293888888,0.000967363794898554,0.000836654885653739,0.000594153366059639,0.000758640571036636
"2009-10-15",0.00315430684048108,0.0026943219323261,0.00250886917717671,0.00208117186094055,0.00254490393675563
"2009-10-16",8.35541744196981e-05,0.000145627351938538,0.000239540541863213,0.000418545692503547,0.000274084050895106
"2009-10-19",0.0036947653277564,0.00488805178158546,0.00563259428990659,0.00623005301722166,0.00700138381791446
"2009-10-20",0.00148702526126344,0.00207478033958997,0.0022579241094802,0.00263337203768668,0.00315692510216125
"2009-10-21",0.00198244512848679,0.00264801384795176,0.00333817582898693,0.00385774822342512,0.00563859585068963
"2009-10-22",0.00102744479319595,0.00125575465676007,0.00143916400260503,0.00185350576188225,0.00329991606388616
"2009-10-23",0.001582995642274,0.0010424897185104,0.000909264058189514,0.000520803199139278,0.000189934486198991
"2009-10-26",3.79352540478263e-05,7.75501711207877e-05,0.000433218508473628,0.000936536700840357,0.000731650951096443
"2009-10-27",0.00175573770321992,0.0033937093203527,0.0042668996191533,0.00516113694141021,0.0051458759349594
"2009-10-28",0.00340226166334998,0.00577063948351704,0.00704350161900198,0.00789350904926368,0.00659650391817046
"2009-10-29",0.00466086590642244,0.00195589537736588,0.00136250324088586,0.00104069572199833,0.00207268413123963
"2009-10-30",0.0032838056551631,0.00565883223759906,0.00572497022134399,0.00680616202872187,0.00462135802649651
"2009-11-02",0.0118895853565157,0.0165190098446205,0.0162876602105222,0.0182650414241634,0.0162896152832491
"2009-11-03",0.000681952028740214,7.9654433763477e-05,3.34001607028728e-05,2.08395142182302e-05,2.3630589055398e-06
"2009-11-04",0.00407267785556324,0.00259820173220863,0.00263375289336846,0.00148223910257299,0.00165099568047879
"2009-11-05",0.0122060157374666,0.00990787966065002,0.0101265910282459,0.00862122129220465,0.00920637488410625
"2009-11-06",0.00634872426488979,0.0053475196343279,0.0056477808146267,0.00423114051919899,0.00448538074398379
"2009-11-09",0.0100805048875651,0.00936185867337702,0.0101645532789907,0.00878801471776968,0.00834572098613604
"2009-11-10",0.00162700107918197,0.00141573579449916,0.00136877044377104,0.00100209884638453,0.00139014162806227
"2009-11-11",0.000292623605616728,0.00020218084415022,0.000169373127103327,4.29486495257467e-05,0.000106529731281303
"2009-11-12",0.00041708434004605,0.00039959665042734,0.000345166456174291,0.000170408992165424,0.000582711903243203
"2009-11-13",0.000826447625117968,0.000775053773979435,0.000827204630046103,0.000600318800074254,0.00138878408066502
"2009-11-16",0.000787290576488691,0.000624837942589453,0.000558591603098142,0.000444994405271592,0.00117713279332356
"2009-11-17",0.000583395279758446,0.000470823398873551,0.000408995002131148,0.000153278118097787,0.000466191945340576
"2009-11-18",4.6374997001875e-07,5.87978764084e-06,5.34241142391755e-06,2.30794059174627e-05,1.66634066412207e-05
"2009-11-19",0.000416670478278238,0.000288965072514558,0.000343801501374735,0.00046843553998529,0.000194539305615603
"2009-11-20",0.000982051794335825,0.00119560128847172,0.00114773754340922,0.000852785171085733,0.000970397914073048
"2009-11-23",0.00136447035486009,0.00199069975616611,0.00186282081582098,0.00182634645074953,0.00188894947963349
"2009-11-24",0.000658690211475163,0.00143111696134134,0.00118179460978825,0.000864960407143024,0.00128049350870196
"2009-11-25",0.00362037594788022,0.00384601309798385,0.0032181851846284,0.0029006145786487,0.00428912083678139
"2009-11-27",0.00398094530722264,0.0037396742003843,0.00434020029406866,0.00519522482282202,0.00342534002651647
"2009-11-30",9.62949753004128e-05,1.06610029195192e-05,9.72188785400845e-05,0.000278805684084436,6.64101547592954e-05
"2009-12-01",0.000454969857184218,9.59520697318799e-05,5.12569604064095e-08,8.54435542999087e-05,1.51710351030866e-06
"2009-12-02",0.00072003030190967,0.00154239580781851,0.00202199255475386,0.00281895148724359,0.00243673005368664
"2009-12-03",0.000122960079691603,0.000423367404724948,0.000625718527863974,0.00107601492955943,0.000857057561689713
"2009-12-04",0.0079219770827082,0.00924502582934597,0.00950892639742627,0.0105235547991418,0.0101718744854762
"2009-12-07",0.000888311452948694,0.00118075934802156,0.00123652344236795,0.00154746223426169,0.00133772877347353
"2009-12-08",0.000139721664635284,0.00029411395131059,0.000215277800601447,0.000153409813973262,0.000415367270986097
"2009-12-09",0.00201720001348117,0.0027331892893367,0.00237864503426964,0.00207715297591661,0.00297880878461083
"2009-12-10",0.000448006494240722,0.000884377917097962,0.000703913775162369,0.000440437027958348,0.00124021541079155
"2009-12-11",0.0044350735360209,0.00599954562579358,0.00595829090875577,0.0053638665911072,0.00716417815307113
"2009-12-14",0.000262094026419618,0.000693812425370031,0.000481688303320658,0.000365736822431372,0.000849560104353452
"2009-12-15",0.00207761295144465,0.00290031095618206,0.00244274097360043,0.00202570907252233,0.00314294418491409
"2009-12-16",0.00168711430362005,0.00245573476354112,0.00178989236898752,0.00128941908932602,0.0023241520336304
"2009-12-17",0.00156467569717708,0.00171360805557803,0.00104250065963041,0.00083548625160573,0.0015959665605259
"2009-12-18",0.00111007850111192,0.00096601008884228,0.00072039992415734,0.000406248181249011,0.00102672561246576
"2009-12-21",8.81238134240965e-05,3.63608648165882e-05,4.9108734407403e-07,3.14925591644966e-05,2.75120762707263e-05
"2009-12-22",0.00171761450269357,0.00143882113794071,0.00108610002640573,0.000731663137472883,0.00113453930205788
"2009-12-23",0.00169694476376956,0.00153348800975421,0.00116176804172914,0.000715531244931823,0.00147175370298862
"2009-12-24",0.00062296082113798,0.000406407772970821,0.000759368370553236,0.00111416165345266,0.000438563229236462
"2009-12-28",1.12459971080675e-05,0.000182220476382092,6.23531934486222e-05,6.93225396431572e-06,0.000245020181723877
"2009-12-29",0.000102956419820928,0.000544842687431564,0.000257896223173119,0.000172486266761307,0.000746067338924805
"2009-12-30",0.000149030828947077,0.000759317506120396,0.000494119927775549,0.000361053316158527,0.00149830613036575
"2009-12-31",0.00175540741807794,0.00311854805586299,0.00265620122505667,0.00261985128218627,0.00473488247502828
"2010-01-04",0.000989947273423971,0.00202970322834786,0.00187260307906106,0.00165419714714358,0.00286207562266537
"2010-01-05",5.86500994073052e-05,0.000204251488080763,0.000211502773622306,0.000103792002048807,0.000324080893264952
"2010-01-06",0.00079227544625613,0.000609068141411706,0.000619294537904069,0.000852551092616196,0.000588953223912317
"2010-01-07",0.000574225647464863,0.000699555393102703,0.000872860553022365,0.00107352528967687,0.00115323664472793
"2010-01-08",7.71931992129483e-05,1.79508337993974e-06,8.62658523554015e-06,3.52937613559732e-05,0.00013292564486628
"2010-01-11",8.92506032990236e-06,0.000155286690617112,0.000267121139534978,0.000440204224947321,0.000462676294561153
"2010-01-12",0.000684800097995807,0.00143678395744958,0.00165936493542693,0.0020353359041201,0.00189974054982421
"2010-01-13",7.81899154642494e-06,0.000252452312541394,0.000297284914404558,0.000535355733826533,0.00063833609466776
"2010-01-14",0.00214866282482621,0.0012981329279147,0.000953495928864369,0.000650455107668791,0.000427382220249285
"2010-01-15",0.000173750131337211,0.000330046200379749,0.000424871179130131,0.00066072635228625,0.000416863151765573
"2010-01-19",0.000296284649817322,0.000220125725543599,0.000134622858198813,4.5472920923804e-05,5.9700101644547e-05
"2010-01-20",0.000449612425735778,0.000428886415510434,0.000677625065899604,0.000868979263118184,0.00110758986807015
"2010-01-21",0.00198489718220165,0.00243868930387295,0.00213248497596383,0.00242740089248207,0.00335094270495187
"2010-01-22",0.00553627324265469,0.00688251542401463,0.00657548896041928,0.00764408022349816,0.00913039315474496
"2010-01-25",0.000303459584649206,5.95746171320005e-05,8.93377340048839e-05,1.05231794955519e-05,1.15295901988311e-05
"2010-01-26",0.0238675965770704,0.0263770210368883,0.0251236586997945,0.0267173971609837,0.0294452403160361
"2010-01-27",0.0565022566231916,0.0586338370665973,0.0564767591682293,0.057064341126281,0.0643871080641455
"2010-01-28",0.00199651369995282,0.00196427023772899,0.00244414791627429,0.0028444478714962,0.000656103499358203
"2010-01-29",4.54548328236893e-06,7.8905440875172e-05,0.000286671985075505,0.000240129253267811,4.51835750849054e-05
"2010-02-01",0.00302681613576182,0.00264907956659882,0.00366113801811085,0.00340171007374847,0.00351936148200628
"2010-02-02",0.0212627200205789,0.0246653562878227,0.0294961165172003,0.0269948167025211,0.0269176816701748
"2010-02-03",0.0129526637707267,0.0140098305876294,0.0176170227028342,0.0153541243622397,0.0166741086619154
"2010-02-04",0.000898225398129403,0.000564060381039184,0.00119346307829683,0.000715915493680222,0.00279436772808322
"2010-02-05",0.00261300299423854,0.00347905425164826,0.00247923424615822,0.0033184928058717,0.000839422811866826
"2010-02-08",0.0027066644052979,0.00217536069501271,0.00251895765307189,0.00200738950095749,0.0046244648184947
"2010-02-09",0.000593487374278118,0.000237981923603604,0.00022051823043707,7.31742581879262e-05,0.00105148361184303
"2010-02-10",0.00554163863415271,0.00340963344410597,0.00279351297711549,0.00203825862543538,0.00574193128375824
"2010-02-11",0.00223654400739556,0.000876910252267712,0.000626515669831657,0.000280144723725914,0.00167110191919114
"2010-02-12",0.00155349543416353,0.00035069322646179,0.000175650645674392,2.20675761563813e-05,0.00112075101504609
"2010-02-16",0.00924997796620268,0.00606253885907998,0.00501553812826837,0.00387852617492627,0.00741747943507585
"2010-02-17",0.00169766316356841,0.000738843475815195,0.000696975961907306,0.000340219181013344,0.00221402401958856
"2010-02-18",0.0015917949453729,0.00100845261569148,0.00113213781278828,0.000753160513144759,0.00226683461062669
"2010-02-19",0.00189777429698293,0.00155863403523058,0.00154330507781277,0.0011259422318203,0.00364623083498023
"2010-02-22",1.63475454937886e-05,6.15401435299187e-06,8.01656787679369e-07,1.91715364876881e-05,0.000510939312262241
"2010-02-23",0.00266888657931959,0.00268576958481122,0.00295737468178675,0.00362739433057231,0.000858708189442911
"2010-02-24",1.6888967225514e-06,1.46628997523382e-05,4.32820667555389e-05,0.000175701348377931,4.60352287386071e-05
"2010-02-25",0.00246088130196614,0.00269984873288749,0.00299668412637603,0.00390050548175174,0.00195236249203081
"2010-02-26",0.000886064341129743,0.000706796126071521,0.000507396147882377,0.000196429193799829,0.00110939776738736
"2010-03-01",0.00248683965284778,0.00279039540880764,0.002406188176791,0.00165693550040128,0.0023909568824055
"2010-03-02",0.000827569772820141,0.001175305218157,0.00100274992773296,0.000538057959376546,0.000411314634134706
"2010-03-03",0.00123529334863179,0.0016755214499935,0.00135952014032967,0.000848942329079428,0.000705297826208524
"2010-03-04",0.000699426566825662,0.00106536623976512,0.000912889811328264,0.000553984099188302,0.000725801349158275
"2010-03-05",2.13099391621123e-05,0.000145663289297365,8.86497154938578e-05,9.51789736614039e-06,6.39780794938982e-06
"2010-03-08",0.00113828823125321,0.00171617266125796,0.00148466787060548,0.00103805511593207,0.00122649234634614
"2010-03-09",0.00134383022417111,0.000781964228406811,0.000967412163659443,0.0014112652309135,0.00108065906888773
"2010-03-10",7.46284888001078e-05,7.60144374233487e-06,2.30789650174564e-05,0.000125698168014689,6.50866182038444e-05
"2010-03-11",0.000524562233378531,0.000752548670281023,0.000639302567637203,0.000359305101808735,0.000562614688864603
"2010-03-12",6.23619500985406e-05,0.000184606926906669,7.50644859213109e-05,3.64476820839335e-06,2.45571493549535e-05
"2010-03-15",0.00208969091661088,0.00171546101196044,0.00216019658299032,0.00281502054902068,0.0020593523776399
"2010-03-16",0.00174588746984989,0.00205623229293135,0.00157033302471161,0.00111631754726265,0.00156763495446312
"2010-03-17",0.00194520303566188,0.00218389204153114,0.00154904244397225,0.00108870038404403,0.00179237831191576
"2010-03-18",5.34435743543174e-05,0.000141957545619263,2.00092118657391e-05,1.06438506968616e-06,8.28976842775576e-05
"2010-03-19",0.000334173842983489,0.000406890548812309,0.000205520442108781,8.45369554892411e-05,0.000588029681494598
"2010-03-22",0.000276506198069709,0.000320635701477389,1.00527290905535e-06,2.55839221786261e-05,1.4761198811844e-05
"2010-03-23",0.000237344227515412,0.000314866637171113,0.000639662673512676,0.000975460318376989,0.00031253194399339
"2010-03-24",0.000106307773768695,0.000126304547745035,0.000229124201344816,0.000426884195714948,5.38634055832073e-05
"2010-03-25",7.60353521197344e-05,3.46264063352568e-05,3.52397113051585e-09,5.06291870722865e-05,8.04163284336775e-06
"2010-03-26",0.000771271847257321,0.00101899775140839,0.00128917437756047,0.0018901119277416,0.00131424134283375
"2010-03-29",0.00342610384898035,0.00279464164768892,0.0030300062058007,0.00230694787473307,0.0032825892167957
"2010-03-30",0.000305211307524328,0.000244039682425127,0.000375865274139925,0.00016600626000714,0.000417669742045894
"2010-03-31",0.00120396840008059,0.000935453346856277,0.00103559596419363,0.00067437523786289,0.000936599986260711
"2010-04-01",2.23088001437387e-05,4.18860845497202e-06,1.59610403494898e-06,2.47290580670051e-05,4.93322048523239e-06
"2010-04-05",2.63273925762005e-05,0.000135914404055701,0.00018551815760586,0.000443978353147964,9.43569998212283e-05
"2010-04-06",0.00206885711093074,0.00165058918673049,0.00164370197915875,0.00109026335774665,0.00167012036998089
"2010-04-07",2.64764672703561e-05,1.94411079433573e-05,7.13811119081475e-06,2.85142195747573e-05,2.92630759554173e-05
"2010-04-08",0.000452359635515351,0.000622159213109473,0.000660005822480398,0.0011090735901163,0.000662064050645693
"2010-04-09",0.00426468856979021,0.00468316613900686,0.00430967199866919,0.00349983751801485,0.00446604114794555
"2010-04-12",0.00157814993775432,0.00200963767496729,0.00195759311098485,0.00148135459563396,0.00185087380846639
"2010-04-13",0.00179388146182743,0.00211194975259535,0.00215596061211453,0.0017472297822191,0.00202662967025806
"2010-04-14",0.00119825098068536,0.00134734775379209,0.00118167835211075,0.000845056742079097,0.000991140306316411
"2010-04-15",0.000867057206448666,0.000864725184010967,0.000777005481954435,0.000509137487443731,0.000937939646846483
"2010-04-16",0.0131468256267148,0.0140284243031141,0.0143540397785097,0.0153361929274006,0.0140988332942907
"2010-04-19",0.00365304873125753,0.00495249933330969,0.00619002310645436,0.00695574700673965,0.00668158107818667
"2010-04-20",0.000895672049792926,0.00177080430372207,0.00209935016618371,0.00252321325562709,0.00220595799390551
"2010-04-21",0.00133730951663156,0.00173932059816859,0.00196907613168232,0.0023409154193555,0.00270507593244006
"2010-04-22",0.000185193700707228,0.000174394451744069,0.000617804959022921,0.000939611646636479,0.00339423092318936
"2010-04-23",0.00094349261900949,0.00105064681705696,0.000102487854442185,3.46749398767112e-06,0.000311424770259605
"2010-04-26",0.00335019843372864,0.00322258957429175,0.00238515137257391,0.00167263959243522,0.000805081526562399
"2010-04-27",0.0041887571183759,0.00323060138096957,0.00427779217575367,0.00506452008607857,0.00755223051987118
"2010-04-28",0.00926826287659317,0.00921940099738296,0.0112781609329761,0.0126575135374212,0.0182238965560304
"2010-04-29",0.0055634350862899,0.00557717336503027,0.00468172101218356,0.0038601406932653,0.00329693661757192
"2010-04-30",0.00152416796860151,0.000928248050408609,0.000829607369337036,0.00112043624240012,0.00155366423810648
"2010-05-03",0.00373023207254286,0.00508652806354465,0.00534615227532349,0.00467685694991622,0.00355400420240684
"2010-05-04",0.000725530543758239,0.000236558429525191,0.000163710471636474,0.000337707453832099,0.000606510665967808
"2010-05-05",0.0107914421019602,0.0101320908141188,0.0101939607084528,0.0116635077721387,0.0122514584298957
"2010-05-06",2.33966626653077,2.35447365840464,2.34892932303356,2.37209710935644,2.37002910971803
"2010-05-07",0.00212583719492242,3.62335926593122e-06,6.15317419850543e-05,0.000771922782986505,0.00323676385135076
"2010-05-10",0.134779720816696,0.144377732821891,0.144239559007286,0.129963800363684,0.101179802214356
"2010-05-11",0.0824681120896397,0.0972352399854457,0.0862361796875862,0.0692551555977807,0.0572019739753494
"2010-05-12",0.143697874313192,0.162663170653869,0.169691411803864,0.144801582472786,0.132543784770967
"2010-05-13",0.0925709929756809,0.104004961758646,0.11209087325817,0.0906615163645383,0.0878404698699733
"2010-05-14",0.00339130928425673,0.00572246641849369,0.00509639729114779,0.00287684051251576,0.00351921270091337
"2010-05-17",0.00268805373103795,0.00083508474716006,0.00109887443919032,0.00204867613764839,0.000439211570620541
"2010-05-18",9.89274562273934e-06,0.000507967869485834,0.000870176351082479,0.000550695314501912,0.00155135098590962
"2010-05-19",0.0140025391786007,0.00899681406898202,0.00779327431206923,0.00878151113709305,0.00660150671444688
"2010-05-20",0.00901396508466451,0.0058084532225308,0.00541078073612859,0.00659897125141836,0.00574450776027981
"2010-05-21",0.00663480827498875,0.00499005153168695,0.00417058203023259,0.00548743716193661,0.00904690041849724
"2010-05-24",0.0138623514990683,0.0158430956214912,0.0156070809526452,0.0131166732953414,0.00808950060643227
"2010-05-25",0.0035303998423022,0.00224562572088695,0.00200215192734065,0.00291984818617129,0.00511402923968679
"2010-05-26",0.00724206953220934,0.00901632812094437,0.00992865078523622,0.00794501370839139,0.00303368398744519
"2010-05-27",0.0277010475804688,0.0325425451978389,0.0325667377990684,0.0289888250982673,0.021413970585779
"2010-05-28",0.000177845435477881,0.00131982786707355,0.00134133808381429,0.000841773655749348,0.000247855424282212
"2010-06-01",0.00119162646811586,0.00339709429941795,0.00372024783988398,0.0027740554093677,0.00174337837048288
"2010-06-02",0.00462180476783551,0.00860549445789398,0.00901571233020718,0.00755522792761183,0.00537654264845206
"2010-06-03",0.00221894466567582,0.0056040354708837,0.0038930445513797,0.00313949377263315,0.00417851303783167
"2010-06-04",1.54576824508993e-05,0.00138513447882732,0.000937820783193214,0.000750043566551894,0.00130993833120829
"2010-06-07",0.00557504653405802,0.00186827974689687,0.00241419987994208,0.00292068429630287,0.00157923924620132
"2010-06-08",0.00811779740879545,0.00334074270778452,0.00347836551392834,0.00395717477026184,0.00185147758035221
"2010-06-09",0.000322448840632157,7.06809592986496e-08,3.3903243799431e-05,1.75712621734164e-05,8.57873853403702e-05
"2010-06-10",0.000251824622038606,0.000987123443627679,0.00169082699757702,0.000980320453321366,0.00131116183778913
"2010-06-11",0.00545446006617526,0.00839756927597233,0.00935902078321868,0.00745463907086334,0.0102406350062165
"2010-06-14",0.00653432318739763,0.0107240878184829,0.0122501404867938,0.01036253319767,0.00901766990734164
"2010-06-15",0.0139974360916116,0.019375732334487,0.0217423430020172,0.0191870851669767,0.0227730599723441
"2010-06-16",0.00390029260501382,0.00805782096389135,0.00919012807275426,0.00827024830250648,0.0118027266703556
"2010-06-17",0.000386404632919621,0.00217120449617421,0.00295283709782806,0.00265013887020195,0.00475913908836203
"2010-06-18",0.00587267362316249,0.0101429449074118,0.0110350208332068,0.010554404345473,0.0116560121559784
"2010-06-21",0.0017317532676997,0.000250892334469372,0.000288494774246233,0.000292457891541542,4.48039135299586e-06
"2010-06-22",0.0010381574388019,6.16791401764796e-05,0.000382231340169919,0.00049318199072646,9.44582486912443e-05
"2010-06-23",0.00612364850862008,0.00303550098818543,0.0028860191098718,0.00326680340416937,0.00133208027670999
"2010-06-24",8.67354713111884e-05,6.17409881503926e-05,0.000149783554846795,1.88974088740148e-05,0.00053569157643226
"2010-06-25",0.000291401805549606,1.35051417238496e-08,1.30851331501579e-06,8.37607530792845e-05,0.00017139252387589
"2010-06-28",3.57113608936628e-07,0.00015390388599449,0.000209736589044914,2.51990465323091e-05,0.000170844657973179
"2010-06-29",0.012920700214559,0.0105358138676622,0.00956125247343803,0.011211622437633,0.00953283694373349
"2010-06-30",0.00100707631413177,0.00150765386196624,0.00189204342111953,0.0010760496120943,0.00149120607792754
"2010-07-01",0.0150455397070403,0.0131819148506205,0.0111639243227229,0.0138157849197782,0.00974470145020744
"2010-07-02",0.00271571323615415,0.00303771068217891,0.00326296400629375,0.00159455872378015,0.0027632821134764
"2010-07-06",0.00125235080827728,0.00181084243556798,0.00248038471889284,0.00111239156706903,0.00312306116737909
"2010-07-07",0.0121476029627384,0.0134922993094485,0.0146842246189644,0.0110909133895691,0.0153346761222378
"2010-07-08",0.000470152019141019,0.000826639044917729,0.000773622363748236,0.000214750799568017,0.000704269606522175
"2010-07-09",0.00460413657449987,0.00612594116531364,0.00679437017452276,0.00544284773189104,0.0062468361655477
"2010-07-12",0.000143531023877009,0.000662602432457409,0.00101032480362568,0.0007773981884487,0.00171126412804657
"2010-07-13",0.00932215280258427,0.00654907865041837,0.00479217032581665,0.00501595310314982,0.0028609225184271
"2010-07-14",3.34554437700336e-08,0.000317585471140879,0.000789840759605946,0.000644428106792753,0.00154807864961341
"2010-07-15",2.10322703564986e-05,0.000438136386771481,0.000815719393026413,0.00062710711620835,0.0015372641276522
"2010-07-16",0.00321850301765421,0.000845871779269643,0.000351237887153083,0.000476390491919602,0.000877068228134998
"2010-07-19",0.000275402254788199,8.95977969792412e-05,0.000238372211933658,7.20231313429598e-05,0.000224286196175746
"2010-07-20",0.000749090673305664,0.00306756126472522,0.00398077202660096,0.00328806319601008,0.00413208062495142
"2010-07-21",0.00384613583306786,0.00126617577224415,0.00134270302188573,0.00179038882904309,0.00223058339109574
"2010-07-22",0.00801762411380772,0.0128252012057752,0.0136990279243343,0.0122142751921579,0.00994796604414223
"2010-07-23",0.00296672595309826,0.00642635666935464,0.00616605434604736,0.00529475629154375,0.00651326717896665
"2010-07-26",0.0102710658081987,0.0143693506957609,0.0131548747515516,0.0119742141113708,0.0162372305063055
"2010-07-27",0.00183252041538013,0.00332303882228372,0.00337576892351224,0.003052741360918,0.00511245534851145
"2010-07-28",0.000686883567475956,0.00137322056539404,0.00131737824763323,0.00125270448362512,0.00181061037762777
"2010-07-29",0.000218689276518452,1.89990994056999e-05,1.52122204199735e-05,6.80755187076696e-06,0.000103756630519954
"2010-07-30",2.58143897903668e-05,1.20521871445601e-05,1.62203871627187e-06,2.78390669669655e-06,1.71414819447107e-05
"2010-08-02",0.00699555486438835,0.00994320181458651,0.00783177512218148,0.00701158253339477,0.00509401930399296
"2010-08-03",0.000946258335766851,0.00215285480954022,0.00232212150377923,0.00194057283504882,0.00183106499515565
"2010-08-04",0.000177708665022063,0.000813538113097539,0.000742146191915452,0.0004354907396413,0.000202062119078015
"2010-08-05",0.0041319156914569,0.0061158026143075,0.00683538678909817,0.00675919988971537,0.00913741308610006
"2010-08-06",1.66191194325881e-05,0.000401593646903385,0.000656209906863535,0.000815168663036775,0.00136954565762466
"2010-08-09",0.00329278504217872,0.00462106120426081,0.00489530581761879,0.00506052863175027,0.00504912814452881
"2010-08-10",0.000691163098134131,9.41149690286893e-05,5.01525389902418e-05,2.27260131925635e-06,5.92607577186285e-05
"2010-08-11",6.78312835552753e-09,8.30907933552996e-05,0.000156130365062801,0.000214390248634482,0.000375516302184418
"2010-08-12",0.000347805303672672,0.000206104405843446,6.14614483594007e-05,0.000177295845488186,3.61167631047616e-05
"2010-08-13",0.00229534940925233,0.00264806005738728,0.00230309244703782,0.00134242888742937,0.00178128804136499
"2010-08-16",0.000168351152894802,0.000428937912774532,0.000691553363236818,0.00032937873758809,0.000575020782267025
"2010-08-17",0.00227244574832645,0.00240208156032446,0.0028764212606666,0.00157879026707455,0.0016529095558697
"2010-08-18",0.000528994998575671,0.000631102874602984,0.00110722823277393,0.000351759328102646,0.000341175323924515
"2010-08-19",4.66666352889762e-06,3.09825803547289e-05,8.07722729536611e-05,1.67608071530422e-05,5.7277188850923e-05
"2010-08-20",0.00238298868844901,0.00225327447346317,0.00233368578344103,0.00110980006287395,0.00120053263405079
"2010-08-23",0.00044304850953052,0.000604440942821239,0.000342024007146273,0.00110026311063665,0.000657091644673807
"2010-08-24",0.00448210682877597,0.00475701724810475,0.00385755153580354,0.00563733291635575,0.00430852719437839
"2010-08-25",0.00153095337167083,0.00193012302614917,0.00169871650873216,0.00318541701190939,0.00218794687340192
"2010-08-26",6.43648420939803e-06,5.79418234132133e-05,3.16582036713263e-05,0.000526626328750721,0.000327373653532375
"2010-08-27",0.00439824932419902,0.0047851742694181,0.00441677955199728,0.00683173994749914,0.00686535695179161
"2010-08-30",0.00412245815440903,0.00345557448789432,0.00362342874224427,0.00135952336567165,0.000495191378228545
"2010-08-31",0.000252967563552984,0.000349120015519163,0.000115064511424779,0.000990491879673587,0.00140446843991034
"2010-09-01",0.00458577488261192,0.0041123243839831,0.00479589941888435,0.00228455928283689,0.000714081836470711
"2010-09-02",0.00337179000908258,0.00296264177021397,0.00370938211866059,0.00166870386245726,0.000942401688433763
"2010-09-03",0.00240697144367423,0.00200515197492329,0.00281546640033029,0.00118984965044229,0.00138909374352795
"2010-09-07",0.000347467824129374,0.000146091082051127,0.000636451652257167,8.39083958669068e-05,0.000678190063921207
"2010-09-08",0.000107311518428947,8.14008383927429e-07,0.000144335322855408,1.97130877654729e-05,0.000219162299272968
"2010-09-09",0.000597431375458932,0.000257193806496052,0.000750334585492875,0.000166539534715408,0.00161088272260092
"2010-09-10",0.000163997336368369,8.6178999577981e-05,0.000473731246353749,0.000125610836664898,0.00128817565611623
"2010-09-13",0.0027280278705216,0.00253003796319994,0.00356742356406115,0.00246829093440945,0.0048904325575015
"2010-09-14",0.000151029731920442,0.000235678381813126,0.000525884733381396,0.000249774637210072,0.00150237909923897
"2010-09-15",0.00127539022374613,0.0014374225205387,0.0016723697098288,0.00104545028349215,0.00160887585719156
"2010-09-16",0.000246346530581089,0.000330843175095746,0.000582000470822537,0.000290578073043755,0.000298115488536841
"2010-09-17",3.98161835974795e-05,3.16260663852308e-05,1.98366557306465e-05,4.26845507483192e-06,1.61220558456655e-05
"2010-09-20",3.51239320781708e-05,4.15297297007174e-05,0.000220245517967463,0.000103512432178637,8.0735579276273e-06
"2010-09-21",0.00271415912048715,0.0025532128172651,0.00206443049307304,0.00254541399921514,0.00251230339126812
"2010-09-22",0.000181566928237994,0.000188698789806101,5.25124368396479e-05,0.000154679498342256,5.43422694972045e-05
"2010-09-23",0.000221850253688538,0.000229797221857752,0.000166415346878679,0.000330943792078751,0.000107841851825439
"2010-09-24",0.000641602741572624,0.000537020065880205,0.00101525986196263,0.000623501447058908,0.0014296263295314
"2010-09-27",0.000275665897617975,0.000199337522890858,3.48875402531231e-05,4.84448599806518e-05,0.000111890264520644
"2010-09-28",0.121774412999241,0.124624571513819,0.11518290049785,0.12349051291852,0.106626400576608
"2010-09-29",0.0176170608601858,0.0151016071271552,0.0124998780800086,0.00923124320249467,0.0134887400933162
"2010-09-30",0.00117215922461652,0.000965097092817528,0.00202140605609905,0.00375499239218786,0.00273167724944224
"2010-10-01",0.0008404717260702,0.001106521355679,0.000885159753729779,0.000242397096827379,0.000234622757420016
"2010-10-04",0.000913786459825113,0.0010805470860338,0.000936832876087916,0.000387938986169317,0.000763179912471252
"2010-10-05",0.0085458144049155,0.00935066949875439,0.0104695352903447,0.00824462158849815,0.0028219755305433
"2010-10-06",0.0015594940640966,0.00199654691253926,0.0019360365474435,0.00113448616075056,0.000774905267153249
"2010-10-07",0.000345052044965227,0.000302561751503266,0.000345776864520865,0.000618154508917284,0.000769284287432329
"2010-10-08",0.000295692091324975,0.000216340497696767,0.000231447250203869,0.000391785805304422,0.000377731925833831
"2010-10-11",0.00257916674068505,0.00244805840158943,0.00248754942202785,0.00256151321271635,0.00208088580439561
"2010-10-12",0.000355441100840769,0.000490309251829585,0.000481306602426246,0.000331609422238874,2.38109760420496e-05
"2010-10-13",0.00425822347126785,0.0039282488141738,0.00376282630921624,0.00398364649551718,0.00390911911889826
"2010-10-14",0.00235335090390197,0.00257665218181354,0.00242254318487086,0.00226242180116665,0.00263463827710665
"2010-10-15",0.000156520022149062,7.14659875948067e-05,7.83499352998442e-05,8.35202891745123e-05,5.05707680562426e-07
"2010-10-18",7.84953195832458e-06,8.18181790502914e-05,7.34691755345565e-05,5.46107368012832e-05,0.000101188611563652
"2010-10-19",0.0293309352466736,0.0320841189348698,0.032768852708118,0.0322495038394058,0.0298648222391937
"2010-10-20",0.000626984652717812,0.000310227665498303,0.000262596127675869,0.000330316833312896,0.000696308122995128
"2010-10-21",4.32365769986902e-05,2.06957429024441e-05,1.04877139291465e-05,6.27770560204804e-06,3.4941219454252e-06
"2010-10-22",0.00354835599114736,0.00345465099820632,0.00364570061866465,0.0030483160728125,0.0034803010038281
"2010-10-25",0.00229756324014872,0.0035787425500261,0.00394293940627433,0.00347898228580133,0.0061083685342481
"2010-10-26",0.000949962354121094,0.000933100147002639,0.00095481342024933,0.000684048050941315,0.00158183905218545
"2010-10-27",9.27673520439353e-06,3.64553949084153e-07,1.09217914541986e-05,0.000185602980702824,3.9381362444776e-11
"2010-10-28",1.58445259619441e-06,1.52047586143241e-06,5.28550196403531e-07,1.61436761285848e-05,0.000119419811248515
"2010-10-29",0.00193429143406751,0.00190606300947611,0.00184878589633735,0.00154652171236947,0.00258423727379258
"2010-11-01",1.22153375321235e-05,4.32975892979581e-06,1.10889648609719e-05,2.96464052576154e-06,4.2852247429518e-05
"2010-11-02",0.00127378311741394,0.00122801022170463,0.00122181616976861,0.000818397348153083,0.00103809186296703
"2010-11-03",0.00179501683661748,0.00186621621877299,0.00181909580027897,0.00215873777500784,0.00268844271193765
"2010-11-04",0.00285711611470867,0.00354800740060486,0.00321353371640261,0.00194601741271375,0.00183290908797466
"2010-11-05",0.000648892089570039,0.000640563724159353,0.000416510913847199,0.000171200266674909,0.000199735392260673
"2010-11-08",0.00187026610054325,0.00191080923527461,0.0017452441535901,0.00132041363161376,0.00119904102454945
"2010-11-09",7.20895409136333e-05,7.92413065083702e-05,9.63040554317783e-05,0.000121585212830177,0.0001236551324
"2010-11-10",5.26675231081888e-06,9.91141370114758e-06,2.22736856747626e-05,2.40030766077143e-05,1.81181134294214e-05
"2010-11-11",0.000113188294952478,0.000152326818101606,0.000140150894198988,0.000172915520006683,0.000124367872918422
"2010-11-12",0.00828625087731945,0.00798993492546449,0.00802429596797793,0.00797476803406483,0.00827386024161933
"2010-11-15",0.000188103906920737,0.000162920841161332,0.000165516233058276,0.000285831521101491,9.97736427350929e-05
"2010-11-16",0.000351533494227889,0.000456300598890129,0.000441756620611911,0.000348528937803294,0.000514770165368763
"2010-11-17",4.47049305275421e-05,1.52807039143002e-05,1.06694800689751e-05,4.92064085189242e-05,4.81936766712392e-06
"2010-11-18",0.00561478235524823,0.00620403071740339,0.00594340088377782,0.00485628234788454,0.00539082106837756
"2010-11-19",0.000427607782181179,0.000389152917657257,0.000167472000131031,3.05160514160707e-05,1.92634973536684e-05
"2010-11-22",3.67921184114795e-05,5.44204962190627e-05,0.000152617583201403,0.000544356503054906,0.000534231248398494
"2010-11-23",7.00617957891101e-05,6.24970545146775e-05,0.000129593715621702,0.000500800022307378,0.000588950023600561
"2010-11-24",0.00583865341657637,0.00674863862956392,0.0065751066521882,0.00463396681261775,0.00453885355332478
"2010-11-26",8.25726600389698e-07,1.13427837450172e-07,4.06058279414004e-07,2.39105293990401e-05,0.000143378285586927
"2010-11-29",0.00061899201559517,0.000469713294358109,0.000428446599486218,0.000571390928514588,0.00121623931810206
"2010-11-30",0.000191016607806499,0.000238728467402842,0.000117951440661837,0.000103446920542185,1.71202592290985e-05
"2010-12-01",0.00367585614119615,0.0041151096310925,0.00380714994398857,0.00320637621026245,0.00250260187144326
"2010-12-02",7.15868061480082e-05,0.000147140470585964,5.99779311350019e-05,1.76023331479968e-06,1.72314384863686e-06
"2010-12-03",0.00169171771595303,0.00201744535452021,0.00185593702655153,0.00117787359151318,0.00111911766561256
"2010-12-06",0.000107661031928638,0.000135505346096185,0.000131138877044334,6.02827796993254e-05,5.19055914179254e-05
"2010-12-07",0.000304196117181811,0.000290746322804248,0.000273217571121164,5.24216110648505e-05,4.76847834306604e-05
"2010-12-08",0.000259765308422825,0.000277472320278962,0.000237529972774557,5.91486650016292e-05,8.8809088608123e-05
"2010-12-09",0.000815137610356403,0.000815437246699143,0.000739246695331907,0.000386779870089525,0.000348020677032674
"2010-12-10",0.00326838153731411,0.00344893178819794,0.00312216213205592,0.00272882003714715,0.00273442989136924
"2010-12-13",0.000626965263610583,0.000737783548066874,0.000472485378962345,9.5371795809951e-05,0.000135755222099689
"2010-12-14",1.89857135784798e-05,1.756289502609e-05,1.93847953987649e-06,1.56001057807486e-06,2.02310413163985e-06
"2010-12-15",0.000362731299893563,0.000307847526359007,0.000129663801210115,1.22642632976927e-05,5.02744647680614e-05
"2010-12-16",0.00166465700482168,0.00265624840872369,0.0028286807361504,0.00135199402221668,0.00239302638927004
"2010-12-17",0.00422958922161635,0.00474110519348927,0.00506356577603551,0.00502588042747803,0.00596927178434962
"2010-12-20",2.14316686109297e-05,2.62803578315663e-06,1.32207280977324e-05,3.72189753127957e-05,0.000202140914873444
"2010-12-21",0.0025643087367449,0.00280973357429275,0.00355360765469652,0.0055524627259342,0.00659109942293239
"2010-12-22",0.00170302254259242,0.00191837280199238,0.00218262603627766,0.00245340490362323,0.00343696425571201
"2010-12-23",0.00157759074739346,0.00174278145004171,0.00187703841870602,0.00266804770397611,0.00354020000014836
"2010-12-27",0.000202771314421381,0.000271468213352794,0.000299987547777005,0.000649905309844319,0.00109299893695025
"2010-12-28",0.00145628731637453,0.00162515735737833,0.00158647047726184,0.00209741076091828,0.00328535192165698
"2010-12-29",0.00253894579670663,0.00272785631061083,0.00271415286898846,0.00306904217581887,0.00455818186767053
"2010-12-30",0.00023289574788086,0.000244680306849991,0.00025297516096014,0.000361779057370838,0.00105529373951736
"2010-12-31",0.00026431698297804,0.000338141509489682,0.000368278928357088,0.000327937400901941,0.00127090746028922
"2011-01-03",7.2659553683847e-05,5.28106235902982e-05,5.55960855736913e-05,8.59731054665051e-05,5.14354853149962e-05
"2011-01-04",1.47352534981135e-05,4.71257355091325e-06,1.45788872141611e-05,3.2647973391775e-06,0.000133024672354878
"2011-01-05",0.000410910401977334,0.000523573731463444,0.000411316759963671,0.000468677309197502,0.00126038566668547
"2011-01-06",0.000361982321515883,0.000541985432906654,0.00054396305104173,0.000642618685973008,0.00154789788375574
"2011-01-07",0.000888113446478434,0.000621618390698428,0.000554585697835061,0.000348099005425737,5.97547888086091e-05
"2011-01-10",0.000135728847822806,0.000310418727990672,0.00040112919059818,0.00054202546670375,0.000912457758346203
"2011-01-11",0.000456922930798021,0.000146167348405361,0.000124593572202972,7.86835235301164e-05,1.1025516838353e-06
"2011-01-12",0.00167114469025036,0.00225349634900064,0.00217625507680579,0.00251553255360936,0.00350865808588973
"2011-01-13",0.000728256329691893,0.00103719478595865,0.000986371040503341,0.00142132875658391,0.0020037878476521
"2011-01-14",0.000700867132749973,0.000891119726306243,0.000792013214938132,0.00109927570287776,0.00144608970316112
"2011-01-18",0.0323396157625848,0.0317525941158812,0.0317097231031558,0.029039169620201,0.028269094274298
"2011-01-19",0.00157323235258079,0.0018980460318829,0.00170074872946767,0.00120932447862859,0.00104175350510221
"2011-01-20",0.000515489274422544,0.000749685671397938,0.000746375017744881,0.000112531986105426,0.00017385441109522
"2011-01-21",0.000101593674457298,4.65121393652735e-05,3.72827539314412e-05,0.00024967950731382,0.000242222503669308
"2011-01-24",0.000301636865402645,0.000526717099790494,0.000678713841736117,0.000197410953762155,8.4571548986321e-05
"2011-01-25",3.07619732134675e-05,5.07706393704691e-08,3.00354425320705e-06,2.3645140779978e-05,5.02564135805992e-05
"2011-01-26",9.56747524545175e-05,6.53688117751521e-05,2.7909622365793e-05,0.00034943564596047,0.000699787800158956
"2011-01-27",0.00217790385616146,0.00218559441002308,0.00216856991759163,0.00230972732861265,0.00155466466422754
"2011-01-28",0.00613175755240774,0.00631063289895037,0.00602482284453809,0.00527066218899609,0.00493574354935177
"2011-01-31",0.00084854422513685,0.000659005172549289,0.000567740978217951,0.00100968015712405,0.000468729044299365
"2011-02-01",0.00593756524267366,0.00643227485148835,0.00670650537908858,0.00592135485576256,0.00652292044761519
"2011-02-02",0.000559388143751096,0.000742806783058604,0.000702224925745154,0.000636796198673532,0.000922621351892738
"2011-02-03",0.00014735576499672,6.74677004363835e-05,0.000103000882732042,0.000161502753681814,5.55593078657106e-05
"2011-02-04",0.00231677310357223,0.00260126264324317,0.00241806491891089,0.00228424450759884,0.00278862861073643
"2011-02-07",0.00129627044692241,0.00121370812873624,0.00113971676723625,0.00159897539081869,0.00205348596338817
"2011-02-08",0.00144918556974664,0.00155254968862652,0.00147841466756153,0.00215546876722029,0.00278091493941666
"2011-02-09",0.000120726928413742,6.58432477535187e-05,4.72841656091649e-05,0.000598282486294356,0.000935465214005132
"2011-02-10",0.0105145973225421,0.011107807663526,0.0115467523468854,0.00772817458527666,0.00635175753025698
"2011-02-11",0.00581161499729733,0.00538961934448799,0.00515121851357561,0.00790923109905397,0.00967083228600633
"2011-02-14",0.00430092517093359,0.00395394458011259,0.00374762920464367,0.0054515464824029,0.00608379826610787
"2011-02-15",0.00055277645056073,0.000367449212979296,0.000360385566098051,0.00173731608864366,0.00183776221475181
"2011-02-16",0.000271526698875359,0.000194749383002792,0.000195158213380704,0.00116247578469344,0.00155700501137423
"2011-02-17",5.96154024628939e-05,3.82368947853361e-05,3.01874991834573e-05,0.000222982170306239,0.000441175684952025
"2011-02-18",0.000483382162746339,0.000562899772892494,0.000457869272241206,9.54202199190626e-05,3.36692646189976e-06
"2011-02-22",0.0147248482267293,0.015573084362844,0.0149938722672982,0.0121205190862931,0.00963383387763727
"2011-02-23",2.80907203145669e-06,3.74223138082717e-06,1.57573114117719e-06,0.000103513931520905,0.000263681898463863
"2011-02-24",0.00144761958854085,0.00157326218465171,0.00155971488747797,0.00137946456060402,0.00103573120119445
"2011-02-25",0.00751485201290247,0.00736801865816868,0.00687944936687898,0.00765637926988368,0.00769814716057686
"2011-02-28",0.000505276567947052,0.000555138332631209,0.00034913407483013,0.000916224447947328,0.000729188130387595
"2011-03-01",0.00355828514473005,0.00329749133350698,0.00400207985588254,0.00301559742665403,0.0025318005627507
"2011-03-02",0.00230985406396328,0.00196179640250236,0.00252421347959279,0.00222832139082772,0.00165187775994845
"2011-03-03",0.00841069344196044,0.00906254567181942,0.00811166157455435,0.00923754568655411,0.0100696177155712
"2011-03-04",0.00035175326450239,0.000467473618483014,0.000273219352528973,0.000359254791546308,0.000538012335824963
"2011-03-07",0.0019143045682301,0.00166805074168549,0.00203510537772006,0.00151776113530133,0.00134061426046849
"2011-03-08",0.000768354586384739,0.00094856871241887,0.000705504284029736,0.0010055477835271,0.00118284796247553
"2011-03-09",0.000375323736675574,0.00027255408062174,0.000447607927905909,0.000340620659199347,0.000238371544222543
"2011-03-10",4.07165221715116e-05,4.94024226258555e-06,4.64686851466828e-05,8.04688484810579e-05,6.24841766045702e-06
"2011-03-11",8.62300786480804e-05,0.000257060083471443,5.32861282103483e-05,7.92624499237749e-06,2.12136815604532e-05
"2011-03-14",0.000405489858023476,0.000552932488241378,0.00026885710838403,0.000118953033269921,9.24136951998263e-05
"2011-03-15",0.00387912095646345,0.00342174368037977,0.00408206422657282,0.00606524892773667,0.00546716410997072
"2011-03-16",0.0166264250541983,0.0152520751616624,0.0168735917263033,0.0222635095413844,0.0210218672991075
"2011-03-17",0.00515221960756439,0.00630227605531398,0.00519688162122603,0.00200596557174855,0.00186766255138379
"2011-03-18",0.000883902067399716,0.000682690217223293,0.00103040400341223,0.00374924271471937,0.00374856847254643
"2011-03-21",0.00583724210391143,0.00608861396480076,0.00536570623438196,0.00257954609559931,0.00329567352212365
"2011-03-22",0.00106667720345778,0.000951246497940954,0.000688179391909949,4.43423214521844e-05,4.96007865453567e-05
"2011-03-23",0.00059489009008172,0.000500169088368765,0.000276519864800934,2.76825350899886e-05,1.90189840854855e-06
"2011-03-24",0.000618053357180648,0.000501065667365374,0.00027186114266667,0.000161138112485673,0.000152142167261528
"2011-03-25",0.0028221631910678,0.00220341366182068,0.00169291081397164,0.000310740170795689,0.00055693750288209
"2011-03-28",0.000563703502868082,0.00030334018426952,0.000166190270502069,6.17034527525346e-05,1.62033830805908e-05
"2011-03-29",0.000141481750382945,7.42175383970392e-05,8.88011203189793e-06,0.000407541750132889,0.000193054971711388
"2011-03-30",0.00251557450251646,0.00208900385727729,0.00157253822395673,0.000659183739286366,0.00108150080706661
"2011-03-31",0.000351021226262692,0.000181123467892793,5.00280864028642e-05,6.15950964282758e-05,3.89632546593914e-06
"2011-04-01",0.000140540251285503,2.91212857661399e-05,3.83757987140398e-07,2.62239389705759e-05,6.53398928869293e-07
"2011-04-04",3.15879319453233e-05,0.00015686224301105,0.000201508027298386,0.000818836207100103,0.000504058805345789
"2011-04-05",0.000138315099178048,0.000274479067343289,0.000316673613901377,0.00118612245547224,0.000950352872121596
"2011-04-06",8.64565058137542e-05,1.19127692102869e-05,1.20347849490381e-05,0.000199049795679471,0.000136623245186583
"2011-04-07",2.02738214672438e-05,1.2698230264331e-06,3.08962696987129e-07,0.000235439865754789,0.00021454384825287
"2011-04-08",0.000381434374448682,0.000258561144422093,0.000242962526362189,1.40737794098022e-05,0.000108087049643374
"2011-04-11",7.37260051772096e-05,2.98308575528725e-05,2.62711588627542e-05,5.17544473778076e-06,8.70289182904979e-06
"2011-04-12",2.20107491820559e-05,4.70090026692643e-05,3.2742869422113e-05,0.000220148474117924,5.19334288531873e-05
"2011-04-13",0.000688234907652383,0.000614946286291464,0.000628194390779057,0.000269657956275615,0.000688114344018668
"2011-04-14",0.000561445264700629,0.00056724959769754,0.000640151633348183,0.000578359284345352,0.000827200406666862
"2011-04-15",0.00082885677617074,0.000979530930103876,0.00109192694344574,0.000864729220828959,0.000925475377546072
"2011-04-18",0.0202109979582337,0.0190993294455164,0.0179231389995028,0.0189198905912892,0.0180686963696157
"2011-04-19",0.0075498305859095,0.00823746442746629,0.00884163024099706,0.00806654262281963,0.00825613787620089
"2011-04-20",0.0015451919855214,0.00191196081720928,0.00217016835629805,0.00242574639097421,0.0030843643934483
"2011-04-21",0.000303758977655834,0.000140364204133083,0.000103246047179461,4.9484669284249e-05,2.32038394767145e-05
"2011-04-25",0.00285847632647303,0.00425658816826393,0.00439075388320719,0.0036196251408376,0.0083854210767218
"2011-04-26",2.86280129543215e-06,7.08492533900652e-05,0.000229961400731876,4.85096910669435e-05,0.000289779095268468
"2011-04-27",0.000112286986875555,0.000348960609602426,0.000716472045984469,0.000203911050547388,0.000400379390904406
"2011-04-28",0.000768481487526335,0.00121354835253971,0.0020210371660009,0.00124732320619353,0.000130730111340081
"2011-04-29",0.000156957209073786,0.000327655025762485,0.000864852720335707,0.000738633275846043,0.0007957299591814
"2011-05-02",3.27899970458059e-05,1.98824707081864e-05,5.72034062114184e-05,3.60513859090566e-05,4.9208855424237e-05
"2011-05-03",0.000802465548483773,0.000913448941517913,0.00177957826377023,0.0014862160889906,0.00201860921495202
"2011-05-04",0.00300778885630465,0.00280373837238723,0.00182362945651734,0.00250593682463511,0.00207186819309589
"2011-05-05",0.00010925995431033,0.000147393859031419,0.000461296265422189,0.000228992055214735,0.000477554972588723
"2011-05-06",0.000786956603029784,0.00116791840937998,0.00174207792960082,0.000758273225264926,0.000928433681287223
"2011-05-09",0.00208057585059092,0.00288847640212621,0.00326567087669845,0.00178870150840999,0.00212814654996835
"2011-05-10",0.00105927386247857,0.00162686843167808,0.00193852796104625,0.000912727725857781,0.00139093381298945
"2011-05-11",2.20130533942958e-05,4.34587484333622e-06,5.34427591234901e-05,1.2219460239775e-05,0.000101639232749535
"2011-05-12",0.000426370712465033,0.000166475120473976,6.90487182666187e-05,0.000422091024215121,0.000252319585516305
"2011-05-13",0.00133054297643807,0.0017685266136644,0.00228470135421166,0.00111233049341463,0.000947327651456192
"2011-05-16",0.000327945243810163,0.000219925730316425,7.04444687198578e-05,0.000845283424450116,0.000799948032993253
"2011-05-17",0.000565510038501513,0.000501296208943643,0.000182489961449303,0.00103095003438089,0.000843380792446913
"2011-05-18",0.00483179566186562,0.0054279076797921,0.00676962820691366,0.00267507277571355,0.00265823082757347
"2011-05-19",0.000169102988183759,0.000332449720407553,0.000870319229971222,6.22076876543141e-06,4.07250765834311e-05
"2011-05-20",0.000340833339675271,0.000543356165538175,0.00132083355091985,2.68556597265781e-05,5.80321276507809e-05
"2011-05-23",0.000364779615142872,0.000231930216472402,7.44349113705689e-06,0.000997919493737569,0.000741554375339915
"2011-05-24",0.000209050042275031,0.000352826388073985,0.000988668302923743,3.09893647605246e-05,2.49940703168214e-05
"2011-05-25",0.000535033191373457,0.000804133340143595,0.00143038370468628,0.000478972177346839,0.00041652165370984
"2011-05-26",0.001462280079764,0.00179447453837257,0.00247213929864556,0.0017150515601593,0.00235927191201012
"2011-05-27",0.00233704059660177,0.00273110449658024,0.00329949620192932,0.0018560709169984,0.00177678060144906
"2011-05-31",2.46809443507389e-05,7.21921904618157e-05,0.000163512379428999,1.49215315925497e-07,3.47747300140108e-05
"2011-06-01",0.000882535145916776,0.000709582279912956,0.0005269172897424,0.00152158664320363,0.00131098065528301
"2011-06-02",6.5187141545846e-06,6.67407329127491e-11,8.67530645447721e-06,0.000135460088213762,9.72183501272977e-05
"2011-06-03",0.000434278726264541,0.000504700791805764,0.000600834195749334,0.000215902786290443,0.000220450893755687
"2011-06-06",0.00467668591519963,0.00448115032836833,0.00443863437844928,0.0055521098442046,0.00524063160335366
"2011-06-07",1.77109471479066e-05,3.3969380288262e-05,2.5256180501573e-05,0.000253590258450013,6.18869502881206e-05
"2011-06-08",0.000505399202944698,0.000551702786311917,0.000439796101013067,0.000708659873486169,0.000318127046050013
"2011-06-09",0.000846282221060362,0.000912002821286208,0.00108055506991643,0.00107722065546315,0.00176084817303833
"2011-06-10",2.03364541441717e-06,8.02933650147369e-06,2.57408438967647e-05,3.91465971251889e-06,4.67809228658715e-05
"2011-06-13",5.38842960392857e-06,6.56459465178586e-06,1.4837646470358e-06,1.58775739985804e-05,3.74078665622794e-06
"2011-06-14",0.00339417784258037,0.00354421853541138,0.00365892196164402,0.00348545563082353,0.0037295592700308
"2011-06-15",0.000684128194875699,0.000536503185893503,0.000507986314402807,0.000166684187417117,8.33745119995395e-05
"2011-06-16",0.0012865453855332,0.000977035405539186,0.0012098015803908,0.000577959176935736,0.00107563529152443
"2011-06-17",0.00147871857969341,0.00117538091999973,0.00151567421130236,0.00074204456006264,0.000695911258536372
"2011-06-20",0.00196558211880602,0.00170459895632098,0.00242211941619258,0.00141381212576101,0.00109567945502423
"2011-06-21",3.61470604316689e-05,9.9744956917208e-05,5.78474760799415e-06,0.000165574860596617,0.000314565643351932
"2011-06-22",0.00034057890604759,0.000497320784701651,0.000181379461624471,0.00056971085920367,0.000841435919364341
"2011-06-23",0.00542304404696247,0.00497326634178579,0.00613703758175188,0.00440735176818997,0.00438623598588318
"2011-06-24",0.000658087850921584,0.000855025858691266,0.000373955303339935,0.000704011755733107,0.000433144822114424
"2011-06-27",0.00181759130779059,0.00228741134895253,0.00125821544522551,0.0011557768477644,0.00162637236349377
"2011-06-28",0.00296955747454936,0.00390396042021516,0.00312015374356142,0.0032100872086014,0.00400903686545685
"2011-06-29",0.000489162397541008,0.000118066176721634,0.000336288582192302,0.000183817951858853,4.41336411676573e-05
"2011-06-30",0.00072641305990467,0.00163807927696933,0.00117812496180315,0.00174596936024693,0.00225013425163526
"2011-07-01",0.00207894156146021,0.00350188823768923,0.00264267000226516,0.00354627862151631,0.00373262241138512
"2011-07-05",0.000199830242506499,0.000755254370527163,0.000391785000942489,0.000859524570295529,0.000712718846706614
"2011-07-06",2.43471339327688e-05,8.86492598993056e-05,1.87120728329301e-06,6.74488931502391e-05,3.81018306760159e-05
"2011-07-07",0.00267704268253298,0.0041608494962759,0.00326684140097717,0.00407236050630338,0.00398308330001534
"2011-07-08",2.9587067186098e-05,2.61730898568345e-05,6.39138559301715e-06,7.31560660419965e-05,0.000104635479355666
"2011-07-11",0.000632998590546166,0.000243776894831464,0.000532621673193267,0.000347903186678414,0.000311614814774546
"2011-07-12",0.000707879515061909,0.000280298205813293,0.000533382806254274,0.000534362543595359,0.000512887219967774
"2011-07-13",0.00276067014134429,0.00384189611634542,0.00298778724891667,0.00342515028136973,0.00311108227688856
"2011-07-14",0.000247865396216141,2.15897569122129e-05,0.000163044884165582,1.82159227545705e-08,7.11766275059696e-06
"2011-07-15",0.00364683291248324,0.00528950856285026,0.00388355942615397,0.00489121578256793,0.00498412095960618
"2011-07-18",0.000131873358690104,0.00062862797415032,0.000213385587657979,0.00065119611451204,0.000620025708930827
"2011-07-19",8.55098505681715e-05,2.44872034318338e-05,2.01932395631142e-05,2.8720279170878e-05,3.49365210764087e-05
"2011-07-20",0.00288322033294493,0.0015551246217382,0.00211945597013003,0.000794074527900255,0.000697300545688677
"2011-07-21",0.000729273580126542,0.00151204528816328,0.00111306239131018,0.0016401196377301,0.00120107767628474
"2011-07-22",0.00216240624679366,0.00312741907548529,0.00251306671758897,0.00410360719658489,0.00399924999361312
"2011-07-25",9.34957833124449e-05,2.2957443926658e-06,8.7058528420553e-05,0.000192135892720236,4.46885748834262e-05
"2011-07-26",0.00149563479711895,0.00209417474152907,0.00139370957210109,0.000801091587387824,0.000745802104247054
"2011-07-27",0.00265267094982129,0.00182162079861016,0.00261454133836423,0.00339868190972728,0.00398400413863442
"2011-07-28",2.77308171043639e-05,4.40954825992748e-05,4.92502042545579e-05,0.000453335864479046,0.0017129888923902
"2011-07-29",0.00267273701180644,0.00166199101788209,0.00296076578994515,0.00488286641909901,0.0045680776338224
"2011-08-01",0.00149181912374756,0.00102992824679309,0.00228525489725643,0.00545473832101374,0.00438457035054285
"2011-08-02",0.000167728042627478,5.28676274692674e-05,0.000176107497386019,0.00127412624770065,0.00130305806175867
"2011-08-03",0.0100156370865147,0.00889966680336016,0.00971218024107203,0.01481778685638,0.0135036604018397
"2011-08-04",0.00648032780290324,0.00566593795248837,0.00632934603871608,0.0118094290566186,0.0125522703059029
"2011-08-05",0.0993910421048556,0.094523991611867,0.0983344913449404,0.118686535135076,0.123104585327446
"2011-08-08",0.0208859773038913,0.0163026469097401,0.0200240794532489,0.0288039220359063,0.0312799285959656
"2011-08-09",0.0273829575149594,0.0185283654214582,0.0219730363099126,0.0288947610888406,0.0303734360465686
"2011-08-10",0.000817215230173645,0.000425918512187847,0.000156291606412573,2.63075241969317e-05,3.97244640615053e-05
"2011-08-11",0.00385360618147796,0.0118097423955641,0.0113643429004203,0.0107681722867897,0.0125378636381207
"2011-08-12",0.0104616535048934,0.0160623839485934,0.0165639493873721,0.0142649643070208,0.0134012809996594
"2011-08-15",0.00344051889878235,0.00416979199376332,0.00467131347708131,0.00340417832976137,0.00397858504036143
"2011-08-16",2.8583697693418e-05,0.000529311923160109,0.000333816451131507,0.00185488187111117,0.0012028075677231
"2011-08-17",0.00105545865578972,0.000458135662616609,0.000645514931001436,3.0825219650807e-06,1.9510196910011e-05
"2011-08-18",0.00578454747726299,0.010100919858707,0.00949364080117693,0.0193669742193454,0.0182773513702453
"2011-08-19",0.00103999473956479,0.00240570465907375,0.00238600610326561,0.0076342610399483,0.00801731884734353
"2011-08-22",0.00167389748184983,0.00464855751996489,0.00442591033388954,0.0112009787548283,0.0124090682479466
"2011-08-23",3.75189095597833e-05,0.000331286094569392,0.000269058313633781,0.00357336192978706,0.00401708173071975
"2011-08-24",0.000424044673774793,1.31055123997371e-05,1.65688896777446e-06,0.00124691876135634,0.00102192506789731
"2011-08-25",0.000855301371474918,0.00350860219730329,0.00314447089014201,0.00755430278302765,0.008030728314601
"2011-08-26",0.000697810172931347,3.29970273903231e-06,1.64792782208256e-05,0.00045251517734453,0.000254923042091218
"2011-08-29",0.0125748907558943,0.00839736528592329,0.00867444952689764,0.00551113309336371,0.00562181412550307
"2011-08-30",1.57480862385313e-05,0.00088418585725826,0.000721906053350927,0.00237150254000219,0.00232748671160113
"2011-08-31",0.00012232215732342,0.000411341047210878,0.000435869064963007,0.00134496378366325,0.00138727843169908
"2011-09-01",0.000560975347792575,7.2529014587386e-05,9.51834787492514e-05,0.00086020180626797,0.000789149525133645
"2011-09-02",0.00115875297002306,2.36652076474192e-05,1.25213564966547e-05,0.000335362466406168,0.000514603269820873
"2011-09-06",0.00346375325664071,0.00858152601651979,0.0089717994415411,0.0131887222361535,0.0140307303313708
"2011-09-07",0.0112269022081602,0.00587652765989276,0.00559341375408063,0.00290871320355625,0.00325172671575574
"2011-09-08",0.000277737211073335,0.00286273020278487,0.00290264013376169,0.00508076253463991,0.00459489462350495
"2011-09-09",0.000228135558655802,0.00155010863674338,0.00151926571951126,0.0023079630678669,0.0020187214332481
"2011-09-12",0.00109156006997543,0.00252004111206505,0.00248733958209309,0.00304245417892207,0.00304952280070654
"2011-09-13",0.00160485997128406,0.000626483749648495,0.000590504268383286,0.000380728952085325,0.000355496258051743
"2011-09-14",0.00192714258029794,0.000979513107721714,0.000773872312379329,0.000537820247906132,0.000461095937966979
"2011-09-15",0.00121793688526307,0.000876248883269582,0.000487732181896116,0.000381828385414323,0.000413312036452203
"2011-09-16",0.00207668765778673,0.000963099847063599,0.000508515320259968,0.000364190491584362,0.000397955768241429
"2011-09-19",0.00398584216566997,0.00569119655215843,0.00713678102762485,0.00803990656940693,0.00799043845271937
"2011-09-20",0.000232215674774437,0.00122110949622381,0.00161178835051749,0.00211111852742705,0.00212853027970414
"2011-09-21",0.00282697209836595,0.00548727134566607,0.00620518455872783,0.00748232781395764,0.00775846256190209
"2011-09-22",0.0202236859214413,0.0246390704806576,0.0266306174838815,0.0273630350397778,0.0271387766263348
"2011-09-23",0.00043034173685491,0.000310737132300916,0.000119782957723961,0.000148409321973532,8.87525365382483e-05
"2011-09-26",0.0108358417657858,0.0124730120436175,0.0145607415389319,0.0145027355453867,0.0156810336642818
"2011-09-27",0.00013513403869163,1.48865463203571e-05,0.00017635618177264,0.000570242587649912,0.000633939383535001
"2011-09-28",0.000609655551828421,0.00148696249002144,0.00220113790014691,0.00261211785126109,0.00255525427849101
"2011-09-29",0.00272544439662863,0.00464791202763765,0.00617387848109592,0.00634797702710303,0.0058386708684156
"2011-09-30",0.00237322700973318,0.00341949216756655,0.00449514578122598,0.00559308647588444,0.00551287010782652
"2011-10-03",0.0180490607357898,0.0203505458810749,0.0228276160674048,0.0254712619379988,0.0258120488159478
"2011-10-04",0.0791804950940756,0.0828955683030016,0.0880405356052715,0.0897619002616705,0.0904486938372201
"2011-10-05",0.000262501145505122,5.90726634672298e-05,6.0896240510641e-08,7.01785254534195e-08,5.48520879433577e-06
"2011-10-06",0.00238191350514616,0.00385643747219134,0.00506967928884887,0.00630582601895482,0.00575194516395366
"2011-10-07",0.00156872105897635,0.000464194191189305,0.000189013876824628,0.000112825374301427,0.000173922712978708
"2011-10-10",0.00792407026610637,0.00733457481229086,0.00593133613922632,0.00624179672112504,0.00679349609813803
"2011-10-11",8.64282168975264e-07,0.000431913189983128,0.000810469534132431,0.00133606300068079,0.0012875834522311
"2011-10-12",0.000171606511283555,3.07830514205407e-09,5.96082666558181e-05,9.54292584419574e-05,2.72707946496053e-05
"2011-10-13",0.0037589594155804,0.0023359482702406,0.00158048387455866,0.00146450955055819,0.00193341914111875
"2011-10-14",0.00615426637862594,0.00575889730120433,0.00451242718504332,0.00454175021558966,0.0056992372503819
"2011-10-17",0.00438145269176601,0.00539670132283043,0.00690070721368429,0.00584852128149447,0.00504931535501296
"2011-10-18",0.000639384025838126,0.000177365789065714,3.24962571278319e-05,9.9481594823008e-05,0.000170416185189875
"2011-10-19",0.00300619024913325,0.00257493351922362,0.00350916256027131,0.00290512165227249,0.00271773244877642
"2011-10-20",1.54646038917909e-05,7.89331353073048e-06,3.64405891347396e-05,1.97803454042473e-09,6.16157267118986e-05
"2011-10-21",0.00523113779682037,0.00588242288067609,0.0045634245527307,0.0064370567346188,0.0081019124221359
"2011-10-24",0.000541250746768572,0.00100763594922114,0.000419877352248644,0.000321576614165711,0.00120373752323566
"2011-10-25",5.0446115923442e-05,0.000122522398227788,0.000629774358877398,0.000889707630028026,0.000647777721239884
"2011-10-26",6.00306581010223e-05,8.2459851849786e-07,0.000249241736500407,0.000337169489395614,0.000138811157336758
"2011-10-27",0.00258074234427366,0.00319155080468338,0.00282248291744457,0.0024428385749208,0.00184869434353663
"2011-10-28",0.0021215657364531,0.00204935206554186,0.00187214854434166,0.00197370127416937,0.00315858348484667
"2011-10-31",3.21280269820369e-05,0.000167640334038399,0.000183552492668142,0.000222814034919863,5.5003682728294e-05
"2011-11-01",0.00237845891180478,0.00322874431650745,0.00308276182278145,0.00303493117669258,0.00215836693168634
"2011-11-02",0.00365824283646793,0.00548368504506717,0.00511440208412686,0.005940505479529,0.00753369783470855
"2011-11-03",0.000219750055755527,0.000222857406417134,0.000110620412939979,0.00020626812612428,0.000563590904806267
"2011-11-04",0.00462507631886609,0.00468188910864012,0.004261107537562,0.00570067341695193,0.00686095005685851
"2011-11-07",0.000140258791468257,0.000100931047594539,3.0184478407997e-05,0.000292636426269304,0.000532500645585011
"2011-11-08",0.000938128726024826,0.000949459456394072,0.000706446339570058,0.00135052579006337,0.00242883169747391
"2011-11-09",3.19571513037352e-05,1.70721919755096e-05,1.14636130015728e-07,5.93804577981869e-05,0.00023958174604722
"2011-11-10",0.00744402177672101,0.00664131553801245,0.00588755002230204,0.0043499163252951,0.00315633003667967
"2011-11-11",6.15610167495794e-05,1.78111589210632e-05,6.63670693396308e-05,0.000288049903359183,0.00074277915530639
"2011-11-14",0.000109129078129016,0.000532161558657072,0.000526268401785264,0.000325448661431331,2.61159002355548e-05
"2011-11-15",0.00152077064717065,0.000638712510386497,0.000463820239555992,0.00060915984248862,0.000757537207549527
"2011-11-16",1.17386458870843e-05,0.000130564463378499,0.000291959333718314,0.000198171548986982,5.06601931273509e-05
"2011-11-17",0.00226064733620722,0.00341168879168197,0.00426018931274285,0.00416444894338196,0.00300398112460038
"2011-11-18",0.00141593907356904,0.00155761380035919,0.00125539557552834,0.0014378794304756,0.00198201015554781
"2011-11-21",0.00436211297187474,0.00543225041032321,0.00629916814564987,0.00645840758797246,0.00568186354614154
"2011-11-22",0.000551026276670936,0.000296094292409036,0.000133101585719844,8.35341843169268e-05,0.000106145947922624
"2011-11-23",0.001372571717421,0.00172591969404065,0.00226404742582498,0.00247575989754466,0.00230173356672
"2011-11-25",0.000649126721362046,0.000457298532579907,0.000242078935015613,7.86738195661366e-05,0.000215488888050733
"2011-11-28",0.00107779269350761,0.00104074832194143,0.000557319678551593,0.000324252408401895,0.000414365889368837
"2011-11-29",0.0028736293257031,0.00369902607936345,0.00471203832828216,0.00456026743051464,0.00399487484643331
"2011-11-30",0.00260289625545817,0.00197088588492893,0.00148642691968378,0.00123171079641591,0.00128032626633185
"2011-12-01",0.000105048708458292,1.31047233859141e-05,1.23401169769153e-05,1.99515790477212e-05,3.51014943942586e-06
"2011-12-02",0.00170163854122478,0.00115133565325249,0.000786665983942678,0.000601313856091899,0.000627535462254396
"2011-12-05",2.53695676398501e-05,1.37022819865184e-06,3.31772659842143e-05,2.3669550238174e-06,1.06966167056961e-06
"2011-12-06",0.000628899100558519,0.000525941779830872,0.000168123073362055,0.000172969069666688,0.000187524531536797
"2011-12-07",6.32718271707359e-05,6.99161754432974e-06,2.28724843776115e-06,3.55195687028123e-07,1.44592403652396e-06
"2011-12-08",0.000128354780639101,0.000180353862308341,0.000458335475177906,0.00050421165348498,0.000650198307539529
"2011-12-09",0.00362530245919449,0.00401363001735423,0.00263954181713029,0.00252426330813166,0.00258183335344721
"2011-12-12",3.4505458861855e-05,1.73878561550094e-05,5.24465987918399e-05,4.72885442606319e-05,0.000126178871682851
"2011-12-13",1.78880148912932e-05,1.23339303890571e-05,0.000209990677602664,0.000394181449727453,0.000433533080810077
"2011-12-14",0.000740634988422159,0.00064029990788263,0.00118823972590328,0.00142662925043056,0.00155760247325963
"2011-12-15",0.00135288908324509,0.00155411289175635,0.00112243150931962,0.0010554308966125,0.00114902994988359
"2011-12-16",0.0025395889825234,0.00263354310819521,0.00205505361841156,0.00152744656830186,0.00156512885963719
"2011-12-19",0.00023702391298871,0.000298446239135194,9.14659195379323e-05,0.000109359344300106,0.000133714544412973
"2011-12-20",0.00156440455515403,0.00166128008233235,0.00124749144737616,0.00116377651738094,0.0014621210235004
"2011-12-21",4.01373863662918e-07,8.19895149461204e-06,6.28694819794383e-05,3.53602272006366e-05,2.35080518113326e-06
"2011-12-22",0.00642780552535244,0.00672320030179552,0.00596601248145602,0.00597415235736795,0.00590244330872231
"2011-12-23",0.00356891638130763,0.00338076081109144,0.00320761263359477,0.00390281981671672,0.00465341510403626
"2011-12-27",0.000167175141157929,1.98911915615891e-05,1.22665648605114e-05,4.45648663803222e-05,8.73475995356195e-05
"2011-12-28",0.000319365335661638,3.04060703683842e-05,5.15242530327443e-05,0.000301166268985707,0.00029507843170159
"2011-12-29",0.00105312358218244,0.000723152215310055,0.000814968677236424,0.00115038859527398,0.00145953767362994
"2011-12-30",0.00431734839552526,0.00380415748630297,0.00395074055338285,0.00443670300268696,0.00522462126181295
"2012-01-03",6.58392353194916e-05,1.75026721291003e-07,4.45867706544022e-06,6.55125500963903e-05,0.000127414788734621
"2012-01-04",0.000770989700955312,0.00043728048251038,0.000513883714151194,0.00104895841461618,0.0014433679719876
"2012-01-05",0.000523801231608912,0.000235442885174287,0.000429509938656331,0.00101591361489665,0.00137664607492174
"2012-01-06",0.00216717747922024,0.00198700190059342,0.0024258525957984,0.00458226647551452,0.00515572018443673
"2012-01-09",0.000619175715974954,0.000772734675567269,0.000573099878571597,9.39284476123919e-05,1.76897329746952e-05
"2012-01-10",0.000968573564385678,0.000509983303817806,0.000682490505383045,0.000976725922565763,0.00140825327521982
"2012-01-11",0.000203209605737655,7.46316459433319e-05,0.000263098020583987,0.000833863954259282,0.001521029233748
"2012-01-12",0.000533832457753131,0.000296176244678899,0.00062587628462847,0.000954791100535601,0.00159827516672543
"2012-01-13",0.00182532986882678,0.00155788128134758,0.00230859283040733,0.00328426983110257,0.00446889078545094
"2012-01-17",0.00116133762355089,0.00111958545426138,0.00167779481582513,0.00246939961721806,0.00317600559433345
"2012-01-18",0.000899753305058546,0.000749859935598537,0.0011127080490361,0.00197204753721178,0.00266578976920767
"2012-01-19",0.00109539846694134,0.00106303621566893,0.00128684047167824,0.00282112708381191,0.00406507696331869
"2012-01-20",0.000300778150876779,0.000311186941229451,0.000568112139416442,0.00125578933243725,0.00198949496741984
"2012-01-23",2.72557187722116e-05,5.02865751512823e-06,2.83624775042195e-05,0.00049545351889558,0.00100694116475402
"2012-01-24",2.9943442813902e-05,5.60269428080533e-05,0.000166424641620832,0.000640571566363557,0.0010985260008853
"2012-01-25",0.0041323086754179,0.00488612469522173,0.00409821142981727,0.00268195331984073,0.00224312435660747
"2012-01-26",0.0041269027094157,0.00409090934369539,0.00497032168811798,0.00623155489489579,0.00587704709780937
"2012-01-27",0.000871773928724193,0.00114118663353832,0.00163920946706615,0.00237780167366589,0.0028392390136279
"2012-01-30",3.68640945477833e-07,0.000213165757996313,0.000459113946219307,0.000615496988614459,0.00116660808152417
"2012-01-31",0.000280084583070002,0.000328710912157992,0.000735889627044689,0.0011275932233672,0.00192955011367508
"2012-02-01",0.00121623305199378,0.001277085576703,0.00208298596574889,0.0027586216629434,0.00319349118992539
"2012-02-02",0.000532300482074785,0.000385971712448944,0.000688006454087798,0.00137582661073695,0.00172994874540063
"2012-02-03",0.00202010987999794,0.00180421849680649,0.00253598919523928,0.00291979957114664,0.00330764185208572
"2012-02-06",0.000230421830496476,0.000157650140302896,0.00030133546515579,0.000534513101933048,0.000585069188504553
"2012-02-07",0.00012807386214701,2.71853400239932e-05,5.15360182504865e-05,0.00017445438812943,0.0002710668781209
"2012-02-08",0.00022127169651012,0.000120923819005253,0.000256388974337608,0.000294252266862511,0.000344956527859878
"2012-02-09",0.0066566633950489,0.00761968472134189,0.00707963299156572,0.00660197850410241,0.0067436572697627
"2012-02-10",0.000196262535704263,0.000627609033990697,0.000365381415751959,0.00033732747706049,0.000241551017131093
"2012-02-13",1.53817901521026e-07,3.25549586580462e-05,2.7598536874148e-05,2.59900602084917e-07,2.24397492212036e-05
"2012-02-14",0.000512403984264951,8.84137614397251e-05,0.000224067650651785,0.000137460628970586,0.00018597277846953
"2012-02-15",0.0589713284190216,0.0626869619485237,0.0602757344650648,0.0621448769356511,0.0626570739599934
"2012-02-16",5.26370746175194e-05,0.000548444754513258,0.000344765401364357,0.000633786626771672,0.000360751339136888
"2012-02-17",0.00209365602464287,0.00103012797545757,0.000973679944938706,0.000576514826570073,0.000945899303345721
"2012-02-21",5.00286543634644e-05,0.000394276660843547,0.000464282670893242,0.000906198304550665,0.000631464891361341
"2012-02-22",0.000216191570525139,0.000430592308183854,0.000360845523443848,0.000967097678259112,0.000693016289669408
"2012-02-23",0.000224038405825259,0.000460071990502878,0.000426333771607147,0.00134911529902321,0.00116073170921779
"2012-02-24",0.00916858198373186,0.00886436888390633,0.00916263007117494,0.00598809469952892,0.00653168195909631
"2012-02-27",0.00062006998624463,0.000515690250711242,0.000517012112150334,0.00154057221299249,0.00149333033074297
"2012-02-28",6.22700330247019e-05,8.34838080302905e-05,7.3899942252571e-05,3.43787327670194e-06,1.68550999164783e-07
"2012-02-29",0.00717842458071396,0.00669911386066299,0.00702954892752167,0.00870943725605186,0.00774122975629042
"2012-03-01",0.000167279756346935,0.000321929675441615,0.000255305163243373,1.4653188289088e-05,0.000146641477642657
"2012-03-02",0.00526736677635391,0.00597129008277962,0.00537390358230294,0.00346567782518487,0.00404490080323241
"2012-03-05",0.0238286568261949,0.0225097858961223,0.0245805689064912,0.0294657305890411,0.0282094340001874
"2012-03-06",0.0032537323573927,0.00345970101424276,0.00407658383965256,0.00681744850593012,0.00578702825910121
"2012-03-07",0.00395337946791007,0.0042426589641658,0.00522003232864282,0.00787510132479399,0.00692054294009459
"2012-03-08",0.00978436783313692,0.0101470217952392,0.00970757725507984,0.00613996700582712,0.00753575721453367
"2012-03-09",0.00561453000023317,0.00683999190728079,0.00611144020352754,0.00341382141018243,0.00402751280693824
"2012-03-12",0.0017053864074994,0.00237940663267566,0.00176603095838116,0.000679866918081497,0.000902758844026836
"2012-03-13",0.000772793536295809,0.00125313029137713,0.000763409387051779,6.35402146800887e-05,0.000120486570351468
"2012-03-14",0.026288031636907,0.0241477040113974,0.0273440930355679,0.0323907689222782,0.0307148160952705
"2012-03-15",0.00581034096557028,0.00567550544545311,0.00675724823977663,0.00906465652385995,0.00804942736101575
"2012-03-16",0.00215705084272075,0.00189262850258629,0.00138150753601473,0.000363836023730712,0.000555005413400764
"2012-03-19",0.000456086974028096,0.000500648824852215,0.00081754851106922,0.00205699290848172,0.00178090878033607
"2012-03-20",2.7822390166845e-05,9.00771547862588e-05,0.000217658572673549,0.000847494588180679,0.000597595229333414
"2012-03-21",0.00289488787678653,0.00262962003355026,0.002180093635747,0.000908188285582534,0.000998094415655746
"2012-03-22",9.96879889751274e-05,0.000145570424174312,4.54724234610483e-05,0.00013553353555285,9.19284726409041e-05
"2012-03-23",0.00360783840780165,0.00426804232483926,0.00356664204284157,0.00240902323399518,0.00247108730447999
"2012-03-26",0.00122466760954249,0.00148941803362009,0.00105390224976928,0.000475732314616183,0.000686674334341338
"2012-03-27",0.00024071963626164,0.000394014946640724,0.000163998659290686,4.99285466522566e-05,9.26608289579624e-05
"2012-03-28",0.000192142657686007,5.81763376505442e-05,0.0002090502184755,0.000514806431287419,0.000266045906951196
"2012-03-29",5.41558768904902e-05,0.000279000176287516,0.000108019372225418,1.88626917754836e-07,3.39940241366521e-05
"2012-03-30",9.87526102363837e-05,0.000281890067694381,8.48175651082878e-05,1.20075369927149e-05,3.4707124048602e-06
"2012-04-02",0.00088928599090405,0.00124433830500518,0.000815701321945507,0.000320325204745464,0.000553835215297797
"2012-04-03",0.000331235116493369,8.5198418993106e-05,0.000255311754936789,0.000682743261092738,0.000566818132306312
"2012-04-04",0.000860265554399688,0.0013789291085219,0.000969853876683715,0.000631394454483312,0.000880514651920535
"2012-04-05",0.00224884844690033,0.00268448991699462,0.00201769271179023,0.00174370858405836,0.00204602990126254
"2012-04-09",0.000144539248344583,0.000114210871350664,0.000293347268785313,0.000362211502463672,0.000428053546256368
"2012-04-10",0.00580786323509304,0.00492413796058946,0.00586306771185755,0.00720894872906403,0.00616940866108207
"2012-04-11",4.89317006246278e-05,3.22649881234359e-06,5.94354678113331e-05,7.48669894786281e-05,9.1847926593265e-06
"2012-04-12",5.22228788674526e-06,3.53807917988551e-06,2.17620867491666e-05,0.000125950115417634,9.24238141068664e-05
"2012-04-13",0.00232233454863626,0.00199646656006068,0.00259733638985662,0.00272675599461997,0.00249650617729468
"2012-04-16",0.0319533614214522,0.0306150771065436,0.0327633348062081,0.0329760388548945,0.0330244743120066
"2012-04-17",6.3117854326967e-05,9.64081650224304e-06,2.36175690028348e-06,5.76159163881034e-05,3.38781411744593e-05
"2012-04-18",0.00338717751174159,0.00355729729029489,0.00424933526739967,0.00447383836493311,0.00417777012509706
"2012-04-19",0.00188968816500997,0.00224705317216936,0.00268654364390964,0.0030229421793756,0.00301060097158354
"2012-04-20",0.00139429369626513,0.00122575745343493,0.00148627591157204,0.00132381916208484,0.00110998131578329
"2012-04-23",0.0306512317794372,0.0291154948639913,0.0299851313502109,0.0332764050230855,0.0304108437066244
"2012-04-24",0.000666562739578245,0.000351607303427484,0.000350724679254684,6.41134491299581e-05,0.000115639225308297
"2012-04-25",0.000424972422999169,0.000387924549756753,0.00028814303380117,6.52061723855515e-05,6.13868707468741e-05
"2012-04-26",0.00210519243026758,0.00204718493020247,0.00148212824959555,0.000965328976439514,0.000303735682849384
"2012-04-27",0.00386436645106379,0.00386293318814339,0.00330377833695643,0.0027012991890257,0.00231611832261104
"2012-04-30",0.00151966212127807,0.00134937135506801,0.00153679720490963,0.00106253526208333,0.000903419823903086
"2012-05-01",0.00085373119462283,0.000761851991385318,0.000854891084142952,0.000724583717729359,0.000556684914454167
"2012-05-02",0.0001076345478315,6.06862423208862e-05,6.99955054703278e-05,4.0377695996565e-05,3.6083052088961e-05
"2012-05-03",0.00221339278990394,0.0026202403858908,0.00263515996957418,0.00270827773261465,0.00282842320557728
"2012-05-04",5.21529897362917e-05,0.000130419367564923,0.000106622746309003,0.000108773471467689,0.000133026907393344
"2012-05-07",0.00265886977691433,0.00221433258588236,0.00242802306504821,0.00239563164436059,0.00235303687286651
"2012-05-08",0.00067694017664271,0.000531452879790209,0.000596718011141029,0.000595131978932203,0.000555740269707087
"2012-05-09",4.62922975093197e-05,0.000127512564885702,0.000116061942888632,0.000148866356329826,0.000150790321623153
"2012-05-10",0.00406162301918476,0.00513135945222585,0.00505730108330498,0.00518479203604642,0.00504010952472533
"2012-05-11",0.000232790205030223,0.00039307595464672,0.000425600206792022,0.000456771708239876,0.000375910195052945
"2012-05-14",5.27428890384761e-10,1.04810580543093e-05,1.60237914677537e-05,2.75595047782859e-05,3.48849232976313e-05
"2012-05-15",0.00105719292495658,0.000893197348450295,0.000888798877567424,0.0008369049289845,0.000814139041529792
"2012-05-16",0.000434000402043088,0.0002321214284556,0.000202430498895621,0.000176805739985908,0.000205059515864383
"2012-05-17",0.00280468542520172,0.00265259369624266,0.00265205923148183,0.0025146890685143,0.00256108395055832
"2012-05-18",0.00105861798233522,0.000883800544827632,0.000840432876671983,0.000767341452541163,0.000709864050222972
"2012-05-21",1.58773056203204e-05,5.5988500830037e-05,6.05814812928888e-05,7.24054992636486e-05,8.0593167006866e-05
"2012-05-22",0.00134205859681257,0.00111611586320045,0.000984824462636143,0.00093501280228354,0.000948629471146831
"2012-05-23",0.00117677558739714,0.00108410898381697,0.000979533867546822,0.00091973767583385,0.000870511518031212
"2012-05-24",1.10353622729253e-07,9.94060433500266e-06,2.27288334854783e-05,3.38881942797533e-05,3.24411414351959e-05
"2012-05-25",0.00596492010406954,0.00637739963592026,0.00649169218483366,0.00659840851504936,0.00630767229495106
"2012-05-29",0.000237291538332326,0.000188960332708394,0.000148577588279938,0.000128272141494284,8.86095701020874e-05
"2012-05-30",6.8127678197853e-05,4.62224109732139e-05,4.40225624215123e-05,4.28676598981176e-05,2.90443747116469e-05
"2012-05-31",1.31280126331047e-05,3.42210987900109e-05,3.26175837458251e-05,3.04968829340757e-05,2.50692654869499e-05
"2012-06-01",0.000233812329815688,0.000417698770538991,0.000461012789479074,0.000484655141772608,0.000376115444365421
"2012-06-04",0.0189910774220837,0.0171862418703024,0.0170735722704325,0.0168993227854843,0.0172053502245851
"2012-06-05",0.0026283007959432,0.00252042772733524,0.0024458155030864,0.00258798373223455,0.00285306690218896
"2012-06-06",0.00602732804018859,0.00607918526137956,0.00602577980840923,0.00624216813585737,0.00639243016224986
"2012-06-07",0.000273450449627212,0.000349854930296224,0.000353736894973386,0.000366946526598402,0.000359381598196926
"2012-06-08",0.0052662296195515,0.00605153739843225,0.00586766012884257,0.00581114572087204,0.00525680590764928
"2012-06-11",0.006029043247659,0.00543285485633308,0.00557723381868837,0.00563676573773096,0.00596683629334507
"2012-06-12",2.21471818986727e-05,1.28226407785886e-05,1.40664400112454e-05,1.85080018925181e-05,1.11128127860053e-05
"2012-06-13",0.00153688518948691,0.00164187124296245,0.00163695416779241,0.00165516104878387,0.00148645850157075
"2012-06-14",6.80096366268629e-05,0.0001137516021005,9.49050965636689e-05,0.000103275972993701,9.18200965489128e-05
"2012-06-15",0.00577791745429796,0.0063379668955921,0.00615337679104469,0.0062687795281473,0.00611982354221379
"2012-06-18",0.00125434381297398,0.00122789469138739,0.00129510328077127,0.00129436673235937,0.00143022485950306
"2012-06-19",6.62785227083964e-05,4.78723147370257e-05,3.51962306155627e-05,3.19495982286187e-05,4.0044394921144e-05
"2012-06-20",0.000160060201898675,0.000175647715493995,0.000212674610607304,0.000245193404315354,0.000280966270672257
"2012-06-21",0.00126726558129813,0.0015218990331477,0.00144299011928707,0.00142074452126268,0.00123470666215459
"2012-06-22",0.00063018691894596,0.000928188938801997,0.000931678638433789,0.000896207312566369,0.000902655892035941
"2012-06-25",1.59102510384793e-05,2.95401166972372e-05,3.78980297064205e-05,5.28663327326142e-05,7.19185550803727e-05
"2012-06-26",0.000166199057529384,0.000163681477848876,0.000150410218530991,0.000135652481126248,0.000104717313522602
"2012-06-27",0.00338059560177128,0.00334399284853671,0.00336978162891055,0.00347683830961605,0.00354333544729088
"2012-06-28",0.00014311524954679,0.000135189990674005,0.000117424652856769,9.96887381282878e-05,7.58774852427556e-05
"2012-06-29",0.00378581507213074,0.00411189254648021,0.0039714929784696,0.00404949168211651,0.00411839741839743
"2012-07-02",0.000782986748444902,0.000730714329282005,0.0007399925008479,0.00072413805554389,0.000708287630172228
"2012-07-03",0.00267785600714348,0.00290657413006723,0.00299638617439808,0.00306859354590597,0.00310746358230462
"2012-07-05",3.59797487292752e-05,2.0897853507499e-06,1.19251762985117e-06,9.42483886167492e-06,2.62831558332753e-05
"2012-07-06",1.74831442317489e-05,1.16057116254988e-05,2.69089699141401e-05,4.37742383257354e-05,7.33761048657709e-05
"2012-07-09",0.000133095743336957,0.00018274947423979,0.000115605767508957,7.34196383347984e-05,5.51357571040296e-05
"2012-07-10",0.000388291734076629,0.000513380636456635,0.00039728060994024,0.000358063426509137,0.000419372411218425
"2012-07-11",0.00105311074015681,0.00102387445816987,0.000803383501601235,0.000720329930516921,0.000757326763000609
"2012-07-12",4.65629356802905e-05,6.0940435128862e-05,4.28786714214264e-05,2.77987754074987e-05,2.11174219585513e-05
"2012-07-13",0.0043237294930588,0.00433465058902877,0.00401968322247982,0.00423145479727612,0.00435748524371739
"2012-07-16",6.5601438634994e-05,4.40758945129389e-05,4.27263666123669e-05,6.23621531427199e-05,0.000134235272106557
"2012-07-17",0.000150539752615438,0.000164602500552244,0.000183759416203669,0.000118203633177988,9.68461822852157e-05
"2012-07-18",0.00194326449667315,0.00215573944980279,0.00216023903502952,0.00222123734347031,0.00223891879805654
"2012-07-19",4.41041762363065e-05,0.000381123399013761,0.000531461190207081,0.000410394393583998,0.000567375318309709
"2012-07-20",0.000974835565878652,0.000963811318647225,0.00112965220540242,0.00205467581731933,0.00197326347473419
"2012-07-23",0.00986494122905709,0.00992490153828766,0.00961710043207208,0.0103054497582659,0.0109473030223596
"2012-07-24",0.000173400503202167,0.000138009764462932,0.000210485596579381,0.00021555842528003,0.000217689722871428
"2012-07-25",0.00372531698511981,0.00362721822669871,0.0036402236085223,0.00385642967030241,0.00401739116826139
"2012-07-26",0.00121779244822637,0.00136208571967587,0.00092965749510989,0.000779261506799646,0.000580559168138608
"2012-07-27",0.00104422509230965,0.00110004652790117,0.000616021629740445,0.000632145335269621,0.000738059916103453
"2012-07-30",0.000746323646990416,0.000673104437752342,0.00141314843440341,0.0014410069637885,0.00100617589999163
"2012-07-31",0.000676427635631662,0.000519466632116779,0.000174051027579927,0.000206106824983124,0.000352638664041273
"2012-08-01",0.000513539212438734,0.000577286519415178,0.00106096241322973,0.000975290939494804,0.000656980795579282
"2012-08-02",9.27340859768584e-09,3.1196710577729e-08,2.84482076934049e-05,1.98323153143388e-05,5.39453543400073e-06
"2012-08-03",0.00626690868118224,0.00660270664919075,0.00581965314765557,0.00576580353037139,0.00568227968006973
"2012-08-06",0.000108687923507683,0.000106201823613626,7.41743290185237e-05,7.83914724197977e-05,0.00013333000104146
"2012-08-07",6.4416253945757e-05,6.27859811541376e-05,6.53843156137731e-05,5.24187430491282e-05,7.90163388039007e-05
"2012-08-08",0.00137872078872324,0.0012600806234838,0.0012105249319727,0.00126731272642895,0.0013842393645048
"2012-08-09",0.00192685168628544,0.00178934340795709,0.00169674371177351,0.00180896920449973,0.00206132839059388
"2012-08-10",0.00173371218743428,0.00148894006076,0.00146506720361108,0.00172397362719412,0.0017715317090047
"2012-08-13",3.4292663282899e-05,3.20744000430717e-05,2.76879122064014e-05,3.8505651724792e-05,6.83158888972745e-05
"2012-08-14",9.74288865281707e-05,0.000132315521219061,0.00012252698343507,0.000113241605260075,8.88186599120213e-05
"2012-08-15",0.000604058442203722,0.000452252972623569,0.000455051801576436,0.00044170884165176,0.000597425094247889
"2012-08-16",0.000877438804640346,0.000753884556718008,0.000813920118567921,0.000788945868116648,0.00102755173017126
"2012-08-17",0.000728138769622973,0.00067227268326917,0.000759219654854893,0.000837221070046292,0.00107727578760086
"2012-08-20",0.00140882365606943,0.00147295882897397,0.00143459553305549,0.00147960973009072,0.00135607514074164
"2012-08-21",0.0109377652044183,0.0117614416949776,0.0115995109988596,0.0115842606985688,0.0117061481764622
"2012-08-22",2.59021269783215e-05,1.16612530238468e-06,8.10870182745557e-10,5.74949528684691e-08,1.46203988604285e-07
"2012-08-23",0.000174311288067346,0.000203933901523231,0.000146681461152748,0.00012925247278066,0.000124570956493426
"2012-08-24",0.00238957689324842,0.00218786676626502,0.00234509603247037,0.00235944248198764,0.00223333787583133
"2012-08-27",0.000326298361644446,0.00036857736426842,0.000272045648461952,0.00024283606535768,0.000280732995083275
"2012-08-28",0.00329635275929216,0.00283921397078816,0.00290742481578991,0.00299361851155175,0.00337093726973881
"2012-08-29",0.0025432492245321,0.00257868844675513,0.00298030656851743,0.00307811970264076,0.00318466372983488
"2012-08-30",3.30974998691192e-09,1.51680117672725e-06,6.05770769005839e-07,1.62668430086612e-06,1.81960949010112e-06
"2012-08-31",0.00027428243226779,0.000372161344491486,0.000326920489995912,0.000316560159471465,0.000276409537035171
"2012-09-04",4.82491213852817e-06,3.84809824633673e-05,4.56095163218695e-05,5.20289240948242e-05,5.78576604140317e-05
"2012-09-05",4.44609019623221e-05,0.00010076145857999,0.000152827263694113,0.000138886332579781,0.000221854988051872
"2012-09-06",0.000801725113912079,0.000912227854544134,0.000936526774545345,0.000947866002300769,0.00114700439385709
"2012-09-07",0.00066480186923692,0.000825216997444698,0.000965761809123643,0.000943016790611969,0.00100758930062877
"2012-09-10",0.00212908961856131,0.00206601954032254,0.00186426563625292,0.00183311881897605,0.00173182335988256
"2012-09-11",0.00189470111395547,0.00196724437306564,0.0017257228049509,0.00187106113224997,0.002045769611595
"2012-09-12",0.010530129022716,0.01095087910344,0.010389199883834,0.010459629897415,0.00981723605771933
"2012-09-13",0.00497870370762252,0.00444460477848342,0.00482708122845959,0.00482838130613442,0.00518267283395763
"2012-09-14",0.00101047572551879,0.00128354072135134,0.00137080313777903,0.00149410966035447,0.00150618615818181
"2012-09-17",0.00136278514320512,0.00159378990708485,0.00147053795147384,0.00151068002389662,0.00163571092236639
"2012-09-18",0.00115842066258935,0.00120235856568544,0.00101767614611523,0.000983840141826889,0.000901349026113575
"2012-09-19",0.00188312347215011,0.00220440321443473,0.00238712843979465,0.00236424148836633,0.00213296289801525
"2012-09-20",0.000338546454364171,0.000480295325215148,0.00049166788095581,0.000496069988360008,0.000347322292411559
"2012-09-21",0.0019756310027444,0.00227252252609354,0.00219012446922604,0.00225088763355565,0.00198772402167763
"2012-09-24",0.0111931491115808,0.0108371480038992,0.0100154177918688,0.00991471712939153,0.0102707311925115
"2012-09-25",0.000307610162748639,0.000339346818569901,0.000526231526474529,0.000529475924069436,0.000476231135313908
"2012-09-26",0.00532213216450921,0.00523018965094487,0.00493422658171589,0.00482781803982466,0.00484335197790382
"2012-09-27",8.66656488628729e-05,7.48731908548511e-05,8.43569065366305e-05,8.37089038163855e-05,7.57441900224986e-05
"2012-09-28",1.56153599488285e-05,9.14018019709484e-06,1.16673077796935e-07,1.81013089154507e-06,8.33617742186706e-08
"2012-10-01",0.00265403630186802,0.00266159485275357,0.00293572624682909,0.00283713849489108,0.00298858009462436
"2012-10-02",0.0019765225034513,0.00188427305016959,0.00205745464035872,0.00194668371118063,0.00205747793841589
"2012-10-03",0.00285199285250044,0.00278741023316826,0.00292847204104122,0.00307365249554188,0.00302053346026778
"2012-10-04",0.000450994810337262,0.000433867208183844,0.000569029563731902,0.000639018857652839,0.000566380713851973
"2012-10-05",0.000166226314815706,0.000181246641312697,7.14260257979232e-05,6.04136948763478e-05,7.70883728434882e-05
"2012-10-08",0.0102073941200352,0.0105840513865252,0.0096974566057615,0.00962387259291476,0.00979765012514664
"2012-10-09",0.00502812209953286,0.00529645482195168,0.00518464955882563,0.00513610146978895,0.00496210507979554
"2012-10-10",0.00298330774094869,0.00273174561920518,0.00279226447008044,0.00288214812896621,0.00307021827396263
"2012-10-11",1.18567239251686e-05,2.37721337549978e-05,3.38937944500315e-05,1.81294858572654e-05,1.19739688356372e-06
"2012-10-12",8.56753663116506e-06,9.37140190471843e-07,3.64920411604658e-07,2.84391690180822e-06,2.8601443753685e-05
"2012-10-15",0.00107048267329921,0.00120275939712697,0.00118172018773555,0.00106700232871651,0.000894878712961309
"2012-10-16",0.000788931057692672,0.000694972089565041,0.000639615920491179,0.000705101362498446,0.000945154169955515
"2012-10-17",0.000544642524022848,0.000499890488864337,0.000475250541116373,0.000528614054744959,0.000729789253836619
"2012-10-18",0.000916755678544259,0.000891005965658915,0.000980419202375195,0.000907616911997499,0.000752372758402025
"2012-10-19",0.000263160426608215,0.00030829424716344,0.00024421554225852,0.000299786879030593,0.000505476112844892
"2012-10-22",0.00318103102340462,0.0022234009918583,0.00223020037146137,0.00226993741213153,0.00186859696732646
"2012-10-23",0.0204544359198837,0.0192827338875349,0.0197382413533422,0.0193859570165945,0.0181459581352278
"2012-10-24",0.000115521888945608,5.87217601484389e-05,5.75715804974606e-06,2.29175336523524e-05,0.000108636296427278
"2012-10-25",0.000196590514067096,0.000176694462097224,4.304558522283e-05,7.63278088643307e-05,6.08052581548344e-05
"2012-10-26",0.00875750978694467,0.00879177780323114,0.0107334195311432,0.0102033022231078,0.00946733228411068
"2012-10-31",0.000617867603398988,0.000502671333868449,0.000198107806728868,0.000273419413374166,0.000604233045218596
"2012-11-01",0.00552602921074696,0.00541145133415057,0.00495422084288958,0.00513932885926364,0.00671942932611801
"2012-11-02",0.000155703958691258,0.000214762070525777,0.000199538464939332,0.000253869937995659,0.000634968749822762
"2012-11-05",0.00977031872890484,0.00932014565442786,0.00960184563785206,0.00932039669172345,0.00810663210620477
"2012-11-06",0.00729817545066832,0.00690394384381033,0.00637497362272055,0.00666709247067605,0.00733748718001622
"2012-11-07",0.0201819461790896,0.0192146393834144,0.0216172090764864,0.0210858973854353,0.0199666284979146
"2012-11-08",0.0169475579429049,0.016223983958262,0.0181460700803381,0.0176251705652395,0.0167184833360118
"2012-11-09",9.25191469296804e-06,7.31788680156157e-06,9.14788524106584e-05,6.01275387867388e-05,2.88573984953752e-05
"2012-11-12",8.55045232947789e-05,9.3530413267801e-05,2.74346854347569e-05,4.47061404012959e-05,3.99156246106517e-05
"2012-11-13",0.0005616410456675,0.000812260777191006,0.000881971903864402,0.000797600853896824,0.000790553515266268
"2012-11-14",2.9635632761656e-05,1.28771350296959e-05,4.23268204586227e-07,1.1201412190713e-06,1.43355980435551e-06
"2012-11-15",0.00521416055964619,0.0051245789524401,0.00487645183760315,0.00498735276034127,0.00501053280623564
"2012-11-16",0.0133813053242181,0.0132520510628854,0.0128675714433671,0.0132043734254013,0.0133508266728349
"2012-11-19",0.0113908157623492,0.011613489531857,0.0120842603705193,0.0117639867261191,0.0118343213614462
"2012-11-20",0.000611165409032374,0.000701986321908412,0.000583059908856832,0.000700497085952982,0.000794632789575631
"2012-11-21",0.002919063159261,0.00310686876982835,0.00311086168776802,0.00288676078738157,0.00281400463985456
"2012-11-23",0.00497441007777887,0.00538321122108054,0.00553665697128632,0.00548581438420605,0.00489170803303632
"2012-11-26",7.3024533704015e-06,9.62052744277108e-06,2.93948139038653e-05,2.83989027827996e-05,2.37310699335998e-06
"2012-11-27",0.00259720419093306,0.00200158775122674,0.00198548973993612,0.00188955426158481,0.00266233478312451
"2012-11-28",0.000226397223982185,0.000469801238490557,0.000603034590477397,0.000668302520999183,0.000312632172044758
"2012-11-29",2.3028642260014e-05,0.00016672765901047,0.000274132467947462,0.000292514069419757,0.000142757691356146
"2012-11-30",0.00452585505989255,0.00554479115645401,0.00591820488365687,0.00585071180213088,0.0051644878550991
"2012-12-03",4.77609234007828e-05,2.76467741792291e-07,6.84113470423107e-06,4.50566349001415e-06,4.70749544673584e-06
"2012-12-04",0.000756361081010098,0.000399619420011262,0.000291768218015785,0.000294707575322483,0.000393795288638891
"2012-12-05",0.0218410476612716,0.0197254178475657,0.0192149908968708,0.0190857814039265,0.0201403170205993
"2012-12-06",0.0151516888908868,0.0142353605042132,0.013663121626702,0.0132902938054045,0.0143982736483643
"2012-12-07",1.41412025080609e-06,7.32127706259483e-07,8.20293649225942e-06,3.32114847706655e-05,2.54227595290481e-06
"2012-12-10",0.00432370363784726,0.00439114282441492,0.00399132581969559,0.00358562782021118,0.00457416958232957
"2012-12-11",0.00478459556664717,0.00454997647541657,0.0047953615617059,0.00536934475002212,0.00447532780962552
"2012-12-12",9.86994097843334e-05,8.86603784799035e-05,5.30759595384582e-05,1.24060723088135e-05,0.000169791809710885
"2012-12-13",0.000104385434864392,8.43052297632458e-05,6.12022741880907e-05,2.5346646012859e-05,0.000215053338481865
"2012-12-14",0.000255333521202261,0.000194990171028716,0.000189635470045232,0.000135247631745773,0.000336556476391398
"2012-12-17",0.0161568090265541,0.0154492514352661,0.0154317023646877,0.0150253881324206,0.0163974615239165
"2012-12-18",0.00383666729163732,0.0038475188710361,0.00372587500493532,0.00384221764626155,0.00356179718252514
"2012-12-19",0.00198306932317744,0.00235853581669878,0.00233578605879023,0.00244937697479563,0.00212182681335971
"2012-12-20",7.90729672002747e-07,4.18008886107564e-05,5.04475660131242e-05,8.83597059944444e-05,3.98959929831103e-05
"2012-12-21",0.00333099733080254,0.00413444838939438,0.00425680454495687,0.00468305766601826,0.00434184934918511
"2012-12-24",3.79880456981513e-05,0.000229656729650023,0.000340261495901621,0.000386162361795794,0.00026937961010236
"2012-12-26",0.00106474553221139,0.00193374911638695,0.0017894214547567,0.00193432447091417,0.00192180195165844
"2012-12-27",0.000123839933517409,5.50632340149627e-06,9.33323571326537e-06,3.54752329985091e-07,4.89685076498758e-07
"2012-12-28",0.00161197195231606,0.0026226672381334,0.00254996318157159,0.00270312270280298,0.00263499008354606
"2012-12-31",0.0103884669365526,0.00846715478174402,0.00898650053989935,0.00881845873195085,0.00871770215783368
"2013-01-02",0.00103050718181579,0.00203946801265636,0.00199472255279759,0.0022711318821623,0.0023297682406336
"2013-01-03",0.003164747331207,0.00418627268109647,0.00367207497978989,0.00401469774967127,0.00421597421703449
"2013-01-04",5.98731420820012e-07,3.27703239017156e-05,2.3378668539131e-06,1.30524112899239e-05,7.80382930964975e-06
"2013-01-07",0.00152292990288487,0.00110786618536396,0.0013622998943093,0.00113910780176391,0.0012103565432087
"2013-01-08",7.49492034145368e-06,1.2952633811952e-05,1.35064367748659e-06,2.63729584950012e-05,1.08787401199529e-05
"2013-01-09",0.00114074136768754,0.00137119638018292,0.00148694498515412,0.00174220783680778,0.00115124531753307
"2013-01-10",0.00156322401479855,0.00132732315035895,0.00133270386716341,0.00113537247351015,0.00151549277890156
"2013-01-11",0.00580684535625962,0.00609634220610467,0.0061964026787416,0.00660057987035029,0.00659337974942318
"2013-01-14",0.00946124993848076,0.00915749581168787,0.00949095217459902,0.0103658889063226,0.0121088544893204
"2013-01-15",0.000407116207623198,0.000507761414600566,0.000629531530842117,0.00078021079962365,0.00100424483126533
"2013-01-16",0.00222372621080527,0.00213668831811723,0.00206389683868216,0.00178971831003733,0.00145103009594984
"2013-01-17",0.000472680772455895,0.000460362010568337,0.000409663202343197,0.000292695950039221,4.63720059905672e-05
"2013-01-18",0.00362196059173181,0.00371691588538507,0.00366730379484451,0.00323064611124259,0.00193484500323291
"2013-01-22",0.00144582748594816,0.00132040512174694,0.00132901867355198,0.00154024165687042,0.00222940216844568
"2013-01-23",0.000724018522368947,0.000741863246054331,0.00097474016988139,0.00125349493483241,0.00159452035095513
"2013-01-24",0.0116160313848622,0.0115959054425935,0.0125221640086857,0.0136897095317067,0.014834427303222
"2013-01-25",0.00337132650807512,0.00326981558716748,0.00370897802309124,0.00438224250494191,0.00485681921715947
"2013-01-28",0.00243265054293844,0.00161575490881103,0.00238208740226249,0.00261267965467706,0.00237062009242686
"2013-01-29",0.00581533461704978,0.00603316882972431,0.0058876812851499,0.00597026808823429,0.00615595075537894
"2013-01-30",2.28744654155582e-05,1.78734773262838e-05,1.41395490087308e-05,1.1032532444303e-05,7.19997075255879e-05
"2013-01-31",0.00218358683660264,0.00214885105240338,0.00188869716361453,0.00183550850738117,0.0011907690598517
"2013-02-01",0.000227929411852925,0.000113158200494033,0.000159950733555191,0.000208445723572424,0.000371272484263256
"2013-02-04",0.0010274451271872,0.000769709443689408,0.000996174989815794,0.00120837802189082,0.00130922555144545
"2013-02-05",0.000258113921900553,0.000132823000737483,0.00021735455674055,0.000330453183073573,0.00029672521444705
"2013-02-06",0.00748638005339901,0.00689238642052517,0.00681297261958092,0.00741468103031011,0.00799270867523863
"2013-02-07",0.000367157364046781,0.000257884821663396,0.000230182572694156,0.000341888864957582,0.000332062012007948
"2013-02-08",0.0108241838218112,0.0119387249683184,0.0120931669364097,0.011469384266494,0.0111722251852232
"2013-02-11",0.000871171964537259,0.000592814852498167,0.000576292943555037,0.000755772779891478,0.000721970242177898
"2013-02-12",0.00218818839158885,0.0019071306279709,0.00208950809170956,0.00239551020203985,0.00230240299876873
"2013-02-13",7.34043689880552e-05,0.000150178149645197,0.000109714475299496,5.16062927187347e-05,8.54148242703355e-05
"2013-02-14",0.00150379513421462,0.00194051262523192,0.00183187137612342,0.00162724547673511,0.00170208719503092
"2013-02-15",0.00231156439174612,0.0030549851191241,0.00298630224448653,0.00270629639596786,0.00276727476398295
"2013-02-19",0.00148300295057655,0.000903573227155941,0.000921771858661153,0.00121125373184104,0.00120115128247515
"2013-02-20",0.000199339912620522,0.000371207259305767,0.00037917699973103,0.000256466765036825,0.000262835241700188
"2013-02-21",0.000705552690276392,0.000287149281025431,0.00026127158399262,0.000382882262111463,0.000454398330549189
"2013-02-22",0.00426730201484911,0.00543363620566762,0.00564187298547894,0.00529813481892807,0.00520659539855887
"2013-02-25",0.00029632549147877,6.9176243933559e-05,5.11137886939507e-05,6.61081274131024e-05,7.04279386557832e-05
"2013-02-26",0.00453725353042797,0.00324873076779147,0.00296624198366951,0.00289419114415447,0.00269501333164114
"2013-02-27",0.0143285596063581,0.0124856735406242,0.0125843880233624,0.0126980539324526,0.0123780671294734
"2013-02-28",0.0137378034879756,0.0141017578710964,0.013566166375962,0.0134679392509562,0.0133702067416927
"2013-03-01",0.00014910621772185,2.7919366106407e-05,4.28803630070705e-05,5.78547689253001e-05,6.4689611962643e-05
"2013-03-04",7.3264966150553e-06,4.15196891964172e-05,1.90974850793121e-05,1.46234245049345e-05,2.13470959378691e-05
"2013-03-05",0.00167773922706652,0.00116519829933362,0.00132611827892294,0.00130684124217897,0.00129832156985896
"2013-03-06",0.000220460294841943,0.000298060272184612,0.000337999596314394,0.000305748971889235,0.000319629281551215
"2013-03-07",1.30887825362459e-06,1.51453290008632e-05,9.52882381998557e-06,1.05861319924582e-05,1.11495867335137e-05
"2013-03-08",0.00075796799101471,0.000933124870230063,0.000999842330452862,0.00103334994310125,0.000578239543761215
"2013-03-11",0.00121479652104767,0.000896713949757162,0.000761834107629356,0.000792739983333889,0.000712470515108195
"2013-03-12",0.000168198356135678,0.000130174784305672,7.67689978093674e-05,6.91704363739285e-05,4.02432402202719e-05
"2013-03-13",0.000509837517028265,0.000649134426302821,0.000722947036152489,0.000716332885333547,0.000721623377171369
"2013-03-14",0.00119786969660957,0.00141629685086397,0.00149431071611971,0.00153602750667991,0.00159428269971668
"2013-03-15",0.00054785846862627,0.000746627919420524,0.000857392692340193,0.000927973305142259,0.000942881796034996
"2013-03-18",0.00175833832103542,0.00145936569469114,0.00137576263987265,0.00137544945880928,0.00140355158234835
"2013-03-19",0.000945656284505319,0.000539925581945517,0.000491149072119372,0.00047060839354322,0.000391838043741901
"2013-03-20",0.00301717307026328,0.00398720209968784,0.00445592868253434,0.0047032388927749,0.00494644728229339
"2013-03-21",0.000267734593213176,0.000110171214024101,5.94800388167831e-05,2.65473694274218e-05,1.90993276654551e-05
"2013-03-22",0.00333656346538339,0.00374161834230988,0.00386551992778327,0.00420291835198238,0.00392175584354389
"2013-03-25",0.000988927637125998,0.000771266439080577,0.000632169545985655,0.000493895314380596,0.000561191051635891
"2013-03-26",0.00293877191219884,0.00354904584538358,0.00348669817228878,0.00377355685839033,0.00376417126649351
"2013-03-27",6.5026243543901e-05,1.01672714639357e-05,1.10033528716246e-05,1.92053719410842e-06,4.01313306022365e-06
"2013-03-28",0.000470471413653131,0.000696239992555052,0.000720566901253769,0.000836470530267824,0.000886492410320287
"2013-04-01",0.000608479372993204,0.000445606877458684,0.00045445877426139,0.000339051228406063,0.000355696151601776
"2013-04-02",0.00335899281837928,0.00284961976361463,0.00289417165349185,0.00260140487782686,0.00255838046697581
"2013-04-03",0.000818863911812712,0.000872287663180597,0.00078820055905459,0.00102134637336835,0.000963105081322555
"2013-04-04",0.00076170909234693,0.000472410497151062,0.000585237245445056,0.000407573456299729,0.000436523159092319
"2013-04-05",0.00221577261092481,0.00239874107946859,0.0020998313500181,0.00248429410969824,0.00253348940951411
"2013-04-08",4.14136851716025e-05,0.000103833607925618,2.30676898235053e-05,5.16885148695158e-05,3.18309974239405e-05
"2013-04-09",0.000322904451667594,0.000417571001438845,0.000233696550774318,0.000315200835257954,0.000304050095075886
"2013-04-10",0.000100175498453261,0.000127799031360681,2.17730678300389e-05,4.30547921987309e-05,1.13369175499664e-05
"2013-04-11",6.0638054260166e-07,2.03973956342738e-06,5.30460273985997e-06,2.7155533214811e-07,2.28115987897021e-07
"2013-04-12",0.0015801483314657,0.00170399725088863,0.00133126762944162,0.00144718493473751,0.00137655797024454
"2013-04-15",2.93778057669048e-05,8.58170152690926e-06,5.0231477418208e-05,3.80617650563392e-05,4.03375259326271e-05
"2013-04-16",5.22896922070855e-06,9.54837701630217e-05,6.19942944773042e-06,8.94732081295428e-06,6.19818760745819e-07
"2013-04-17",0.0353747618329685,0.0337090299041498,0.0365653712160604,0.03647042733577,0.0366349287921146
"2013-04-18",7.32926906472851e-05,0.000133215619669841,9.46016725862428e-05,9.63289967659976e-05,0.000162296950357137
"2013-04-19",0.00315504646583993,0.00266661166264964,0.00273171406410216,0.00284903384437643,0.00255102742323914
"2013-04-22",0.00018278229285816,0.000571260995026818,0.000649912849824348,0.000639129300901061,0.000729880308684434
"2013-04-23",0.000206074257596081,0.000217964437760578,0.0001551100080289,0.000147631084422722,0.000137615754274653
"2013-04-24",0.0437102038375708,0.0441697237735586,0.0432753155302228,0.0431065631861435,0.043429712935624
"2013-04-25",0.0155885956825675,0.012847588347627,0.0156864442365339,0.0157959404521564,0.0144428041998676
"2013-04-26",0.00104475782675901,0.000589780038878264,0.000616483806842202,0.000710331032872697,0.000581026689536397
"2013-04-29",9.03677617489819e-05,4.56514728272832e-05,1.30674681099044e-05,1.85777886554912e-05,2.26973984698202e-05
"2013-04-30",0.000324735042916648,0.000383451325562206,0.000486268853438249,0.000514240208833375,0.000573847451991789
"2013-05-01",0.000325058681328601,0.000290888878645064,0.000314371299056857,0.000353222158174535,0.000441409576193755
"2013-05-02",0.00346713349680015,0.00339812356947774,0.00379561330725216,0.00367046368300886,0.00394193508497989
"2013-05-03",0.00485118028390329,0.00502208078596254,0.00541843401551878,0.00530355006219663,0.00479835620219963
"2013-05-06",0.000182602925149984,6.20025822815356e-05,4.22249642101194e-05,4.85948339153812e-05,3.58969203233532e-05
"2013-05-07",0.000754481934241791,0.000736809220744635,0.000632639855385667,0.000698769823108763,0.000701855710340587
"2013-05-08",0.000777139378084041,0.000920103876492446,0.00114001519627471,0.00102347822036497,0.00118441895197657
"2013-05-09",4.45259124756371e-06,2.41869143689688e-07,1.11131931143088e-05,3.03092499677518e-06,3.0086690580934e-05
"2013-05-10",0.000356929899263761,0.000471762846825661,0.000672633709216896,0.000579181979237672,0.00069098838928333
"2013-05-13",1.07928027575164e-05,5.60979442930769e-05,9.57724634496716e-05,5.51222242233424e-05,5.88859587703604e-05
"2013-05-14",0.000470866388470042,0.00040939529657613,0.000342592442930309,0.000424002192766422,0.00036847872008117
"2013-05-15",0.00621980499681911,0.00623115860844533,0.00596549710743058,0.00629411758955048,0.00607543810360875
"2013-05-16",0.00336607924861325,0.00328556616299795,0.0029761776484276,0.00324409464538597,0.00297491942637573
"2013-05-17",0.00285209204743328,0.00264164956257889,0.00304464666301671,0.00285028534888435,0.00351861755923293
"2013-05-20",0.000198867789176511,0.000184281928181288,0.000133672950546045,0.000174937152888806,0.000173172747686283
"2013-05-21",0.00140327774738423,0.00126403334719456,0.00108628544871612,0.00120991037148019,0.000940603095345685
"2013-05-22",0.000110007918191288,8.34101561701544e-05,4.09849589206055e-05,8.73412751363035e-05,2.31397680150518e-05
"2013-05-23",0.0010048615108057,0.00169492018713989,0.00194600932982627,0.00164914301752506,0.00219920594968941
"2013-05-24",0.00626488534642785,0.00784938441758003,0.00815108553125675,0.00730428935909637,0.00761491433773558
"2013-05-28",0.00164268799248383,0.00107617057567051,0.00118399612465952,0.00159278292572891,0.001986699483508
"2013-05-29",0.000216175785990095,0.000512673035758347,0.00047218243124626,0.000273337153454491,0.000352106832612217
"2013-05-30",0.00239331306080991,0.00344689587711251,0.00337911329802712,0.00274879285941572,0.00247935213337332
"2013-05-31",0.000526229455815109,0.000911169878571319,0.000925686696669432,0.000558527996457563,0.000494746194978683
"2013-06-03",0.00380154558377425,0.00276658968770729,0.00264405904252603,0.00351775817077667,0.00368703727204182
"2013-06-04",0.00135029776965011,0.00209565162522577,0.00230729883367715,0.00153126545946565,0.00161192569556907
"2013-06-05",0.000308125529549257,7.64632143681807e-05,0.000118473560676265,0.000383189548697871,0.000372576246766542
"2013-06-06",0.000603803518767097,0.000280214093815052,0.000408609189685396,0.000825398203647271,0.000968629003619984
"2013-06-07",0.000629778524734621,0.0011104536279677,0.000857183149295164,0.000465325453379381,0.000489287255170567
"2013-06-10",0.00572479282336961,0.00506179651438133,0.00571429552927956,0.00698566083690561,0.00708999880138797
"2013-06-11",0.00198159534595097,0.00200227326773647,0.00202691674223739,0.00142755787053673,0.00131242614464458
"2013-06-12",0.0011818626547443,0.00140815809725142,0.00145193257103835,0.000946081636426331,0.000824331683555994
"2013-06-13",0.000105011063227126,2.97411371268137e-05,2.72533518353077e-05,0.000171640806245239,0.000169250557866171
"2013-06-14",0.00287243323555942,0.00303746506761383,0.00307705861951125,0.00221362471213622,0.00209554274862118
"2013-06-17",6.86094328598224e-05,5.39249174727915e-06,9.96697781912332e-06,0.00015409363371441,0.00015853756730692
"2013-06-18",0.00245469893809615,0.00273363950941299,0.00266585569916018,0.00184609450662519,0.00160150570161722
"2013-06-19",0.000578753922659288,0.000486394129766629,0.000598515573611432,0.00107411915683536,0.00104165712501348
"2013-06-20",0.000650591174464671,0.000386575537890603,0.000427073907443587,0.000864506467845912,0.000977282644686988
"2013-06-21",0.000716506560906054,0.000436427630016601,0.000485812118742857,0.000817642586666492,0.000830363084930621
"2013-06-24",0.00411756682148783,0.00343728132228888,0.00356847354035571,0.00427441236090497,0.00450723700674282
"2013-06-25",0.00160810999547278,0.00179709692081743,0.00164359588650308,0.00132469907898421,0.00107042838546252
"2013-06-26",0.000311745264753038,0.000243614379137852,0.000192719329530158,8.08052533688155e-05,0.000210635119781506
"2013-06-27",0.000124217937990856,5.41615293200078e-05,1.04055526320005e-05,2.99570089439926e-07,5.33551726668952e-06
"2013-06-28",0.00245017057079938,0.00269050620039855,0.00307173572079454,0.00334267991320009,0.00323378990048102
"2013-07-01",0.000612119771491661,0.000392741898858825,0.000363077197631088,0.000292397626429635,0.0002975878434551
"2013-07-02",0.000545265420440889,0.000709174965361563,0.000747556927827399,0.000737902679398855,0.000571458681794882
"2013-07-03",0.000934376110824781,0.000723002212537703,0.00078947393962294,0.000638314650533689,0.000562530815833481
"2013-07-05",0.00436267698199418,0.00487613679709572,0.00486666127051011,0.00520242717714434,0.00497138416326319
"2013-07-08",0.000668082864595679,0.000585654982244056,0.00065543751109341,0.000607200448660897,0.000597288061897553
"2013-07-09",0.000134766351468222,0.000285866436158832,0.000303666011197802,0.000256023348585376,0.000161189523104958
"2013-07-10",0.000121542863521397,0.00035520242463075,0.000288573414920893,0.000265840525817152,0.000241851778492067
"2013-07-11",0.00269999863003243,0.00231258981759113,0.00253474437872404,0.0025478558196502,0.00296633579063748
"2013-07-12",0.00102630596226266,0.00079356237876136,0.000806544744323623,0.000758477349941041,0.000666943402701286
"2013-07-15",0.000363071807913607,0.000347753320489748,0.00030211487475007,0.000294365493478279,0.0014830342165754
"2013-07-16",8.4823624546464e-09,8.32850195887495e-07,5.45899105770549e-06,3.54117303993874e-06,1.9769858419921e-05
"2013-07-17",0.00234492261317431,0.00201477895783348,0.00191153275861593,0.00200024918072859,0.00247894775752687
"2013-07-18",0.000798643983616809,0.000940122998703662,0.000862441622721261,0.000473448452613066,0.000487586252524031
"2013-07-19",6.76234219146009e-05,0.000577186065499958,0.000540999615267671,0.000265974955536553,0.000265136365186977
"2013-07-22",3.18577416622177e-05,0.000291622433592179,0.000297504490466717,0.000260553196031298,0.000304907112019011
"2013-07-23",0.000146218313920642,0.00010848988799581,9.50529387032911e-05,7.29400479066747e-05,0.000127845357038954
"2013-07-24",0.00300291614360019,0.00340327876880798,0.0035369585569875,0.00380328373881649,0.00390691520565207
"2013-07-25",0.00300329227398362,0.00258096408921519,0.00249568745753629,0.00233693445058277,0.0020479305561271
"2013-07-26",0.000662143891511515,0.000555154728250956,0.000448836912704565,0.000469703223294041,0.000425437565558639
"2013-07-29",0.000271034554298088,0.000314515880728844,0.0002319379404436,0.000215873379937991,0.000184358287688299
"2013-07-30",5.1080136865598e-05,4.77492072091251e-05,2.04853587497099e-05,7.72680367465719e-06,3.69127308958848e-06
"2013-07-31",2.03490228474251e-05,5.39604098129747e-06,1.91266358131507e-05,1.70983883050182e-05,1.23612200747651e-05
"2013-08-01",0.00154621565990899,0.00178788420420085,0.00170772198985618,0.00137510575493248,0.00156497978660835
"2013-08-02",0.00253949479594678,0.00269368914140036,0.00222653418466386,0.00200415033329473,0.00183731237363901
"2013-08-05",0.000372463362485747,0.000264062717037952,0.0004203590277588,0.000453994506383812,0.00092589924922776
"2013-08-06",0.000113985201753414,7.7242179811546e-05,0.000127174114088198,0.000143443527811443,0.000400244360512352
"2013-08-07",3.1254673933235e-05,9.54978089298041e-06,1.91995598963775e-05,1.10809281380376e-05,0.000107173877812047
"2013-08-08",0.00218456232864415,0.00242665739546762,0.00262576608625909,0.0027170840802756,0.00236744015463934
"2013-08-09",0.000651352110807678,0.000744000336418526,0.000453583731788451,0.00037298494175116,0.000162071634357492
"2013-08-12",0.000255852283225528,0.00021241127963107,0.000539453836014309,0.000703828501707911,0.00106759077607178
"2013-08-13",0.0120851900000391,0.0119589558727758,0.0141613624134655,0.0149883554073324,0.0158640401255753
"2013-08-14",9.23119968442048e-05,0.000137336240633217,0.000325529742249048,0.000422513908251659,0.0004160307672311
"2013-08-15",0.000191834898344741,0.000151345890634259,9.62048628459639e-05,7.49253880182936e-05,5.96004962818721e-05
"2013-08-16",0.0041039085416553,0.00398699332468213,0.0034648482145379,0.00330177859053421,0.00301439084148447
"2013-08-19",0.000252051059520244,0.000257078916926411,0.000454854093762298,0.000422172269145779,0.000407066114391567
"2013-08-20",7.7988842665455e-05,0.000100521238435729,4.90863389467402e-05,6.87107680677981e-05,5.20619701812954e-05
"2013-08-21",5.00594917647743e-05,1.94556379681296e-05,3.04355819746866e-05,2.09103547164012e-05,3.04736771052626e-06
"2013-08-22",0.00026928259061267,0.000456138154613328,0.000358425639904154,0.000395026111362954,0.000449685623897382
"2013-08-23",0.0039873443019212,0.00462506782707016,0.00428472576807775,0.00442392638623207,0.004439819042704
"2013-08-26",4.24334643058054e-06,5.84347651014245e-05,5.60059979878298e-05,8.47958845993883e-05,9.97084568923264e-05
"2013-08-27",0.00396936018312876,0.00360744506183011,0.00439153372130156,0.00406021678491887,0.00395372664542848
"2013-08-28",8.8928988587466e-06,4.77736962742013e-05,5.91653183398743e-06,2.47307166595874e-05,4.31268615681914e-06
"2013-08-29",0.00239981687068741,0.00267090728040498,0.00221390756790275,0.00245035596335146,0.00262665200758686
"2013-08-30",0.000171573315525893,0.000279257378500518,0.00015428321140467,0.000216744581443728,0.00023297352460788
"2013-09-03",0.00296780684044758,0.00249209298320615,0.00313671389057474,0.00282924820347563,0.00276963466530202
"2013-09-04",0.00139297371709728,0.00159574336400959,0.00142684485214373,0.00172040875170754,0.00181685437292102
"2013-09-05",0.00309477504956579,0.00328105225919614,0.00309114202415627,0.00345369682223867,0.0035609327229271
"2013-09-06",0.00048744944178988,0.000327849340582489,0.000403293480304843,0.000290653421284863,0.000358835473190776
"2013-09-09",0.000720571366654004,0.00106966429741813,0.000896415925961588,0.0010586030117463,0.00104485407283695
"2013-09-10",0.0287252039896359,0.0275493460583681,0.0282191167763916,0.027683417502352,0.0274142418727543
"2013-09-11",0.000303649888556366,0.000327688358296331,0.000255865662552224,0.000223935416979825,0.0001486675555257
"2013-09-12",0.00157114972956712,0.0014170889439742,0.00169978565655402,0.00169957535322183,0.00193093637375405
"2013-09-13",0.00537992253649217,0.00501669796547183,0.0052550359803514,0.0051729582324749,0.00543784333676997
"2013-09-16",0.00352571044438534,0.00389453600115409,0.00378756439108927,0.00393127304646354,0.00393428090294785
"2013-09-17",1.52545568798472e-05,6.07893414224981e-05,3.30887537603649e-05,4.64599451658031e-05,0.000123770085742451
"2013-09-18",4.84507684731304e-06,6.58576979499769e-05,5.20611762168662e-05,6.01059542635773e-05,9.55872820686418e-05
"2013-09-19",0.00459577052854262,0.00462737079369126,0.00456093526833133,0.0044093419422411,0.00397513831500229
"2013-09-20",1.65891518964182e-07,5.98477007667336e-06,7.97469711051185e-06,3.33904241029412e-06,3.2296556884981e-07
"2013-09-23",0.00974483108039504,0.00942120570853315,0.00944732019422234,0.009527301597472,0.00951983687072771
"2013-09-24",0.00227755586176965,0.00240082241817274,0.00249052247131529,0.00258625184164683,0.00221993217284233
"2013-09-25",2.16329058131696e-07,1.6229810389422e-05,3.49805821650048e-05,5.17986685314583e-05,4.78385883065494e-08
"2013-09-26",0.00405744551473399,0.00484156090724667,0.00493677350896336,0.00501758533032744,0.00467796754947946
"2013-09-27",0.0015540375510583,0.00213577414605956,0.00215678374679521,0.0022275296897554,0.00210548478180631
"2013-09-30",0.000631442662226878,0.000308696508376588,0.000303992302033842,0.000295811296008469,0.000438014328904932
"2013-10-01",6.98121850427247e-06,0.000122508910517691,0.000108924197868863,0.000117146890322852,6.72822605068493e-05
"2013-10-02",0.000132689380125511,0.00041737310811132,0.000370693194946686,0.000385308366454796,0.000270525189697217
"2013-10-03",0.000483778772520427,0.000162822356721804,0.000196402489599696,0.000173892187529813,0.000215485261223935
"2013-10-04",0.00203705886094562,0.0028325734219847,0.00270891645247051,0.00269369247633938,0.00227473167624543
"2013-10-07",9.00273302744907e-06,3.88369675525268e-05,2.2067228600874e-05,2.26872246751488e-05,1.75392112532429e-05
"2013-10-08",0.000803294310578884,0.000371914481163968,0.00039779310939114,0.000461649663897853,0.000404613808772842
"2013-10-09",6.41339330009453e-05,2.05552778654363e-06,4.64701129623558e-07,2.75664285320847e-06,1.42563327965315e-05
"2013-10-10",0.00142176621755436,0.00225327816647516,0.00192433736203757,0.00162236451381509,0.00127059917167916
"2013-10-11",0.00180799589969146,0.00262298835238113,0.00244327529170484,0.00217077749748463,0.0020485226461366
"2013-10-14",3.94863254279051e-06,0.000107488426268348,5.53494289097592e-05,2.78122328062773e-05,2.05851482121574e-05
"2013-10-15",1.29879798637862e-05,9.79517422684128e-06,1.90842400059633e-06,4.73202898628978e-07,6.20514676404568e-06
"2013-10-16",0.00202781142824636,0.00251836329121593,0.00228241816809995,0.00206537928524947,0.00168694066780096
"2013-10-17",0.00206197170416356,0.00253692027312038,0.00234712060836981,0.00212553168261745,0.00199416516292386
"2013-10-18",0.00226600479195478,0.00269034429557705,0.0026182775519307,0.00222457425921307,0.00185737378280014
"2013-10-21",0.000962019776541054,0.000647790676494642,0.000593794619532568,0.000430089395631101,0.00058819755128643
"2013-10-22",0.0388956831900865,0.0365535140152906,0.0365633698830604,0.0347692946276993,0.0344524227837584
"2013-10-23",0.00509359259777429,0.00545384804871021,0.00535711397414524,0.00629772895541031,0.00543772650351439
"2013-10-24",0.00242233725983203,0.0026581256927721,0.00231365969284993,0.00249223144468999,0.000515154108774042
"2013-10-25",0.000398036605057463,0.000534315077995026,0.000471757450346148,0.000321492760790725,0.00020835414282536
"2013-10-28",6.04511671305681e-05,3.85008052839067e-05,2.39432237235402e-05,2.71751470721917e-06,9.53493871610815e-06
"2013-10-29",0.0213756600348533,0.0218066177419147,0.0220685207414667,0.023017310641827,0.025845505879727
"2013-10-30",0.000458498847341089,0.000321892361080394,0.000291973682365538,0.000236937545647842,0.000428431370213226
"2013-10-31",0.00153777509231866,0.00140150526604902,0.00133381347253395,0.0011026142862419,0.000738677567108132
"2013-11-01",0.00092500290591247,0.000896794829927289,0.000959015090727301,0.000803384641408536,0.0005477733270296
"2013-11-04",0.000110720562762093,0.000128756918520966,0.000151883105848749,0.000119047805214052,7.4942448348668e-07
"2013-11-05",8.24272324968855e-05,9.02517905725602e-05,0.000102910940438724,7.07164882760464e-05,3.17434199324194e-05
"2013-11-06",0.000894229737434797,0.00103020442480435,0.00106499880519964,0.000913352803505692,0.000521856839230136
"2013-11-07",0.000650656222918857,0.0005517249800124,0.000524926942910981,0.000610839303175169,0.00100162382520672
"2013-11-08",0.00373515867922169,0.00401613636266931,0.00383625746118447,0.00316009918624664,0.00219228662049504
"2013-11-11",0.00106661504497632,0.000875398139660064,0.000966351361606393,0.00124571972248992,0.00209591491860935
"2013-11-12",0.000532320222645233,0.000694553531935886,0.000639903159683233,0.00054913475104104,0.000409448337175457
"2013-11-13",0.00151619276172476,0.00173816515873023,0.00148450861704281,0.00125663579192117,0.00110513604381491
"2013-11-14",0.00108574390466751,0.00128670470777164,0.00111538481077289,0.000964498113416807,0.000758657003124826
"2013-11-15",0.000933014542947765,0.00106908926967932,0.000788741602946619,0.00070829198622469,0.000514949867115972
"2013-11-18",1.97750021210252e-05,3.18934330530056e-05,9.58763561862383e-06,1.37022721936779e-06,9.45743598000546e-05
"2013-11-19",3.07045154433185e-05,6.99649247269872e-05,5.48599609936277e-05,2.13555591095391e-05,0.000111912137417757
"2013-11-20",0.000596973040103204,0.000872880646836352,0.000847722815943503,0.000582761435657118,0.000282043395907676
"2013-11-21",0.000383232279352136,0.000669389959686591,0.000545714034879074,0.000338238186586439,1.28676894447211e-05
"2013-11-22",0.00214928291062822,0.00280447594810396,0.00228844075736339,0.00207629985087814,0.00172747735931102
"2013-11-25",0.000363676108037079,0.000738259032960608,0.000730517591486007,0.000496128517388673,0.000284118274365864
"2013-11-26",0.000246258357632579,0.000463103512539075,0.000476800663532152,0.000342577944342021,8.90350484379222e-07
"2013-11-27",0.000231197415281328,0.000417065468941794,0.000434180217278822,0.000280883799636598,4.56355038963116e-05
"2013-11-29",0.000254336319314675,0.000371552574006098,0.000378307299433988,0.000248965785145919,5.96773302958823e-05
"2013-12-02",0.00470345841503183,0.00422281833062484,0.00408090470034033,0.00469981518128439,0.00504297045646965
"2013-12-03",5.56491673275612e-05,0.000123107571195664,0.000189708695780513,0.00013458929755331,4.94243292781116e-05
"2013-12-04",0.000272813192855567,0.000113469799514663,5.98652708956015e-05,8.30443999313376e-05,0.000430930628840914
"2013-12-05",5.07389525931401e-05,0.000231859900701677,0.000285245793545258,0.000220777089104972,2.77277911919144e-06
"2013-12-06",0.00138599514999369,0.00198722768825868,0.00223652973123859,0.0023292594434946,0.00104937286464958
"2013-12-09",0.000615513886595956,0.00104516793251198,0.00119150763746124,0.0013041620846127,0.000646612532178162
"2013-12-10",9.70036782384819e-05,0.000320592906577442,0.00040961575833892,0.000420442371826797,8.96919468722834e-05
"2013-12-11",0.00030970204842663,8.32175086519838e-05,4.64722552779857e-05,5.01553869794277e-05,0.000495665077479105
"2013-12-12",0.000292222162043199,0.000641562273423373,0.000808637461636206,0.000740476679910654,0.00038636994871444
"2013-12-13",0.000327663219185483,0.000637105505962047,0.000772237103716091,0.000672545817590804,0.000178841496422694
"2013-12-16",0.000245495175758707,0.000653750958018068,0.000796797438359902,0.00082168685783037,0.00035733819200763
"2013-12-17",3.51392865845298e-05,0.000224851526821334,0.000356019400869195,0.000258471850330235,1.1334214245637e-05
"2013-12-18",0.00899767341909375,0.0072592221930436,0.00692153777903717,0.0069795763934682,0.0100897366841847
"2013-12-19",0.00167569771610551,0.00257470249252304,0.002606667254661,0.00221959467290259,0.0010966420252609
"2013-12-20",0.00407239656979426,0.00539762074040702,0.00579889939391524,0.00552412553197606,0.00380150988668187
"2013-12-23",0.000117920313545665,2.27066200974481e-05,8.96708018936522e-06,2.38260408633869e-05,0.000152649014406285
"2013-12-24",0.000318482348125491,0.000524382619877635,0.000668770704256298,0.000542709446145239,0.000315913516583703
"2013-12-26",0.000846091538720094,0.00110617948495983,0.0013463874470494,0.00116268373579325,0.0008693214963471
"2013-12-27",0.00128796381881595,0.00131913637969649,0.00162353107938367,0.00159831832127021,0.00133909691793747
"2013-12-30",3.4267906695633e-07,4.50408619921678e-09,1.08636104234177e-05,9.01653900638318e-06,7.58140682524035e-06
"2013-12-31",0.00105387299995058,0.000898483870877453,0.0011208800105863,0.00106090123983085,0.00116622369730632
"2014-01-02",2.78942774876014e-05,6.64343843412014e-06,4.16678948776227e-05,2.78665270874348e-05,1.85973799006455e-05
"2014-01-03",3.14342914352079e-05,2.21910770713156e-05,5.05800316686202e-05,2.24787249620369e-05,8.66480473713775e-06
"2014-01-06",0.00329516884800125,0.00348807775143339,0.00308008450302306,0.00294971242341947,0.0031907369323235
"2014-01-07",0.000678458935243403,0.000659133653941348,0.000847536546616307,0.000880005914286357,0.000592145375062034
"2014-01-08",4.17042831486257e-06,5.25173576231415e-06,1.76174461883924e-05,3.54272433047353e-05,1.11465972758599e-06
"2014-01-09",0.00011373623067565,7.02921359676498e-05,3.41072140492907e-05,4.06361822357371e-05,0.000205482084020113
"2014-01-10",0.000446880094575193,0.000494060228234239,0.000578542047189379,0.000638712727765763,0.000514428110684684
"2014-01-13",0.00119666864241877,0.0010428364474486,0.000956446821252116,0.000944651568692854,0.00129203508461047
"2014-01-14",0.0009292394646498,0.00101266615858931,0.00100156873732634,0.00094790536365959,0.000845780338149806
"2014-01-15",0.000298631930375334,0.000446953265420211,0.000540364429479218,0.000559127666099694,2.1334542583815e-06
"2014-01-16",0.000128487879218785,0.000181433307514228,0.000200033811079889,0.000248867116622503,0.000177248672139026
"2014-01-17",0.000110125808970341,0.000147805903952171,0.000180185359080275,0.000282062034545593,0.000182838531641022
"2014-01-21",0.00180625290249034,0.00167016800918774,0.00155086242179114,0.00181709309994343,0.00232119285426081
"2014-01-22",0.000168968596435676,0.000119076891228047,8.54518953129782e-05,1.28589609826066e-05,1.93700659683534e-05
"2014-01-23",0.000169689633641401,0.000141980619390462,0.000148769541055869,5.74954823980846e-05,1.45171583280098e-05
"2014-01-24",7.23767640174105e-06,3.46568120355435e-05,2.32251970015844e-05,0.000476606688783156,9.27349914968623e-05
"2014-01-27",0.00152568767288588,0.000657470816378163,0.000710380279120094,0.000170732814749588,0.000546320443619247
"2014-01-28",0.0173164573643996,0.0142122721448223,0.0147069286162771,0.0136386797630143,0.016412942572668
"2014-01-29",7.81198005186945e-05,8.91897356198616e-07,9.9372555217036e-06,2.97254321227603e-07,0.000101668698225383
"2014-01-30",0.00261590328246542,0.00466206880196006,0.00380262246644308,0.00392489413901152,0.000731312019027275
"2014-01-31",0.00118836339920165,0.00200207834653159,0.00187610119146277,0.00231957613197748,0.000720222403647502
"2014-02-03",0.00111948356802959,0.000655671305885991,0.00083028571682966,0.000773514419533099,0.00245861961475793
"2014-02-04",0.00089661542097875,0.00130317266318124,0.0011046162840332,0.00123296327780046,0.00030451394414114
"2014-02-05",0.000268224999741051,0.000552767737187143,0.00042045885066191,0.00057428567837636,2.43625621992525e-05
"2014-02-06",0.00158192932472763,0.00208701575078663,0.00159427249848429,0.00184133439446554,0.000469010438028704
"2014-02-07",0.00181524671337627,0.00192704721911589,0.00174694737983383,0.00220755021074416,0.00112278053199562
"2014-02-10",9.66252678907343e-05,7.06669164807629e-05,0.000143284710220052,2.86368549991856e-05,0.000737540832202885
"2014-02-11",0.00137689718698662,0.00123861316358404,0.000882029313281519,0.00127915073692155,0.000384021781848724
"2014-02-12",3.68071904889085e-05,0.000109470002826727,0.000232946744257825,5.88529154074438e-05,0.000383837815688614
"2014-02-13",0.00310045822556146,0.00231211440468207,0.00205728756862123,0.00280831137430517,0.00129718542687158
"2014-02-14",0.000243550563954718,7.89109790956584e-05,2.00594301545338e-05,0.000104740456675578,2.02469318052972e-05
"2014-02-18",0.000696129894037409,0.000307126448486667,0.000197303223894151,0.000305196982625506,3.43657628406356e-05
"2014-02-19",0.00116757649394617,0.00187498717335482,0.00243585223283118,0.00211561872952063,0.00304578063611971
"2014-02-20",3.46346547712207e-06,4.67467949323707e-05,0.000136129794826679,0.00011426738245559,0.000385908227136159
"2014-02-21",0.00109110229785449,0.000671443692632036,0.000518113683796644,0.000498363757449456,9.02912698112112e-05
"2014-02-24",0.000462154711076536,0.000927625059319779,0.00113909249327284,0.000999211246031284,0.00161370654229016
"2014-02-25",0.000151138432000338,5.40543429960167e-06,7.34489150233769e-07,1.3421316074974e-07,8.2222575682188e-05
"2014-02-26",2.27634865650551e-05,4.6724466840099e-06,1.72300972950341e-05,3.4313756071939e-06,0.000199391687772199
"2014-02-27",2.98383739818128e-05,1.27215812359494e-07,1.15332938367185e-06,2.22327872347027e-08,0.000133490547172503
"2014-02-28",5.6874876528313e-05,8.572861612478e-06,1.59212313365049e-06,3.63966918321104e-05,6.72177726732132e-06
"2014-03-03",0.000807976538945352,0.000935988284290209,0.00116122268378681,0.000997919003663854,0.00131339531743736
"2014-03-04",0.00196290508941067,0.00219580896296667,0.00206742577073126,0.00231003533901436,0.0014937654721079
"2014-03-05",0.000127908610605709,0.000109641301174857,0.00011604241697678,0.000217973784368272,0.000169823354539848
"2014-03-06",0.000923429549934673,0.00108515517902143,0.00112339105266941,0.00131204865768666,0.00120503497445432
"2014-03-07",0.000263341748456212,0.000304107391905657,0.000262923384127894,0.000339294515805084,0.000291080055674686
"2014-03-10",1.17518060963157e-05,1.53204752236524e-05,3.78124300016108e-05,8.99572059317241e-05,4.84919740773625e-05
"2014-03-11",0.000200139101628453,0.000210283869566162,0.000172699664606213,0.000136496266738932,1.31626930596927e-05
"2014-03-12",8.44067967534601e-05,0.000115149834698965,0.000141002146368419,0.000123148814024214,8.41127258337393e-05
"2014-03-13",0.000293166464191901,0.000222828385045715,0.000248124227879206,0.000263800855113734,9.52169087948734e-05
"2014-03-14",4.73958240082855e-05,0.00010369780213382,7.8577534282266e-05,7.7201928679558e-05,0.000144523234959453
"2014-03-17",0.001071153738569,0.0013613925412189,0.00106764334288692,0.000886530496217394,0.000955171388957593
"2014-03-18",0.000215698289386878,0.000294431030498137,0.000223866048154111,0.00022308493976028,0.000280650456009095
"2014-03-19",2.84206858974281e-06,1.52612319593448e-06,1.71209617449796e-06,3.85320619454682e-07,4.69267367229498e-05
"2014-03-20",0.000101496849127499,0.000148497157663491,8.64063798434724e-05,5.23204144767987e-05,8.24802826285138e-05
"2014-03-21",9.79569808081457e-06,1.09306979645478e-05,1.96279153014191e-05,1.18551393671994e-05,1.49735312915462e-07
"2014-03-24",0.000989387958835267,0.000908096026009575,0.0014671521515153,0.00195435055967125,0.00150620544392849
"2014-03-25",0.000603814668036961,0.000559445657743858,0.000233716270040911,0.00026797620440722,0.000253035293771453
"2014-03-26",7.58324830224606e-05,0.000108712892241929,2.96757244769313e-05,0.000103819881244593,0.000142135117527426
"2014-03-27",0.000376329078801386,0.000428270521697421,0.000908503765001671,0.00086828078084194,0.000589641943515683
"2014-03-28",0.00282245863304154,0.00316305090620176,0.00219917591798112,0.00229595342555536,0.00265146425870444
"2014-03-31",7.00978197494505e-05,5.08441208540449e-05,1.3889861531295e-06,4.2422175491631e-06,1.64664155269001e-05
"2014-04-01",0.000577844069070936,0.000591703209550863,0.00030719805889797,0.000260981471680147,0.000706890886127066
"2014-04-02",0.000224029199215347,0.000194005397284238,7.18533737873915e-05,0.00011053210910753,0.000263967156105252
"2014-04-03",0.000504735514838087,0.000449997769440487,0.000285223606380341,0.000368444640262151,0.000576854068011087
"2014-04-04",0.000150221388730116,0.000265613844973167,0.000514374381341023,0.000401900203203354,0.000208419975146914
"2014-04-07",0.000362429366665973,0.00025902406552461,0.000643135435357686,0.000806699069486481,0.000681570730908336
"2014-04-08",1.91829204316766e-05,1.50498608900403e-05,0.000205888718712542,0.000314113061669387,0.00018983977727768
"2014-04-09",0.000479738576447486,0.00035950125230888,5.80362795748268e-05,1.37627183860045e-05,6.23445722358217e-05
"2014-04-10",0.00018793134515282,0.000167528812764221,0.000409253063422815,0.000437757585806329,0.000355674446638124
"2014-04-11",0.000315097607147686,0.000220441069340312,0.000451314450335485,0.000445353485181333,0.000385821302507053
"2014-04-14",0.000380771032846468,0.000477672159027702,0.000136331151562844,8.73448320003347e-05,0.000257831931589286
"2014-04-15",0.000246248882922236,0.000176743742927067,0.000446656609099704,0.000317270505599646,0.000132341595168778
"2014-04-16",0.000304881717893061,0.000583001764331519,0.000289255700385232,0.000265593556830272,0.00023682006877402
"2014-04-17",0.00155259451147893,0.00189409065803641,0.00132209240465669,0.00167379034803791,0.00257058004218797
"2014-04-21",8.41456608796995e-05,0.000334478978246171,0.000233606127408309,0.000212608052353785,0.00051553047765591
"2014-04-22",0.000871721365113438,0.000855036733274468,0.000549136566158543,0.000714836503758698,0.00117125074528196
"2014-04-23",5.17507220092002e-05,4.50106825954532e-05,2.70958739712592e-07,5.56616573684165e-05,0.000116381367091512
"2014-04-24",0.000740157088518239,0.000782186916840079,0.0014488578483673,0.00118719557915733,0.000900980066534308
"2014-04-25",0.000484496875354795,0.000476805564440294,0.000203306082227778,0.00033815690702068,0.00058681063079598
"2014-04-28",0.00719738410211354,0.00769288420612097,0.00883006314907039,0.00918492773830876,0.0076878507577597
"2014-04-29",3.94116351618016e-05,2.59496956865469e-05,1.41357768491192e-08,5.687625411417e-06,9.8539374239597e-06
"2014-04-30",0.000323668361412617,0.000356158129279449,0.000542054750741322,0.000640089967739775,0.000270454532405207
"2014-05-01",8.73739503772931e-05,6.96988651428369e-05,1.4819840509746e-05,2.86226861580985e-07,0.000108668186397098
"2014-05-02",0.00117175433931337,0.00113844968240675,0.000878980802291718,0.000729920828716141,0.00113958321956994
"2014-05-05",3.93954302875812e-05,1.98431420755677e-05,6.73484770127884e-08,6.94780947328269e-06,4.8582017328259e-05
"2014-05-06",1.57857716546696e-05,9.0539198123876e-07,1.19178786146148e-05,2.89073773350527e-05,8.5500806843011e-07
"2014-05-07",0.000891585203632896,0.00114730946659029,0.00134960456632166,0.00147254150780748,0.00144414359789439
"2014-05-08",0.00079870593222922,0.000687714461101506,0.000489906419057991,0.000361138389556904,0.000555289676302418
"2014-05-09",0.000155533086913729,8.00624656996741e-05,2.66809021471692e-05,1.23017034860479e-05,7.93035397275369e-05
"2014-05-12",0.000611545036977597,0.000499929881756659,0.000336616066305443,0.000338721749097394,0.000638640375954472
"2014-05-13",0.000166598428897263,6.24657011798561e-05,1.86474338362353e-05,4.92452188987758e-05,0.000241837712352644
"2014-05-14",0.000226168673921785,0.000104717051979864,6.87112302507755e-05,0.000102452538666679,0.000431124167889143
"2014-05-15",8.56284936065951e-05,0.000132354097768707,0.000177107447733986,0.000166049485767925,2.62385002215162e-05
"2014-05-16",0.00125200552488357,0.00117895345258689,0.0010157770703202,0.000803587877821982,0.0012144302574377
"2014-05-19",9.13504100424807e-05,0.000137062097287509,0.000194863593845493,0.000289874135952152,6.6642454040985e-05
"2014-05-20",9.88350004955337e-06,1.83704064868706e-07,1.44373023030368e-06,1.09104286412087e-06,4.51824350630896e-05
"2014-05-21",0.00111364931771341,0.00119585609374161,0.00113820363959798,0.00118826456936521,0.00142163136446152
"2014-05-22",0.000587224729411391,0.000577659763576752,0.000576077091073388,0.000701430688089909,0.00105347691904993
"2014-05-23",0.00153090719440213,0.00142846370240615,0.00139995597354738,0.00158250694881094,0.00220354373604952
"2014-05-27",1.58569210912384e-05,2.66660581193865e-06,6.33833831344142e-06,1.10312494058622e-05,0.000128416357171907
"2014-05-28",2.47060869221987e-06,1.06671758325202e-06,1.13786838421775e-10,2.04691633915001e-05,1.94134958812391e-05
"2014-05-29",0.00012145695085075,0.000112410546278562,0.000149632071303299,0.000148740400517275,0.00033664729278343
"2014-05-30",0.00118404013234131,0.00133430427817035,0.00123184166298733,0.0011899978733376,0.000735971105534071
"2014-06-02",0.00182311775015224,0.00186806302047587,0.0016475121500384,0.00151118844517103,0.00108563582400516
"2014-06-03",0.000236512626225814,0.000225226802108434,0.000273193510814247,0.000378696453962704,0.00075706858110016
"2014-06-04",0.000114415183735099,0.00012648273520495,0.000206631547881251,0.000236616566005789,0.000558515076449464
"2014-06-05",2.50062572747616e-05,2.81973721820439e-05,5.42262067401204e-05,7.77394488045858e-05,0.000232140030000436
"2014-06-06",0.000125446229935894,0.00014113631034535,0.000188329454369007,0.000105895688674237,0.000240354265061787
"2014-06-09",0.00284823284631757,0.00281301649713747,0.00259192290963181,0.00269960394833392,0.00188312482426198
"2014-06-10",0.000116719190087796,8.06847705562602e-05,2.75218949783098e-05,2.80499751270685e-05,1.07792345260082e-06
"2014-06-11",0.0004341869951036,0.000496513269165129,0.000586686297595493,0.000735210717816004,0.0012002997505543
"2014-06-12",0.0010995339540531,0.000849373375152998,0.000676633880103664,0.000570698816577508,0.000346796562858397
"2014-06-13",0.000441344611577193,0.00037046967050886,0.000249231893634511,0.000208437148103588,8.19161347235711e-05
"2014-06-16",0.000251402922240944,0.000343448854594146,0.00046563269736984,0.000461632396027597,0.00067233508446705
"2014-06-17",0.000121406870247122,0.000198657457882657,0.000319599048905668,0.000342012300707927,0.000462386446322208
"2014-06-18",8.08496707247907e-06,4.88292162829721e-05,0.000119085919052568,0.000178456386894073,0.000284712290211355
"2014-06-19",8.88189951679556e-05,0.000166044588669395,0.000251742410451529,0.000286191135915739,0.000386301036275342
"2014-06-20",0.000435271428333176,0.000500827131247688,0.000668970493861772,0.000789404039634528,0.00106504496504884
"2014-06-23",1.06049185559301e-05,1.51046857218723e-05,4.44358028873296e-05,7.11396060401567e-05,0.000183615833059032
"2014-06-24",9.34978076721525e-06,4.59442554357209e-06,2.82444459290438e-06,7.85672448625082e-06,5.06991214398796e-05
"2014-06-25",0.000247867143224904,0.000213900847707264,0.000122497476281931,5.8675645920648e-05,9.74021175299086e-06
"2014-06-26",1.38506056034576e-05,7.82030691516201e-06,1.36250377537563e-06,2.45973080309577e-05,5.92140539280747e-06
"2014-06-27",0.000168452723703845,0.000171751673917235,0.000276244503398273,0.00030148881645126,0.000383187006910348
"2014-06-30",4.93968441951025e-05,7.2971134506519e-05,0.000151292979008381,0.000287059504902774,0.000444446560609792
"2014-07-01",0.000197441027553913,0.000201417473784445,0.000353338656065271,0.000435831589535007,0.000223659041335883
"2014-07-02",0.000662676353918356,0.000784929298792326,0.00104495023012676,0.00113219546785047,0.00136464375735624
"2014-07-03",0.000259346663824985,0.000271821093581478,0.000157171760000086,5.55820624879557e-05,1.9774981515188e-05
"2014-07-07",8.55059575226193e-05,6.97623675183318e-05,0.000115146955386574,0.000175362902666187,0.000258061330281407
"2014-07-08",0.00189556721624323,0.00201796014355924,0.00178773915771491,0.00153228049206562,0.00135270744596251
"2014-07-09",5.31848352981088e-05,7.210776568636e-05,0.000119860168809586,0.000161713209485441,0.000248196299300357
"2014-07-10",2.0676707722786e-06,7.72390479111513e-07,1.21674386560139e-05,1.31758966871651e-05,6.07398514098957e-06
"2014-07-11",0.00060948993132592,0.000559451474316032,0.0007260438104356,0.000702268965494411,0.000737081704110095
"2014-07-14",0.00102936571007525,0.000963122740292462,0.00115210426103739,0.00146981765021731,0.00146186363755385
"2014-07-15",1.67378843142891e-05,2.75964301735528e-05,3.49951749559892e-06,4.63159063694762e-06,3.87766255580139e-06
"2014-07-16",1.6554072044677e-06,4.8435858661611e-06,2.12025221985171e-05,6.08388310082883e-05,9.16354638414712e-05
"2014-07-17",0.00228632839400424,0.00238517983187312,0.00209820198576493,0.00183802074397253,0.00189921654627355
"2014-07-18",0.000697200774339833,0.000681480596118512,0.000820568367077979,0.000847620302098174,0.000735944425250339
"2014-07-21",0.00105905768034532,0.00164729009710957,0.00187106415417414,0.00211289349195248,0.00247671026757959
"2014-07-22",0.000743459562562304,0.000848758282224385,0.00100174652321709,0.00104395989249739,0.00109739115230049
"2014-07-23",0.00290332226054352,0.0027097503204604,0.00247734034141273,0.00245382013434989,0.00250691143821809
"2014-07-24",3.27270018730897e-05,3.54089057413154e-05,5.15821005190303e-05,4.31607785270309e-05,2.20626039087504e-06
"2014-07-25",0.000224109015815144,0.000223813754908985,0.000275561991018458,0.000208970424820644,0.000222944460326749
"2014-07-28",0.000117020176040074,0.000159347890005551,0.000123531041200986,0.000169950549870625,0.000195892076031653
"2014-07-29",0.000292156968533034,0.000330858132304729,0.000394821305733836,0.000394514135220575,0.000175481789773442
"2014-07-30",0.000217941199877412,0.000179706891459203,0.00014130742404165,0.000131538220114937,0.0001218442904111
"2014-07-31",0.00147405938199572,0.00135048116396038,0.00145144940180085,0.00151165911439906,0.00144742825069015
"2014-08-01",0.00159305295039984,0.0013548639806552,0.00127458315772212,0.000974985693380777,0.00123683091044987
"2014-08-04",0.00125594136408486,0.00162438317285536,0.00169201786935052,0.00185969086932906,0.00180222119706479
"2014-08-05",0.00218429589387546,0.00243250828038098,0.00231918432151745,0.00180591084634593,0.00187515266086558
"2014-08-06",0.00158232252483673,0.00200404711797076,0.00214174112270801,0.00260372218904735,0.00239411832638333
"2014-08-07",3.52577241497753e-05,7.36720366911699e-06,5.53917032784892e-06,6.86522717318163e-07,4.49736105911612e-06
"2014-08-08",7.04386651585437e-05,4.60652599288237e-05,4.54560062672793e-05,4.07198425061107e-05,6.57828796070661e-05
"2014-08-11",0.00266711230194205,0.00261759874827293,0.00267221004114501,0.00251708643145719,0.00253736558156774
"2014-08-12",5.38722106105943e-06,1.90216464915389e-06,2.91808154987339e-06,5.6970142842336e-08,2.40565045163809e-05
"2014-08-13",0.00162061692209748,0.00158733273694071,0.00162329950248971,0.00157404518379013,0.00169167856843556
"2014-08-14",0.000838370960999384,0.000728023558111838,0.000762309314911341,0.000649224693093505,0.00091883445622032
"2014-08-15",3.24262206819629e-05,8.89901512599436e-05,8.13942039803674e-05,8.50677567986061e-05,4.18487660551869e-05
"2014-08-18",0.00252429807370055,0.00253266270920053,0.00259785240373731,0.00223974900644219,0.00264573373861313
"2014-08-19",0.000114747309400476,4.60469517322546e-05,7.20703274082239e-05,3.69762163887316e-05,0.000173534556847626
"2014-08-20",1.49535853933446e-05,6.45521011057825e-07,4.72890529058502e-06,6.34342267454922e-09,8.02490857913465e-05
"2014-08-21",0.00136030279402921,0.00121916757956679,0.00129352889779519,0.00108734075501241,0.0016260521357412
"2014-08-22",0.000198869391840219,0.000107133549129414,0.00010592506497229,6.77081254082661e-05,0.000195587213377693
"2014-08-25",0.000526647276338651,0.000458039376305318,0.000433659935350888,0.000295524380132188,0.00049850088224023
"2014-08-26",0.00082631689681028,0.000586774260009907,0.000566936064970345,0.000453120614650695,0.000916798897687899
"2014-08-27",7.63425472126359e-06,6.44167077423388e-06,6.55370361672462e-06,1.39596283558551e-05,2.18106820975527e-05
"2014-08-28",0.000308820470591839,0.000157152162096511,0.000150692410551105,0.000155840546745978,0.000411532382996656
"2014-08-29",0.00175852392236301,0.00136085976499123,0.00135411778670669,0.00129668935529282,0.00180455620861438
"2014-09-02",0.000272385373941347,0.0004397456987796,0.000384798139574972,0.000343470118299472,0.00016939247418832
"2014-09-03",0.0363006870166996,0.0373190664340062,0.0368382537456353,0.0370628697686728,0.0355334217063832
"2014-09-04",0.000202419812412193,4.58883359368026e-05,5.00843549652465e-05,4.14926622016586e-05,0.000157051688934308
"2014-09-05",0.0001766143731377,5.25318997856553e-05,6.23448261622694e-05,3.83444385007493e-05,0.000177836883596046
"2014-09-08",0.00062280992008996,0.000519420770836825,0.000509468720880897,0.000425282802549377,0.000756272705355594
"2014-09-09",0.119338759074842,0.122018825581669,0.121967469607456,0.122784415732754,0.120523971468745
"2014-09-10",0.000325787777425564,0.000192234261495928,0.0001477727903204,0.00013057152760198,0.000298415189524864
"2014-09-11",0.0052270197065631,0.0049763866242415,0.00487035247480071,0.00490815048824166,0.0060394981420231
"2014-09-12",0.000128872929858552,0.000127747238201764,0.000121356797299354,0.000130525361681242,0.000394650165839425
"2014-09-15",0.000121181532183307,0.000125300804941549,0.000134168956362599,0.000132947318148937,5.82338912315736e-06
"2014-09-16",0.000122646556564477,0.000115226410745399,0.000132606188857008,8.38355273910048e-05,1.23873989244024e-05
"2014-09-17",0.000180787569926027,0.00018197721530209,0.00020095252648206,0.000216678478790043,0.000515694855784502
"2014-09-18",0.0028890381146705,0.00311510948778979,0.00326973569542422,0.00319711627016271,0.00433993433429288
"2014-09-19",0.000250681116820142,0.000184246748676024,0.000246625240065242,0.00031193044568487,0.000792249351566837
"2014-09-22",0.000250879292859287,0.000306846721985581,0.000257898729203202,0.000227903862586067,2.85404301598134e-05
"2014-09-23",0.000113814136786015,0.000122320933704137,0.000147811312927739,0.000212197176597947,0.000597219541913227
"2014-09-24",0.000120980085139799,0.000153448214374493,0.000125447774031506,0.000134655582918355,6.10013998810003e-06
"2014-09-25",0.00491845857326607,0.00500603004447581,0.00496962794104319,0.00483179793930607,0.00374231238977045
"2014-09-26",0.00323832437059478,0.00334734224504536,0.00324592972490587,0.00321693693650988,0.00439603373241113
"2014-09-29",0.00011335600339773,9.37263494581426e-05,0.000102290361802482,0.000100795312597509,3.2807293403693e-07
"2014-09-30",0.000108665424803124,0.000144950612794407,0.000139113265866874,0.000204156994324662,0.0004309171405685
"2014-10-01",1.31390627252382e-05,3.54699657931831e-07,1.81496973297517e-06,5.30318510341983e-07,4.05782439598035e-05
"2014-10-02",0.000210942727411498,8.01980477814865e-05,9.55286690903983e-05,9.06901892733323e-05,1.38268901877326e-05
"2014-10-03",0.00169886163936377,0.00197453732504981,0.00185245636493872,0.00166854770594271,0.00232846797258908
"2014-10-06",2.99458490358451e-05,5.80760895360699e-05,5.14445463574318e-05,4.72459426676934e-05,0.000198413789924686
"2014-10-07",8.19537463675044e-06,7.88509762986719e-08,7.54763184068266e-09,1.45747230962913e-07,3.76254265458236e-05
"2014-10-08",0.000251601400666277,9.20077991316149e-05,0.000107702950597238,0.000100555711820737,3.53267861879251e-05
"2014-10-09",0.00140798745942397,0.000909681405926963,0.000965035811604838,0.00100590962334897,0.000781341829135596
"2014-10-10",0.00211670306686415,0.00127306271470242,0.00134177159466872,0.00166397769794576,0.00153750077970172
"2014-10-13",0.0015368546584665,0.000758168287577793,0.000818951179503078,0.00104307600969387,0.000952092034099927
"2014-10-14",0.00197829740429864,0.00113494307106536,0.00112774770062864,0.00118304080623852,0.00109074043582705
"2014-10-15",0.0313253915026308,0.0262846261047431,0.0262675142766899,0.0258781736201531,0.0267421519468186
"2014-10-16",0.00166226228035708,7.65551460129011e-05,8.37803603668171e-05,0.000705430184832111,0.000996783366471949
"2014-10-17",0.00878272640122794,0.0148535582542123,0.0149118825118241,0.0143158194191717,0.0134465137371545
"2014-10-20",0.00234672285360399,0.00371067361596085,0.00391900022750915,0.00427370298980315,0.00486926954084431
"2014-10-21",1.31259920635137e-05,1.24388179015752e-05,2.78914018996576e-05,0.000117158213720152,0.000255028615773353
"2014-10-22",0.00267870340043794,0.00189133363188712,0.0017667053684231,0.00249148807906597,0.00320580291049007
"2014-10-23",0.00284013915697005,0.00234630734308547,0.00260421729478354,0.00284180272589591,0.00260370881156443
"2014-10-24",0.00353376622883958,0.00297660390266599,0.00314157035576287,0.00306149131427441,0.00383904914188915
"2014-10-27",0.00108556855318559,0.00073917218622842,0.000756632762864508,0.000637858614717093,0.00126699108814937
"2014-10-28",0.00207614957314597,0.00166198188394713,0.00172198610264448,0.00156013639123565,0.00261577000048057
"2014-10-29",0.000341354739370061,0.000910273071201383,0.00086355992441651,0.00106774646391732,0.000410575937415478
"2014-10-30",0.000769012183957311,0.000514168135319515,0.000536748755130106,0.000370878468990417,0.000740187065414455
"2014-10-31",0.00205615605030895,0.00142534602782975,0.0014716020298718,0.00114035329786299,0.00189538678986184
"2014-11-03",0.000391140257883177,7.06355836201379e-05,7.91137028564378e-05,5.07964607090642e-05,0.000219085112255506
"2014-11-04",0.000422041976628795,0.000104529284388696,9.75498364898907e-05,6.88304686316373e-05,0.000191486005556428
"2014-11-05",4.43476456781754e-05,2.69329085205973e-05,2.2557650129407e-05,2.63854606813278e-05,3.12983806816897e-07
"2014-11-06",0.00187422998649372,0.000944124618796107,0.000968507040968753,0.000939669176098258,0.00124524166964339
"2014-11-07",0.00121717894440721,0.000567505628903918,0.000586411782723266,0.000522156207633276,0.000793351271809618
"2014-11-10",0.00272067518352597,0.00157374151192089,0.00162473233503698,0.00153913508838645,0.00195318495778443
"2014-11-11",0.000394098798255564,3.36377335734692e-05,3.7318472179889e-05,2.24742657971079e-05,8.27107464114794e-05
"2014-11-12",0.00010518627777446,5.47452785889233e-06,4.00872327803605e-06,1.2856700726292e-05,3.77470779555016e-07
"2014-11-13",0.000176283977488853,0.00050740626521462,0.000490930721855779,0.000521724228883411,0.000371316984768709
"2014-11-14",0.000905740460375266,0.000509743553210843,0.000525256810148362,0.000430526006100698,0.000512153551862137
"2014-11-17",0.0011179261701922,0.00167912907528322,0.00168265498251609,0.00177176781650173,0.00172817850179728
"2014-11-18",0.000926311872210736,0.000653265657709244,0.000625438021841909,0.000464223417131839,0.000610109242256365
"2014-11-19",0.00156719343825519,0.00178897108311951,0.00183902078693458,0.00198082660458644,0.00193857931350344
"2014-11-20",0.00080319376231089,0.000661319944409954,0.000626294985386693,0.000407153913125797,0.000457670549951329
"2014-11-21",0.00060329785195406,0.000695989340585466,0.000743263707816419,0.000849450107488551,0.000700538917867308
"2014-11-24",0.00139783927683968,0.00128132708985222,0.00124044270896508,0.00128124962171977,0.00162940319226461
"2014-11-25",0.00161463315219289,0.00157486116035464,0.00158446763120707,0.00162345550955105,0.00132941244902626
"2014-11-26",0.00106934270585871,0.00106006694312282,0.00100082900096179,0.000913556262528397,0.00119937241100972
"2014-11-28",0.00271059527060484,0.00244962253034607,0.00247707079763062,0.00276983349089142,0.00236521826123234
"2014-12-01",0.113458062464242,0.114129034429064,0.11451897325739,0.117606071469223,0.118132438616763
"2014-12-02",0.0062915814870104,0.00562844028629665,0.00560105600580614,0.0051188260591649,0.00528964576440636
"2014-12-03",0.00117512958712468,0.00122274489352531,0.00121472126846309,0.00124583449193977,0.00132292981623664
"2014-12-04",0.000851140600117827,0.000979247327293043,0.000968300640296033,0.00100367214107514,0.00112130580158388
"2014-12-05",0.000662047532171995,0.000985067752437019,0.000975566608976728,0.001156402604546,0.00130141494392796
"2014-12-08",0.00256208697877683,0.00235843132052799,0.00240593859863794,0.0021961335129027,0.00207819477592982
"2014-12-09",0.00248809876391154,0.00193598336842106,0.00194851822459921,0.0018858984466014,0.00176196548832576
"2014-12-10",0.00183962925301499,0.00126984784216458,0.00127016978187419,0.00139381372535821,0.00136709617487529
"2014-12-11",0.000117708360187967,0.000339906472053291,0.000360045272262838,0.00023209847324435,0.000183506193894626
"2014-12-12",0.000809212957121943,0.000515331030921501,0.000485240318564979,0.000539102364885869,0.000565046260214582
"2014-12-15",0.0180632796924653,0.0159024829524804,0.0156964397356703,0.0160992104836482,0.0163426656353059
"2014-12-16",0.00505189397528207,0.00407994600249692,0.00396038655829965,0.0041520827598442,0.00415069294326766
"2014-12-17",0.000388355255780714,0.000166689038170263,0.000153208342377302,0.000165141413155086,0.000174848598388243
"2014-12-18",0.00610651996331652,0.00719933018773065,0.00725201961357365,0.00704218588985056,0.0069504553665137
"2014-12-19",0.00141534522920723,0.00116982871220178,0.00114487502278148,0.00129912580500481,0.00126954423130404
"2014-12-22",0.00608383729593427,0.00525927494790223,0.0052729163326363,0.00537953967979839,0.00503158174060746
"2014-12-23",0.00408457376102873,0.00359410064398789,0.00369405439320796,0.00411383808251166,0.00422090243603768
"2014-12-24",0.00116086629443198,0.00111084698969782,0.00118849250154236,0.00126156522864426,0.00134168598426389
"2014-12-26",0.00268149246532839,0.00297844828644268,0.00291891808737947,0.00276818561885596,0.00282093451682346
"2014-12-29",0.000262089448968984,0.000365374716916214,0.000243240311183546,0.000241589885335922,0.000197430203281108
"2014-12-30",0.000124165036057999,3.56049966923803e-05,0.000102371183271223,0.000174897812804821,0.000168410334222092
"2014-12-31",6.53735754373216e-05,8.82527883912435e-06,3.68465718467375e-05,8.39180877885687e-05,0.000121699501943918
"2015-01-02",0.00955003226858125,0.00817678622855835,0.00851607680028819,0.00914626631703104,0.00947760242798905
"2015-01-05",0.00229563079901083,0.0015024215609609,0.00154462710739125,0.00186011433272175,0.00189156472706916
"2015-01-06",0.00684157738424835,0.00616686102191515,0.00615004153462495,0.00667025920863844,0.0067574334554156
"2015-01-07",7.48464206129064e-05,0.00015415449760395,0.000163487333105073,0.000130368489640876,0.000128879412120149
"2015-01-08",0.00237464007818835,0.00237022677643132,0.00250685374599994,0.00250560242949987,0.00258641448843453
"2015-01-09",0.00178833413783142,0.00285580522586621,0.00273177272020018,0.0026565737101747,0.00266976630053862
"2015-01-12",0.000545195350797003,0.000798936965106538,0.000769509945823441,0.000760533588114228,0.000779232539387678
"2015-01-13",0.00141580858156118,0.00168315019335334,0.00163226391120716,0.00177749004857775,0.00189866854831537
"2015-01-14",0.00154080165287609,0.00162852192985015,0.00153447012279429,0.00147498355663674,0.00155445398087227
"2015-01-15",0.00175852401515823,0.00149964268682525,0.00138220182131624,0.00133245655956329,0.00138115647364343
"2015-01-16",0.000308018366889155,0.000310263781068037,0.000405945583079845,0.000187267368985578,0.000190949983335741
"2015-01-20",0.000339876324457154,0.000444693469746135,0.00030426975921393,0.00018089235399495,0.000184651111113696
"2015-01-21",0.000195201024509071,2.47856570347375e-05,9.58253529429534e-05,0.000139781201573221,0.000125315575347045
"2015-01-22",0.000132575219971522,7.10631231107888e-05,0.000208683700324538,0.000302428542377109,0.000257907184676726
"2015-01-23",0.000945450311707708,0.000821611663493426,0.00114609729189889,0.0008966964720013,0.000977396517162096
"2015-01-26",0.000799605649592657,0.00142868988048898,0.00177854367083911,0.00238481632352581,0.0026141154222374
"2015-01-27",0.00368415037439592,0.00487264856588646,0.00438786400548599,0.00413591361739794,0.00387306366540501
"2015-01-28",0.00616722702217402,0.00734028421075802,0.00664771395174052,0.00650091641249521,0.00615042244430251
"2015-01-29",5.23027568605433e-05,7.9329407428976e-09,1.75126760979477e-05,3.93528760964555e-05,4.15507092291758e-05
"2015-01-30",0.000159961442882047,0.000267931758734756,0.000168788638063016,0.000163266843477411,0.000151832419478595
"2015-02-02",0.00278748968193158,0.00347916202536604,0.00332059903284263,0.0032367076015365,0.00300706664094898
"2015-02-03",0.000582031898467763,0.000239992378316261,0.000245708552803217,0.000281342482326773,0.000419907792523631
"2015-02-04",0.000322319252986389,1.66696631587883e-05,1.61027788782443e-05,2.86977100194698e-05,6.66317196635674e-05
"2015-02-05",0.00339551720765206,0.00215158138201529,0.00231054555733874,0.00250654878313836,0.00284501264409993
"2015-02-06",0.000184377043593261,2.39799951298152e-06,1.82825639640674e-08,1.02903663187025e-08,1.54833012411457e-05
"2015-02-09",0.000484193786451395,0.000101439929970445,0.0001257745082946,0.000124658456867455,0.000251892322795646
"2015-02-10",0.00197710878006955,0.00120780753057815,0.00127467131603337,0.00131360977888682,0.00166553203626947
"2015-02-11",0.000492074087690942,9.29693909213536e-05,0.000100657344706519,9.24465559961438e-05,0.000233633036299414
"2015-02-12",7.19804607490425e-05,0.00024210354768748,0.000217667186977037,0.000232812963963407,8.61733188247714e-05
"2015-02-13",0.000385688368340266,2.63699703576704e-05,3.83616582413422e-05,2.25704364080155e-06,3.19660265593124e-05
"2015-02-17",2.12018722785948e-05,0.000283897701970777,0.000252252429203333,0.000377907879815627,0.00019375155531032
"2015-02-18",0.00131140419151356,0.000652220058116641,0.000685162323212061,0.000745073668164113,0.00107906851799689
"2015-02-19",0.0030649520680276,0.00246388012497242,0.00250366763239983,0.00269374339936015,0.00322672887907728
"2015-02-20",0.000581726358634523,0.000424517011851386,0.00045246245674455,0.000304303821584172,0.000496368332289811
"2015-02-23",3.01350312695594e-05,4.1274036336078e-05,5.69378696097962e-05,0.000133818575354655,0.000193153858189997
"2015-02-24",0.00202463843048947,0.0027713362175171,0.00258015396789847,0.0023882952369967,0.00233666939684583
"2015-02-25",0.00389217938909768,0.00490812721035767,0.00457036375822641,0.00453192437847742,0.00448281370791427
"2015-02-26",0.0082383192061547,0.00976230165754739,0.00927361136529522,0.00890509852741585,0.0091439137739004
"2015-02-27",0.000248038698401468,5.51967193567548e-05,0.000102957713166201,8.40548200020426e-05,6.59505842292513e-05
"2015-03-02",0.00024197729416321,0.000165086232767446,0.000218879000568722,0.000214574399228199,0.000209282362210851
"2015-03-03",3.61653964560719e-05,2.6215204843911e-05,4.41272037371007e-05,5.19216152846226e-05,6.81162973536227e-05
"2015-03-04",0.00025138284250717,0.000265621457935544,0.000330292676047311,0.000370995121570455,0.000378303935022364
"2015-03-05",0.000368690883301318,0.000280452939074763,0.000184665013633076,0.00016490467016522,0.000168797407728246
"2015-03-06",0.000730841121849694,0.000989557253341017,0.000754564867519834,0.000843966900965214,0.000907830862794043
"2015-03-09",0.00989765802598963,0.00935267073566525,0.00864978704849105,0.00883879672992923,0.00903751558124842
"2015-03-10",0.000127286594942122,0.000230756577678918,0.000138407936328526,0.000113031482047571,0.000126779607165318
"2015-03-11",0.000702696476107873,0.000631453741750027,0.000511612022008734,0.000441968107640755,0.000447780280434126
"2015-03-12",8.16962822093911e-05,7.0682500351001e-05,8.80510607694138e-05,9.89506041716678e-05,0.000104349134621859
"2015-03-13",9.67080576035204e-05,0.000108960351159137,0.000144564543918909,0.000111036147280139,0.000115874332092307
"2015-03-16",0.00163162184065028,0.00192403276365971,0.00204460957641546,0.00190594071366637,0.00189192021749176
"2015-03-17",0.000775534358773865,0.000986493915733685,0.00110263342594944,0.00109837528649751,0.0010736094732265
"2015-03-18",0.00092785047774431,0.000649951641244481,0.000546408562539946,0.000562430133506169,0.000581375724869396
"2015-03-19",0.000906850866602341,0.00147285116590469,0.00160702587283091,0.00145665278552355,0.00142393172470224
"2015-03-20",0.000697160361114894,0.000963831101853351,0.00108624879601084,0.00113660934934241,0.00114355662071155
"2015-03-23",0.000250779475978526,0.000629817236773449,0.000624154088960976,0.000811905677247236,0.000890019052889237
"2015-03-24",9.76823184363667e-05,0.000221666166786428,0.000242162370047266,0.00019467617373347,0.000231183978072871
"2015-03-25",0.000174612794616591,0.000107410724595822,9.66698484203757e-05,0.000121772857891169,9.24630455146663e-05
"2015-03-26",0.00214435405024515,0.00154291806061274,0.0016275335375903,0.00172636443582962,0.00154959812258436
"2015-03-27",0.000973925852385623,0.00130844657805967,0.000980007256193967,0.000914013230690294,0.00104557228339884
"2015-03-30",0.000765050862987962,0.000889097590828223,0.000677457479961413,0.000690112598137434,0.000819078691134913
"2015-03-31",9.95517522688572e-07,7.6550547828865e-07,1.9302746364122e-05,7.01019964721057e-06,8.24281333871983e-09
"2015-04-01",0.00259406645765744,0.00251335549331799,0.0028321389794582,0.00268353150452709,0.00241344397568901
"2015-04-02",0.00207917612213984,0.00236805841045571,0.00176779530443482,0.00199200766585637,0.00219271240125129
"2015-04-06",0.00023625039168706,0.000263602036022314,0.000153269989905182,0.000180550890953171,0.000267955923798202
"2015-04-07",0.000526207601165451,0.000526346539052401,0.000505584936830556,0.000434787956791995,0.000557050459907323
"2015-04-08",0.000733380755906517,0.000802656733993931,0.00077633625848065,0.00095055766006699,0.000774936266724862
"2015-04-09",8.79106198787587e-05,0.000113628784705634,0.000102325100716309,0.000109450497801645,0.000180295679275685
"2015-04-10",0.000449201474025644,0.000499948135770576,0.000568719197178571,0.000599527846217406,0.00075090364118898
"2015-04-13",0.000322680045097016,0.000256345620268564,0.000369201255935746,0.000447943992185706,0.000571009453345587
"2015-04-14",0.000344520798125439,0.000321459218562578,0.000497757607075721,0.000586417669200259,0.00071196820046147
"2015-04-15",0.000444650046919895,0.000461011115460518,0.000659113733071111,0.000602896101230238,0.000744486388839857
"2015-04-16",0.00014368081466764,0.000131480088511758,0.000269048403439367,0.000252689005724552,0.000347798932975216
"2015-04-17",5.23571621127837e-05,5.79902078742608e-05,1.3648536193943e-05,5.90250634799136e-05,2.26735134795095e-05
"2015-04-20",0.000460166156945382,0.00130878381492629,0.00175479361889749,0.00131430913553512,0.00157980313957899
"2015-04-21",0.00025741864094107,0.000166621613981906,0.000326426314308855,0.000194935495326281,0.000294919929442328
"2015-04-22",9.63726943475027e-06,5.37996448580034e-06,7.01131339204652e-05,0.000133717965762002,0.000218747271443113
"2015-04-23",0.000154679477250519,0.000121537848884554,0.000220489748033716,0.000379946262657849,0.000502139147092456
"2015-04-24",0.000754846898641375,0.000648741443352127,0.000966138003560003,0.00115634395153089,0.00130876173903056
"2015-04-27",0.000556956493683938,0.000597897751190869,0.000454482021892481,0.000408758829245441,0.000307136695947267
"2015-04-28",0.021524268211864,0.0221774053122745,0.021646423026631,0.0218596021409416,0.0210847102551389
"2015-04-29",4.38125911720994e-06,4.21443812463839e-07,2.12452329583394e-06,7.27843284121521e-05,0.000138747946821376
"2015-04-30",0.000600970071532593,0.000710908802915856,0.000835792773803404,0.000703226744626782,0.000583641815083492
"2015-05-01",0.00118099787459622,0.000900533233276687,0.000698749884379758,0.000737885618882718,0.000854636952085195
"2015-05-04",3.92012664817531e-05,3.98612343927228e-12,1.63486085789391e-05,5.04132664141598e-06,2.6145462586997e-07
"2015-05-05",0.00022990075371541,0.000499890735524131,0.000715835077458905,0.000642978670088965,0.00053568702220891
"2015-05-06",0.00228855441253323,0.0026011465836378,0.00302741536974522,0.00272645334410668,0.0024751843564026
"2015-05-07",1.80719369308751e-05,1.72337869299313e-06,5.65965592054408e-07,6.11917456697164e-06,7.01933337352246e-09
"2015-05-08",0.00151765128694788,0.00138713468280937,0.00136059014742999,0.00148787910900969,0.00168718452445259
"2015-05-11",1.82230200661016e-05,7.37335766600292e-05,6.26294531747275e-05,9.22678149660556e-05,4.72648679516116e-05
"2015-05-12",8.16728097774226e-06,4.14498975295889e-05,2.04939031699732e-05,4.27665322118627e-05,1.99586544191744e-05
"2015-05-13",0.000155873001203836,0.000137185667489406,0.000199654190172013,0.00014015214815435,0.000189414213810245
"2015-05-14",0.00198241633117635,0.00204169386367126,0.00241111473823916,0.0023464554880852,0.00255213512639701
"2015-05-15",7.58876974054888e-05,6.35145967404312e-05,0.000149940753921983,9.55956594476827e-05,0.000111190192004008
"2015-05-18",2.03371056884509e-06,1.80398453006896e-06,1.07233740536517e-05,1.66302058531867e-06,2.02417907757941e-06
"2015-05-19",0.000465916729476586,0.00030839540743144,0.000498324939660396,0.000214236417043888,0.000194367357175961
"2015-05-20",0.000134961892581219,0.000190392542220228,0.000413457542178253,0.00017790000793294,0.000136440393280213
"2015-05-21",0.000742886469944188,0.000924519793562611,0.00133785789285392,0.000895708903480888,0.000809206317567904
"2015-05-22",0.000726917234257443,0.000877509833090738,0.00126297164581786,0.00085123369155038,0.000759618866700035
"2015-05-26",0.000707746537809885,0.000585464713865326,0.000361181439216398,0.000613836206103996,0.000639422016835226
"2015-05-27",0.00125802143440463,0.00142775267742558,0.00182201719454043,0.00126976623956889,0.00121275373733413
"2015-05-28",0.000466768038354217,0.000636109135410613,0.000904526709377341,0.000546337030948795,0.000515433668038571
"2015-05-29",2.37981140389791e-05,3.36014941734251e-08,1.75898326054742e-05,9.24843275596227e-07,1.16412699599906e-07
"2015-06-01",0.000104559654057813,0.000270783001881309,0.000396507840572737,0.000385301413955056,0.000369062433115133
"2015-06-02",0.000107571938829315,0.000230790570187342,0.000315494882151426,0.000241066822120058,0.000235491928911447
"2015-06-03",0.000666876617116173,0.000977710062195892,0.00116339039886019,0.00104050396841733,0.00105848316878979
"2015-06-04",0.000133762644572495,5.61694444481336e-05,2.47215082391358e-05,3.38501797156942e-05,2.64867476060668e-05
"2015-06-05",0.00023848169242953,0.000399334018138221,0.000468386013929258,0.000437541666568141,0.000508215515219307
"2015-06-08",0.000140094816575228,0.000116948650518167,9.31642631247276e-05,0.000155572727383133,0.000109880625026109
"2015-06-09",0.000237997040900865,0.000241701051050472,0.000214359539951658,0.000186033105559112,0.000129238363528252
"2015-06-10",0.0010810381474234,0.00107323568001547,0.00111755247401668,0.00111975700044854,0.00132109309741145
"2015-06-11",9.8797122809573e-05,0.000124180573856242,0.000120788416324386,0.000113387023303498,0.000199913676327108
"2015-06-12",0.000297962820801185,0.000360401419452922,0.000331532071906492,0.000369272140694697,0.000524511587144909
"2015-06-15",5.52080643029618e-05,2.6474845963383e-05,3.21968771284874e-05,3.42263883120142e-05,7.07494646958666e-06
"2015-06-16",0.000759828123572485,0.000907920241020721,0.000872018709049904,0.000892568130391109,0.00104938300058027
"2015-06-17",1.70757183196121e-05,2.36097286168747e-05,2.51442712294486e-05,1.07897395179449e-05,3.51195948886689e-05
"2015-06-18",0.00127286744557212,0.00143940883931991,0.00145157145822614,0.00129502784165941,0.00145580738463107
"2015-06-19",0.000771924999213763,0.000889560035330587,0.000921769388962653,0.00093729062750937,0.00108862047310762
"2015-06-22",0.000341409571198712,0.000335503700677181,0.000353080239607688,0.000297805710947645,0.0003668244180402
"2015-06-23",0.000769221164539459,0.000780037643853772,0.000805867053602863,0.000752424929539059,0.000864975055272746
"2015-06-24",0.000584112444057115,0.000580060031896779,0.000550316808333965,0.000567504838168529,0.000494595948576101
"2015-06-25",0.000225699970899806,0.000237710376272227,0.000259749350743759,0.000215688769126815,0.000264401834600536
"2015-06-26",7.94349631721633e-06,1.09926761348584e-05,9.24076720048435e-06,5.1207094304733e-06,1.4045079601107e-05
"2015-06-29",0.000503511414146406,0.000483054790380159,0.000515659213840606,0.000507786553443853,0.000436742664752981
"2015-06-30",0.000398383694417713,0.000322870689997712,0.000357512955276987,0.000361525890259709,0.000302437238447168
"2015-07-01",0.00138344485354895,0.00151821540217902,0.00142236070128758,0.00148276013393897,0.00160763910190015
"2015-07-02",0.00108254588692977,0.00108213037319675,0.00100686964136659,0.000904728555636772,0.000959725957572967
"2015-07-06",0.000113431715517041,0.0001123094700243,0.000112045766556438,0.000125405251885416,0.000114223495303636
"2015-07-07",0.000482813290783519,0.000539705673011111,0.000559725425576385,0.000550135363503507,0.0005232419878424
"2015-07-08",0.00121804213839479,0.00109439548370836,0.00111193191378955,0.0010952493582115,0.00105677337013123
"2015-07-09",0.00205547525312271,0.00203704826008877,0.00208815123982836,0.00213883468250961,0.00207438884113793
"2015-07-10",0.000892626096062664,0.000676870583460075,0.000658006002790285,0.000616844030419453,0.000579537160251572
"2015-07-13",0.00286825856655984,0.00246766857942188,0.00236802088332186,0.00256247550630404,0.00242018522114473
"2015-07-14",0.000766619185057291,0.000517465013898606,0.00047827339839648,0.00041983092237968,0.000341119868799294
"2015-07-15",0.00050787993101166,0.000362438881095336,0.000334234174334316,0.000289922101722274,0.000229477540588554
"2015-07-16",0.00125458419973753,0.00121015227667915,0.00116361343573371,0.00110250755569475,0.00103487436372398
"2015-07-17",0.000180121236289848,0.000274891491443794,0.00027257937679382,0.000316177147186135,0.000291585001162998
"2015-07-20",1.58918124523392e-05,0.000166662616039054,0.000162037177943469,0.000309840180682503,0.000252572781638464
"2015-07-21",0.0018181832323193,0.00177173786240019,0.00173806411021725,0.00179187788720165,0.00197167299827315
"2015-07-22",0.0146254773892551,0.0151453474024452,0.0150659459021921,0.0151639497121006,0.0153832725063333
"2015-07-23",0.0023047488994078,0.00164085547432466,0.00160423834311123,0.00179879524977384,0.0020391397416766
"2015-07-24",1.75527175806284e-05,9.56977248180272e-05,0.000118051755515342,0.000341399971151023,0.000302816332583467
"2015-07-27",1.34264221588211e-05,2.29537393614007e-05,9.7782428078623e-05,0.000162856490070619,0.000140428810652249
"2015-07-28",0.000469653995004426,0.000444930557359525,0.00029779824479532,0.000168547497137645,0.000236103864179803
"2015-07-29",1.36359139421868e-05,1.01683829005091e-05,5.55373053101792e-05,0.000102733179229306,6.37179859432933e-05
"2015-07-30",0.000267733779660507,0.000246998531985055,0.00016151188110638,7.71455801522959e-05,9.00195513395742e-05
"2015-07-31",0.000245339884821356,0.000194073644754211,0.000122206495542045,0.000103485515164081,0.00010205238415239
"2015-08-03",0.00834737938726858,0.00911896267358334,0.00953301372591308,0.00974528299612701,0.00945404298915156
"2015-08-04",0.0235100664242277,0.0243748423223146,0.0249125015409184,0.0246412107379441,0.0243723727662039
"2015-08-05",0.000391832777982226,0.00074556640970203,0.000770896992527751,0.000600249470400633,0.000603690121577671
"2015-08-06",0.000803432870265112,0.000501538042037047,0.000464542995493086,0.000536472877090319,0.000547196187069019
"2015-08-07",0.000185316831450392,0.000117726801566516,0.000103127993470647,0.000181577083654699,0.000166166500477759
"2015-08-10",0.00112325724443566,0.000937626330368648,0.00114871032079999,8.97162585128711e-07,3.82820610755737e-06
"2015-08-11",0.00540565598673972,0.00582993816993287,0.00565788189067933,0.00751629570823138,0.00714013856494863
"2015-08-12",0.0237075312453978,0.0239609745567571,0.0234300828093924,0.0233961752822908,0.0228099723870245
"2015-08-13",0.00310248076875874,0.00318099418274844,0.00339426176243275,0.00632441761864753,0.00633198866937646
"2015-08-14",0.00135407559428802,0.00136292929517585,0.00144971238325574,0.00228438083441692,0.002520697377312
"2015-08-17",0.000243915155477214,0.000244987750645573,0.000345740392882342,0.000509711385987318,0.000646203802642843
"2015-08-18",0.000777377133972805,0.000840122984976815,0.00101671388199432,0.00119226031612212,0.00135221494863945
"2015-08-19",0.00225027297257526,0.00188701114745748,0.00152904587730365,0.00146560197700378,0.00127311509180051
"2015-08-20",0.000902382426566667,0.000527314032716966,0.00022981027563506,0.000298797114899326,0.000178949624103969
"2015-08-21",0.0507637207436375,0.0477686719387614,0.0444645550520636,0.0449633997461597,0.0439385665077359
"2015-08-24",0.519624717595661,0.506210462366206,0.493578403170014,0.487721174437036,0.480486980161436
"2015-08-25",0.0674804898266926,0.11400938927042,0.11531464227511,0.119467180977645,0.177050864729914
"2015-08-26",0.00917714090805685,0.0134603956178587,0.0117588557381402,0.0111231893145747,0.00699889086676715
"2015-08-27",0.00664754756212389,0.00393368869928332,0.00415206267506837,0.00451502073161924,0.00753595241046085
"2015-08-28",0.00691687378288684,0.00383020970353912,0.00350562666914057,0.00394305036135899,0.00580829000616265
"2015-08-31",0.000950827409670227,0.000154284190658296,0.000122088879862561,0.00027879438660405,0.000532154800368142
"2015-09-01",0.010577295046862,0.012011708525823,0.0128411421933187,0.0131166991881267,0.0171984704988708
"2015-09-02",0.000809007241840763,0.000593022183322599,0.00043562980574431,0.000531901936698104,0.000157382401856548
"2015-09-03",5.61092519791121e-05,0.000110144568417031,0.000150929788083802,8.68184780170242e-05,0.000335573880790185
"2015-09-04",0.000232176087915693,0.000129714817526101,9.90890095742654e-05,0.000175944225433429,6.63495601464059e-06
"2015-09-08",0.00237153130749297,0.00200148069999398,0.00208810720873118,0.00236989736824032,0.00149820273645015
"2015-09-09",0.00971659403818753,0.0104903758433958,0.00972885807651437,0.0092231268545988,0.0119152458087275
"2015-09-10",0.000413109968186392,0.000319958202548018,0.000423926943239474,0.00035581070518798,3.95249027606109e-05
"2015-09-11",0.00747578213030113,0.00744811782772461,0.00717183989356,0.00666730158202615,0.00474722392140708
"2015-09-14",9.11303360438985e-05,9.16249337690801e-05,0.000127093881110184,0.000190979918182607,0.000641423698705246
"2015-09-15",0.00321991206555505,0.00281504304412149,0.00248616552047495,0.00205969337587005,0.00121639059001965
"2015-09-16",0.0024295044048384,0.00224162954079491,0.00237192422092535,0.00199036396550553,0.00120001917845686
"2015-09-17",0.0111132533035936,0.0114513105463139,0.0100458751425776,0.0103899305253958,0.0117293418897175
"2015-09-18",0.000259417665073527,0.000183653845782155,0.000369959126750444,0.000165852109854562,1.57705096033969e-05
"2015-09-21",0.00229219567780183,0.00192653022492801,0.00225575899703277,0.00182739553585914,0.00123184942965044
"2015-09-22",8.86502231805733e-06,5.40971950701537e-06,4.24441902421109e-05,1.57285250272153e-05,4.51826976800635e-06
"2015-09-23",0.00342670528790381,0.00288646705265135,0.00305953236524424,0.00276628229561981,0.0020920432647488
"2015-09-24",0.000253102472800112,0.000394231231137518,0.000458454300430664,0.000637215472269559,0.000919523088351665
"2015-09-25",0.000219798991722251,0.00017536172387902,8.42507829808665e-05,8.97503369960638e-05,6.51522079685075e-05
"2015-09-28",0.000957062482134679,0.00108835875419875,0.000460434595855721,0.00048327649175823,0.000476467952536491
"2015-09-29",0.00469070876434181,0.00494298052513119,0.00226725296490312,0.00184642986691824,0.00161306861510545
"2015-09-30",0.000261087205305952,0.000437519461950085,1.63836795384487e-06,8.00533223789998e-07,4.36951849644849e-06
"2015-10-01",0.0018131986032495,0.00231313929310453,0.00159466968028091,0.00155214877912752,0.00174473060086468
"2015-10-02",9.97554364369084e-05,5.56426794361894e-05,3.03676714790544e-05,2.41124450758764e-05,4.61257504249013e-08
"2015-10-05",0.00168132609476504,0.0015216243716777,0.00149450823188672,0.00144585389495013,0.00108141265705916
"2015-10-06",0.000431889382610452,0.000622207048387578,0.000382406973723836,0.000709054233924091,0.00106373147758949
"2015-10-07",2.39085879543628e-05,2.71475003508179e-07,0.000184928404377461,0.000104628044994564,6.9391897862919e-05
"2015-10-08",0.000600207971871836,0.000730954603965155,9.9232656302013e-08,4.47047440281722e-06,7.9414439939154e-06
"2015-10-09",0.000415597297268126,0.000263748444422329,0.00152468147498025,0.00140312968868282,0.001317212792297
"2015-10-12",0.0022948472412841,0.00187470245716801,0.00333759155879723,0.00302550739958925,0.00285346484691973
"2015-10-13",9.78452148807809e-05,4.51214798563528e-05,0.000313195140911507,0.000292933008944039,0.000222075806183221
"2015-10-14",3.08416165254031e-05,4.35893991538944e-05,7.11951312951305e-05,7.63641815247979e-05,4.33576156004371e-05
"2015-10-15",0.000293021807590802,0.000253764710468457,0.00132321855831514,0.0012476581818804,0.000982786737838258
"2015-10-16",0.000382724338412227,0.000445829541874049,0.00166493527886896,0.00145032626855265,0.00159419731135344
"2015-10-19",6.18371956612225e-05,0.000146270158343735,0.00108385458290022,0.00137722631987405,0.00197122710310428
"2015-10-20",0.00184757716823908,0.00240001473351844,0.000338055824999744,0.000445369233806166,0.000394436328787969
"2015-10-21",0.000282863843558714,8.70674752380998e-05,0.0010891474231864,0.000792818572848284,0.00087699331238428
"2015-10-22",0.000160109019232631,3.72586790485519e-05,0.00205611669446373,0.00171040340649875,0.00147483145258024
"2015-10-23",8.4374559968995e-07,1.55123446775694e-05,0.00152743458557228,0.00045251665039071,0.000457462403672368
"2015-10-26",0.000238063294874255,0.000466990231411483,2.63341301719215e-07,0.000127879825254406,4.65160808909325e-05
"2015-10-27",0.000447641018775149,0.000776597586452692,7.84423404994526e-05,0.000497614114902451,0.000244468731626034
"2015-10-28",0.00360832895375355,0.00432657968856334,0.00299819053493982,0.00425842827218443,0.00354128944302497
"2015-10-29",0.00389900405423389,0.00313626108793771,0.00550428827859578,0.00427777888839091,0.00368664991604633
"2015-10-30",0.000755957107987636,0.000479007597842831,0.00335396482952876,0.00308947664199578,0.00266904718276967
"2015-11-02",0.00214547275473687,0.00162317731262563,0.00295461877291896,0.0022884910487124,0.00180660659206343
"2015-11-03",0.000152169854022152,0.000312623212808607,6.71944134354171e-07,2.38932810710501e-05,6.73700721955821e-05
"2015-11-04",0.00012292131857611,0.000237699517631816,2.96151269670769e-06,2.55609608189979e-05,7.87495485512577e-05
"2015-11-05",8.58900807758358e-06,1.594740425651e-06,0.000297085530726978,0.000121337465101507,7.20532443373766e-05
"2015-11-06",5.17187730462121e-05,8.60546024739539e-06,0.000593844832423492,0.000283636853577284,0.00024709297983
"2015-11-09",0.000189780079352732,0.000326229020798194,6.88134874978443e-08,6.98709522732147e-05,0.000151981653913735
"2015-11-10",0.00208353382353013,0.00259972529411181,0.00140677425013364,0.00210978497953264,0.00227420140472215
"2015-11-11",3.43686606146062e-05,0.000165949089663173,1.08516671560526e-06,3.93367198070017e-05,7.02341277700882e-05
"2015-11-12",6.24566380360402e-05,0.000221585195084901,6.78802378327285e-05,0.000237595533990931,0.00034588886160145
"2015-11-13",0.000563459596366346,0.000872475867300488,0.000447898139915682,0.000784302464904408,0.00118832867487157
"2015-11-16",0.000287634448950695,0.000531510489856745,4.57862270927142e-05,0.000137007740141032,0.000240890279072485
"2015-11-17",0.000290839785303345,0.000159008460466092,0.000634138242393477,0.000371501632285257,0.000397183056555308
"2015-11-18",0.000184230936980418,0.000174607280636184,0.000603982756742746,0.000430021310139441,0.000452654221359572
"2015-11-19",1.2122841251013e-05,1.29198141179757e-05,0.000223824933992254,0.000131214597945058,0.000129587597223672
"2015-11-20",0.00237350185542759,0.00235329574091267,0.0027170935735205,0.00237978140553432,0.00199262397633748
"2015-11-23",3.68640338083496e-05,1.8160244031985e-05,1.76484201658854e-05,1.08188214677909e-06,1.20113619221027e-07
"2015-11-24",0.000341721459767016,0.000230271268030167,8.79556366659989e-05,0.000173701245120815,0.000144919767599878
"2015-11-25",0.0028798205791144,0.00329713747338176,0.00344132411800367,0.00283444556232151,0.00271993170675055
"2015-11-27",1.1196986793213e-05,5.75716481709869e-05,7.25478886364707e-05,1.18175307855427e-05,2.16608444350839e-05
"2015-11-30",1.4392893226269e-05,6.1117960852219e-05,0.000272076384419793,9.98829918365861e-05,7.96897835037441e-05
"2015-12-01",9.97644876920431e-05,0.000185890144657451,0.000454427288662506,0.000399913185188208,0.000320239464912983
"2015-12-02",5.88718920704051e-05,1.2562965546448e-05,6.17215419927592e-07,2.40185018262479e-06,1.83225754964278e-05
"2015-12-03",0.00149232085883622,0.00123305328640553,0.00118220799054001,0.00137639767033161,0.00147912436957166
"2015-12-04",6.94064454732502e-05,2.6158846870685e-05,6.67432732179207e-06,9.69576882178514e-05,0.000104195697835411
"2015-12-07",1.00417798701431e-05,1.1228151630145e-07,1.93996531578215e-06,1.13809754034886e-05,2.20845619386886e-06
"2015-12-08",0.000415312490164778,0.000323835676166607,0.000222682282198354,0.000296923486005333,0.000309632446671587
"2015-12-09",0.000359208581483715,0.00028553099568726,0.000324324579529317,0.000504585706202213,0.000581265354225928
"2015-12-10",4.92006649091602e-05,7.64595533475424e-05,0.000296920489080433,0.000123666421241174,7.61682318166085e-05
"2015-12-11",0.00107717875728731,0.000957683014482956,0.00129819687106088,0.0015009797870442,0.00174306831862921
"2015-12-14",0.00762801503094456,0.0075397853993249,0.00923514745922365,0.0102848909608118,0.0106589212339838
"2015-12-15",0.00304625515538374,0.00287563224840736,0.0024744343115241,0.00190450784324686,0.0019972458278048
"2015-12-16",0.00659268977726797,0.00696984062790598,0.00804355340694187,0.00876223287707087,0.00903646446608886
"2015-12-17",0.000974282167793574,0.00076589570034008,0.000346824032128676,0.000181025252603825,0.000275326700403513
"2015-12-18",0.00302949966646692,0.00349659596335297,0.00406652352396855,0.0044566915549628,0.00474088052209854
"2015-12-21",0.000346602242855268,0.000196750160453944,1.36508781415272e-05,3.45035220605063e-06,5.99324917545969e-05
"2015-12-22",0.000467971430693602,0.000285446812143919,0.000100509275366058,4.54375951351979e-05,8.87832777879482e-05
"2015-12-23",0.000937397790124902,0.000639068141435813,0.000386824690417335,0.000312164780723132,0.000465742731566122
"2015-12-24",0.00017323307855716,7.24103654935141e-05,7.21505327550777e-06,1.78521895071772e-05,4.52930680763672e-06
"2015-12-28",0.000599994861671905,0.000370102027582466,0.000182526779153086,0.000144550770054794,0.000264296947371236
"2015-12-29",0.00164165649544028,0.00133264138673084,0.000830242084884639,0.000842082858135813,0.000955619292996673
"2015-12-30",5.71878235471447e-06,2.97265432073516e-07,6.06867877753698e-05,5.77874038447995e-05,7.16165390004907e-05
"2015-12-31",1.48918789641632e-05,1.49197188391715e-06,5.83047699599416e-05,6.42847352699391e-05,3.95325541695743e-05
"2016-01-04",0.0135774945496319,0.0143030565344908,0.0160312247255166,0.0160098281732331,0.0155530454728785
"2016-01-05",0.00259290967308118,0.00306508008491417,0.00295737383242285,0.00313117965361964,0.00270580765699447
"2016-01-06",0.00221825333668181,0.00289572602848159,0.00411308303671063,0.00473349322113158,0.0045100745407458
"2016-01-07",0.00444383135019924,0.00538518912427397,0.00725497436496514,0.0078543859177735,0.00752851934994034
"2016-01-08",0.00178171686486154,0.00250249811487977,0.00322012226137637,0.00387588117099781,0.00406963037887855
"2016-01-11",0.000181932248547215,0.000490087858872963,0.000966813373057366,0.00119416622525821,0.00118128320779491
"2016-01-12",0.000531025288732092,0.000942608907340473,0.000872421388863552,0.0012204831249562,0.000976439774935424
"2016-01-13",0.0066249291622373,0.00783621571831276,0.00829784330864871,0.00921711321271279,0.00888222802569451
"2016-01-14",0.00287746896139528,0.00365039886893875,0.00448875036689003,0.00592456852144514,0.00545671681441851
"2016-01-15",0.00572950593144782,0.00660298279126123,0.00672765797211033,0.00769730163226226,0.00763342791054988
"2016-01-19",0.00112130722002794,0.000822368429166192,0.000844960588820032,0.000530360984501586,0.000536034544435498
"2016-01-20",0.0135656674056839,0.014579921944709,0.0143223301680813,0.0161263069353644,0.0158080728966579
"2016-01-21",0.00051686816187324,0.000772879387927583,0.000481361079752329,0.000757129390779186,0.000977702798355637
"2016-01-22",0.00352478892405719,0.0028631090532927,0.00326634768154128,0.00276444077854769,0.00238391852719946
"2016-01-25",7.16588449946895e-05,1.68616197868997e-05,3.01986809438416e-05,0.00295949044062132,0.00271528524733082
"2016-01-26",0.00224147377003118,0.00256416429623947,0.00301896369313654,0.00540665125977761,0.004861768444586
"2016-01-27",0.0129522201299803,0.0136946660688063,0.014866403848806,0.0164586877303541,0.0155058361449264
"2016-01-28",0.00121105706112855,0.000996609494801882,0.000837600185921514,0.0011282199006674,0.000726498307543975
"2016-01-29",0.00168016733684875,0.00145564503778996,0.00230459238341518,0.00237306169809434,0.00263255045370019
"2016-02-01",0.00144183381622736,0.00103304404981994,0.00193317678158745,0.00345263685665935,0.00449222287310232
"2016-02-02",5.09522435354804e-05,1.83071723273829e-06,2.8426742485167e-06,8.11533268874821e-05,0.000208103009224638
"2016-02-03",0.0061210421600294,0.00702131146656579,0.00799345948434933,0.00669096844169306,0.00582832747782557
"2016-02-04",1.75275935041015e-06,4.58643017617647e-05,3.59299886330984e-05,1.45865999518825e-06,9.31634761819837e-06
"2016-02-05",3.42481085821465e-05,4.61363265868721e-07,2.94911231671493e-05,3.55988936994192e-05,2.50113127631386e-05
"2016-02-08",0.00365730263026864,0.00450029545348973,0.00422022353508752,0.00306438116059335,0.00296661358327285
"2016-02-09",6.5951181659198e-05,0.000217614987011564,0.00010035437824015,8.42530199558227e-06,7.23982296362665e-06
"2016-02-10",0.000846639422664665,0.000351117330295113,0.000354815055748616,0.000844175840484425,0.000904514125322137
"2016-02-11",0.00223952593241758,0.00328201278244129,0.00366139067256902,0.00243273509284918,0.00231811479823887
"2016-02-12",0.0100033101270386,0.00772756201595251,0.00804534007606297,0.00942383258027203,0.00486715584555699
"2016-02-16",0.000663441009914179,0.00019212786727032,7.68419598857917e-05,0.000329580937447126,2.33925478629495e-05
"2016-02-17",0.0002917634400718,1.76480610457202e-05,7.81965821912933e-07,4.24264499663171e-05,3.92890274598245e-05
"2016-02-18",0.000660796606426331,0.000235711391254454,0.000184533752896431,0.000270550216974867,1.66727318616897e-05
"2016-02-19",7.65697800417329e-05,7.18774302709089e-06,2.31512293608575e-05,8.40135861067722e-06,0.000323742542377612
"2016-02-22",0.00170355917035517,0.000934596277567799,0.00107602783154407,0.00124416118122313,8.89570090683835e-05
"2016-02-23",0.00138217130242287,4.38887688023486e-05,0.00023927232270966,5.72165687358164e-06,8.20597109143568e-05
"2016-02-24",0.00195614425182665,0.00424485272220698,0.00581056392287763,0.00542334844517469,0.00882085421755552
"2016-02-25",0.00110641328364806,0.000294155795917415,8.44688256572649e-05,5.12773317820683e-06,0.000667139484012475
"2016-02-26",0.000124246734881167,1.67904661630666e-05,9.6949653333948e-05,0.000250257458786372,0.00186413401216007
"2016-02-29",0.000240335603083906,1.23299448893042e-05,0.000225755804583223,0.000369444161828546,0.00100922487757421
"2016-03-01",7.16576260457807e-06,0.000579988146555467,0.00116919865527403,0.00176984321465,0.00301620104841413
"2016-03-02",0.00033126052040936,2.55257493473576e-05,0.000216418073935801,0.000429356998746818,0.00112367408555999
"2016-03-03",5.4286508112031e-05,0.000200697538440931,0.000504875783800848,0.000678546829284359,0.00150005882919856
"2016-03-04",0.00026819860975917,0.00134056790529342,0.00220947927300336,0.00277461407778047,0.00394714106587312
"2016-03-07",0.000243069085609846,8.17877551015178e-06,6.50749684597923e-05,0.000202894514311144,0.000690837990003276
"2016-03-08",0.000415412497091049,0.0015288129602712,0.00187678235444264,0.00280692369776815,0.00441686265612152
"2016-03-09",6.2143778054801e-05,0.000128137208033619,0.000378271347175919,0.000827654507086497,0.00173226116221259
"2016-03-10",0.0021445586752992,0.00393941366818016,0.00454662222986917,0.00550563932692404,0.0074515251447141
"2016-03-11",0.00516199055362784,0.00296171622276169,0.00265106385214166,0.00190611546762289,0.00109636139793734
"2016-03-14",0.000853321552825694,0.00013025802028302,4.87822822478603e-05,1.59780905427388e-05,4.98415245704824e-05
"2016-03-15",8.37005063416509e-05,0.000686378087323012,0.00106076925991381,0.00134750277038426,0.00215953667787341
"2016-03-16",6.96621534366677e-11,0.000261789178578477,0.000533624795986715,0.000579186921720426,0.000372112573793573
"2016-03-17",0.000109666837888492,3.0380035656734e-05,9.71950056047717e-05,0.000154166821763497,0.000470166461603382
"2016-03-18",0.000547576573351555,0.000106598203646688,6.1931003971707e-05,9.2780366940629e-05,0.000326563466033061
"2016-03-21",0.00161527149204172,0.00306260843228211,0.00372357043248483,0.00387929016628767,0.00285613512374097
"2016-03-22",0.00133457619326886,0.000672703498230773,0.000302035464788071,0.000307846089675747,0.000599348649201563
"2016-03-23",0.00044870285439212,8.46163888519712e-05,6.92129023985495e-07,6.82164333943292e-07,4.69100441628153e-05
"2016-03-24",0.000443323973842103,0.000173956988288855,0.000180335595422984,0.000221436699382193,0.000223344573698192
"2016-03-28",0.000208886455527625,6.74750535488093e-05,3.14838416058412e-05,2.30672727144786e-05,2.21756029602588e-05
"2016-03-29",5.93142679244337e-05,4.33207720744978e-06,3.20922892892494e-07,8.29082396169985e-07,1.36750388921874e-07
"2016-03-30",0.000967011276696597,0.00141394415225993,0.0016692270639925,0.00157619871291666,0.00156041384323862
"2016-03-31",0.00130708418461516,0.00114036211027674,0.00112834011549937,0.00114087951173476,0.000969956724554544
"2016-04-01",6.93962625812969e-06,1.04882214090393e-07,9.00507630650104e-07,4.64039854056437e-07,4.86180359133408e-05
"2016-04-04",0.000447316424558181,0.000542689598393065,0.00054797849956361,0.00047553406347939,0.000728975052910972
"2016-04-05",5.02340723967971e-06,1.7363596643322e-05,3.21814573161139e-05,4.13085933471662e-06,4.15196287784183e-05
"2016-04-06",0.000591700319753332,0.000475152423265588,0.000511730444886497,0.000685541061396807,0.000439362721716658
"2016-04-07",3.17927630290805e-05,5.35962492732836e-05,8.84564287327945e-06,2.60046324444262e-09,2.5085442912754e-05
"2016-04-08",9.74115919283821e-07,1.019661835536e-05,4.22084666820631e-08,6.8647281122492e-06,2.95331044021968e-05
"2016-04-11",2.37769439390194e-06,4.42522161418041e-06,2.08119356658496e-06,4.89517411902958e-06,0.000139277349159256
"2016-04-12",2.4343406685001e-06,6.15075937468661e-07,1.36984733662317e-06,5.75963789634333e-06,8.38851181827512e-05
"2016-04-13",0.00064451008263784,0.000593018023254873,0.000611314873077956,0.000681183671051368,6.78954252868389e-05
"2016-04-14",0.00106240675454389,0.000980818149041974,0.000996507262291628,0.000965441568092064,0.000357257004586469
"2016-04-15",0.0012174509093178,0.00123610774393732,0.00130957902961006,0.00133556729799305,0.00247001827841004
"2016-04-18",0.000418536784866068,0.000444541801632766,0.000282237523552818,0.000299133586814751,6.2813149760966e-05
"2016-04-19",0.000113014222447299,0.000101411468993162,0.000174203475046543,0.000182309263309603,0.000723464557726505
"2016-04-20",0.000393399117285671,0.000438333613028775,0.000500270437916514,0.000507845993505806,6.42044755548265e-05
"2016-04-21",2.56717592944352e-06,2.47759058740341e-06,3.50442295048496e-06,7.25231334886614e-07,0.000536867586938414
"2016-04-22",0.000125332722940226,0.00015915185485429,0.000187135514624863,0.000520343499479815,0.00142208352694273
"2016-04-25",0.000561593644807459,0.000231097054112581,8.16324008612543e-05,0.000111302819215146,3.74784064980444e-05
"2016-04-26",8.14336036040208e-05,0.000173698861999559,0.000457133590953108,0.000444746260248357,0.000700479850527718
"2016-04-27",0.0118535990265561,0.0113099683251513,0.0122266825714729,0.0120579993643361,0.0150283935005491
"2016-04-28",2.19749982374221e-05,3.79124677164336e-09,4.44036832452273e-05,4.23845871861734e-05,0.000610269114225689
"2016-04-29",9.92759574279451e-06,3.72246449869982e-05,3.61538532485978e-05,7.60354951470959e-05,3.43189088254635e-09
"2016-05-02",0.00014420854019392,8.80425126274178e-05,0.000332660714222606,0.000441132666641327,7.25323877712831e-05
"2016-05-03",0.000163719224973067,0.000264700655541456,0.000370651453872283,0.000248328625802057,0.000942233327515039
"2016-05-04",1.88613140192965e-05,8.31542196651644e-10,2.69695358866778e-05,4.34216093865139e-06,0.00025018868510591
"2016-05-05",0.000880707280843628,0.000783605904835784,0.000589183768685393,0.000705846164101259,0.000303498012404649
"2016-05-06",6.9948699367514e-05,0.000116473685079794,0.000158376664420466,9.19137760118581e-05,0.000349610122925044
"2016-05-09",0.000520778168741658,0.000489693662814362,0.000450189171173899,0.000476302150560959,0.000187107682268798
"2016-05-10",1.25088952477723e-05,1.09325253211045e-05,8.75610158166906e-06,2.26044429096183e-06,0.000116247591541802
"2016-05-11",0.000414286513945975,0.000445929036241234,0.000234169410622033,0.000286783946762199,5.37893099718416e-05
"2016-05-12",0.00458290729128863,0.0045337348927397,0.00532803912973332,0.00540652699327574,0.00683013478823258
"2016-05-13",0.00015773405448429,0.000186904447157155,5.66723754826633e-05,9.78975429081262e-05,6.96283493910993e-07
"2016-05-16",0.000206078812571305,0.000211444281425907,0.000201370505357662,0.0002137673383941,6.83181271273386e-06
"2016-05-17",0.000284190071313314,0.000351898334561564,0.000517901077953327,0.000383100086546909,0.000854318012195256
"2016-05-18",8.1441357797709e-05,7.83350153966967e-05,0.000118851778025609,8.21929148808911e-05,0.000342053011529733
"2016-05-19",9.11402206109744e-05,4.58742207463116e-05,1.91849342471769e-06,2.40568458459054e-08,0.000133910172464145
"2016-05-20",0.00310386880275932,0.00303242245413409,0.00242328482005876,0.00237033400656245,0.00144443942306902
"2016-05-23",1.50249392133708e-05,2.2805360219624e-05,8.34854800600809e-07,2.43539542165978e-06,3.91060965113481e-05
"2016-05-24",0.00134752784562644,0.00146609269333329,0.00121080198721859,0.001310254740599,0.000576240434183698
"2016-05-25",0.000125518050747621,0.00024522409451396,0.000113634362960959,0.000126691843775388,6.11476302883643e-06
"2016-05-26",2.87664490551215e-05,0.000134142103498374,9.56104581529501e-05,0.000156456852740518,3.58836651686632e-07
"2016-05-27",0.000543983632892452,0.000836218680605112,0.000775286882794902,0.000928497868248692,0.000376350531686051
"2016-05-31",0.000591970903566661,0.000887988735653755,0.000640693567767496,0.00070180563685497,0.000293633661509603
"2016-06-01",0.000266449132018964,0.000405743795980251,0.000306984458081314,0.000282083046377084,2.24898124806257e-05
"2016-06-02",0.000319680240560309,0.00022039143296313,0.00032746339974289,0.000311761956260496,0.000943560657893076
"2016-06-03",0.000829523508360709,0.00109966228630519,0.000894201500235975,0.00101647772525723,0.000396302035859404
"2016-06-06",0.000748041112931307,0.000912137272560866,0.000891952086716675,0.000902262444400377,0.000336558360279636
"2016-06-07",0.000696956697611892,0.000901492757321304,0.000657274453613094,0.000747529471267378,0.000284114897682581
"2016-06-08",0.00102411993443054,0.00136044170094788,0.00110446077842512,0.00119120703811409,0.000531559594770152
"2016-06-09",4.13216910882714e-05,9.50258546895938e-05,4.49947829352387e-05,5.54607217985574e-05,7.95665014120099e-06
"2016-06-10",3.84784795443588e-05,0.000131670622385668,9.56351304046838e-05,9.0162726282401e-05,1.69219476883109e-07
"2016-06-13",0.00116101891476275,0.000999586487578026,0.0010407211799879,0.000983252412603364,0.00144734625645989
"2016-06-14",0.000113868521994832,0.000240513389592795,0.000216423779195504,0.000214591408422718,5.66026719109221e-05
"2016-06-15",7.60784214265522e-05,0.000131653401135303,4.29114771193058e-05,7.30217222104382e-07,0.000104386047660311
"2016-06-16",1.81568068807902e-07,1.5405124013643e-06,3.18163370075359e-06,6.59577378307629e-06,0.000124651701478887
"2016-06-17",1.29318591991857e-05,4.56459673970581e-06,6.02989641814698e-06,1.82237597199014e-06,0.000111874795416866
"2016-06-20",0.00176175262953764,0.00189258281958441,0.00160694200435562,0.00171040684315468,0.000956739858129895
"2016-06-21",0.000140175758898511,9.85668078460977e-05,0.000150851795692555,0.000184516705544343,0.000524899805823747
"2016-06-22",0.000377693998679382,0.00057095570102852,0.00046928631426869,0.000445384728633914,0.000158431368503323
"2016-06-23",0.000309048581895521,0.00042911329753829,0.00058817481156596,0.000657958571099834,0.000304838845281098
"2016-06-24",0.00672005364157188,0.00633280820935735,0.00670884404066627,0.00655555631099095,0.00848895152355885
"2016-06-27",3.31881205739832e-05,4.5039520792296e-05,1.60612076874366e-05,1.59270244288808e-05,0.000122467583842633
"2016-06-28",0.00227035591745235,0.00216100841089491,0.00190786175329157,0.00171464994777645,0.00127814857344427
"2016-06-29",0.000178760071254456,0.000189115723633884,8.8074586745447e-05,4.17312579932437e-05,3.54890405182001e-06
"2016-06-30",0.000635038451523385,0.000633291654876714,0.00040289723817295,0.000450935815693536,0.000345166996003684
"2016-07-01",0.000612854368416719,0.000698786526851811,0.000409032208772017,0.000292461277107079,0.00032196798655753
"2016-07-05",0.000872345658692016,0.000922950312845359,0.000619845040293175,0.000659386431863702,0.000837324540507242
"2016-07-06",0.00104599840327616,0.00107243049601218,0.00113309522938442,0.00106772091148112,0.000819003345873682
"2016-07-07",0.00135975783683118,0.00138224332039598,0.00118857480551816,0.00108676311458604,0.00145867249155648
"2016-07-08",0.000753068174142094,0.000776659617889352,0.00070283823403148,0.000799135022391702,0.00101602545404952
"2016-07-11",0.0013731604007482,0.00142606217300965,0.00132458100013801,0.00131767944660822,0.00185695551061296
"2016-07-12",0.000575265620835058,0.000577530748873569,0.000429128354694874,0.000495140145308849,0.000561174188599641
"2016-07-13",0.000400764994843656,0.000364434949727305,0.000186485299305873,0.000255112520144096,0.000303391030657979
"2016-07-14",0.000499068068377264,0.000472577395315969,0.0003288840946395,0.000386535161580262,0.000453928558571945
"2016-07-15",0.000421269821548937,0.000400975518460166,0.000291870593219993,0.000302332208758539,0.000274503276513854
"2016-07-18",0.000741812083482125,0.00073664553603007,0.000802249659797112,0.000970016167037443,0.00119612447349903
"2016-07-19",0.000455226850516616,0.000434781174809599,0.000249557970082495,0.000294459134689581,0.000384416248203934
"2016-07-20",0.000725154420694872,0.000652943810022816,0.000498955203026995,0.000572356778664048,0.000567739232073963
"2016-07-21",6.83713210931112e-05,6.0362988147248e-05,2.38512761652776e-05,4.90334315111917e-06,1.89650897546091e-05
"2016-07-22",0.000241512627926,0.000201941974665532,0.000131971520912907,4.82533070947284e-07,3.41483747432218e-05
"2016-07-25",8.42764554731099e-05,3.87351022723804e-06,3.0079172841573e-05,1.71336890014945e-05,2.92202271364053e-05
"2016-07-26",5.63832810438574e-07,2.19231340570575e-05,0.000117823293697213,3.37067030116175e-05,2.61987371721328e-06
"2016-07-27",0.000434143032535844,0.000577275502370474,0.000669921505134587,0.000495590262742077,0.000197089730351968
"2016-07-28",0.00188927052711827,0.00175783344774687,0.00141759031561552,0.0015641402334802,0.0014833345892677
"2016-07-29",0.000282441563126692,0.000215948803917459,0.000478074675342018,0.000630748376792536,0.000514253791390691
"2016-08-01",0.000969919106872557,0.000761371770976717,0.00044415521511828,0.000498163802518647,0.000439343591878249
"2016-08-02",0.000223598936017641,0.000401366965384078,0.000540116702967229,0.000544722973106545,0.000704347372580925
"2016-08-03",0.0015476993465072,0.00126133607946289,0.00146237732179984,0.00149537810623229,0.0012245042215519
"2016-08-04",4.29147239004251e-05,1.46743453556292e-05,1.74821600518387e-05,1.02564782425895e-05,3.99515558334342e-06
"2016-08-05",0.00157761691520461,0.00139467837523378,0.00124950220424615,0.00134999176368723,0.00127461331049356
"2016-08-08",0.000213489633277954,0.000147613460232825,0.000131130807040905,9.99154516086125e-05,4.40966575263764e-05
"2016-08-09",0.000101729229431891,5.55507984526285e-05,4.36819599829547e-06,5.33967728371043e-06,8.10626366469402e-07
"2016-08-10",0.00100929277925434,0.000864737171857779,0.000723695177509143,0.000780605466900471,0.000692924950991078
"2016-08-11",0.000175226832001395,0.00010950051722793,8.65473577502613e-05,9.70086320640503e-05,4.42648290052275e-05
"2016-08-12",0.00105167457417662,0.000920873251684545,0.000754221165029675,0.000787105140862071,0.00074986962950381
"2016-08-15",0.000235915972532804,0.000180993984421289,0.000160116688657693,0.000164798690553528,9.91169001533367e-05
"2016-08-16",0.000173095584710387,0.0001278800932731,0.000135205037715422,0.000199190425046477,0.000154699257959524
"2016-08-17",0.000702438604699926,0.000808572109079033,0.000899628159274201,0.000827718016021625,0.00105589114066119
"2016-08-18",0.00192918619149109,0.00175347037927072,0.0017360214086855,0.0017793709891652,0.00163044516536248
"2016-08-19",4.27691249194061e-05,2.50108659473092e-05,4.08694518718362e-05,4.64408845274643e-05,6.95604133341888e-06
"2016-08-22",2.16985933523258e-05,8.61401007830713e-06,8.8680671270758e-06,1.99043029130638e-05,4.05367717720031e-06
"2016-08-23",0.00077167841729531,0.000662414555256533,0.000592422569089744,0.000531136146565834,0.000226831099707581
"2016-08-24",1.16590729775938e-05,1.0833874116003e-05,1.64541160196768e-06,1.31054631701453e-06,6.07206271334623e-05
"2016-08-25",2.15573363874203e-05,3.89330627188341e-05,6.02019928156583e-05,4.27816569615518e-05,6.53944027022963e-08
"2016-08-26",0.000582664765597326,0.00048862615541923,0.00027398918942652,0.000280728030157221,0.000488525672358452
"2016-08-29",0.000354490004410842,0.000380475132125452,0.000718927672613551,0.000663032703874172,0.000535740386925979
"2016-08-30",6.62754604616665e-05,8.97737964814339e-05,8.91722801973008e-05,0.000131367059013656,6.65094578256544e-05
"2016-08-31",0.000123438035852574,0.000166297468001758,0.000164193706131225,0.000188921129107623,7.85168278811215e-05
"2016-09-01",0.000128272417792319,0.000209763119858213,0.000198109767061745,0.000164529070257897,8.32095212670832e-05
"2016-09-02",0.000219876728110229,0.000250474568964313,0.000268486533973127,0.000208363018184993,0.000176807303728794
"2016-09-06",0.000600699618159952,0.000656766902780582,0.000780239178237735,0.000772520291032782,0.000736664128674617
"2016-09-07",0.000753055454180343,0.00062763906676234,0.000614933100241288,0.000655726628660866,0.00127594216469746
"2016-09-08",0.000915339987033484,0.000610527448261917,0.000630628918066755,0.000555913564480883,0.000538176580407964
"2016-09-09",0.00012684397667477,1.7581861171962e-05,3.7488559966692e-05,1.84912692668003e-05,2.38807947567118e-05
"2016-09-12",0.000824377543120718,0.000810504311700451,0.000928332508148566,0.000940429211834748,0.00104969172514233
"2016-09-13",0.000421982443125734,0.000411971509497903,0.000322661701176546,0.00041278073433317,0.000798943835469833
"2016-09-14",0.00682598306580082,0.00682243185731996,0.00651485360623647,0.00698056514294371,0.00767313624838211
"2016-09-15",0.000891834333634716,0.000968191651164237,0.000676273493704683,0.000600446843490504,0.000727452845593763
"2016-09-16",0.000196880870647244,0.000219263159349214,0.000120109479562299,0.000137580307779865,0.000148844140726057
"2016-09-19",0.000134419228657681,0.000112385624668987,0.000186998378295294,0.000180933479102617,0.000178867963867679
"2016-09-20",8.1290833530268e-06,3.33030007154205e-05,9.46730681064669e-08,1.48228526844798e-06,2.16422181978898e-05
"2016-09-21",5.2817337656044e-05,0.000131440853686664,3.95681208578989e-05,6.62751811099129e-05,0.000112446099603857
"2016-09-22",0.00273388360255855,0.00292537186452036,0.0025801790714067,0.00255602806944767,0.00276479495507058
"2016-09-23",0.00820201638385873,0.00780606218594836,0.00854663800021568,0.00829732747586279,0.00806102812301274
"2016-09-26",0.00496822963863735,0.00560942842288456,0.00477112941588342,0.00491364685392155,0.00592858397840907
"2016-09-27",0.000150723037940095,0.000198225556990807,0.000102077149642782,1.47221437776364e-06,1.02528027403968e-05
"2016-09-28",0.000732005564193797,0.000848153143553457,0.000749951268266596,0.000714672612408982,0.000788759931504677
"2016-09-29",0.000905609488140318,0.000859213619044771,0.00123644897250839,0.00113528011512255,0.000910869340298762
"2016-09-30",0.00142587299741348,0.00141632749854711,0.00110131934267146,0.00103277609051092,0.00119415756443716
"2016-10-03",0.00144570358889001,0.00161179455239605,0.001187936721462,0.00121933468296518,0.00154074759031377
"2016-10-04",0.000826648580470358,0.00068882573659306,0.000889838763333464,0.000990470247335019,0.000827021268854993
"2016-10-05",0.00164176884869602,0.0020586131575764,0.00144208585645064,0.00140884770796466,0.00165285911150101
"2016-10-06",0.000306849100359908,0.000457509044499923,0.000152267667304564,0.000196884603830589,0.00030985260358877
"2016-10-07",4.88159639429674e-05,9.92013072096079e-05,2.42086513344823e-05,1.07016255006221e-05,7.62581217893082e-08
"2016-10-10",0.00071188841630119,0.000145704831747585,1.26080756682309e-06,2.14372116004873e-05,7.1832937416566e-05
"2016-10-11",0.00154905604208981,0.0019979635570056,0.00321324177009138,0.00300098974260501,0.00231182255288504
"2016-10-12",0.000723347997554941,0.000754637967625253,0.000381456469768854,0.000402381707941587,0.000966142903008739
"2016-10-13",0.000102962309039249,0.000124850694282188,1.30695261984112e-05,1.9934666962438e-05,0.000124098801006656
"2016-10-14",0.000255232773734354,0.000229145807413442,8.19057742862533e-05,7.72463640086384e-05,1.71773467392035e-05
"2016-10-17",0.000589492609955726,0.000388549101146644,0.000107776163024032,0.000128294414687189,0.000156387610995704
"2016-10-18",0.0016111552351529,0.00130173392706277,0.000931937652038382,0.0010382822422043,0.000939373896504384
"2016-10-19",0.000555993603371847,0.000391902090189265,0.000152275689668935,0.000133569348298616,0.000146202894208654
"2016-10-20",0.000255522484084564,0.000368866292497472,0.000656683768451738,0.000745344465672392,0.000688712660256465
"2016-10-21",0.00145569879396557,0.00120838377937994,0.000927497206716107,0.000316783149279716,0.00069737089505402
"2016-10-24",0.0010484313130344,0.000455951405935605,0.000248078509438512,0.00021153684579116,0.000578963602640411
"2016-10-25",0.000412319881457893,0.000136593988762399,2.17881258844141e-05,2.48839933486356e-05,9.80153121469967e-05
"2016-10-26",0.0080737018185138,0.00920774315028846,0.0104439743003273,0.0104018536254747,0.0104065795586331
"2016-10-27",0.0025521167747197,0.00228267697772099,0.00175105153222825,0.00196732682992645,0.000354450146992503
"2016-10-28",0.00118572392569366,0.00175957404595,0.00222691884360786,0.00227410056234829,0.00389912700419825
"2016-10-31",0.00265808956138553,0.00165097925610587,0.00329623427602352,0.00409053471982793,0.00358408697327385
"2016-11-01",0.000705487922060719,0.00128570474152215,0.00142431506402327,0.00139822942200044,0.00229235761381289
"2016-11-02",3.32084013217989e-05,0.00024135032010028,0.000241669745104685,0.000229370524595496,0.000367473622529091
"2016-11-03",0.000473549087953935,0.000235653474173267,0.000223463532131626,0.000209920757172512,8.8703663849902e-05
"2016-11-04",0.000323707882813017,0.000738926805722902,0.000732186750242818,0.00060023138909639,0.000771436526984738
"2016-11-07",0.00209898058680727,0.00140405183111198,0.00156101576346387,0.00167094545571117,0.00174741108251833
"2016-11-08",7.00240983571539e-06,0.000179747939065334,0.000204602991294593,0.000147919359800794,0.000218444162096777
"2016-11-09",0.0417424136066469,0.0435933459819368,0.0431613769968289,0.0431866595832202,0.0438400728621541
"2016-11-10",0.00571875644741299,0.00676878871565151,0.00552554498431167,0.0059257999738812,0.0049241933875729
"2016-11-11",0.00227387023466033,0.00179971483447131,0.00205819042273643,0.00193857782852831,0.00231245735243535
"2016-11-14",0.00175136789105378,0.00179674189561772,0.00173940297569418,0.00186418938980147,0.00195441227109088
"2016-11-15",0.00171789514256113,0.00141416769534826,0.00127420314145398,0.00115916033130874,0.00137131911160496
"2016-11-16",0.000146821665636055,6.84039152534189e-05,9.08923877069001e-05,0.000103032730029424,0.000107719936895101
"2016-11-17",9.16038526155834e-05,3.65926670040946e-05,1.85110721847307e-05,2.26583675331505e-05,4.43108913193382e-05
"2016-11-18",0.00298612805895402,0.00275961046867018,0.00248193362730316,0.00266019489307821,0.00234865870578083
"2016-11-21",0.000514420306041547,0.00034571194297863,0.000313595061125039,0.000399960204923918,0.000378951864038469
"2016-11-22",0.000437849217057274,0.000418670705203328,0.000302705412521944,0.000327513820036804,5.4097987691842e-05
"2016-11-23",0.000646020492372335,0.000579505115909434,0.000505695235180452,0.000492319041111062,0.000136578375475958
"2016-11-25",0.000467681999353214,0.000521955737998683,0.000505239451440279,0.000410802458228833,0.000142516596757999
"2016-11-28",0.000277738710807243,0.000113775418954937,9.69870693806575e-05,0.000119805036008373,0.000134315720484315
"2016-11-29",4.93061000522455e-06,1.67570811038576e-05,1.30197140867658e-05,6.33305013058317e-06,1.19927349475643e-05
"2016-11-30",1.52584426622758e-06,1.45623201588282e-05,5.48960726089751e-06,8.50880614142052e-07,5.97329949249341e-06
"2016-12-01",0.000431231513856376,0.000372773313077308,0.00042786726488651,0.000412221470481037,0.000329074020053044
"2016-12-02",0.0002926081311884,0.000478067423274734,0.000445596827865493,0.00038757209412134,0.000289779950813894
"2016-12-05",4.31617434868437e-05,1.26321484433334e-06,6.91208445131187e-06,6.96515358257194e-06,3.36078661700039e-05
"2016-12-06",0.00110956653361274,0.00146567150882212,0.00129289518935199,0.00137468420863357,0.00126610699581906
"2016-12-07",0.000347437233014146,0.000331963266903065,0.000441118203084155,0.000429337543470131,0.000832690045797649
"2016-12-08",0.000338110471716986,0.000174692022609178,0.000166088886590635,0.000227529968187565,0.000320209091442547
"2016-12-09",0.000326780805914215,0.000224845494719402,0.000205785157397988,0.00022508403453027,0.000192128480844675
"2016-12-12",0.000560115561815686,0.000617186885653046,0.000621445692284032,0.000680010303101207,0.000760306704946973
"2016-12-13",0.000290998581732924,0.000141824623002677,0.000138626864003483,0.000159965797291665,0.00096186279902605
"2016-12-14",0.000830068602312602,0.000389135223564448,0.000314640327509762,0.000325826620259059,0.00177488320946069
"2016-12-15",0.000459195054433859,0.00049376907884656,0.000505289563400596,0.000347913819854814,6.41576888723387e-05
"2016-12-16",0.00166930872795816,0.00144147771222894,0.00128303991331257,0.00109999122898475,0.000465512081199812
"2016-12-19",0.000286804056672907,1.90835366678387e-05,4.96739195838147e-05,2.40182714990455e-05,0.000114565293927311
"2016-12-20",0.0014141090205243,0.00166972650541772,0.00146040933576055,0.00154160122652804,0.000755266250133807
"2016-12-21",0.000635916947524377,0.000923973836495981,0.000821765564730983,0.000804348403670634,0.000482516319836033
"2016-12-22",9.71837970361917e-05,0.000172747412652976,0.000116171355132079,0.000144252144390611,7.87496408586411e-05
"2016-12-23",0.00205482882603257,0.00261044049878106,0.00232650682196004,0.0023785705947005,0.00152935460969901
"2016-12-27",0.000327848365456399,0.000267479787103112,0.000171190135203464,0.000185877782153074,1.11777831792753e-05
"2016-12-28",6.36070195856355e-06,2.39406474876589e-05,4.73091498293496e-05,3.30677214396207e-05,0.000124964408355128
"2016-12-29",8.98110457132479e-05,3.93497172880202e-05,1.87648088637502e-05,1.65370983290273e-05,3.2134390080292e-06
"2016-12-30",0.000578214652906504,0.000815996358395798,0.00099321683365396,0.000990586298004967,0.00135271379246545
"2017-01-03",6.64066996368282e-06,1.82067156348913e-06,1.54003706725891e-05,1.26299689336039e-05,8.36567595678508e-05
"2017-01-04",0.00102649284507837,0.000706326968360465,0.000612554246247067,0.000531259054404555,0.000256713064625282
"2017-01-05",0.000227283336014013,0.000171403185457219,0.000165778146996638,0.000182622830789677,2.94227081820632e-05
"2017-01-06",1.61235880187028e-05,1.86550490346277e-06,4.00928421862469e-06,1.75637993704965e-06,6.2201077989188e-05
"2017-01-09",6.42305735079683e-05,1.30945271587073e-05,7.49148194796042e-05,8.05175471581313e-05,4.56317616232959e-05
"2017-01-10",7.12446641820662e-05,1.87666525916614e-05,3.75354877666644e-05,2.62602332265082e-05,1.9048558574364e-05
"2017-01-11",0.000149394902176805,7.01947745441953e-05,6.68001755662318e-05,3.04549827653758e-06,1.55037131584983e-05
"2017-01-12",2.70365245667126e-05,0.000104666141768437,1.46264745232094e-05,6.39527472576226e-05,5.3203172904509e-05
"2017-01-13",0.00169552394037429,0.00145698530412667,0.00167481660837313,0.00169194180478879,0.00164206077494734
"2017-01-17",3.07990081374647e-05,3.47009227378414e-05,2.81747907651617e-05,4.43001716445025e-05,5.46748103786061e-05
"2017-01-18",0.000399249015024966,0.000316695289682455,0.000401341609672419,0.000416165348669949,0.000634037046629129
"2017-01-19",7.71859018990479e-07,1.41625270220762e-07,2.3528969344503e-07,4.07551264280478e-06,2.04109678041564e-05
"2017-01-20",0.000430450974414813,0.000353816136757834,0.000365338276829681,0.000258969288489201,0.00056513053526642
"2017-01-23",0.000132677197523953,4.51111708482958e-05,7.37922345468044e-05,8.85764636684327e-06,1.56489577837077e-05
"2017-01-24",0.0015031664677182,0.00130275905454978,0.0013007588509652,0.0013097794051457,0.00207580584648908
"2017-01-25",3.34111788196297e-05,3.16102960330748e-05,4.75114750865621e-05,6.56755396714958e-05,0.000117431038856538
"2017-01-26",2.69545661290694e-06,1.15881678282868e-06,1.78685378195424e-06,2.51025503741201e-09,9.43993829427599e-05
"2017-01-27",0.000704947299311583,0.000583370360698465,0.000732492711128031,0.000764669256033082,0.000828291257723934
"2017-01-30",4.93485066667872e-05,0.000557139928651087,0.000419626499346323,0.000266607063935068,0.000135305973180253
"2017-01-31",0.000116853383589915,0.00012723988426783,0.000202663574378465,0.000206004192356352,0.000237939920086115
"2017-02-01",0.00625577151348194,0.00619192516724065,0.00549952915073498,0.00532902448830823,0.00423858994991846
"2017-02-02",0.00151401589171914,0.001979789919582,0.00210922156748584,0.00217288271836005,0.00344424767442899
"2017-02-03",0.00125529598318301,0.00113854395898567,0.00136794789677013,0.00170317809973388,0.00237144518434898
"2017-02-06",0.000311997838810911,0.00016471733458386,0.000482937899349628,0.000557043657448017,0.000913409145729017
"2017-02-07",6.31023060211316e-05,6.28683488969136e-06,1.71642445774352e-05,2.66864847530598e-05,0.00016721856192396
"2017-02-08",0.00068674384922345,0.000603622209548525,0.000696981303877705,0.000789954726203863,0.0010168235230884
"2017-02-09",0.000163314863133447,6.97560900328546e-05,9.73676790015095e-05,0.00013263975991772,0.000299258420172628
"2017-02-10",6.43459532151654e-05,7.77079861709555e-06,3.55737505066172e-05,8.30886360810535e-05,0.000196226468520914
"2017-02-13",0.000683672222227723,0.00043957725384524,0.000357098177617722,0.000456422192508544,0.00081614953543155
"2017-02-14",5.10616946734606e-06,0.000126578386585748,0.0001368360053819,0.00013888303606188,0.000115923373156298
"2017-02-15",4.10751662872659e-05,0.000101380462830811,0.000118185937339936,0.000115519314996787,7.32137585459426e-05
"2017-02-16",4.19242327405927e-06,1.66538214980547e-06,1.7075788358766e-05,7.51273186298196e-05,2.08381391524602e-05
"2017-02-17",0.000909891495640449,0.000757087883055107,0.000774025428539731,0.000739687624405978,0.00126494961460486
"2017-02-21",0.000178010246837154,0.000104825244521435,0.000102368451714893,0.000109773997915459,8.21883029749456e-05
"2017-02-22",0.000232011675026611,0.000118768221541363,0.000115062471813695,0.000109414970535348,1.33719051365762e-05
"2017-02-23",3.4670918026413e-05,0.000149801016840064,0.000183703640575545,0.000179029301273931,0.000319427271042575
"2017-02-24",3.84433621957092e-05,6.70094800598737e-06,5.8338984010775e-06,1.10813133153745e-05,3.69459084212366e-07
"2017-02-27",8.18285462282863e-05,2.58004383964835e-05,3.06642185064418e-05,5.23824552988128e-05,2.20520425422748e-06
"2017-02-28",0.000327449955550417,0.000174345784600441,0.000119406253856873,0.000155287381580019,0.000113908771968536
"2017-03-01",5.12418226351563e-06,1.25526473821648e-05,1.15135981615512e-05,3.51991975360694e-06,1.51297931813471e-05
"2017-03-02",2.31883061975674e-05,5.05311826587797e-05,2.10234655939656e-06,3.85279370012476e-08,7.57803050678265e-06
"2017-03-03",0.000269078650101222,0.000282140497651021,0.000286552940729255,0.000290094189642026,0.000196298753656019
"2017-03-06",0.000207709589960247,0.00025354419377163,0.000336453688857943,0.000329959818865042,0.000240349674710882
"2017-03-07",3.8173640637876e-08,6.61283969589657e-07,2.35485679009398e-06,3.45610119874246e-06,2.63047898112315e-07
"2017-03-08",1.30313264081911e-05,1.17006085783498e-05,1.43014606320057e-07,2.78259868897333e-07,8.48066222042336e-06
"2017-03-09",0.000811037728174646,0.000837041341541841,0.000790100297037046,0.000891842186234909,0.000825631848434286
"2017-03-10",0.00105727883328349,0.000973582124197695,0.000945442584689317,0.000953466606965619,0.000916205698787761
"2017-03-13",0.000246962661535074,0.000217996464620085,0.000325723101998796,0.000325353656869269,0.000120950270394484
"2017-03-14",0.000634449256487743,0.000632913218806876,0.000628844997541928,0.000683467700447782,0.000389172592955816
"2017-03-15",3.44596240173378e-06,2.32487920584292e-06,7.1527411734084e-06,4.8231559327158e-06,7.57950699570728e-06
"2017-03-16",0.000179804217388334,0.000143686352917224,0.000209516475654859,0.000204951456767179,0.000174888836252517
"2017-03-17",0.000583577754667106,0.000656257474186552,0.001213441366357,0.00129372880169011,0.00116299327106256
"2017-03-20",0.000199195840435794,0.000256352777886263,0.00160966931959177,0.0018585546201304,0.00185286354332485
"2017-03-21",0.00485824670854532,0.00460667942897797,0.00374010795541106,0.00369947308384334,0.00495410827495668
"2017-03-22",3.9238293142082e-05,2.50386690472496e-05,7.9101760847433e-06,8.09389378005147e-09,7.04540906877805e-06
"2017-03-23",0.000107579720830231,0.000133106293123689,0.000291247912622794,0.000206111690015728,0.000205680550239453
"2017-03-24",0.000100505168503902,8.09822325938606e-05,0.000206259551923564,0.000197934118608967,0.000254807741522202
"2017-03-27",9.58068579414296e-05,7.23684647803292e-05,8.51734995067131e-05,0.000128146002537773,9.50347370449078e-05
"2017-03-28",0.000342325794975809,0.000246657369215094,0.000213412647819913,0.000154314268247055,0.000362584398224373
"2017-03-29",0.000312898471350651,0.000376128492704474,0.000332747633261847,0.000326627246993812,0.000557235300402244
"2017-03-30",0.000216108564035123,0.000317281741627747,0.000246525676262278,0.000205255531885813,0.000392647941749358
"2017-03-31",7.73019159190539e-05,0.000117601725097044,9.1892655297435e-05,8.93565971676922e-05,0.000347133155137112
"2017-04-03",9.31524788348091e-06,4.75613644277999e-07,1.75179103354894e-06,2.49738989264357e-06,5.03154782198889e-05
"2017-04-04",0.000304727879790437,0.000278936334810552,0.000236035668238905,0.000210447871016336,0.000618021897462417
"2017-04-05",0.000338401632978318,0.000265268292766119,0.000383271046056376,0.000376019343531266,0.000105811728338782
"2017-04-06",4.79940198201089e-06,7.19209705856138e-07,3.88706312122339e-06,1.27965351120594e-05,6.80380266265329e-05
"2017-04-07",0.000500433743665085,0.000634328615985096,0.000484594052566447,0.00043539725376179,0.000895633176961978
"2017-04-10",0.000295665770482169,0.000364666686015072,0.000228735649457341,0.000211921094430194,0.00038722368226767
"2017-04-11",0.00658860446677341,0.00645566900005826,0.00718220597522951,0.00715844297633484,0.00597215412480002
"2017-04-12",0.000752853658523031,0.00090379113025726,0.000528952663517694,0.00046246071936545,0.00143784807894328
"2017-04-13",0.000968768466647377,0.00102318748214215,0.000696128605494371,0.000693287638890831,0.00167523622276986
"2017-04-17",0.000339757514046365,0.000381809391596358,0.000180673632229176,0.000103916268221001,0.000544518330766551
"2017-04-18",0.000105487615483671,0.00014822931818986,6.042622268896e-05,7.55710644830778e-05,0.000353258735819888
"2017-04-19",0.000415397181095685,0.000461532722914931,0.00032771626756971,0.000326832644720732,0.000753656285479933
"2017-04-20",3.74914213688014e-05,5.87032414349942e-05,3.89552700502096e-05,4.0411165709575e-05,0.000108609854447173
"2017-04-21",0.000297161183379866,0.000382132909601164,0.000416451649549054,0.000121383093425129,0.000550207796190512
"2017-04-24",0.000507862129394066,0.000106666720292706,6.68025834111879e-05,0.000104071406145559,0.00045003861236666
"2017-04-25",0.000458938186385095,0.000276660428474859,0.000199143797334755,0.000269830363385888,0.000899525324254362
"2017-04-26",0.00029634414108826,0.000351531487754257,0.000416706874895105,0.000290493423116203,1.31434419754324e-05
"2017-04-27",0.000752216001215502,0.0011281806954014,0.00101689650707505,0.00103668548545902,0.0014082415490631
"2017-04-28",2.8633951787223e-05,9.53370773526657e-05,0.000257186882491941,0.000346128904069773,0.00087040654518019
"2017-05-01",7.93254062349025e-06,9.66483244907874e-05,0.000127411108178913,8.09577437488808e-05,1.78329225116112e-05
"2017-05-02",5.31008090030884e-05,5.93752653426705e-05,8.41906449050248e-05,6.26686570212742e-05,6.62115204440283e-08
"2017-05-03",0.0036163577530385,0.00388366418155691,0.00408405740408102,0.0038205242234234,0.0025133033048156
"2017-05-04",0.00224928383392027,0.00247272223229108,0.00190751270279989,0.00223070475043494,0.00414480238101883
"2017-05-05",0.000646014538924168,0.00056496261691231,0.000346346079053091,0.00038763306893047,0.00090676475390699
"2017-05-08",0.00178428366694212,0.00187811185013133,0.00214384608442182,0.00207875578374172,0.0013162860534705
"2017-05-09",3.14222132449421e-05,2.40174715982632e-05,0.000110785381239502,5.32535858461992e-05,2.92140544090428e-05
"2017-05-10",0.000660464156592969,0.000485776268474232,0.000239539908378603,0.000388409809878931,0.0010427141383653
"2017-05-11",1.89722671760854e-07,4.71783757808504e-06,2.40847035797724e-05,6.62618788162511e-06,0.00121980215732883
"2017-05-12",1.23405911059037e-05,8.75391346251183e-05,0.000128346913336346,8.7390293971843e-05,0.000194234494900329
"2017-05-15",0.000325054867074598,0.000222482066302489,8.73383197984426e-05,0.000126281616009133,0.000166796379490726
"2017-05-16",5.86521879186472e-05,5.14970455408893e-05,7.21691217033495e-06,2.44366114841578e-05,2.67641087493273e-05
"2017-05-17",0.0286317156047813,0.030177940424641,0.0318718616486517,0.0308956645020414,0.031673415993521
"2017-05-18",0.00354004835707431,0.0040616278313781,0.00316989009837049,0.00338901818130514,0.00515585335892144
"2017-05-19",0.000766015433418154,0.000524216943843197,0.00033993291489849,0.000360868634549533,0.000427257098122465
"2017-05-22",0.000161424514114753,7.71567573566455e-05,1.33147821278513e-05,3.96266369549894e-05,1.57362220921279e-05
"2017-05-23",0.000433877489509369,0.000344814787511992,0.000300779496074631,0.000495791684364015,0.000255871269977409
"2017-05-24",0.00037725084822677,0.000337380956289267,0.000228944361783867,0.000392534246475959,0.000208161973477879
"2017-05-25",0.000217511705419383,0.000290939558410582,0.000240084160146822,0.000426965120818626,0.000240710976031216
"2017-05-26",0.000311008459539472,0.000400959818782625,0.000324954151971742,0.000460156891726041,0.000299691677689662
"2017-05-30",0.000373113660306102,0.000609634485333234,0.000631135830757581,0.000834507183898245,0.000538838660821432
"2017-05-31",0.000256233770406198,0.00011511621879305,0.000144798105442474,8.97209885910995e-05,0.000173234087713251
"2017-06-01",0.000675738482284846,0.00105062926734193,0.00114734556440714,0.00126006581569994,0.0010878102960187
"2017-06-02",7.343830715632e-05,0.000229352029287711,0.000238242997647373,0.000263236381942739,1.29791727397071e-06
"2017-06-05",7.59556558881901e-07,1.97456924771087e-05,2.50307520380145e-05,5.06002937966291e-05,1.06875547428142e-06
"2017-06-06",2.72179494901563e-06,5.36289096733117e-05,9.58445008118473e-05,0.000134782588402423,2.83990260863885e-05
"2017-06-07",1.5407050832883e-13,6.56108508648119e-05,5.93271177319637e-05,8.11976745418834e-05,1.00334332176067e-06
"2017-06-08",5.89974947536319e-05,0.00022423327044401,0.000204227388038882,0.000251775776501152,0.000130012281328967
"2017-06-09",0.0386378664390741,0.036177065871311,0.0358220457383324,0.0360160861444389,0.03946619255269
"2017-06-12",0.0292113305612488,0.0248897649463115,0.0261730760919483,0.0257596089486881,0.0245090028849303
"2017-06-13",0.0213735654998742,0.0263113366207053,0.0236353041624764,0.0245792486343701,0.0294262575847426
"2017-06-14",0.000279048580780215,0.000167216173035124,0.000371131940936561,0.00025567340551441,0.000297699097971037
"2017-06-15",4.06083314901829e-07,1.03869558318226e-05,4.00953842825892e-05,3.61798876243075e-05,7.50419595720131e-05
"2017-06-16",0.00141316046714946,0.00176276082155475,0.00113164407968185,0.00122582514609014,0.00097945137051312
"2017-06-19",0.00035711242292776,0.000606082281183951,0.000460027497224447,0.000587999523804695,0.00023560016134979
"2017-06-20",0.000158380273252849,0.000472466320136558,0.000343563098445397,0.000450460621602297,0.000298373451846426
"2017-06-21",3.87291782129423e-05,0.000197415720427287,0.000194556596001861,0.000299459749631955,0.000103408957893092
"2017-06-22",0.000638376635861753,0.00132803210287704,0.00168223160406637,0.00191029343517483,0.00151628758980517
"2017-06-23",0.000503306270164193,0.000988911987373005,0.00142942559640321,0.00178498273416689,0.00139061889629981
"2017-06-26",0.00072361142385779,0.000255642594073735,0.000132843601542339,5.98896020038064e-05,0.00016040246793036
"2017-06-27",0.000934105038810761,0.000270563480166453,0.000166173112385124,0.000111279563073505,0.000244824127291169
"2017-06-28",0.000172273583495512,0.000741524950755832,0.000895734351735348,0.00101314468486033,0.000610127614018199
"2017-06-29",0.00399825667541898,0.00279200506496399,0.00265257849568313,0.00239906594089591,0.00253553351753525
"2017-06-30",0.00225707645990483,0.00361815704521289,0.00361216431597497,0.00333388377404805,0.00343874809895013
"2017-07-03",0.000800572868424475,0.00146465439376467,0.00137359376235376,0.00160941543656836,0.00137115477621259
"2017-07-05",4.92835251592876e-06,0.000149410434562746,9.61259966419588e-05,0.000131294449436644,8.05835391074618e-05
"2017-07-06",1.38367734262609e-05,6.70044119132503e-05,0.000118671945403048,0.000172694540559133,9.1842609611301e-05
"2017-07-07",0.0014088389324756,0.00250109503908723,0.00286895326121039,0.00317939905954902,0.00290835977938246
"2017-07-10",0.000344968751002186,0.000864446868420022,0.00086234039983844,0.00102765580722013,0.000530511956412667
"2017-07-11",0.000256667700684947,0.000633319066619896,0.000590917344983589,0.000697058336954378,0.000539397479001713
"2017-07-12",0.000147850624426522,0.000368781641929915,0.000456133051101604,0.00058568312426023,0.000349206506087971
"2017-07-13",9.94814232209828e-05,0.000319507573721829,0.000250841788314484,0.000311406072617041,0.000141699961776948
"2017-07-14",0.00114511974977038,0.00167121030280513,0.00173222499362991,0.0019679302856292,0.0018224261341725
"2017-07-17",0.000137542851694351,2.58095764928936e-05,3.68862347102641e-05,2.71863449440204e-05,8.06420493304049e-05
"2017-07-18",0.00124895758495737,0.00186576583948476,0.00170434201457907,0.00194681561486798,0.00190567353553011
"2017-07-19",0.000188198814702119,0.000416011469391728,0.000425242181119414,0.000454942897988725,0.000314825757717882
"2017-07-20",1.19552617380433e-06,6.58446762666318e-05,0.000109497304189783,0.000118165307859497,0.00011828623592119
"2017-07-21",0.000159193281149212,0.00026633485337114,0.000284219222234498,0.000172593161010281,0.000294738048683947
"2017-07-24",0.000412855867545023,0.000252930645360033,0.000124837251389198,0.000145738110587772,0.000274508157477145
"2017-07-25",9.80925586594053e-06,5.68656207132676e-05,3.77929094639442e-05,2.1827785528153e-05,0.000109283221976016
"2017-07-26",0.00034923449716202,0.00049600967576157,0.000507299195481365,0.000577129857707402,0.000697022114524272
"2017-07-27",0.025815373441294,0.0241210218776798,0.0229098717934636,0.0219064359827479,0.0285596222444187
"2017-07-28",0.00603296106142323,0.00792291731331733,0.00819282252454344,0.00863277340512565,0.00687251515552233
"2017-07-31",1.956615778677e-05,8.59093659149093e-05,7.3444038611207e-05,9.47726893239727e-05,1.14771219253896e-07
"2017-08-01",0.000374189057735755,0.000427291239371008,0.000355963666873664,0.00043915059921647,6.09730717910734e-05
"2017-08-02",0.0123718711698046,0.0123714927511392,0.0125326538525216,0.0120921832371882,0.0150676015056219
"2017-08-03",0.00284580148296334,0.00298270793228264,0.00210988646486905,0.00262039880609142,0.00211408229033001
"2017-08-04",0.000110628559169138,0.000226821979103382,5.82666562016377e-05,9.68575606675531e-05,2.79227923460904e-06
"2017-08-07",0.00187300957784778,0.00215884135039532,0.0017472749925029,0.00223725776448449,0.00155281047963285
"2017-08-08",0.00152366216636189,0.00161328095634499,0.00211389673503638,0.00179892323719455,0.00264489490538248
"2017-08-09",1.08872814318689e-05,3.12129186902225e-08,4.47582554495808e-05,2.71656623987082e-05,8.73333473759923e-05
"2017-08-10",0.00372174148701932,0.00342820259374818,0.00378597285141734,0.00353385043481517,0.00427690591499897
"2017-08-11",4.93401119496341e-05,3.65268484905434e-06,2.01948478907217e-05,4.0265809067712e-06,9.8989702649268e-05
"2017-08-14",0.00234513303372868,0.0028708643443045,0.00252203707071191,0.00277058047536803,0.00198181766682732
"2017-08-15",0.00010535350421724,9.8881628918534e-05,9.13260480957655e-05,0.000155620122463891,1.79844353947483e-05
"2017-08-16",0.000142676575352688,9.15295739381568e-05,0.000144566027249046,8.95279709260717e-05,0.000309379293884364
"2017-08-17",0.00201392951207536,0.00201114447203418,0.0022366871425576,0.00177119374688895,0.00173534580989438
"2017-08-18",9.48878868553822e-06,1.23298507095609e-05,8.17364826193655e-06,6.00615856155456e-05,5.57157291266012e-05
"2017-08-21",0.000169358220877144,0.000151488180676385,0.000144605769981205,4.42090841336486e-05,3.91936306144087e-05
"2017-08-22",0.00261945181336429,0.00273969328913026,0.0025711428778632,0.0032904818804795,0.00325533293141724
"2017-08-23",0.000101785184481409,0.000103907053997519,7.5229518705272e-05,0.000209112364496583,0.000167434935705813
"2017-08-24",0.00040951183407949,0.000410164138242788,0.000455902969254227,0.000224911103291676,0.000340037211846097
"2017-08-25",0.000909356293914769,0.000887645651668614,0.0008837659722287,0.00131134564106643,0.00121364222412317
"2017-08-28",0.000237788711957185,0.000220030236374747,0.000234802103724927,0.000456743803188495,0.000396171574389388
"2017-08-29",0.00013733025522217,0.00013564724553161,0.000104785912835817,2.13460597198712e-05,4.40633840604498e-05
"2017-08-30",0.000192959233455549,0.000181786612113634,0.000174418364751585,0.000318819391776547,0.000193902420951558
"2017-08-31",0.000837538701273347,0.000849289878427913,0.000941440035450498,0.00124335874776726,0.00102192984491977
"2017-09-01",0.000758740763318732,0.000698511131092468,0.000851294808460976,0.00115992440892078,0.0011130081808706
"2017-09-05",0.00480313056882488,0.00491979476445561,0.00432247187473346,0.00381194896830607,0.00397731531894524
"2017-09-06",0.000799609741744496,0.000840202012745738,0.000911400533357592,0.00112252806427553,0.000982684811337224
"2017-09-07",0.000432286186859711,0.000386510646549377,0.000313364680591578,0.000185197449471024,0.000225830815127321
"2017-09-08",0.000473819611999545,0.000623383539571923,0.000847249278107222,0.00101661362856922,0.00106448115727668
"2017-09-11",8.85624755917727e-05,0.000110336645384523,0.000163630760436131,0.000270582852005807,0.000237228412473371
"2017-09-12",0.0262709271102842,0.0254657063830333,0.0247429326969718,0.0238682090353879,0.0241684247367915
"2017-09-13",0.00471739242349529,0.00539194220665293,0.00529060600144052,0.00556982760894081,0.00580411751807021
"2017-09-14",0.00377734503628509,0.00392112051684508,0.00395738286469988,0.0043250496511734,0.00380066647153801
"2017-09-15",1.14187913343908e-05,1.32907091211915e-05,2.92741429198187e-05,6.97658349830057e-05,1.48466352346679e-05
"2017-09-18",0.000383013365257026,0.000357143975004866,0.000504639700327718,0.000641641594914547,0.000468201513826303
"2017-09-19",4.66128260279067e-05,3.83369161020168e-05,5.15061307201985e-05,9.94870634701245e-05,2.07134837632358e-05
"2017-09-20",0.00690958618944427,0.00649163079158933,0.00636159119773039,0.0058528014972724,0.00663545442429914
"2017-09-21",6.54208507781043e-05,0.000122991964927689,0.000156760702511794,0.00024912060912093,0.000193654230507374
"2017-09-22",0.00100599460936137,0.000886202207581403,0.000911194342172187,0.00072052306079504,0.000770952910051149
"2017-09-25",0.00155505523118231,0.00138027620202116,0.0015362104427694,0.00131982789884271,0.00131071422532853
"2017-09-26",0.00046448712343805,0.000520418099230203,0.00039427935674062,0.00048493567956778,0.000453117164690738
"2017-09-27",0.00146791683649056,0.00147038862855061,0.00123886466092511,0.00146345707048647,0.00141538748784096
"2017-09-28",0.000481561224328276,0.000485742365145544,0.000374593692382476,0.000501449181605282,0.000312736816568656
"2017-09-29",4.60596980651155e-05,5.07858112100187e-05,4.29086699655526e-05,0.000104767353352594,4.44460171858162e-05
"2017-10-02",0.000269994670861975,0.000293653443370128,0.000266794147807925,0.000449452401656394,0.000399623173927098
"2017-10-03",0.000609514788113973,0.000766404616785498,0.000802497095739125,0.00104537382995908,0.000847707419779507
"2017-10-04",7.86914349829251e-06,3.38344527167007e-07,1.66646760812872e-07,2.85748230741697e-05,4.98875882344323e-06
"2017-10-05",0.000651479846061819,0.000816813726516415,0.000914552323895575,0.00120009405733172,0.00107055536765582
"2017-10-06",0.00109251420047326,0.00120341964168015,0.00161824816895755,0.0020371796186641,0.00193152641373282
"2017-10-09",6.79797736719716e-07,1.3306052817852e-06,6.07537183776333e-05,0.000163502151210194,9.79347081461277e-05
"2017-10-10",2.8265239148757e-05,3.68411018486705e-05,0.00015945398667421,0.000341981646250544,0.000260864823197632
"2017-10-11",0.000732359998088981,0.000577552724480991,0.000863196756127386,0.0014862413372534,0.00128591187636665
"2017-10-12",2.80809400760658e-06,2.75682137586054e-05,0.00012377983783243,0.000350131966939449,0.000266087990987813
"2017-10-13",0.000582874030139346,0.000720648298746763,0.000677352896020215,0.00101726083093222,0.000863283962823739
"2017-10-16",1.65779956398462e-05,5.28571525671588e-05,2.36723110806888e-05,0.000114997523555963,7.6089638996352e-05
"2017-10-17",0.000169073164743955,0.00028214301394829,0.000221241561506792,0.000273623972891197,0.000260751767641405
"2017-10-18",0.000171035706140391,0.000196673045664568,0.000204359783194267,0.000304384202369965,0.000199101222217161
"2017-10-19",0.00306304894795265,0.00296994589019275,0.00279936099420064,0.00258122835647467,0.0026879748711994
"2017-10-20",0.0014533768254986,0.00141894221419764,0.0015251030521233,0.00147665874304953,0.00148774344110971
"2017-10-23",0.000369722137418627,0.000507393757317745,0.00045324670441676,0.000403222498523755,0.000401293266775764
"2017-10-24",0.000597821089701917,0.000683560745339475,0.00075984958206103,0.000935702664127809,0.000888760981658209
"2017-10-25",0.00115748795324415,0.00112798299358522,0.00102510263837399,0.00081681728798335,0.000908624866497198
"2017-10-26",0.000276217199581665,0.000351349294943718,0.000385052022955397,0.000499045705501604,0.00024338854186913
"2017-10-27",0.00231775398575431,0.00214046437328721,0.00128366863539743,0.000995458443067326,0.00125599167026061
"2017-10-30",0.00029989337165945,0.000269423892000803,4.94918763534965e-05,5.26524545256378e-06,2.78424252270542e-05
"2017-10-31",0.000419041294338458,0.000430918860410209,0.00085460543950797,0.0011555893001358,0.000925096203720244
"2017-11-01",0.00177110442520829,0.00183167724309287,0.00128441459328814,0.00100514428996934,0.00123631872732677
"2017-11-02",0.000804161844411434,0.000845772824537891,0.000455980990931936,0.000313257815297525,0.000364308190470103
"2017-11-03",0.00223346723897355,0.00234146964427744,0.00224767883646931,0.00211100776969704,0.00204578000263461
"2017-11-06",0.00246262198003002,0.00241735467704077,0.00206215508253065,0.0022215871268203,0.0020964728621232
"2017-11-07",8.13659118896208e-06,1.66948807239162e-05,4.87523047495042e-05,2.76318806005673e-05,3.74860905927708e-05
"2017-11-08",0.00159487797305891,0.0014555176781417,0.00130910289474461,0.00133849660096494,0.00129238455759528
"2017-11-09",0.0017126522867771,0.00187092383540086,0.00219178595608212,0.00221588123166173,0.00225015522319528
"2017-11-10",0.00307256148492018,0.00292279576870562,0.00239307035799754,0.0021508084986115,0.00181612277197819
"2017-11-13",0.000903361319849691,0.000817053992934362,0.000644059807546285,0.000569530903365369,0.000492102200405478
"2017-11-14",0.000796066385188124,0.000845246260213593,0.00103993974504024,0.00112348672308268,0.00129788411583401
"2017-11-15",0.000490263800190398,0.000527455268532201,0.000703293115466532,0.000744238438918034,0.00074441092377948
"2017-11-16",0.00201525292959549,0.00209054985911026,0.00178828653751432,0.00183567571094008,0.00169715456295808
"2017-11-17",8.56042137272371e-05,5.35409005801526e-05,8.3413933031722e-05,8.76259211048926e-05,5.52659563097367e-05
"2017-11-20",0.00177674619694421,0.00185896467691483,0.00155390751822372,0.00163676329770807,0.00171451451972229
"2017-11-21",8.36532516876784e-06,1.66612792438331e-05,5.3938488065886e-07,1.46294886163529e-06,5.16609519608739e-06
"2017-11-22",5.7840013156577e-06,1.94267030537319e-06,3.75673708291432e-05,1.85882458156748e-05,8.99690609043132e-06
"2017-11-24",0.00259835751948192,0.00279170581183398,0.00220197412403782,0.00227117756170714,0.0023814608404652
"2017-11-27",0.000581272929612984,0.000571378550580024,0.000967477632868848,0.000816284347429027,0.000653757526298553
"2017-11-28",6.56240223055023e-05,3.98570765414315e-05,0.000174502686286822,0.000150899232605218,7.70396752509508e-05
"2017-11-29",0.0097379422188146,0.00971475503944606,0.0104752218181057,0.010311650676663,0.00971413304575522
"2017-11-30",0.000221572170491507,0.000198267642387301,0.000331631572371064,0.000346741318320254,0.000317331547042513
"2017-12-01",0.0115658072586848,0.0114445921331535,0.0122053164430737,0.0123926663095401,0.0122179650811419
"2017-12-04",7.73154919206874e-05,4.93967585364104e-05,1.48550787309764e-05,4.65535927935186e-06,1.40085005136684e-05
"2017-12-05",0.000151314397438525,0.000187401952259048,0.000131541005371948,0.000113399355445067,4.81256982306095e-05
"2017-12-06",0.000167288835343094,0.000107925049028217,0.000141035711315245,0.000163797464329841,0.000306533091373494
"2017-12-07",0.000437893396891389,0.000570302601409763,0.000588761221767951,0.000569965286386037,0.000438269261834537
"2017-12-08",0.00190180194468418,0.00208403101961722,0.00223119051785295,0.00216639682480742,0.00156363807094194
"2017-12-11",1.08958168849317e-06,1.92305945945901e-06,3.76287103952928e-07,1.77403122468362e-07,3.75444300207141e-05
"2017-12-12",0.00099465808901785,0.000944523581213592,0.000989542719745047,0.00100292124166156,0.000682561799473404
"2017-12-13",1.28108096800201e-05,2.15023071074567e-05,9.82024776185781e-06,5.45300085069736e-06,7.75002369267264e-05
"2017-12-14",5.78937841450504e-06,3.48854263396617e-07,1.38975933442295e-06,5.92317332185961e-06,3.0312098428582e-05
"2017-12-15",0.000172093406741122,0.000166038372634205,0.0001735428437408,0.000214297887492173,9.84196533872428e-05
"2017-12-18",0.000375987496789253,0.000387943375862654,0.000567464135815792,0.000647129363717597,0.000475782791582385
"2017-12-19",5.2106792469621e-06,6.01411891122237e-07,2.88565316523067e-06,8.69295666536444e-06,1.72532854106425e-07
"2017-12-20",8.15061641161299e-06,2.01370290007261e-05,4.2193563750815e-05,6.735133466752e-05,3.03980211417083e-05
"2017-12-21",0.00040916013654613,0.000446062010659755,0.000499199606172542,0.000548235317339291,0.000460445543206952
"2017-12-22",0.000634159553179252,0.000656972663560471,0.000728734740807777,0.000773941675302259,0.000612803718575565
"2017-12-26",0.00160424148151341,0.00162092116878026,0.00163764734831935,0.00164719534564894,0.00176332543134023
"2017-12-27",0.00200420338641314,0.00201631951400748,0.00171945766474125,0.00168851519731127,0.00184168036345471
"2017-12-28",0.000917769377903329,0.000805015661523648,0.000638680350577495,0.000617479723007417,0.000707508919052444
"2017-12-29",0.000151481563579176,8.52123051790934e-05,4.14312005365787e-05,3.91278574004513e-05,6.8915965423756e-05
"2018-01-02",2.90451245461065e-08,7.62300154780024e-06,4.01824855991271e-05,4.5597747371082e-05,2.25778669403207e-05
"2018-01-03",4.12821632854513e-06,3.82049106924688e-05,7.34365338008033e-05,7.67455632559511e-05,4.78959255096604e-05
"2018-01-04",1.77720382039579e-05,1.67521852770654e-06,7.42483279193553e-07,1.52709202483698e-07,1.74734252072429e-07
"2018-01-05",0.000273221127799916,0.00023835381098401,0.000191962374825185,0.000223940484857109,0.000260058261468931
"2018-01-08",1.97548756742123e-05,2.28463682709515e-05,6.82578693105277e-06,1.67361662045046e-05,6.1291306708503e-06
"2018-01-09",1.00845838134995e-05,6.417837678616e-07,1.02887528990142e-06,6.4687896538643e-06,4.49457843204972e-06
"2018-01-10",7.66307886024821e-06,5.83765323694849e-05,7.14101152085854e-05,9.30868374443105e-05,6.15408146220726e-05
"2018-01-11",0.000649250430780916,0.00085565579804453,0.000993122553714039,0.00109596883252795,0.000991398576858945
"2018-01-12",0.000212928646926547,0.000316661599184446,0.000359013327956129,0.000396278597329488,0.00031259215258126
"2018-01-16",0.00282928652397112,0.00262824944507513,0.0024124082813253,0.0023481493504601,0.00272770652644279
"2018-01-17",0.00103702298603813,0.00105964252197974,0.000983649574452235,0.000908316838642446,0.00144792716022754
"2018-01-18",2.60834928752537e-05,1.20717007645822e-05,1.2208757317632e-05,3.8474584002513e-06,3.77873074713042e-05
"2018-01-19",1.01289113819333e-05,2.21190952631119e-05,8.00840891130653e-06,1.76417870298431e-05,1.09048138681185e-06
"2018-01-22",0.000489330937591138,0.000558732107910267,0.000501798382933097,0.000720001063233253,0.000627012308533379
"2018-01-23",0.00138399618293864,0.00128982898670137,0.00131363126843803,0.00170488506957642,0.00203141302991509
"2018-01-24",0.00247509437659364,0.00256492963824109,0.00263053249693993,0.00316572294569832,0.00305876524275677
"2018-01-25",0.000237502200923399,0.000271943456833573,0.000256255279856173,0.000335907689298415,0.000249404016431974
"2018-01-26",0.000616225354936224,0.000557700705537437,0.000584871878962625,0.000509124193327079,0.000513634369888531
"2018-01-29",0.00631589193803958,0.0064259738325638,0.00629313130165515,0.0062529021887086,0.00595337481272041
"2018-01-30",0.00271661439962295,0.00247388263692582,0.00253036751613924,0.00243116837127762,0.00207707048000221
"2018-01-31",0.000861705817676699,0.001037902981888,0.0010647508363102,0.00118629777779138,0.00146809331665792
"2018-02-01",0.000292857693725084,0.000170552505918133,0.000122790416764044,8.08802555592804e-05,4.8043093850889e-05
"2018-02-02",0.012882330571321,0.0121392701540174,0.0106821312377788,0.0102032104808806,0.0091454581729488
"2018-02-05",0.0749684378959157,0.0738070313057023,0.065372415019588,0.064535168483892,0.0603942794132359
"2018-02-06",0.093178722169226,0.092773945647836,0.0885235876844226,0.0857168520778054,0.0820398610190352
"2018-02-07",0.0369751334743737,0.0457303071968498,0.0517062151315914,0.0557266990958505,0.0669282734746882
"2018-02-08",0.00578529250055172,0.00394005038059566,0.00266167262812478,0.00349637558808756,0.00200582633243707
"2018-02-09",0.0379251106273712,0.0314438645126622,0.0288886354977737,0.0303764551864003,0.0249647998337666
"2018-02-12",0.0228828652344019,0.0315516696836695,0.029841603230223,0.0288557045400921,0.0384646025510718
"2018-02-13",0.00802293857617496,0.0105237306200926,0.0114119274098857,0.0106615245271788,0.0121534831014892
"2018-02-14",0.00104514653868976,0.00123792874533135,0.00141050213735485,0.000886063536496714,0.00187367002187885
"2018-02-15",0.000193662177989008,0.000304580276898833,0.000435397320520742,0.000108371419710227,0.00029227631543841
"2018-02-16",7.68401622001677e-05,9.59972875928775e-05,7.35964911715171e-05,1.03642282578161e-05,4.00967097684531e-05
"2018-02-20",2.3409979987053e-06,2.85195812167586e-06,1.8943045909655e-06,5.53103526555874e-05,0.000241001601351195
"2018-02-21",0.000143035456472275,0.000123696093169921,0.000207728496590093,0.00031259191101707,1.66345045104797e-06
"2018-02-22",7.65377901034032e-06,1.01360567584644e-06,9.67236174354098e-06,6.8211659516299e-08,0.000282188729800999
"2018-02-23",0.00386261396716524,0.00398998303508834,0.0034111959570204,0.0042322269732901,0.0063165981902069
"2018-02-26",8.68949617680335e-05,8.68024326850128e-05,3.31323867263279e-05,0.000123589987878181,0.000521311208073329
"2018-02-27",0.00159829286025685,0.00168990120029274,0.00192273464021073,0.00157236173772037,0.000792137880747273
"2018-02-28",0.000140198681721451,0.000151009437177749,8.39405587436182e-05,0.000147977525800144,0.000682273280655001
"2018-03-01",0.0259870075911535,0.0253190203868965,0.0250528403160396,0.0247091199063282,0.0215581257393768
"2018-03-02",0.000110648996146725,1.84638009610388e-05,0.000155829353220519,9.53339803069369e-05,0.000239248563705336
"2018-03-05",0.00148335876506424,0.00166548844112696,0.00124872034800717,0.00142808186631793,0.00353691710546215
"2018-03-06",0.000202715397605722,0.000298691527680728,0.00032578078814868,0.000327814066704523,0.000872204848698551
"2018-03-07",0.000151669217359594,0.000123666641378136,0.000200952727026794,0.000260279976012128,0.000789438965229323
"2018-03-08",0.0018442604388623,0.00184443805901576,0.00146893125653448,0.00179336211885335,0.00280476897837109
"2018-03-09",0.000838788124295526,0.000802359465707105,0.000952337511769134,0.000969382252602924,0.00132723057133812
"2018-03-12",8.72247462966266e-05,6.67289360640126e-05,0.000169623264022687,0.00024043032783609,0.000244473746318682
"2018-03-13",0.00248609796568276,0.00287546000090582,0.00207698867433377,0.00219770868518042,0.00180292642285715
"2018-03-14",4.54192490802858e-05,0.000111825562770752,5.60573940556375e-05,8.62815885985735e-05,1.23574539234073e-05
"2018-03-15",0.00126241859047921,0.00116133187403416,0.00164739116325042,0.00145712144301044,0.00334196774674327
"2018-03-16",0.000405481725997893,0.000308110740430855,0.000525734046329936,0.000371980072346155,0.00143945173006517
"2018-03-19",0.00347900530612207,0.003787484982074,0.00313774835169823,0.00344055466837573,0.00307326169796721
"2018-03-20",0.00126095961342,0.00104409649071458,0.00131243445030651,0.00101477031451296,0.00113499160493042
"2018-03-21",0.00259681374779484,0.00281388150673979,0.00294872939507868,0.00322626806474172,0.00260422579366677
"2018-03-22",0.00540863834545886,0.00532317659472305,0.0059066803004135,0.00603004512744133,0.0051691330033973
"2018-03-23",0.00403475219759724,0.00403453245142482,0.00507640584856691,0.00490189820544268,0.00299810999349209
"2018-03-26",1.452365597087e-05,4.57435508792463e-05,2.69825450173738e-05,2.14888579500109e-05,0.00018304459080953
"2018-03-27",0.0120655958980698,0.011673504829359,0.0134815272508058,0.0136470545710456,0.0107480209536495
"2018-03-28",0.0128294866214689,0.0123353773004336,0.0140269060946101,0.0152490848063527,0.012458470326762
"2018-03-29",0.00427938960839729,0.00515501449432978,0.00388088882567812,0.0032815233989278,0.00612938918297954
"2018-04-02",0.00761329482232986,0.00758646666200051,0.00912127850691356,0.00954636885925306,0.00787884110952833
"2018-04-03",6.1669906120491e-07,1.62287078143785e-06,1.69275279428433e-05,2.12506468973858e-05,0.000155169621776646
"2018-04-04",0.000118160171363032,8.2364711851543e-05,0.000158674066570965,0.000141991024827969,1.23370770128718e-05
"2018-04-05",0.00199307161265652,0.00198655874471658,0.00190238832042629,0.00192096504042687,0.00521791718442193
"2018-04-06",0.00660818791802719,0.00664713914316985,0.00728273493557513,0.0075908398897116,0.00447458182696883
"2018-04-09",0.00319943546452429,0.00354425202523663,0.00308253246832762,0.00305919221295494,0.00550553076640828
"2018-04-10",0.000108245190290634,8.43376216691119e-05,0.000111682147973481,0.000115111155552502,5.04134225809066e-06
"2018-04-11",0.000132800684713212,0.000248468685493997,0.000270897804811743,0.000289902655725819,0.00101648263527239
"2018-04-12",0.000771366382540137,0.00085822297971595,0.000667773758571044,0.000660299682193597,0.00220740887932726
"2018-04-13",5.28202022369723e-06,1.20971397570707e-05,4.22906853235168e-06,6.02147894129796e-06,0.000322616289781756
"2018-04-16",0.00125414174301371,0.00126665053280831,0.000971482916076774,0.00106434568990949,0.00273790407233946
"2018-04-17",0.0012300813819588,0.00135049685507741,0.00114693317684166,0.00112852376683696,0.00243993184828071
"2018-04-18",3.30001042978374e-05,2.24382950757385e-05,1.26294911154739e-05,2.74541834583295e-06,0.000274579800201587
"2018-04-19",0.000351776421005504,0.000403309949845672,0.000427734119031762,0.000480676578643819,0.00014479922566829
"2018-04-20",0.00348878012895665,0.00307699911097637,0.00342931152232297,0.00263550488444591,0.00210367455063904
"2018-04-23",0.000264473898486304,0.000746690440769387,0.000324626552713682,6.27261898479857e-05,0.000181303837792054
"2018-04-24",0.00400244636603798,0.00395455555065122,0.00379083085616279,0.00528587469356116,0.00416820708472284
"2018-04-25",0.000366348930024188,0.000168608839434972,0.000171477229122675,0.000366835894839765,1.72090831412142e-05
"2018-04-26",0.00267565638684186,0.00341884373855262,0.0043439176629593,0.00408839785913094,0.00714039377866168
"2018-04-27",0.000693552101634566,0.000619317803175722,0.000521330884427698,0.000272263738597295,7.69332180491863e-05
"2018-04-30",0.00169051179891936,0.00186177596325696,0.00187283058016077,0.00181787083451995,0.00152639208902296
"2018-05-01",0.000107694939323698,4.76908227225341e-05,2.76983599170437e-05,3.91380306624048e-05,2.98458252184729e-05
"2018-05-02",0.00179288851482961,0.00153391117468943,0.000763504941109445,0.000574445894914212,0.00046720840224395
"2018-05-03",0.000101383286111023,0.00011990556854539,7.79732913371627e-05,1.59233829899797e-05,4.81901228381229e-10
"2018-05-04",0.0010221937298445,0.00147490721889944,0.00134015403791818,0.00217617535841524,0.00292622765765468
"2018-05-07",0.00012305647799865,6.15616322405551e-05,9.9099575551705e-05,2.43000853284673e-05,2.16047709240122e-06
"2018-05-08",2.30301982311496e-10,7.56657691154905e-06,1.70400803622345e-05,5.7006319924711e-06,5.88957551070895e-09
"2018-05-09",0.00285852640229221,0.00280652058101046,0.00269910418500844,0.00300263374798053,0.0033059206584981
"2018-05-10",0.000465465367096862,0.000459910739543216,0.000437167914702691,0.000493003529471387,0.000696775362221362
"2018-05-11",0.000108723712026986,0.000104408493985994,8.06852570229202e-05,7.53838513233463e-05,0.00021017091330237
"2018-05-14",0.00122740078282211,0.00114298145059796,0.00190830312772397,0.00179107227596625,0.00197875748425336
"2018-05-15",0.00174903681452985,0.00179086082177823,0.000739047666181071,0.000837705937151122,0.000632805350519401
"2018-05-16",0.00161517428931691,0.00162159987179562,0.00219495368738853,0.0021099950538003,0.00255219263932168
"2018-05-17",4.03626077497479e-05,3.08496588189664e-05,0.0002409747833325,0.000274952728980765,0.000342755180233749
"2018-05-18",6.37018471419871e-09,5.52872902298028e-07,8.21392395635473e-05,0.000172942304947866,0.000220316183072315
"2018-05-21",0.000382325611120213,0.000392154608631141,0.000780317659253436,0.000791572082690443,0.000935180466683957
"2018-05-22",0.000185241993148136,0.000196106274361222,0.000193571166554412,0.000246494553945312,0.000466434353774735
"2018-05-23",9.83363309681639e-05,7.11460505102794e-05,5.73206760884936e-05,6.14071477219053e-05,3.20593388975058e-08
"2018-05-24",6.96022532074392e-05,2.45541561324562e-05,7.33609377270274e-05,5.12225490336338e-05,7.82712763239094e-07
"2018-05-25",0.00113060645661678,0.00129901938213834,0.00111953896346527,0.00141024907897909,0.00188560707040499
"2018-05-29",0.00115904328082305,0.000998878914368298,0.00138331050722584,0.00128786578904076,0.00110924142636209
"2018-05-30",0.00167143187962104,0.00180015749612069,0.00156964901210765,0.00197104531767135,0.00206631553963047
"2018-05-31",6.62539650928e-05,4.10260461368511e-05,6.81945399040925e-05,2.46838835383995e-05,2.43961370195985e-05
"2018-06-01",0.00137261693994426,0.00152118202011239,0.00145239586256483,0.00152816093118851,0.00169711555460616
"2018-06-04",1.35808582150139e-05,8.16866966145472e-06,1.78153347609497e-07,5.7803637939202e-06,9.95598026816008e-07
"2018-06-05",0.000222870438752943,0.000201421356407087,0.000323290384578541,0.000150090297077596,0.000183036406680472
"2018-06-06",0.000213756184161386,0.000204909989055703,0.000481147585805559,0.000409940161614945,0.000467817099321037
"2018-06-07",0.000271409173869385,0.000207087849388957,0.000162849469709785,0.000203459356507459,0.000105045899881855
"2018-06-08",6.98241702494517e-05,7.87929807179699e-05,6.46049760053621e-05,2.49600837317599e-05,2.10057031293051e-06
"2018-06-11",0.000897192398319572,0.000715124261634877,0.000825786347988928,0.000874563674319034,0.00116405385750495
"2018-06-12",0.000307168383073709,0.000270355500386595,0.000183840753616089,0.000100621177061929,0.000178255404311467
"2018-06-13",0.000276705714757396,0.000333759947047403,0.000497446465592061,0.000620612840805402,0.000470154409495714
"2018-06-14",0.000236041574729672,0.000169389696223138,0.000162662357399483,8.53126423053998e-05,0.000168510237783662
"2018-06-15",0.000289117599022149,0.000298868388825533,0.000250013129083846,0.000265887629533201,8.27705838773716e-05
"2018-06-18",8.76783654648883e-05,0.000116481977763399,0.000233733583164984,0.00027969423607174,0.000706935593045415
"2018-06-19",0.000749719871534694,0.000877637289128427,0.00069590901908129,0.000796993457678335,0.000312341611355584
"2018-06-20",0.000386014406047007,0.000411840306733589,0.000480860561487005,0.000360373252233626,0.000901644077427118
"2018-06-21",0.000442635925186733,0.000446291617089089,0.000202474351701264,0.000343908615582766,5.03533167587693e-05
"2018-06-22",0.000849044975191296,0.000840564444664779,0.000990385004268447,0.000823982381195029,0.00146691067252895
"2018-06-25",0.0063318447329613,0.00625060866096391,0.0059578523617997,0.00601015546599175,0.00463891487202119
"2018-06-26",3.12747119378194e-05,0.000102161395351443,7.39189729638703e-06,0.000401556549240459,0.000647683874977341
"2018-06-27",0.000629364848432182,0.000643849440461485,0.0010347118570914,0.00172344219615547,0.00097433282211029
"2018-06-28",3.79161460591109e-05,5.78474919594535e-08,6.719751289637e-05,0.000375924667015936,2.78048502360344e-05
"2018-06-29",0.00352603672395498,0.00319103378230301,0.00404973158587361,0.0058926086968718,0.00397438123566875
"2018-07-02",0.00335750902936888,0.00302718208100383,0.00160562473126433,0.000867424660398973,0.00146860621619382
"2018-07-03",0.000131327954232427,0.000255076417320652,0.00011962414618488,9.26458663576102e-05,0.000540378295038271
"2018-07-05",0.00023703751242191,0.00042376364572679,0.000121183392480177,0.000201866461344393,0.000662907338553175
"2018-07-06",0.000331479331048513,0.000457611610777075,0.000158840840395959,0.00017624472370109,0.000922812323524867
"2018-07-09",0.00065741362268567,0.000566169771380085,0.000429349144314224,0.000504795567813312,0.00142999566745402
"2018-07-10",0.000250409460548073,0.000429835000357539,0.000318939209645524,0.000392537834213949,0.0010970461156753
"2018-07-11",0.000344878534418479,0.000344412372899234,0.000405190213786191,0.000327388340666409,1.37103088045118e-05
"2018-07-12",0.000957143697253384,0.00110939100042295,0.00104810783191748,0.00123721084760531,0.00213462849412611
"2018-07-13",0.000499398452397634,0.000945286112555478,0.0006650878200468,0.000762867952252258,0.00145168689071266
"2018-07-16",7.19416428439636e-05,0.00011935758721067,6.64139283167313e-05,0.000162887323660816,0.00061749021026525
"2018-07-17",1.22645435063568e-07,6.39327879280905e-08,2.93842508911076e-06,1.70165227167027e-07,0.000126015126999065
"2018-07-18",0.000103293028442476,8.00777292695721e-05,0.000152824057127141,0.000225740051316633,0.000597681544485244
"2018-07-19",9.65663922830435e-06,3.88976891907943e-06,9.23709329368906e-06,4.27664248716585e-07,8.30341613613798e-05
"2018-07-20",0.000144973009633283,0.000184425724638027,0.00028235263980507,0.00060247070337905,0.000833928023487727
"2018-07-23",0.000208932433022657,0.00110014597903993,0.00061973820414041,0.000342279367549962,0.000387644613147473
"2018-07-24",6.71375841485902e-05,1.16013230030728e-05,9.03217266405835e-05,0.000127651646496543,7.88663050704128e-05
"2018-07-25",0.000296012558041516,0.000519205327496389,0.000298390917378812,0.000300218064654671,0.000451135357862996
"2018-07-26",4.73303490776417e-05,5.67214508576453e-07,6.30869131198865e-05,3.49668489227694e-05,7.34098228649981e-05
"2018-07-27",0.00187358149417081,0.00144991151178564,0.00158772395474064,0.00114913165077775,0.000932133483840583
"2018-07-30",0.0001463301590636,0.000181650770592251,0.00176738089495334,0.00195253895596765,0.001746736284059
"2018-07-31",0.000310490083460666,0.000278558997275306,8.41612457095599e-05,8.04343715579835e-07,2.415318132442e-07
"2018-08-01",0.00522065250163374,0.00542192437177793,0.00466260496936368,0.00487433623009587,0.00452046838425853
"2018-08-02",7.53853057333859e-05,7.38387689312987e-05,9.19099905522897e-05,0.000150855457802418,0.000185881276640693
"2018-08-03",0.000699446850454126,0.000599701782656103,0.000728726672462542,0.000494925208447785,0.000587716310398695
"2018-08-06",0.000686857480642989,0.000582805709913938,0.000172807040283255,8.00976393304812e-05,0.000124535454127562
"2018-08-07",0.000345971004417439,0.000284302928431473,0.000109037367919481,0.000129032794097384,0.000272271054587713
"2018-08-08",5.47307767828518e-06,2.42207666504906e-05,0.000188030817962921,0.000187836930367069,0.000115868830595226
"2018-08-09",0.00119172416294745,0.00091810342678609,0.00084242949230595,0.000688457472745192,0.000833457140558281
"2018-08-10",0.000121309941538249,0.000180062819619234,0.000233160457326979,0.000264135344381543,0.000175926003358354
"2018-08-13",9.32964967816793e-05,0.000140585976861054,0.000101640983368299,0.000115417066611615,5.89191434914668e-05
"2018-08-14",0.000581126924822941,0.000465267378036343,0.000296113729596157,0.000327535176875336,0.000485419290541152
"2018-08-15",0.000522412743172664,0.000536567711410957,0.000759446362415026,0.000808021419252168,0.000655696974849933
"2018-08-16",0.0011288642929124,0.00120658715482352,0.00106263145942908,0.00110187234563736,0.00141104835111917
"2018-08-17",0.000395492622675379,0.000431101707941705,0.000486387329921224,0.00057862226703507,0.000311875023458063
"2018-08-20",0.000101579842435741,0.000161008689429096,0.000232743919683927,0.000282350390406543,0.000104503827027872
"2018-08-21",8.77328814441447e-05,3.66524544891839e-05,2.14681921955743e-07,1.10257234535046e-05,2.58595984572138e-06
"2018-08-22",8.33371572600962e-05,4.43671856604771e-05,7.07919797051846e-07,1.53267980531765e-06,6.09849627067871e-05
"2018-08-23",7.70690474601108e-05,4.82697534233239e-05,4.61547816832552e-06,9.62973022733253e-06,0.000109478813185253
"2018-08-24",0.000406039788697327,0.00047597404060784,0.000153477126417853,0.000139896761237297,0.000475604834377631
"2018-08-27",0.00017300224667137,0.000175699418008883,2.01032207915221e-05,3.37291772672107e-05,0.000156964373559417
"2018-08-28",0.000653435132334583,0.000660277824099923,0.000279594685828221,0.000339403845281792,0.00066932519024928
"2018-08-29",3.89973441013933e-05,3.87720350450232e-05,7.77671303817537e-06,1.18853421595023e-05,0.000221786096801732
"2018-08-30",0.00410642221689969,0.00404963006792314,0.00455363705836868,0.0043512426833139,0.0032965625870455
"2018-08-31",0.000108207654734658,6.22198187938864e-05,2.11370322766463e-06,7.56243889473782e-08,5.3507178529614e-05
"2018-09-04",7.49900829610435e-05,0.000109173333036539,0.000292333366317974,0.000320850531282592,5.64705893584597e-05
"2018-09-05",0.00200589156420024,0.00220366868959184,0.00256773738550966,0.00226241135636002,0.001499951495407
"2018-09-06",0.00188470134969516,0.00216748713397843,0.00309647407840017,0.00194587878724872,0.00149930273232616
"2018-09-07",0.00337629680862242,0.00360267374810976,0.00515128575780104,0.00630682667450028,0.0052340390172555
"2018-09-10",0.00137033007489479,0.00176173586004164,0.00280250796218351,0.00375986993630484,0.0032879889322141
"2018-09-11",0.000334352826917639,0.000177498164946202,4.84827572000168e-05,6.94705678050897e-09,1.80693421051088e-05
"2018-09-12",0.0113782665009107,0.0120733426602565,0.0121218549105937,0.0131262558204491,0.011840853712095
"2018-09-13",0.00260983207694774,0.00209458786564439,0.00159750030415877,0.00162635267026569,0.00188173443991408
"2018-09-14",4.29974262502952e-08,1.88969141819562e-05,4.11711502905403e-05,1.19113024580695e-05,5.47427440385104e-06
"2018-09-17",0.00126324786597809,0.00150459214258218,0.00156078418858685,0.00143522193124211,0.00113674264205597
"2018-09-18",0.000434068193398481,0.000260492006971826,0.000190053896898976,0.000224968557385433,0.000343074079014666
"2018-09-19",8.46225683892286e-06,4.50091244467604e-05,3.7685611540486e-05,6.27873453145692e-05,1.51939998505686e-05
"2018-09-20",3.91864350214164e-05,9.92527350293033e-07,1.39561282325572e-06,9.79333498698554e-07,2.87452646511212e-05
"2018-09-21",6.88661847039399e-06,5.26963887323072e-08,2.24129423933272e-06,2.31960770607936e-05,8.11983019720697e-05
"2018-09-24",7.92127065705361e-05,2.91731404114442e-05,8.01910175733333e-05,9.27553301182134e-05,0.000138600009930086
"2018-09-25",7.98988029478915e-06,2.08048177209725e-06,1.94507028320326e-06,4.8791058383628e-06,4.66902911417239e-05
"2018-09-26",8.01138976838183e-05,0.000136186231899263,9.6966549539143e-05,0.000114336799308928,6.448836236483e-05
"2018-09-27",0.000608014068471836,0.000547064232873109,0.0007377061247816,0.000732720699591753,0.000868925714274316
"2018-09-28",0.000140095547966103,8.3148188888173e-05,0.000155658766292151,0.000193692133809964,0.000330864097920471
"2018-10-01",5.77980503210435e-06,7.72360744101748e-07,0.000104419155035038,0.000128937867619722,0.00023151044608335
"2018-10-02",8.2689815564419e-05,4.12940521365523e-05,2.58258206960001e-05,1.36386889570831e-05,3.32486113611141e-08
"2018-10-03",9.86612167224002e-05,0.0001527260937549,7.46827080296033e-05,9.62139076901444e-05,1.71132172732303e-05
"2018-10-04",0.00650579242347169,0.00696197039737431,0.00690611913031607,0.00702716507922565,0.00644934987154004
"2018-10-05",0.00339857816101962,0.00343697346498774,0.00342140791310341,0.00354212128417632,0.00361864269589797
"2018-10-08",0.00108027392115248,0.00122353959594711,0.00126179332389476,0.00137248501034154,0.00157237355487355
"2018-10-09",0.000863121385723341,0.00101728063286604,0.00110968960588595,0.00103643579697195,0.00104164286626549
"2018-10-10",0.0126275089936021,0.0127881886242773,0.0128823008830477,0.0127755927237804,0.0133493905036188
"2018-10-11",0.0449381119402706,0.0444082492315411,0.0453761488589396,0.0455275065176999,0.0452720298832617
"2018-10-12",0.00134459215521343,0.00177414549493815,0.00235175231322521,0.00269769505641582,0.00236406176487055
"2018-10-15",0.00125921713431233,0.00163917498440652,0.00227495090824711,0.00239444352462661,0.00176632274588341
"2018-10-16",0.00351300308522621,0.00381784059103284,0.00424132661594369,0.00457973556526649,0.00346872666321923
"2018-10-17",0.000731981240571432,0.000603513900161478,0.000366629784435967,0.00041306320217191,0.000866882108562913
"2018-10-18",0.00105139507950306,0.000838482128297496,0.000382132891583037,0.000446284951414739,0.000804851985171537
"2018-10-19",0.000180855787198348,0.000314235716543951,0.000932238239688669,0.000918990278875748,0.000626075387415597
"2018-10-22",3.91100168128519e-05,0.00122244555646297,0.00110595880750968,0.00122748279194932,0.000100662618490284
"2018-10-23",0.00697324832941398,0.0059307790533956,0.00522396757929155,0.00486786165837345,0.00762748709181251
"2018-10-24",0.00476906490623295,0.00326053914525817,0.00316638837997085,0.00283718798913653,0.00439057886082841
"2018-10-25",0.000870971327008246,0.00176296927573304,0.00202159486730558,0.00207193327621147,0.00145003613643872
"2018-10-26",0.0181606664995768,0.0153617765575926,0.00915029350401178,0.009248528796962,0.0127310177491467
"2018-10-29",0.00398795978577921,0.00316939212712085,0.00121453765739107,0.00105013275667267,0.00270041339399517
"2018-10-30",0.00434372464664686,0.00378753293965356,0.00356693247084237,0.00366122082905881,0.00568519417025033
"2018-10-31",0.0151812499859428,0.0151470652191794,0.0176497050972071,0.0175494690362528,0.0146457063577074
"2018-11-01",7.72436865794083e-05,0.000118215339940265,0.0016371241888864,0.00174902062093616,0.000695714639805628
"2018-11-02",0.0096376557224903,0.0099934809814648,0.00899735126795,0.00873789088686286,0.0115663449096403
"2018-11-05",0.000648415043659014,0.000438766004541568,0.000580753120676845,0.000517149318373329,5.06776983518157e-05
"2018-11-06",0.00652113997587505,0.00540836179141575,0.00459908549131839,0.00457803611911185,0.00267772929503367
"2018-11-07",0.00166389685449882,0.00110366734455134,0.00126120335968914,0.00135762574586951,0.000504817132817863
"2018-11-08",0.00099133288660497,0.000442542277812317,0.000805162137917732,0.00107583623893567,0.000488902158139503
"2018-11-09",0.000220678781760813,1.1453730818761e-05,8.12660994848389e-05,0.000129487558977736,1.80694272049028e-06
"2018-11-12",0.00366247038972779,0.00518461424481,0.00400097553768147,0.00351759006102759,0.00513810731628361
"2018-11-13",0.00667022906890378,0.00848399139363175,0.00789247857938486,0.00841561480338229,0.0101848872686641
"2018-11-14",0.002162973102858,0.00309742262263142,0.00285668308965224,0.00281059714795994,0.00330068930125647
"2018-11-15",0.00108527856844962,0.00171304847825032,0.00174586301996922,0.00160523848352693,0.00218574026466753
"2018-11-16",0.00164249156218,0.00115120554205554,0.00104243835024042,0.00137041143449959,0.00095330710662334
"2018-11-19",0.000557373628687683,0.000945651458295691,0.000927368918156373,0.000671241650176257,0.00126375872301996
"2018-11-20",0.0288161042806078,0.0307874872487964,0.0317817569288502,0.0306729341252133,0.0316687299037262
"2018-11-21",0.017283571173856,0.0156802437197374,0.0121469288498363,0.0127778679772258,0.0145709020435726
"2018-11-23",0.00247970251786097,0.00196977080010624,0.00160553473738554,0.00197057741013849,0.00239081202801359
"2018-11-26",0.000763527543285938,0.000919013284609446,0.00169407852097963,0.00147359639063121,0.0013246475080417
"2018-11-27",0.000647122448733364,0.00104516508598701,0.00189988543309158,0.00151123651323957,0.00150485727174526
"2018-11-28",0.00020650465102923,9.33319987966771e-05,7.91850852498747e-05,0.000125562550989805,0.000129327604935655
"2018-11-29",0.000131355886522162,9.7170039594802e-05,0.000123412044151998,0.000190717783350669,0.000379431587952621
"2018-11-30",0.00133236364716181,0.00116779045859079,0.00110648493749695,0.00135350626480236,0.00179594801768586
"2018-12-03",2.37872755325659e-05,6.95503523388544e-05,4.24632656511116e-06,3.64883780087861e-06,3.33284840167654e-05
"2018-12-04",0.00318249425810394,0.00312187282982963,0.00171095827321107,0.00142586823409009,0.000881424902875566
"2018-12-06",0.0075068198446085,0.00704594925802818,0.00522265647791046,0.00449749460517856,0.00365561912054189
"2018-12-07",0.000782722736097162,0.000598237122836904,7.36399908792463e-05,9.90485284096549e-06,1.68746578153248e-05
"2018-12-10",0.00897459664886294,0.00767260725601929,0.0060961537207255,0.00558748996472536,0.00474253984412466
"2018-12-11",0.000177610480021488,0.000244280220848689,0.000379080051246922,0.000519619825147413,0.000809351094957645
"2018-12-12",0.00473593662053433,0.00495055455246706,0.00499730884259839,0.00557157979436638,0.00633885016842845
"2018-12-13",0.000320930695475268,0.000247208813095588,4.89951254499697e-05,1.44434666499014e-05,2.23796439145144e-10
"2018-12-14",0.000207725215932521,0.000185463930916902,0.000214343146030082,0.000323929852527396,0.000476350428001597
"2018-12-17",0.00131016416847248,0.00139127059953427,0.000978105215063685,0.00084177721121163,0.000704478218562643
"2018-12-18",0.000234229202647803,0.000432797632486772,0.000565692686491575,0.000675479011496987,0.000841128968380569
"2018-12-19",0.0181539396705651,0.0182324739831303,0.0150641529795613,0.0143055735186427,0.013667148289998
"2018-12-20",0.00887883659434723,0.00730081653941022,0.00531353828903782,0.00449371760328091,0.00466583509987542
"2018-12-21",0.00512117516578182,0.00425817465214257,0.00320311353229923,0.00299013835908303,0.0031874363304639
"2018-12-24",0.00138724448151549,0.00159866301446825,0.00239882188009512,0.00259106206411275,0.00214138719540935
"2018-12-26",0.00138257891657792,0.000828785034080588,0.000614579699605124,0.00023232993149947,0.000606593935381121
"2018-12-27",5.69796627044469e-05,1.60680493556696e-05,5.59469670509744e-06,7.76037334207565e-06,5.73280056549122e-05
"2018-12-28",7.01434316462063e-07,4.20564094195072e-05,1.91783266123893e-05,4.64316363103138e-05,8.53735306513853e-06
"2018-12-31",0.0126629413592478,0.0136906400308296,0.0124874901518776,0.0124111923455098,0.00993926069971882
"2019-01-02",0.000439834805109263,0.000426645709649856,0.000529815902617642,0.000653198965251971,0.00126673282705738
"2019-01-03",0.00718982602033872,0.00705499129776425,0.0066984635479967,0.00780757880176584,0.00988016904885691
"2019-01-04",0.00432399330857902,0.00398838661295046,0.00390828251591308,0.00302098447815044,0.00191391678615028
"2019-01-07",0.00121967484272457,0.00128021279693139,0.00146217164434796,0.00174037428175161,0.00293711954934128
"2019-01-08",0.00412737028794237,0.00275967059557352,0.00251149790690296,0.00167809654335941,0.000851011220128093
"2019-01-09",0.000710330950166464,0.00109007350168895,0.000850250656737362,0.00108478700870412,0.00211416882620791
"2019-01-10",0.00375138858840372,0.00238034754857845,0.00165492054253906,0.0011496789157612,0.000423760531437108
"2019-01-11",0.00452727408793581,0.00338811766247046,0.00334234562921437,0.00258812767291255,0.00158527405171429
"2019-01-14",0.00118782427061495,0.000636438086939444,0.00133823295880136,0.000930263528496346,0.000353842172090246
"2019-01-15",0.000229662281955575,2.92557166517345e-05,2.35904182338017e-07,2.85790048316044e-05,0.0002499110587287
"2019-01-16",0.000917173992840189,0.000586330916847761,0.000699421163388426,0.000408471881904509,9.99855777734306e-05
"2019-01-17",0.000759407573950916,0.00150517043772858,0.000752537453888495,0.00116622880939277,0.00198787588355603
"2019-01-18",0.000719465391139406,0.000331740220610676,0.000265675208581524,0.000129533594654314,1.11333196640761e-05
"2019-01-22",2.5477071869554e-05,8.45106931109407e-05,4.81552755773475e-05,3.49655414485371e-05,6.29535581016251e-05
"2019-01-23",0.00068783237457394,0.000446966863391649,0.000641848076495698,0.000429046653238591,9.7439771096635e-05
"2019-01-24",0.000372749616009098,0.000179908648621221,0.000218201275511288,0.000133632302495498,5.68182892482627e-06
"2019-01-25",0.0010548545732111,0.000900425665433022,0.000963456116941986,0.000788734447973249,0.000353371293936716
"2019-01-28",7.01997591062017e-05,0.000234113385035138,7.67264432113316e-05,3.78474054025225e-05,1.21312393724009e-05
"2019-01-29",3.27829383078684e-05,5.69346563874216e-05,1.39787472494585e-05,8.75621796638038e-10,6.52335030403291e-05
"2019-01-30",0.00364127404473421,0.00454237264482329,0.00392194142324909,0.00449562548683333,0.00532854578037625
"2019-01-31",0.00145854904163998,0.00109511491025023,0.00496455740466639,0.00417112165672005,0.00367226976858095
"2019-02-01",5.1843094565144e-05,1.02130279750066e-05,0.000143229391030481,0.000186074302231703,8.95986228291937e-05
"2019-02-04",0.000799983953319699,0.00198575825076854,0.00166033817207403,0.00119171395832832,0.000785647457014095
"2019-02-05",0.000443863273962406,0.00039008824859062,0.00029943347535073,0.000164008406047411,6.90658417374989e-05
"2019-02-06",6.66522526617995e-06,3.47886620802893e-08,1.45446136215539e-06,7.33292400401336e-06,3.65923061096269e-05
"2019-02-07",0.000442353818031566,0.000514318568092777,0.000916485989302254,0.00092278196186267,0.00096149948666895
"2019-02-08",0.000521489645672313,0.000498942214801874,0.000699867770407717,0.000713414387946868,0.000604037891200963
"2019-02-11",0.000123412037976629,6.6592518265252e-05,8.15246769286826e-05,9.37154539935566e-05,6.52563642633206e-05
"2019-02-12",0.00253370980461705,0.00199618705501071,0.00203823766912216,0.00225769929540677,0.00220088309526077
"2019-02-13",1.88271170924558e-05,3.56405083117279e-08,7.19936643641758e-06,3.51076357181493e-05,3.23681571895967e-05
"2019-02-14",6.41440371069834e-05,0.000178397803399761,0.000117480276847467,7.27848369750577e-05,4.23711086894092e-05
"2019-02-15",0.000199531788820932,0.000227405706095386,0.000415968995670486,0.000454831640835446,0.000487976642964925
"2019-02-19",0.00109275165735009,0.000893264965566814,0.00174321885616811,0.00170666526599507,0.00177256868626865
"2019-02-20",0.000323404891703437,0.000502909637025882,0.000430824005427206,0.00038829173312284,0.000282868383036355
"2019-02-21",0.000321455973027201,0.000210612923576128,0.00061692424629619,0.000639980899087389,0.000694122272830175
"2019-02-22",0.00145822109888062,0.00125972274964842,0.00235696146193974,0.0030756005787291,0.0033766393067086
"2019-02-25",7.20464110518638e-05,9.52533408110366e-05,1.09352978068182e-05,6.27405417162969e-05,0.000128162114930773
"2019-02-26",0.000522432282351918,0.000348805964967201,0.000803914015603332,0.000931492030597971,0.00116442498704557
"2019-02-27",4.233086638507e-05,6.71278950667274e-05,1.21418813299406e-06,1.4356187174978e-05,4.86344774021416e-05
"2019-02-28",0.00038860946776181,0.000361211877751006,0.000684594677351757,0.000972770149815099,0.00117284802194553
"2019-03-01",0.000116326583387566,0.00012337871920789,0.00040272818364737,0.000482995479543304,0.000738449029360484
"2019-03-04",0.00137702109670774,0.001480045033778,0.00113511114107867,0.000761350728916145,0.00054925226994694
"2019-03-05",0.00168562421548249,0.00203330446793389,0.00308390224193088,0.00324200295473509,0.00372863172070294
"2019-03-06",5.89026819373001e-06,3.57270802618726e-05,0.000322640906170405,0.000483679066608304,0.000622598969109014
"2019-03-07",0.00128367810138742,0.00108459518957801,0.000419121529495807,0.000327759464427801,0.000199938149567268
"2019-03-08",6.33045896294776e-07,2.00238283494392e-05,0.000136279399380034,0.000126317275812658,0.000230310743788516
"2019-03-11",0.000886301330881416,0.00119953652721433,0.00132168314522998,0.00136386098671458,0.00161118195779039
"2019-03-12",9.82407837000217e-05,4.25442780609656e-05,1.69192522708772e-05,7.09313833925407e-06,0.000172109734110581
"2019-03-13",6.72675247418046e-05,7.42943710064657e-05,0.000114677930447743,0.000158552265180572,0.000729016851337398
"2019-03-14",0.0010545685290604,0.00092392566291736,0.000923458512035992,0.0012909077180641,0.00248434934313826
"2019-03-15",3.38853564085269e-06,3.9388403234082e-07,1.50026298386123e-05,9.40275617831458e-05,0.000227529980090882
"2019-03-18",0.000106898991640064,5.40335464685268e-05,0.000111361099883724,0.000157093867555604,0.0003526506382695
"2019-03-19",0.000715537266047683,0.000928783809538707,0.00121565660155425,0.00107086920597579,0.000568063953170784
"2019-03-20",0.0015925238582509,0.00186010290572722,0.00232066699815088,0.00225666066903489,0.000985123105757262
"2019-03-21",1.33339915450154e-06,3.00641635507698e-05,3.59880986196164e-05,7.61297165611166e-06,0.000393734913702365
"2019-03-22",0.00612269049273223,0.0068984905213274,0.00679639077121072,0.00641229424129886,0.00323017944369779
"2019-03-25",0.00576839118196935,0.00655521794786806,0.007114039936248,0.006573295418824,0.00273562432838413
"2019-03-26",0.000220434438147607,0.000566697899053278,0.00109141310107477,0.00104857538927955,6.38508147853226e-07
"2019-03-27",2.34747050612989e-05,0.000268311058666083,0.00128822412361981,0.00104610924514011,2.20011397653022e-06
"2019-03-28",0.00149949787412377,0.00105810492521998,0.000643202494484004,0.000489449479986025,0.00306121646717762
"2019-03-29",0.00179539459162636,0.00114564662869161,0.000683343368138091,0.000721351927129244,0.00329493802632476
"2019-04-01",3.83103084337877e-05,2.46248631610916e-06,1.85821931105809e-05,7.80675431392845e-06,0.000901327067201601
"2019-04-02",0.00137284497332163,0.00109653471218763,0.000484218354051506,0.00041561987687381,0.00216059906165793
"2019-04-03",1.16513598037387e-08,1.08594094198057e-06,4.27302558567341e-05,2.20397520917199e-05,0.000401739249911004
"2019-04-04",0.000352995735730787,0.000262350059744839,0.000145064718674714,6.55983600386997e-05,0.00102093131565336
"2019-04-05",0.000924128954712606,0.000823934065509487,0.00078402372774007,0.000661004394823217,0.00229155471589254
"2019-04-08",1.03567441768314e-05,1.33327065532105e-05,0.000152653797789993,0.000169765666669323,0.00124674513437344
"2019-04-09",0.00053361815102151,0.000686932166444269,0.000292659146625732,0.000412356170172734,3.75998730882105e-07
"2019-04-10",0.000348124041964442,0.000206150474001305,0.00018769814647913,4.48212318482673e-05,0.000835274636512495
"2019-04-11",0.000121832793115992,7.42845913205853e-05,0.000122107388391823,4.53336565802882e-05,0.000538135538340369
"2019-04-12",4.47698544948568e-07,1.80681797779537e-05,6.68640945114946e-06,1.9537621121707e-06,0.000111213695450914
"2019-04-15",0.00117074815295646,0.000932590431099481,0.000769806889562036,0.000631672942487799,0.00108854479061993
"2019-04-16",0.000132452574282277,0.000183861669618877,8.12242578220173e-05,0.000205867604205718,6.18612749692444e-05
"2019-04-17",6.47703510574052e-05,8.47000494838825e-05,3.42970393052134e-05,0.000223336969797721,0.00012792528626886
"2019-04-18",0.00060671386572969,0.000668652984646475,0.00219349122449668,0.00166206476317409,0.00201042725343833
"2019-04-22",0.000436113559671234,0.00163649235427271,0.00371579876728393,0.00388730671460627,0.00432740172391999
"2019-04-23",0.000151058812467866,0.000297613121071773,0.000886687214702317,0.000667129241262782,0.000797418901739924
"2019-04-24",0.000462072973777421,0.000831522582739029,0.00151982357128484,0.0010330397334317,0.00120601051252169
"2019-04-25",0.000119391615429632,3.46708369146978e-05,5.67081367255662e-06,2.15932051409802e-05,7.92993954967977e-06
"2019-04-26",0.00236513549495415,0.000986593184863917,0.00121533527489895,0.0013842557842851,0.00111445111364545
"2019-04-29",0.00247254773600611,0.00238455104010481,0.00222431608405785,0.00208240290371291,0.00240889354586815
"2019-04-30",0.00408475320394747,0.00394866266671537,0.00475782972222156,0.00476969533938292,0.00441161408911004
"2019-05-01",0.00378612535938787,0.00414408951565208,0.00472829776968858,0.00530391384039474,0.00488813478908967
"2019-05-02",9.3993612620961e-05,1.90119913549324e-05,0.00124135413433087,0.000869369725779025,0.00106304442786556
"2019-05-03",0.00496435992951694,0.00485115037958084,0.00507833788095694,0.00449256425812424,0.00470793603886067
"2019-05-06",0.00332725288338733,0.00317880313197374,0.00353491885257254,0.00387638496109393,0.00375324925710681
"2019-05-07",0.00543616534022564,0.00574401926651214,0.00717130060880112,0.0072550700869193,0.0072288299478692
"2019-05-08",0.000133776848681602,9.55663227259576e-05,4.28327430899619e-06,3.5424691152116e-09,1.42682731166755e-07
"2019-05-09",0.00603229782951162,0.00583694415021953,0.00626868639355926,0.00632875775226468,0.00658186466462718
"2019-05-10",0.00188391296561577,0.00217030020250538,0.00347899943796123,0.00335195795551943,0.00372055629721828
"2019-05-13",0.00939508733913571,0.00965777455920648,0.0132675279403733,0.0140527544932019,0.0149073267774472
"2019-05-14",0.00493415756948332,0.00439376734080932,0.00236709892032374,0.00211171359188291,0.00173372811226962
"2019-05-15",0.000640963263580815,0.000496994136178379,7.78891107261966e-05,9.9535492647215e-05,3.34812110714129e-05
"2019-05-16",0.000615266520642042,0.0004856254908928,0.000236416255344838,0.000342849790947734,0.000207242996128177
"2019-05-17",0.00140304028020526,0.00164794125265762,0.0018407533962139,0.00166108480706454,0.00197979965391637
"2019-05-20",0.00266293069148256,0.00329130243683896,0.00463248647775945,0.00416173272295653,0.00481732173734451
"2019-05-21",0.0049008804516708,0.00365889336869838,0.00195973171640435,0.00182189245583903,0.00148161103463249
"2019-05-22",2.24677914816897e-05,9.41639463234508e-05,0.000288804857465934,0.000195969133303413,0.000282057668106435
"2019-05-23",0.00227715682171159,0.00275258086385808,0.00393478129347088,0.00355629876044803,0.00384804124419627
"2019-05-24",0.00415241737116088,0.00366895258081999,0.00290416415945053,0.0030627526450713,0.0028370626458731
"2019-05-28",0.000647505858654162,0.000858383155301793,0.00166126354843023,0.00136596684359196,0.00160792424129384
"2019-05-29",1.53105693420135e-05,6.33738948968492e-05,0.000286010005625629,0.000233682850705013,0.000332515896106622
"2019-05-30",0.000891748555430015,0.000999270791872848,0.00057974277277125,0.000725369094253368,0.000585315142116861
"2019-05-31",1.37671159911053e-05,4.22753024535943e-06,4.17114778266485e-05,2.94538456430442e-07,1.39580454097584e-05
"2019-06-03",0.055556346558726,0.0557505348173518,0.0619638234298045,0.0602235127203645,0.0615293813073891
"2019-06-04",0.0153387298740972,0.0133039015151963,0.0129145417585263,0.0122955251143689,0.0120836340919955
"2019-06-05",0.000127501692984663,0.000240839084874866,4.88797922144507e-05,1.71981620686511e-05,2.02967849013074e-05
"2019-06-06",0.00177675083558423,0.0012182304119959,0.00108439843088974,0.00103659986283365,0.00105643059440235
"2019-06-07",9.40472657986101e-05,5.45889860234006e-07,4.0767293278551e-06,9.42394560846236e-05,9.86327681077573e-05
"2019-06-10",0.000154633148409608,4.84792984835211e-05,8.52507492184512e-05,0.00022796826013318,0.000234336994120337
"2019-06-11",8.80359670380977e-05,1.52028437894391e-05,8.53512265126154e-06,9.12864453662576e-05,9.33161327680479e-05
"2019-06-12",0.000904126414601362,0.000749396865148954,0.000709030989942843,0.00119739915112115,0.00120466942738389
"2019-06-13",2.28054237004725e-05,2.76949931408039e-10,2.29053290566774e-07,5.30321892707171e-05,6.88542929443828e-05
"2019-06-14",0.000128792079991737,1.59080224826737e-05,3.2842134931827e-06,6.51073857860687e-05,8.24780229638841e-05
"2019-06-17",0.000639823459203199,0.00041857851011482,0.000375288755581378,0.000623176390368541,0.00066052618472125
"2019-06-18",0.000841287799553323,0.0012528198906481,0.00117545272204493,0.000861530397259059,0.000801807568964705
"2019-06-19",0.000942242481442739,0.00112637989076419,0.00075466678631177,0.00039258479392701,0.000386911086488998
"2019-06-20",0.00298699549090832,0.00256383731061692,0.00233100563228263,0.00280233974924547,0.00287763667617904
"2019-06-21",0.000730192943930387,0.00102126159604715,0.0017725087798346,0.00233209126341009,0.00233625859421684
"2019-06-24",0.00092666713126552,0.00123512223817909,0.00169955360467494,0.00277055676559876,0.00267892480473533
"2019-06-25",0.000206601001275025,0.000185498836457481,0.000157746331782326,8.24730920480573e-05,8.37012349045856e-05
"2019-06-26",0.000627806510741838,0.000651002016559385,0.000876827151816454,0.00108484382938363,0.00107206632769889
"2019-06-27",0.000805255762737213,0.000812313906342641,0.000931233763251226,0.000902817851014091,0.000965414334027776
"2019-06-28",0.000119688997032901,0.000137058598040241,3.25454600423458e-05,3.16924619645418e-05,6.30625230651355e-05
"2019-07-01",0.000169607937572645,0.000196658596068958,0.000193513220458633,0.000172267640575312,0.000145695749044213
"2019-07-02",0.000960717773865096,0.000858976245607532,0.000495549934912772,0.000612168316173618,0.000678401718748259
"2019-07-03",0.00283527823169834,0.0027564978038053,0.00409472840155567,0.00392022728815968,0.00407101307424823
"2019-07-05",0.000127681073040818,4.27617757912676e-05,5.83583201188343e-05,3.74701446653454e-05,2.69080986784444e-05
"2019-07-08",3.6423727736089e-05,9.87894042159371e-06,2.45675034785388e-07,8.44305502327154e-07,2.26871565510444e-06
"2019-07-09",0.000401856974544171,0.000384262392785299,0.00058813317916396,0.000495296644596622,0.000576769175129135
"2019-07-10",1.31755259366432e-07,2.95561778790765e-06,1.60330557805906e-05,2.38174410931407e-05,3.54675388933489e-06
"2019-07-11",9.22463460757113e-05,0.00015386005059514,7.65590791917425e-05,9.55297503757087e-05,0.000153104277801746
"2019-07-12",0.00102858233474342,0.00115319485745972,0.00257359077133563,0.00236463772048581,0.00263322647304451
"2019-07-15",0.000331995003367355,0.000364365279738692,0.00057717672661743,0.000472912058638861,0.000613572917521789
"2019-07-16",1.30739295799383e-05,4.06914230233037e-05,9.49094654470122e-05,9.95968656889733e-05,0.000159099361133313
"2019-07-17",0.000213197849118861,0.000361733544323552,9.62868514560275e-05,0.000108529466221111,0.000179396332297604
"2019-07-18",2.8782980508815e-05,0.000204210215697099,9.09258144721133e-05,9.40432775629756e-05,0.000162054676124837
"2019-07-19",0.000154459211992312,0.000178995472408561,5.06446308115651e-06,1.50250910129939e-05,7.18493067783906e-07
"2019-07-22",0.000615861227192058,0.00129088127598696,0.000819226310036758,0.00214607439350004,0.00233965233956087
"2019-07-23",5.33862234269544e-07,3.55565497344499e-05,4.70833173144054e-05,0.000161908316845759,0.000212000254188025
"2019-07-24",0.000400545920061209,0.000592965127441409,8.83197397408708e-05,0.000186971903732771,0.000260386215899877
"2019-07-25",0.00027330495143461,0.000204524124531195,0.00053940348365531,0.000366889807571657,0.000349218730971588
"2019-07-26",2.26418580744853e-05,1.80634333483337e-05,7.25847970222392e-05,4.22479849643436e-05,3.64271300454513e-05
"2019-07-29",0.000588407954036358,0.000366485329378777,0.000352919715242034,0.000431050273963123,0.00057980285452541
"2019-07-30",0.000129664600636649,0.00021364249540863,0.000279731147633807,0.000287682611567139,0.000211949113213484
"2019-07-31",0.0270562797567563,0.0280405970622991,0.0304285934571398,0.0299305550517568,0.0296128430601016
"2019-08-01",0.00766034867662977,0.0079800315967413,0.00646254961393494,0.00699467917612591,0.00643633188521901
"2019-08-02",0.00129908666984386,0.00136804775119503,0.00103821582871854,0.00101160431223021,0.000852079856769126
"2019-08-05",0.00102000956196403,0.00122182060476879,0.00263763635500498,0.00250579503503237,0.00242196063694805
"2019-08-06",0.000356989058509199,0.000580990742494414,0.000227130276324193,0.000347047163725791,0.000404519235480701
"2019-08-07",0.00173374259914811,0.00158388412272178,0.0015542355138743,0.001414657272643,0.00136838838005795
"2019-08-08",0.00866485783827839,0.00856569856221601,0.00895784564827154,0.00998703848223503,0.0100601925129825
"2019-08-09",3.17507381106217e-05,1.37349863431414e-05,0.000128735287213991,4.64774229938632e-05,6.13748426655624e-05
"2019-08-12",6.70995486949609e-07,2.08882940731069e-05,0.00311572857821599,0.00319089937668189,0.00336188163253137
"2019-08-13",0.0132904788757459,0.0140802714213277,0.00865244519774596,0.007944586576555,0.00800446865716091
"2019-08-14",0.000468243457808521,0.000372200281792186,5.18211409938205e-05,5.06753363979737e-05,4.48008890728306e-05
"2019-08-15",0.000189041726118359,0.00023476990317439,0.000109935984426175,1.46620712445542e-05,2.39971435241354e-05
"2019-08-16",0.00736322585093039,0.00776961636062897,0.00747149712739578,0.00794536129679878,0.0075794170349931
"2019-08-19",0.00322879130018138,0.00301373138534202,0.00310091654930564,0.0037033586393064,0.0032666687583892
"2019-08-20",4.23079316798353e-05,2.72164765584633e-05,4.13597593926789e-06,4.2116952897776e-05,1.13418098089952e-05
"2019-08-21",0.00247430301653681,0.00253754974353234,0.00123149870270508,0.00162847805395954,0.0013975663548779
"2019-08-22",0.00013906547410377,0.000175053339499184,0.000645688891950424,0.000455558411546326,0.000641837375140442
"2019-08-23",0.0327079484685544,0.033268703355085,0.0359378690586451,0.0342847653960606,0.0360474619769702
"2019-08-26",0.00777909591580502,0.00743424923121963,0.00571335881614107,0.00620313493610236,0.00571392414908265
"2019-08-27",0.000113004418135646,0.00020438858090522,0.000258150189214539,0.000423264458247019,0.000283448192115149
"2019-08-28",0.000698926968976578,0.000653080371418768,0.000303313661028001,0.000576145694214677,0.000413452323987267
"2019-08-29",0.00230452871350406,0.00231726021434236,0.00196410243410858,0.00234110602176321,0.00207103851577249
"2019-08-30",3.14468098847315e-05,5.26419659005857e-05,6.55718951996777e-08,2.77831924328871e-05,1.92209285394918e-06
"2019-09-03",8.72573477535964e-05,9.22780116051131e-05,0.000231865571126944,0.000151559787648973,0.000231493559727343
"2019-09-04",0.00459591063640975,0.0047751519695177,0.00368050024404537,0.00416517617470897,0.00380101311092696
"2019-09-05",0.000483120311316371,0.000581413598549465,0.00016777382523514,0.000211583854518404,0.000161283531173058
"2019-09-06",7.67311000188268e-05,0.000180513495747382,7.1818410460636e-06,8.19361897377691e-05,5.58307723435997e-05
"2019-09-09",0.00013340847185706,0.000189862215224615,1.15076922439021e-05,1.35088264196895e-05,8.98831577144457e-06
"2019-09-10",0.00540822270315879,0.00490614814301667,0.00486694994640955,0.00440646404075457,0.00448608751186923
"2019-09-11",0.000638579417101244,0.000617066924348608,0.000193013327815021,0.000400204649534046,0.000389836382971834
"2019-09-12",0.00183338712625123,0.00193712525151631,0.00330275053687398,0.00308872695286629,0.00321030223646507
"2019-09-13",1.1602108944736e-05,7.62863272086781e-06,1.40836776856393e-06,8.28531939110128e-07,1.08741011251828e-08
"2019-09-16",0.00134514176569109,0.00119429084040502,0.000707835948474394,0.000511871865031828,0.000505627076675555
"2019-09-17",0.00152973464835987,0.00142179905911865,0.000925332102912669,0.0012398009604375,0.00120380875847025
"2019-09-18",0.00124879515262997,0.00127844048319904,0.00202219691061079,0.00178729221106452,0.00181033866672879
"2019-09-19",0.00171489798705239,0.00176350270038921,0.00145511552313936,0.00141038435837053,0.00140388981128711
"2019-09-20",0.00211527938526206,0.00216689348262764,0.00280887894991961,0.00279209797866099,0.00275391286327499
"2019-09-23",0.00179014850845124,0.00192593817120684,0.00151544961635355,0.00171583624861378,0.00173242514313011
"2019-09-24",0.00788653707245223,0.0074195421419318,0.00858544616281681,0.00790885650416203,0.00793117517302033
"2019-09-25",0.00146354477671753,0.00127108163219031,0.000595486510132843,0.000804341320159124,0.000719970174414575
"2019-09-26",0.000390679691790009,0.000382990354098543,0.000173498401586916,0.000195729970673494,0.000149983705929193
"2019-09-27",0.0016013904885522,0.00186789725856655,0.00228628482917696,0.00209342831463177,0.00232840120934541
"2019-09-30",0.00312551222002016,0.00305779613148604,0.0024825387440192,0.00251365847605486,0.00222066212463589
"2019-10-01",0.00197140458861551,0.00226007952193764,0.00187647716696417,0.00191160279211779,0.00218910612897662
"2019-10-02",0.000145968262943758,0.00016010486470029,0.000242370843014322,0.000211948721410742,0.000318625023927968
"2019-10-03",0.00456951907519233,0.00361753138708074,0.00373755280441104,0.00372871800890432,0.00412462179784858
"2019-10-04",0.00528005354165537,0.00517843692339613,0.00370781339051523,0.00388926579821656,0.00344018103581856
"2019-10-07",7.88941283245771e-05,5.74755422580238e-05,1.39133550121962e-05,7.78084005719603e-06,2.47506340753781e-06
"2019-10-08",0.00280893202152895,0.00287480464274762,0.00346922106108512,0.00351862359677269,0.00410708954813941
"2019-10-09",0.00450087190302338,0.00502356967802513,0.00539180524829867,0.0052122768645814,0.00452658828632101
"2019-10-10",1.85998217809153e-05,6.7987051869377e-05,6.79481219861437e-05,4.61721092083472e-05,6.3447099318516e-07
"2019-10-11",4.07442517753315e-05,2.8771694339954e-05,6.50368267071916e-05,3.29572617050285e-05,0.000140189365570686
"2019-10-14",0.00265518666396681,0.0031414394892453,0.0036506948024119,0.00382485684163274,0.00305972602842031
"2019-10-15",0.000787775472519784,0.000842657956521807,0.000787951116082213,0.000708920283118998,0.000394554723056051
"2019-10-16",0.00046373189118966,0.000498945549727099,0.000400737772580098,0.000431665912727429,0.00019304118042417
"2019-10-17",0.000232686442059154,0.000297150432467686,0.000339905007880266,0.000327943415232817,0.000134672601298924
"2019-10-18",0.000292775477423384,0.000860845673366127,0.0010603940683661,0.00106993574654528,0.00073319837736434
"2019-10-21",0.000787417463744261,0.00141778141044157,0.00186366111392333,0.00325626821406481,0.00244967220326057
"2019-10-22",1.26621146844241e-09,2.90078378144837e-06,6.65064453424616e-06,5.10510754368928e-05,2.02507652752825e-06
"2019-10-23",9.5611654922249e-05,0.000173877968848844,0.00038032027336144,0.000405627385104058,0.000193269836163537
"2019-10-24",0.000121788695341334,0.000109359229846244,0.000228950590571286,0.0004288144166787,0.00020696400705543
"2019-10-25",0.000997734908699876,0.00101109186337156,0.00121082906042559,0.00134129149019269,0.000938800808981377
"2019-10-28",0.000328021125121379,0.000231436328252653,0.000397648165135539,0.000521261098366098,0.000318157528364941
"2019-10-29",0.00385277422433941,0.00409391742120897,0.0030259444795797,0.00293414589465147,0.0032766633752799
"2019-10-30",8.77146583774949e-05,1.29651792952438e-05,0.000392661966767733,0.000333146673454485,0.000268425627966238
"2019-10-31",0.00440451705037498,0.00492658490623823,0.00143267846297863,0.00163311325046617,0.00166341017232696
"2019-11-01",0.00414234206201692,0.00350061901702731,0.00410704469140068,0.00354547965068105,0.00374034904814834
"2019-11-04",0.000218673366889707,0.000161427613415929,0.000346100602612473,0.000248827669232224,0.000333759122736558
"2019-11-05",0.00177699182755023,0.00182762260596064,0.00165350533496294,0.00160096548685378,0.00190758243957102
"2019-11-06",0.000263056580714849,0.00042297391290778,0.00161683268034168,0.00181142242882948,0.00222180161608318
"2019-11-07",0.000276863274350695,0.000259265123687206,0.000234168329241371,0.000334000693538683,0.000567948865862639
"2019-11-08",0.000899213807593023,0.000900301894089908,0.00110059953770068,0.0013638404100211,0.00179405223515714
"2019-11-11",0.000132777248379907,9.19142544218382e-05,6.41954601840036e-05,0.000136374411505401,0.000294094583575513
"2019-11-12",2.30321440369642e-06,1.20947530803666e-06,1.20438033948787e-05,1.15308405289386e-06,2.40429772969035e-05
"2019-11-13",6.7362393050103e-05,9.72327653279489e-05,6.34653821031311e-05,2.32858588626211e-05,2.21726451747115e-06
"2019-11-14",0.000105511397629801,0.000107048212163123,7.3286618855833e-05,2.48566918092764e-05,2.49203941913042e-06
"2019-11-15",0.00196250370042854,0.00169673726951795,0.00165484184154864,0.00180099220097186,0.0024093168254396
"2019-11-18",3.64622028112735e-06,2.16015655700551e-06,5.33659077523143e-06,4.25758728597653e-07,4.80694433102877e-05
"2019-11-19",7.15102721578476e-05,6.08370963944817e-05,2.62968859884768e-06,2.21840880240294e-05,0.000173413586087637
"2019-11-20",0.00190841708565721,0.00201751708140476,0.00202691989611777,0.00186037594516957,0.0012755735104574
"2019-11-21",0.000614688526522385,0.000740458754611948,0.000583742970111368,0.000634771553460814,0.000976380006483835
"2019-11-22",0.00055315240252619,0.000670980873092216,0.000796894070040137,0.00107145742244571,0.00142429173440114
"2019-11-25",0.00247287095228262,0.00258669515813178,0.00226991758453232,0.00262721995380094,0.00318497754106881
"2019-11-26",2.81236258084942e-05,6.32608864790312e-06,1.1959778427281e-06,1.35232642610075e-05,7.27446762189662e-05
"2019-11-27",0.00126643820634133,0.00128447651270908,0.00110506360060833,0.00145680036063229,0.00208690041971363
"2019-11-29",0.000617628555026599,0.000635987654162361,0.000493092722282984,0.000851635798264719,0.00132305154300687
"2019-12-02",0.00424499952653703,0.00376833895856693,0.00402929705672676,0.00337076897193968,0.00284168242391076
"2019-12-03",0.000733545603506846,0.000488777970600941,0.000856862925233327,0.000516577366283962,0.000321339197181608
"2019-12-04",0.00248557990307991,0.00270724523270604,0.00198878722564998,0.00252834442516663,0.00317183769919518
"2019-12-05",2.82779698605994e-06,2.18896012042168e-05,2.39153712521865e-05,0.000102941830706373,0.000209497814852721
"2019-12-06",0.00187031569728472,0.00193380091919763,0.00196709962172841,0.00257312987226917,0.00321564836530003
"2019-12-09",0.00051017840519602,0.000322512848103557,0.000429424588376867,0.000222059117337439,0.000121068026446198
"2019-12-10",1.16347499594324e-05,5.00085450758727e-05,8.21151722375523e-05,2.49675311822539e-05,3.90041236638291e-06
"2019-12-11",0.000976502807443745,0.000845409551691429,0.000525391337551991,0.000750101560087879,0.000910304082127318
"2019-12-12",0.00778690039132382,0.00803723043206349,0.00766371323976633,0.00688796908203294,0.00620669403846568
"2019-12-13",0.000472503531236103,0.000470258898534132,0.00017179815032143,0.000318420993052437,0.000425763161538087
"2019-12-16",0.00397146037336512,0.00397295574151588,0.00394923509491337,0.00450264159656599,0.00465603147373598
"2019-12-17",5.57607884379676e-06,3.04251433112544e-05,1.2104994556258e-06,5.31271939109185e-05,0.000121067940629288
"2019-12-18",0.00231191025012922,0.00204734951717184,0.00220222807515583,0.00284816710052389,0.00314946095342339
"2019-12-19",0.000773080295197536,0.000778819507439787,0.00111049421548704,0.0015328756720992,0.00158237783283794
"2019-12-20",3.00432862903822e-05,1.83498230040984e-05,2.82423869894733e-05,7.5449987852665e-05,9.40556932579276e-05
"2019-12-23",0.000839473580800288,0.000813203301607247,0.00196803604293857,0.00277223996164892,0.00265201866038461
"2019-12-24",0.00111618505038433,0.000960133357393382,0.000795239697393155,0.00113560498643135,0.00124164424199255
"2019-12-26",0.000236483502517607,0.000161068111832704,9.66617419616854e-05,0.000157710729440944,0.000213367319988362
"2019-12-27",0.00221580359560698,0.0024954785549119,0.00288568830904936,0.00254590628796322,0.00236640510809497
"2019-12-30",0.00184407683691732,0.00243848033586634,0.00297817937626481,0.00296418385167945,0.00279604520264548
"2019-12-31",0.00129639227308973,0.00101865061884063,0.000806466920555039,0.000700403053852743,0.000779252283722085
"2020-01-02",2.53377630225023e-05,3.73217439168815e-05,6.83337825975628e-05,4.97240794074874e-05,2.42800185858425e-05
"2020-01-03",0.000270407626757859,0.000321666465244259,0.000336974348021414,0.00026374371311664,0.000182026235577893
"2020-01-06",9.05737217229525e-05,0.000115240423836627,0.000130636138779051,0.000159487712821383,0.000253131776952142
"2020-01-07",1.69490366211005e-06,1.65599463991857e-07,2.05702339263944e-05,1.82907853229068e-05,5.85556760086678e-07
"2020-01-08",2.57201383494505e-05,2.2057133089458e-05,0.000145368286933875,0.000109390131055427,3.46541338397961e-05
"2020-01-09",5.49672184787652e-05,5.15551050887781e-05,2.91906624216986e-05,6.20654561297844e-06,9.1019544579783e-09
"2020-01-10",1.75603830709516e-06,2.47086259255522e-06,8.81386368476385e-05,9.35504915711594e-05,4.67180448539915e-05
"2020-01-13",0.00162581364811209,0.0014306853389542,0.00108124168265876,0.00119594036531354,0.00130814530928761
"2020-01-14",0.00458720786009121,0.0046835887538801,0.00399763858546445,0.0037133869181118,0.00346882006819426
"2020-01-15",0.000577640323608793,0.000417770624743825,0.000477320706281096,0.000577282346800432,0.000688058392717172
"2020-01-16",0.00115084788779854,0.00108241456611597,0.000757786768178355,0.000791586955992757,0.000881294743696024
"2020-01-17",0.000675720570084068,0.000694664706852685,0.000814592253768903,0.000763193341398361,0.000915853936228125
"2020-01-21",6.80366810564103e-05,8.03585229415905e-05,0.000274950355718592,0.000341067400064656,0.000448377801369337
"2020-01-22",0.00021960021429701,0.000191997833107241,0.000550405865899908,0.000670857998180334,0.000826559837658679
"2020-01-23",0.000213840085784126,0.000174211492333371,0.000272433202308451,0.000178061222094259,0.000146053005499514
"2020-01-24",0.00114099092377684,0.00103662322449583,0.000514159640039908,0.000356317680615071,0.000394287627618269
"2020-01-27",0.0117216050149821,0.0115299339710335,0.00877440355036734,0.00545807165602394,0.00561531325002683
"2020-01-28",0.00693375721787273,0.00652346004901898,0.00612882059986913,0.00693052394218818,0.00647429836270163
"2020-01-29",0.00685709668804422,0.00638923271412994,0.00649590882100053,0.00671333846095093,0.00697882314567508
"2020-01-30",0.000418636073756999,0.000283225532268894,7.02814984690145e-05,1.5961839566329e-05,4.41508544749351e-05
"2020-01-31",0.00434223142990865,0.00336905504018175,0.00290652564274387,0.00272678271360445,0.00266986072055604
"2020-02-03",0.000977323712356684,0.000466455840784642,3.58272137113606e-05,0.000238609654722173,8.86861967285635e-05
"2020-02-04",0.00248553219116856,0.00245762973077542,0.00244481539874778,0.00119883013775485,0.00178180816603207
"2020-02-06",0.00136751426007247,0.00136778558802984,0.000926649843953413,0.000241511867964195,0.000385101696721433
"2020-02-07",7.53454883226544e-06,9.71255570560701e-06,1.2034324809809e-05,0.00025380788562808,0.000685583191100719
"2020-02-10",0.000142934384059251,0.000205350043933003,5.41907407303788e-05,1.85503495143314e-05,4.42049652876845e-09
"2020-02-11",0.000116414072452204,0.00010577769205729,3.91842127405711e-05,7.26190235010299e-06,8.53247707729705e-08
"2020-02-12",0.00147031905371698,0.00159138768298282,0.00117473549734928,0.000727060893912088,0.00100077065242821
"2020-02-13",7.59239789417971e-05,5.16338935236163e-05,7.414498295992e-06,0.000115057837468663,2.93804894602495e-05
"2020-02-14",0.00109427280761675,0.00118485082172485,0.00111066971723898,0.000766233582490611,0.0010198376832878
"2020-02-18",0.00160740682903847,0.00154078958824996,0.00167979967955277,0.00216586793314106,0.00200196159597275
"2020-02-19",0.00299511483421374,0.00305340051079297,0.00231324038318175,0.00156438748800923,0.00200698671328251
"2020-02-20",0.0031440535112259,0.00274783295893165,0.00315654098604697,0.00392992665980597,0.00355227002773302
"2020-02-21",0.00112486467437246,0.000954149508103782,0.00121788930137475,0.0014410733355347,0.00108658854776006
"2020-02-24",0.133884337814724,0.133433682472522,0.134743449483148,0.138229596099875,0.134200760315341
"2020-02-25",0.000636206948483959,0.00111977312243782,0.000855409272595796,0.00206053700074799,0.00130993132739664
"2020-02-26",0.00128662049000562,0.00111806383661465,0.000926258469055102,0.00089312234852773,0.000911859029919977
"2020-02-27",0.0515195940318882,0.049578199372028,0.047328733548286,0.0455443582817114,0.0465922708083938
"2020-02-28",0.235759330434135,0.227451254968531,0.222476143406336,0.215181270654118,0.219974162247552
"2020-03-02",0.0594431938277469,0.0674042767472572,0.0721701580500952,0.0739064860858819,0.0747539635114601
"2020-03-03",0.069675391309894,0.0629696605218917,0.0582900177975567,0.0510445329834875,0.0518021699590954
"2020-03-04",0.102332953001508,0.114118085121422,0.128137420969671,0.137118775668723,0.136375997704342
"2020-03-05",0.00494856049727977,0.00512770852032946,0.00648278919309275,0.00961806114298853,0.00861361328085593
"2020-03-06",0.000657702902319105,0.000549369704357902,0.000638086858747956,0.000151664414176568,0.000286864763627018
"2020-03-09",0.0745353062185428,0.069117636570485,0.0715399164023993,0.0631405480915741,0.0661124514772757
"2020-03-10",5.15940709263717e-06,0.000376797145558376,0.000361188174457078,0.000994112456194621,0.000664265672888041
"2020-03-11",0.000509186652810028,4.46500489670684e-06,1.50877016706176e-05,2.0853346217645e-05,0.000257059707895092
"2020-03-12",0.274476466913067,0.255774985086585,0.26096294559864,0.238086526194028,0.245393584750332
"2020-03-13",0.00142714279729302,8.98969535184999e-06,2.53020374285753e-05,0.00747073907012194,0.0156343354500832
"2020-03-16",0.0166885413258986,0.00575025235005378,0.00596510200634612,0.00335788811328665,0.00438691654301082
"2020-03-17",0.00132368958470726,0.00944521219723274,0.00932273891360425,0.00968136069084487,0.0116859091065394
"2020-03-18",0.00169821904468793,0.000529706653038357,0.000603993620428565,0.00247852316768276,0.0130754974579041
"2020-03-19",0.0275082149199021,0.0590647789479558,0.0570361791216133,0.0825317040560844,0.0718497328210862
"2020-03-20",0.00120729439467395,0.00270774110194075,0.00105500694771932,0.00281875062105832,2.56134249880753e-06
"2020-03-23",0.042525574827667,0.0382556882470824,0.0471439610266578,0.0354348306494454,0.0570285472504692
"2020-03-24",0.164720368884822,0.195776952451391,0.186054520725683,0.203874663384745,0.193146593092134
"2020-03-25",0.000818634268922241,3.24668068808729e-05,0.000494602089054334,3.45665954046021e-05,0.000772684286014048
"2020-03-26",0.00341304458423747,0.00161055080128281,0.000974956176435743,0.00126196024997264,0.0034307724855083
"2020-03-27",0.0351448898081328,0.0236733556615678,0.0223838414622773,0.0118396221372758,0.00737320026121787
"2020-03-30",0.0231870026717003,0.0111027409658228,0.0102143552374498,0.00317315225804108,0.000449221819767223
"2020-03-31",0.00118427023710641,0.00928531468676183,0.0101388395978627,0.016954714340119,0.0246618292467278
"2020-04-01",0.00285443599469863,3.45864483598719e-06,1.15017306996209e-06,0.00117260854105603,0.00358941550344187
"2020-04-02",0.00523663679198715,0.013080247260133,0.012739192444774,0.0124528848671328,0.0103066797392344
"2020-04-03",0.00245368786262736,0.000163944974913716,0.000321553091524415,1.17147977227337e-05,0.000673146653538588
"2020-04-06",0.000883391691375691,0.000161852350902275,6.67437802684142e-05,4.51641285935808e-05,0.000100570125250048
"2020-04-07",0.0165774122264777,0.029638231913056,0.027647163919195,0.0210692013876255,0.0188464397674534
"2020-04-08",0.0023951082084455,0.000124392474940783,0.000328681881544137,0.00151287487159646,0.00222659947518073
"2020-04-09",0.000967620813023868,0.00481581152059199,0.00383220559770392,0.00579602473525387,0.00840895047167911
"2020-04-13",0.000578075308128196,1.57569457955879e-06,1.00914621863554e-05,4.85884910028219e-05,2.67785686325009e-05
"2020-04-14",8.49578109674728e-05,0.00176602804821871,0.00134906134055617,0.00100107719913567,0.00130456060067118
"2020-04-15",0.000262908543867025,0.000481270516267457,0.000131829292964593,0.000525124607145101,0.00051991623068464
"2020-04-16",0.00132203914178593,0.00498125512514394,0.0035328272946689,0.00165420280463444,0.00047724456345113
"2020-04-17",0.000417532384358184,0.00169038550167163,0.000876001539812771,0.00239750928150376,0.00115516820850568
"2020-04-20",7.16946141854446e-07,0.00020052256745509,8.48409676340748e-06,0.000602699625362484,0.000341057799541032
"2020-04-21",0.0100141367629035,0.0143572527038447,0.0120087936072909,0.0134360023955914,0.0129546870516843
"2020-04-22",0.004894633453719,0.00200811795820001,0.00284732977404257,0.00426069122734281,0.00463894711434539
"2020-04-23",0.00159671168866707,0.00366679486842824,0.00269020703139393,0.00369671370081296,0.00260714421707476
"2020-04-24",0.00310147064998094,0.00151497798370622,0.00171252838319478,0.00258159275802852,0.00363214130521871
"2020-04-27",6.08878256529774e-05,0.000104788657484022,4.25302116015346e-05,0.000510472950730755,0.00127302329365275
"2020-04-28",0.000605601913784666,0.00189321211321544,0.00160274960064451,0.00311012236741006,0.00183022181816501
"2020-04-29",2.44044252698001e-05,1.47700213719928e-05,0.000118403771269673,3.52975052105496e-07,5.72230567572367e-05
"2020-04-30",0.00100529563655926,0.00208888727505493,0.00114431118511757,0.00109709361255897,0.00109498096167714
"2020-05-01",0.019738316870854,0.0213071000641956,0.0186934059090516,0.020287301605271,0.0225101396824005
"2020-05-04",0.00405180859458004,0.00328984659784845,0.00498009849642255,0.00182775105003687,0.000452784754672178
"2020-05-05",0.00209149871750396,0.00156984476079658,0.00133927126989839,0.00128568953934392,0.000532565745322079
"2020-05-06",0.000143843870532617,2.04194063006397e-06,7.10002229176634e-06,5.90904752188784e-05,9.70566691836413e-05
"2020-05-07",0.00265312866600703,0.00165925209892448,0.00176696637768394,0.00291176846587523,0.00173392901527156
"2020-05-08",0.00256006237243589,0.0021151641058637,0.00246177505266341,0.00305874383886283,0.00233194339819063
"2020-05-11",0.000330328406281459,0.000156966514860376,0.000628186473072137,0.000400780451469697,8.681545870336e-05
"2020-05-12",0.00304068418883769,0.00375969005973447,0.00261031903201726,0.00257679634787086,0.00292471852660464
"2020-05-13",0.0198314729042964,0.0214093095235002,0.0196638644072194,0.0203438451393097,0.0205387128962344
"2020-05-14",0.000506534014732962,0.000557636979515358,0.000393826279478198,0.00042431999837442,0.000275271349732758
"2020-05-15",1.49679732688134e-05,0.000240587643276971,0.000300687648876125,0.00338703982217463,0.00463900705107094
"2020-05-18",0.00363053393739341,0.00380747143353421,0.00488205641746794,0.00524753813882596,0.00677932300797761
"2020-05-20",0.00306878522804498,0.00256327078072497,0.0048484033590407,0.00371057721930896,0.00485115179353406
"2020-05-21",0.000166140083075135,7.9614102910319e-06,0.000334173279540375,2.17905055632305e-05,8.62868696926203e-05
"2020-05-22",0.00208784495500027,0.00135246778648995,0.00228946975106717,0.00104118096477052,0.00141163789174651
"2020-05-26",0.000159367346544635,0.000510879321782474,0.000309953824073988,0.000507529581127482,0.000642484166291277
"2020-05-27",0.00268664640841262,0.00315086349479898,0.00302357764065312,0.00360383041655266,0.00385200108709262
"2020-05-28",0.000240483692683636,0.000417962991282222,0.000557479853028734,0.00226357397056668,0.00224799531544
"2020-05-29",0.00148421519529411,0.00110314398678267,0.000861879680411542,1.00905341937308e-06,1.37389949765127e-05
"2020-06-01",0.00527661516499067,0.00636080772227913,0.0076143982118451,0.00687878468220113,0.00897569343216816
"2020-06-02",0.000741504757900306,0.000388894140155882,0.00111931360321864,0.00071310216083254,0.00156247160466542
"2020-06-03",0.000631317482741149,0.000262868098051541,0.000669989371377204,0.000144831859354387,0.000523524885280087
"2020-06-04",8.61297893952511e-05,5.28395716002162e-06,0.000154124975982768,9.74856021568988e-05,0.000436887389977078
"2020-06-05",1.231331907559e-05,1.60869509466105e-05,1.20695575660481e-05,0.000143636142987435,0.000234462491710984
"2020-06-08",0.000456904768074115,0.000891306256369854,0.00130487807046475,0.00227426279506316,0.00207291932904776
"2020-06-09",0.001168708652894,0.00174930162949577,0.0011902048331618,0.00132756050180725,0.00239972374878557
"2020-06-10",0.00413589191140747,0.00481661145154848,0.00420152063867595,0.00565481739005482,0.00932442185472349
"2020-06-11",0.012561306882609,0.0135586087372202,0.0124485549819453,0.0110697190474566,0.0158820395470086
"2020-06-12",0.00575457066469034,0.00592465643608117,0.00495675367648118,0.00457608896063328,0.00683243671936234
"2020-06-15",1.85917752613041e-05,7.41506320600734e-06,0.000119698647948549,0.000404610236369582,1.8958687322284e-05
"2020-06-16",0.00107185943546035,0.00153057007592681,0.000982849883709798,0.000563883591499265,0.00155965137178552
"2020-06-17",0.0134367193695956,0.0131776765039992,0.0153877104528874,0.015613516405641,0.0122290049230617
"2020-06-18",0.00376057892832203,0.002120578507,0.00324833717468938,0.00243592652817895,0.000967185348656294
"2020-06-19",0.00295132692281553,0.00389708904322802,0.00287023264883574,0.00437239493548104,0.00574733308481545
"2020-06-22",0.00652748709941015,0.00539568365720974,0.00680112879065962,0.00414222370637645,0.00323500785703973
"2020-06-23",0.000125727649689149,1.45645858299991e-05,0.000207162885721277,0.000315687891106744,0.000241970242348266
"2020-06-24",0.00723360871923729,0.00927180259312956,0.00820362286331973,0.011104209535716,0.0112376610204859
"2020-06-25",0.000268297294764778,3.02934418830939e-05,0.000179834329650674,9.5043916411826e-05,0.000158535178728915
"2020-06-26",0.00234977728355864,0.00281375038796513,0.00199185914836504,0.000949818571345057,0.000512261548492813
"2020-06-29",0.000928560815603305,0.000566674489023633,0.000886799464265319,0.00103503659905907,0.00167880342017861
"2020-06-30",0.00227732120968674,0.00165981669624094,0.00203080479659902,0.00178482590988616,0.00286135965245227
"2020-07-01",0.00145621040000667,0.000845523048251409,0.00113501569195903,0.00113684596509392,0.00165206155418774
"2020-07-02",0.000359193285615251,0.00026273464117538,0.000936403410630731,0.000648434300693421,0.000641142085358904
"2020-07-06",0.00143537037854029,0.000963846090669811,0.000375641799598792,0.00027923698160219,0.000284542220074679
"2020-07-07",4.73812269709999e-05,0.000109792011621261,0.000932860441779205,0.00099444936519755,0.000950066771184885
"2020-07-08",7.81913240369216e-07,4.05002161983967e-05,0.00083945991494356,0.00163989430609604,0.00151159849563437
"2020-07-09",0.00369708822330469,0.00424772920617552,0.00830121904478398,0.00568654437341531,0.00458772197231479
"2020-07-10",0.00109383770593691,0.000774295304730722,0.000227293174011944,0.000357698058467943,0.000714552874361151
"2020-07-13",0.0107570657324675,0.0107736881065973,0.0128308278552846,0.0112982649177597,0.00979322569503972
"2020-07-14",0.00993242219503429,0.0115498245533773,0.0127011331732942,0.0133132339798608,0.0120278645127418
"2020-07-15",8.34912914620438e-07,0.000131224189053404,0.000171712469091607,0.000448961302014717,0.000306395583528246
"2020-07-16",0.00284461526524206,0.00208346411296881,0.0017834237560556,0.00170179329337793,0.00175723276051519
"2020-07-17",0.00630642749802811,0.00485285054241203,0.00448883954605079,0.00476919715666055,0.00444349878561783
"2020-07-20",0.00238867866813486,0.0018584097431324,0.0014569092868419,0.00129335839776808,0.00106423685697607
"2020-07-21",0.000376322003728419,0.000533152391961627,0.000826049049259339,0.000645243184808265,0.000736818244680319
"2020-07-22",0.000662535137821563,0.000638510021813648,0.000406983048941337,0.000330364943706218,0.000395342728270264
"2020-07-23",0.0183368929627185,0.0198917278651054,0.0211952134008892,0.0180654555210726,0.017818991960837
"2020-07-24",0.00425240793923294,0.00596854760453954,0.00656853384404712,0.00633564342774995,0.00645270844621578
"2020-07-27",0.00720400368603408,0.00783151840355714,0.00722154302083686,0.012600422955938,0.0116479058317925
"2020-07-28",0.000294453733736507,0.000306340256907407,0.000292341765523868,0.000154710881023789,0.000246222871386346
"2020-07-29",0.00139605405544241,0.000985135380388237,0.00109812679398245,0.0004552488830488,0.000703890181997235
"2020-07-30",0.000150435257167404,0.000213704572821792,0.000133948956761226,0.000947757242144827,0.000453832040743939
"2020-07-31",0.00756926374389564,0.0081157772939223,0.00868019554745068,0.00910789665627372,0.00889623761651845
"2020-08-03",0.000493022036151526,0.000932090900018644,0.00118732067181143,0.000998577804747248,0.00151205141262645
"2020-08-04",0.00243624517457831,0.00134736546246605,0.00111256336482216,0.000958232193782681,0.000810852286374727
"2020-08-05",0.00354840775516905,0.00270914644097747,0.00248412780834043,0.00242432192809389,0.00172396844217146
"2020-08-06",1.0729349181219e-05,8.263463676926e-06,2.7450746702653e-05,0.000125842200513162,3.42549545245867e-05
"2020-08-07",0.000367885606560299,0.000568768138514172,0.000405947223597933,0.000168572618291154,0.000422975890446421
"2020-08-10",0.00190566718093955,0.0025625219977345,0.00206128828228005,0.00125402376097451,0.00224537308399809
"2020-08-11",0.000312188758413401,0.000640440438750293,0.00034414318023409,4.66057514902758e-05,0.000117676827111012
"2020-08-12",0.00151610167446443,0.00165833946480623,0.00243428360582534,0.00394611852762709,0.00401829084172298
"2020-08-13",0.000151654892010237,0.000182990553831967,1.22411215468011e-05,6.13988467281572e-06,2.81100159796047e-07
"2020-08-14",0.00152272224183314,0.00120498948215169,0.00192694903234814,0.00217856945560033,0.00182746326358377
"2020-08-17",0.00236561193798317,0.00210897365219316,0.00292749967109557,0.00222091712687805,0.0019509118759973
"2020-08-18",0.000407602525928582,0.000409312264341468,0.000846069593425529,0.000798283613494496,0.00044179611291431
"2020-08-19",0.000293411437498351,0.000229095405717735,5.1700235638439e-05,4.12372958095229e-05,9.53555812452628e-05
"2020-08-20",0.00176069469954295,0.00206436354205117,0.0030631553266925,0.00223846418992261,0.00217326602330845
"2020-08-21",0.00822601906871307,0.00746030274136756,0.00560962418444503,0.00527284901281108,0.00505292975188341
"2020-08-24",0.016852043712687,0.0167932781393961,0.0139399373316755,0.017664140161856,0.0177110699124026
"2020-08-25",0.0009362599874309,0.000373560329453496,0.000967401425419585,0.000329744683121021,0.000546840988721256
"2020-08-26",0.00388343809047742,0.00446751866312115,0.00630767018487514,0.00573061521526794,0.00583660697999511
"2020-08-27",0.000495511764199621,0.000377890717060049,9.25308104892797e-05,0.000108108946321622,0.000176304278938011
"2020-08-28",0.00147172782207382,0.00161920640234197,0.00207047053892828,0.00340981387870775,0.00369368092003555
"2020-08-31",0.0249592058619901,0.0235727015321732,0.0221453253851494,0.0219113682789277,0.0225554888860683
"2020-09-01",0.00148090922059514,0.00072184489524315,0.000756188886302839,0.00038902440366863,0.000399907582184006
"2020-09-02",0.0895889477042088,0.0917909649603326,0.0898360943211196,0.089481342622924,0.0873582806228634
"2020-09-03",0.0244557940964155,0.0322824255820511,0.0306182516548554,0.0368457893610217,0.0376589455770012
"2020-09-04",0.205946686504491,0.214282391013504,0.208528202455456,0.183288328683079,0.184476879792048
"2020-09-08",0.00147457773683118,0.0006371197419423,0.00111581714907971,0.00046720073824532,0.000301614098947121
"2020-09-09",0.056981279092921,0.0532943568815658,0.0565000460178497,0.0579336273542106,0.0556186912764736
"2020-09-10",0.000305467698145989,0.00172027633688111,0.00119130592129889,3.10299223979754e-05,0.000181936446554874
"2020-09-11",9.99534547274831e-05,9.84759217214647e-06,9.38791886961377e-06,8.51376518510326e-06,1.00075994654931e-05
"2020-09-14",0.0526224671811137,0.0464340043225883,0.0480611483524938,0.0457823294331404,0.0419499634301016
"2020-09-15",0.00161273137204271,0.000967990659140214,0.00162570526091953,0.00273243713325835,0.00202465021846607
"2020-09-16",2.73513527050603e-07,9.88807834153766e-06,0.000114413010632273,0.000478337822348332,0.000302892365536538
"2020-09-17",0.00401209155299658,0.00401258752859058,0.00245896218509875,0.000565505563785326,0.000833922800579823
"2020-09-18",0.000140233670151438,2.81688521039563e-05,5.57289568102615e-05,0.000146184156190715,3.2372368488845e-05
"2020-09-21",0.0108796961137216,0.00859813392326291,0.0059463132272278,0.00670995992527226,0.00751597775487159
"2020-09-22",0.00460301320851642,0.00673529117788343,0.00932504070642563,0.0132051232450389,0.0120365939874068
"2020-09-23",0.000630607917012264,0.000197542793585139,1.77899744447648e-06,0.000113630399111127,5.27375119721818e-05
"2020-09-24",0.00606935956048262,0.00413164073261517,0.0024801981037279,0.000231848988689563,0.000274062236245978
"2020-09-25",0.0036290659155707,0.00542343154120981,0.00774061106666788,0.00772454704129466,0.00826852267399924
"2020-09-28",0.00244018251575988,0.00394251718411271,0.00613550291094306,0.00469220330884536,0.00488138686183324
"2020-09-29",0.00531680368323685,0.00774964316349098,0.0107340931980127,0.0104085464810223,0.0100205263151692
"2020-09-30",0.000599148400744501,6.8716069429331e-05,5.70529756116697e-05,2.62352917153485e-05,1.13180270966608e-06
"2020-10-01",0.00112662547691881,0.00291604848885016,0.00488901199911323,0.0054580889088826,0.00425647667141657
"2020-10-02",0.00449475962710756,0.00183987812084125,0.000842663298458609,0.00104091600311276,0.00143690779316775
"2020-10-05",0.0159357377045167,0.0223583177583195,0.0264258918807847,0.0243102626562797,0.0234410125397944
"2020-10-06",0.0214426271949533,0.0172498980285366,0.0145237572545612,0.0164477398424116,0.0167576587915259
"2020-10-07",0.0149006132841749,0.0196173698640557,0.0224437186959458,0.026024769500964,0.0267337231586947
"2020-10-08",0.00264861346583461,0.00390123761194536,0.00514766187155993,0.00546475470452164,0.00557242702797441
"2020-10-09",0.00100498076757202,0.00172535364563402,0.00209624893985367,0.00166635228318114,0.00173882622917659
"2020-10-12",0.00529604622383413,0.00337659201154781,0.00282655517981568,0.00411862136044431,0.00384191713200037
"2020-10-13",0.0467775939348463,0.0450467256914501,0.0429017299405436,0.0478468645024027,0.0471640783714523
"2020-10-14",0.00648868994988155,0.00582937607417223,0.00697929987993101,0.00387554230431551,0.00425909649510502
"2020-10-15",9.13991360876408e-05,0.000150654416395332,0.000301185340179785,0.000352999691367813,0.000465548651250926
"2020-10-16",0.00263477996573703,0.00283591122322549,0.00335159098605309,0.00520448893461035,0.00557430756269408
"2020-10-19",0.00191839829107774,0.00151751922460436,0.00122450843407669,0.000962127146188262,0.000946136988899974
"2020-10-20",0.00070462525478241,0.000821872422116022,0.000612930449403847,0.000140399555469398,0.000226390850811942
"2020-10-21",0.00130508046489213,0.00129642490899643,0.00164539481169606,0.00265413896653532,0.00251812522333259
"2020-10-22",0.000165432342851518,6.30706641453784e-05,7.55521438742623e-06,7.34277614136952e-08,1.09589358619274e-08
"2020-10-23",0.00186252227663397,0.00156847385595949,0.00206018223929226,0.00456062628172861,0.00462562366345442
"2020-10-26",0.00266800395648836,0.00243014582532329,0.0020190974242572,0.00011939106128332,0.000320090881021368
"2020-10-27",0.000283756648480839,0.000386176188778636,0.000649939076968289,0.000399001355606964,0.000940391810960177
"2020-10-28",0.00880841363295672,0.00861313730516645,0.00748771169142267,0.0126524713707534,0.0103606997515528
"2020-10-29",3.7678625325571e-05,0.000144631107548997,0.000300620288173186,1.32181826051001e-05,4.12078592646354e-05
"2020-10-30",0.0226842979482269,0.0199956372795648,0.0195272668264751,0.0240184626379188,0.021412363114884
"2020-11-02",0.00248195226626147,0.00328913328443471,0.00432277698104745,0.00311260242413187,0.00350980433313948
"2020-11-03",0.00423946484537267,0.00413992635218553,0.00528853296533807,0.00544758394796672,0.00588326845379554
"2020-11-04",0.00285092196163115,0.00291258304225991,0.00200748904167452,0.00238815154572944,0.00208557709358995
"2020-11-05",0.00369041727942378,0.0044925943690195,0.00509741087293911,0.00485671624658114,0.00564671911432062
"2020-11-06",0.000358967587858257,0.000380380205949729,0.000762105449223138,0.000828044757453983,0.00111543271235555
"2020-11-09",0.0167941337852314,0.0181392354745796,0.0160985288984774,0.0143190249419748,0.0131518011532591
"2020-11-10",0.00317138696599332,6.04768792293688e-06,0.00010932253212257,0.000433529025471192,0.000923840538370158
"2020-11-11",0.0147679934509786,0.0153679594918383,0.0197511837427151,0.0173729802962465,0.0213712908271675
"2020-11-12",0.000409241833416589,8.57252306018561e-05,0.000592536534603287,0.00289947065087329,0.00373525568914645
"2020-11-13",0.0062810342407699,0.00506987569035664,0.00730074953220905,0.00657671615313747,0.00726659489747057
"2020-11-16",0.000249203581020878,6.85090683536877e-05,0.000435382729261414,0.000277192658417365,0.000332036027954385
"2020-11-17",0.00152021109499455,0.00158267085673851,0.00245203679509275,0.00362121480890722,0.00284704745696636
"2020-11-18",0.000232641312504212,0.00042879011996383,0.000858290015942753,0.000471184438612844,0.000363036462449208
"2020-11-19",6.05841120909417e-05,1.17021718073235e-05,2.74737572902843e-05,2.64425861311685e-05,3.28605800585918e-06
"2020-11-20",0.00220925434133296,0.00288164147234227,0.00404383252121877,0.00294279041253541,0.00194977210960716
"2020-11-23",0.00119582012207906,0.00116336837220915,0.000674131487141681,0.000343855690436253,0.000890694982574743
"2020-11-24",0.000473207504039148,0.000779175966646587,0.000324460766745221,0.000543849782509342,0.00109165356576221
"2020-11-25",0.000572022395123746,0.000294563863340398,0.000637439684256304,0.00044654907031777,0.000175051715284055
"2020-11-27",0.00335365952270575,0.00328540955706628,0.00435925185052698,0.00357050010931017,0.00295884605326718
"2020-11-30",0.0098841740026549,0.0107371304859113,0.00947647467888047,0.0127706747729758,0.0138468317780197
"2020-12-01",2.48742147861759e-07,5.2552635610825e-07,2.67315927040943e-05,7.65809531123916e-05,5.8285910321292e-06
"2020-12-02",0.000397929978091654,0.000534860665304401,0.000959105357068195,0.000532499442920123,0.000400154386472908
"2020-12-03",0.000982677154817106,0.000760121397600727,0.00111626613191718,0.00109061727608179,0.00110053576068702
"2020-12-04",0.000529155606091625,0.000381747704322278,0.000675597823475143,0.000637024550720322,0.000496097899495513
"2020-12-07",3.47977822573076e-05,1.35734091833059e-05,0.000112351477850218,8.7196007236728e-06,1.46952157287511e-05
"2020-12-08",1.21561226019076e-06,2.41650519580509e-05,3.83426777818906e-06,0.000118272493404733,1.24132932642977e-06
"2020-12-09",0.00522130021783962,0.0058071872518037,0.00475120631309358,0.00401649583813096,0.00568797773151036
"2020-12-10",0.000252884783117969,0.000445535749640501,0.00019023640325847,0.000687859653793185,0.00122275580196877
"2020-12-11",0.00051496128692377,0.000249138243223151,0.000459216133492102,0.000780776050553354,0.000615473673519272
"2020-12-14",0.000792769571128548,0.00068695041388865,0.0010666631784971,0.00115513738232424,0.00108735356004642
"2020-12-15",0.000182495929642822,0.000264017080851857,0.000146618425348917,1.15924725763057e-05,3.7815830974073e-06
"2020-12-17",0.0029908776456927,0.00256732794652128,0.00298391291883767,0.0037071993278807,0.00382909120719622
"2020-12-18",0.000159589116020572,0.000184689613084978,5.05076091144193e-05,0.000456158587792463,0.000371581313702792
"2020-12-21",0.00283901323199929,0.00246271626970579,0.00203199454919663,0.00238026349118851,0.00214230238624457
"2020-12-22",0.00253790432855592,0.00233341021851552,0.00163868903997903,0.0012094868423233,0.00101379471938831
"2020-12-23",0.00362211475370792,0.00314738184972694,0.00390311487581672,0.00290107362531194,0.00315766858394782
"2020-12-24",0.00221159491557938,0.00198038976863871,0.00273587517289271,0.00375033947063752,0.0039546788498555
"2020-12-28",2.62156707257818e-05,0.000107912726639314,2.81353478779673e-05,6.23123994218836e-05,2.24818825412136e-05
"2020-12-29",0.0014115545860247,0.0018912811111844,0.00151177976732103,0.00151318778444824,0.0013740009159038
"2020-12-30",0.000987331159697943,0.000713134047625776,0.00107713084435385,0.00113540413484247,0.00113527798052317
"2020-12-31",0.000129071777245153,6.13709595415283e-05,0.000191902702641163,7.76965790578085e-05,6.66753121549824e-05
"2021-01-04",0.0167562443449252,0.0176761101195767,0.0161218177956237,0.0150785720413126,0.0155229531052674
"2021-01-05",0.00348198063576286,0.00381696912532212,0.00460713172235232,0.00665739848643882,0.0063487633798002
"2021-01-06",0.00526870319663874,0.00502671291920134,0.00413068035204552,0.00292450402819083,0.00305464917887981
"2021-01-07",0.00504644153384771,0.00574784126702454,0.00679663991705499,0.00981052171466455,0.0099638639651143
"2021-01-08",0.0020344991715929,0.00207472273197066,0.00154416048877392,0.00358487693911138,0.00445957865659021
"2021-01-11",0.000336111940534984,0.000282904726427556,0.000681035306321491,7.88536357676619e-05,1.51116696320592e-06
"2021-01-12",0.000150634971893849,5.17588771877852e-05,0.000190070495585088,0.000368920540106059,8.90549859540845e-05
"2021-01-13",0.00126866937436552,0.00133761552911384,0.00202499302566223,5.90605999276055e-06,0.000109529112996852
"2021-01-14",0.000160441723191189,0.000168665923562525,0.000479496591076219,1.54101056452456e-05,5.48302242792891e-06
"2021-01-15",0.000362546146449451,0.000401545190934451,0.000187554593946668,0.00017406456748293,0.000341835067300946
"2021-01-19",0.00265921223957027,0.00306883934769387,0.00385146257535771,0.00371249880160547,0.0031073432671119
"2021-01-20",4.22207746355282e-06,1.63193216061789e-05,0.00011461887831371,0.000548441554449609,0.000461285996115849
"2021-01-21",4.51513035156802e-05,6.2132690056591e-05,7.72871376818192e-06,3.61947534369957e-05,2.74023904524954e-05
"2021-01-22",7.05123185080386e-05,0.000109055817112604,1.62746111930935e-05,1.14668758656927e-05,2.58590805348154e-05
"2021-01-25",0.0538537540845644,0.0527733975467568,0.047898576658125,0.0481270870032789,0.0486129697496903
"2021-01-26",0.0075607525976338,0.0062043796651893,0.00852434250897905,0.00830629475106765,0.00839461417555172
"2021-01-27",0.0150234585951596,0.0164551241657843,0.014814141998555,0.00738522565421063,0.00722742992162604
"2021-01-28",0.0077108704940823,0.00708392362899363,0.00674524036329571,0.00688286538340783,0.00640338732594971
"2021-01-29",0.00917536727977094,0.00998197979101505,0.0229290995427484,0.0307430188263998,0.0271597763054665
"2021-02-01",0.0156075140235039,0.0178425549281074,0.0163209752985769,0.00903999117910514,0.0111017445135493
"2021-02-02",0.0124908447873304,0.0124188314127789,0.00936536900991351,0.00894069682985077,0.0105582766494749
"2021-02-03",0.00468466711624652,0.00449479106166885,0.00211908409584836,0.0020791059043804,0.00226184658435854
"2021-02-04",0.00345263983677684,0.00333994952102195,0.0010951700781402,0.00152641670812008,0.00163071236117442
"2021-02-05",0.000762208117598391,0.000617605408116155,0.000220599445457033,0.00163491210486347,0.00127197599346707
"2021-02-08",0.00144088745113144,0.00159558698440265,0.000637118293017392,0.00097305534904871,0.000721998899255651
"2021-02-09",0.00035343854815648,0.000388082475843753,2.22548495436177e-05,3.39778642320145e-06,1.23438693408353e-05
"2021-02-10",0.000698639019574887,0.000620716555988788,0.00147120134362931,0.0022024634614822,0.00245558071293208
"2021-02-11",0.00101786616119754,0.00123586635958173,0.000906517980553167,0.000543404480127154,0.000320627848813025
"2021-02-12",0.000886203426782506,0.0011476363349815,0.000814752677467523,0.00130259448145271,0.000854141433711669
"2021-02-16",0.000257042487953457,0.000188905309162224,0.000476263241039317,0.000312856123291321,0.000712771245168073
"2021-02-17",0.00382399978370119,0.0031052851350274,0.00388318928359095,0.00289843542067198,0.00369398444754234
"2021-02-18",0.000190755770742801,0.00024256836620702,6.93084781306855e-05,3.62917600159319e-05,2.06375437282093e-06
"2021-02-19",7.85145473246786e-05,0.000109046273493603,1.09867220934402e-05,0.000101705675551253,5.5620927415386e-05
"2021-02-22",0.00473068344071125,0.00441208946884541,0.00526937051508859,0.00447240463252914,0.00489404080321031
"2021-02-23",0.0528825220673653,0.0535435310960308,0.0561238077212887,0.0576575443369446,0.0596111514520141
"2021-02-24",0.00572932414099074,0.0043945628788283,0.00412784864512168,0.0056910022412215,0.00496019741563381
"2021-02-25",0.00919756741904305,0.00949859410227535,0.0104929340803904,0.0109066683744724,0.0122540910860393
"2021-02-26",0.00306433339074234,0.00324226689851436,0.00391317684518236,0.00312056609066608,0.00405375797541521
"2021-03-01",0.0167903497925615,0.0159614008314042,0.0149040525653353,0.0159176113544225,0.0138573117300359
"2021-03-02",0.000179371890087148,6.65468708853371e-05,7.01621785066104e-06,3.91042922976626e-05,1.82307292709566e-06
"2021-03-03",0.000410553867391353,0.000616462645881631,0.000459968223395791,0.000941599831709698,0.00152022561873896
"2021-03-04",0.0288761306950019,0.0299700924485144,0.028638036770968,0.0266727145294971,0.0291455117699736
"2021-03-05",0.00029836611923602,0.000521796849495536,0.000413956692927964,6.61146529594783e-05,0.00022712306013751
"2021-03-08",0.00170978382060806,0.00175401500302767,0.00184257645839671,0.00270640039851457,0.00188069757993976
"2021-03-09",0.00702979736591615,0.00697282384416917,0.00758098994802743,0.00945907001592202,0.00763853357608482
"2021-03-10",0.000541413077352519,0.000583455908271923,0.000330004186694021,7.87212446010951e-06,3.03153864482125e-05
"2021-03-11",0.0108925824142446,0.00995745103408202,0.0111421022113412,0.00881572349871571,0.00765631092451188
"2021-03-12",0.00179573091009471,0.0021785987988589,0.00292214135683175,0.000841629780840246,0.000577826150094722
"2021-03-15",0.00117076533311828,0.00108700049426785,0.00156916442778046,0.00128623297416274,0.000987147323270978
"2021-03-16",0.000381533411856828,0.000197275571879349,6.21807314781519e-05,0.000302471873972815,0.00064635332471036
"2021-03-17",0.00109712580466936,0.00099667502452302,0.000570334441497325,0.00033775672971701,0.000986427049552163
"2021-03-18",0.000481702761574925,0.000632100354001175,0.00094034736310931,0.000969395686503382,0.000325555076985682
"2021-03-22",0.000688410497717485,0.00102886900944585,0.00126011664246671,0.00133606039468632,0.000704849454694986
"2021-03-24",7.44736873775199e-08,7.55434474581962e-05,0.000143448157154985,9.49486836383453e-05,4.78072466818417e-06
"2021-03-25",0.00361990595127726,0.00281854220975345,0.00277183903910363,0.00252677384109044,0.00280117578841003
"2021-03-26",0.00141908812598562,0.00178363658890528,0.00201869197256635,0.0033542817108253,0.00318848679237931
"2021-03-29",0.00024492291322376,0.000337939366657632,0.000537164916277341,0.000596143793001681,0.000340056758466091
"2021-03-30",0.00136674983206111,0.00177882106803282,0.00225763909433676,0.00254828721361569,0.00195167606847152
"2021-03-31",0.000197104651411734,0.000319906845338824,0.000561131859891812,0.000322381089792736,9.70167983631852e-05
"2021-04-01",0.00215552269815655,0.00238934174494427,0.00284190205714801,0.00230976813961888,0.00177211493004268
"2021-04-05",5.25117173819753e-05,0.000157483350507623,0.000264561147767346,0.000367994357355208,0.000367787474787224
"2021-04-06",1.50880554206031e-05,3.69417362360175e-05,0.000100595347050538,0.000195774016659498,0.000360317064080025
"2021-04-07",0.000128040811801067,0.000156212100527603,0.000276057574307191,0.000752151957657297,0.0011830785090369
"2021-04-09",0.00020710283651246,0.0002510557279769,0.000379511775636975,0.000305349371812455,0.000679213370887315
"2021-04-12",8.07215034115689e-07,3.68553588491503e-05,8.29577140339081e-05,2.21833419074371e-06,6.65468505456185e-05
"2021-04-13",7.16008282777003e-05,9.85698300373346e-05,0.000227707284133324,2.00222536269922e-05,0.000143999035716128
"2021-04-14",0.000419600800671163,0.00038078384828676,0.000172076710827243,2.81330088489245e-05,7.21951517006784e-06
"2021-04-15",0.000487012875928936,0.000424861855529745,0.000800334057768931,0.000894590875472105,0.00128933928847162
"2021-04-16",0.00115605788682693,0.00109431068204242,0.00174762152788999,0.00250148519053658,0.00291454888236469
"2021-04-19",0.000480016465609188,0.000349968385290476,0.000192125770094187,0.000221775804413064,0.000111027216421899
"2021-04-20",0.000278799534670491,0.000294060086253929,0.00018687406277359,0.000328354574704148,0.000202381231042751
"2021-04-21",0.00103734299225442,0.00102378610235097,0.00113014955943667,0.00129741145274779,0.00155189306609704
"2021-04-22",0.00164280155589627,0.00158120777595814,0.00139025578811607,0.000793210728432476,0.000608237498258659
"2021-04-23",0.0034635840863094,0.00361371669601814,0.00412928402750866,0.00460058882259883,0.00488840488320951
"2021-04-26",0.000850881363929431,0.0016988343076536,0.00210871669935863,0.00454332520092481,0.00495567723329999
"2021-04-27",9.69798494239888e-08,7.07334081260985e-06,5.81940251501315e-05,0.000124530661516458,0.000384026354120997
"2021-04-28",0.00013189595034879,0.000121511364647198,3.4025415791255e-05,0.00047041978192089,0.000140703067560011
"2021-04-29",0.00439172918693392,0.00473972728212125,0.00371057990609779,0.00621153670822518,0.00476750623910523
"2021-04-30",0.00137962062860575,0.000977508171660699,0.000885276072216985,0.00011715064315048,0.000358601471445932
"2021-05-03",0.000494780003142267,0.000411019435037364,0.00031027826563149,0.00017997703497153,0.000174649656073992
"2021-05-04",0.00173523732640243,0.00185107098162769,0.00210174427211012,0.00175893140229486,0.00189759383763343
"2021-05-05",0.000917047120567388,0.000888780721850209,0.000617747038521858,0.00104812189411714,0.000935628612373883
"2021-05-06",8.97332455211421e-06,3.34458877074925e-05,6.06358531353374e-05,6.33226188126132e-05,9.25872981733265e-05
"2021-05-07",0.00028493464279893,0.000178376224525325,0.000121433377331303,0.000196864584075633,0.000188884702493306
"2021-05-10",0.000217129422056397,0.00017535267541472,0.00012246473491105,6.34720209988176e-06,1.00800402438981e-06
"2021-05-11",0.00380886047815376,0.00373169871870392,0.00377801975042756,0.00327958436820115,0.00345604953513528
"2021-05-13",4.10322466572104e-07,2.55479684647089e-05,3.49160747184838e-07,4.13457251456644e-05,2.92299247093715e-05
"2021-05-14",0.00467447359336766,0.00510196027785389,0.00407362491012049,0.00370265701135429,0.00364764486335308
"2021-05-17",4.18616361455615e-06,4.8312428837464e-06,1.31398711294758e-05,5.07894486538361e-05,6.60907826974725e-05
"2021-05-18",0.00176462646106035,0.00156202563768843,0.00133834712641117,0.0014442916859435,0.00149843644745391
"2021-05-19",0.00181809834910418,0.00177130407719862,0.00165541670353033,0.00142715050531305,0.0014187069424125
"2021-05-20",0.00378055195593978,0.00447077058954814,0.0048102285334291,0.00535577316898537,0.00550472437861226
"2021-05-21",6.25890504299097e-05,0.000122724975288705,0.00017414212487553,0.000123898024031617,0.000164659789209017
"2021-05-24",0.00221787890098713,0.0024691281842376,0.00258810687448082,0.00211752523936579,0.00228266945060268
"2021-05-25",2.12846591189987e-05,4.57186194649232e-05,0.000103344881523281,4.2484894872538e-05,7.61080408255994e-05
"2021-05-26",0.00223038923349183,0.00217955613874872,0.00265768320821417,0.0023469321856427,0.00252074307502588
"2021-05-27",5.76937137555991e-07,6.71030226703402e-08,3.68131662777263e-05,7.88177031346037e-05,9.23526156428768e-05
"2021-05-28",0.000295356306923514,0.000465875348458861,0.000667756539885278,0.000406223174772521,0.000415055512807512
"2021-06-01",0.000545343915900198,0.000663787393200857,0.000908796951248022,0.00110433415924932,0.00113813755232862
"2021-06-03",0.000252647577664469,0.000143878084398898,0.000119311541253015,6.33232422555312e-05,5.62183655742806e-05
"2021-06-04",0.00197583248930589,0.00209774962560439,0.00201256144424351,0.00215070406805579,0.00229232875187368
"2021-06-07",5.48659864967202e-06,8.09173296800116e-07,1.37903726390238e-06,1.29182910806672e-06,4.22716614327352e-06
"2021-06-08",2.9194342437967e-06,6.70882310157113e-06,2.32587502410577e-06,2.58677407650841e-05,8.49893790297714e-06
"2021-06-09",0.000650397422736704,0.000658309908896115,0.000494854726837116,0.000578833666631847,0.000705282193373906
"2021-06-10",1.60664654119683e-05,2.34761802811817e-05,9.53054418802721e-06,5.27871235086443e-05,7.59852710616524e-05
"2021-06-11",0.000939300441492883,0.00129063106160508,0.0011191734211148,0.000613101819885319,0.000679353384305187
"2021-06-14",0.000161742722684777,0.000120014913165563,0.000152048046007036,0.000265565807084917,0.000259857879230909
"2021-06-15",0.000447587411961215,0.00036191069068818,0.000370272737198867,0.000338123731190938,0.000352237717173407
"2021-06-16",0.00342522576784308,0.00352166325835832,0.00339991458972155,0.00339230063574792,0.00318665572607631
"2021-06-17",0.000350895174158271,0.00032923088631506,0.000418873744357594,0.00089729974741868,0.000977372582427324
"2021-06-18",0.000212716478474038,0.000156461023453867,0.000121475002065877,1.41444421381564e-06,9.20670995188538e-06
"2021-06-21",0.00106959191940102,0.00135337490717527,0.00154340897706954,0.00239025758416062,0.00272518087241514
"2021-06-22",0.000726077243164328,0.000689089061924903,0.000806205704386574,0.000899864971298912,0.00126276177904933
"2021-06-23",0.0019636334840106,0.00180817420148469,0.0019853106711682,0.000879782333167831,0.00130907236749636
"2021-06-24",0.000676038116856873,0.000625311832446984,0.000637077507837277,0.000247428879046009,0.000480013206609672
"2021-06-25",0.000364869984461615,0.000335385731294081,0.00039693657825745,0.000171230849021117,0.000299950244240026
"2021-06-28",0.000691018059714506,0.000823907463152023,0.000832850133316672,0.000856127417571851,0.000972618368260852
"2021-06-29",0.000120566821903053,0.000198610067922999,0.000231793112849557,0.00074030627429419,0.000833024626768774
"2021-06-30",0.000165770128603091,0.000209742122321435,0.000339254789480445,0.00060877044438015,0.00078781952863805
"2021-07-01",0.00025901937230864,0.000251508759792745,0.000414897091885119,0.000243243550474368,0.000375586993486346
"2021-07-02",0.000355624790935062,0.000338430715234951,0.000524258709598238,0.00030575301568494,0.000452600588315911
"2021-07-06",0.00257273254085957,0.00270807348375075,0.00219137217533625,0.00286838047754947,0.00246106300444331
"2021-07-07",0.000290353778050654,0.000276640687997474,0.000238658242542394,5.56093733721318e-05,5.56394743432517e-05
"2021-07-08",0.00159073338111033,0.00179541311581576,0.00165812366806042,0.00129504122438026,0.00122381383279408
"2021-07-09",0.0025568792672362,0.00247361448154898,0.00286964324962673,0.00356306283885273,0.0038876795935628
"2021-07-12",0.000113115551151689,7.33013205172193e-05,9.07655464028055e-05,1.22985928224847e-05,3.91350512432367e-06
"2021-07-13",0.000399651565191724,0.000418556692094407,0.000300315007954916,0.000389716202733132,0.000382508887135716
"2021-07-14",1.98406699560717e-05,3.84713777463556e-07,3.32193340848524e-06,5.41053459840454e-05,6.94295906932827e-05
"2021-07-15",3.09992349014144e-05,2.51305700126375e-05,1.03230620982033e-05,0.000205530849676837,0.000291618260708966
"2021-07-16",5.65772766830247e-05,0.000106624476224793,0.000189781487265152,4.33526117685193e-07,1.4457105994767e-06
"2021-07-19",0.0031437474793549,0.00333175633526538,0.00259042696315894,0.00261960124230035,0.00275733867204407
"2021-07-20",0.00295623781065546,0.00293025357868898,0.00369084512651672,0.00634259751477764,0.00608613506520738
"2021-07-21",0.00126012619314487,0.00156873816986165,0.00199807907820311,0.00242530529320572,0.00235154935372577
"2021-07-22",0.00105525679452598,0.00106641599384649,0.00157004330550688,0.000865471984026429,0.000856735445159415
"2021-07-23",0.00197566443432376,0.00221478496536738,0.00260064017393975,0.00179818897418302,0.00194293010553462
"2021-07-26",1.68102529204758e-05,0.000180765689198805,0.000287161407361518,0.00148380786942605,0.00167035056022444
"2021-07-27",0.000918969419896726,0.00105057256380042,0.000552395230003184,0.000734176308107067,0.00044408251086388
"2021-07-28",0.00705821432450406,0.00739086283363924,0.00606710321995896,0.00564221947050364,0.00476425314106223
"2021-07-29",0.00821690810552768,0.00749764968837489,0.00893260670826123,0.00495265515245352,0.00605429541868566
"2021-07-30",5.48463889226896e-05,2.69101478939536e-05,0.000213740571636542,5.05168439841926e-05,0.000119592104449967
"2021-08-02",5.24712152200406e-05,6.4989558221685e-05,0.00023782249563725,9.76387699390739e-05,5.54157218902066e-05
"2021-08-03",0.000150202411211133,0.000112633659937605,0.000318990149723642,0.000258563735358413,0.000159659786233148
"2021-08-04",0.000377910971776954,0.000397416598520888,0.000617607004304675,0.00133069315209864,0.00103820083435745
"2021-08-05",0.00103853115316404,0.00121445785366427,0.00204619730271314,0.00234252607115758,0.00250212293738772
"2021-08-06",0.000325000318456276,0.000329937025709865,0.000199463146134051,8.50354659087189e-05,6.36849535974083e-05
"2021-08-09",0.000329047322590471,0.000320874660186452,9.85674508455076e-05,7.37962873018611e-05,5.66288376749326e-05
"2021-08-10",2.80274571729161e-08,1.29472347730804e-09,9.39721254214636e-05,5.5149422312045e-05,6.62864738682811e-05
"2021-08-11",0.000192345822347174,0.000184187905565999,3.05307457766268e-05,9.83058821468134e-06,1.68568423838801e-06
"2021-08-12",0.000250384380559369,0.000223130460850528,0.000173465916276667,7.4079692733051e-05,7.38113616833523e-05
"2021-08-13",0.000208488221667745,0.00021259239905089,0.000172657639575114,1.28886635295741e-06,2.77394902980891e-08
"2021-08-16",0.00358950351897269,0.00355845448682685,0.00380858355973259,0.00418544476369794,0.00443318462224491
"2021-08-17",0.000379421009145407,0.00049201873628518,0.0006237726006937,0.00048330397764719,0.000583385553608246
"2021-08-18",7.69691256575287e-05,9.42020450919947e-05,5.06841402456004e-05,4.8046203094095e-05,1.57915316975694e-05
"2021-08-19",0.000868915509345992,0.000898261477226588,0.000847427582242187,0.000905622334128929,0.00104093197922635
"2021-08-20",0.0033221336251115,0.0034979977202527,0.00392111183465177,0.0040936870622856,0.00389802754841948
"2021-08-23",0.00226226586199353,0.00212264382733205,0.00269398571019995,0.00297044854157278,0.00266961212607226
"2021-08-24",0.000588485837865494,0.000630771681993979,0.000783297150557618,0.000446945309984045,0.00033751929283216
"2021-08-25",0.000882645356978298,0.000893984142535997,0.000999430638943327,0.000692532064693641,0.000564523007031062
"2021-08-26",3.08467761356821e-05,4.04704729450701e-05,7.63719683468305e-05,0.000164970340773443,0.00012955883553173
"2021-08-27",0.000126205301458719,0.000184238384416491,0.000177145090515856,0.00029269538197068,0.000283855535254693
"2021-08-30",0.000182256650998677,0.00021899836045092,0.000120658121370544,9.46823920065468e-05,0.000116142716027802
"2021-08-31",0.000260338466241552,0.000361749688975906,0.00031769774635666,0.000185211121549286,0.000194064661455276
"2021-09-01",3.13431148206816e-06,1.82670192056875e-06,5.73336888939218e-07,3.15224840035882e-05,2.33605189769912e-05
"2021-09-02",0.000275151692477805,0.000273834977094874,0.000333582966902672,0.000120908471209843,0.000105754722584319
"2021-09-03",0.000693549914484045,0.000624524309441831,0.000580058932736385,0.000852599785273981,0.000780586570219999
"2021-09-07",1.916504672237e-05,1.91751923034851e-05,3.23051216358839e-05,0.000109930078654829,8.84199946411176e-05
"2021-09-08",4.29792985810811e-06,1.27888125736619e-07,3.92663434437883e-06,5.96085986971599e-05,8.29331485529686e-05
"2021-09-09",0.00025689797950128,0.000325100752994542,0.000315993619944328,0.000211821712335438,0.000181102139530759
"2021-09-10",0.0234764184105934,0.0234476196651544,0.022780146707268,0.0221499625989243,0.0218949110534673
"2021-09-13",0.00262890050957219,0.00197540753275636,0.00167869506104195,0.000651700184074501,0.000626674739131224
"2021-09-14",8.832738136679e-05,9.94582218192347e-05,8.8687732283234e-05,4.5306433409244e-05,3.71235067343588e-05
"2021-09-15",0.00206810833583178,0.00202973413865413,0.00196667625870792,0.00417262079167911,0.00426690870843269
"2021-09-16",0.00099993507331173,0.00105813011006264,0.00107244847767769,0.000905790010503233,0.00100907204739821
"2021-09-17",8.735649014602e-06,1.67914817685384e-05,6.00771731216043e-05,9.46995129418302e-05,0.000121776005046335
"2021-09-20",0.00210024725582333,0.00212639921678015,0.00197348586062709,0.00247491690850888,0.00221998258281081
"2021-09-21",0.000802786313688792,0.000882033356614263,0.000926978411006635,0.00120445303203477,0.00153058602170651
"2021-09-22",4.59121126179097e-05,5.36820363171837e-05,5.22133112321031e-05,3.05317468177261e-05,5.85900770731014e-05
"2021-09-23",0.00178984549928736,0.00190324723828215,0.00183888740528349,0.00151374771392575,0.00173643424458843
"2021-09-24",0.00151893301646054,0.00158709942293284,0.00148211001639682,0.000585092030852517,0.000660758320257636
"2021-09-27",3.31190604257017e-05,2.38076321622509e-05,1.28717457957138e-05,0.000336682766247454,0.000283932543309693
"2021-09-28",0.00215172229581519,0.00228497654958703,0.00233201015270124,0.0026256965870371,0.00253430002940201
"2021-09-29",0.000348044967256642,0.000424379656225613,0.000432730729121502,0.000676755128557213,0.000698093646433017
"2021-09-30",0.000219273132768867,0.000182391429052408,0.000173587832560864,0.00019278351591884,0.000231225046998899
"2021-10-01",0.000487613386280132,0.000308396794695565,0.000362630349317684,0.000350628637955708,0.000487140184137652
"2021-10-04",1.11443247180152e-06,4.9811751982904e-07,4.6945889397234e-08,1.32252475742192e-05,4.60137667098946e-05
"2021-10-05",0.002008902570794,0.00220067180887432,0.00227679539629581,0.00271932768225098,0.00254731693257155
"2021-10-06",0.000310032683211287,0.000324054747092536,0.000334007087961791,0.000788116191613414,0.000858912967111054
"2021-10-07",0.00439903019364387,0.00464064242232802,0.00454261303119201,0.00418371374957277,0.00444017838107195
"2021-10-08",0.00027691726173578,0.000324380164101702,0.000404897626889879,5.17360975001816e-05,5.3680588507881e-05
"2021-10-11",0.000439768371619179,0.000490215635469925,0.000525150473120547,0.000464284600287457,0.000507729457913338
"2021-10-12",0.000322301364268135,0.000246864576269292,0.000196271584293632,0.000296059325067683,0.000263849400145019
"2021-10-13",9.610154010983e-05,0.000157014369645555,0.000237857573387241,0.000177047261516329,0.000211760513648757
"2021-10-14",0.00293850988658361,0.00314638858203715,0.00344844916245563,0.00477347218349649,0.00509325380287654
"2021-10-15",0.000351581581331769,0.000447270852972927,0.00056461998528019,0.00017246315800863,0.000281686549320576
"2021-10-18",2.16319946732254e-05,6.39150687566328e-06,1.26638266976503e-06,0.000232292784658853,0.000182752473181729
"2021-10-19",0.000436473545855981,0.000479273677398378,0.000449204589278711,4.4670843079597e-05,8.32494975585836e-05
"2021-10-20",0.000339658608117551,0.000397544257256897,0.000322999749888469,1.23440786380126e-06,9.1191475009446e-06
"2021-10-21",0.000212165105601185,0.000239910043293925,0.000209344883794934,0.000132281738695533,0.000129306448083784
"2021-10-22",3.29679248293868e-05,9.13064679465978e-05,4.46696648391044e-05,0.000227677158360346,0.000237164046738572
"2021-10-25",0.000343568230307771,0.00121710838256223,0.00107276474199946,0.00409508346872184,0.00449927976946189
"2021-10-26",0.000273100041713646,0.000237805493412853,6.65077180469051e-05,0.000373623078538292,0.000111884468003881
"2021-10-27",0.00023224883680544,0.000252004080665893,0.000481411100416482,2.6344756508435e-05,0.000247176884038671
"2021-10-28",2.91600528827162e-05,2.56421252914473e-05,1.96105329052001e-05,9.20180994677042e-05,9.40294319116474e-06
"2021-11-01",3.23309468114261e-06,1.35343256173918e-07,6.51070346805655e-05,0.000111875217853022,2.73573017184514e-06
"2021-11-02",5.81867589057568e-05,3.15275393410839e-05,4.45384354290594e-05,0.000380234688308437,0.000397752950432576
"2021-11-03",0.000538338434605781,0.000451843047517641,0.000403872163983148,1.50564409840745e-06,1.15138994509232e-06
"2021-11-04",0.000142417764536798,0.000120487681131458,0.000100766353265431,1.63143891575563e-06,3.40683518466072e-05
"2021-11-05",0.000124511951034599,0.00012251984271717,4.82127855461564e-06,4.72943300913696e-05,9.07686064699422e-05
"2021-11-08",0.00165872379539257,0.00169793326510613,0.000849624167564459,0.00135514772371864,0.00122792843199674
"2021-11-09",0.000720318119745053,0.000726317106464675,0.00141776943272639,0.00167706248821514,0.00170638117838355
"2021-11-10",0.000153031396152015,0.0001615553832638,0.000501267898181776,0.00156452561075841,0.00168791108495014
"2021-11-11",0.00513656742679322,0.00487336981242025,0.00411087731712067,0.00258124722243204,0.00237657664242399
"2021-11-12",0.000214014932319102,0.000253034361750487,0.000153218672716332,6.27633314121312e-07,9.89173354660749e-06
"2021-11-15",2.45536841134089e-06,3.88050772184611e-07,1.41098713271734e-05,0.000377043899269815,0.00057784037249577
"2021-11-16",0.00066657679149501,0.000590836820520533,0.000466948561507509,8.58760130464975e-05,4.49443044558521e-05
"2021-11-17",0.000806914064767339,0.00093776663855223,0.00116624957976934,0.00182751905482542,0.00237045520481431
"2021-11-18",0.00451329488551933,0.00489170197649979,0.00527743121033863,0.00446859733285085,0.00538861980260773
"2021-11-19",0.000375665358547868,0.000206068963395144,0.000101796176442785,1.25595653613905e-08,4.48084097889381e-05
"2021-11-22",0.00103246817232434,0.00122717631724844,0.00145165147383619,0.00210894356094709,0.00308185594929766
"2021-11-23",0.00133497759230924,0.00168433144315392,0.00179417214500745,0.00257412635099242,0.00352988924433078
"2021-11-24",0.00136649277563706,0.00115309543611827,0.000859383890935287,0.000143423904832959,2.7781438244058e-05
"2021-11-26",0.000381490277461653,0.00044294006028619,0.000656822375228807,0.0013755522292416,0.00191434979731235
"2021-11-29",0.000791260010250741,0.00112623240724318,0.000957819905733645,0.00222411185398807,0.00207576261333007
"2021-11-30",0.00863844530298237,0.0089304102516264,0.00952101076089695,0.00675639893849377,0.00604071241822957
"2021-12-01",0.000199324244014725,0.000242305978573971,0.00030151963018374,0.00119098654119841,0.000832376489047894
"2021-12-02",0.00336147493120442,0.00366616668688819,0.00347109843228669,0.0057888255813658,0.00476555485464127
"2021-12-03",0.000575064862460218,0.000739644599192322,0.000680596316604317,0.00234107947129976,0.00164094520595535
"2021-12-06",0.000337828247408291,0.000382608642755313,0.000412621185410638,3.07320208574671e-05,2.24898834471965e-05
"2021-12-07",0.010566607119231,0.00961755141486597,0.0110447245446024,0.00830770376173419,0.00806076204976462
"2021-12-08",0.000405256301609235,0.00037376874593111,0.000318876438506638,0.00142589311003846,0.0014718361941853
"2021-12-09",0.000672243603454391,0.00049696368310056,0.000513142249647946,1.40588550039126e-06,1.1340558019889e-05
"2021-12-10",0.000487020190609733,0.00038851073936371,0.000342004996057121,1.2631932127232e-05,1.06298568072924e-05
"2021-12-13",0.00497330056717164,0.00497937543232013,0.00541264254761766,0.00621158760777448,0.00640555720429949
"2021-12-14",0.000494092478861118,0.000747372461860607,0.000859941582542259,0.000750386747257779,0.000810316414262389
"2021-12-15",0.00336303296593335,0.0034510716988986,0.00353577458350436,0.00441341383062647,0.00446961990012782
"2021-12-16",0.0002072946115361,0.000240352006625803,0.000313276356964971,0.000432772371820612,0.0004468286049745
"2021-12-17",0.00119352958741406,0.00145968814284971,0.00129469544599733,0.00189598200603114,0.00196777319131738
"2021-12-20",0.00060844651757315,0.000566520985268601,0.000303701010480305,0.000277060167437709,0.000211340741004267
"2021-12-21",0.0079011854879217,0.00771876369764025,0.00639035998391463,0.00645169335923026,0.00627917761918944
"2021-12-22",0.00272079637928962,0.00292613618697752,0.00241984946730405,0.00150275525601562,0.00148579848543212
"2021-12-23",0.00617865089494134,0.00633230861122445,0.00529088160148883,0.00357629305240942,0.00353691975814649
"2021-12-28",0.000154707533785678,8.98827822053298e-05,0.000111456202548153,0.000313065122806469,0.000379973592526313
"2021-12-29",0.00145093224188845,0.00148612836218038,0.00142516066464576,0.001036475740914,0.000850610636044066
"2021-12-30",0.000753512466946339,0.000845914524398701,0.000828584226649838,0.000691294925012787,0.000429557290362903
"2021-12-31",1.27792652864749e-05,5.04094858381602e-05,7.52492354025764e-05,2.3291642888531e-05,1.84761553136008e-07
"2022-01-03",0.00112736370429386,0.000865573989883656,0.000773262752617769,0.000769316378223869,0.0010674211826197
"2022-01-04",0.000223178429664748,7.13073709290965e-05,3.63955185448584e-05,3.30787701659956e-05,9.42353218876387e-05
"2022-01-05",0.00273233403912195,0.00216690586972452,0.00218294288226457,0.00148158898010254,0.00166887885156502
"2022-01-06",0.00220367631735403,0.00184910258105651,0.00180432081309707,0.00146454737096808,0.00158169988141396
"2022-01-07",0.00126981527345262,0.00148841101525471,0.00141646721630804,0.00156096793173254,0.00150066714963884
"2022-01-10",0.010782984725328,0.0103691088182867,0.0103302574816985,0.0120985884546458,0.0124370869858705
"2022-01-11",0.00342944032992194,0.00328314911064126,0.00321171129878876,0.0030350212206764,0.00295943103968133
"2022-01-12",0.00200612085139009,0.00225659815262865,0.00243508336133142,0.00116992673053825,0.00114824036333853
"2022-01-13",0.000105136661917798,8.93160048594248e-05,4.58851673994738e-05,5.39076499738048e-06,1.49753461527455e-06
"2022-01-14",0.000186816764138942,0.000131315366300562,6.68267448306916e-05,0.000123467825319958,9.29567993009836e-05
"2022-01-18",4.66527595676509e-06,1.94987622966038e-05,7.31245323942638e-05,0.000481735958580567,0.000485802973650464
"2022-01-19",3.44070590133478e-05,0.000113562788534466,0.000218530494434796,0.000104130531207985,0.000141126366700329
"2022-01-20",0.000155290160074457,0.000268726920449896,0.000488478097853342,6.85691109048803e-05,9.85607826999968e-05
"2022-01-21",0.0139393046813639,0.0132119303959681,0.0119666786507476,0.0139519073053897,0.0134326250232178
"2022-01-24",0.0331855757869363,0.0326652661196181,0.0308009589873023,0.0349111447366536,0.0331243166171468
"2022-01-25",9.68248524417227e-06,1.89840897032808e-05,0.000104556836310833,6.88389928864765e-05,0.000127988091140655
"2022-01-26",0.00274648806043407,0.00244971004044688,0.00220757288019368,0.000651153321379535,0.000940921127490711
"2022-01-28",0.000842237298155937,0.000820260753727935,0.00108548941749551,1.2725612316574e-07,0.000127546223871234
"2022-01-31",0.0138791058291714,0.0126811189901206,0.0135088991520952,0.0040342314757489,0.00495901084775121
"2022-02-01",0.000980695336753222,0.000746824690818449,0.001029405072858,0.000317778985927042,0.000143735730907077
"2022-02-02",0.00242014038384067,0.00239278730981923,0.00302276524831958,1.27646497353247e-05,4.57211788805762e-07
"2022-02-03",3.82166024294653e-05,2.02973890170113e-05,0.000109584964575508,6.53867925436153e-05,0.000229105698357625
"2022-02-04",3.17098166239255e-06,8.04706677843097e-05,0.000108076463182347,0.000129725248664841,0.000338279604782536
"2022-02-07",0.00181159047275214,0.00215156826923653,0.0025798762317987,0.00248012325078214,0.00207333520205307
"2022-02-08",0.000443005720265638,0.0005446401256023,0.000799798242389593,0.000672680915768958,0.000578509215480944
"2022-02-09",0.00235778885311896,0.00244915622798343,0.00379952119349562,0.00442310810041913,0.00412639141906457
"2022-02-10",0.00281581193289843,0.00250271023054374,0.0022617847014586,0.00216573683220314,0.00224468670740251
"2022-02-11",0.00730960567205537,0.00655968360188238,0.00759164108179047,0.00800354865361287,0.00798706387747267
"2022-02-14",0.000341055226860718,0.000268347590816557,0.000705557393095758,0.000519997468021638,0.000540606785911037
"2022-02-15",0.0107519838273785,0.0109440708022456,0.00924867038456824,0.00930269545708605,0.00930410521437297
"2022-02-16",1.2818116430683e-05,3.09135576118264e-06,1.20406291824475e-05,6.332176802129e-07,4.05475688219796e-06
"2022-02-17",0.00241970510986765,0.00264335961702864,0.0028116893590172,0.00256851850466376,0.00217703159328925
"2022-02-18",0.000959140958540621,0.000856947498677221,0.000823859546432338,0.000810543159465279,0.00102071361967213
"2022-02-22",0.00290067787609194,0.00250441820190706,0.00260129138830899,0.00284999694428606,0.00306212788173362
"2022-02-23",0.000236352483095294,0.000453632085803125,0.000450316309688339,0.000490618447167147,0.000481921535755102
"2022-02-24",0.0312292479364105,0.030558305765363,0.0300438396464703,0.0293204152477912,0.0291728190794732
"2022-02-25",0.00893016231304727,0.00958832698429429,0.0101319031700297,0.00982528357981111,0.00980894543902611
"2022-02-28",0.000269089581503683,0.000227526230615906,9.97422776692487e-05,5.95983470671322e-05,7.39135029236519e-05
"2022-03-01",0.000161624955501631,0.000152367081180465,4.49392009318781e-05,7.3919100938085e-05,6.35874594079039e-05
"2022-03-02",0.0012935125150542,0.00131469937139737,0.00160430015175089,0.00326214394640409,0.00312578501939102
"2022-03-03",0.000419212557543748,0.000354805406662403,0.000534231770121543,0.000692182609022827,0.000792563253105652
"2022-03-04",0.000312753842964348,0.00027662422819696,0.000176376540341172,0.000430260954304128,0.000409922541549099
"2022-03-07",0.000707889793258797,0.000688188436405908,0.000495832301611952,0.000375700899315078,0.000358946566979605
"2022-03-08",0.0197063814039079,0.0198080056075518,0.018241461697965,0.016042225592553,0.0156313830743544
"2022-03-09",0.00904529859683917,0.00860011907199331,0.00936365373903672,0.0132022147907362,0.0137578244572835
"2022-03-10",0.00019023704808758,0.000119356851416713,0.000230576515978164,0.000529734530054146,0.000531924105385228
"2022-03-11",0.000409801362777408,0.000274009429881417,0.000341058793537405,0.000126473964888813,0.000123521307842191
"2022-03-14",0.000939240892834532,0.00121901102642981,0.0012893744110104,0.00309836299155668,0.00325285697079086
"2022-03-15",0.00101933712873354,0.00068744454662057,0.000634746090150753,0.000348984818787056,0.000272596734632653
"2022-03-16",0.00433589642182944,0.00469940193517306,0.00476230902580427,0.00535122366480435,0.00550650542432906
"2022-03-17",0.00614400071101104,0.00584051190884379,0.00574591224987794,0.00510858032252763,0.00493289227441769
"2022-03-18",0.000761655575769128,0.000613367682237766,0.000595356766434855,0.00114036897622975,0.00108248935325644
"2022-03-21",0.000245335829340765,0.000246170376330435,0.000306622982873808,0.0010773181164991,0.00107171356250776
"2022-03-22",0.00251559886965552,0.00244905535125136,0.00255172329879411,0.00168840956656075,0.00156749859884727
"2022-03-23",2.24548748554904e-05,2.43425004907585e-05,1.92757869249253e-05,0.000228610449001406,0.000286231163377299
"2022-03-24",1.05985577938501e-05,3.40793282984563e-07,3.5729557213537e-06,5.00516267613712e-06,2.19512002029831e-05
"2022-03-25",0.00035143313712124,0.000491247007650982,0.000465937834581199,0.000581643300922629,0.000593305017702644
"2022-03-28",4.58721575018473e-05,3.9425122272621e-05,0.000117876794564351,0.000435699406490334,0.000554081461159522
"2022-03-29",0.000287340214549666,0.000326109309169243,0.000230071536734461,0.000125140710243532,5.24007539465664e-05
"2022-03-30",0.000561434619637155,0.000888186477696967,0.000969714378734166,0.00100062181006953,0.000763066982729293
"2022-03-31",4.31786226859036e-05,9.27727609538909e-05,0.000148333559854447,7.31499280676813e-05,2.03398597117839e-05
"2022-04-01",9.65019096416404e-05,3.97713635604274e-05,1.87133311947481e-06,1.3320210297956e-05,3.79767172570347e-05
"2022-04-04",0.00195863034970937,0.00229480931039159,0.00243080754047772,0.00212790678618404,0.00218463912211329
"2022-04-05",2.57935285343277e-05,2.58412840877115e-06,4.03298643351013e-09,3.96753951025549e-06,9.96537258648914e-06
"2022-04-06",0.00440640888579395,0.00401956368860032,0.00387555520857832,0.00364993990577111,0.00394277077489536
"2022-04-07",0.000120774740296775,0.000193394440157919,0.000206989610197684,0.000295091327532792,0.000259123684574966
"2022-04-08",0.000522950985030049,0.0006210627121103,0.000631900705951291,0.000860269759392827,0.000872340446637515
"2022-04-11",3.01949508139251e-05,5.82981548396918e-05,8.04942074115573e-05,6.79514378772348e-05,7.76771129386046e-05
"2022-04-12",0.00110047872530498,0.000992487091060076,0.000781801642060417,0.000477944657382996,0.00049495802376004
"2022-04-13",0.00264256496982468,0.00276381069268695,0.0027088796342716,0.00298137046352462,0.00303853375670798
"2022-04-14",1.58030387154048e-05,3.81676752355791e-05,3.53024552899699e-05,3.70829989804006e-05,4.28228719509838e-05
"2022-04-18",0.000540857042370333,0.000436431166721069,0.000508313122193443,0.000369855694771004,0.000297326980811687
"2022-04-19",0.00027090211164304,0.000318178803035583,0.000236031708111802,0.000318131966986994,0.000418998209554599
"2022-04-20",0.000109848922996604,7.67796936675598e-05,7.08630907829853e-05,0.00018909478511377,0.000126171461612508
"2022-04-21",0.00098557376134745,0.000893131737476296,0.000915272040178905,0.00128592698863285,0.00120135953759968
"2022-04-22",0.000648189116887564,0.000606735391875382,0.000594032109806285,0.000715114362713522,0.000651960795622272
"2022-04-25",0.0133323583374741,0.0130351422924193,0.0123253292840469,0.0091901589198726,0.00884842102540969
"2022-04-26",0.0011607381620157,0.00122166431524381,0.00134396401457116,0.00115807136891494,0.00118306790277703
"2022-04-27",0.0080265784598804,0.00788929622924941,0.00798769574695068,0.00810226459624191,0.0079790822033307
"2022-04-28",1.1267347496753e-05,9.75468456015478e-06,9.3616002863159e-07,9.0219835749923e-06,7.525037019341e-05
"2022-04-29",0.00382840116599702,0.00402139798103604,0.00254359957744631,0.0034051658552049,0.00346997362218401
"2022-05-02",0.00666417281667084,0.0069256057481632,0.00915232400341459,0.0152705170499098,0.0148762561590835
"2022-05-03",0.000128014987197876,0.000275070570389424,0.000661206468670264,0.000974479922661907,0.00114748677106958
"2022-05-04",0.0110697851194084,0.0132304658055614,0.0156964231576282,0.0128622133575091,0.0130916432407731
"2022-05-05",4.74120835323274e-05,0.000208321456131356,0.000695815297528313,0.000796258853845082,0.00104830086087722
"2022-05-06",0.0135851970444834,0.0153463749052502,0.014505003779211,0.0141718005561064,0.01437631505162
"2022-05-09",0.000489200990930684,0.000313953899613578,0.000420517189927057,0.000279987600828565,0.000249348200320459
"2022-05-10",0.000267693782630773,0.000360103959577805,0.000197536342548068,0.000235229905616906,0.000420265140578226
"2022-05-11",0.00343237649153224,0.00382598437730585,0.0034345430142675,0.0021980832783146,0.0034370073625349
"2022-05-12",0.024440190226762,0.0254377014063086,0.0248745453820014,0.0243848938050128,0.0256976211074891
"2022-05-13",0.030278238008212,0.0291352268341827,0.0269312900230128,0.0295816755184658,0.0272556908650808
"2022-05-16",0.000649212217889463,0.000792008112455157,0.000814800550142484,0.000754306561647834,0.0020168380664557
"2022-05-18",0.0020571493664982,0.00180156557445626,0.00191181063446901,0.00220954156313615,0.00145570364702868
"2022-05-19",0.0106363754579045,0.0107824902351288,0.0103094400677726,0.0103308221377735,0.00992084784062773
"2022-05-20",0.00104264148397981,0.000971290010585977,0.00102639212173928,0.00112659900004671,0.000969279950404346
"2022-05-23",8.6085413813263e-05,8.28302452706478e-05,0.000115987639643138,0.000221209690651194,0.000116211958847721
"2022-05-24",4.02060867123329e-06,1.35252730721272e-06,2.68267439209713e-06,3.41544112192113e-07,2.12916927516444e-06
"2022-05-25",0.00046291340696455,0.000480154232383414,0.000347322694851853,0.000252452693845095,0.000224229146808137
"2022-05-26",0.00932729432361338,0.00932340763585687,0.0104077380942962,0.0104587624262395,0.0109667958549444
"2022-05-27",0.00425340244078916,0.00422896465052476,0.00476017712862466,0.00392735403899116,0.0043254667960267
"2022-05-31",0.00334369350188706,0.00337285989755815,0.00270132512080214,0.00326427840603412,0.00282273427849663
"2022-06-01",4.21154971143207e-05,5.2709952754045e-05,7.76277156628813e-05,6.57116229886733e-05,3.5987472406862e-05
"2022-06-02",0.000909896181873137,0.000955499813265666,0.00101830854033647,0.00112338435623445,0.000934522376589661
"2022-06-03",4.20625912273575e-05,2.65266948216293e-05,1.17087403280772e-05,1.06015288312985e-06,1.21532456303796e-05
"2022-06-06",0.000490861051780839,0.000570476160214337,0.000379355812858565,0.000289366631469867,0.000263310583693941
"2022-06-07",0.000669306572155743,0.000571607778048238,0.000521901484351922,0.00054919224429302,0.000730819545968927
"2022-06-08",0.000928816679460104,0.00090999358853324,0.000702754845146305,0.000489801090662535,0.000703950730247893
"2022-06-09",5.07324876345132e-07,1.80792597338306e-06,1.5900549912517e-05,1.07014779184784e-05,2.28050383771638e-06
"2022-06-10",0.0020633151926205,0.00199057142336842,0.00214092701791507,0.00185936523213808,0.0013167307666714
"2022-06-13",0.00838076251769995,0.00782117276229661,0.0080765917607205,0.0068492703473392,0.00648637594979645
"2022-06-14",0.000190281561471955,0.000217546669506096,0.00021722755354529,0.000715492882107274,0.00095926759193445
"2022-06-15",0.025145767339746,0.0245394328147058,0.0248198307177645,0.0245539615035581,0.0247880153015245
"2022-06-16",0.00406701626836917,0.00443872038707179,0.00449257561191373,0.00603544342721701,0.00643320232136777
"2022-06-17",7.5409628964595e-05,0.000104075155476873,6.82882941168138e-05,3.25371153251747e-05,3.82434047612652e-06
"2022-06-21",0.00564086397693898,0.00567868674635122,0.00636193979427423,0.00655037900155743,0.00769542702811163
"2022-06-22",0.000937472085419531,0.00119126465187385,0.00103691002251228,0.00106956498385079,0.000701900357363136
"2022-06-23",2.92176097647637e-05,5.3437878189323e-05,7.0394347118268e-05,0.000168541008249188,3.91717504967528e-05
"2022-06-24",0.0067913319384317,0.00697660421264609,0.00626305633118814,0.0055818134701591,0.00625960460092324
"2022-06-27",0.00016987322673982,0.00019084885334875,0.000146137367034077,9.42843195388028e-05,1.7608083887797e-05
"2022-06-28",5.72862280818357e-06,8.27310077960334e-06,2.19717552268672e-05,8.55586415369557e-05,0.000168730314654549
"2022-06-29",0.000921594865963797,0.000877745998421797,0.000586926153850649,0.000840855024506625,0.0012133300513612
"2022-06-30",0.00112772940942557,0.00115105183041542,0.000924371182915543,0.00120096795915734,0.0010824746179945
"2022-07-01",3.09008303078023e-07,1.10471661180296e-07,8.89620516605076e-07,3.8260641661527e-06,2.46866527632618e-05
"2022-07-05",0.000197932512634716,0.000233606597559815,0.000180626033836437,0.000123946344086514,0.000135943591915783
"2022-07-06",0.000520558102158155,0.000500041622683729,0.000499080200992847,0.000725938075393171,0.000987598099612981
"2022-07-07",0.0109348890603357,0.0107516459224777,0.0113661500034822,0.0112586067945316,0.0112250925530655
"2022-07-08",0.000130909223698195,0.000197995491933583,0.00034597583389885,0.000204414073718015,0.000388579851441809
"2022-07-11",0.00021954040216944,0.000148041380475511,0.000230752427426786,0.000250911730916129,0.000404077554102933
"2022-07-12",0.000820725598885702,0.000899893458497157,0.000717485676080747,0.000757262045422261,0.000532781763888518
"2022-07-13",0.00449996596209186,0.00507910709532266,0.00450494311474715,0.00314640087750854,0.00367207259055378
"2022-07-14",0.000207786668704694,0.000220855737837397,0.000172624315490558,0.000350035963844276,0.000339017066118561
"2022-07-15",0.000973310415877386,0.000876958308536815,0.000966968041062986,0.00162393936335848,0.00175308209882093
"2022-07-18",9.17929536055582e-05,7.5057184770309e-05,0.000112778221115144,0.000105714305768573,0.000284920892857406
"2022-07-19",0.00205817874484299,0.00179547669891904,0.00182885450175515,0.00219765357206386,0.00202039358731585
"2022-07-20",6.39533416246989e-05,3.50659059654512e-05,6.05664185784619e-05,1.38480993234332e-05,1.47396881205695e-05
"2022-07-21",0.000383820373132786,0.000393201317067744,0.000417445211946692,0.000509878451247517,0.000304307619440902
"2022-07-22",0.000343911129071613,0.000278376999921517,0.000193940238160012,0.000331918821780241,0.00055057915092642
"2022-07-25",1.2650284264339e-05,8.54626146250938e-06,2.08980257315128e-05,0.0007965909626668,0.00172690078300491
"2022-07-26",0.00112301451721196,0.000993380126735777,0.00092955025959316,0.000809261205567614,0.00113813595106347
"2022-07-27",0.000249636320786134,0.00021795838032345,0.000203556923991102,0.000949801995272994,0.000483132008766961
"2022-07-28",9.26827042865516e-05,9.43493877938346e-05,8.51201166991735e-05,2.2868346723407e-05,6.2504536993555e-05
"2022-07-29",1.15115424852224e-06,7.00594045574184e-06,5.54653586776499e-06,0.000213056661375864,0.000236706227742219
"2022-08-01",0.000662799510192153,0.000536156161973105,0.000518256806516326,0.000677607254728375,0.00102706818128368
"2022-08-02",6.02589826314746e-05,8.13268977515001e-05,9.33834801714798e-05,0.000194548502358391,0.000608671059409353
"2022-08-03",0.00186021546995828,0.00164635619949533,0.0018303416985624,0.00123040737288728,0.0013286982883361
"2022-08-04",5.93615919311293e-05,3.1051087573793e-06,5.05204631228792e-05,7.1851578508882e-05,9.30870622002765e-05
"2022-08-05",0.000425101000529877,0.000173106263385277,0.000291022560669904,0.000688003769410068,0.000659307031059748
"2022-08-08",6.60775436692951e-05,0.000138161825200352,3.52347736341114e-05,6.90156102667366e-06,4.68707500508275e-06
"2022-08-09",0.000193674771968531,0.000103509601271843,0.000126719413201343,0.000313376226526175,0.000131787415590566
"2022-08-10",0.00059522226630145,0.000432995995451297,6.70942541771852e-05,6.05080360084362e-05,0.000119839417575079
"2022-08-11",0.000235138238018067,0.000223089374121622,3.37444740473146e-05,8.09020436391396e-05,0.000145633346470541
"2022-08-12",0.00139166344466108,0.00126369729681579,0.000665537796131924,0.000564910713548283,0.000701429874365486
"2022-08-15",0.00117679037851724,0.000905688836032585,0.000566339573940803,0.000583967298585387,0.000815775155065438
"2022-08-16",0.000166140869331838,0.000167371003371274,0.000102441877814949,6.90065815641047e-05,9.08815375028999e-05
"2022-08-17",0.00123593952545581,0.00135688891876408,0.00172590403325067,0.00189280153746127,0.00176269126601077
"2022-08-18",0.00125598611640577,0.001212177948717,0.000890668040584575,0.000783101444162323,0.000576278768731258
"2022-08-19",0.000432810539088627,0.000314058202371579,0.000186745294285687,0.00010012555454952,6.7477199059227e-05
"2022-08-22",3.55515936520463e-07,4.69292482956504e-08,2.79319274457103e-10,7.72693455235215e-07,1.03521701968386e-09
"2022-08-23",2.35447475674972e-05,6.09743176399874e-05,8.73851551398905e-05,5.55567133720726e-05,9.86422232512394e-05
"2022-08-24",0.000909292714920334,0.000853297184779077,0.000828705521509431,0.000790818262311805,0.000574654677604413
"2022-08-25",0.000404515314899705,0.000307922910994069,0.000222818324165096,0.000245931206091751,0.000134100738402763
"2022-08-26",0.00705241930334213,0.00721156825624283,0.00767514924666605,0.00851762262455556,0.00889926795313037
"2022-08-29",7.81576605628411e-05,0.000148226432017902,0.000110594185150686,0.000174167713718562,0.000144226800098471
"2022-08-30",0.000648060793462971,0.000690099023094312,0.000547574993266168,0.000501126428371841,0.00063645252978189
"2022-08-31",0.000637333830157202,0.000636739284061513,0.000509410504406764,0.000542250212984989,0.000904539061435921
"2022-09-01",2.7561617315323e-07,9.20307913375791e-07,8.92652161114157e-06,1.10477260433907e-05,1.64304259090658e-05
"2022-09-02",0.000150770030975803,0.000112212311988352,8.81182013135816e-05,0.000127591851187217,0.000351523629800903
"2022-09-06",0.000611381373674855,0.000478067331234659,0.000347054447890004,0.000329114523852634,0.000381976548334755
"2022-09-08",8.04071429253038e-05,8.94805804284212e-05,4.95809376398296e-05,9.79761566262638e-06,1.53490351825031e-05
"2022-09-09",0.00695173816845417,0.00695555366197922,0.00755869380978073,0.0078654614091107,0.00801902074675499
"2022-09-12",6.42959932650556e-05,4.0484711175228e-05,9.10105118879866e-05,3.46936188978833e-05,5.61188179265581e-05
"2022-09-13",0.000968597806370448,0.00128377224487415,0.000336387204844555,0.000249007313625176,0.000213400571901322
"2022-09-14",8.45354832447154e-05,0.000100164823759787,0.00020289060377062,0.000309251838532188,0.000289898236355104
"2022-09-15",9.1799259404307e-05,8.29316432891527e-05,9.35584016150242e-08,5.746772660499e-06,1.6730541952764e-05
"2022-09-16",0.00337441013337832,0.00335633465845744,0.00462816209215107,0.00456715576786431,0.00516864684287228
"2022-09-19",0.000726359658608521,0.000867090353011738,0.000123258321711296,9.96876658202186e-05,7.55496465149679e-05
"2022-09-20",0.000877568476296685,0.00118305772116246,0.00108362471833752,0.00107294125020538,0.00114816560083042
"2022-09-21",0.023006330463735,0.0240801358544332,0.024755095190393,0.0253738265162109,0.0255717948084506
"2022-09-22",0.00296405594114133,0.00313620352253074,0.00298215012951345,0.00288269943212088,0.00307937434245761
"2022-09-23",0.000123552633854676,0.000106693233584405,0.00015972440008371,9.82030365846721e-05,0.000110656193819746
"2022-09-26",0.00105628686340038,0.000969969762410702,0.000878148410716889,0.000884317054071896,0.000880282178041832
"2022-09-27",2.32020904035299e-05,2.10917329292738e-05,3.84909601267363e-05,6.5428079930279e-05,5.51023886614738e-05
"2022-09-28",0.00149767306472763,0.00154992152415222,0.00156207038685387,0.00156083463186842,0.00159636522265758
"2022-09-29",1.75932410438567e-06,6.0437505500569e-06,2.05509061459089e-05,2.90374357717538e-05,6.77251490723544e-05
"2022-09-30",0.000341616965784904,0.000425774260273969,0.00042316648629743,0.000472742063168209,0.000468083189112669
"2022-10-04",0.00412320399978386,0.00413780492008446,0.00473148611539566,0.00472839638780899,0.00468362170911688
"2022-10-05",4.9174681073246e-05,5.27087650932591e-05,0.000192849484581748,0.000101595102055937,7.06668127625978e-05
"2022-10-06",4.86946628819212e-05,5.48671200427307e-05,4.38395651436399e-05,2.22498973824881e-05,1.45452378530845e-05
"2022-10-07",0.000223680114991275,0.00018768590533382,0.000119863331543474,9.53084132987917e-05,8.10783542550319e-05
"2022-10-10",0.00135900156584075,0.00162206554205628,0.00178846372617862,0.00185482315798456,0.00180922462989691
"2022-10-11",0.000653779941634334,0.00085168158576231,0.00106606953981745,0.000897153623776259,0.00092912002188397
"2022-10-12",4.71150257197756e-05,6.27813416012215e-05,0.000148016848428856,0.000111900822926269,8.21242177717898e-05
"2022-10-13",0.0219116957787961,0.0225189745429331,0.0246935443412594,0.0244360698707509,0.0247350680620894
"2022-10-14",3.87157492173414e-06,6.24380946848432e-06,0.000151819840408154,4.5148247993426e-05,6.3496473540893e-05
"2022-10-17",0.00766150581687838,0.00740539766344482,0.0059245339381326,0.00668930627308816,0.00663986670348455
"2022-10-18",0.0154962474566323,0.0161998910438616,0.0188295425071543,0.0185839416599677,0.0186560236941794
"2022-10-19",0.00343667852977078,0.00260517185779967,0.00205030194709575,0.0023544568182839,0.00245704047938682
"2022-10-20",0.00123792299119802,0.000868632570593291,0.00123629390392999,0.00158280450399255,0.00168174065265615
"2022-10-21",0.000920739172983535,0.000977034661281157,0.000736014096609172,0.000683251271787667,0.000604997673140691
"2022-10-24",2.94860596453121e-05,3.51092350044123e-05,7.08366552122148e-05,0.00114250526678558,0.00126035258996121
"2022-10-25",0.00569372277269236,0.00594638894913019,0.00673264845709839,0.00717519540839057,0.00753568000440044
"2022-10-26",0.000788468839718735,0.000902300546384688,0.000709107458060631,0.00127464566263535,0.00122443919955857
"2022-10-27",0.00040593826281513,0.000497803571750526,0.000508848720838416,0.000773138243884898,0.000377359407864273
"2022-10-28",0.00676987665307396,0.00638210833472557,0.00695904860035206,0.00979710501944889,0.00983290002708391
"2022-10-31",0.00113115961143361,0.000647974175481342,0.000618427789989558,0.000330092061009595,0.000173766874885559
"2022-11-01",2.92144440488494e-07,3.4039700172861e-05,3.26453356871519e-05,9.67891514059243e-05,0.000172328533420071
"2022-11-02",0.066499599093402,0.0696518513309324,0.0690087078376456,0.0681685177115462,0.0695157569058228
"2022-11-03",0.0199193527550554,0.0182866682182675,0.0152275342921104,0.0160663814588656,0.0167940067531664
"2022-11-04",0.00974151140906324,0.00967859011222029,0.00865749201319465,0.00788397757538179,0.00773270551877808
"2022-11-07",0.00435386911693205,0.00397323522648886,0.00591684257851645,0.0060248028653958,0.00603291088210814
"2022-11-08",0.000940999008734016,0.000678141552908192,0.00074722775612347,0.000628740813197207,0.000660860889889822
"2022-11-09",0.00152385496719622,0.00133475997535298,0.00284518687785907,0.00283184220851987,0.00279287254495378
"2022-11-10",0.000287224715740766,0.000330138091484958,0.000528875670686495,0.000429927402609024,0.000429547025929473
"2022-11-11",0.000198196684898394,0.000134189373287987,0.00073727913869097,0.000621842245594401,0.000619608862737311
"2022-11-14",0.0017591787123282,0.00186526250363531,0.00129520149260449,0.00114590980745996,0.00113045017363416
"2022-11-15",0.00597038455701757,0.00605611909747394,0.00975558506903886,0.0100052694774757,0.0102616224458251
"2022-11-16",0.00204154264485322,0.00200944791356736,0.00105986808159359,0.00114119666508115,0.00106608909989043
"2022-11-17",0.000550753303537407,0.000537352399895524,0.000307929382930856,0.000331682318514586,0.000282232167519176
"2022-11-18",0.000344030260055015,0.000333908963856036,4.53091250104096e-05,2.36563519208313e-06,1.12734722076114e-06
"2022-11-21",0.00164690252884582,0.00181770178568879,0.00168572264858413,0.00129909191803507,0.00105775548088561
"2022-11-22",0.00228054076639544,0.00243443212610206,0.00195064097032561,0.0014757430420348,0.00114418750182651
"2022-11-23",6.85430592376007e-05,6.21893469705662e-05,1.46830557719674e-05,9.72473422569686e-05,0.000205017756796296
"2022-11-25",0.00490902090440359,0.00492188252794754,0.00403905349006519,0.00387695084150801,0.00328936011743136
"2022-11-28",0.000515275579079953,0.0004383999040672,0.000809869544676994,0.00149429413435022,0.00186118419751434
"2022-11-29",0.00230637850106407,0.00222919545094775,0.00267678836146451,0.00310747263378919,0.00336392266152937
"2022-11-30",0.00477173011400004,0.0046410660505638,0.00614500801577179,0.00732131560360161,0.00740362382349804
"2022-12-01",0.00124828484566482,0.00133012482198498,0.00195897237048288,0.00183189555013544,0.0018862473415724
"2022-12-02",0.00105011389180965,0.00118344531022959,0.00249329444361903,0.00273109104475711,0.00284508848426563
"2022-12-06",1.45724705301913e-05,2.66623489008545e-05,3.12057951198959e-05,1.91968837171761e-05,8.6364447753542e-05
"2022-12-07",0.000774870628909459,0.00071895708208503,0.000771738827777664,0.000537448687989801,0.000504553653211254
"2022-12-08",0.00088389310793951,0.000944825137365678,0.0006076232327387,0.000345131989932454,0.000384268893310936
"2022-12-09",0.00193005604098619,0.00184921873112025,0.00213573607490733,0.0027707499035498,0.00256838405041562
"2022-12-12",0.00168148671259731,0.00161990813568767,0.00182371096984845,0.00141467999510657,0.00153392244369386
"2022-12-13",0.0156555384249114,0.0158699654943792,0.0112866541313135,0.0126033594988485,0.0122560956459509
"2022-12-14",0.0161550686430439,0.0159619605128877,0.0151984168677355,0.0152995028673156,0.0144700899060766
"2022-12-15",0.0107288616866254,0.0109433664000029,0.00986339866090649,0.00977131484570672,0.00950553125849805
"2022-12-16",0.000350267454988368,0.000311231067102281,0.000413945057341616,0.000224670023999512,0.000249641003984625
"2022-12-19",0.00371473003776811,0.00385999182677674,0.00363495375202131,0.0032060480985744,0.00293126975582095
"2022-12-20",0.000611369186638049,0.000586142467152301,0.000355265819268713,0.000535069302604222,0.000392828703739071
"2022-12-21",0.00190109598931722,0.00186554716690049,0.00197420326635622,0.00157879439648587,0.00151081740785331
"2022-12-22",0.000284923316113549,0.000305875472725872,0.000205999023843194,0.000401197275983094,0.000271546304311319
"2022-12-23",0.00205769305248559,0.00196045007047201,0.00168369374012723,0.0018814419070807,0.00165483195812511
"2022-12-27",0.00235253130350623,0.00232149250329633,0.0021825010016876,0.00185759627544188,0.0022119863298877
"2022-12-29",0.000124731416751042,0.000119336530397304,0.00022948530641769,0.000158371747602648,0.00034493291937117
"2022-12-30",2.79396296945543e-08,1.09290124958394e-06,2.06851445087689e-07,2.34773880819007e-05,1.3463723907404e-06
"2023-01-03",0.00354814033880634,0.00353360146528532,0.00323626648236402,0.00353846295292358,0.00339847827090151
"2023-01-04",0.00609443145656898,0.0059219782501018,0.00502065878426433,0.00497302731458643,0.00420705831378728
"2023-01-05",0.00075579905641558,0.00107169193450964,0.00118150171821004,0.000488919169776957,0.000609854145135605
"2023-01-06",0.00122081517708922,0.00106835465193044,0.000509814010007991,0.000291950903285028,0.000160978488778461
"2023-01-09",0.00327418992206199,0.00355876413798334,0.0039068759199721,0.00407625237667603,0.00520113046507335
"2023-01-10",3.83581162968814e-05,1.15967151206476e-05,2.53052435039302e-05,4.71873919083278e-05,0.000223344398449693
"2023-01-11",0.00262455347037063,0.0028938336669938,0.00295651777145732,0.00279740659901365,0.00388487211295277
"2023-01-12",0.00723408522666697,0.00701982113346848,0.00707697959446471,0.00798921837515647,0.00635324980944268
"2023-01-17",0.00319028899320958,0.00338498304735854,0.00256647457908662,0.00268284079830001,0.00325365479029374
"2023-01-18",3.66465254503613e-05,1.80873007355746e-05,4.56750209654068e-05,9.66839435970559e-05,2.06449594076131e-05
"2023-01-19",7.89768527676421e-05,0.000107587439119551,8.37459498362381e-05,3.49562434743965e-05,0.00022453384133624
"2023-01-20",0.000458246490334776,0.000521887678493096,0.000610159714914022,0.0011920956193255,0.00189387669291775
"2023-01-23",9.80197641202441e-05,7.23936613001834e-05,1.92834639861449e-05,4.91090445115063e-05,3.7387076918773e-06
"2023-01-24",0.000816585809219398,0.000858400664571195,0.00065704034306248,0.000392504237927039,0.000498339895582562
"2023-01-25",0.000702332356822579,0.000552784225101267,0.00070916570718858,0.000950999664060312,0.000676850293630717
"2023-01-26",0.00125005407934453,0.00137071921465595,0.00109427021784183,0.000771087598332295,0.00243142373528852
"2023-01-27",0.000483064073366147,0.000583454531833809,0.000494012752876396,0.000505792446103636,0.00104080947909827
"2023-01-30",4.14407889371611e-05,2.18444845245498e-05,2.52234572778219e-05,0.00032448901325949,0.00041144558419156
"2023-01-31",4.82565607813153e-05,8.64714743918557e-05,1.45994241109103e-05,8.12424004893795e-05,0.000194641916959893
"2023-02-01",0.0166743249183101,0.0162887704446488,0.016543560844003,0.0188239276779244,0.019023189719665
"2023-02-02",0.000731412862083124,0.000840567467020516,0.00123943486435056,0.000788751242942659,0.000979783655951327
"2023-02-03",0.0301322986813887,0.0272688981384833,0.0251573858464891,0.0311226446185915,0.0312843010544654
"2023-02-06",0.00889824168000331,0.00862608888106239,0.00459467911449462,0.00357873494199625,0.00342193631639071
"2023-02-07",0.00248943140458794,0.00287694127333874,0.00528771286560061,0.0055308992877185,0.00510238465231286
"2023-02-08",0.00423877379203848,0.00414609114336691,0.00223876758364881,0.00195942280584057,0.0023202884902211
"2023-02-09",0.000354340546749142,0.000443399898739402,0.000274086867312355,0.000244363070452864,0.000323617001640289
"2023-02-10",0.000219912670924614,0.000216901765098738,0.000627671305157397,0.000516870939224696,0.000626918359056778
"2023-02-13",0.00305815938768536,0.00293783836180605,0.00387960784980033,0.00370743467096347,0.00440346657674023
"2023-02-14",0.00330467540470869,0.00321425493400816,0.00343716725002586,0.00365444255023105,0.00299704099209994
"2023-02-15",5.6400897542827e-08,2.15330022785501e-05,2.23406073411172e-07,2.82268626107122e-06,0.000136873157424567
"2023-02-16",0.000396901853579824,0.000289937770741744,9.55927589783172e-05,5.1395598775359e-05,0.000169153125295915
"2023-02-17",0.00120769917811417,0.00121724600790076,0.00113577101505309,0.00106882237958089,0.00140110430804256
"2023-02-21",0.00108592227218173,0.00116336146255187,0.00194230133460272,0.00183661798090372,0.00231461449074422
"2023-02-22",0.000793043385761638,0.000494374473075335,0.000504547616799129,0.000639103781433217,0.00044327700775131
"2023-02-23",0.00171820807030122,0.00158079160287088,0.00131264306527635,0.00131064912056489,0.0015989023202652
"2023-02-24",0.000130963626825706,0.000123932780160994,4.04061677091565e-05,4.97729768874968e-05,0.000142227841088656
"2023-02-27",0.00116058010080292,0.00139306643652947,0.000978338785504312,0.000985616673497311,0.00180064764216203
"2023-02-28",0.00104097979688873,0.000950788014099402,0.000642332501852313,0.000643995361320432,0.00106750050072932
"2023-03-01",6.47093138707044e-06,8.10792129016283e-07,5.02944908573461e-05,7.4745861925562e-05,5.14908684095556e-06
"2023-03-02",0.000299500626378254,0.000550344035914935,0.000421630714057733,0.000378675148729489,0.000629589018392688
"2023-03-03",2.19997224256137e-06,1.72486980199746e-05,1.32533652957578e-06,5.2726673486292e-06,1.33486702452847e-05
"2023-03-06",3.70928376477654e-05,5.87986791244843e-05,0.000115039485682892,0.000129803186481982,2.31622873066705e-05
"2023-03-07",0.000249485807419927,0.000461246333378507,0.00081571935582739,0.000844765327007299,0.000461905840029951
"2023-03-08",5.21813595257675e-05,6.30846922143892e-05,1.67115639995124e-06,2.02744882422918e-06,1.79168476169956e-05
"2023-03-09",2.80002037929725e-07,8.56486005377721e-06,1.61196669348594e-05,2.47323269704426e-05,1.71953112297736e-05
"2023-03-10",0.00622946946145696,0.00640711819912395,0.00811040084044063,0.0072328902031516,0.00700443413835526
"2023-03-13",0.000258446017624859,0.000191965725351217,0.000133607298599035,3.51863156474654e-06,4.67579565563075e-06
"2023-03-14",8.39166930150899e-07,1.02044057681344e-05,7.09800872112584e-05,0.000120127026554291,0.000219041813762434
"2023-03-15",0.00397718433660236,0.00310522354813909,0.00291313241694502,0.00254072055524904,0.00247163872039094
"2023-03-16",0.00135026354301819,0.001787472355565,0.00195819672842241,0.00228978976416765,0.00241362832704925
"2023-03-17",1.64803588923337e-05,1.86605224020469e-05,1.54752206816202e-05,8.53448032355429e-06,1.4838228097398e-05
"2023-03-20",0.00116088134754447,0.00139872834166583,0.00147146120581295,0.00137311538012977,0.00146419751519929
"2023-03-21",0.0031512441722752,0.00343458389719171,0.00298129090382837,0.00281998482901394,0.00291123502546978
"2023-03-22",0.00436588144762998,0.00454765202443539,0.0048717822813222,0.00526635870516897,0.005141376651641
"2023-03-23",1.58323032650009e-05,1.34124046283431e-05,7.32485873765678e-05,0.000114624267121265,9.02499075239172e-05
"2023-03-24",0.000139489313355193,0.000170518915250403,0.000123649800811632,8.4983335973442e-05,0.000111563223969832
"2023-03-27",0.00293226107565734,0.0033500879623914,0.00313116753520569,0.00304319515351371,0.00312878380210435
"2023-03-28",0.00218432080102112,0.0020850711251534,0.00213051467555701,0.00224479702317874,0.00226698777328678
"2023-03-29",0.00278291165259278,0.002482924537437,0.00187091702766083,0.00184990407697568,0.0019761778446033
"2023-03-30",0.00163990573118156,0.00140169093733075,0.00110987024897027,0.00104149987641948,0.00109265833410241
"2023-03-31",0.000935539864445638,0.00084828968110461,0.000677737260397964,0.000560548007007771,0.000736166213611812
"2023-04-03",0.000108957056756868,0.000113215529626862,4.7401637957885e-05,6.6285627791232e-06,2.86811154740477e-05
"2023-04-04",0.000160329931370138,0.000220800266634189,9.60625972777502e-05,2.12318271194831e-05,9.24870930800014e-05
"2023-04-05",5.14288700081745e-06,1.52375220557821e-05,2.47372382634506e-05,5.10007156649504e-06,5.60581549815835e-05
"2023-04-06",0.000311303475313721,0.00033279026748488,0.000471875814686498,0.000376182224767664,0.000591431780457581
"2023-04-10",5.54616149262437e-07,4.78769911209197e-09,6.72667517038354e-06,5.69382423077923e-05,4.47290188225459e-06
"2023-04-11",0.00124903496352974,0.00113141816305064,0.00122420487434095,0.000915158003875781,0.00113658020873929
"2023-04-12",0.000535879187257937,0.00061069735512051,0.00111886682322963,0.00138758267856521,0.0010166371530366
"2023-04-13",0.000727093325330894,0.000812698997348782,0.0005799145299811,0.000433667456679225,0.000519809171465519
"2023-04-14",2.01772615358036e-05,2.82121841208516e-05,0.000105086204613019,0.000160476769441535,0.000139695658989876
"2023-04-17",0.000791129101873339,0.000725248879614335,0.000617101287263104,0.000629874461846599,0.00083556476568564
"2023-04-18",0.000189601349219212,0.000117287218627916,5.16259707463775e-05,3.30589245628724e-05,0.000110283738802794
"2023-04-19",0.000784653625014443,0.000792222117454696,0.000696231405364091,0.000541339983490512,0.000875654469246195
"2023-04-20",4.82907552288802e-05,2.18099192301726e-05,2.01883545312966e-06,4.15861942027663e-07,4.0630632416277e-05
"2023-04-21",1.54307011735146e-06,1.82050180821403e-07,3.73562653550009e-05,8.89945387732373e-05,0.000237697485210997
"2023-04-24",0.000816283866454465,0.000768814494624747,0.000480559924190731,0.000505079939467597,0.000536028575208425
"2023-04-25",6.52824388441689e-06,1.44281702910543e-05,7.05899600785445e-05,0.000129502071357027,0.000159621433584784
"2023-04-26",0.000238561707191723,0.000191265181544614,0.00028660017780398,0.000500153325461101,0.000721065521655523
"2023-04-27",0.000784223959339806,0.000988654524262965,0.000749189954217769,0.000474902237574539,0.000518186403833594
"2023-04-28",1.1485325524349e-05,0.00039321297256792,0.000410724620612007,0.000181622589973562,0.000293719600011877
"2023-05-01",0.000271134769418957,0.000498822573865876,0.00117150855816365,0.00108064602119379,0.00134608579580514
"2023-05-02",9.17516175830493e-05,9.2523621357292e-05,0.000101894801907201,0.000115392667692577,0.000210378375311812
"2023-05-03",0.00615325198427216,0.00482290520168554,0.00579686300973788,0.00558687240926819,0.00500324544081293
"2023-05-04",1.64901342571103e-05,8.20262153773451e-06,0.000189135650910244,0.000213981109300687,0.000160061848025575
"2023-05-05",1.28411449613059e-05,1.23118720466506e-09,3.64114052586488e-05,2.25455663722211e-05,4.88929823941125e-05
"2023-05-08",0.00119891325229912,0.000905984930047247,0.000693922735809079,0.000612394139746143,0.000451756399462271
"2023-05-09",0.00273219193841992,0.00239898343214703,0.00232391369745374,0.00214856263091255,0.00188519013028916
"2023-05-10",6.07492851798928e-05,2.45466662436528e-05,9.90479301999316e-06,2.50158348625532e-06,3.20084302565386e-06
"2023-05-11",0.000653711014252741,0.000709764972051371,0.000566339591416587,0.000640399157457914,0.00069944558092501
"2023-05-12",0.000444143409456179,0.00037802484066301,0.000312481747073519,0.000373425823075817,0.000401409430133556
"2023-05-15",0.000635819894927945,0.000464997393442696,0.000309117300087345,0.000271622122570309,0.000349232592959246
"2023-05-16",0.000304099277230457,0.000203385241235378,0.000108650732662515,6.38329442077308e-05,9.23008511582451e-05
"2023-05-17",0.000285361874816086,0.000322185219831996,1.86720465998908e-05,5.18155607301388e-06,1.70402071934864e-05
"2023-05-18",0.00019253878513503,9.23597741431979e-05,0.000249873451691547,0.000194545014359862,0.000173232238011632
"2023-05-19",3.15001184518594e-06,2.75161567019197e-08,2.08511373004225e-06,1.12991987841648e-05,9.93973932691708e-06
"2023-05-22",0.000266172414834367,0.000278520906876755,0.000159306370740525,0.000126336289034172,0.000118900337821574
"2023-05-23",0.000149012139806924,8.53978791459285e-05,0.000101636264649956,7.24061652894431e-05,5.50518549906709e-05
"2023-05-24",6.56213894708647e-05,0.000119258545928347,0.000154754024783262,0.000132042335474251,0.000146605403763648
"2023-05-25",2.24005621844359e-05,5.30261141928743e-05,6.27590046129379e-05,5.35327437757701e-05,9.85777859072896e-05
"2023-05-26",0.000720423357897423,0.000772537465798722,0.000967572133161786,0.00102513016316063,0.000912194580095832
"2023-05-30",0.000192667701811164,0.000327440904827022,0.000183354530213028,6.74898772031589e-05,9.26800109871815e-05
"2023-05-31",0.000470172521758472,0.000342342919949374,0.000127314957516036,0.000123691692512408,0.000139692996150924
"2023-06-01",0.000523059766673366,0.000459104950707048,0.000502704372031438,0.000501667818796764,0.000456936207298096
"2023-06-02",0.000275850186277041,0.000193471221535676,0.00152402278527465,0.00159709873465377,0.00158758958487005
"2023-06-05",0.0150637590012534,0.0142337709847019,0.0129888349237374,0.0126519280425529,0.0128130312806193
"2023-06-06",0.00249705047022905,0.000893568199673401,0.000609722504138426,0.000665635431076787,0.000578909318338642
"2023-06-07",2.97550690131239e-05,1.71744887172484e-06,2.10702496687282e-05,1.04193660027851e-05,2.1538158630406e-06
"2023-06-08",0.00111037020242966,0.00104630758632241,0.00083373027853565,0.000908409940670881,0.0012629806496071
"2023-06-09",0.000365130973007005,0.000229585920246757,0.000320820389089937,0.000359490220689138,0.000591341446393791
"2023-06-12",0.00226602247402927,0.00188713870372928,0.00196897039268785,0.00185393865313258,0.00238955343546935
"2023-06-13",4.42288099916368e-05,4.14620553463471e-05,2.81545550801712e-08,5.78538030425042e-07,9.55006499663779e-05
"2023-06-14",0.000332823454276394,0.000536262610217197,0.000333216604775207,0.000248410074165625,0.000162808013941975
"2023-06-15",0.000988398951911587,0.0014844761777988,0.00163465100632343,0.00180347675769898,0.00199883970778196
"2023-06-16",7.79987578022915e-05,3.09000600462374e-05,5.77381456234078e-05,0.000212992055358459,0.000204032879349775
"2023-06-22",0.000608878857428753,0.00102106463447614,0.00200802655830804,0.00223004487841379,0.00225300925464856
"2023-06-23",0.000257772779569149,0.000208169170846108,0.000216126442377752,0.00029855062422416,0.000303956290204683
"2023-06-26",0.000272523659641926,0.000179361322565087,0.00038752039826427,0.000456117818938177,0.000476394035584509
"2023-06-27",0.000605262135407541,0.000352335417096133,0.000833669357398749,0.000981689995530448,0.00105045628804449
"2023-06-28",1.85691014295542e-06,4.73288591966907e-06,3.9968714489669e-05,6.57826550589011e-05,8.90824716696108e-05
"2023-06-29",0.000214552318286798,0.000112979384906017,0.000169652688169407,0.000217699443032554,0.000248771033222694
"2023-06-30",0.000194201782164968,0.00016713586223083,0.000328448679693262,0.00035550718241066,0.000305940338659589
"2023-07-03",0.00135745343181587,0.00115848862506077,0.00123089437295155,0.00135495776280081,0.00121182289878657
"2023-07-05",1.81498385182665e-05,6.53690239782701e-05,0.000174539339245824,0.000175018555615984,0.000120481455721221
"2023-07-06",0.000182089210748449,0.000225035687652376,0.000539371752205663,0.000635142756484086,0.000567631214058552
"2023-07-07",8.46923504649003e-05,0.000236731576786581,0.000489936172845448,0.000769670853886345,0.0006521909727315
"2023-07-10",0.000229334008094042,0.000228504496626613,0.000167727542225836,6.97878918256717e-05,9.58225342463022e-05
"2023-07-11",0.000427864105885618,0.00108390323593025,0.00127479521886215,0.00118677612355637,0.00103259891260809
"2023-07-12",0.000151656116804649,0.000162091355992929,0.00013472796155877,5.64610569248212e-05,8.49623900988103e-05
"2023-07-13",0.00177505521241863,0.00147804298840488,0.00152569170798858,0.00172573948117277,0.00152025838591726
"2023-07-14",0.000338052536103222,0.000215116807685085,0.000241138065192195,0.000289112088146557,0.000241536880095051
"2023-07-17",0.000127508546430133,7.87421356318782e-05,0.000164601757879982,0.000287566949107535,0.000231931757855292
"2023-07-18",0.00032018890780126,9.64713320253765e-05,0.000330809160594934,0.0004977946476036,0.000467008677679436
"2023-07-19",0.0166219251532389,0.015866666913594,0.0141700903995934,0.0137098715932163,0.0140587715000677
"2023-07-20",0.000789342928254394,6.51391403099822e-05,6.93744407228381e-06,4.31553441662028e-07,2.49557836156177e-05
"2023-07-21",8.68131037073381e-05,1.03746516162757e-05,0.000153361350693529,0.000391478456684172,0.000192059254772403
"2023-07-24",0.00088597782268701,0.000772825043448128,0.00102563058308055,0.00210496903379992,0.00132851176236274
"2023-07-25",0.0028481030517632,0.00206124539401781,0.00228936991548983,0.00294104503936634,0.00200759704302104
"2023-07-26",0.000448002976604195,0.000565813074738726,0.000636118850427324,0.000545737061763957,0.000899474455375271
"2023-07-27",2.35047011280799e-06,2.33404436801069e-05,1.6678636110708e-05,9.81294991704279e-06,2.87694634291832e-05
"2023-07-28",0.000806452342336393,0.00395054370382117,0.00374663672994123,0.00282297576540649,0.00317175445833772
"2023-07-31",0.00145129189600304,0.00162304776154664,0.00161045457238813,0.00163820141168662,0.00207565156374852
"2023-08-01",0.000170766997589564,9.40752521678889e-05,0.000173288632284176,0.000259288129808804,0.000530177228175862
"2023-08-02",6.29353196976976e-09,1.72086639895321e-06,7.94295615604651e-07,2.69443210933536e-06,7.29121414423502e-05
"2023-08-03",3.75910851808498e-05,7.85966759347774e-05,4.23929640606329e-05,1.3868929866181e-05,1.29074273933228e-06
"2023-08-04",0.0171040266284778,0.0196839420214428,0.0181744279918774,0.0182738177459022,0.0172330320661147
"2023-08-07",1.97123377088612e-05,0.000810241010134219,2.10876422081806e-06,2.8179815560741e-05,1.35246545577338e-05
"2023-08-08",0.00241410051569555,0.000908520200214646,0.00145678231027431,0.00139711137502431,0.0017265311771321
"2023-08-09",0.000128688708773106,1.47112426606306e-07,0.000517631269700404,0.000733744132742895,0.00107562768151253
"2023-08-10",5.56121194598808e-05,0.000253442351076536,0.000214356222794617,0.000140374586616061,4.52693989317016e-05
"2023-08-11",0.00133005084676676,0.000742030851988339,0.000476530091156482,0.000789118720894524,0.0010020870289592
"2023-08-14",0.000981073960798458,0.000566382593744132,0.000368874152131152,0.000468054110611486,0.000672813800450467
"2023-08-15",0.000832917822873353,0.000598949903441197,0.000462947336745804,0.000517436578942837,0.000655958257582694
"2023-08-17",0.000491780215657012,0.000590354457137404,0.000335531638571838,0.000185346438791186,0.000165423756789726
"2023-08-18",0.000206723088517616,0.000641216713637125,0.00062644246453321,0.00054627334032969,0.000506582589791778
"2023-08-21",0.00173223509119782,0.00104674117365657,0.0011101661407273,0.00115380079547039,0.00127451643419809
"2023-08-22",0.00012396029889205,2.31925617412046e-05,2.87293188207014e-05,3.82484100700695e-05,6.9409342190229e-05
"2023-08-23",0.000297897934356362,0.00016064885024778,0.000166219469903292,0.000247762032880426,0.00035351776722001
"2023-08-24",1.30749440615987e-05,0.000133265177602573,0.000101431543289251,6.68089878917137e-05,1.88193268282175e-05
"2023-08-25",0.00206446576047275,0.00223828037021501,0.00234958396038424,0.00208240197172305,0.00138254750254417
"2023-08-28",0.00110784096424047,0.000900419974905426,0.000687163512343014,0.000930450214224778,0.00259332441324628
"2023-08-29",0.000398037073060523,0.000402841474685088,0.000255943100138062,0.000313537920341736,0.00120547067296647
"2023-08-30",5.1232162614728e-05,6.26093925927168e-05,8.87174193921793e-05,9.90406748529382e-05,0.000731960423265166
"2023-08-31",0.000149399161313301,0.000190395071690696,0.000132194106635521,0.000155543819908045,0.000836222189568187
"2023-09-01",0.000532963852755839,0.000627436297253367,0.000397088790394067,0.000481080660767967,0.00140459071281018
"2023-09-05",3.12902607141257e-05,7.01843943352625e-05,5.99217541666686e-05,8.9865635835198e-05,0.000248727640537433
"2023-09-06",0.000769459331356556,0.000453265734471496,0.000501881666068147,0.000280449386231832,0.0001536749918536
"2023-09-07",0.00697413941337467,0.00711021442226499,0.00553894023889753,0.00545351862078816,0.00492134989987624
"2023-09-08",0.00247048861367496,0.00151368146446488,0.001117105941528,0.000906344147092763,0.00171646993611779
"2023-09-11",0.000486669087625399,0.000416467710527136,0.000251621761272329,0.000251824251174506,0.00062751950103404
"2023-09-12",0.00513165132713401,0.00576644262923917,0.00639188244993176,0.00651456394432971,0.00484439651867875
"2023-09-13",6.77730719155808e-05,2.23489636054305e-05,5.00066112971374e-05,0.000144622467731116,1.54590894191207e-06
"2023-09-14",0.00103419246734165,0.00124841795813798,0.0006075906197822,0.000524459336762445,0.00104779603633474
"2023-09-15",2.95318292432024e-05,5.14933735792175e-05,5.27301579436611e-05,7.20296712363295e-05,0.000158731848179322
"2023-09-18",4.29018964385796e-05,0.000133416144276798,0.00027302942895719,0.000296540204725339,0.000386361237981836
"2023-09-19",0.000673678910999614,0.000618851116120293,0.00035646349454066,0.000438840533879159,0.000416344129128218
"2023-09-20",0.000619206922270107,0.000570847707686733,0.00095038368467159,0.000861978612757218,0.000836400705423254
"2023-09-21",0.000314419960198822,0.000349585278859251,0.000265913981491804,0.000239381682347621,0.000311658814945882
"2023-09-22",9.21040253080528e-05,0.000260985192579338,0.000282611155715548,0.000322113072443323,0.000442566053932025
"2023-09-26",0.00023307163647771,0.000373826429474158,0.000207123395657723,0.000289403913290503,0.000399385072276577
"2023-09-27",0.00022885469540017,4.35257239897728e-05,0.000232081314698744,0.000247858130153582,0.000159573082123846
"2023-09-28",0.00127077931273418,0.000948248223989464,0.000784536795943058,0.00064400156075577,0.000439159076682854
"2023-09-29",0.000290273936662771,0.00040618624702657,0.00029352632677439,0.000359924899371612,0.000492645332976758
"2023-10-02",8.28856099339314e-05,1.0136312238414e-06,7.94958226733922e-06,8.76149863976188e-08,5.26755558523351e-06
"2023-10-03",0.00011407406932846,0.000408037021000305,0.000349172009493534,0.000387967932107913,0.000466937872593706
"2023-10-04",7.60574300551988e-06,0.000149582783167093,0.00023040938316498,0.000306874427639823,0.000533162923411082
"2023-10-05",0.00145356717713905,0.00205617168132347,0.00200378853717112,0.00222810288755851,0.00283558291018779
"2023-10-06",7.18950090115766e-05,1.16784031837365e-05,3.76446221180511e-05,5.76990470593198e-05,0.000219821316391237
"2023-10-09",0.0022183896018394,0.00442691891201591,0.00435629183582088,0.00442592675834465,0.00552906000788957
"2023-10-10",0.000416946031623562,0.00126382395115484,0.00134401185746359,0.00139999002819998,0.00210869646966924
"2023-10-11",0.000827113251589689,0.00226933188813611,0.00185877604924164,0.00178625048805383,0.00233367624457197
"2023-10-12",2.86556624411964e-07,7.22595052475558e-05,0.000690314791802074,0.000732917503130932,0.00108604752643795
"2023-10-13",2.71027726179298e-05,1.21747236529365e-05,8.17766565318673e-05,0.000140426021678087,0.000289048521422157
"2023-10-16",3.13735880069719e-05,6.91343856269773e-06,0.00137620667767585,0.00157643088809796,0.00226016572189786
"2023-10-17",0.000219492124561523,0.000289472376219999,0.000394266359316452,0.000356366015661996,0.000162775297857623
"2023-10-18",1.77340971715001e-07,2.5068104816948e-06,1.44639531878179e-06,3.49267170083797e-06,5.57155610401431e-05
"2023-10-19",0.00151639513481769,0.00104136965779021,0.00107224045475308,0.000941474837680935,0.000637201215388631
"2023-10-20",0.000353022497304845,0.000779011336034543,0.000947067845881223,0.00236457822298109,0.00256003885922719
"2023-10-23",9.19639929136303e-05,1.67522740565052e-05,8.47093041588681e-06,0.000254326074036148,0.000155956398317099
"2023-10-24",0.000341559600275131,0.00034959592518223,0.000441762645636867,0.000504128757780082,0.000315228343566653
"2023-10-25",3.53843241731191e-05,2.58271526504854e-06,1.94353729924489e-07,1.52266586965119e-06,4.09451179783829e-05
"2023-10-26",0.000864255519928455,0.000965631271551276,0.00110403782172946,0.00138358427735694,0.00132444268229341
"2023-10-27",0.000156557841812903,0.000916000220286274,0.000782970648870138,0.000472604449574699,0.000399441852661665
"2023-10-30",0.000505619920945276,0.000627027407266878,0.000754751410723466,0.000599244169604644,0.000474566242358957
"2023-10-31",0.000885857369325828,0.000969482325471587,0.00143733484749442,0.00115140492114258,0.000956230105642551
"2023-11-01",6.86646209105166e-05,9.65648259611305e-05,0.00117713671746862,0.000964377953122601,0.000860988760806893
"2023-11-02",0.000958411635145221,0.000953026875814928,0.00110368692068725,0.0011108590278561,0.000789126980076468
"2023-11-03",0.0015842737682959,0.00195883953306962,0.00174604215441,0.00176126030609017,0.00217118147292549
"2023-11-06",0.00146103722442941,0.000530017413670516,0.000520100215246084,0.000448269645275763,0.000236615910360067
"2023-11-07",0.000721657468422674,0.000407020934741317,0.000253167755885653,0.000127438975231416,3.90361900727589e-05
"2023-11-08",0.00104670156917075,0.000403590085170796,0.00045632952453217,0.000324096614218501,0.000153195692839739
"2023-11-09",9.05803114918721e-05,2.52827547688519e-07,2.17272927387418e-05,1.02573022750844e-05,5.37618677986528e-06
"2023-11-10",0.0019897135861725,0.00176084279645134,0.00258635273003496,0.0023914762084948,0.00198768607152261
"2023-11-13",0.0014798139864308,0.00127801744032966,0.00157062556855369,0.00154858838639169,0.00142265126295331
"2023-11-14",0.000110080952178067,0.000178511558768134,0.000302516941218286,0.000249110468864945,0.000395069329019905
"2023-11-15",0.000333703210001636,0.000169254789017101,0.000211193542736036,0.000200506675800227,0.000286684724994134
"2023-11-16",1.16066080413373e-05,1.37646125641089e-05,3.06247962265315e-07,4.55718502186956e-08,5.85797971155843e-06
"2023-11-17",0.000621230931907879,0.000411467389282578,0.000739392140547326,0.000552707688709421,0.000676334220225813
"2023-11-20",0.000435596359453614,0.000240392903991628,0.000272987072897973,0.000237414647010057,0.000260058441356042
"2023-11-21",0.000415616021258612,0.00011382646232619,0.000344903436441988,0.000298235721926868,0.000413726032127879
"2023-11-22",0.000176251876327409,1.16724676143155e-05,7.53343579478221e-05,5.33880819023038e-05,8.32026440955763e-05
"2023-11-24",0.0023217107072011,0.00281841367736684,0.00268636827221209,0.0023171221546901,0.00261093333469397
"2023-11-27",9.21338297124349e-08,0.000102569213345758,0.000276857236567942,0.000298073078822476,0.000258123379732391
"2023-11-28",0.000383588770240306,0.000146783567786111,8.4961535713658e-05,2.81867805011359e-05,4.51127864140065e-05
"2023-11-29",0.000169622415020666,0.000156535836673693,0.000182409783502565,0.000145043671534099,0.000179864873022317
"2023-11-30",1.44945939327087e-05,2.635948383854e-05,0.000106189039896527,5.65225292565162e-05,6.17953865850643e-05
"2023-12-01",1.64705808565942e-05,7.89296442470978e-06,2.52141799217094e-06,7.00872673758883e-06,2.23845603500396e-06
"2023-12-04",0.000244645160299473,0.000357633860065063,0.000317417217791475,0.000252111753271227,0.000320365449709202
"2023-12-05",0.00203906634837571,0.00206513207996535,0.00201852641184125,0.00208868742940337,0.00183939908669149
"2023-12-06",0.000802370447218268,0.000616758601784527,0.000328757559831545,0.000689091827391014,0.000662780423778055
"2023-12-07",0.00026267111674438,8.94074839467643e-05,0.000111527037479827,0.000188482908712807,0.000172630411789991
"2023-12-08",9.42335992411196e-06,9.23412768762203e-06,5.99837437104419e-07,1.57147999905854e-05,7.60936926403676e-07
"2023-12-11",0.000231645945783812,4.83139595299093e-06,1.0631516131917e-06,6.10351329043925e-05,5.57080169340963e-05
"2023-12-12",0.00131423418021595,0.00121784922270648,0.00143933515072078,0.000954639341033272,0.000951276207923652
"2023-12-13",0.000146731871247566,0.000241546659945625,0.000203794914469503,0.00024202985737025,0.000195437181627848
"2023-12-14",5.54507116626044e-05,0.000180600164761603,0.000233662412363168,0.000213384614239371,0.000162917411698991
"2023-12-18",0.000571325096042305,0.000585121080988159,0.000723233943765477,0.00079722819949904,0.000790885749536099
"2023-12-19",0.00109446642533074,0.000706991393317889,0.000901766238266854,0.000944707206532276,0.00102491816062459
"2023-12-20",8.36852558846589e-05,9.60204085335538e-05,0.000127209021355597,0.000129601073410172,9.39040809096536e-05
"2023-12-21",1.8273806664764e-05,1.67996944545718e-06,7.31699903021232e-06,1.27737029299445e-05,2.47114133619263e-05
"2023-12-22",0.00121957384562809,0.00103762567853311,0.00103039104524367,0.0011758506374312,0.00134303196513342
"2023-12-26",0.00179756838319044,0.00170854671643846,0.00209698755257753,0.00206459228466555,0.00225196769325967
"2023-12-27",1.34344169506072e-05,5.50436859358221e-07,7.73996993701698e-06,1.08145519701474e-05,3.76768138836003e-06
"2023-12-28",0.000789020012593359,0.000702140981248282,0.00062999568815658,0.000615984116290636,0.000652425444969492
"2023-12-29",1.98007994236652e-05,0.000114642793252524,0.000232700474074867,0.000210814862055736,0.000178569183484727
"2024-01-02",0.00407873756654587,0.00491216890866169,0.00598030047158372,0.0059191435397323,0.00590008340715884
"2024-01-03",5.72322021167821e-05,0.000217464040893603,8.27123140379649e-05,0.000115970948945398,0.000109812112670321
"2024-01-04",2.74945002558896e-05,1.09617831248543e-05,1.91923812934311e-05,1.27354516320727e-05,2.83465386108338e-05
"2024-01-05",0.000969466254494512,0.00114186630116225,0.000987432490514585,0.000971747055695474,0.000860220175761512
"2024-01-08",0.00113565422798414,0.000966720734885125,0.000840639569614583,0.000731415448300872,0.000786211533822483
"2024-01-09",0.000483246078506334,0.000430234281750425,0.000555176067802481,0.000671589751111707,0.00116348653922598
"2024-01-10",0.000315465209292898,0.000529919971885205,0.000713284792872483,0.000663872018167156,0.00114687982326725
"2024-01-11",0.000290966612846054,0.00039427940846699,0.00025712243284191,0.000193680078412906,3.33355344572026e-05
"2024-01-12",0.000546275993236566,0.000445964087588843,0.000589072615018347,0.000615220039604758,0.0010978784533678
"2024-01-16",0.00103515855953244,0.000741285161879995,0.000835478308473807,0.000703698459317441,0.000311507576311724
"2024-01-17",2.52977796048299e-05,8.48227913856181e-05,0.000101480479339207,9.57054358033692e-05,0.0003179718042101
"2024-01-18",0.00012657399497408,0.000119687735771519,0.000172856134976007,0.000171544950608952,3.70489214633154e-05
"2024-01-19",0.000261947344512411,0.000246925291363989,0.000308618420065641,0.000283335800458026,0.000543317673470573
"2024-01-22",2.65064171307607e-08,2.18903145805729e-07,6.07278986980344e-06,2.77587247336389e-05,0.000136325061390325
"2024-01-23",0.000457538238646843,0.00045739215605089,0.000666822055315081,0.000569546763331829,0.000945374853465934
"2024-01-24",9.88195899922572e-05,0.000107109444742212,1.83322107092224e-05,1.32355559839376e-05,8.7881211893413e-05
"2024-01-25",9.13266182252502e-05,2.71545497451447e-05,1.25044473020897e-05,1.6414852295114e-05,8.94628204570797e-06
"2024-01-26",0.000506400455582811,0.000735126701734124,0.000679165784180593,0.000586833184791492,0.000982530693251058
"2024-01-29",3.28974983853955e-05,2.05589974996641e-05,2.28931212956506e-05,0.000700648847416394,0.00103088963642659
"2024-01-30",0.000975465325331612,0.001313492458505,0.00154410096647005,0.00132550857657025,0.00106964369683424
"2024-01-31",0.00257576649266466,0.0027811657034084,0.00329722729743947,0.00366137197752034,0.00325704919299032
"2024-02-01",8.2007843494604e-05,0.000143320246332575,0.000120134430388446,5.21605325946075e-05,0.000118508995807678
"2024-02-02",0.00806289569703655,0.00214684037723942,0.00286765543606072,0.00368358277682406,0.00348101162377356
"2024-02-05",0.00101397168939522,0.00111956267503326,0.000685894015718683,0.000477284071351578,0.000517980079552605
"2024-02-06",0.00287068479796727,0.0027707354242318,0.00397002174462879,0.00367902287737421,0.00376730159112016
"2024-02-07",0.00084978680154883,0.000711233920123553,0.00148811173950223,0.00150989707310713,0.00155043110037812
"2024-02-08",0.00354559409177088,0.00321921118845441,0.00798399483155392,0.00770022211179896,0.00737841077622197
"2024-02-09",0.0012832880613237,0.00125774630629737,0.00275225916480651,0.00311823671151708,0.0028451511668876
"2024-02-12",0.000191454008816712,8.90082306034777e-05,0.000355566629036373,0.000458843633793723,0.000398155875967282
"2024-02-13",0.000578859972124713,0.000443171369544173,0.000173573688398352,0.000144788937076425,0.000206464164202599
"2024-02-14",3.56472261904899e-08,6.9881628304743e-06,7.18404174620429e-05,0.000113836990452891,4.39478182807091e-05
"2024-02-15",0.000470827560991042,0.000634516269885784,0.000519482317635557,0.000397892178364981,0.000655334737149673
"2024-02-16",9.69701595951656e-05,2.09763991898024e-05,2.76630627021784e-05,5.02504016897583e-05,3.86235570713689e-06
"2024-02-20",6.02381149419628e-05,3.84377402123004e-05,4.70089571783398e-05,5.47318420557743e-05,5.76816372970588e-06
"2024-02-21",1.51623827688169e-05,2.88163786410478e-05,7.26106039673658e-05,9.47791076426101e-05,2.69246387376149e-05
"2024-02-22",0.00012853642502274,3.71927942779107e-06,1.01036094236378e-06,5.71974952235521e-06,7.2038787203305e-06
"2024-02-23",0.00100347984569332,0.000990921077141629,0.00103386806912703,0.0011113011775477,0.000804899002786531
"2024-02-26",0.000522819529191198,0.000510457054623952,0.000502991489430928,0.000544871890692867,0.000393067506937347
"2024-02-27",0.00099007229492017,0.00131280889530593,0.0015453631423812,0.00146066520736607,0.00156244375805894
"2024-02-28",0.000223735325254048,1.58056048930204e-05,0.000139320760688823,0.000151930683084521,0.000152956867688616
"2024-02-29",0.00125690064762408,0.00205697448732557,0.00212850174315326,0.00212129362867974,0.00202702467229374
"2024-03-01",3.46407304693346e-07,2.05977537663349e-06,6.06061697582756e-06,1.92616857627466e-06,8.87000319942843e-06
"2024-03-04",0.00198482354878043,0.00243707687016691,0.00213935633571878,0.00221824237342307,0.00193945470809407
"2024-03-05",0.000584201861933899,0.00118480352095914,0.00113104286809044,0.0012122382482332,0.000896450393362898
"2024-03-06",9.86710423890656e-05,0.00027830742114169,0.000301439745299323,0.00032766322112669,0.00015541695852907
"2024-03-07",0.000742802861559623,0.00107744614467646,0.000879407545286755,0.000823179358257987,0.000908206777667691
"2024-03-08",0.000592047706355672,0.000722136476683511,0.000500406705224132,0.000510126524340212,0.000421041751707973
"2024-03-11",0.00037645614055148,0.000465658262262308,0.000601073926820453,0.00063419978892099,0.00081309864738525
"2024-03-12",0.000528295089235302,0.000344278902355371,0.000292928817557524,0.000270215252992558,0.000198039223273102
"2024-03-13",0.00287948619912657,0.00440811343751903,0.0041437435151813,0.00391565690075791,0.00382675286260589
"2024-03-15",0.000500584951485035,0.00035749441838401,0.00046548620479648,0.000541471357453911,0.000446353725512414
"2024-03-18",6.9668314544289e-05,0.000158733657940757,0.000196748774959387,0.000220203254161616,0.000159113564186612
"2024-03-19",0.000899081212388378,0.000341667247628353,0.000232111640786734,0.000199502448844351,0.000292966816376859
"2024-03-20",3.5419317054068e-05,5.95449454190675e-06,6.35617199234385e-07,4.11063105813188e-06,1.30709154203013e-07
"2024-03-21",0.00372517509652578,0.00321794062245798,0.0034803091485357,0.00367911559403362,0.00330199084765555
"2024-03-22",0.00071119808009603,0.000206171495274192,0.000134112466424386,0.000105240616811208,0.000136142459040892
"2024-03-25",0.00135319326325094,0.000748249292724425,0.000718132652534176,0.000645595926709114,0.000798120079914893
"2024-03-26",0.000188913968320888,0.000258185320580201,0.000198609289280386,0.000156340339100967,0.000294737692737507
"2024-03-27",3.95299149269532e-05,1.91567445636457e-06,1.69402469354429e-05,6.41372224859274e-06,5.13907275538192e-05
"2024-03-28",1.32298679514256e-05,1.06135694352532e-05,3.78821768435481e-06,1.54619747814335e-07,8.01694662018998e-06
"2024-04-01",0.00250937096856072,0.0026304395540091,0.00238708718775048,0.0022569715431932,0.00238121236459934
"2024-04-02",7.94038253455514e-05,0.000509955863047913,0.000694452764220396,0.000582592559324259,0.000547404528117863
"2024-04-03",7.51218848640034e-06,5.98885210552181e-05,0.000125259961082335,7.64374267119678e-05,2.30082272034668e-05
"2024-04-04",1.05259543167932e-06,1.06798085299534e-05,8.09710670107887e-06,5.2047699053181e-07,2.01915263902091e-05
"2024-04-05",0.000124099361981322,0.000331083257276536,0.000323192511655514,0.000274625702283347,0.00015527662837607
"2024-04-09",9.26628977495347e-05,0.000319651108334344,0.000446802035503334,0.000395044555404844,0.000276891222549595
"2024-04-10",0.000404011597784074,0.000202890534959287,0.000241493233104003,0.000254146544236004,0.000268962297475017
"2024-04-11",0.00029993312040454,2.21803483454607e-05,7.77642522381268e-06,6.52823389182174e-06,5.55333757033032e-06
"2024-04-12",0.00271752946474241,0.00280807358390739,0.0024960032875597,0.00248282092641928,0.00254489918949087
"2024-04-15",0.000815251076103241,0.00130221728899968,0.0013870071246184,0.00135937150455904,0.00152203017015547
"2024-04-16",0.00187867214324405,0.00221629561655813,0.00206930439633325,0.00198886601597623,0.00211910892319309
"2024-04-17",0.00141188235299642,0.00140046953823555,0.001307107091429,0.00135681734378784,0.0010878226778245
"2024-04-18",0.000871887732338263,0.00142082666727432,0.00143315769985688,0.00145062879313107,0.00121458569369079
"2024-04-19",4.63691884914379e-07,1.68527082659994e-05,6.75581649533577e-06,1.41891388836318e-05,4.17931211193304e-07
"2024-04-22",0.00114297452997437,0.00176292735979393,0.00231179956986146,0.00276908351626746,0.00230361204830977
"2024-04-23",0.000715021173385786,0.000977735402448591,0.000984025901389604,0.0012422544331714,0.000966680436028755
"2024-04-24",9.16620538296981e-09,9.97269343337757e-06,1.00366110891518e-05,5.60871935298954e-05,1.98067121971763e-05
"2024-04-25",0.000546205351811499,0.000299202023598522,0.000342751825279555,0.000203893090008108,0.000148809915229886
"2024-04-26",0.00131769900983937,0.00561353437040188,0.00546208037358274,0.00566578713644774,0.00623363671707168
"2024-04-29",0.000714816005692477,0.000432235073598804,0.000363239990506292,0.000333848420626456,0.000162798772410386
"2024-04-30",0.000385732266511879,0.000649054809662665,0.000598518692007102,0.000572570501689034,0.000302611722741573
"2024-05-01",0.00288762205583248,0.00311660316803583,0.00305158172713697,0.00310703321821502,0.002327314234823
"2024-05-02",4.92911632179013e-05,0.000126979618452938,0.000130318134947966,0.000113489883756365,0.000100849147780417
"2024-05-03",0.00469469706630478,0.00481799474363195,0.00452395996935588,0.00456819648547349,0.00462205361257178
"2024-05-07",0.00297436718486056,0.00168348627996919,0.00458439457776619,0.00468312100273323,0.00460808145165897
"2024-05-08",0.00375058383825255,0.00287460903019173,0.00341954868755162,0.00339346700681337,0.00341637398690679
"2024-05-09",0.00255010230320463,0.0018820533895783,0.00231418483793076,0.00229598706442751,0.00245742147934601
"2024-05-10",0.000415303607548062,0.000156041305655911,0.000246738651364408,0.000217180306368487,0.000366650011708232
"2024-05-13",0.000597955766697345,0.000423624753811009,0.000591624094326889,0.000550786148357499,0.000752880273306745
"2024-05-14",0.000151487569254061,0.000203659341144808,0.000199253674072733,0.000162346704540286,0.000230917862685893
"2024-05-16",0.000256881423827443,0.000327651176740983,0.000389738090685572,0.000343953710469528,0.000421534126371407
"2024-05-17",0.000641229827476923,0.00084028529187595,0.00098325048465283,0.000892817119930075,0.000953887014352132
"2024-05-20",0.000337370996825931,0.000455024966747624,0.000447008530206554,0.000385175166423213,0.000349655621487036
"2024-05-22",3.81362766948526e-05,9.96613654266754e-05,7.60726806742066e-05,5.15685808234671e-05,5.18202565789116e-05
"2024-05-23",0.000252323795240291,0.000205505011353274,0.000193194010291837,0.00023767432649135,0.000189726763092678
"2024-05-24",0.000384578840566062,0.000371983061055343,0.00049244750324579,0.000459003190945573,0.00082978092458668
"2024-05-28",0.000228531049988247,0.000512043835290285,0.000543679322961399,0.000460745389244787,0.000225224737648385
"2024-05-29",3.33144509174009e-05,5.49339865035657e-06,5.46314925803925e-06,2.17864252511328e-05,0.000147930961434265
"2024-05-30",5.78869495199693e-06,2.59818274217516e-05,2.27742940864899e-05,3.62416278539049e-06,2.02382529203756e-05
"2024-05-31",0.00073279385062544,0.000928654938158504,0.000964001297502718,0.000777556108902881,0.000402014573387522
"2024-06-03",0.000208380533199154,0.000193419047912604,0.000198066274025756,0.000198269441132707,0.000158239395057087
"2024-06-04",0.000190914089115587,0.000329230024513449,0.000374996401197429,0.000339652576125127,0.000431903791759712
"2024-06-05",0.000398633632174696,0.000735675173208003,0.000681432380333229,0.000687465622105137,0.000869427228016105
"2024-06-06",0.00102101492934151,0.00125507920338173,0.00121318636011257,0.00127891795689455,0.00156649201865475
"2024-06-07",3.13787827716965e-05,0.000143377776932581,0.000137394218945644,0.000163713690120189,0.000268848808814686
"2024-06-10",0.0303211257128074,0.0288781449787419,0.0298429415519258,0.0294624419369292,0.0282978857431694
"2024-06-11",0.00426349775017938,0.00685273417974105,0.00723157010609963,0.00688301839437748,0.00726850317662918
"2024-06-12",0.0391306164777357,0.0436657813738817,0.0439186134224535,0.0443614746980703,0.0457558642160768
"2024-06-13",0.000831037608044964,0.00023786732148569,0.000224654454398251,0.000174997644371385,0.000123766473695404
"2024-06-14",0.00162427493622403,0.000887387634764469,0.000991472712250157,0.00084283733492926,0.000706849465136423
"2024-06-17",1.7880133993896e-05,5.35586960068801e-05,2.42255789707986e-05,7.29658275159395e-05,9.89988511563899e-05
"2024-06-18",0.000451880256922871,0.00026333699179273,0.000311275278625424,0.000288969310268058,0.000297407628172499
"2024-06-21",0.0015012226054296,0.00160410900490079,0.00151859562635981,0.00164894579323417,0.00152958766872484
"2024-06-24",1.2648286188923e-05,1.00927894435527e-05,6.23975823870918e-06,1.36452614336411e-05,1.92435843856638e-07
"2024-06-25",0.00122737510748369,0.00133960698610659,0.00131225661513254,0.0012666499429572,0.00149660839788861
"2024-06-26",3.54368171795075e-06,5.21933824524364e-05,6.92672254524752e-05,4.13054279761448e-05,0.000111587549642764
"2024-06-27",0.000542149349240142,0.000792825695459228,0.000727997044170511,0.00062863270004302,0.000827615417325586
"2024-06-28",0.000310668573530344,0.00016255069376699,0.000172636572370783,0.000187028598948975,8.72043094311392e-05
"2024-07-01",0.000616077116509186,0.000266610308571372,0.000288976909663633,0.00032220195949328,0.000195831651040049
"2024-07-02",0.000422497265406026,0.000690781855919613,0.000659261692369627,0.000777848523040501,0.00102154731311237
"2024-07-03",4.79944961441208e-05,5.02717461637053e-05,4.34783451529631e-05,0.000124633262727006,0.000241695235875428
"2024-07-05",0.000698232748508538,0.000685790034327445,0.000643666058975386,0.00089351042521574,0.00115519395683186
"2024-07-08",1.23183364169797e-05,7.06254758357812e-05,5.91558132600512e-05,0.000102486337435888,0.00015942545092935
"2024-07-09",0.00034323595702761,0.000385411698750191,0.000390419016258595,0.000490929919448171,0.000625082833061012
"2024-07-10",0.000155223313974861,0.000150501802493355,0.000159238107311658,0.000276450483940186,0.000382817121817505
"2024-07-11",0.00392517529701864,0.00328341699565133,0.00318568188512717,0.00284851882333488,0.00249833800680119
"2024-07-12",0.00036208956014721,0.000589269431193183,0.000577916776753507,0.000683941671108058,0.000810520956588785
"2024-07-15",0.00106392212900589,0.000502969513352095,0.000548348582875795,0.000475721558955437,0.000352322608964425
"2024-07-16",0.00124221410242213,0.00171890813601795,0.00165225198086601,0.00163629060375084,0.00144483229936239
"2024-07-17",0.000616024649744009,0.000306157373489331,0.000333069962796616,0.00034084405316371,0.000533128476053342
"2024-07-18",0.00395405721442356,0.00338799330528489,0.00327707694522635,0.00328697925705328,0.00387468151469632
"2024-07-19",0.000146561001975503,0.000182126900897835,0.000183756731244776,0.000193587865273842,0.000126494178482496
"2024-07-22",6.1927991391645e-05,2.71146864721541e-07,1.12635694821971e-06,7.61195176801958e-06,2.64740914169624e-05
"2024-07-23",0.000730538275905272,0.000801073437995108,0.000748037016994055,0.00110929137298161,0.000973830746855829
"2024-07-24",0.000348028968726683,0.000291732622343531,0.00033978409406377,0.000139136810468419,0.000209253715781757
"2024-07-25",0.00523977240247736,0.00476662451319399,0.00488628625672639,0.00407418827115803,0.00447215777198586
"2024-07-26",8.89604747155897e-05,0.000132051604367366,0.000156536638234851,0.000232880683905729,0.000140431686807687
"2024-07-29",2.0676591074726e-05,0.000881720473039416,0.000804466576376427,0.000468018206014376,0.000320537943982013
"2024-07-30",0.000180058589467615,0.000462411457348429,0.000427761818020491,0.000196695099071443,3.11699783642523e-05
"2024-07-31",0.000427937340340009,0.000314997716403832,0.000283477850779094,0.000557536647897168,0.00122894783637729
"2024-08-01",0.0014030175110251,0.000979373490053715,0.000964160253407405,0.00143070951329509,0.00250347647375086
"2024-08-02",0.0479956053735446,0.0459680368287587,0.0448461180504111,0.0454990526230625,0.0435547543493402
"2024-08-05",0.147916927816913,0.149040926636358,0.14687138608601,0.14469578811003,0.136817753064142
"2024-08-06",0.0223498143933417,0.0182462385667893,0.020196027156805,0.0216857066253883,0.026337667918453
"2024-08-07",0.000315726699946248,6.93310364376235e-05,0.000157921277610527,0.000241215881260874,0.000775098089683639
"2024-08-08",0.00375425821903976,0.00284928065698373,0.005497346739352,0.00638941353805461,0.00569691061190835
"2024-08-09",0.0057169299570106,0.0038452793499731,0.00417106449974215,0.00490304294529276,0.00368414548707
"2024-08-12",0.00451616098478855,0.00298831330986839,0.00294323983783315,0.00359606840920049,0.00288035959619264
"2024-08-13",0.00270188198996326,0.00204589790975661,0.00198547905636035,0.00276890462946694,0.00247617592462991
"2024-08-14",0.00168208241262589,0.00133541137169609,0.0010644309654674,0.00148616876612322,0.001255099804814
"2024-08-15",0.00131832992789519,0.00105792197810549,0.00133728139481579,0.00195013894810828,0.00168165952148496
"2024-08-16",0.00351660665321627,0.0029615268970206,0.00331255205057175,0.00416865958490621,0.00367562415765066
"2024-08-19",0.00259188464868462,0.0023157854527724,0.0024983304792514,0.00322167767821149,0.00297692689472575
"2024-08-20",0.000723494635069322,0.00051787672962505,0.000526588608113838,0.000949440938483967,0.000870069697259963
"2024-08-21",0.000450643768095214,0.000273758310041281,0.000321446326113117,0.000684114098358299,0.000584403785515132
"2024-08-22",0.000171591619561401,0.000324431064011909,0.000356158369859043,0.000169485388986536,0.000134035865301988
"2024-08-23",2.83342899459105e-05,6.3553517118813e-06,3.23316208708957e-06,4.13437443468248e-05,3.30000473424338e-05
"2024-08-26",0.00207748942886015,0.00163013371156136,0.00171637752881895,0.00229234717071965,0.00199491690518867
"2024-08-27",0.000825338962760561,0.000694823518796804,0.000652504377425554,0.000864935753379254,0.000735350371409826
"2024-08-28",6.63291120766366e-08,2.38097934540939e-06,3.66171346968926e-06,7.09687674858612e-06,1.4171782449189e-05
"2024-08-29",0.00178514421505142,0.001765276147813,0.00186443308292892,0.00203192418173825,0.00273800791164637
"2024-08-30",0.000923915154837715,0.0010057894657377,0.000995940862936839,0.00095605238937782,0.000548164674313754
"2024-09-03",6.72264025732745e-05,6.59182975708524e-05,9.12700717710602e-05,0.000115975231386213,0.000311434856527577
"2024-09-04",0.000324390201350161,0.000245779254924738,0.000257657579534955,0.00035676774759239,0.00064593009644442
"2024-09-05",0.000233070717217413,0.000258219573764704,0.000234638302761457,0.000152668975059405,0.000207404033633073
"2024-09-06",0.000946899069796823,0.000648893376658376,0.000621574931628062,0.000755767636987551,0.000453112186219072
"2024-09-09",0.00289299557217195,0.00245627486409553,0.00244318125777714,0.00278034416734908,0.00217111303484993
"2024-09-10",0.000162983970439517,0.000131605164144539,0.000129527125567975,0.00013385561323955,0.000400862279913679
"2024-09-11",0.000410407696644182,0.000340207131764673,0.000343057241065155,0.000446415011775163,0.000269904544876872
"2024-09-12",0.00111769511416312,0.00137821030916502,0.00145094178267886,0.0012867619099309,0.00162305739775591
"2024-09-13",0.000606678672246147,0.000762761031415364,0.00077474908188959,0.000804418740018079,0.00111889280781481
"2024-09-16",0.000426525676729168,0.000317331076011308,0.000266005722416689,0.000234248700093131,3.15151961970552e-05
"2024-09-17",0.00020624899767586,0.000182423797120597,0.000162243643978348,0.000237396301111772,0.00101975961484371
"2024-09-18",0.0131432207565061,0.0125228660084398,0.0127053400899526,0.0126046877132439,0.00910377543374599
"2024-09-19",0.00605731185079521,0.00694473223776621,0.00710519238934216,0.00662480643446113,0.00959842347248394
"2024-09-20",0.00292501936755119,0.00231713873184008,0.00230866175309436,0.00260553628858435,0.00119385034659076
"2024-09-23",0.00171074049095277,0.00150691742389729,0.00143582178582363,0.00140647195783127,0.00144403957103734
"2024-09-24",0.00283793814602136,0.00307944816883013,0.00314051334562583,0.00303343122802495,0.00278795445153186
"2024-09-25",0.00104182384842803,0.00147076642279141,0.00157705981858313,0.00144358992086187,0.00153940651469361
"2024-09-26",0.000363719355048264,0.000541742920389226,0.000761527377880358,0.000660947633726913,0.000745617548545162
"2024-09-27",0.000798510076985914,0.00098511459547804,0.000931353638960881,0.000666184870271256,0.000848392334448507
"2024-09-30",0.000623948000185468,0.000326529263226475,0.000403260906508025,0.00061065889913748,0.000281826552984156
"2024-10-01",0.000308414747330724,0.000139635726046801,0.000214467090127344,0.000357335049886893,0.000268396463669964
"2024-10-02",0.00185484540786941,0.00248757929544951,0.00223953624109374,0.00176088453074832,0.00203718145532715
"2024-10-03",0.000139890271826585,0.00024930048143214,0.000241678950848655,0.000135974670942289,0.000375761480780306
"2024-10-04",0.000408235089954061,0.000629390449182352,0.000605429673412101,0.000463559048678261,0.000676578338389457
"2024-10-07",0.000160073749094563,0.000274616566028978,0.000295907989502767,0.000207471759805064,0.000263585654503289
"2024-10-08",0.000612664769440447,0.000810703307168231,0.000813349191895551,0.000680030651777116,0.000870859461890033
"2024-10-09",0.000900651487109794,0.00185710786026901,0.00172227244686612,0.00146693645823256,0.00155675579490415
"2024-10-10",0.000196342170218233,0.000510128494981227,0.000495255711665749,0.000479248058692237,0.000510447662198776
"2024-10-14",0.000190918247190388,0.000384239200222318,0.000426829667635389,0.000420740785442632,0.000647105910549122
"2024-10-15",0.00230570963855542,0.00232309680944062,0.00229463481638209,0.00235339829175705,0.00196638330601606
"2024-10-16",0.00125761493774639,0.00123943155027007,0.00124657579154902,0.00107984808104374,0.0013561192607405
"2024-10-17",7.9944145844554e-06,7.09776754330555e-05,9.22490098928937e-05,0.000157890070471773,4.30628994643011e-08
"2024-10-18",8.56337176878245e-06,4.60133265362884e-06,3.22373795545326e-07,2.2357622498833e-05,0.000120166155494624
"2024-10-21",0.00107618059943074,0.000707842181243444,0.000633170016503758,0.000376294768476516,0.00126725178226716
"2024-10-22",0.000410207616477948,0.000232592842908325,0.000257722166978837,0.000245967596559004,0.000756813475216084
"2024-10-23",0.00896741959920051,0.00909416654522572,0.00882800373810149,0.00838750801466894,0.00591255508484046
"2024-10-24",0.00233835812075248,0.00205780326355951,0.00195407790616171,0.00234586586693089,0.00311038197058456
"2024-10-25",2.06195847560328e-07,0.000554362769497231,0.000490403106259964,0.000479507529523069,0.00222727270926701
"2024-10-28",0.00010807555620183,0.000532356834839417,0.000499018791995726,0.000306212724947029,0.00192979429527625
"2024-10-29",0.000178974477286621,0.000578857763607908,0.000524929357028915,0.000326032490291134,0.00151932917130148
"2024-10-30",2.74745721767092e-05,0.000268693581313807,0.00025590106263118,0.000138526543595594,0.00109616182597106
"2024-10-31",0.000854423319132715,0.000246470764072023,0.000185885082902435,0.000294672061268457,3.74722595359321e-05
"2024-11-01",0.00480446446570072,0.00468462280628283,0.00354911008765599,0.00348338406886837,0.00201268233394492
"2024-11-04",0.000464271302386074,0.00023466259353708,0.000167057682362328,0.000150575053222537,0.000861829897141261
"2024-11-05",0.00126790791078238,0.000959328793863358,0.000704739799787445,0.000695000364730973,0.00179218039307802
"2024-11-06",0.00142241998952872,0.00152345495509646,0.00158167591557456,0.00156483129901909,0.000943174403864126
"2024-11-07",0.00123515363378299,0.0018278607720614,0.00213538169952516,0.00168050315956559,0.0024744450487479
"2024-11-08",0.00160944340922676,0.00141529281878962,0.0011639380753216,0.00135742189983555,0.00195490589019265
"2024-11-12",1.80420722674575e-05,3.61145314075425e-05,9.90391075936636e-06,7.24865859687452e-05,0.000178818088182558
"2024-11-13",3.62257399797052e-06,0.000909406670475983,0.00297331932979159,0.00394811722624069,0.005291929230882
"2024-11-14",5.4560105681008e-06,0.000169642109158232,8.40386789218022e-05,0.000189118154861544,0.000215770123676182
"2024-11-15",6.89165755091422e-06,6.87473493120537e-05,1.91936703296117e-06,5.99935331058486e-06,3.62958562845141e-07
"2024-11-18",0.000179095685747656,0.000342339650226526,0.000191813354702176,0.000140149973995703,7.20095525432807e-05
"2024-11-19",6.49664001618085e-05,6.36637419010881e-05,3.99914626034455e-05,6.0054806330895e-05,0.000147435450615932
"2024-11-20",5.35945389072679e-05,1.44147481282026e-05,0.000117723998977833,6.99852958950997e-05,0.000111939675120396
"2024-11-21",0.00074388805411148,0.00173880594145104,0.00198292902979113,0.00144276518242862,0.00165974680793713
"2024-11-22",0.000850839180215097,0.00031371262866652,0.000311000811395778,0.000625096554149196,0.00059428296302646
"2024-11-25",0.000398648893541468,0.00144376898457594,0.0012150191566962,0.000765191801304381,0.00104223015986314
"2024-11-26",0.000119007963926411,6.67235547419081e-05,2.42483741310061e-05,6.98400199748455e-06,5.13047807667843e-06
"2024-11-27",0.000312878799818004,1.81002374075398e-05,0.000753561577014686,0.00100994626338289,0.00101973692144605
"2024-11-29",0.00201206521030979,0.000987371199308778,0.00111676422740876,0.00126519182440501,0.00153421211794334
"2024-12-02",5.75493761976895e-05,0.000428229798781868,0.000511554326453392,0.00048048184262393,0.000339410759304775
"2024-12-03",0.00108444787776729,0.000403168385304327,0.000443413427653399,0.000364903660255144,0.000357953513871775
"2024-12-04",0.000112441985843469,2.00628140925958e-05,3.4337109244085e-06,4.69394759183626e-06,3.81797821201333e-07
"2024-12-05",0.00021261256098265,1.5537741343465e-05,6.40023893083913e-05,3.33781207538466e-05,5.46197930086777e-06
"2024-12-06",0.000323997780918354,0.000166062828725975,0.000314644251746313,0.000247419590963051,0.000204785499045702
"2024-12-09",0.000590886851568563,0.00104815381955426,0.000697316238439534,0.000828198944364139,0.000886036945083531
"2024-12-10",0.000290072522208662,6.66821966468199e-05,0.000274548265383512,0.000176252552510883,0.000129949126067894
"2024-12-11",1.45818027231182e-05,2.54157579513845e-06,1.7381577134559e-05,1.75617274114855e-06,6.90224042482352e-06
"2024-12-12",0.000258888355975394,0.000196363357462238,0.000366850848441599,0.000397483174663748,0.000593756694082749
"2024-12-13",7.99573255380909e-05,1.13826564992505e-05,6.38463890469574e-05,0.000127593623959042,0.000335795724879923
"2024-12-16",3.28387023561565e-05,2.83221621495953e-05,9.68264479696335e-05,0.000101814253489943,0.000255091713476763
"2024-12-17",2.79717013917911e-06,9.2235578057063e-05,0.000127591029196053,9.9413575590295e-05,0.000171703792889061
"2024-12-18",0.00438087055948035,0.00334273419058434,0.00284442047080936,0.00320859323128533,0.00336432407194174
"2024-12-19",0.000349427394072508,0.000116361420155708,5.90639755716478e-05,0.000133807061271572,0.000260575375737094
"2024-12-20",0.000245360244855968,4.11712039837846e-07,2.90542794516201e-05,1.40618953293997e-05,1.20218734191657e-06
"2024-12-23",0.000837040452841604,0.00116083683234039,0.00222661593780784,0.00232154723691169,0.00197339816856872
"2024-12-24",0.00248568903747731,0.00254831105957872,0.00252377375384296,0.00282505087127234,0.00269720030396826
"2024-12-26",6.57256038188425e-05,5.95397045298237e-05,1.71587543277366e-05,8.77839984209658e-05,5.94058684854961e-05
"2024-12-27",0.000324812470402172,0.000506789199290277,0.000671779840021347,0.00046335959876666,0.000587618236839593
"2024-12-30",0.000298512374443045,0.000701644449659944,0.000769549493496914,0.000626976493715364,0.000939743321905895
"2024-12-31",5.90549277253311e-06,4.11183145901784e-05,2.33755872982409e-05,3.41700134781303e-08,0.000125892911213096
"2025-01-02",0.0048523107053171,0.00639778544262954,0.00606549586791606,0.00525050424675651,0.00621367776650761
"2025-01-03",0.000552106391293805,0.000149730814696862,0.000257343789045839,0.000416939401675398,0.000242409652907741
"2025-01-06",2.86369462983556e-05,4.91654611542475e-05,3.79446279080226e-05,7.305467955321e-06,1.44295475012965e-06
"2025-01-07",8.54592383812875e-05,0.000232413355552721,0.000201500689065173,7.83733771133124e-05,7.46531849902817e-05
"2025-01-08",3.89085556269334e-05,0.000220274981254979,0.000154406765593897,4.35065415249701e-05,0.000119843835544694
"2025-01-10",0.0053898617519513,0.00687716640068621,0.00670137819600817,0.00576056925833292,0.00633689571632604
"2025-01-13",5.37371634240213e-06,2.57642636155408e-05,5.89439012670375e-06,1.69221667142488e-06,1.30019356403923e-05
"2025-01-14",0.000742080131005973,0.00289456406132847,0.00271308566357359,0.00326081370822723,0.0029141280920497
