"","fBm","bfBm","mfBm3","mfBm4","mfBm5"
"2007-01-09",0.0886941720777844,0.0875633896736844,0.0868610382197514,0.0867877356546406,0.0870254916679209
"2007-01-10",0.00635264046813113,0.00645195597983297,0.00658727270213174,0.00691000201905831,0.00693663196623851
"2007-01-11",6.9447457062306e-05,3.57495415107042e-05,2.21461758541506e-05,1.26427955301752e-05,1.36661326893793e-05
"2007-01-12",0.000379943212969962,0.000280616760005997,0.000249684363088031,0.000225908368152877,0.000222708919567855
"2007-01-16",0.00217744823784635,0.00181049979517694,0.00180213523040416,0.00169421894649667,0.00167085245214595
"2007-01-17",0.012378047253641,0.0122813922298518,0.0123329834407352,0.0121281700030614,0.0120860710605383
"2007-01-18",2.06408634719176e-05,2.60165107019051e-05,1.27306412946527e-05,2.11124733646205e-05,2.17001379383117e-05
"2007-01-19",0.00157622199706806,0.00170839615411709,0.00175992409507221,0.00169247459994882,0.0016839396972526
"2007-01-22",0.00202958334986913,0.00195042896843886,0.00190762460124905,0.00193640818140729,0.00194473179684545
"2007-01-23",0.00221040311201145,0.00223759899815133,0.00219354990660206,0.0022055513856945,0.00220588750493068
"2007-01-24",0.0018600652742248,0.00172102489346163,0.00173474075321922,0.00172302920659314,0.00173024366198117
"2007-01-25",0.000839064750997816,0.000799474523565383,0.000810278551139965,0.000707934335409434,0.000694116396558919
"2007-01-26",3.84944822139666e-05,5.48398809762224e-05,5.51559776529891e-05,4.30253098986708e-05,4.24495770500244e-05
"2007-01-29",0.0056646179693474,0.00565292799577266,0.00557122915256768,0.00507728353531568,0.00512110080185285
"2007-01-30",0.0217558844762456,0.0219028885344953,0.0216847995890651,0.0209644028258064,0.0209789294424707
"2007-01-31",0.00140890055632489,0.00137854176011224,0.00145366210591841,0.00145365272993789,0.0014588795549358
"2007-02-01",0.00847986245180344,0.0082721907872909,0.00824782869098712,0.00830029925597143,0.00825762893018749
"2007-02-02",0.00765191456202293,0.00697378734994336,0.00681539759741258,0.00687884726075606,0.006871299642364
"2007-02-05",0.00636949158989794,0.00600075588852383,0.00597198497800225,0.00616918098590704,0.00616318302015303
"2007-02-06",0.000123142782312869,0.000122078998561934,0.0001056060297783,7.16443579513804e-05,7.15924563704532e-05
"2007-02-07",2.9174828234589e-06,1.24590615416963e-06,5.42908485961807e-06,8.08389437924279e-06,9.05447060675974e-06
"2007-02-08",2.86345584102084e-05,5.24742279992007e-05,6.49816264251205e-05,5.43270690777668e-05,5.89706029364311e-05
"2007-02-09",2.73171081584241e-06,3.63250241288457e-06,8.66470676360885e-06,6.62850324108785e-06,7.93201537305091e-06
"2007-02-12",5.35431606290412e-05,7.42888908532281e-05,8.29594812982392e-05,8.57912356792828e-05,8.71543864572034e-05
"2007-02-13",0.00203248971470649,0.00211102047036852,0.00210561521898411,0.00196593568083747,0.0019629922289432
"2007-02-14",0.00880607242059745,0.00919430487316273,0.00929149219562329,0.00908133313695429,0.00909306111009839
"2007-02-15",0.00981508107800459,0.0100128553176633,0.0100758748699628,0.010069847019062,0.0100677641024201
"2007-02-16",0.0227293797715142,0.0226013046253088,0.0229694314511753,0.0227302881773641,0.0227039040761308
"2007-02-20",0.00298822434557318,0.00325216213181371,0.00344411567074219,0.00326445709255796,0.00326026066173447
"2007-02-21",5.85935646819043e-07,6.06089341592345e-06,2.18853474182274e-05,1.3742480156927e-05,1.31419937384844e-05
"2007-02-22",0.00136496295697344,0.00137438988679138,0.00121849451678605,0.00127308007010172,0.00128290174880561
"2007-02-23",0.000100896661572901,6.33726564908816e-05,4.36952176066337e-05,5.00226295391767e-05,4.85363323100766e-05
"2007-02-26",0.0111244109440185,0.0109974438824456,0.0112186096334041,0.0111902399173969,0.0111861697606419
"2007-02-27",0.0202821687922094,0.0200610712516155,0.0200025469109881,0.0200426718390357,0.019981778817949
"2007-02-28",0.00497711525472943,0.00470632401773536,0.00474489472673483,0.00463857006315117,0.00461999169726761
"2007-03-01",0.0153172644762856,0.014949820868333,0.0150318248538799,0.015102642616162,0.0150667024487464
"2007-03-02",0.00394516893656423,0.00369674759599501,0.00391883322382193,0.00382173321075958,0.00382610236368886
"2007-03-05",0.00337261189894312,0.00305079930931116,0.00296593049793027,0.00308819471023952,0.00308411568530614
"2007-03-06",0.00392298033768449,0.00360289645446277,0.00348396555912968,0.00319350311963312,0.00320971711587878
"2007-03-07",0.00293154513650595,0.00244136827009662,0.00241354906479277,0.00215741855966722,0.00218592060724635
"2007-03-08",0.0187347373597254,0.0171237541437868,0.0160898421419452,0.0150708760404265,0.0151751030561753
"2007-03-09",0.0119413544928385,0.0112107313883406,0.0105250634404175,0.009950431467602,0.00998069698693287
"2007-03-12",0.00974070757408835,0.009082393949208,0.00839296147332006,0.00811544513827733,0.00813630098745751
"2007-03-13",0.00259618056695197,0.00249866878275075,0.00229353832815925,0.00220591416558675,0.00220225314029782
"2007-03-14",0.000582201116139335,0.000537746776673765,0.000497303017907905,0.000440328375161808,0.000423094374904327
"2007-03-15",0.00161149591554165,0.00161036977379233,0.00164271017209003,0.00156342786766182,0.00152735793679876
"2007-03-16",0.00696686879006143,0.00698049341262898,0.00649701415382073,0.00636218059057129,0.00624902689520235
"2007-03-19",0.00153062342810664,0.00175893040811394,0.00152275263182187,0.00149598997176114,0.00150083939779649
"2007-03-20",0.00494466903737428,0.00481887799856014,0.00437731927414606,0.00417639647839077,0.00413964572294381
"2007-03-21",0.00344537460599466,0.00327241326271374,0.00291447160304621,0.00271463756675739,0.00272817352526605
"2007-03-22",0.00125766909874121,0.00136249212550354,0.00116737989972735,0.00108020472886591,0.00107844521513268
"2007-03-23",0.00188988768306703,0.00196466927878301,0.00173785868661574,0.00165165883303984,0.00163712398430681
"2007-03-26",0.0003269070296446,0.000364334249812905,0.000337186921308934,0.000305809025846821,0.000298386763743054
"2007-03-27",0.00022352226910007,0.000185136567952133,0.000171118951609386,0.000171351561909709,0.000179959855648937
"2007-03-28",0.000151400013272673,0.000143739270801998,0.000157632212920788,0.000175869852783167,0.000180151405477338
"2007-03-29",2.22898320114681e-05,1.89390583762402e-05,1.60374980046316e-05,1.77680611618615e-05,1.99413174044429e-05
"2007-03-30",0.00164687917626899,0.00166009237740061,0.00175723443258164,0.00178826933898402,0.00180767277771202
"2007-04-02",0.000348734997126598,0.000308639948258679,0.000307061859437995,0.000281779205601329,0.000269796888509814
"2007-04-03",0.00196225735640416,0.00204825915287115,0.00202904940945281,0.00196077623892289,0.00193424965348263
"2007-04-04",0.00255431496086126,0.00256058207765092,0.0024900179049374,0.00243373927794683,0.00240896122915606
"2007-04-05",0.00575988345911929,0.00573962961472749,0.0055538865456578,0.00539558195460328,0.0053534653285377
"2007-04-09",0.00378049909456725,0.00376396183830897,0.00379408577305381,0.0036681429476156,0.00365758518680456
"2007-04-10",0.00581659710263609,0.00573905471692192,0.00579672554301888,0.00572202752356306,0.00569388120882997
"2007-04-11",0.000191109392827695,0.000194377862447206,0.000214722483441686,0.000210046258169675,0.000199372124505376
"2007-04-12",2.12451036084446e-06,9.80087504530082e-07,2.90694522112952e-06,3.71045371876148e-06,2.0328995806589e-06
"2007-04-13",8.45528264536628e-05,6.62316830965855e-05,7.75522135656647e-05,6.50035312312983e-05,7.05079024720116e-05
"2007-04-16",0.000524905782592867,0.000636053386103249,0.000639469603523229,0.000643051162797542,0.000626527493643729
"2007-04-17",0.000805869480738922,0.000715232772779784,0.000709353787515565,0.000716109636905257,0.000722484576135327
"2007-04-18",0.000435522300232149,0.000451082022830081,0.000446172565386616,0.000441452880081597,0.000431739858152973
"2007-04-19",8.78315028342684e-05,8.21008498464359e-05,6.15410927546268e-05,5.19822205884085e-05,4.4565926114741e-05
"2007-04-20",0.00287998986294811,0.00287194253479613,0.00271639197616337,0.0027245181861888,0.00270159771025777
"2007-04-23",0.000305087849944574,0.000317985458676342,0.000300500999205108,0.000297176478221618,0.000288107702733767
"2007-04-24",0.0291933912908247,0.0289747662453243,0.0287078029235614,0.0289128894363648,0.0289273348093059
"2007-04-25",0.000252148729257034,0.000248159475938694,0.000280420520799647,0.000276815539515266,0.000280816835791781
"2007-04-26",0.0358068235703634,0.0364202150758923,0.0368743724913078,0.0369653235173723,0.0369707850522827
"2007-04-27",0.00147963589518081,0.00159472481362813,0.00158108023978603,0.00163604112377597,0.00164287175209598
"2007-04-30",0.000232488960309253,0.000230653423418327,0.000209418503166866,0.000187846558427857,0.000183974387142101
"2007-05-01",0.000369400440244169,0.000370096055889949,0.000311198429739538,0.000308599503974513,0.000308663817110804
"2007-05-02",0.0038600044679586,0.00385785323168506,0.00367149885847105,0.00365715031152886,0.0037064013078882
"2007-05-03",0.00268179264688119,0.00269139970130297,0.00263673147016967,0.00265091498578116,0.00264113620731223
"2007-05-04",0.00904761791279683,0.00902550123695601,0.00894275585753158,0.00892885605803984,0.00893929995812076
"2007-05-07",0.000109083551795234,0.000111477644829663,0.000107466913783433,0.000107379911763522,0.000107886586574152
"2007-05-08",0.000584740405356566,0.000581273800239556,0.00060057032478612,0.000600272348586089,0.000596110062051589
"2007-05-09",7.84740399938813e-06,9.15317443194281e-06,1.0823499490445e-05,1.21771074102172e-05,1.23245273534127e-05
"2007-05-10",0.0121882939881618,0.0122170964146359,0.0121841839259052,0.012200981959089,0.0122435376774962
"2007-05-11",0.000218403284317029,0.000221179542741529,0.000210001607565997,0.000212324460681172,0.000222865391151874
"2007-05-14",6.23858202444124e-06,6.23926611094608e-06,9.84098384906303e-06,9.77313214320014e-06,7.78584225523387e-06
"2007-05-15",0.00151850620103855,0.00151667931769119,0.00149775223422758,0.00149773436032038,0.00153155289915162
"2007-05-16",0.0319277216055268,0.0318930127551132,0.0318114384502909,0.0318376170250135,0.0318683561346379
"2007-05-17",6.30553288381734e-05,6.29370349570533e-05,2.70235355206377e-05,2.68385432332771e-05,2.19692136684724e-05
"2007-05-18",0.00395358696974894,0.00395122478411562,0.00365945450345173,0.00365043473908985,0.00356359120617731
"2007-05-21",7.78820769025846e-05,7.63144434913674e-05,6.57358108701965e-05,6.81217100928251e-05,6.09710342138802e-05
"2007-05-22",0.00162891918824243,0.00162529832262949,0.00150544744446689,0.00151032294023041,0.00149601200974312
"2007-05-23",0.00176704460935938,0.00178476909501312,0.00162677124940461,0.00168537067931102,0.00167927595060916
"2007-05-24",0.00229687827359391,0.00227856151034289,0.00241691554183534,0.00238405882570632,0.00237737000525965
"2007-05-25",0.000256090830241763,0.000259585349716734,0.000242859760698158,0.000253802917240835,0.000254969306795806
"2007-05-29",0.000131947979155175,0.000137831703458643,0.000122867576636837,0.000129993601652367,0.000129185788093338
"2007-05-30",0.00467034963663043,0.00464726901559457,0.00458743887195693,0.00454881229817667,0.00456582665215396
"2007-05-31",0.000623197393473151,0.000632956029476598,0.00060826257492773,0.000605422195682533,0.000605917031279513
"2007-06-01",3.87371871355736e-05,4.12503517890309e-05,3.80285990452128e-05,3.93720658984194e-05,3.46475652151866e-05
"2007-06-04",0.000784105218414811,0.000800303710175662,0.000735017755301274,0.000726662448094453,0.000723773256460606
"2007-06-05",0.00112784423925154,0.00109673033028866,0.00095579392479048,0.000963097706628944,0.000941363028553465
"2007-06-06",0.000485344878533442,0.000480168610173802,0.000546373864629955,0.000553634709642404,0.000571448834404378
"2007-06-07",0.00567645745426384,0.00555570822218029,0.00558757195932818,0.00550015965229031,0.00554321149908357
"2007-06-08",0.00391311876003014,0.00383984984643656,0.00387692814906176,0.00381229291514849,0.0038233762632144
"2007-06-11",0.0231717267686038,0.0230553169080737,0.0229182205442688,0.0227015745056046,0.0227267255167384
"2007-06-12",0.00814194165349067,0.00813820961888812,0.00806380447283979,0.00796955063746435,0.00796209127804089
"2007-06-13",0.00829465575441026,0.00832481116663049,0.00827557845215498,0.00828241558907433,0.00828154501782082
"2007-06-14",9.86089844735214e-05,9.95988792528933e-05,0.000105175804473374,0.000100652681916567,0.000102721946674278
"2007-06-15",0.0207355654873863,0.0207066616160763,0.0209298565424807,0.0208350467565166,0.0208597308397263
"2007-06-18",0.00552595766822657,0.00556811692224026,0.0057249747084525,0.00568997057393834,0.00567322783989726
"2007-06-19",0.00444046280791811,0.00449959044896301,0.0047834355990913,0.00467216540019801,0.00468658831708423
"2007-06-20",0.00318992981908927,0.0032325009452818,0.00341073545549735,0.00339387840254852,0.00342294792895209
"2007-06-21",0.000321503829413488,0.000349099883048539,0.000418808230225513,0.00039597411963953,0.000393110951826213
"2007-06-22",0.00162162024193249,0.00160417849762618,0.00149799063514472,0.00154421017684492,0.00152997970851938
"2007-06-25",0.00198510008174937,0.00197461009223168,0.00188524132709,0.00189642463755538,0.00188484567167493
"2007-06-26",0.00947395590012937,0.00941728816443527,0.00925528665253229,0.00923135000100638,0.00925129829705295
"2007-06-27",0.00135081049756049,0.00135547273913968,0.00131212283804126,0.00130039512339706,0.00130827844285397
"2007-06-28",2.12384192624221e-05,1.68839931060665e-05,1.60012898956057e-05,1.0160587585531e-05,9.71529687724567e-06
"2007-06-29",0.00020796284672279,0.000214686164539894,0.000253045055029157,0.000275328480972071,0.000277471638608808
"2007-07-02",0.000247273755566553,0.000264632842413985,0.00025964441667242,0.00028024426723185,0.00028297517938656
"2007-07-03",0.0025874164207709,0.00259860431555114,0.00266683837854697,0.00272989296138377,0.00270097432564541
"2007-07-05",9.94446380097699e-06,1.08445926527892e-05,9.4792206590068e-06,7.86755696783247e-06,7.51269842811854e-06
"2007-07-06",0.00272887534463283,0.00267992509731429,0.00265466890514914,0.00265172230022127,0.00264519308104024
"2007-07-09",0.000843622870292833,0.000813320835049896,0.000814689499060722,0.000808945948736917,0.000792801536508354
"2007-07-10",0.000162233823482676,0.00015300086818151,0.00015515448704908,0.00015448901473211,0.000163650342191616
"2007-07-11",0.00710601165259552,0.00713103521804804,0.00741895639909736,0.00700995324640214,0.00693504549728798
"2007-07-12",0.00923867048788833,0.009285057833345,0.00983418735683654,0.0095487550779437,0.00948006182265118
"2007-07-13",0.00650814476165181,0.00658198276573735,0.00695076918165051,0.00692165353840672,0.00686270147631672
"2007-07-16",0.0012938924356612,0.00134631754071303,0.00141582308890225,0.00141786917931049,0.00142406275648109
"2007-07-17",0.00643104675276422,0.00646717926581605,0.00672964694967271,0.00666510343140851,0.00668950740831605
"2007-07-18",0.00207128001643783,0.00206489055044513,0.00212136490668964,0.00208915301300894,0.00207570854544021
"2007-07-19",0.00728398525104848,0.00733300540078421,0.0075099611015944,0.00744461706591614,0.00738210130848107
"2007-07-20",0.000189380749627305,0.000195057342163311,0.000209971953122406,0.000194165515726895,0.000183190895498989
"2007-07-23",3.33622002566074e-07,8.4059627532595e-07,4.22627641495238e-07,4.81225808231441e-07,2.6713130886158e-07
"2007-07-24",0.0166381731907539,0.0166330978714277,0.0163306981347483,0.0164884924235904,0.0164823805800989
"2007-07-25",0.0150039934754602,0.0152328293792513,0.0152899192863913,0.0154203240251268,0.0154018232583822
"2007-07-26",0.126877528293855,0.1276965443079,0.128078413234184,0.12794092757556,0.128046065990352
"2007-07-27",0.0322226628613589,0.032687002907625,0.0332119629935945,0.0333331579268844,0.0334222285416353
"2007-07-30",0.043010499669371,0.0428695937358318,0.0431310565505363,0.0434008736255882,0.0434869296024502
"2007-07-31",0.0614342592739441,0.0614095769256325,0.0619917885520889,0.0627852150423419,0.0628385298490985
"2007-08-01",0.102751109730106,0.102935675808529,0.105347775422862,0.10639252297484,0.106271816642085
"2007-08-02",8.46806785786524e-05,0.000105744147500685,0.00022230955171454,0.000286091409277552,0.00027560363173396
"2007-08-03",0.00293558143665301,0.00278361443216834,0.00231371869817169,0.0021316810930088,0.00217262603955671
"2007-08-06",0.0159743042578505,0.016227713229595,0.0171643599996857,0.0175457362116763,0.0175327109473814
"2007-08-07",0.00107706931221165,0.00109942356849873,0.00126840651463073,0.00137200431677839,0.00137077899253189
"2007-08-08",0.00320582087179754,0.00302266106192163,0.00249184562561914,0.00230430269191826,0.00233233547171027
"2007-08-09",0.0106116772784798,0.0107095515757369,0.0112930305771342,0.0115588479011643,0.0115574907007266
"2007-08-10",0.124812891610804,0.126141469451511,0.126176050524767,0.127730191023425,0.127572067196053
"2007-08-13",0.000448250617027111,0.000389843330312577,0.000287244196707993,0.000223178016142533,0.000226357817892379
"2007-08-14",0.000347903359356426,0.000284630776446963,0.000179978951129733,0.000122096438680961,0.000119879067032568
"2007-08-15",0.00432619252344864,0.00455462285920234,0.0049838551523133,0.00534430785895826,0.00532739428420056
"2007-08-16",0.14546867651649,0.147493366641133,0.151273519854321,0.153082646804495,0.15292832628962
"2007-08-17",0.0025551181142175,0.00213239764471636,0.00163732889241266,0.00134175581808442,0.00137140122132248
"2007-08-20",0.0048836856184281,0.00470124845715648,0.0041653882232469,0.0039010214118105,0.00393504899468432
"2007-08-21",0.000585052258612146,0.000693337193518059,0.000975716658863351,0.001176733061866,0.00117140944329719
"2007-08-22",0.0201408111114931,0.019355735999182,0.0180423929507991,0.0173603835411148,0.017396844449463
"2007-08-23",0.0482376315170824,0.0465863233687447,0.0436158135610695,0.0416090275186919,0.0417462276258323
"2007-08-24",0.0341170748003541,0.0331266323374032,0.0313379161661134,0.0300002124091127,0.0301984618675027
"2007-08-27",0.0334220319070783,0.0330415065091107,0.0320606711537984,0.030701654431932,0.0307562586722189
"2007-08-28",0.00266559242251876,0.00264194823242979,0.00245441492093051,0.00220535782912507,0.00219636498046945
"2007-08-29",0.00766381076056696,0.00773556144298606,0.00788045386497211,0.00757422846890875,0.00761659624688974
"2007-08-30",0.000510690584742144,0.000433815058697148,0.000477070055176333,0.000585332475185677,0.00056374550393926
"2007-08-31",0.00413751799278201,0.00449048216609445,0.00473892349928724,0.00460916400862022,0.00465340702511642
"2007-09-04",0.00103508787412505,0.00107156786290674,0.000978623099949406,0.000962559238881472,0.000923693863468184
"2007-09-05",0.0595406555328327,0.0589971965928156,0.0583679935367193,0.0587486117389877,0.0588711327543164
"2007-09-06",0.0229138814455342,0.0228036903123341,0.0225676602535574,0.0227612593409019,0.0227475590016583
"2007-09-07",0.000855445283649223,0.000820626172437198,0.000983485589088686,0.000966288510733879,0.00099189642820553
"2007-09-10",7.86135422875046e-05,9.08883692604071e-05,4.31253108608685e-05,5.88381087484668e-05,5.83086975879252e-05
"2007-09-11",2.92358090970014e-08,4.4266584898775e-08,6.31062746567156e-07,8.51390099254942e-08,9.22833803045497e-08
"2007-09-12",0.0162084542634647,0.0163413961219485,0.0162252289839319,0.0163870080060943,0.0166453428759922
"2007-09-13",0.0270162838648266,0.0271326873478246,0.027390303537795,0.0274723799575072,0.0272169945004949
"2007-09-14",0.0197167233235354,0.0196802628747888,0.0195391927264046,0.0192345173411686,0.0192003736168329
"2007-09-17",0.0107277917854919,0.0106454526469485,0.0106596590129589,0.0105155164307089,0.0105368367556019
"2007-09-18",0.00118073459028033,0.00115678263447032,0.000837607767542839,0.000843673100001497,0.000822640065792058
"2007-09-19",0.0013792600945132,0.00140138880404386,0.00108930246160013,0.00106540677115293,0.00104165919393673
"2007-09-20",0.00468536650562033,0.0047472153242711,0.00456979617198198,0.00456906351777795,0.00449290092559884
"2007-09-21",0.00688477512654041,0.00698119353443855,0.00673715713265948,0.00650717376785095,0.00644829565495153
"2007-09-24",0.000102746750191675,9.95021011880774e-05,0.000107038611181632,0.000104800544876791,9.66678938386514e-05
"2007-09-25",0.00138572434705229,0.00134934070182427,0.00132812986669287,0.00117215314872544,0.00119766631136783
"2007-09-26",0.00100485772997825,0.000982221052983075,0.000953773854839282,0.000845400202942359,0.000843438291072413
"2007-09-27",0.00414897369078361,0.00417907136396352,0.0043455280729,0.0041245536543527,0.00414239326828436
"2007-09-28",0.00336395633369036,0.00336884549561558,0.00362503164627298,0.00350237622575879,0.00350896029291533
"2007-10-01",0.00197188785879261,0.00205293390528853,0.00203673570248818,0.00197093975409073,0.00195511994453227
"2007-10-02",0.00271928457035779,0.00275195765312814,0.00272206874708335,0.0026537940877214,0.00262281536081403
"2007-10-03",0.00256387236133889,0.00255284854197476,0.00257386877097492,0.00251836490788716,0.00252382761291879
"2007-10-04",0.000104446516807218,0.000120272214631225,0.000131307703641604,0.000134753481667109,0.000133968829615274
"2007-10-05",0.00112345567835684,0.0011461126069797,0.00109024527353538,0.00113574840912796,0.0011467440913424
"2007-10-08",0.00149681109967064,0.00155312169158273,0.00157519425934202,0.00156128965218554,0.00155940009638797
"2007-10-09",0.00363195911419508,0.00359608199293348,0.00339843189798509,0.00344762810947238,0.00343916622767019
"2007-10-10",0.00106872925210623,0.00106261089572841,0.00115335169710408,0.00116143445654504,0.00116307412343069
"2007-10-11",0.323531898982732,0.322213386158358,0.320361613587156,0.320811251013268,0.320594250874499
"2007-10-12",0.00782620861184436,0.00770412957222665,0.00774796769690805,0.00778285751254161,0.00764488189492456
"2007-10-15",0.0215704076402241,0.0212867650197398,0.0211939734398786,0.0211524321191875,0.0210838696750879
"2007-10-16",0.000574134455878926,0.00053025275648651,0.00049054108720193,0.000478393560867,0.000479497810333033
"2007-10-17",0.00069955807378553,0.000701604882553889,0.000683032111805555,0.000687202468952646,0.000643280891608553
"2007-10-18",0.0230793467793929,0.0230839315168232,0.0233335746646548,0.0233446146776542,0.0237178668885442
"2007-10-19",0.000846729943002005,0.000840817057583706,0.00080633816611973,0.000804132893960505,0.00081174118909315
"2007-10-22",0.0068391718153726,0.00684342469385281,0.00684027738814163,0.00678654825780389,0.00676354315925327
"2007-10-23",0.000679631926551033,0.000677222231729055,0.000680731107234838,0.000732554401091197,0.000713603945525123
"2007-10-24",0.0126244848559864,0.0127287359020651,0.0127855552986426,0.012993289874181,0.0129196446598349
"2007-10-25",0.00155465033725741,0.00159831575870319,0.00163495717125839,0.00167249757559753,0.00166922034059156
"2007-10-26",0.00408879158973019,0.00390187252218465,0.00386143636407174,0.00379304447491417,0.00371911845259373
"2007-10-29",0.0130189557556767,0.0127192420197339,0.0126797162702982,0.012439512083996,0.0123665918755738
"2007-10-30",0.00583749445385864,0.00571051501626614,0.0053401748354217,0.00522671079008575,0.00511910197762309
"2007-10-31",0.000886506401802398,0.000829212717162256,0.000715304833174122,0.000677599062054798,0.000724939002736343
"2007-11-01",0.00327668426931359,0.00321263798818659,0.00300375847000723,0.00291693757126524,0.00305204371183685
"2007-11-02",0.00465717006964635,0.0047346672837395,0.00490463479257987,0.00500845112647676,0.00494372516756672
"2007-11-05",0.00091115816058828,0.000891829098084248,0.000947318557631381,0.000980377089986766,0.000930833278116951
"2007-11-06",1.77838399644213e-05,1.64761435592897e-05,1.906728096325e-05,2.36940144870767e-05,2.87274714322689e-05
"2007-11-07",1.0909215219336e-05,1.46333550961938e-05,1.35042399555911e-05,2.46434503883793e-05,3.59881784031683e-05
"2007-11-08",0.324014518005059,0.324582831137637,0.324435610961873,0.326074357816475,0.326134544825258
"2007-11-09",0.0858827737296714,0.0862180879032144,0.0866343034487199,0.0877059192645069,0.0883075382887007
"2007-11-12",0.285464970548032,0.286307122232794,0.287122077723734,0.288939302883634,0.289388477283572
"2007-11-13",0.0337933061414028,0.0339203912511082,0.0340920416577636,0.0346704720229203,0.0350634963130559
"2007-11-14",0.0693559376572279,0.0693633491119656,0.0696095462171286,0.0708011441205469,0.070921566175957
"2007-11-15",0.054841107345086,0.0552470302485098,0.055533644851366,0.0567860704254246,0.0569978328039628
"2007-11-16",0.0215097550309909,0.0218135534599813,0.0219910576453272,0.0236995122417794,0.024090925710791
"2007-11-19",9.92923011708865e-05,9.1329453582017e-05,9.46555615753671e-05,0.000134125418577841,0.000132703564681649
"2007-11-20",0.0310373860433721,0.0308270077731125,0.0307570651717778,0.0310429861392676,0.0310707091172718
"2007-11-21",0.00109034895464751,0.00105741001485389,0.00102090881474016,0.0010790533999031,0.00109030745780379
"2007-11-23",0.0469485670538364,0.0471679529614357,0.0474426426963106,0.04711198992179,0.0468962582800252
"2007-11-26",0.013109352404317,0.0130348609119993,0.0132400361620413,0.013041169278064,0.0128990396272577
"2007-11-27",0.00184815164194536,0.00181590805209486,0.00182486716096253,0.00178170389687376,0.00178281144196859
"2007-11-28",0.0573549846701093,0.0571469620706062,0.0568167511528407,0.0564088844925106,0.0561207504079292
"2007-11-29",0.0393386389804156,0.0391785482254043,0.0389269859658473,0.038550260236431,0.0385845500410933
"2007-11-30",0.000508365859310083,0.000473540308040515,0.000472016302861091,0.000429433999348617,0.000421331339125559
"2007-12-03",0.00141891634914269,0.00141535987298866,0.0013916267593144,0.00133970673700731,0.00135024175265875
"2007-12-04",0.0100852280823583,0.0100082907968444,0.00982464118667762,0.00965490638932068,0.00967205236802654
"2007-12-05",0.0124853158312397,0.0124100614152167,0.0121470885512144,0.0119321237759931,0.0117832058350031
"2007-12-06",0.0122973008337639,0.0123197352073392,0.0122997807192449,0.0120299350856167,0.0119595722409092
"2007-12-07",0.0143728650301732,0.0143274180466027,0.0143800000293355,0.0141137536348487,0.0140915784451848
"2007-12-10",0.0242070343813124,0.0240811467923429,0.0244011962890281,0.0240999634463049,0.0239470925551427
"2007-12-11",0.00173884107551654,0.00170189781491656,0.0016235821113371,0.00164364130106253,0.00174612294868132
"2007-12-12",0.00293895014397574,0.00294420639868524,0.00292200236080654,0.00299670143191201,0.00301205577243029
"2007-12-13",0.0017088332320158,0.00169296827630739,0.00167636429834849,0.00174200343639915,0.0017986718054904
"2007-12-14",0.00205556344363096,0.00209437188777809,0.00200202950890246,0.00194198466958514,0.00187350996110125
"2007-12-17",0.0116328628853726,0.0116553331146593,0.0120764381421404,0.0120008232188719,0.0120526996527021
"2007-12-18",0.0111515545054683,0.0111343099461508,0.0113837347878731,0.0115489532503647,0.0113422288601513
"2007-12-19",0.00423963031064653,0.00416937632078034,0.00415510083207808,0.0039947233999897,0.00413396353179883
"2007-12-20",0.0174718994962504,0.017164946490123,0.0172578718135274,0.0169063796790623,0.0168841297885754
"2007-12-21",0.0208731449838316,0.0208306167722446,0.0209702701067725,0.0205865277521429,0.0205892170136838
"2007-12-24",0.0204827366672176,0.0205417229776916,0.0207387361015639,0.0205911645683218,0.020608482200996
"2007-12-26",0.0226318758949445,0.0226629048445084,0.0226371939148178,0.022487779199369,0.0223919155174088
"2007-12-27",0.00553489580976127,0.00554726066431182,0.00560113501753996,0.00550505208770424,0.00559813577751936
"2007-12-28",0.00282492593615417,0.00281729518968074,0.00281042840774836,0.00271483830937814,0.00268957993397313
"2007-12-31",0.00138264611624687,0.00137221699210395,0.00143655150937173,0.00138503582090733,0.00139711103247523
"2008-01-02",0.00815714756991524,0.00816066491354129,0.00816859384642299,0.00822835732298772,0.00820260980076921
"2008-01-03",0.000149353842972691,0.00013806617942309,0.000120796870137895,0.00012882165360986,0.000128866753512702
"2008-01-04",0.0214469303665921,0.0212393850065882,0.0210888103604935,0.0211340817545881,0.0211206141662684
"2008-01-07",0.198214701328083,0.197873760078226,0.196639151103769,0.196838119912525,0.196868339855402
"2008-01-08",0.0858757290992916,0.0857042870774921,0.0849691216799169,0.0851413539498382,0.0851961158339536
"2008-01-09",0.144243928067508,0.144440727696919,0.144787954114677,0.144974439444293,0.145434068118687
"2008-01-10",0.0584025425659486,0.0583499401950899,0.0590008854083044,0.0591348021225846,0.0592555561718567
"2008-01-11",0.0199236957515351,0.0198770951806735,0.0203734286039207,0.020606945478635,0.0206420468566341
"2008-01-14",0.0229782895826135,0.0228470607222629,0.0226199237487062,0.0223369756281523,0.0223286534924221
"2008-01-15",0.0723667292545763,0.0724888710537494,0.0751071256600948,0.075481936387606,0.0755598105521639
"2008-01-16",0.0737232604786906,0.0744173351785076,0.075422445086964,0.076293436986322,0.076034439972938
"2008-01-17",0.0376622279213076,0.0381144031060348,0.038198900556923,0.0394522949440596,0.0391108454911535
"2008-01-18",0.00216365924375389,0.00229618020809193,0.00225132847214134,0.00258888001721517,0.00258016907631021
"2008-01-22",0.194997136248027,0.195146141628049,0.19582987074764,0.197349938943856,0.19667920262687
"2008-01-23",0.171969224360122,0.171952205097051,0.172593066125114,0.173504357832251,0.170754669175469
"2008-01-24",0.00411399805604683,0.00419916895407653,0.00420377471926016,0.00454202549834303,0.00427491543450996
"2008-01-25",0.000292667043752321,0.000259430665601298,0.000205151974766353,0.000144320185743315,0.000148168289307355
"2008-01-28",0.00158436542635573,0.00176546041737217,0.00185109211362446,0.00217468545521478,0.00206198394824357
"2008-01-29",0.0384632660181445,0.0374727512628236,0.0357603241942513,0.0343461490408309,0.0349698375861203
"2008-01-30",0.0281777554362143,0.0270489381215167,0.0255105005609401,0.0240689975036655,0.0244583798826525
"2008-01-31",0.0255132779718357,0.0248831010549877,0.0235585036790707,0.0225153298337802,0.0227136456689193
"2008-02-01",0.0445884897651413,0.0440103969320809,0.0433451677841587,0.0423001858860206,0.0424817662983442
"2008-02-04",0.0528663276727482,0.0527050993994489,0.0522153547160899,0.0509351773656586,0.0505007312688568
"2008-02-05",0.0111613517410249,0.0112493390233474,0.0112864992244499,0.0106772224887964,0.0104237421387205
"2008-02-06",8.47231655405092e-05,8.56322003569307e-05,0.000107770005382224,0.000146978002459895,8.46806394209461e-05
"2008-02-07",0.0562652301588502,0.0565408690167652,0.0568507290683302,0.0577683303907202,0.0570390367650463
"2008-02-08",0.00184250401693031,0.00186468803697857,0.00213522074672615,0.00222712600444542,0.00223930216003491
"2008-02-11",0.00307992816669755,0.00310401385984054,0.00319374677211257,0.00317710514974738,0.00310859557801185
"2008-02-12",0.00234436890558886,0.00232101816567942,0.00237981226457052,0.00224827341818886,0.00212741633832399
"2008-02-13",0.0136866254505533,0.0137879399022143,0.0135888852667386,0.0135717111318217,0.0133757876872012
"2008-02-14",0.0399923907472742,0.0398067777413075,0.039714773902636,0.0387304011399324,0.0382368107189739
"2008-02-15",0.0465634109830351,0.0465550180510346,0.0461534269690267,0.0454689975719985,0.0446695888178724
"2008-02-19",0.0113244908989017,0.0111806654726597,0.0119843144433614,0.0118544840061193,0.0118668331463554
"2008-02-20",0.000689269104330541,0.000657051805348481,0.000813217124715571,0.000739926001601232,0.000755166357825813
"2008-02-21",0.00165557217198332,0.00165455230161307,0.00172714508757971,0.00173881215284651,0.00169858460127432
"2008-02-22",0.000730512468272272,0.000709884441895538,0.000623523583616744,0.000683112417334683,0.00077825242494483
"2008-02-25",0.00615347298554055,0.00617936175487077,0.00577054538052657,0.00600001170708363,0.0061718235711545
"2008-02-26",0.00276708409554743,0.00274879519998686,0.00250173575574219,0.00267230260442474,0.00265467358497314
"2008-02-27",0.000125209665488294,0.000131908278134328,0.000118427147877332,0.000162138845269257,0.000142393027986408
"2008-02-28",0.00183411886739845,0.00184781123486985,0.00196859244212633,0.00188781989515357,0.00191018351127218
"2008-02-29",0.000721090963965875,0.000706940777259237,0.000705744474854538,0.000726145194163442,0.000699640201820661
"2008-03-03",0.00208332021862162,0.00210203945910288,0.00213086104819647,0.00225252434021078,0.00230181648965065
"2008-03-04",0.0364417954103255,0.0364375827192205,0.035895006889302,0.0363316587201947,0.0363367951155324
"2008-03-05",0.000187299186690911,0.000196058041847289,0.000224903942385941,0.000190789155154828,0.000210445750758429
"2008-03-06",0.00224341978996321,0.00223305899663505,0.00240305736927201,0.00229811826727165,0.00221975080463961
"2008-03-07",0.00299432278961808,0.00297555944286034,0.00332767132435032,0.0033876187819898,0.00339045583328393
"2008-03-10",0.000233364071665827,0.000235350129825533,9.08975522213698e-05,0.000100324536716748,0.000125461080455534
"2008-03-11",0.00695894203090008,0.00700828475865702,0.0067042130814651,0.00646839999665225,0.0064945064454752
"2008-03-12",0.00386968182513323,0.00387185891236849,0.00379291005175849,0.00346575312740339,0.00346978688563506
"2008-03-13",0.000479638220970795,0.000483988701959909,0.000546707358244403,0.000624835887134367,0.000645961994920293
"2008-03-14",0.0173019643732482,0.0174626311225401,0.0180104438959203,0.0187840438827212,0.0187832857181118
"2008-03-17",0.00462244331227523,0.00459851631804431,0.0049252364438039,0.00540985626059263,0.00546547153733337
"2008-03-18",0.00362876828859411,0.00354394885822612,0.00307763503442039,0.00272541278125885,0.00274072950610063
"2008-03-19",0.00262047900303616,0.00259325694575847,0.00240336123874018,0.00215960081881547,0.00221357549103761
"2008-03-20",0.0261352062913873,0.0256603069100098,0.0218585959270499,0.0211359144657692,0.0208720539592372
"2008-03-24",0.0378609588924869,0.0370513121101232,0.0337271352488785,0.0321650641907421,0.0322033491766654
"2008-03-25",0.0271653725845505,0.0266378968114056,0.0254302675107668,0.0238397760334481,0.0242648542477052
"2008-03-26",0.0121466624478366,0.0120798424507256,0.0105537361111369,0.00957088347676703,0.00950585015226811
"2008-03-27",0.00594277684363116,0.00587843377130019,0.00535663855779326,0.00479638095671491,0.00473832835445323
"2008-03-28",0.00993828914515968,0.00982658584545793,0.00942268190999345,0.00887943031799582,0.00897370735604268
"2008-03-31",0.00431259416139202,0.00432485892527503,0.00420898428433068,0.00382210407139453,0.00380009704294003
"2008-04-01",0.00982678431627538,0.00982008371441239,0.00969709557705299,0.00934172988518246,0.00923746392606471
"2008-04-02",0.00260831107836068,0.00264551599243891,0.00245076431436753,0.00236568404205199,0.00225429959759704
"2008-04-03",0.00326809430812155,0.00330257064881707,0.00332699667210966,0.00306326467813774,0.00297550443801712
"2008-04-04",0.00188497239063434,0.00190514486359359,0.00223133185122066,0.00200260110482099,0.0018644644566847
"2008-04-07",0.00223027460635732,0.00228739206966585,0.00250415779852822,0.00237180935457106,0.00234321999834783
"2008-04-08",0.00122203525899487,0.00123438700377486,0.00114472526557853,0.00108356347515148,0.0010679156130954
"2008-04-09",0.00144577359867723,0.0014529037180918,0.00142790286446821,0.00128505889966669,0.00125962150976291
"2008-04-10",0.00426892156262866,0.0043366908672125,0.00421558805750382,0.00400610689357975,0.00379576042287343
"2008-04-11",0.00162932675464876,0.00166135036150029,0.00159636866436359,0.00152862286695215,0.00148270602747235
"2008-04-14",0.000241994291537543,0.000233733441749947,0.000236332457166113,0.000199867379379134,0.000232556329027317
"2008-04-15",0.0016543580376277,0.00170668095089495,0.00166260212575389,0.00174575427551733,0.00167936774458198
"2008-04-16",0.00809377940391845,0.00807376180667539,0.00817551776602962,0.00841642839758713,0.00894941821723928
"2008-04-17",0.00322331355370304,0.00320483136694324,0.00308729895737402,0.0031645574666668,0.00317615570201486
"2008-04-18",0.00871497905763441,0.00871309220939263,0.00888896789780043,0.00897137725396899,0.00886062882728694
"2008-04-21",0.00964291415118951,0.00966982941718744,0.0100241616808205,0.010068746351018,0.00988143017695253
"2008-04-22",0.000645445135869408,0.000630096502984359,0.000478181213608109,0.000513830201408485,0.000554207363922054
"2008-04-23",0.000121567595044395,0.000114172839346889,0.00018499334777442,0.000161162238525094,0.000158997307426259
"2008-04-24",0.0189558097805142,0.0189408632739458,0.0186493678867446,0.0191376937786091,0.0193279718286276
"2008-04-25",0.00162875460236442,0.0016699524196393,0.00161649394268677,0.00169071331168109,0.00175311437260878
"2008-04-28",0.000185189495121995,0.000170872767727464,0.00019939396197145,0.000233857026071531,0.000214340267285608
"2008-04-29",0.00491587318326645,0.00490927712775475,0.00488839814063443,0.00492525867016317,0.00501216587636122
"2008-04-30",0.00018257931839397,0.000184698707000055,0.000205723798145398,0.000190383269657452,0.00013180202977604
"2008-05-01",0.00997628988703609,0.00987070261374744,0.0095959851502986,0.00956195403691798,0.00963814236596573
"2008-05-02",0.000130972676985595,0.000130101847412876,9.29809476421699e-05,6.73521161161625e-05,5.58324971005094e-05
"2008-05-05",0.0018867617644152,0.00190006918154378,0.00196544548833834,0.00193258493391065,0.00192691683077103
"2008-05-06",0.00162279571135689,0.00165749308186572,0.00168990295254139,0.00169707021478383,0.00169771828792164
"2008-05-07",0.000264877191145065,0.000252669029784011,0.000266163882452192,0.000265901430198579,0.000247111459775777
"2008-05-08",0.00152982450778669,0.0015402577382179,0.00149895955531541,0.00146440071826427,0.00138291077591343
"2008-05-09",0.00721791742656827,0.00723047286685728,0.00722877512816234,0.00716441117014462,0.00704852547777519
"2008-05-12",0.00699725436734502,0.00700815543032678,0.00714994179565633,0.00708709293570852,0.00690507573269366
"2008-05-13",0.00541681624804603,0.00545970944226317,0.00541994623355645,0.00541342562437667,0.00531448714300425
"2008-05-14",0.00190403160531744,0.0019441204547633,0.00204426852441176,0.00197050554553346,0.00191023493412691
"2008-05-15",3.51630467523944e-05,3.39385029194202e-05,2.09770045997407e-05,3.02664200703482e-05,3.628521898673e-05
"2008-05-16",0.00334074877466985,0.00336376329950772,0.00352408373733126,0.00338065705802171,0.00338436214032793
"2008-05-19",0.00190228101645084,0.00187011307365732,0.00179824168893952,0.00188832365421386,0.00197904347062277
"2008-05-20",0.00333525734368117,0.00333104118575061,0.00321007223183708,0.00331287628578368,0.00341485952513001
"2008-05-21",0.0190124279523105,0.0189569363130724,0.0188804412245598,0.0187352466629903,0.0189506324622219
"2008-05-22",0.0227985331110236,0.0229676310070406,0.0228427746786266,0.0228035736682158,0.0230001987964319
"2008-05-23",0.00274974543350583,0.00274508554879625,0.0027396139967064,0.0027512407913827,0.00281889857404525
"2008-05-27",0.00280060481779508,0.00278158238172915,0.00281708785744651,0.00285469165811643,0.0028811222394349
"2008-05-28",0.00362908976242568,0.003672951193782,0.00372322621723042,0.00378230922514508,0.003818446690635
"2008-05-29",0.00953037242463111,0.00954797907869997,0.00948787663237654,0.00952857119304279,0.00980162034973571
"2008-05-30",0.0415056035045047,0.0418599214514635,0.042352497140707,0.0423571552377126,0.0426562194481743
"2008-06-02",0.009841304711489,0.00996283471996946,0.0100781952050734,0.0100408476748389,0.00995227795086958
"2008-06-03",0.000596524601029195,0.000586272987455731,0.00059712358855994,0.000518764124447836,0.000516466557611056
"2008-06-04",4.68526434033561e-05,4.54668010804725e-05,5.49479485007601e-05,4.49051507545494e-05,4.30019332401511e-05
"2008-06-05",0.00793862897442394,0.00794735551486269,0.007904713506238,0.00769058089802769,0.00769899686163717
"2008-06-06",0.00115904452522406,0.00117358455898855,0.00110546390292422,0.00113204827435739,0.00104936230349975
"2008-06-09",0.111364919525344,0.111189082900376,0.11111153825375,0.111571763026162,0.111793587198287
"2008-06-10",0.00184874870160293,0.00186446213809327,0.00190095814782215,0.00200639670513921,0.00199841330022207
"2008-06-11",0.00162773975640373,0.00163236808138779,0.00169156008863486,0.00183446226861892,0.0018257722972099
"2008-06-12",0.0339464986230149,0.0339213701662746,0.0337921192039877,0.0340942730792188,0.0338970279439439
"2008-06-13",0.0835715036948666,0.0840991163805785,0.0840366591075667,0.0843505822182078,0.0842332358250591
"2008-06-16",2.42181118306115e-05,2.81820122839508e-05,2.28456918600591e-05,2.26089742451384e-05,2.51188781764679e-05
"2008-06-17",0.00264590614945609,0.0026128812770181,0.00256259552626451,0.00243602693648782,0.00243268699753253
"2008-06-18",0.00206308361373662,0.00194907103385338,0.00200230896447865,0.00189975038287996,0.00189233165547653
"2008-06-19",0.00480463648647652,0.0048444124525738,0.00483737251809734,0.00464473824002034,0.00483434749573879
"2008-06-20",0.0175147364790033,0.0176819994970831,0.0177237958678752,0.0175808020408616,0.0177121393458912
"2008-06-23",0.00264106249847001,0.00266052588054586,0.0027263870033083,0.00262797664009891,0.00259362257285412
"2008-06-24",0.000364952868218791,0.000386203852285824,0.000412524336878442,0.000367607502481969,0.000323609218044221
"2008-06-25",0.00250407087646815,0.00251979751876273,0.00244781828159427,0.00223506714763442,0.00232059738249042
"2008-06-26",5.84949650106876e-05,6.48183300364222e-05,7.78265919426985e-05,0.000113955175464334,0.000111157639849216
"2008-06-27",0.0064740574114721,0.0064898589752259,0.00649124962433209,0.00683054678285233,0.00677936737286919
"2008-06-30",0.000444841092422568,0.000415411903580457,0.00040939182137709,0.000464459980505609,0.000471150788663807
"2008-07-01",0.00524845555583827,0.00527705018560494,0.00520202939243382,0.00540146195413826,0.00546134125771693
"2008-07-02",0.00482981243059067,0.00498888942764592,0.00493272727456994,0.00504726277415007,0.0049699573598887
"2008-07-03",0.0271513808519983,0.0275656168609896,0.0275707706916925,0.0277569990718868,0.0276599152276846
"2008-07-07",0.000265586364605013,0.000238978193858959,0.000229039558228648,0.000205118111130677,0.00020584886607131
"2008-07-08",0.000165162889347341,0.000168368498573766,0.00016877851859637,0.00012537725141475,0.000129963242380134
"2008-07-09",0.00311357307906729,0.00306387371372403,0.00292052722210208,0.00265479566360363,0.00268073942260258
"2008-07-10",0.00240383220733056,0.00241444316670171,0.00232619588819951,0.00250866457735486,0.00246616104269437
"2008-07-11",0.00767687290977108,0.00798118009749415,0.00827203240721339,0.00870829973444765,0.00853540149329652
"2008-07-14",7.17241010197084e-05,9.0677603971436e-05,0.000131893802094985,0.000192434080712837,0.000180988037550395
"2008-07-15",0.0217707121181748,0.0220445273381418,0.0225004231470103,0.0233820141020013,0.0233314720801532
"2008-07-16",0.000152696824632478,0.000163819043790224,0.000177338288451468,0.000262921584679146,0.000226130222388096
"2008-07-17",0.00595406812129177,0.00582660416259813,0.00577346623579016,0.0051447491010418,0.00520645889449349
"2008-07-18",0.0232026575698356,0.0228046437367116,0.0230684237878188,0.0216497612025323,0.0218205556765162
"2008-07-21",0.0027561498462839,0.00254836020749332,0.0025689094998316,0.00224495974242059,0.0022650081603527
"2008-07-22",0.00350045118474605,0.00376264314443181,0.0038255246485373,0.00433270676688264,0.00429594497279592
"2008-07-23",0.00105962517336429,0.000955815766714458,0.000985602140221535,0.000676053492689993,0.000704722706020885
"2008-07-24",0.000370910640469503,0.000323675275347872,0.0003602847899634,0.000204010003109924,0.000199469402632979
"2008-07-25",0.0018490074999335,0.00159164629824918,0.00173302016391899,0.00153837941514713,0.00143493411129844
"2008-07-28",0.00347900553773617,0.00327617566452413,0.0035101192347591,0.00332501170874024,0.00317350326497971
"2008-07-29",0.00705787641037999,0.00698937863449318,0.00717212024751709,0.00650078897765371,0.00647946161350972
"2008-07-30",0.00664165306662641,0.00654087702562767,0.00661154135685997,0.00589097484945964,0.00599645631972765
"2008-07-31",0.00264570586129323,0.00262290871241585,0.00258961125506326,0.00225254038006387,0.00227913267459839
"2008-08-01",0.000781066572247981,0.000835024140023825,0.000824141279649728,0.000558107167601575,0.000606921882314579
"2008-08-04",0.000358230068116685,0.000380588943330223,0.000205635076814583,0.000121778803127132,0.000113956441388279
"2008-08-05",0.00830162039480981,0.00840625657237788,0.0076693392281949,0.00714366190571929,0.00687327563402104
"2008-08-06",0.00247135872761144,0.00249613224291632,0.00217650027908797,0.00188946771119591,0.00188415126778669
"2008-08-07",0.00424592905186013,0.00420610078046697,0.0041766639587637,0.0038683450246575,0.00381713197478686
"2008-08-08",0.0140279336154235,0.013841406631258,0.0138243020599995,0.0136366992730395,0.0136018312341799
"2008-08-11",0.00258456309982049,0.00262914634506354,0.00266887816077384,0.00258062587378091,0.00254569710552073
"2008-08-12",0.00218757437862309,0.00219650830745787,0.00221205979004152,0.00218454322708784,0.00225192225800119
"2008-08-13",0.000569351263555374,0.000593367086111199,0.000632001619185214,0.000610535106423975,0.000687480315281744
"2008-08-14",0.00550552422566796,0.00554110874712066,0.00553020238479212,0.00536313548558034,0.00560152114040894
"2008-08-15",0.00257345827708499,0.0025927309990126,0.00258149498156349,0.00238193356250429,0.00244943527089016
"2008-08-18",0.00262677988842708,0.00266494218703219,0.00272431221764972,0.00257658783846019,0.00259631557309124
"2008-08-19",0.00179023321029501,0.001821348943202,0.00183636980398343,0.00170635283152987,0.00173335892464612
"2008-08-20",0.00313902521529028,0.003154583658044,0.00316892316180763,0.00302136917227061,0.00286884325637637
"2008-08-21",0.00202039209908416,0.00201507487137019,0.00208888117777907,0.00194263823716232,0.00196096661640488
"2008-08-22",0.0106663244299041,0.0106762846811886,0.0106553049446329,0.0104640059291706,0.0104857504072195
"2008-08-25",0.00517014058588759,0.00517498929334999,0.00520862235387946,0.00501175323377246,0.00506490697163277
"2008-08-26",0.00816898290410639,0.00817633882151328,0.00825934980608701,0.00826265073189584,0.00816880517534184
"2008-08-27",0.0067311121222498,0.00670885468580594,0.00683576535413363,0.00652646889080689,0.00658014001000789
"2008-08-28",0.00724396530778675,0.00723375695885182,0.00724688840251597,0.00706467445252221,0.00719115802353603
"2008-08-29",0.000992704486478216,0.000991660496179675,0.000959263487850011,0.000926864189028825,0.000947975076916062
"2008-09-02",0.00668394245949318,0.00668641084815213,0.00673612884202957,0.00663409069834782,0.00661878742575114
"2008-09-03",0.00729465099582072,0.0073145498917219,0.00714489362136951,0.00713076155007837,0.00719641379865814
"2008-09-04",0.0106816393823452,0.0106839883292661,0.0105834559837777,0.0103248465925648,0.0103404704215499
"2008-09-05",0.0509553225562144,0.0509117140920569,0.0504936715726957,0.0500648381744213,0.0499179406979271
"2008-09-08",0.131634143573986,0.131505388553823,0.131301288558589,0.131058572435908,0.130273724946524
"2008-09-09",0.117341722298151,0.117414249149342,0.116938030895297,0.117370030477582,0.116687349244521
"2008-09-10",0.052417015972762,0.052456523783316,0.0524735053391281,0.052713625542122,0.0522139074449703
"2008-09-11",0.0184158790896724,0.0184303120430304,0.018883747065606,0.0191942854941639,0.0189691707965487
"2008-09-12",0.00820295534262425,0.00822817157396348,0.00854219589699933,0.00865164602167411,0.00851678772068601
"2008-09-15",0.0198560858116669,0.0198752875452449,0.0205086300121598,0.0210796669280531,0.0205696408318135
"2008-09-16",0.105075248591747,0.105020228678574,0.106861167904332,0.108851246386175,0.108499956031148
"2008-09-17",0.0592551955546916,0.0592473150963739,0.0597508909764933,0.0617891929687425,0.0616329773300981
"2008-09-18",0.235281050452176,0.235401344757313,0.236662698616831,0.240811603274408,0.240027811325463
"2008-09-19",0.0412775460132088,0.0413139435502344,0.0417010246218896,0.0431490458976257,0.0429983466185433
"2008-09-22",0.000876148815066824,0.000888448067581012,0.00101504193310845,0.00152997859462574,0.00162866792629794
"2008-09-23",0.00936557231675577,0.0094364627144375,0.0116698088989046,0.0130232528071185,0.0128085524764961
"2008-09-24",0.00100617109150056,0.00102692356218741,0.00148215696379981,0.00212070277307241,0.00202868800592543
"2008-09-25",0.0370919227604914,0.0369576102907181,0.0331788379096556,0.0299927475542236,0.0304520309218082
"2008-09-26",0.000210604187659151,0.000209351637363506,2.59516757509172e-06,0.000129997311379813,0.000115597235551726
"2008-09-29",1.37286077807191,1.3730197576429,1.39872638415523,1.41349903662436,1.41400949166318
"2008-09-30",0.00755269675583208,0.00753934022030541,0.00858311409629451,0.0088390546134164,0.00884074927480012
"2008-10-01",0.00576483737574193,0.00576421956173298,0.00656580464361105,0.00708676197858107,0.00752024291224768
"2008-10-02",0.0792444291444881,0.0792450371544022,0.0804661462157812,0.0822751754844344,0.0823298664023161
"2008-10-03",1.37425407848334,1.37420272915887,1.38657198983126,1.39804579266284,1.40049259825698
"2008-10-06",0.110548969717181,0.110463042663787,0.115846283321102,0.122636979307746,0.121594370851743
"2008-10-07",0.183576629244497,0.182093548487961,0.186002083007636,0.189224658552532,0.188976892771693
"2008-10-08",0.529350465565889,0.528405665804056,0.533867373917857,0.534515234092444,0.533397309287706
"2008-10-09",0.131682674369342,0.131655168818109,0.133744083260686,0.136008888869834,0.135360190428654
"2008-10-10",0.520308653619315,0.520279158855959,0.527376218018769,0.532565960364743,0.532889075167233
"2008-10-13",0.0823629790934915,0.0829316729256765,0.0756250467966208,0.0700904505435532,0.0711788535104509
"2008-10-14",0.0102970194209676,0.0100621158430084,0.0125146466166944,0.0151704098908051,0.0148362074786009
"2008-10-15",0.0267138119560552,0.0272266095700415,0.0218628682009575,0.01743115354913,0.0180323685397877
"2008-10-16",0.0869350086905184,0.0857093409298739,0.0924503062676018,0.0985986174463791,0.0982086637027941
"2008-10-17",0.0661346168689196,0.0684915332953637,0.0538273185229049,0.0439816238180909,0.0458709058151916
"2008-10-20",0.0073711579844413,0.00750267662257969,0.00502004064938622,0.00346598487972512,0.00363514440517603
"2008-10-21",0.0683305134548497,0.0695892108291611,0.0632574811905357,0.0520560993592366,0.0524269326602477
"2008-10-22",0.00057813962719418,0.000592831921924454,0.000119074399224956,0.000194015062759298,0.00021395923603893
"2008-10-23",0.00247895752520738,0.00245092780512675,0.00462300783028485,0.00867139361421049,0.0083241247658004
"2008-10-24",0.0606244271340294,0.0602171629275248,0.0698233992514378,0.079959329481979,0.0798017542887906
"2008-10-27",0.0153712997899104,0.0154084952771573,0.0108299482391439,0.00850892992207069,0.00835681736403824
"2008-10-28",0.00465493799620061,0.00469205545453419,0.00272433256432449,0.00126952901219178,0.00121807535737253
"2008-10-29",0.00347911328038071,0.00342805107048324,0.00586017473332593,0.00757206353891948,0.00738661674475932
"2008-10-30",0.0649357247771697,0.0653452583653352,0.0538637088861475,0.0463218344076984,0.0465563680317502
"2008-10-31",0.104323866065018,0.104913229956609,0.0888302987210056,0.0792651868039894,0.0805093732256673
"2008-11-03",0.129720239187801,0.13024503137827,0.117653677877825,0.10668614593412,0.107587651546612
"2008-11-04",0.07705470452712,0.077379990444442,0.0714080358178815,0.0627792137342179,0.0636723033291622
"2008-11-05",0.095180890894506,0.0953956695850752,0.0894676893323512,0.0768877570381221,0.0778761026847066
"2008-11-06",0.0095079182867695,0.00963699525177314,0.0084655159913672,0.00426444035372658,0.00444483803494898
"2008-11-07",0.01377403431578,0.0138027083320734,0.0123423795628556,0.00908381372857992,0.00931375230469785
"2008-11-10",0.00337903904765669,0.00334631379728089,0.003115200102667,0.00292738408607082,0.002982894895379
"2008-11-11",1.84440864407116e-05,1.96024090720436e-05,5.58914571489582e-05,9.63896625686189e-05,9.65415119355045e-05
"2008-11-12",0.00556601727244386,0.00560172237139358,0.00553930815421217,0.00475462601965653,0.00487787637795228
"2008-11-13",0.0481105250337256,0.0478274062836374,0.0487943378036473,0.0527756916516418,0.0521904670338528
"2008-11-14",0.0012857214417985,0.00125865224559087,0.00158013103431391,0.00232983338524641,0.00232123518925027
"2008-11-17",0.000408232196536179,0.000399432497665792,0.000622348339524292,0.000957062341212697,0.000988315220826178
"2008-11-18",0.00156743744555666,0.00160891978003561,0.00130385251263736,0.000574991194385967,0.000592085443867786
"2008-11-19",0.000495517349628631,0.000478115620491739,0.000643197208521499,0.00165037178093541,0.00164244321704549
"2008-11-20",0.0332183513726286,0.032735601338175,0.0344263787402842,0.0478280891213375,0.0477530448584342
"2008-11-21",0.0147807072127063,0.0143969740120687,0.016050990042922,0.0233394047283706,0.0233040117699637
"2008-11-24",0.000608878316959326,0.000658812185160269,0.000352214488621835,1.38003641268815e-06,5.76729876838478e-06
"2008-11-25",0.0024576052606389,0.00234188524864631,0.00283384125399724,0.00530860825626799,0.00523854562624886
"2008-11-26",0.0107147456344086,0.0109425101994855,0.0101567932547462,0.00667468143996822,0.0067632625583744
"2008-11-28",0.07111306188824,0.0722867244592219,0.0679620313020643,0.0563980254174328,0.0564623961653835
"2008-12-01",0.0615805772504706,0.0631208553808973,0.0608764854449994,0.048147426889847,0.0488314990471706
"2008-12-02",0.00139053772972807,0.00145515073495059,0.00111595599110179,9.70925551592593e-05,0.000108353608158487
"2008-12-03",0.00274825307154272,0.00281028032379029,0.00216943122265389,0.000639013028909316,0.000604103303424888
"2008-12-04",0.000568849806824864,0.000619087884902174,0.000649607397774102,0.000291682516235561,0.00027457825668349
"2008-12-05",0.000367845243991263,0.000403931466379274,0.000257952181374057,0.000985006817830804,0.00106815739519679
"2008-12-08",0.00793191980366896,0.00795661287183424,0.00825048397952227,0.00611553826897325,0.00598700099799683
"2008-12-09",0.00886133758987448,0.00907609402788837,0.00956831019341727,0.00648681184523134,0.00640456443199027
"2008-12-10",0.025167118056406,0.0257420089244881,0.0255285403745475,0.0207588243022564,0.0208173999320581
"2008-12-11",0.0157534150415746,0.0160300851735698,0.0158812264852306,0.0128398361509743,0.0129002538708715
"2008-12-12",0.000656862569801556,0.000731032208234689,0.000549145505361577,0.000249092027130897,0.000292188881842937
"2008-12-15",0.0203901783893267,0.0205169175260716,0.0205108493402098,0.0189122501127945,0.019175885333259
"2008-12-16",0.00913919006600492,0.0092596230524804,0.00969437238492793,0.00865281045264383,0.00889216286681625
"2008-12-17",0.0196251482635269,0.0198271236564761,0.0210261148466693,0.0186761966520889,0.0187621272989102
"2008-12-18",0.0334402327840971,0.0336156028857847,0.035048641459842,0.0335642343964588,0.0335936655075953
"2008-12-19",0.0689262483238591,0.0696223641902188,0.0698639815452387,0.0644078745223576,0.0643997908334636
"2008-12-22",0.0224579762369236,0.0228232861404682,0.0233674907112448,0.0217661562718075,0.0214242894144136
"2008-12-23",0.0298321400109686,0.0301730180383732,0.030324243128237,0.027133374272144,0.0270428405453383
"2008-12-24",0.0275489121632788,0.0276224627731846,0.0275311585502727,0.0258342626420449,0.0257689091843376
"2008-12-26",0.0549101912026234,0.0548430264786769,0.0553484687567469,0.052809042329268,0.0524565434428637
"2008-12-29",0.0261458561024926,0.0261296333408359,0.0253208151903521,0.0235542328725831,0.0235306191970204
"2008-12-30",0.00023207446864894,0.000234007534186316,0.000291566753067288,0.000327978178359648,0.000318392753909824
"2008-12-31",0.0287535704720409,0.028525194352904,0.02749058768142,0.0279299177859627,0.0279456747804444
"2009-01-02",0.012302950578881,0.0120884097424283,0.0117655862649866,0.0164236647301643,0.0158238904603546
"2009-01-05",0.00244581743317199,0.00259330196968415,0.00213627170604305,0.00131309754985692,0.00129927074726486
"2009-01-06",0.0125091491246115,0.0125766257814484,0.01141770393711,0.0106286620734791,0.0107661736252691
"2009-01-07",0.00197459580282572,0.00188560522522893,0.00219839921560799,0.0026851796114549,0.00267425995317315
"2009-01-08",0.00247335944744635,0.00248414943868909,0.00224842662830577,0.00194738859476453,0.00198222702577699
"2009-01-09",0.00017533398535681,0.000196877081089895,0.000157765742467097,0.000179942053835389,0.000178524783679037
"2009-01-12",0.00249503549092997,0.00241704232845521,0.00212187397339294,0.00203144029849325,0.00206217605462738
"2009-01-13",4.71741115329126e-06,7.60435674906838e-06,1.73500814495647e-05,1.4742271838154e-05,1.61551983089054e-05
"2009-01-14",0.00172159209388822,0.00171487934177625,0.00176945359121697,0.00184040944875358,0.00181942367067879
"2009-01-15",0.0099259561484543,0.00994262300683475,0.00934054118909347,0.00904943035482609,0.00905201710379022
"2009-01-16",0.00700463766669202,0.0069913116704119,0.00680696867454296,0.00664057262607668,0.00664927036775264
"2009-01-20",0.00812490522263712,0.00831610764746393,0.00858818038573869,0.00854322576208031,0.00856598589550092
"2009-01-21",8.63840473057529e-07,5.26938938502457e-07,1.08448562843616e-06,1.7139675659661e-05,1.85032836600489e-05
"2009-01-22",0.0199181246004956,0.0198152285901695,0.0197592849728417,0.020473433350064,0.0205760731811492
"2009-01-23",1.6340270278495e-05,2.14235724983791e-05,1.85743583453055e-05,4.55794220136278e-06,4.54862530906678e-06
"2009-01-26",0.0152796882052213,0.0153994585788298,0.0154602529247041,0.0142012879603797,0.0142933934395066
"2009-01-27",0.0442267559322588,0.044649011300346,0.0435876845463123,0.0402887378736287,0.0402806923243277
"2009-01-28",0.023386413833005,0.0235194897802128,0.0236866460533684,0.0215926767035289,0.021892161604062
"2009-01-29",0.0488354734531216,0.0493070367230446,0.0481725741060144,0.0457308255640785,0.0459379338517414
"2009-01-30",0.0342338563883289,0.0345363736489624,0.0340752511145188,0.030355224724182,0.0304494408159803
"2009-02-02",0.00800744494193662,0.00797667477724407,0.00721431424465627,0.00582815211145923,0.00578872336265854
"2009-02-03",0.00314556230011928,0.00319079449061844,0.00297879755981695,0.00222653900788066,0.00222397507818221
"2009-02-04",0.00425427925135389,0.00431498485771786,0.00449526626988815,0.00380268474031361,0.00386937230837553
"2009-02-05",0.000723915712103461,0.000744597349487823,0.0008210204829334,0.000752950825407772,0.000784242308753161
"2009-02-06",0.00978832855843641,0.0100061912803487,0.0105093457752755,0.00974566604130055,0.0096245380268735
"2009-02-09",0.00704468698455092,0.00706508013795343,0.00750142549884891,0.00700262993619432,0.00695556920494428
"2009-02-10",0.0078593698826513,0.0079250095817694,0.00763831775935428,0.00829399004487962,0.00831815167968569
"2009-02-11",0.00183055582340145,0.00181265194014107,0.00172363320314112,0.00195173237965761,0.00208434223836466
"2009-02-12",0.00340699898819896,0.00341197656829249,0.00354239846569217,0.00435470733278243,0.00440177848269172
"2009-02-13",0.000631811709620205,0.000624696656522394,0.00060914171571335,0.000371772887548182,0.000372046835181988
"2009-02-17",0.0024734793616592,0.00249277394532621,0.00235025968184959,0.00240889880025624,0.00247918863463778
"2009-02-18",2.48975279711128e-06,1.01516587427723e-06,1.54017039147137e-07,1.63913352892413e-05,1.57118489356389e-05
"2009-02-19",0.00215362604954693,0.00205681725115957,0.00210636828022487,0.00185149886105109,0.00188769292777149
"2009-02-20",4.26835316810117e-05,4.52554990578526e-05,4.6589770642317e-05,1.63299022545571e-05,1.89106353397272e-05
"2009-02-23",0.000777705453767391,0.000758562220460132,0.00063825995437107,0.000853695462875065,0.000847179927263903
"2009-02-24",9.3235888779289e-06,1.35201454777618e-05,2.29628191707936e-05,6.37110251646692e-06,7.10776534408233e-06
"2009-02-25",0.00332140415266887,0.00329283173999576,0.00300192963851752,0.00375882742715569,0.00376414904473929
"2009-02-26",0.000529553536389507,0.000534762670502165,0.000490999443766525,0.000839429468383206,0.000895845281096692
"2009-02-27",0.00715779599336368,0.00711379618660562,0.00703845446981275,0.00831033609247343,0.00833985729422972
"2009-03-02",0.00224140751978017,0.00220857969466162,0.00210910390470719,0.00273909826951891,0.00278409025170889
"2009-03-03",0.00542274829646273,0.00540551852908915,0.00538741061479009,0.00658905226719181,0.00660389668335263
"2009-03-04",0.00294062431191271,0.00295943919966745,0.00296661468895088,0.00196340348281909,0.00198966271086652
"2009-03-05",0.00085382136417899,0.000841184769692729,0.000908046300206487,0.00162036752686412,0.00165199499960974
"2009-03-06",0.0100955076854841,0.00997563972961713,0.0105772489354307,0.0122197354158624,0.0122360985631578
"2009-03-09",0.00369812068114484,0.00365415131458971,0.00382565847355053,0.0047973237521573,0.0048099921004019
"2009-03-10",0.00368963697319997,0.00373802502747399,0.00360938999808577,0.00309212459379021,0.00310690526879223
"2009-03-11",0.000710755369753115,0.000730361287284837,0.000748533195596656,0.000401517095728203,0.000400838954421047
"2009-03-12",0.00193207482849699,0.00198118248953715,0.00201489075437764,0.00165881554415468,0.00164651975783191
"2009-03-13",0.0143725050681562,0.0144303443292225,0.0143341411491707,0.0130733041288943,0.01293790171989
"2009-03-16",0.00523615478069341,0.00525854583048962,0.00569779974459042,0.00473275349799224,0.00469259254055944
"2009-03-17",0.00720633734358139,0.0072444171509138,0.00743880155304729,0.00642549574846939,0.0063982546893821
"2009-03-18",0.000887256337567677,0.000886472796274105,0.000941029597582317,0.00177982607467855,0.00180390695904817
"2009-03-19",0.000919821657477881,0.000934998251208962,0.000829767221742602,0.000367270849085254,0.000366592637125934
"2009-03-20",0.0190025167498704,0.0190016579764961,0.0192653229132793,0.0169088744059217,0.0169457375040627
"2009-03-23",0.00785111781470261,0.00778812378874026,0.00796792734388291,0.00612667454729981,0.00608987498414078
"2009-03-24",0.00105280035079179,0.00103329242876326,0.00105616333201654,0.000631888637795001,0.000636685847786634
"2009-03-25",0.00171876046126653,0.00174755084568898,0.00167127288984153,0.0012585208179514,0.00129622035338248
"2009-03-26",0.00922201664578394,0.00922716076412166,0.00908997583476455,0.00761097764155147,0.00757431122698807
"2009-03-27",0.00634821437496367,0.00629993551488641,0.0060867440398839,0.00527598879792485,0.00516591876795631
"2009-03-30",0.00590353177965214,0.00585459107720368,0.00561116585890529,0.00487969809686965,0.00481500232937416
"2009-03-31",0.0151683309017493,0.015078520700657,0.0151886386803451,0.0131793342572894,0.0132173484579814
"2009-04-01",0.0167771763449099,0.016882065086993,0.0168353599835932,0.0153459441790677,0.0153311279837495
"2009-04-02",0.00439984763891635,0.004456092534284,0.00436117672160785,0.0040247986861959,0.00399995895394302
"2009-04-03",0.00740935276375881,0.00738921438113902,0.00718870776372122,0.00714547427524594,0.00720084448604186
"2009-04-06",0.00170551956551541,0.00168185697578505,0.00165676478635133,0.00174971280796839,0.00176400026500256
"2009-04-07",0.00650638378364935,0.00645464470673095,0.0064271702358545,0.00636541756671482,0.00643297357289839
"2009-04-08",0.00545014385969726,0.00546380839704204,0.00528555613346793,0.00507238592605807,0.00507701424972833
"2009-04-09",0.0220543405830597,0.0220534732712631,0.0218377059901894,0.0218998230314974,0.0220677893949716
"2009-04-13",0.00734626250754812,0.00737681397776454,0.00714754330955365,0.00729385027567273,0.00741209720251938
"2009-04-14",0.00687756286948735,0.00687858684596075,0.00698694979578431,0.00717207829469962,0.00731868351762147
"2009-04-15",0.00215119401672606,0.00215757286731471,0.00221841933322554,0.00225035865467723,0.00228854424675899
"2009-04-16",0.00429372039241971,0.00428289471659506,0.00417164691572893,0.00431185368159491,0.00432126487595395
"2009-04-17",0.000700365991040202,0.000705472970117995,0.000706938901735868,0.000639635716062191,0.000660730052275537
"2009-04-20",0.000392559941846474,0.000392635657739279,0.000423469930175071,0.000363905920153756,0.000421856123118021
"2009-04-21",1.33356247381794e-05,1.67277845902312e-05,2.29600866466822e-05,1.57656993659206e-06,1.59277416053568e-06
"2009-04-22",3.36912163305899e-05,3.42808496715437e-05,2.99456526313594e-05,0.000114595351053732,0.000119543022614431
"2009-04-23",0.0176201291990146,0.0176158845272484,0.0175882280988862,0.0184643416954171,0.018555110082982
"2009-04-24",0.00172219380861851,0.00170470775327771,0.00185442595761003,0.00210524198961151,0.00212612093029113
"2009-04-27",0.000403947333740296,0.00042095014294852,0.000423743487875436,0.000312097388636546,0.00030366650545914
"2009-04-28",0.00239612618971373,0.00237239588872307,0.00233338959217169,0.00175763860431753,0.00170366412938485
"2009-04-29",0.00235099547971978,0.00230818697003385,0.00219338389412941,0.001567916237114,0.00158553624982505
"2009-04-30",0.0119781328316112,0.0117758975259463,0.0116712473403686,0.0105716986302666,0.0105912723422822
"2009-05-01",0.0196474066348699,0.0189860551324506,0.0179287926984301,0.0168131792914307,0.0167246289573809
"2009-05-04",0.0165548842631535,0.0162480931586206,0.0161799314330736,0.0161064241314891,0.0161083822164445
"2009-05-05",0.0107778543148166,0.0107060222631999,0.0110300130109253,0.0110159027991295,0.0110221236762522
"2009-05-06",0.00101715668933333,0.00103413661203509,0.0011084953523022,0.00126970964462381,0.00126768050462792
"2009-05-07",0.00036241688221946,0.000349811295340894,0.000261722536038058,0.000260734914764364,0.000259286680245776
"2009-05-08",0.00720618953501778,0.00715647964697785,0.00690850067519766,0.00730986430643391,0.00732171939587007
"2009-05-11",4.28590789583377e-05,3.78368625531267e-05,3.95438246737039e-05,6.54048822952714e-05,6.57771205198826e-05
"2009-05-12",0.00291250949118767,0.00288873004717616,0.00278486043254297,0.00298644724593458,0.00299075573160738
"2009-05-13",4.28227708224648e-05,4.38296240376891e-05,3.69727729599335e-05,0.000133915772095838,0.000134493858686237
"2009-05-14",0.000959703130127244,0.000963447438695249,0.000943808780083,0.000569197400282628,0.000567092975286193
"2009-05-15",0.00458227630022025,0.00469510547804175,0.00445121772544039,0.00395271620499831,0.00394891852480802
"2009-05-18",9.94215783708654e-05,0.00010042631167567,0.00013325938344429,8.00133957639379e-05,8.11796569709076e-05
"2009-05-19",0.0052666388464661,0.0055347263687163,0.00501320737935517,0.0048902562170876,0.00488532797339773
"2009-05-20",2.63886867388916e-05,2.41693718159457e-05,1.97769813750855e-05,1.40107181900124e-05,1.40762033178646e-05
"2009-05-21",8.47643506018685e-05,9.01383782534425e-05,0.00010158271138733,7.32486042917523e-05,7.29198908451763e-05
"2009-05-22",0.00111841102908947,0.00111677181699071,0.00111466953382928,0.00115333872901295,0.00115332282908135
"2009-05-26",0.00238806827538083,0.00242301181292966,0.00254739046127342,0.00294206642706144,0.00293412008890287
"2009-05-27",0.000144219047369954,0.000163307927899488,0.00017040113390305,0.000205905985213883,0.000200989491015463
"2009-05-28",0.00115678017729738,0.00115987692009895,0.00124862786738228,0.00114329771814992,0.00113954885638217
"2009-05-29",0.013979378740769,0.0140794319901248,0.0139731327059632,0.0139668420393625,0.0139721709001363
"2009-06-01",0.0101562545918776,0.0101990718470897,0.0102660686867834,0.0108652287719485,0.0108607293765183
"2009-06-02",0.00343586975412305,0.00345458235687653,0.00342459246221186,0.00361442534399543,0.0036095317428199
"2009-06-03",0.00900912726721991,0.00901838964868966,0.00882997910867733,0.00949663892924654,0.00949677780822498
"2009-06-04",0.0116639759332396,0.0115913159083317,0.0114628859872926,0.0126549212259241,0.0126500587082964
"2009-06-05",0.000240987652468986,0.000228735042825534,0.000235243672199664,0.000339791806846064,0.000341069064469057
"2009-06-08",0.00577390385341665,0.00578853436335809,0.00578826259142684,0.00586839591647571,0.00586519503115842
"2009-06-09",9.0009569294139e-07,4.20259271653636e-07,3.21764001208714e-08,4.92593803583524e-06,4.8015365707644e-06
"2009-06-10",8.75677245962337e-05,9.05651315714491e-05,4.29025546183145e-05,0.000108362239744446,0.000108764604929523
"2009-06-11",0.000864693865585312,0.000855878636092416,0.000815480967242334,0.000488252774787946,0.000489524770631555
"2009-06-12",0.00538378485178642,0.00535443962070084,0.0052519159420381,0.00586073203906459,0.00586188616646706
"2009-06-15",0.00355825316324668,0.00357514909262153,0.0037638388930731,0.00437637808157849,0.00437889736016976
"2009-06-16",0.00463467513976385,0.00468055579123531,0.00479723821277892,0.00542049591937717,0.00542168953379092
"2009-06-17",0.000266692854281075,0.000257919026628673,0.000273817756410701,0.000149604009540485,0.000149609182811136
"2009-06-18",0.00272740141211426,0.00277695776965033,0.00271516147653879,0.00300746967308008,0.00299678227371227
"2009-06-19",0.00329128967556099,0.00329803274786626,0.00324718295953886,0.00403519665100617,0.004045694785539
"2009-06-22",0.000724109865802583,0.000713548054300648,0.00061264109119399,0.000433828264192092,0.000430734441455595
"2009-06-23",0.00211513477325881,0.00210429673044359,0.00205000403714811,0.00182587901480724,0.00181858799139172
"2009-06-24",0.00111681410119839,0.00112744534797485,0.0012049216043915,0.00134351107146029,0.00134542019733506
"2009-06-25",0.00147886160736977,0.00146678091584973,0.00145622208994314,0.00170484258278829,0.00170873886819079
"2009-06-26",0.00535741180317217,0.0053643868171306,0.00525607613469872,0.00609321588417633,0.00608786301992284
"2009-06-29",0.00682630138062926,0.00686317210957119,0.00665687779328375,0.00759321478170647,0.00758504898502524
"2009-06-30",0.0108326577787725,0.0108949010110092,0.0113933944656899,0.0113589349991412,0.0113027604199128
"2009-07-01",0.0134821133954306,0.0134909219312835,0.0138203527892195,0.0139805634656015,0.0140531335570624
"2009-07-02",0.00612195622760803,0.00613178255356981,0.00656824294152,0.00665670416870291,0.00662564591687473
"2009-07-06",2.17003913354626e-05,2.11990381690141e-05,3.78247506644735e-05,5.10775862208609e-05,4.95151666387602e-05
"2009-07-07",0.000592373108876843,0.000600922702296889,0.000723310493501899,0.000876499817457252,0.000866470783523454
"2009-07-08",0.00537359089425682,0.00535648326863131,0.0051300701185908,0.00483631816918788,0.00485778748341711
"2009-07-09",0.00219615064427339,0.0021854073637699,0.00197834552936942,0.00171527639679504,0.00172702549926104
"2009-07-10",6.27519589276002e-05,5.92528837040215e-05,3.63439488493148e-05,5.06326918182734e-06,6.05998786412865e-06
"2009-07-13",1.01006056060979e-05,1.08552439245773e-05,2.54621805017235e-05,3.09734350537289e-05,3.13065942060602e-05
"2009-07-14",0.00016809296271295,0.00017323076556878,0.000204119125056211,0.000226394919597897,0.000229601385489723
"2009-07-15",0.0140805246352597,0.014114227814459,0.0135653309595571,0.0130602487161518,0.0131115738187475
"2009-07-16",0.00690704927558652,0.00694278235332698,0.00659954079638882,0.00685562903935306,0.00691774903907579
"2009-07-17",0.0126668646718823,0.0126679901339574,0.0124439714490304,0.0130432718827552,0.0130858439159959
"2009-07-20",0.000547915474249084,0.000542997669170264,0.000659559601246869,0.000755173928412593,0.000753204357004051
"2009-07-21",0.000734619113195453,0.000743226130749344,0.000856388450200962,0.000891856252046505,0.000903491608625146
"2009-07-22",0.000866500745405908,0.000868860683922655,0.000818667329143565,0.000904727790207135,0.000888395174766297
"2009-07-23",3.27171102000116e-05,2.92893396343707e-05,3.30189896040796e-05,6.05157672900361e-05,5.7987140642746e-05
"2009-07-24",8.35136381586954e-05,8.28180462235137e-05,9.70095039033863e-05,0.000110758892163309,0.000115095516488762
"2009-07-27",1.80318226495933e-05,1.87382643840816e-05,4.28211718298094e-05,5.10492144183557e-05,4.93643438705501e-05
"2009-07-28",0.00130535201024052,0.00128647421158138,0.00150742532556108,0.00152338822891281,0.00146499530403242
"2009-07-29",0.00323056567573674,0.00329683605044607,0.00349501293660482,0.0035008712481549,0.00337421224501829
"2009-07-30",0.00374355159684279,0.00375727828676145,0.00368384612432232,0.00365528355554773,0.00358953887279068
"2009-07-31",0.00293266097234759,0.00291311081164557,0.0030000504538507,0.00286116345093987,0.00291984498655749
"2009-08-03",0.00299613363520381,0.00300005536623631,0.00303565890621993,0.00324599602123035,0.00326319326055195
"2009-08-04",0.00745153446772862,0.0074598573669924,0.00712142494217913,0.00731100033056394,0.00733673445168651
"2009-08-05",0.00136006165311689,0.0013600082231021,0.00135582713564051,0.00144803061784365,0.0014365766822892
"2009-08-06",0.00134936518595249,0.00134680966072967,0.00131941964380441,0.00136462621991382,0.00133067972493535
"2009-08-07",0.00353112318869273,0.00353133351995467,0.00359440975190835,0.00381706770112055,0.00379911374008225
"2009-08-10",0.00288610011953381,0.0028851468831384,0.00292937599503278,0.0031357600115188,0.00311514129996561
"2009-08-11",0.000604773026357208,0.000605066550338162,0.000623939275105807,0.000664618079705096,0.000665178288585076
"2009-08-12",0.000590326201772571,0.000585901120996652,0.000641830858898554,0.000600053384838503,0.000620407406790062
"2009-08-13",0.00170676284031167,0.00169975666880378,0.00169484484748215,0.00164508757228375,0.00166294127899184
"2009-08-14",0.0020528784882664,0.00204931923757531,0.00207141433452149,0.00205532339088033,0.00203315424529642
"2009-08-17",0.000678695075619839,0.000676408895583803,0.00078595087473648,0.000784797156006537,0.000787481810846429
"2009-08-18",0.00129608766012921,0.00128970124686387,0.0010159604934886,0.00102167806224703,0.00103838689199512
"2009-08-19",0.00140825401114524,0.00141054364827975,0.00133729586247575,0.00133952857560863,0.00135476426026329
"2009-08-20",0.00612939170430587,0.00614666517715445,0.00557984561358357,0.0056829485238021,0.00567953615036678
"2009-08-21",0.00358084813527155,0.0035785283423798,0.00348026756328403,0.00351389424354408,0.00345947339058706
"2009-08-24",0.0013810194871644,0.0013836636317859,0.00147090354707518,0.00146238633422945,0.00146287000889416
"2009-08-25",0.00137492245166261,0.00137515591341266,0.00153267814147927,0.00155096447420758,0.00157312771336039
"2009-08-26",0.00059462883943483,0.000594642478335756,0.00062678120381018,0.000658794977287909,0.000666475003497429
"2009-08-27",0.0028865553769617,0.00288462589228798,0.0027233046293271,0.00268990948849194,0.00264683727185648
"2009-08-28",0.00194231104473913,0.00193790902419696,0.00199976314486833,0.00198195570567672,0.00193597574193277
"2009-08-31",0.000468892595113867,0.000462038795015016,0.000434805464338601,0.000437557348122527,0.000450656360788304
"2009-09-01",0.00367693995075269,0.00368720500069189,0.00347993196041177,0.00345762091513419,0.00347583166609212
"2009-09-02",0.00158818929962335,0.00158809839768022,0.00148599199855274,0.00147421580709415,0.00148678169545812
"2009-09-03",0.000119748678084727,0.00011999030658893,0.000189689624288488,0.000200414109891377,0.000170296764010662
"2009-09-04",0.00410097309109945,0.00410104907483548,0.00438549960317566,0.00441492304735472,0.00438270491649665
"2009-09-08",0.00305842024964757,0.00306157513283509,0.00310290160009755,0.00317372404402574,0.00317853457551399
"2009-09-09",0.000728286095544162,0.000733331003232424,0.000703235425366907,0.000695289155403398,0.000717435806045986
"2009-09-10",0.000370018616784382,0.000367914585772651,0.000413916106912485,0.000408974661585695,0.000408649570127177
"2009-09-11",0.000980076610418296,0.000979366242837122,0.00112864265955626,0.00114654549362246,0.00114661782264169
"2009-09-14",0.000713656193748416,0.000714982954117362,0.000835723923459736,0.000844789528036623,0.000826980139250264
"2009-09-15",0.00103821271469417,0.00103999191955042,0.00116394445236707,0.00116024100396865,0.00115454371138639
"2009-09-16",0.00214041767106069,0.00215475370205032,0.00230362980572366,0.00230088681156724,0.00234961715024621
"2009-09-17",1.1900601031118e-05,1.30223951375025e-05,5.33864846269689e-05,5.11553076054448e-05,5.81433078810612e-05
"2009-09-18",0.00147927434506106,0.00146471986649703,0.00175400902445723,0.00173810299558705,0.00180392561521965
"2009-09-21",0.000128007869450785,0.000131890568058613,0.000200602579673385,0.000196194959120939,0.000200449017260004
"2009-09-22",0.000105009752370919,0.000106226409867022,0.000146494981922559,0.000148405375359341,0.00016305246499093
"2009-09-23",0.00128622180971347,0.00128205474905363,0.00116749927606813,0.00116579639831451,0.00115306187606618
"2009-09-24",0.00216903932653754,0.00215798847244932,0.00177339860020101,0.00177083837735647,0.00177791593588268
"2009-09-25",0.00446873716277891,0.00443329850877223,0.00418251206386328,0.00417977119099187,0.00416822028834311
"2009-09-28",0.000509492925250729,0.000510185821977235,0.000525309842435586,0.000519217474784759,0.000517079798584459
"2009-09-29",0.00022587540821769,0.000217230272617695,0.000227575192420257,0.000229382934836567,0.000217452137409378
"2009-09-30",0.00271332777051838,0.00269216797104713,0.00256338089675914,0.00257998162018573,0.00256308128426588
"2009-10-01",4.15677795433258e-07,4.40232086782825e-07,2.69032436538713e-06,2.493477132849e-06,4.67850174094248e-06
"2009-10-02",0.000611442691804686,0.000604662408773774,0.00088956339242147,0.000895804272972581,0.000894254501118458
"2009-10-05",0.000440513128192468,0.00045045474587993,0.000599631594512985,0.000601220048016451,0.000622962704190318
"2009-10-06",0.0010212032418737,0.00101924372829743,0.00115418872407499,0.00115588039151343,0.00113839592175605
"2009-10-07",0.00465070719145675,0.00464473105170047,0.00511672477430744,0.00513409627732212,0.00510424783816803
"2009-10-08",0.00318394260903445,0.00317405499972269,0.00335485643525041,0.00335652580280113,0.00333092715834574
"2009-10-09",0.00861419307448929,0.00860296556303006,0.0090634665682508,0.00912629409505922,0.00906910748439098
"2009-10-12",0.00438721256883909,0.0043232812250961,0.0046823898352055,0.00478636656984888,0.00490767332507484
"2009-10-13",0.00524795255308689,0.00522142664003956,0.00558860974472248,0.00562424094701829,0.00541501625242061
"2009-10-14",0.00426132773732632,0.00436217605260772,0.0050387067418637,0.00508057933290109,0.00502417323040381
"2009-10-15",0.0088766427223562,0.00893472132824422,0.0096156164783055,0.00978811924268692,0.00992820740879458
"2009-10-16",0.000447311009194055,0.00055963632130818,0.000729569862128581,0.000728800308238993,0.000750211016630267
"2009-10-19",0.00199553734341064,0.00185970101147868,0.00156920213887257,0.00155311338911654,0.00136311791329973
"2009-10-20",0.00345795628649342,0.00338484652326878,0.00298608037997416,0.00296623993450888,0.00286058377327862
"2009-10-21",0.00692441580105482,0.00684837199265596,0.00648603887742791,0.00644167153092392,0.00640065492484527
"2009-10-22",0.0122085148356713,0.0120833524304794,0.0117343021668379,0.0119184191447518,0.012004536053454
"2009-10-23",0.00156446874946828,0.00158324111818638,0.00139258201857175,0.00136344280091654,0.00151822775055991
"2009-10-26",0.000951550885394471,0.000842147568668253,0.000847992320396649,0.000784893195890575,0.000769855560213841
"2009-10-27",0.0053566509404759,0.00522256779829459,0.00483101335592383,0.00467455100322309,0.00499729744257794
"2009-10-28",0.0090851996475364,0.00870044275710869,0.00890328335462579,0.0088455843920047,0.00932975093617836
"2009-10-29",0.000432067604138992,0.000386307836876209,0.000209225647710563,0.000211223138446038,0.000182526959088979
"2009-10-30",0.00895096824974765,0.0096502915733747,0.0096579764968951,0.00990464435029824,0.00963783245337096
"2009-11-02",0.0304896334380889,0.031091131231115,0.0313982057724373,0.0314990177953237,0.031628305860836
"2009-11-03",0.00291553028782465,0.00299246824362651,0.00292084170420989,0.00286449172659453,0.00274437168086886
"2009-11-04",0.000899070402910638,0.000767254573664143,0.000931837304069114,0.00102784517848478,0.00108288369945727
"2009-11-05",0.00318954879609146,0.00321282665171894,0.00358412667219708,0.0036260644666675,0.00374543174268431
"2009-11-06",0.0062130243700583,0.00595096740688405,0.00574104682138853,0.00576702545855262,0.00575335645841599
"2009-11-09",0.029534796360243,0.0288644697452619,0.0306744674969692,0.0306702098090455,0.0300364228113054
"2009-11-10",0.0176524543718142,0.0176146353570373,0.0190712844153069,0.0188155319911298,0.0186454179932169
"2009-11-11",0.00889340480834717,0.00869192752808291,0.00923634150459351,0.00931786697380564,0.00907929069218355
"2009-11-12",0.00319591972779581,0.00345991080080559,0.00376674402178344,0.0037523316088924,0.00376957029521721
"2009-11-13",0.00401886313522703,0.00422539546900242,0.00442169343178911,0.00440866275677322,0.00430694725598344
"2009-11-16",0.00202567391472691,0.00213972660673373,0.00264033024790276,0.00266193154539731,0.00284775135698832
"2009-11-17",0.0021699251179933,0.00232441809600304,0.00283528820539451,0.00284772880999929,0.00264574123565157
"2009-11-18",0.000873123117785922,0.000989039487498969,0.00139730081183164,0.00139050029798393,0.001560950850818
"2009-11-19",2.48327054672683e-06,2.30846662026814e-08,3.98143651735213e-06,5.68219995259853e-06,1.78324201923943e-05
"2009-11-20",0.000960720770628569,0.000960286173864979,0.00128432434711134,0.00134517848291217,0.00131856981738983
"2009-11-23",0.00144695590814943,0.00149515179920046,0.00193004195811424,0.00188978484944765,0.00185496223047821
"2009-11-24",0.000893200521018692,0.001153507910539,0.00156085805841911,0.00152762691075257,0.00143957955854876
"2009-11-25",0.00551689800379469,0.0060626142149518,0.00693104226840515,0.007107707941176,0.00713692466019184
"2009-11-27",0.000283369833582536,0.000222172765131889,6.56039087821433e-05,6.15526918152697e-05,3.72682743729813e-05
"2009-11-30",7.93206380336577e-05,9.97754589885578e-05,0.000221820884416716,0.000287136636539716,0.000322969996980026
"2009-12-01",0.000190797014142592,0.000278311289542078,0.0004227381932491,0.00045297239119749,0.000564601997751155
"2009-12-02",0.00108595813222737,0.00115097466436845,0.000939893642866679,0.000833369761887301,0.000801279532145072
"2009-12-03",0.00340822546160099,0.00316672553189335,0.00282581426503114,0.00271537866172715,0.00266916696971741
"2009-12-04",0.0101541446815603,0.0107515985708468,0.0106610172284534,0.0106140989608318,0.0108978358771963
"2009-12-07",0.00667489703292052,0.00677279527161587,0.00506422551680811,0.00511151418256934,0.00530681349060521
"2009-12-08",0.00352456837358303,0.00337029366933753,0.00235467879423033,0.00233689998682989,0.00247068321599053
"2009-12-09",9.10041409913075e-05,4.82286663278013e-05,1.04391054311598e-06,5.46444629644323e-07,5.16848080756714e-07
"2009-12-10",0.000374359987449687,0.000213812711975062,7.95637788912604e-05,7.40899558764175e-05,5.366751474708e-05
"2009-12-11",0.00434167960058364,0.00456609343344136,0.00545947901516016,0.00544655211912016,0.00564477171570231
"2009-12-14",0.00193249168767514,0.0025411500017157,0.00348347510050593,0.00361032884142692,0.00388690671353143
"2009-12-15",0.00411235520566323,0.00445695090371228,0.00563917996359495,0.00575034231638597,0.00569674881285651
"2009-12-16",0.00338126867280264,0.00370866029958736,0.00453558861673199,0.00454266601360793,0.00507193263907469
"2009-12-17",0.00491348812911098,0.00603810076662237,0.00631482512357214,0.00648178165459669,0.00627667867089325
"2009-12-18",0.0029741499035435,0.00332360982644748,0.00387259565554214,0.00405711283017145,0.00413690256377239
"2009-12-21",0.0019488039635843,0.00242233300561699,0.00278580714896864,0.00287797783894105,0.00307828296439219
"2009-12-22",0.003839946360357,0.00420859527863999,0.00467234721177821,0.00466093670868902,0.00461159796442563
"2009-12-23",0.00412672523187157,0.00386149206039423,0.00436370286119237,0.00447739802374785,0.00476442218428065
"2009-12-24",2.06524127917108e-08,6.64089673975162e-07,6.13125680435081e-06,7.18306532726904e-06,1.21668904300146e-05
"2009-12-28",3.94649678769645e-05,5.83045870994066e-05,7.62665416648785e-05,8.05699936672703e-05,0.000108705060491037
"2009-12-29",0.000443040963572676,0.000705279992674026,0.000763451955319238,0.000792926723808299,0.00073910639587246
"2009-12-30",0.000104872161061064,0.000230192548204206,0.000269622896389356,0.000268129850478792,0.000301446157872028
"2009-12-31",0.000660088314396594,0.000940125409142117,0.0011305554096375,0.00112971483643592,0.00139410877806449
"2010-01-04",0.00219815556958352,0.00313157180334069,0.00329767857883704,0.00327796927201352,0.00361166867694775
"2010-01-05",0.000922964922296706,0.00127292564818813,0.00165969513719884,0.00168201524674426,0.00199630051742324
"2010-01-06",7.39502113330109e-05,8.21757766865982e-08,5.30290895633814e-05,5.37958581249255e-05,0.000181275099648291
"2010-01-07",0.000367692420687269,0.000227619445511978,8.41867772204999e-05,6.23468955505837e-05,1.33456316359698e-05
"2010-01-08",0.000124234560972074,6.28352410460804e-05,1.04424102165523e-05,6.20536396988888e-06,4.10129726105184e-07
"2010-01-11",0.000678873867438877,0.000617416532499095,0.000442047595773226,0.000445615922727453,0.000471722401632851
"2010-01-12",0.00262563317688326,0.00241612888568473,0.00240290692915757,0.00241308462590423,0.00247854551898421
"2010-01-13",0.000607685905282664,0.000534487567881947,0.000419436306003254,0.000393223796859683,0.000477208796029991
"2010-01-14",0.00111084470395772,0.000967150918972649,0.00095722869750559,0.00100958513354538,0.000881976335546704
"2010-01-15",0.000405060679316271,0.000486532542452555,0.000414072111522513,0.000404745688802376,0.000357164314462097
"2010-01-19",9.91265216159264e-07,1.70904476768692e-07,1.37472954599568e-05,2.14675652882574e-05,5.23255053359646e-05
"2010-01-20",0.000304587060477163,0.000207328673875037,0.000497405988866468,0.000505845129754131,0.000536114422451269
"2010-01-21",0.0021877335218437,0.00195703984364732,0.00176119849986953,0.00172107382546347,0.00188924228358884
"2010-01-22",0.0130097271945229,0.0126905210559127,0.012316879258248,0.012268806546496,0.012098883398519
"2010-01-25",0.00125187108047178,0.00114502016165045,0.0011341750561339,0.00113350446101304,0.00109506193282192
"2010-01-26",0.042084503666754,0.0418476627821865,0.0411016757692859,0.0407949513412032,0.0405248933036796
"2010-01-27",0.112439225366597,0.112631640006905,0.111055920953336,0.110627052078107,0.111464204878105
"2010-01-28",0.0124406310887973,0.0127501870142844,0.012526023292442,0.0129216494884649,0.0134749478815635
"2010-01-29",0.0107018743787971,0.0112256475497567,0.0110569180386262,0.0114864661182539,0.0117644113262231
"2010-02-01",0.00717611453012279,0.00745208548319539,0.00702739085917953,0.00728741868620124,0.00739536728074044
"2010-02-02",0.00393895054784102,0.00432081147950434,0.00489761185820174,0.00486277026433003,0.00462307222476267
"2010-02-03",0.0255913401829277,0.0250053087291013,0.026865847297933,0.0276237641971905,0.0242536663303622
"2010-02-04",0.00532410357813967,0.00450631827766709,0.00496562212617653,0.00500685270990017,0.00433019983189547
"2010-02-05",9.09732793515863e-07,8.98929664925633e-05,4.4236029209435e-06,2.11829765243686e-06,2.32255903388613e-06
"2010-02-08",0.00654047862438883,0.00687864417997764,0.00948651578956222,0.00947156516942541,0.00952586381082392
"2010-02-09",0.00140857389821787,0.00141558826970279,0.00217441353332852,0.00216411896203644,0.00219628176495425
"2010-02-10",0.00505501002787769,0.00497535915433243,0.00555473604470506,0.00555575799233988,0.00620901415611683
"2010-02-11",0.00469558106515378,0.00438071128797122,0.00531547234128296,0.00527617329375514,0.00572781132853926
"2010-02-12",0.0109408118032543,0.00979249221493921,0.00991522900485104,0.0099009178169774,0.00993616951120145
"2010-02-16",0.0220437925478132,0.0214211370783775,0.0196566728089014,0.0196896647712935,0.0190624238074654
"2010-02-17",0.0138665794554517,0.0127450603520654,0.0113923780627338,0.0113736492436605,0.0114387046060877
"2010-02-18",0.00960044704093831,0.00911231027383395,0.00967808570653249,0.0096746661269068,0.00926804516762714
"2010-02-19",0.0120283357376689,0.0115889544267765,0.012544327109378,0.0125471797963913,0.0125396798963065
"2010-02-22",0.00693750117448205,0.00673028224061872,0.00752270951297618,0.00750827979944367,0.00715357105442838
"2010-02-23",0.000228481706484214,0.000193971239893289,9.25118692511135e-05,9.52658986011101e-05,7.37108080806626e-05
"2010-02-24",0.000203809678912058,0.000259178198915509,0.000475200997368213,0.00047762184174538,0.000438106975967991
"2010-02-25",0.00170889603476718,0.00161346629709753,0.00110080484650585,0.00109292452120011,0.00105888388928844
"2010-02-26",2.68461970013179e-05,2.9582745804506e-05,0.000114913711276614,0.000120622916119426,0.000131433925498053
"2010-03-01",0.0014181642845531,0.00150180176878433,0.00191253100047008,0.00190952210166519,0.0020450853158035
"2010-03-02",0.00238846023042845,0.00244283835225609,0.00335103765742252,0.00332811265204353,0.00332849749287934
"2010-03-03",0.00292655160763051,0.00297781889014871,0.00373818655157141,0.00371142046918924,0.00356871011678785
"2010-03-04",0.00547854170555251,0.00561853314029488,0.00674052924042012,0.00670390779448256,0.00706073514717662
"2010-03-05",0.00170174056041617,0.00178632970791202,0.00223977775392582,0.00222661319767733,0.00216794654698986
"2010-03-08",0.00253219217843884,0.00275306247953835,0.0034339503805573,0.00341974537288725,0.00358228576223037
"2010-03-09",0.000114033650865117,7.00614158273136e-05,4.09918620431662e-06,4.45676820298339e-06,4.72071869974328e-08
"2010-03-10",3.93329001679865e-05,2.05866631962477e-05,9.45414764527959e-06,9.00884057898417e-06,1.5013908071422e-05
"2010-03-11",0.000374826863549105,0.000474619253647111,0.000753844620397931,0.000751727600674169,0.000792929194479094
"2010-03-12",0.000135767620047878,0.000170991808937328,0.000351937092138818,0.000347746658450112,0.000407228228057825
"2010-03-15",0.00367262804576048,0.00346536752438384,0.00313678178432755,0.00314427366549335,0.00309586765149641
"2010-03-16",0.000851546232214046,0.000983555364667558,0.00132058604705984,0.00131737454844152,0.00135435770925974
"2010-03-17",0.0024514562204503,0.00252324802646261,0.0030889622216442,0.00308140352383189,0.0031183940169115
"2010-03-18",9.2109029784853e-05,0.000143147143649098,0.000218327064024288,0.000215627428246904,0.000190022970564064
"2010-03-19",0.000270172643956372,0.000324126357464283,0.000448267371804032,0.000442212783651655,0.000474021833024549
"2010-03-22",0.00178682432634911,0.00198929367036257,0.00224035002908948,0.00223437773024825,0.00245295331511613
"2010-03-23",2.8480488771785e-06,1.63489187979713e-06,3.95904738167541e-07,3.65099935523633e-07,5.09393487958359e-08
"2010-03-24",0.000398492993319549,0.000330541011063193,0.00029306247001831,0.000295249456445308,0.000249301423237577
"2010-03-25",1.6921608747705e-07,1.15795449011022e-06,1.33591479689298e-05,1.28543508779182e-05,3.28326850791522e-05
"2010-03-26",0.00140675333241469,0.00134045951444048,0.00163091693502837,0.00163713261824709,0.00168532877548268
"2010-03-29",0.00117696905641503,0.00122998035495323,0.00136285474282051,0.00135717934936907,0.00146249301871034
"2010-03-30",0.000348786808724639,0.000407366523305108,0.000708693759163097,0.000703190767676899,0.000797144833160787
"2010-03-31",0.0015569842173472,0.00157540977483435,0.00192367901383942,0.00191371413258997,0.00191826143871356
"2010-04-01",0.000225614375192928,0.000229634273512768,0.000390436448203419,0.000383743905832636,0.000395408828505478
"2010-04-05",0.000366953428744612,0.00038221240645101,0.000648554309304402,0.000645665121338294,0.000805459223250383
"2010-04-06",0.00173257555243772,0.00180807530646379,0.002348816121896,0.00234453608383911,0.00241114290381997
"2010-04-07",0.00028253422165924,0.000329373615556555,0.000551859433765154,0.000548464898458014,0.000601758330874088
"2010-04-08",0.000433295295817233,0.000474931202792845,0.000259498601055907,0.000263955295215342,0.00021420412062429
"2010-04-09",0.00386501342767998,0.00393619658775077,0.00417251752520955,0.00414913208261934,0.00440406066604982
"2010-04-12",0.00428816442884393,0.0045587548587894,0.00504215893200121,0.00501938195389212,0.005266514679165
"2010-04-13",0.00284929619382763,0.00302514039697243,0.00327475482109575,0.00326033401178186,0.00343311225618512
"2010-04-14",0.00357277625875495,0.00367023627320517,0.00421501254849413,0.00421090162526293,0.00424882095954614
"2010-04-15",0.00611865751125502,0.00654059046186064,0.00722521518530198,0.00721808365662179,0.00777142560857242
"2010-04-16",0.00710935737941313,0.00709359093087459,0.0065567452011256,0.00654285363340896,0.0062593040714248
"2010-04-19",0.00605158200220878,0.00579784614744683,0.00520964266382163,0.00520180123241815,0.00504833834885232
"2010-04-20",0.00526044330976442,0.00518271056115342,0.00496518332613016,0.0049670286312849,0.00472089051245022
"2010-04-21",0.00923776784283132,0.0092354925672771,0.00883707354520049,0.00883409124334082,0.008435223589815
"2010-04-22",0.0100610094581329,0.00984330134616665,0.00931612283464444,0.00928840791204765,0.00888909040393336
"2010-04-23",0.000646068814703977,0.00065215507546115,0.000619228480526569,0.000594198862862964,0.000474992290619358
"2010-04-26",0.000884755036656397,0.000812515237252184,0.00106042083030773,0.00106981859203866,0.0013944338929861
"2010-04-27",0.00586004448222936,0.00542410313088866,0.00473915445739933,0.00470592398436535,0.00438618893173705
"2010-04-28",0.0154242208445471,0.0147069075666996,0.0149786277128107,0.0149477684270566,0.0164555142707111
"2010-04-29",0.000614147119590255,0.000660136782926756,0.000293830812626356,0.000294727709728513,0.000242216847916847
"2010-04-30",0.00450123996084222,0.00482496342284759,0.00507560233481018,0.00508452095679139,0.0047393041652368
"2010-05-03",0.000137476074504486,6.83247568262301e-05,6.66998481919026e-05,6.83904483557976e-05,2.97770785452102e-05
"2010-05-04",0.00258649702689645,0.00243583448137346,0.00241474449211122,0.00240342286737778,0.00234834926160706
"2010-05-05",0.0100982892204173,0.00953680637766602,0.00938949070698281,0.00936145228891138,0.00914045976765284
"2010-05-06",2.55652598302946,2.55184120350962,2.54964704894905,2.54902776617874,2.55014145946214
"2010-05-07",0.29861877397943,0.299113848657449,0.297622203296607,0.297833883093755,0.295734786455897
"2010-05-10",0.0178809267312573,0.0177796177131769,0.0177557851156004,0.0176818672029214,0.0170231213378128
"2010-05-11",0.0130624691004496,0.0134638415071274,0.0138164704706111,0.0137866348202496,0.0134473706587053
"2010-05-12",0.00114621829325271,0.00103441743769696,0.00101445549784056,0.00101163850218999,0.00116562890679501
"2010-05-13",0.144562863242081,0.12811667865884,0.114101521741643,0.113970444439741,0.108244435555834
"2010-05-14",0.0730454366939255,0.0639735195559443,0.054518533891834,0.0544021320195224,0.0472545007615234
"2010-05-17",0.00275436716524617,0.00170194270974537,3.90540850237063e-05,5.06571298926844e-05,1.7265648550467e-06
"2010-05-18",0.00287725793569171,0.00301334050263454,0.00152114291212601,0.00154769726477032,0.0014085498297772
"2010-05-19",0.0145157607582238,0.0142517622329836,0.0136520236059622,0.0135897221971433,0.0123875520595081
"2010-05-20",0.0260109672551064,0.0251409143811053,0.0268241657385494,0.0266075740043968,0.0256827020618261
"2010-05-21",0.0278775362192633,0.0288223403701569,0.0305266094829168,0.0307495045781892,0.0309778313518152
"2010-05-24",0.00138050852712052,0.00121846402591092,0.00109006898017216,0.00103690122805275,0.000950282847976406
"2010-05-25",0.00923521188428219,0.00999365332107651,0.010223248449801,0.0102880234841949,0.0108652945793837
"2010-05-26",0.00272826240616445,0.00213942855680316,0.00165875575074231,0.00161988189711854,0.00138868926522459
"2010-05-27",0.0403861813888986,0.0361880353609556,0.033683254329717,0.0334246614095882,0.030156523742281
"2010-05-28",0.0169311469132711,0.0149156640409393,0.0118643316679666,0.0117684106514188,0.0102449989692345
"2010-06-01",0.00450264660405012,0.00418611595103131,0.00362593860353435,0.00365596796409697,0.00320634440586335
"2010-06-02",0.0239945930652269,0.0228935679311658,0.0226252257256499,0.0226194385258592,0.0199014123942435
"2010-06-03",0.0168372247742096,0.0159020708371963,0.0147121657336831,0.0147506277629483,0.0135398837391998
"2010-06-04",0.000528807912247838,0.000501164519089273,0.000367031440903149,0.000369630270672431,0.000235074175307933
"2010-06-07",0.00134008605766099,0.00140932844641289,0.0014700906889203,0.00146846969217348,0.00170317311785472
"2010-06-08",0.00784665039412273,0.00792876069184886,0.00799798652631017,0.0080111357989698,0.00855050828028149
"2010-06-09",0.00397014253927948,0.00359512287006753,0.00496717559422601,0.0049663585378545,0.00512442854783486
"2010-06-10",0.00185008476925253,0.00161182570656298,0.00224356489842852,0.0022448321470915,0.00249101756981023
"2010-06-11",0.000599619030962406,0.000548794246761825,0.000331467187603095,0.00033641118929689,0.00028045840621181
"2010-06-14",0.00904571838599609,0.0096230859391806,0.00956319627134212,0.00956341612755199,0.009552143184703
"2010-06-15",0.0366540517048693,0.0350842138662766,0.0367591812305133,0.0368167005505051,0.0358291963491277
"2010-06-16",0.0279104596280376,0.0280756685694288,0.0294720954018643,0.0294630168855116,0.0290204806698986
"2010-06-17",0.0151202187754304,0.0158546000041303,0.0162498497968135,0.0162629010885011,0.0166210392525089
"2010-06-18",0.022274271334131,0.0229810569597002,0.0232481281341959,0.0232810288648793,0.0214797815981021
"2010-06-21",0.00145699058879664,0.00146679973507811,0.00156966774424679,0.00157173793586822,0.00153086393312508
"2010-06-22",0.000451696190751484,0.000377812833887718,0.000300337306638658,0.000300171581750303,0.000311198871218248
"2010-06-23",0.00729627937449133,0.00685926506147194,0.00587073011325845,0.0058865104955226,0.00596479690281934
"2010-06-24",0.00135690789293431,0.00120136125349066,0.000971783285258329,0.000980040999813771,0.00115240331187495
"2010-06-25",0.00629010177370081,0.00579320280661481,0.00616795708762589,0.00617277383209867,0.00636421683188482
"2010-06-28",0.00159121040232887,0.00133733690699331,0.00198060976224981,0.00197043976319595,0.00167789058551154
"2010-06-29",0.0195443472672351,0.0188027558768877,0.0192217106294243,0.0191799378851979,0.0190304297393468
"2010-06-30",8.93000256393872e-05,0.000132370339716629,5.39215214281898e-05,5.41124069669034e-05,5.77078865091541e-05
"2010-07-01",0.0206210180420885,0.0207661312162783,0.0208043508262104,0.0209071044008357,0.0211149902264214
"2010-07-02",0.000404461128349555,0.000442122261398438,0.000470370595075461,0.000470883956467144,0.000614373393417394
"2010-07-06",3.04003285399324e-05,1.92505286409263e-05,3.98591483076251e-05,3.81971115170903e-05,3.47717311678002e-05
"2010-07-07",0.016653885811752,0.0164117244575409,0.0158318305286357,0.0158476640339867,0.0159986619104712
"2010-07-08",0.00299266024452587,0.00245748894496998,0.00263996583602554,0.0026410931281869,0.00292598820109506
"2010-07-09",0.0222646014179266,0.0216141465836738,0.0204682270668068,0.0204184531387035,0.0206085001061322
"2010-07-12",0.0076736405844771,0.00753620826958576,0.00784013762663484,0.00783510857074927,0.00797886121455688
"2010-07-13",0.00108635389883655,0.00110692669767334,0.00104583585512504,0.00105163072299501,0.00102478536652565
"2010-07-14",0.000452082731097761,0.0004826466143688,0.000656123836847339,0.00066118706900046,0.000774305727054133
"2010-07-15",3.20629034117668e-05,1.14810077794882e-05,2.63700830856634e-06,2.92239653626892e-06,7.92435293959494e-06
"2010-07-16",0.00653253530336078,0.00595277406407744,0.00566953914366227,0.00566816919085192,0.00534481038806248
"2010-07-19",0.00429948662418756,0.00388837127724474,0.00294134419231541,0.00294558307294649,0.00246474835082389
"2010-07-20",0.000511316566057427,0.000821971517545397,0.00137908056298919,0.00138232296506989,0.00171671011917025
"2010-07-21",0.00412624354550017,0.00373636238964888,0.00354313506172396,0.00357083964272852,0.00321032281486521
"2010-07-22",0.00300214877292833,0.00324059524837991,0.00367526628683481,0.00365481261362219,0.00308852936900428
"2010-07-23",0.00708270689008869,0.00712162479789716,0.00706345791704617,0.00704490846710066,0.00713470122555203
"2010-07-26",0.0216523156576319,0.0224588197805857,0.0228543869093489,0.0228189423223438,0.0238030675361129
"2010-07-27",0.0115800473700474,0.0119634942770987,0.0108747830500476,0.010848240838986,0.0106838445049765
"2010-07-28",0.0163314112653671,0.0161272391180563,0.0159632453194192,0.0159169594991408,0.0155191683955175
"2010-07-29",0.00228276058837138,0.00223013153675584,0.00208634800913384,0.00209282960601623,0.0021109916290826
"2010-07-30",0.00126999865950457,0.000860664548837435,0.00062862743597032,0.000640605818632551,0.000761332541821469
"2010-08-02",0.00705650493792341,0.00700608217601957,0.00702935650115985,0.0070358581147607,0.00730817349526073
"2010-08-03",0.00378217603638726,0.0038320161679895,0.00372237605323287,0.00371751507577011,0.00359517522639457
"2010-08-04",0.00211787845785539,0.00233165838389283,0.00243429823749856,0.00245785530636911,0.00198220092815293
"2010-08-05",0.0117182584955976,0.0116396809976372,0.011514256790557,0.0115380156723149,0.010974432812491
"2010-08-06",0.00575022508347646,0.00609845129283915,0.0050197967176259,0.00500248170711497,0.00474271208038554
"2010-08-09",0.00562130671982139,0.00531625846819834,0.00527559264169404,0.00532939376708837,0.00534446312470005
"2010-08-10",8.50460240727877e-05,0.000148804330675397,0.000136838531028008,0.000136920869528734,0.000115683555115273
"2010-08-11",0.000552449127573702,0.000698019366113047,0.000949451881351316,0.000905681583271477,0.00109978261387407
"2010-08-12",0.000420519816693968,0.000379483550508763,0.000234822492811567,0.000230723473194467,0.000245714249368788
"2010-08-13",0.00216475974633413,0.00205702753916678,0.00203220737724166,0.00204699985989215,0.00185523393676241
"2010-08-16",4.0600492241736e-06,2.28614331310553e-05,1.4641874362106e-05,1.51832486999839e-05,2.57195269831261e-05
"2010-08-17",0.00317326879392006,0.00301861119574167,0.00298281377775311,0.00298841688319214,0.0029919852687792
"2010-08-18",0.00253051746140215,0.00234602570162255,0.00250394003634107,0.00259858697581009,0.00258001425197736
"2010-08-19",0.00175845252574314,0.00192020099489641,0.00162255174207611,0.0016583137990528,0.00162467596044107
"2010-08-20",0.0037759900949214,0.00397065204005184,0.00406309817178604,0.00405058848239335,0.00382069331564204
"2010-08-23",0.000102814740958827,7.53175676059842e-05,7.35347700118621e-05,7.70554423376174e-05,5.97768368348445e-05
"2010-08-24",0.0044819954920537,0.00460942577461036,0.00436484860897713,0.00432312499234899,0.0045189220239339
"2010-08-25",0.00449858150056441,0.00436197427582985,0.00436398261684097,0.00440708516702938,0.00452040559132379
"2010-08-26",0.00105074140694113,0.00108866092412011,0.00125105075128185,0.00123987365311372,0.00120005099348381
"2010-08-27",0.013991052008696,0.0140854214980542,0.0140843721841106,0.0141534582845553,0.0139886192236814
"2010-08-30",2.66581096808498e-06,2.35225758326418e-07,5.22742454068175e-06,5.51621103316662e-06,1.62404142505484e-05
"2010-08-31",0.00045634374308223,0.000486921374242523,0.000471717538318583,0.000469323825486938,0.000422523167731189
"2010-09-01",0.0038770488107599,0.00393745991814958,0.00378113030497559,0.00377248567193391,0.00368294171737777
"2010-09-02",0.00561332127024789,0.00562103885542457,0.00530131028819679,0.00531075681737322,0.00515120343815352
"2010-09-03",0.0116406437723558,0.0113985141190217,0.0107763777960396,0.0108373388232105,0.0103445843048218
"2010-09-07",0.00342329257434448,0.00363344032414083,0.00382396135407211,0.00382649043770438,0.00385768042753119
"2010-09-08",0.00463886423244792,0.00459040516502422,0.00485694345584896,0.00483790877944233,0.00465418782577682
"2010-09-09",0.00344235956293817,0.00320182838784978,0.00331764278562989,0.00333269275478399,0.00326126282418335
"2010-09-10",0.00134169149797002,0.00129014895951586,0.00140830234482583,0.00140363431764028,0.001537751548173
"2010-09-13",0.00439311354360598,0.00409305487016946,0.00450463833902301,0.00451535898791145,0.00476470816852303
"2010-09-14",0.00186984357070048,0.00191737439199492,0.0021610363326498,0.00215820752704781,0.00238571572133751
"2010-09-15",0.00453031379307023,0.00471057665180323,0.00541151869331367,0.00539763552806415,0.00576347194203634
"2010-09-16",0.00236030889367205,0.00248993127298421,0.00296939426230645,0.00295095303710117,0.00303835822964912
"2010-09-17",0.000647807065947117,0.000745866267186519,0.000889300868258693,0.000896793690125943,0.000929453334506573
"2010-09-20",8.85502615083294e-05,0.000111886310633382,0.000155510604815682,0.000152055656114975,0.000192015991570789
"2010-09-21",0.00185198154965907,0.0017519330769708,0.00174526666706785,0.00173619434820375,0.00177235007790148
"2010-09-22",0.00139273144056505,0.00133299667353619,0.00124497025446891,0.00127148497673932,0.00134296626212055
"2010-09-23",0.00175893789982477,0.0017719821572597,0.00137195395663969,0.0013731168761583,0.00147062636383079
"2010-09-24",1.1561360650939e-06,2.50556076633349e-06,4.1701898198053e-05,3.88584386239632e-05,3.07929759271565e-05
"2010-09-27",4.16375033192225e-06,2.21000922999689e-09,5.57200871319199e-06,5.7491826995889e-06,2.26555008560503e-05
"2010-09-28",0.118589401531216,0.117817442881712,0.116196029562588,0.116205697103291,0.114345242705235
"2010-09-29",7.31571566162673e-05,7.67284092717947e-05,5.28074263214894e-05,5.27141449049127e-05,3.13378189623728e-05
"2010-09-30",0.0041507755367722,0.00430296029725335,0.00378939636165909,0.00368872544317869,0.00360580554642272
"2010-10-01",0.00149451464918193,0.00144025665475283,0.00149395019448473,0.0014701917956661,0.00141709839209979
"2010-10-04",0.000937876610296846,0.000918286989486271,0.000567994955274503,0.000567231827516212,0.000479223067742297
"2010-10-05",0.022169698406724,0.0240232507391137,0.0255100214251345,0.0258632070075669,0.0274080036820652
"2010-10-06",8.41130834408015e-06,2.52196758425468e-05,4.51763524938207e-06,3.88197852522035e-06,7.17077126148284e-06
"2010-10-07",0.00195657824445066,0.00217513467151737,0.00210905813224945,0.00209122450240609,0.00206531902440872
"2010-10-08",0.00216653448116377,0.00227474994828261,0.00222559579814546,0.00221031386977,0.0022992782865634
"2010-10-11",0.00638379508160761,0.00627599671371955,0.00664624117934506,0.00654486168746028,0.00597276542487119
"2010-10-12",6.68864368005452e-06,1.38804889500279e-05,1.65062009994946e-05,1.03936758637448e-05,3.23347594249187e-07
"2010-10-13",0.00677868343887089,0.00745305871511893,0.00869885031251589,0.00872619634744898,0.00918260364110364
"2010-10-14",0.00843482906527979,0.00929271069012576,0.0105943570386145,0.0103805773619702,0.0103928002525977
"2010-10-15",0.00114603256884461,0.00132832141055856,0.00157281010895534,0.00146971560135621,0.00141980238496763
"2010-10-18",3.25319593825117e-06,2.28861122072698e-05,0.00021649159669998,0.000210904651195229,0.000276544386456291
"2010-10-19",0.0261565500826859,0.0251423201747374,0.0229386758868388,0.0226885170380608,0.0227445817494801
"2010-10-20",0.0063986999773295,0.00631945989969816,0.00629240161401095,0.00626122904578114,0.00604146348529946
"2010-10-21",0.00538520262396065,0.0054626579672642,0.00557728186924029,0.00551093128044489,0.00529156426353757
"2010-10-22",2.59696897587917e-05,1.42020801124155e-05,4.36256025369797e-06,6.26471081333917e-06,4.30320899502042e-06
"2010-10-25",0.000874776503841194,0.00111949783620954,0.000883684160152707,0.000876365516480639,0.000968388617510326
"2010-10-26",0.00820178012427819,0.00867422917310623,0.00858276348083371,0.00868318454357614,0.00918228237311214
"2010-10-27",0.00320204140739835,0.003205930309597,0.00302548488176424,0.00287646564875306,0.00284556473096391
"2010-10-28",0.00145533869325325,0.00140502878445969,0.00149529084010643,0.00139577416789343,0.00138816822868344
"2010-10-29",0.00265631385536856,0.00202103111655897,0.0027210787292392,0.00283082506978482,0.00346089263339731
"2010-11-01",0.000212837076800675,0.000151080497438289,0.00020948595144347,0.000220368587517792,0.000296386866060964
"2010-11-02",0.00129951662140179,0.00140427463885525,0.00132518133138968,0.00125467452409753,0.0013516152269458
"2010-11-03",0.000414934356995345,0.000372643179871286,0.000287172604626049,0.000300468867550236,0.000270534420608221
"2010-11-04",0.0027240594783682,0.0029882389765036,0.0033010842223425,0.00326626204518916,0.00326094675183888
"2010-11-05",0.00130620495319682,0.00159375324769617,0.00186459358600128,0.001837554977971,0.00177872757193009
"2010-11-08",0.0037209883026649,0.00407916087000459,0.00443122795870961,0.00425373135550585,0.00421725939473868
"2010-11-09",0.000667997261743561,0.000828034038757076,0.00115159793720176,0.00105719604173923,0.000819645292185732
"2010-11-10",0.000970080673543112,0.000757534781419483,0.000981644939289282,0.000909794036577263,0.000791806844876673
"2010-11-11",0.00018468800180541,0.000225678967536209,0.000197053340035296,0.000172399930806915,0.00016735167935684
"2010-11-12",0.00878742006662078,0.00855008059465805,0.0084812239967173,0.008523570070931,0.00874766812088961
"2010-11-15",0.00304244077946121,0.0028130416562126,0.00239699569803888,0.00231243486477829,0.00230262605885717
"2010-11-16",0.0037629172480525,0.00331136066613132,0.00308471171373168,0.00303598750228072,0.00303074009574359
"2010-11-17",0.00225394331861767,0.00213834490123137,0.0020079458572744,0.00198936190681005,0.00206525894134033
"2010-11-18",0.00121393190333383,0.00125899340496173,0.00148035705431219,0.00143694545382085,0.00136143449500326
"2010-11-19",0.00384499177242277,0.00416882205742602,0.004945000085947,0.00494770649787429,0.00466972565009344
"2010-11-22",0.000826758096694653,0.00113842498341678,0.00164700303413837,0.00162549254117286,0.00165670339530852
"2010-11-23",0.000461752871849526,0.000166509461393574,0.000306309655697036,0.000302581378768968,0.000414914457854983
"2010-11-24",0.0105713369801836,0.00948370679094391,0.010676177569774,0.0105759420103362,0.011204048282408
"2010-11-26",0.000707200300083642,0.000691979118356906,0.000719347596926655,0.000690245991031781,0.000657781663093717
"2010-11-29",0.00036634938885657,0.000296779463960688,0.000270293987288425,0.000323339917600397,0.00035519395925395
"2010-11-30",9.03005753507602e-05,0.000114685291863962,0.000161645229634663,0.000137490794738066,0.00010720583183637
"2010-12-01",0.00540217999654307,0.00493878941171139,0.00540785489877012,0.00522319533279352,0.00530985828044434
"2010-12-02",0.000147960781699455,0.000142950082118415,0.000232843615597747,0.000219725918647846,0.000175984663222137
"2010-12-03",0.0017390249276896,0.00165071432488709,0.00225937883220619,0.00229489853487562,0.0020557449221436
"2010-12-06",0.00175417349571571,0.00178430747711869,0.00204760371906154,0.0021624740068129,0.00227577634044044
"2010-12-07",0.00169662809805919,0.00155228677157344,0.0018591340022378,0.00187227251407089,0.00188137958399442
"2010-12-08",0.00017041861916099,0.000119031901986438,0.000135932608288905,0.000124597549672218,0.000168928845888713
"2010-12-09",0.000851151347601283,0.000741382614574115,0.000873170049159913,0.000813536436444137,0.000945640611228216
"2010-12-10",0.00280261097462461,0.00286057564703806,0.00315642820476434,0.00314637051923991,0.00326734581986837
"2010-12-13",0.00196928725055431,0.00226214398976272,0.00275064149911487,0.00253186798343988,0.00257667640688774
"2010-12-14",0.000402493630628845,0.000500690588470335,0.000669397223677412,0.000617372041205428,0.000720223771755855
"2010-12-15",0.000594804659179071,0.000742446560082058,0.00113332312500919,0.00101333176556269,0.00104650190267317
"2010-12-16",0.00193097578669589,0.00207364320507139,0.0027674246251884,0.0026996761204547,0.00285049212487957
"2010-12-17",0.00375128275851999,0.00381540382764217,0.00403825799751189,0.00381108756668899,0.00396837648497017
"2010-12-20",0.000172213382073241,0.000251553212148714,0.000335101238288623,0.000319920435641158,0.000377829275343081
"2010-12-21",0.00346015898105274,0.00411873896070271,0.00357725274919338,0.00349730518256264,0.00369285496333684
"2010-12-22",0.00478091611607208,0.004221014047631,0.00413819606414437,0.00402829589238316,0.00435423618332988
"2010-12-23",0.00384168992190874,0.00371526968580936,0.00356863456581599,0.00354892013515124,0.00364485039111744
"2010-12-27",0.000247763922661396,0.000164344961018153,0.00012810352382125,0.000150208877448599,0.000163324570286858
"2010-12-28",0.00243112649289078,0.00275097288868166,0.0027507096757747,0.00288765195548393,0.00298219850879359
"2010-12-29",0.00339890823403995,0.00374337141313312,0.00389734691578387,0.00394105774284375,0.00408896564379666
"2010-12-30",0.000642254832924499,0.000790635734708408,0.000914425274500484,0.000932223835708963,0.000997375895254225
"2010-12-31",0.000104561770631522,0.000196651772694629,0.000245428340453214,0.000251328135534377,0.000265711393478653
"2011-01-03",9.62847075750485e-05,2.8322282742709e-05,1.86424648836717e-05,1.9541387297676e-05,1.67209803528548e-06
"2011-01-04",0.000624089552604216,0.000489509600756076,0.000438496952102985,0.000440368524088704,0.00036913975632461
"2011-01-05",0.000451518815849525,0.000332974764397089,0.000284845090947773,0.000288900501668563,0.000260693039588681
"2011-01-06",5.44156871446904e-05,2.96211490408357e-05,9.63152020286733e-06,1.31296093523908e-05,1.15861199413552e-06
"2011-01-07",0.00229345735973689,0.00202310721484505,0.0018339476516798,0.00188071024510797,0.00171919451456028
"2011-01-10",0.000250032836700772,0.000153469383906768,0.000123083763052322,0.000125866480917866,0.000107880871949875
"2011-01-11",0.00100178944218427,0.000894943136656815,0.000946827642812447,0.000940421267250857,0.000880301933451994
"2011-01-12",0.000169037999476055,0.000162571691861441,0.000157204413200093,0.000164034716589745,0.000183496971050573
"2011-01-13",0.000330477791618867,0.000295985157710856,0.000302062657454436,0.000318667169389244,0.000317202961872974
"2011-01-14",0.00171471633993599,0.00164195990875007,0.0017740525228945,0.00179198336321316,0.00174610763146138
"2011-01-18",0.0260669334195553,0.0272371465622113,0.0267467941458939,0.0266884618874823,0.0265148779918471
"2011-01-19",0.0119447790327078,0.0115376367654623,0.0112441433485658,0.0113552074369325,0.0111318646068964
"2011-01-20",0.00949828764651737,0.00909066443255741,0.00884558401819729,0.00890213049753464,0.00883164445218597
"2011-01-21",0.00438118794989268,0.00399977986837194,0.00398789602718747,0.0040065131174041,0.00398219772625649
"2011-01-24",0.00699142075244858,0.00631059687056216,0.00618566866322937,0.00608241763460072,0.00614497359047071
"2011-01-25",1.65685173991044e-05,3.08542569925835e-05,9.30071002321651e-05,8.48621097547317e-05,8.21995092542408e-05
"2011-01-26",0.00105831412632529,0.0017090872109205,0.00206688327223031,0.00216852527957476,0.00192897319437233
"2011-01-27",0.00592586654918787,0.00586283275229095,0.00654942287779111,0.00651779057735624,0.00623671471706522
"2011-01-28",0.00153852882076329,0.00117374242906705,0.00112896768486254,0.00114234529147092,0.00103984550892212
"2011-01-31",0.00135830475081795,0.00116015479492882,0.000999386235673497,0.0010578866980508,0.00105345778066052
"2011-02-01",0.0038121313903065,0.00395849838112687,0.00373478960710775,0.00383400831239792,0.00416429933306585
"2011-02-02",0.00249708357664606,0.00260044428230896,0.00247073996728112,0.00242298888252493,0.00193873934104002
"2011-02-03",0.000156483692347938,0.000122699879367906,0.000139214007458992,0.000141774200708378,0.000160406622129394
"2011-02-04",0.00442790393977139,0.00368211423228771,0.00383309590260067,0.00368928688134797,0.00408193563887539
"2011-02-07",0.00825251900892202,0.0085264425644513,0.00909054509803644,0.00888065582550389,0.00911688440250266
"2011-02-08",0.00319038124263462,0.00307097340699673,0.00328680593243661,0.00324822098684007,0.00334708094889923
"2011-02-09",0.00067756051312555,0.000715047591761636,0.000759643294403362,0.000721664517388948,0.00075902175103204
"2011-02-10",0.00681108906225753,0.00611673899324825,0.00579545590862645,0.00588452243576569,0.00572542891209132
"2011-02-11",0.00035115844884345,0.00045449437192983,0.000572713869238166,0.000586048473537897,0.000651674773215854
"2011-02-14",0.00264795731558792,0.00268582172085126,0.00312314385310036,0.00314072086256635,0.0033141663118526
"2011-02-15",0.000415208499743791,0.000863703263960038,0.00105175597112831,0.00111179180167799,0.00122776531379474
"2011-02-16",0.000124019054441015,0.000289109246879416,0.000348217906634534,0.000382334201996441,0.000495937019022311
"2011-02-17",0.00223196346985754,0.00278792841321151,0.00304544087352688,0.0030564372982204,0.00353059873375699
"2011-02-18",0.000349824856857111,0.000276684967205412,0.000250966382696888,0.000279635337576111,0.000280243130661987
"2011-02-22",0.0277353912163679,0.0268091465479039,0.0264690359160043,0.0263759388702129,0.0269098281739945
"2011-02-23",0.00984796610716311,0.00918447684361802,0.0087303751789071,0.00866943267167331,0.00849283001450612
"2011-02-24",0.0111967103719934,0.0106995902672583,0.0111440699581026,0.0111476711583796,0.0108400724219173
"2011-02-25",0.000348858556694299,0.000589417484543183,0.000641370320826133,0.000639148814050307,0.000757024212460691
"2011-02-28",0.000687291480500821,0.00114573080696881,0.00119897206480831,0.00120325025122494,0.0015827141348682
"2011-03-01",2.74065703245431e-05,1.50019672078757e-07,2.68810166759817e-05,2.62251732658632e-05,3.60985823481621e-05
"2011-03-02",0.0013928599130374,0.00179067351865889,0.00162983634271844,0.00164309680853499,0.00171709508262844
"2011-03-03",0.00982847839167125,0.00885610603321385,0.00962387169918838,0.00956483704953398,0.00891000719576609
"2011-03-04",0.00100059654841818,0.000766398418470726,0.000854721438254362,0.000866875146178646,0.000672482082848581
"2011-03-07",0.00184696829550556,0.00190410370806708,0.00176214906814346,0.0017766722458919,0.00184704649503465
"2011-03-08",0.00110692297196771,0.000967307124345351,0.00103404734770114,0.00101315741516147,0.00104006995530271
"2011-03-09",0.00087766397102656,0.000815243400867042,0.00113955366061295,0.0011103098307314,0.00108894951422755
"2011-03-10",0.000775391425615969,0.000903126002423216,0.000945512218713611,0.000980538076033638,0.000994866236591995
"2011-03-11",0.000422793540273737,0.000559271593027433,0.000564715344531006,0.000573659476022771,0.000616590719835616
"2011-03-14",0.000657512986718382,0.000566292154035072,0.000604921025813895,0.000603354177375714,0.000581918613821446
"2011-03-15",0.0035576995055105,0.00375375435799546,0.00358012513678337,0.00359862590551477,0.00361535750646678
"2011-03-16",0.0222532145741988,0.0235198848155425,0.0227416357517657,0.022862989787282,0.022339324072063
"2011-03-17",9.30297565028752e-06,2.03473050437021e-05,1.80362413429721e-05,2.15916542922293e-05,2.96978417490657e-05
"2011-03-18",0.00143794691665526,0.00149890907353299,0.00175132691171944,0.00177960137877656,0.00197434479139199
"2011-03-21",0.00168625434940918,0.00144876655731213,0.0013009795238912,0.00126144098714935,0.001268869751083
"2011-03-22",0.00501970700991931,0.00411346265556596,0.00375366317760804,0.00370275437162555,0.00378619304108975
"2011-03-23",0.0142050294744038,0.011684911326232,0.0110204764839766,0.0108990893832014,0.0104131244801729
"2011-03-24",0.00484701940814733,0.00415242494091627,0.00335012019076265,0.00327951272940355,0.00306364332475649
"2011-03-25",0.0120812188384496,0.0122400289270808,0.0116416156595723,0.011573578205782,0.011929559961312
"2011-03-28",0.00273907931495741,0.00329150402919189,0.00334089172408557,0.00332559385428388,0.00320122579935085
"2011-03-29",0.000747807503529261,0.000886065044464864,0.00110093753212292,0.0010890243832447,0.00113452734667144
"2011-03-30",0.00338355480450374,0.00348232132528555,0.00366602682493998,0.00362410655221978,0.00360320426574357
"2011-03-31",0.00156897225929581,0.00199716709043873,0.00209076512632997,0.00205988167587165,0.00233338890925772
"2011-04-01",5.16850038191974e-05,0.00016410492922295,0.000243107045933467,0.000233924382955657,0.000284823884820921
"2011-04-04",0.000221279367223338,0.000185275174683106,5.44217577644801e-05,6.38070518217818e-05,3.01458915082247e-05
"2011-04-05",0.000636066162425476,0.000487410317529992,0.000232156710014045,0.000241582824018161,0.000175573242141419
"2011-04-06",0.000888693372357642,0.000689151262261041,0.000564792741660181,0.000572318261400199,0.00050425644668101
"2011-04-07",0.000672042708710243,0.000350463021120389,0.000322445902643612,0.000327523124768941,0.00029071651552757
"2011-04-08",2.65721902537561e-05,1.03973694162862e-05,3.53036110337124e-06,4.30008210025665e-06,1.86992672245187e-05
"2011-04-11",1.24093696354392e-05,3.37115522676416e-05,9.88914223637217e-05,0.000100639718551849,0.000111796904241145
"2011-04-12",2.58948977528656e-06,3.68419552079854e-05,4.79140737245528e-05,4.87574459112187e-05,3.94132541097254e-05
"2011-04-13",0.000623348757942271,0.000822904987320993,0.00102469363628512,0.00101887249658302,0.000911593016819257
"2011-04-14",0.0012270182355467,0.00130214890163367,0.00137288007983168,0.0013510968131732,0.00142503558669138
"2011-04-15",0.00154985216071597,0.00180011153020911,0.00218122418766506,0.00217494395559327,0.00223829682465215
"2011-04-18",0.0151444991773621,0.0144509957827762,0.0139784575455992,0.0139749595143212,0.0134845851903756
"2011-04-19",0.00131062481807676,0.00152783066531977,0.00154966279212333,0.00154610166525146,0.00189090114439699
"2011-04-20",0.00225275299280044,0.00242923837488895,0.00247844190664978,0.00245187482682539,0.00255894281729478
"2011-04-21",3.59782738059308e-05,3.99796090483909e-05,3.38213766723071e-05,3.42527186601223e-05,3.93639951878324e-05
"2011-04-25",0.00122293903775762,0.0012450704176823,0.00113526056834606,0.00113369075659704,0.00113874336415821
"2011-04-26",0.00549174467658984,0.00571013976037137,0.00595636833587661,0.00592882601034283,0.00581134037375782
"2011-04-27",0.000763121630778179,0.000832104869804479,0.00103948414793534,0.00102690970259965,0.00104966667129405
"2011-04-28",0.000513623571348275,0.000486537957815559,0.000537715970821566,0.000528797930009183,0.000621323978789606
"2011-04-29",0.00102370055462343,0.000565078825395134,0.000284358991311413,0.00028180022747793,0.000539583792949935
"2011-05-02",0.000127969712689637,0.000123797661730548,0.000212824490426677,0.000198548697353764,0.000127769596054834
"2011-05-03",0.000445930478810338,0.000507047142308348,0.000380876713780331,0.000367221531632284,0.000442293676380688
"2011-05-04",0.00245689523327721,0.00214283179428425,0.00213796796586084,0.00216605508258406,0.00262245214522618
"2011-05-05",0.000721860971052838,0.000431705343495313,0.000331240479766258,0.000336449162410889,0.000405442027280365
"2011-05-06",2.10766902313739e-05,0.000141640844320336,0.00015771730303406,0.000157862822037311,0.000115117519657121
"2011-05-09",0.00210585936396007,0.0026475627514951,0.00292412478662314,0.00293233700506904,0.00285231620140932
"2011-05-10",0.00156269827500954,0.00169043003946737,0.00163699421712671,0.00163005343042386,0.00156696603601533
"2011-05-11",0.00128001297802228,0.00139978794755538,0.00149340322737632,0.00148079219035748,0.00152243055003816
"2011-05-12",7.89443739772011e-06,6.12871969247837e-06,3.96035373607694e-08,9.2616010114094e-09,3.26178406800893e-08
"2011-05-13",0.00103264893732938,0.000647435194549112,0.000765750999141356,0.000759221962097949,0.000756414421680919
"2011-05-16",0.000535311648564013,0.000642578103226315,0.000624765958777825,0.000629538413268214,0.000574009908355127
"2011-05-17",0.00284858427391949,0.00237986492524867,0.00214927831170513,0.00218225972310912,0.00204751539526416
"2011-05-18",0.00177462092508796,0.00191726993461189,0.0018892330323947,0.00189708344643409,0.00200114557780387
"2011-05-19",0.00168110559902387,0.00180249944950382,0.00186829757452934,0.00189502440916895,0.00183238127429924
"2011-05-20",0.000609969478184359,0.000544764586613234,0.00034790561862876,0.000354421859262521,0.000351309133531317
"2011-05-23",8.55125437469863e-07,3.16074913634627e-06,3.27437596205033e-09,1.1602293962197e-08,1.53996949965863e-07
"2011-05-24",0.00104864642129077,0.000891723243110994,0.000394520559773843,0.000392707535458908,0.000376387548689163
"2011-05-25",0.000146251642901078,9.21581954281324e-05,1.94134150132998e-05,2.10698976712781e-05,4.04809280067119e-05
"2011-05-26",0.00126983480380679,0.00126716617087164,0.00121476039176518,0.00121753347429861,0.00126517596140984
"2011-05-27",0.003092943115525,0.00306743676379892,0.00307434066978682,0.00306438625912487,0.00316786441318639
"2011-05-31",0.00166156899136304,0.00172275249535964,0.00207110981156959,0.00205053990830166,0.00199720990816844
"2011-06-01",9.08461845129374e-05,4.96445077981738e-05,3.64509076633643e-06,4.49404346590027e-06,8.93382852705921e-06
"2011-06-02",0.000180322356004902,0.000166893996112807,6.49270157020805e-05,7.26249038688511e-05,5.34286569298499e-05
"2011-06-03",1.17490523903404e-05,1.00582730963145e-05,7.2139536771678e-08,6.47841986655538e-07,7.65788623995377e-08
"2011-06-06",0.00986942552427268,0.00989161345431027,0.00907416756676413,0.00906033527982735,0.00893782862190877
"2011-06-07",0.00382001159002707,0.00370502171931115,0.00347464511961397,0.00346238879881849,0.00337937499559806
"2011-06-08",0.00207153942002913,0.00198418523143711,0.00165612591526126,0.00167078781704447,0.00163595386371489
"2011-06-09",4.93780598551256e-05,4.67690608932494e-05,0.000115778422620422,0.000109173537799812,9.69464218903714e-05
"2011-06-10",8.70488729847784e-05,9.9827125083735e-05,4.96921608720392e-05,5.10584087863519e-05,4.99121532421218e-05
"2011-06-13",0.000291015501740313,0.000436635750448832,0.000554419780986052,0.00055951192207448,0.000668197706643306
"2011-06-14",0.00579974771972221,0.00648812210905083,0.00716340125283433,0.00717378542130671,0.00772968698275029
"2011-06-15",0.000731232434923861,0.000749946359637409,0.00102225608112983,0.00102231457414813,0.00121525353516944
"2011-06-16",0.000707864019930038,0.00067972190861095,0.000497257066073123,0.000493307779214251,0.000403332313517705
"2011-06-17",0.0021995722179882,0.00224824988149012,0.00203892097418906,0.00204721327151877,0.0019686603138937
"2011-06-20",0.00358250925014703,0.00326322311905235,0.00271100887277007,0.00270677911445706,0.0026582022503877
"2011-06-21",0.00258246365740877,0.00231729610318999,0.00161974287211358,0.00165540430796575,0.00152099556622651
"2011-06-22",8.51341343582602e-06,1.22112654067633e-05,3.04488443533824e-06,3.32142712899937e-06,7.76618788351522e-07
"2011-06-23",0.00382571625291018,0.0039111168047543,0.00342355649368348,0.00342417707888226,0.00351674054539621
"2011-06-24",0.000245194530843168,0.000377824982625057,0.000429402469269739,0.000435566460323585,0.000476678821444775
"2011-06-27",0.00561364006975069,0.00636551857570824,0.00754971412946953,0.00760415996513941,0.00782715750164263
"2011-06-28",0.00933259742257657,0.0103167714314045,0.0109574733340829,0.0109735243835067,0.0112518871813645
"2011-06-29",0.000467776697026801,0.000654141794378915,0.00111818832558731,0.00111870647100821,0.0011053892530563
"2011-06-30",0.00596024384752596,0.00557128086048246,0.00619861813799193,0.00620455307938142,0.00580959922459892
"2011-07-01",0.00804565746721662,0.00776516567396226,0.00660852806865932,0.00666012678075518,0.00687823029934358
"2011-07-05",0.00219463922631256,0.00230215842392747,0.00226866022751774,0.00227826411250407,0.00247675272306282
"2011-07-06",4.29053890580929e-05,5.90007823597403e-05,4.44106721877068e-05,4.57402126912286e-05,2.45062352170888e-05
"2011-07-07",0.00365966647226768,0.00361587713377534,0.00437034975862944,0.00436327520624998,0.00457043927322407
"2011-07-08",0.000364803209372074,0.000382940917333136,0.000616090769244686,0.00061657083378198,0.000660977504669491
"2011-07-11",0.00122705670043586,0.00111431205099352,0.00085830881368096,0.000854938879174636,0.000882477579008094
"2011-07-12",0.00260644885994495,0.00253281043642469,0.00221711214136844,0.0022179869276325,0.00226312933355979
"2011-07-13",0.000898924805961565,0.00111555608468032,0.00135524642962027,0.00135080191027892,0.00132064354553218
"2011-07-14",0.000757839809429132,0.00053000416909496,0.000466528535044799,0.000470004073465928,0.000464474978036649
"2011-07-15",0.00192604222229897,0.00215210839260649,0.00218237009264736,0.00218305729374747,0.00219746939092362
"2011-07-18",0.0017717861801938,0.00170364276464486,0.00215594352906441,0.00215974818977112,0.00215852637118787
"2011-07-19",0.000866706283647866,0.000819580673577004,0.00110799166799585,0.00110295524171838,0.00102226820232756
"2011-07-20",0.00312896667946877,0.00317103636591062,0.00277642568552849,0.00278515425434003,0.00294864642075234
"2011-07-21",0.00010295546192055,5.56579892513446e-05,5.79522682121023e-05,5.8431639014886e-05,5.18240064514648e-05
"2011-07-22",0.000632174093985484,0.000473551147506025,0.000403652644254787,0.000404831990521669,0.000370127904098426
"2011-07-25",4.3896213020324e-05,7.3777158332048e-05,0.000120192309918176,0.000118547425432413,0.000125756832675161
"2011-07-26",0.00159136302415602,0.00178414762048866,0.00171011147956142,0.00171984347902604,0.00172548497589168
"2011-07-27",1.44071594564123e-05,7.6490160587752e-07,7.39008467859755e-06,8.27544818745248e-06,6.29957887313553e-07
"2011-07-28",2.62809561588338e-05,4.59025485837197e-05,3.31205427049129e-05,3.24869071696915e-05,4.52050513007937e-05
"2011-07-29",0.00536177166364995,0.00648390453641096,0.00618283809419305,0.00612343944238534,0.00592069667109896
"2011-08-01",0.00493375617686963,0.00545447446139962,0.00515108249969707,0.0051347212471936,0.00512422499714107
"2011-08-02",0.00437081428754633,0.00437490793047561,0.00411553694415841,0.00412094817107313,0.00429431921420739
"2011-08-03",0.0135248228924272,0.0140609601795129,0.0141021989173371,0.0140755247848273,0.0152168690049469
"2011-08-04",0.0178492466193383,0.0182466709002326,0.0190643746401731,0.0190787087209657,0.019322101440619
"2011-08-05",0.131095840700598,0.135275041217025,0.144548974926925,0.144596426624559,0.144186115932462
"2011-08-08",0.0942957024804407,0.0971046883862518,0.102701221430547,0.10279575963372,0.103734075327689
"2011-08-09",0.107333171999983,0.109129115133486,0.111122755422675,0.111185244603963,0.111182094078993
"2011-08-10",0.0322672158626644,0.0354438596017163,0.0361581604381475,0.03618006822893,0.036860815683428
"2011-08-11",0.000400359118837635,0.000969990111907402,0.00131446678561323,0.00132082339085448,0.00157073037083993
"2011-08-12",0.0359544103449075,0.0285385901354209,0.0247405007668924,0.0246546819032119,0.0228139004544138
"2011-08-15",0.0585929499884204,0.047094807428748,0.040659356088106,0.040693853753197,0.0380858830890071
"2011-08-16",0.0509396875989056,0.0389830727751013,0.0320041240096379,0.0321377613584311,0.0281436174858354
"2011-08-17",0.0479391057041247,0.0377535435902073,0.0314871931566035,0.0315807977195297,0.029275435618428
"2011-08-18",0.0033733538294438,0.00182398284091958,0.000898138245234873,0.000914204916884594,0.000493688440895273
"2011-08-19",0.00048196843687467,0.00100630046851714,0.00150420578087435,0.00150576791647166,0.00188022917906793
"2011-08-22",0.00472282334685567,0.00473443908685366,0.00511420294041547,0.00509021342682183,0.00500589135836227
"2011-08-23",0.000367964609068125,0.000574667792141782,0.000684313435726061,0.000679576223482749,0.000701096067846388
"2011-08-24",6.92476264411385e-06,1.63724011405599e-05,8.68543339892735e-06,4.65695773792745e-06,1.24191267093076e-07
"2011-08-25",5.74898773627686e-06,2.42560172991245e-05,7.35043629119222e-05,6.90762314128077e-05,9.37956654237172e-05
"2011-08-26",0.0027718491640363,0.00219982521065398,0.00181892072922077,0.00182014700799243,0.00158943076586484
"2011-08-29",0.0284957535821925,0.0263963276414255,0.0253484052590846,0.0254946352831485,0.0245392359843897
"2011-08-30",0.0105413971569125,0.0093340592866693,0.00915944611850565,0.00910612484677652,0.00907023704457665
"2011-08-31",0.00465363578069105,0.00428080673491658,0.00417477540844927,0.00416457448269912,0.0038686288108667
"2011-09-01",0.00784813916822488,0.00678407208364467,0.00661409404460777,0.00656732416750126,0.00673861477719507
"2011-09-02",0.00769927442117525,0.00631834786454857,0.00576041836016833,0.00570452068944892,0.00551056616130802
"2011-09-06",0.0041286773367707,0.00453397127460466,0.00444520581700055,0.00445587476897533,0.00456300453819506
"2011-09-07",0.0051636508823727,0.00488277938948852,0.0049012253939071,0.00487376628477385,0.00473528587830466
"2011-09-08",0.000499254464682292,0.000421660669383943,0.00048294386202946,0.000501431124192757,0.000510398886658807
"2011-09-09",1.72847980328225e-05,6.87662870817316e-05,4.66178481572801e-05,3.95703538983797e-05,8.04516376690523e-05
"2011-09-12",0.00178152691777852,0.00199879402082794,0.00193910895999621,0.00190977601915698,0.00215359919252781
"2011-09-13",0.00305592527430377,0.00280319395008393,0.0026845466910608,0.00273392487070233,0.00276040833046391
"2011-09-14",0.00115801937035947,0.00122390601780832,0.00118006386164957,0.00118147219242112,0.00125368027698392
"2011-09-15",0.00373034958887637,0.00339457860236164,0.00333401607305359,0.00330633843767254,0.00336667732014126
"2011-09-16",0.00875308998386114,0.00783625648052899,0.00756371001425774,0.00754144886300901,0.00738222628679664
"2011-09-19",0.000210842681866187,0.000105890608144953,9.39546291051866e-05,8.90597799193281e-05,7.16364620309775e-05
"2011-09-20",6.60973075232184e-05,0.000152624467947323,0.000124408196173459,0.000125545261356824,0.000164109727398705
"2011-09-21",0.00515606804001914,0.00604714126181257,0.0060525683057245,0.00606922612111831,0.00624088452661079
"2011-09-22",0.0377386645348879,0.0387321666757178,0.0382243281435427,0.0382740130778387,0.0384433948421051
"2011-09-23",0.0112122525037367,0.0119384392868924,0.0125150470243437,0.0124992317630115,0.0126418837928286
"2011-09-26",0.0196746612059102,0.0194147918397654,0.0195030972209425,0.0194727586144995,0.0194796055627977
"2011-09-27",0.00276747480174223,0.00255487458104077,0.00221325546851642,0.00219545893625889,0.00223593760418481
"2011-09-28",0.000955789531595938,0.00115567109250334,0.00114574527393375,0.00116144890198675,0.00116193066362545
"2011-09-29",8.45050931278632e-06,0.000133315219562998,0.000219310749075104,0.000225415531411684,0.000290269922922685
"2011-09-30",0.00149017846362284,0.002157626644075,0.00246698811289485,0.00247143743933418,0.00273706349619917
"2011-10-03",0.00981623421545733,0.0103661513171162,0.010872031796212,0.010837650391024,0.0110770917010789
"2011-10-04",0.100904668802135,0.102255232408112,0.100976499056959,0.100955779566304,0.101062756669994
"2011-10-05",0.0179325102063489,0.0180174818204911,0.0183638808803894,0.018317867797332,0.0180251459478343
"2011-10-06",0.00971804601289671,0.0104415156493377,0.0107824864656729,0.0107796322111754,0.010762815487961
"2011-10-07",3.57528795722126e-05,2.67206887345861e-07,8.97872771093524e-07,9.43832350321613e-07,2.4699155203689e-06
"2011-10-10",0.0218250656941673,0.0203826962560882,0.0202391077242742,0.0202641616256439,0.0199614776593532
"2011-10-11",0.0433739096483914,0.0413340876145247,0.0393849013785733,0.0395262790003613,0.039345406165088
"2011-10-12",0.0295320597888885,0.0289589666124797,0.027731937439599,0.0277848194038199,0.0280108384721291
"2011-10-13",0.0458789708769134,0.0465124065595965,0.0465356037940914,0.0465933098018317,0.0468227773507192
"2011-10-14",0.0461101133022164,0.0433056049329622,0.0427757476501892,0.0428726717657198,0.0428180658230485
"2011-10-17",0.00100480749442828,0.00109490054615966,0.0012028633201291,0.00121081703339052,0.00121576303617444
"2011-10-18",0.00426545477624488,0.00438161110557527,0.00467472666140973,0.0046724759622935,0.00481829910550811
"2011-10-19",2.19888775526218e-05,7.9669597373708e-06,1.39337660413195e-06,1.35716426468181e-06,9.28458636962261e-08
"2011-10-20",0.000232715931784526,0.000308028142669507,0.000235884961439973,0.000236617154081838,0.000203990361461446
"2011-10-21",0.000387156695829895,0.000355013562886822,0.000357719020096575,0.00034698932528952,0.0003511068366922
"2011-10-24",0.00345841505728248,0.00388538467053976,0.00409445090702187,0.004097738554365,0.0041083678772463
"2011-10-25",0.000535598994414055,0.000381646415853125,0.000429348954683048,0.000428744114919785,0.0004018707474415
"2011-10-26",0.00140742725777519,0.00129841107360925,0.00150453820750758,0.00150078543091486,0.00154925660930695
"2011-10-27",0.00766687287863024,0.00694195789893922,0.00706808497109509,0.00704481716913681,0.00712379907815561
"2011-10-28",0.00467492158554754,0.0039496708313742,0.00415114920210351,0.00421227165429659,0.00449557043800472
"2011-10-31",0.000589786082633274,0.00064481538127131,0.000682389368740672,0.000698197260925163,0.00067668406778414
"2011-11-01",0.000562168506656529,0.000720906673896793,0.00117387312001878,0.00116274312768644,0.00118831877710156
"2011-11-02",0.00427344402048393,0.00394330770521373,0.00357775009873733,0.00358885688481206,0.00327235248599468
"2011-11-03",0.00131185952460855,0.00129581788866136,0.0012262210741764,0.00121867422342275,0.00120769759892201
"2011-11-04",0.00478736016357639,0.00504174923272813,0.00489145814378819,0.0048935124049255,0.00484179879779527
"2011-11-07",0.00314979384787821,0.0034827915368814,0.0035715850884299,0.00356944155993127,0.00357433379940861
"2011-11-08",0.0094418178130019,0.00830510570066413,0.00829234859041275,0.00826915850926889,0.00817635227478997
"2011-11-09",0.00150848350081338,0.00134729568514518,0.0012838976911147,0.00128752170780406,0.001306253765085
"2011-11-10",0.00363338808309749,0.00384406942806765,0.00381430258991317,0.00384005303919863,0.00384935172126449
"2011-11-11",0.00245270078937619,0.00253420898032808,0.0026011039061255,0.00261541376766118,0.00264219108852551
"2011-11-14",0.00178835003190648,0.0018626912741068,0.00224621562410516,0.00223366494472817,0.00218824713855642
"2011-11-15",6.05151948688568e-07,2.1967019347495e-06,6.36552551110563e-06,5.93612758747358e-06,5.74324456364399e-06
"2011-11-16",3.85032971581603e-05,9.09156372940457e-05,5.95037014765325e-05,5.99592069883978e-05,5.85497713922545e-05
"2011-11-17",0.000176001229996599,0.00016587114222218,7.33288295954842e-05,7.37836722430837e-05,6.66405414490887e-05
"2011-11-18",0.00173134373519073,0.00216681003742996,0.00250104635013409,0.00251738160042025,0.0026807811323813
"2011-11-21",0.000954247173255686,0.000657602913141726,0.000398320132301113,0.000395920125057404,0.000430385489335101
"2011-11-22",7.48919742681436e-06,8.03292964155597e-06,5.0067695815846e-06,5.01468963200575e-06,5.38049852813129e-06
"2011-11-23",0.00119281642825427,0.00120068000035932,0.00111973976017263,0.00111191271938943,0.00106280357556471
"2011-11-25",0.00123762694040024,0.000999699025435087,0.0010920584937027,0.00108904559328819,0.00107064220631189
"2011-11-28",0.00195543381163831,0.00195091903375914,0.00216058676877759,0.00217509593994463,0.0021475429399093
"2011-11-29",1.90154181351795e-05,2.56029436677421e-05,5.3794612795012e-05,5.44568496573807e-05,4.73563793257586e-05
"2011-11-30",0.00338986603553731,0.00339366221651561,0.00346602121738191,0.00348163778691817,0.00348203254048129
"2011-12-01",0.00453182432282164,0.00450341207904728,0.00471788339774327,0.00476881655476202,0.00488919161547967
"2011-12-02",0.00638387081175445,0.00612531678706517,0.00594622481445159,0.00597827196820585,0.00600807792463834
"2011-12-05",0.00160140005493388,0.00165198128657502,0.00160799594396908,0.00159563037253508,0.00159775056695006
"2011-12-06",0.00637981144719215,0.00653555813259413,0.00671969082415286,0.00671752115133469,0.00666998548122708
"2011-12-07",0.00180401138369559,0.00184819048398266,0.00190209850877675,0.00189701404640121,0.00189499905578742
"2011-12-08",0.000205266359524226,0.000226603592590409,0.000264794962776239,0.000265636072429526,0.000259838157688097
"2011-12-09",0.00295637054322502,0.0029297722359975,0.00304205393111859,0.00301768342703523,0.00299944045834162
"2011-12-12",0.00114318347003371,0.00111265825230512,0.000960011587317653,0.000962737452228869,0.000955105165513324
"2011-12-13",3.74287069573742e-05,4.69518794830681e-05,0.0001542882770394,0.000150637097202496,0.000153189373431947
"2011-12-14",0.000618340119351782,0.000616686396813886,0.000468746922199472,0.000468985689943296,0.000481446282498552
"2011-12-15",0.00114167311907194,0.00106543432989684,0.00100531549418789,0.00100721014545896,0.00101920719622514
"2011-12-16",0.00178394139112424,0.00177666183148311,0.00168801221894762,0.00168495722429387,0.00166971029976084
"2011-12-19",0.00100983813947896,0.000994701522944845,0.00101423254359419,0.00102220278412042,0.00102890301037144
"2011-12-20",0.00363607253849794,0.00358348796169809,0.00350477800515788,0.0035105626434199,0.00351470626510118
"2011-12-21",0.002503088173363,0.00242270570522388,0.00242150228814022,0.00241700156878975,0.00247701665538987
"2011-12-22",0.0102822664455691,0.0101064730523313,0.0101738841831837,0.0101990226718265,0.010216471619446
"2011-12-23",0.008540297630111,0.00831433353839771,0.00809284934830037,0.00808377717624453,0.00807744483254632
"2011-12-27",0.00332291671446641,0.00323689022574401,0.00318509943275221,0.00319077953119196,0.00324939213645802
"2011-12-28",0.00130914902014915,0.00133581701994815,0.00135483387292385,0.00135223198587727,0.0013794119972141
"2011-12-29",0.00340826092577759,0.00336017897248785,0.00320876845610056,0.00321900532957972,0.00317112075325272
"2011-12-30",0.00378762012613177,0.00374749160506969,0.00364829282620562,0.00363762431951512,0.00365837487102496
"2012-01-03",1.50540585543988e-05,2.53484093498681e-05,2.00276767333387e-05,2.07741573008342e-05,1.84731449029119e-05
"2012-01-04",0.00040886913571332,0.000505839997233871,0.00053838746739818,0.000525530030873496,0.000497365733564254
"2012-01-05",0.000651156736318243,0.000699582582177774,0.000716995213977678,0.000731293429057324,0.000749742890920812
"2012-01-06",0.00204303687703449,0.00205017014461873,0.00203616812240153,0.00207400434578232,0.00214415896169707
"2012-01-09",0.00156888376898136,0.00154210192465994,0.0015876612069807,0.00157397431764192,0.00159088208178631
"2012-01-10",1.23497139326415e-07,3.54923141453752e-08,1.00873196063918e-06,1.14211454845001e-06,5.95284840274732e-07
"2012-01-11",7.13221179653426e-06,3.1104697023108e-06,1.52809871927478e-06,2.0004866027014e-06,1.40854728009665e-06
"2012-01-12",4.12546215336246e-05,3.81307919662922e-05,3.62460185752682e-05,3.14315352156107e-05,2.8020900968906e-05
"2012-01-13",0.00028916703196103,0.000280515864396442,0.00026465237170418,0.000259699382780508,0.000260109682366758
"2012-01-17",0.00214655767431109,0.00227712468588625,0.00212945353619179,0.00216236794231327,0.00220746312249141
"2012-01-18",0.00179128331008627,0.0018471572289253,0.00181707035238434,0.00181007321734444,0.00189424003333179
"2012-01-19",0.00246974894398423,0.00255661395609284,0.00254711647819879,0.00259837068617859,0.00270555289343517
"2012-01-20",0.00128276623058101,0.00129220302464825,0.00133199594727142,0.001333396251199,0.00138872274804791
"2012-01-23",2.17661214099901e-05,2.73323760891146e-05,2.57694002467752e-05,2.4520092900733e-05,2.5400860485083e-05
"2012-01-24",0.000187754500109911,0.000183990730209992,0.000177023509204875,0.00017562223591546,0.000171833235372701
"2012-01-25",0.00775943876753389,0.00776587206470204,0.0079802256236691,0.0080645374332867,0.00789442403157953
"2012-01-26",5.20392126324841e-06,5.15197944361534e-06,6.94175381927471e-06,6.65881470685936e-06,4.1020856180044e-06
"2012-01-27",0.000104082399873153,9.9309828639036e-05,0.000109782508675514,9.68980465595867e-05,0.000111498609853364
"2012-01-30",2.78333974625592e-06,2.33097971967645e-06,4.27626293792479e-06,4.1164136542864e-06,2.24831936770622e-06
"2012-01-31",8.2037426370166e-05,0.000119305283614816,9.5275882840283e-05,9.41543973982209e-05,9.25942338663202e-05
"2012-02-01",0.00400750413232409,0.00412366077424252,0.00402849467698655,0.00414502564610066,0.00390561526661109
"2012-02-02",0.00117798056042935,0.00113656480386254,0.00109526852520101,0.00112811345054112,0.0011135833885887
"2012-02-03",0.00208587525927393,0.00185492131917974,0.00172611391708024,0.0017974953334886,0.00184577745596852
"2012-02-06",0.00140907050760057,0.00139395578802748,0.0013142769508723,0.00134706548227398,0.00147089581879054
"2012-02-07",0.000688016458213401,0.0006974461446939,0.000741602292728529,0.00076722835180899,0.000762413262231714
"2012-02-08",0.000198325602763461,0.000230626644829882,0.000222372626026121,0.000214402231600488,0.000227948330168959
"2012-02-09",0.00758586763746963,0.00745550094679772,0.00720234642097551,0.00701756076280078,0.0069124042300991
"2012-02-10",0.00717116295197946,0.00711139125138761,0.00698553792505156,0.0069334903618107,0.00691988842571477
"2012-02-13",0.0036066547228514,0.00347014921628817,0.00357440132635481,0.00356454659275841,0.00339421611187291
"2012-02-14",0.000582948851395988,0.000544044871122937,0.000550889699727249,0.00052445625618937,0.0004791642881633
"2012-02-15",0.0749015480649818,0.074199391338003,0.0747420721094549,0.074671099999715,0.0746255875745971
"2012-02-16",0.016390000793607,0.015705336143222,0.0160380958528043,0.0159905454785882,0.0156999853537489
"2012-02-17",0.000339427839734162,0.000298538491359322,0.000186467958900944,0.000156313735571755,0.000107980930494093
"2012-02-21",0.00070659440633325,0.000517833982413081,0.000436313420401966,0.00039648485692257,0.000349261826370681
"2012-02-22",0.00263603403187533,0.00249384233089828,0.0023703397874721,0.00229924026562443,0.00232466747776503
"2012-02-23",0.000694155009051885,0.000845208735950381,0.00108759287541205,0.00112104474727063,0.0011942732418407
"2012-02-24",0.0199078526888994,0.0210896478513676,0.0214414052516754,0.0217071816023129,0.0222379179494093
"2012-02-27",0.00167112079587733,0.00209383589458049,0.0019695091263231,0.0019953693967555,0.00212720039651354
"2012-02-28",0.00153390555195532,0.0016947712822413,0.00180728721541973,0.00190253935350896,0.00199414719608378
"2012-02-29",0.00227019088063999,0.00207226382429088,0.00196477544613118,0.00180796887835406,0.00181397560186616
"2012-03-01",8.73004321519282e-05,0.00010522441850641,0.000133245305269978,0.000187321215435446,0.000187700447285188
"2012-03-02",0.00118098396479127,0.00115949132380695,0.00117298088643477,0.00122736308081867,0.00117819964235819
"2012-03-05",0.0178583862526114,0.0177794689132914,0.0173725274250276,0.0174561285870172,0.0176140662229987
"2012-03-06",0.0164668236085954,0.0164254421658763,0.0161822499884728,0.0163287306099128,0.0161622077161924
"2012-03-07",0.00951472700459142,0.00957787988393902,0.00915012019898648,0.00916573828573965,0.00894575573052316
"2012-03-08",0.00226676211484957,0.0022835568791464,0.0024956958470264,0.00253805491660411,0.00255107819276652
"2012-03-09",0.00271817514509098,0.00276258819180814,0.00281606314695863,0.00288164544771247,0.00288247708276784
"2012-03-12",0.0119810264450575,0.0123129034042565,0.0125801016817043,0.012786947519299,0.0129172739556872
"2012-03-13",0.0155237890081622,0.0162200664905482,0.0158358746127322,0.0160330474041941,0.0160633818280682
"2012-03-14",0.00260326072428486,0.00247825584317003,0.00214159733958023,0.00200997713778313,0.00186795114229444
"2012-03-15",0.0154273128402249,0.0155622911454083,0.0149196344589639,0.0147142534481973,0.0146542908282929
"2012-03-16",0.00332734581545063,0.00341640315438017,0.00323479205693696,0.00324291444848843,0.00326035366640219
"2012-03-19",0.0067452630331964,0.00678243121817485,0.00659747906510149,0.00649633111537116,0.00655313591766378
"2012-03-20",0.00523532992319446,0.00515740990329865,0.0050888860060231,0.00514983712451186,0.00509835356566453
"2012-03-21",0.0047946293625628,0.00528574323211036,0.00555540507472393,0.00540276398574821,0.00552489250178482
"2012-03-22",0.00942089159790434,0.0109837674182045,0.0111034124171208,0.0111427644090767,0.0114662436953246
"2012-03-23",0.01186186965079,0.0131252275030462,0.0133809743358167,0.0133833209952739,0.0136313691608827
"2012-03-26",0.0126049982543493,0.0140968235540121,0.0144569281795073,0.0143069171377081,0.0150889480701195
"2012-03-27",0.00885341699392581,0.0095082691262259,0.0100116826951811,0.010161978842896,0.0103929012558403
"2012-03-28",0.000608744697084255,0.000618800136211748,0.000710539714026335,0.000806819720822646,0.000863760333990584
"2012-03-29",0.000651456577780464,0.000614802326551522,0.000679379394064496,0.00064310557781285,0.000598112800629114
"2012-03-30",1.34083141500228e-06,6.78991436513656e-09,3.59813818379389e-06,2.69014559670567e-06,1.42593821035609e-05
"2012-04-02",0.000120594061854316,0.000158273578141349,0.000186908166927884,0.000157835816204691,0.000157063065764848
"2012-04-03",0.000481188390620857,0.000424735963033242,0.000357339130514795,0.000368702501410642,0.000256672030386673
"2012-04-04",0.000621775639044855,0.000581271340348154,0.000704168940614549,0.000701673016052125,0.000779348815155536
"2012-04-05",0.00378487692478275,0.00385547426815863,0.00391913852464991,0.00408345464144366,0.00395175200390387
"2012-04-09",0.000397184042759933,0.000467119212890255,0.000515975832604298,0.000563184898427842,0.000715044980628305
"2012-04-10",0.00550934398436336,0.005607973938507,0.0055346613045523,0.00540019139640927,0.00545656643866987
"2012-04-11",0.000945426568460632,0.000942877587507196,0.000796842042558492,0.000812726501307541,0.000751605605947428
"2012-04-12",0.000642391642111776,0.000547108343874351,0.000537257392867699,0.000579944020123723,0.000542264754891294
"2012-04-13",0.0075801135425963,0.0070314549686831,0.00640326518387336,0.00655796759496524,0.00692983112846225
"2012-04-16",0.0503273398178379,0.0502998939065744,0.0491723440389318,0.0482798311557807,0.0463161738300546
"2012-04-17",0.00553665534502279,0.00560053897915593,0.00522821676380797,0.00529349667629432,0.00482665629114288
"2012-04-18",0.00763698589003623,0.00755037547365084,0.00735080069363772,0.00693585827179607,0.00698838078875972
"2012-04-19",0.00762980111952343,0.0074085715342883,0.00662765142771993,0.00652550535808885,0.00653707914302386
"2012-04-20",0.00380152261318242,0.003685027486608,0.00308248856773297,0.00306890857142125,0.0032955533876915
"2012-04-23",0.0157930725924711,0.0145892927980212,0.013667057342813,0.0132227784520403,0.0131018071051702
"2012-04-24",0.000262434722168938,0.000214861402847097,0.000180028639863008,0.000187161178215302,0.000145939541870217
"2012-04-25",0.00223589001635522,0.00242531699627827,0.00255471119866118,0.0025459886856779,0.00259177002421504
"2012-04-26",0.0105550532823426,0.0102483444957753,0.0103039751420538,0.00940437811071078,0.00961746078701556
"2012-04-27",0.0220924240910645,0.0213506966051727,0.0218165569400383,0.0223577316974963,0.0243681112406701
"2012-04-30",0.0187783640279596,0.0196036755925187,0.0211483030167687,0.0226489962330678,0.0233592294531714
"2012-05-01",0.00561799344302198,0.00589119905201515,0.0058714485110802,0.00637210838014446,0.00621239585655176
"2012-05-02",0.00180852350072921,0.00202215642979396,0.00143846614172581,0.00157512911995325,0.000909681020317034
"2012-05-03",0.00366296003077258,0.00383994368125812,0.0035410905920188,0.00373096818896457,0.00341921008467829
"2012-05-04",0.000264428628768429,0.00028152166957118,0.000279592759172928,0.000200532398032156,0.000237243731550279
"2012-05-07",0.000321138211962343,0.000297102459879375,0.000313523657994912,0.000250586265427732,0.000190094134962877
"2012-05-08",0.000162128922655922,0.000134258434864585,0.000123065556939373,0.000158621809390009,0.000142992261457779
"2012-05-09",0.00024013844410949,0.000253652382608447,0.000292460756410833,0.000310500933948283,0.000454276407527712
"2012-05-10",0.00329653227490838,0.0034198711360852,0.00346400020583768,0.00351699520191389,0.00403989238739512
"2012-05-11",0.00211863410762755,0.00221193943960173,0.00209781273363673,0.0021728159956534,0.00238098679246651
"2012-05-14",0.00317043787815103,0.00331709115993489,0.00317175546358478,0.00338060216312862,0.00367738705968687
"2012-05-15",0.000946209846374857,0.000961556717757992,0.000920164312125804,0.000903638837284762,0.000885787809872113
"2012-05-16",0.000186478919934855,0.000153072206375381,0.000130783464623906,0.000135520356174213,7.51347441705938e-05
"2012-05-17",0.00389772026808628,0.00390114383792463,0.00365300182605286,0.00337379433579149,0.00378425173217432
"2012-05-18",0.00559870452546972,0.00557088655807173,0.00522756406685777,0.00519338185541041,0.00517075543451715
"2012-05-21",0.00160111680846622,0.00163519015121721,0.00158227973301692,0.00153877701607641,0.00157654183640913
"2012-05-22",0.00196642925819445,0.0021466685358469,0.00196561779655522,0.00197446638730635,0.00231907371482742
"2012-05-23",0.00211062082861292,0.00215215905156719,0.00218148800479976,0.00215418092158152,0.00245731506338992
"2012-05-24",2.5844309992239e-10,1.0735946752803e-06,1.11539617495288e-06,6.8833568459666e-06,1.69666821303355e-05
"2012-05-25",0.0107374226595348,0.010518052035314,0.0102099289350065,0.0101726470216568,0.00959573278615558
"2012-05-29",0.00349495978783381,0.00338661126011289,0.00386165878046182,0.00389131908820484,0.00346306582437231
"2012-05-30",0.00335697443745033,0.00343426925372733,0.00381765812550942,0.00383378539801573,0.00372759345512134
"2012-05-31",0.00564011499523932,0.00547746792850488,0.00562953638853864,0.00533446604483405,0.0050768063042388
"2012-06-01",0.00725618340890277,0.00719974429016494,0.00703447946360418,0.00702230666388565,0.00633467489529823
"2012-06-04",0.0115718750812362,0.0113115019457334,0.0105052049425408,0.0106665065380476,0.010319512626302
"2012-06-05",1.17891072362545e-06,4.63887895433035e-06,4.85999729782118e-06,8.00167232865754e-06,2.51103754115479e-05
"2012-06-06",0.00819319032377217,0.00821940614593273,0.00789407363905839,0.0083811438002103,0.00836163978542291
"2012-06-07",0.0057380047945725,0.0055082854840518,0.00561204264632117,0.00577704622772148,0.00527136015870309
"2012-06-08",0.0135338053773877,0.0130189821264007,0.0127037426562309,0.0126812720092397,0.0122183903728304
"2012-06-11",0.00348336583561889,0.00353101480396,0.00319803481208674,0.00319710332243952,0.00335825586396406
"2012-06-12",0.00172252831390681,0.00176245771299087,0.00170068008887224,0.00168388774102465,0.00180933176862848
"2012-06-13",0.00153697294262866,0.00153320621070127,0.00161632763733093,0.00163495887846698,0.00175197181837267
"2012-06-14",0.00082059555182266,0.000747571756571406,0.000698020651403098,0.00074936650299803,0.000640963245507132
"2012-06-15",0.00343092490561625,0.00334222617381034,0.00337238005783992,0.00348209722135924,0.00349006554995397
"2012-06-18",0.00115590884970477,0.00115063500034529,0.00121217244155442,0.00128983930388811,0.00152088523594372
"2012-06-19",0.00249090638567352,0.00247202626802825,0.00244915042407083,0.00247392714938798,0.0023541045106417
"2012-06-20",0.000152316764873169,0.000138192799256275,0.000109774029644916,0.000101156333113597,9.4358610693726e-05
"2012-06-21",0.00229088435311707,0.0022039532090499,0.00202428951964956,0.00188665701354047,0.00190210536099194
"2012-06-22",0.000328195421289671,0.000339277757258625,0.000322726802746054,0.00028971535308882,0.000282714927049427
"2012-06-25",0.00102914734324597,0.00108274271369834,0.00112892529578569,0.00107040939627296,0.00117930787551542
"2012-06-26",0.000177854034910683,0.000198364636057364,0.000209135805723698,0.000266288411100844,0.000289893910872125
"2012-06-27",0.00662114565296928,0.0064973877764792,0.00639978309741744,0.00647241217071827,0.0061067692886974
"2012-06-28",0.000835019698704306,0.000763182231400543,0.000736116241515649,0.000818725100078256,0.000756434570183923
"2012-06-29",0.00508913863680698,0.00502823989583517,0.00502614937240228,0.00508421315435428,0.00518784171607639
"2012-07-02",0.00031074611915484,0.000315149759137292,0.000314072273839465,0.000385302533366244,0.000420229925192288
"2012-07-03",0.00606351858704738,0.00608624540161106,0.00600815054209878,0.00626299283489439,0.00605504603722106
"2012-07-05",0.000427677975936566,0.000427226075611868,0.00043429338253164,0.000499561571920432,0.000540156087359732
"2012-07-06",0.000719011974848539,0.000668958736838842,0.000588398188320962,0.000635852310286424,0.000642573273802007
"2012-07-09",0.000419393929443029,0.00043428320061464,0.000438716485678911,0.000367591349637312,0.000382244515158836
"2012-07-10",0.000335754829690953,0.000364392548516392,0.000346891224944569,0.000302227125447997,0.000364806015906688
"2012-07-11",0.00398630614712143,0.00415966744022782,0.00403382705608082,0.00408464330951658,0.00405003241312149
"2012-07-12",0.0021162557023391,0.00212162111679251,0.00210049525332947,0.00205397223632908,0.00187394739262115
"2012-07-13",0.00111812361215048,0.00115603255158198,0.00121803186882975,0.00121823263533292,0.00132158836736935
"2012-07-16",0.000813441566652781,0.000874389965916965,0.000944807163904112,0.00104647584297905,0.000923280822420144
"2012-07-17",0.000191680304361646,0.000187852327053737,0.000253942193801483,0.000257399476657879,0.000210881679190029
"2012-07-18",0.00516248793288249,0.00520310344609956,0.00521419783358969,0.00526591503308737,0.00510826420009263
"2012-07-19",0.00406009373353164,0.0040307383129999,0.00363668802040954,0.00360841494928283,0.00335412262519344
"2012-07-20",0.00225033089640396,0.00229885761154981,0.00226223457316623,0.00232867604240275,0.00248435418472895
"2012-07-23",0.0052486758569416,0.0052285796573221,0.00528973799628494,0.00559162666643557,0.00557642578392874
"2012-07-24",0.000285282808878216,0.000306035613538088,0.000291124683879264,0.000328790314357917,0.000328902132632042
"2012-07-25",0.00754045932187537,0.00781784340613893,0.00775862936505163,0.0076770818948242,0.0072510938695828
"2012-07-26",0.000539192671725923,0.000551368970549482,0.00057342796424402,0.000945575190297118,0.000949417645141454
"2012-07-27",2.2912706150171e-05,2.39836462594873e-05,3.90211170380345e-05,5.18719765648351e-05,6.92511128648296e-05
"2012-07-30",5.02981488045211e-07,4.41591228004475e-07,1.81320895657511e-06,2.44017331132841e-05,1.91710553473008e-05
"2012-07-31",0.000896435243795737,0.000882102405532627,0.000717188269926097,0.000642885933961108,0.00062005976359105
"2012-08-01",0.000546292035264698,0.00052971642567748,0.000282940574831304,0.000382555802337999,0.000161934020559874
"2012-08-02",0.00014018782728133,0.000135405874749835,4.74175562302604e-05,5.76630123792546e-05,1.23278894490921e-05
"2012-08-03",0.00564029236572016,0.00558349170209919,0.00481248274449165,0.00488841380823736,0.00489810417114466
"2012-08-06",0.00478758222597447,0.00484002606460516,0.00449500277256477,0.00465727692353348,0.00458959991807614
"2012-08-07",0.0022165961911245,0.00222112898597143,0.00224459774851802,0.00225075549100307,0.00235552002876578
"2012-08-08",0.00688226632350678,0.00687722986578609,0.00682700398747768,0.00681239290407553,0.00695128699040681
"2012-08-09",0.0112796466115729,0.0112474921858263,0.010838696123668,0.011091778679466,0.0107766580714846
"2012-08-10",0.00560650766829407,0.00560078033853877,0.00558978828887191,0.00580027684137132,0.00592737925618193
"2012-08-13",0.00237101976778788,0.00237055383754109,0.00245552301955038,0.0028324091248524,0.00295620806352099
"2012-08-14",0.00056663491461036,0.000572240294423194,0.000583537116978858,0.000722314423168008,0.000784361754763041
"2012-08-15",0.000875296181330815,0.000881302333785147,0.000863296724402413,0.000962425558618918,0.00106259998105763
"2012-08-16",0.000751495505757,0.00076435335810929,0.000779903403951311,0.000707746159837278,0.000706222057550424
"2012-08-17",0.000340687615352588,0.000339270040141736,0.00035404158591179,0.000345791941732916,0.000362098712683878
"2012-08-20",0.00110897264321607,0.00110287098276856,0.000998228416044735,0.00100370606172308,0.00101321299421822
"2012-08-21",0.0143064471233623,0.0142280825541126,0.0139820562832298,0.013691748139642,0.0132918582449111
"2012-08-22",0.00591114658076244,0.00589000018442082,0.0055910305117932,0.00534485003271418,0.00504741460663901
"2012-08-23",0.00671856316234379,0.00671386409580045,0.00647069293752563,0.00659441558062015,0.00621060670799314
"2012-08-24",0.000789273003284684,0.000785528841010533,0.000788831877621035,0.000691639369775406,0.000600113113507409
"2012-08-27",0.00122574902273793,0.0012018425082594,0.00107356678318727,0.000909037933008977,0.000812703006003356
"2012-08-28",0.00540346213300935,0.00556083499580906,0.00577575923990982,0.00642618514509841,0.00682981342837767
"2012-08-29",0.0107700662672123,0.0107657612622171,0.0115394071896627,0.0119254819854529,0.0125225335701812
"2012-08-30",0.00581367354415268,0.00583707028580483,0.00605567509651374,0.0068358209158919,0.00692374568544606
"2012-08-31",0.00028958790247746,0.0002907161003108,0.000332569851112617,0.000397094321335693,0.000313551160581132
"2012-09-04",0.000909976286698301,0.000942562250171436,0.000872507804915563,0.000991950653490904,0.00132130562992507
"2012-09-05",8.06938815802349e-05,8.01571597835566e-05,0.000162070792184799,0.000168519656838458,0.000219164805148843
"2012-09-06",6.26213689658942e-05,6.7526459108731e-05,9.48249489882041e-05,0.000114183261639754,8.48542570093435e-05
"2012-09-07",0.000772740261402203,0.000803637298631258,0.000841804443453442,0.000922585063554541,0.000867888230571316
"2012-09-10",0.0004361007421114,0.000466640311783539,0.000494781690088167,0.000511743574505636,0.000567771827813127
"2012-09-11",0.0026797870636095,0.00271900242625069,0.00270748543617487,0.00258487880811565,0.00257383252174012
"2012-09-12",0.0181091404525249,0.0181337485663722,0.0183058106934035,0.0182620329820622,0.0182161710061357
"2012-09-13",0.000731863299243579,0.000743027874682072,0.000590770171546516,0.000550801162141062,0.000586857602739265
"2012-09-14",8.77691373180763e-05,8.44074150927187e-05,6.49455698512574e-05,6.61571651488822e-05,6.20230207312429e-05
"2012-09-17",0.00164399396149618,0.00167436768179906,0.00186789459925557,0.00248860910912134,0.00207723029393966
"2012-09-18",0.00588639217726369,0.00599864235726798,0.00647123696672267,0.0072225813820218,0.00798571881836157
"2012-09-19",0.0200008710392702,0.0203499677359236,0.0208388440481663,0.0223726520246916,0.0236896685679657
"2012-09-20",0.00843957813770438,0.00828543221413651,0.00807868825739345,0.00765390171348498,0.00747730068759414
"2012-09-21",0.00888484427639324,0.00875133441342242,0.00807380224465259,0.00785491362155223,0.00819356976322575
"2012-09-24",0.00312563812373495,0.00312095739015132,0.00342320928140996,0.00322914067890623,0.00282195953662799
"2012-09-25",0.000768107555511841,0.00077533841697669,0.000599759619952565,0.000588355045437805,0.000544597386298738
"2012-09-26",0.0125637076686043,0.012599699498537,0.012438834178993,0.0119064649564429,0.011664370710576
"2012-09-27",0.00582808071939788,0.00587983303861494,0.00554233026321023,0.00557221890618629,0.00533370813289431
"2012-09-28",0.00643686110202237,0.00636942410986636,0.00641928744152175,0.00632451856380676,0.00612332391361213
"2012-10-01",0.00421300272410987,0.00410639692696276,0.00414124158557243,0.00355051024394911,0.0035679699387303
"2012-10-02",0.0076736702616818,0.00761554354045361,0.00782437463485651,0.00768865876128694,0.0073436472506324
"2012-10-03",0.000851593072758651,0.000888909312530846,0.000790733368575696,0.000916270022642766,0.000942012232205486
"2012-10-04",0.00176985763770118,0.00178860802361656,0.00172950392506915,0.00183454073319189,0.00204923085581834
"2012-10-05",0.00017702983239872,0.000152819220838773,0.00017039457623562,0.000257347617339025,0.000356508166509152
"2012-10-08",0.00398630335150212,0.00417786100927363,0.00381136097072743,0.00378252704947047,0.00346697697481745
"2012-10-09",0.00584476199802723,0.00588415631867137,0.00568568831496585,0.00550625019217311,0.00496207564802034
"2012-10-10",0.000139459757772328,0.00012885128171772,7.62350857607984e-05,9.00695784022259e-05,6.56965345297716e-05
"2012-10-11",0.000696880367240955,0.000650505581116115,0.000610051802950975,0.000573999699803637,0.000408358147350188
"2012-10-12",0.000125494463226669,8.49063355521191e-05,8.43066925478679e-05,0.000114411790462359,9.542249649067e-05
"2012-10-15",0.000145250684430077,0.000188145343456185,0.000247061212840103,0.000341092952126855,0.000561023363590534
"2012-10-16",0.00746579135253067,0.00795305217062655,0.00792100526726608,0.00786500682698161,0.00849527124546834
"2012-10-17",0.00491604463419216,0.00496868017241707,0.00531643412082906,0.00523779559462849,0.00527477750360429
"2012-10-18",0.000549658768213674,0.000583055134350541,0.000630998098791237,0.000986013362596389,0.0012589474229439
"2012-10-19",0.00157220672146115,0.0016143450393331,0.00159264661316503,0.00167597516969957,0.0016804685444627
"2012-10-22",6.88811486212255e-06,2.13458671207263e-06,4.3831266096151e-06,3.15354650500804e-07,1.28954423509183e-05
"2012-10-23",0.0214428316932886,0.0211186852241883,0.0209197100037769,0.019976422279972,0.0191330000817836
"2012-10-24",0.00887934232975968,0.00887617580564405,0.00892313161141095,0.00864497970999016,0.00974145237337299
"2012-10-25",0.0011014581675314,0.00113345797435301,0.00123410430747601,0.00185423644552419,0.00130143943159845
"2012-10-26",0.0157150307792784,0.0165929212871717,0.0169710328131615,0.0161463589020293,0.0142705501966895
"2012-10-31",0.00102819863613821,0.00111991668505062,0.00168187278426527,0.00157124614284712,0.00119923843608978
"2012-11-01",0.0159863670839874,0.0164499676633709,0.0149637190825164,0.0150730096259021,0.0152735650638564
"2012-11-02",0.0120815496355978,0.0122385606877532,0.0113538742081649,0.0120771109829051,0.00925763354218582
"2012-11-05",0.000508064187813036,0.000492034896437364,0.000307040571130594,0.000301987373099324,0.000664022662554438
"2012-11-06",0.0177589054026317,0.0178700632619266,0.0184977879993209,0.0193321955061084,0.0187816910788178
"2012-11-07",0.00189228045637008,0.00188816723785178,0.00198014917523145,0.00211260286551476,0.00223787016167293
"2012-11-08",0.0345069603267332,0.0346120682991746,0.0362642028283628,0.0334858180406192,0.0344145309534962
"2012-11-09",0.0170558752993261,0.0170681997039047,0.01752197405627,0.0167217576340867,0.0165013308686078
"2012-11-12",0.000555668637378515,0.000498886635579954,0.000876817366733173,0.000494569495460702,0.000376317204570639
"2012-11-13",0.00661763602219696,0.0066266578242364,0.00651661665382496,0.0055885317160186,0.00562857303249424
"2012-11-14",0.0002044484501778,0.0002006343698151,8.07895931945398e-06,4.81581365633542e-06,2.6520793923587e-06
"2012-11-15",0.000297390757979401,0.000292032035539616,0.00033614215270434,0.000248107507392662,0.00022851857998474
"2012-11-16",0.00591763854969512,0.00592130205811644,0.00597060132951922,0.00677724245887799,0.00778346815131227
"2012-11-19",0.00419277472867402,0.00439349841982991,0.00406912742696887,0.00478791312558821,0.00444834169262658
"2012-11-20",0.00134731575246322,0.00137924845134223,0.0015185191816408,0.00156263297466546,0.00112207876925353
"2012-11-21",0.0072677367340928,0.00724700725891968,0.00723618468729407,0.00637488688804827,0.00593909706778268
"2012-11-23",0.030358540677458,0.0303740305670281,0.0296052077503231,0.0276912889369615,0.0255865308497411
"2012-11-26",0.0371873617562625,0.0371561581271461,0.0363058294085532,0.0334407523867993,0.0331735964633562
"2012-11-27",0.00257458843100999,0.00271378700534828,0.00231491776023402,0.00262567205437655,0.00252037614420026
"2012-11-28",0.00631911324815453,0.00637462206498321,0.00760347023605925,0.0081251331636137,0.00839452306563382
"2012-11-29",0.00226018231171445,0.00228752964213731,0.002689096525167,0.00405936864866113,0.00370381256892306
"2012-11-30",0.00444348994287857,0.00445794668592805,0.00447409066891542,0.00589410123120186,0.00638585668031691
"2012-12-03",0.00195439929694945,0.00197917805710392,0.00252050344311332,0.00312310368031347,0.00329990626746859
"2012-12-04",0.00171663488061879,0.001716916480075,0.00242284341099204,0.00238509119316675,0.00232569807488509
"2012-12-05",0.0121892530085539,0.0122363251571264,0.0120022957548297,0.0127325509981861,0.0131442121274171
"2012-12-06",0.0348757005827704,0.0348690107370574,0.0334628170734724,0.0331524414219812,0.0335512166123615
"2012-12-07",0.0270442596973821,0.0269961336878854,0.0258989058441117,0.0239306112754567,0.0241679286796849
"2012-12-10",0.0329367815755008,0.033002096709127,0.0322817393239731,0.0309823292532396,0.030027010840529
"2012-12-11",0.00207434193935257,0.00208509666021356,0.00190867782120372,0.00177952083451379,0.00178511325969334
"2012-12-12",0.000885822092235255,0.00090438100906806,0.0012170460047787,0.00154688186477158,0.00157927326170971
"2012-12-13",0.00804327224153466,0.00811647865416121,0.00975767932752187,0.0104940823837512,0.0117542145194438
"2012-12-14",0.00499343769617033,0.00538572615079375,0.0059356182543881,0.00761941919829633,0.00812786444889673
"2012-12-17",0.000622703413979452,0.000557650818612482,0.000364212575665549,0.000114379309824385,1.46566155974162e-07
"2012-12-18",0.000916626180806853,0.000927277633565257,0.00113691363077244,0.00140322838365175,0.00202435154717763
"2012-12-19",0.00645208602362988,0.00649671817153235,0.00702021120809076,0.00692498595574826,0.00650824906470231
"2012-12-20",0.00526639142172808,0.00531513298386945,0.00545065651647891,0.00598582132988405,0.00621178830991681
"2012-12-21",0.0167450689953111,0.0168264895439144,0.0170464077727733,0.0184825600414112,0.0180423568232906
"2012-12-24",0.0322599857330736,0.0327349583484442,0.0353562467261333,0.0344370349139484,0.0353191472409624
"2012-12-26",0.0225108297219731,0.0225944771964052,0.0243963038765617,0.0249311920943685,0.0238336895559809
"2012-12-27",0.00605990197429164,0.00598557095921314,0.00625917226993047,0.00683842793277682,0.00672294273281077
"2012-12-28",0.0113008963461634,0.0112629091506222,0.0115726136824449,0.0129226977116539,0.0128997329300515
"2012-12-31",0.00279203173255853,0.00283774761883121,0.00349413434426833,0.00441553438246316,0.00494122286468781
"2013-01-02",9.81668253996399e-06,7.2873941086775e-06,2.00464806341928e-05,4.40047356909923e-05,6.26842955564691e-05
"2013-01-03",0.00202052664148133,0.00204176269704075,0.00198548045247597,0.0026959816836849,0.00312097439572188
"2013-01-04",0.0014361418681543,0.00141002882002913,0.0011269740740272,0.00112676763633831,0.00108074738531829
"2013-01-07",0.00113237779591155,0.00113824634359931,0.00134768317907491,0.00121705974245109,0.00108264734492329
"2013-01-08",0.00111328990524819,0.00105027696034947,0.000678028660033396,0.000687398169546365,0.000627112992134034
"2013-01-09",0.00327100143846131,0.00327872821426204,0.00304004871381548,0.00296578422297325,0.00334094544771471
"2013-01-10",0.00081803199429479,0.00078125085951873,0.000807748868602869,0.000598053706563295,0.000785015754944622
"2013-01-11",0.00381807916347038,0.00389675535068084,0.00429415305346683,0.00653598768117765,0.00598052010995952
"2013-01-14",0.000680029009283052,0.000671943302640411,0.000403521763194554,7.26217872249706e-05,0.000250922300304549
"2013-01-15",0.000327047390657346,0.000281082517707877,0.00034369997534169,0.00015348685359712,0.000904714370532236
"2013-01-16",0.00074923325254922,0.000803236159586933,0.000867921388349251,0.00108002706842511,0.000576194324973296
"2013-01-17",0.00431527710238497,0.00433771052611022,0.00408961831257193,0.00445537675377608,0.00475734431831285
"2013-01-18",0.00466593159984657,0.00476933121569761,0.00538101542422084,0.00383724435823035,0.00336490998712629
"2013-01-22",0.00380731708022022,0.00397068104880654,0.00456662368545998,0.00447319470299605,0.00458589201363794
"2013-01-23",0.00235926315602093,0.00242850521537734,0.00249766288307934,0.00280059173046482,0.00325755621434659
"2013-01-24",0.00688273061601015,0.00678831683242917,0.00667220394345158,0.00572392706433465,0.00672470297124795
"2013-01-25",0.0130953082979119,0.0130116674084594,0.0122420745820188,0.0115579268404555,0.0136223247218152
"2013-01-28",0.0250516868171906,0.0250335484416699,0.0271567804178919,0.0288785373048198,0.0287187330219893
"2013-01-29",0.000108790285171829,0.000101310292014642,0.000190397085098061,0.000250146438469528,0.000122214910893099
"2013-01-30",1.5390300677767e-05,2.08072603463813e-05,6.45495160119582e-07,5.44036455738602e-06,1.95362350445434e-05
"2013-01-31",0.0119190214494789,0.0118934072565862,0.0103208122297246,0.0115926917041847,0.0119519045909021
"2013-02-01",0.0107406534766869,0.0108534575918676,0.0112009830762064,0.0129262122111382,0.0154140847364503
"2013-02-04",0.00710816564495651,0.00710150347841906,0.00642083523547717,0.00754586273338358,0.00822184820774035
"2013-02-05",0.000317829298515972,0.000301757988414788,4.85426422256446e-05,8.41345738583343e-05,9.38411794007452e-05
"2013-02-06",0.0039642575358389,0.00410837871180762,0.00448416467877858,0.00494611545745566,0.00550069674464572
"2013-02-07",0.006144024653306,0.00614974780850084,0.0061580355138528,0.00636741709517534,0.00612283239040353
"2013-02-08",0.0040368512340856,0.00402918654911502,0.0040026264629,0.00401505253631796,0.0044574907330058
"2013-02-11",0.00127776833831516,0.0012638408086962,0.0013518507276581,0.00162445648754362,0.00207517074129075
"2013-02-12",4.30206058521213e-05,5.5766051424031e-05,9.39057117367239e-05,4.81049774217013e-05,7.65457522525116e-05
"2013-02-13",0.00392319060257863,0.00388288600908043,0.00348128996098807,0.0041051691272692,0.00434625503776166
"2013-02-14",0.0120092201636935,0.0120967620959889,0.0114857968504268,0.0116425603640048,0.0111433791554087
"2013-02-15",0.00521956018978467,0.00514871426965699,0.00431038059575339,0.00437839798193341,0.00461835988168003
"2013-02-19",0.000742748290960387,0.000672075585420047,0.000520129645727184,0.000630222215226785,0.000759794596814767
"2013-02-20",0.00503980353766737,0.00497591908421704,0.00498006403293966,0.00495538050670768,0.00566854776713458
"2013-02-21",0.00114705324093522,0.00112687206369413,0.0012170238313235,0.0014617768656358,0.00175398167809876
"2013-02-22",0.00596657483300308,0.00600033968936252,0.00580585578040668,0.00638198557838556,0.00700676666812741
"2013-02-25",6.21262966088685e-05,6.80035658121131e-05,5.4545633544652e-05,4.72572825929387e-05,0.000108071158480927
"2013-02-26",0.00142975905288274,0.00146097207397053,0.00129424292882018,0.00111939780525435,0.000887197816614529
"2013-02-27",0.0199111917032993,0.0197427803048508,0.0194134184766301,0.0190796747853304,0.0194519620500154
"2013-02-28",0.00204230048734827,0.00206126661752879,0.0020838528319796,0.00208065538020512,0.00195831143800748
"2013-03-01",0.000228637063013633,0.000223976376080578,0.000221842229085421,0.000123015773065422,0.000120220987086872
"2013-03-04",3.99033281778931e-05,3.1493639866137e-05,0.000140273867267776,3.8533874281567e-05,1.62068921389318e-05
"2013-03-05",4.40454799510057e-05,3.65504480854412e-05,0.000114204377160624,0.000113029466291079,0.00010086503711825
"2013-03-06",0.00740841821323261,0.00728648593525784,0.00783488890022201,0.00810009799217951,0.00757668835685851
"2013-03-07",0.00025292225798807,0.000250582893762193,0.00019626044894979,0.000195888080799669,0.000179549322532892
"2013-03-08",0.00212275409614552,0.00218195034235631,0.00188620989883566,0.00196608866098334,0.00205216841192912
"2013-03-11",2.06150883065354e-05,2.31961407943379e-05,4.37197939603403e-05,0.000103833825714428,9.91199077088208e-05
"2013-03-12",0.000529274248980719,0.000506765195958449,0.000515735963343214,0.000505300108774926,0.000473018965004266
"2013-03-13",0.00212148056435694,0.00210630774302748,0.00234407439564873,0.00265481709571342,0.00258611432027986
"2013-03-14",0.00559639336548734,0.00550513855494682,0.00586277376339079,0.0065350236923699,0.00481810960404093
"2013-03-15",0.00434888960744589,0.00433870916158016,0.00466110679097781,0.00471413877307369,0.0044212477904645
"2013-03-18",0.000752072546586182,0.000720545707698125,0.000730655449430553,0.0010418893763378,0.000965507467117529
"2013-03-19",9.38130257240087e-05,9.02662223924077e-05,0.000159801743827427,0.000216908078667828,0.000108541120476068
"2013-03-20",0.00383981705721797,0.00381492051268352,0.00434409089617933,0.00477762795774127,0.00422012284883281
"2013-03-21",0.000110168545886173,0.000108135461431504,0.000142228811036527,0.000270022992769224,0.000260816475525429
"2013-03-22",0.00282020929150308,0.00281244656278974,0.00304948286879172,0.00296168573193862,0.00291753472797501
"2013-03-25",0.000853345190228777,0.000877004978737633,0.00122686852651516,0.00119828140935255,0.00132354500412244
"2013-03-26",0.0105717774443514,0.0106966902345777,0.0106172556383833,0.010995912265048,0.0113608408146608
"2013-03-27",0.00160213576860065,0.00160671096019794,0.00145367420977192,0.00171999115137886,0.00191622081836388
"2013-03-28",0.00381112687975146,0.00378982861642839,0.00411966444779792,0.00454276628611059,0.00421706458661652
"2013-04-01",9.25595231819384e-05,9.82978581976043e-05,0.000127110537895862,7.27811815651353e-05,9.21428189091057e-05
"2013-04-02",0.00179322578121805,0.0017731298281084,0.00175837608637025,0.00177192199763424,0.00174992679068942
"2013-04-03",0.000415718138782705,0.000416586958058745,0.00042542190147674,0.000408987258489335,0.000414054299329203
"2013-04-04",0.00131874787574865,0.00131882438328067,0.00140064458633495,0.00121830063549064,0.00111657120533394
"2013-04-05",0.000211978049680652,0.000206311553129179,0.000139025737692087,0.000309662760329338,0.000336866435799111
"2013-04-08",0.000860260299477183,0.000870523305009764,0.000688686642596396,0.000863183285005761,0.00097144590155602
"2013-04-09",0.00545803590807424,0.00542160282093204,0.00483878056564951,0.00557151930048408,0.00546285032897939
"2013-04-10",0.00327390593928612,0.00331435946932809,0.00280076167560742,0.00304601510861229,0.00301714681437091
"2013-04-11",0.00354074267417175,0.00352698171324453,0.00294540079383548,0.00319497357733632,0.00333438701654876
"2013-04-12",0.00422595372488831,0.00423300525089677,0.00382488317312752,0.00353004182806584,0.00350497471090673
"2013-04-15",0.00153744903001493,0.00152976472973131,0.00126784272583231,0.00131478662248287,0.00139687420017337
"2013-04-16",0.000695847725618416,0.00067915428231057,0.000614762915496011,0.00069293987246916,0.000573991927831465
"2013-04-17",0.0289387125820887,0.0289792764719457,0.0303595303799334,0.0279049095145059,0.0282751598372232
"2013-04-18",0.00943801738098809,0.00947385371359583,0.0100686809719232,0.00975130098491072,0.00993407815886741
"2013-04-19",0.0199951084060466,0.0200269037487832,0.0212873383217651,0.021567295323025,0.0216616607325009
"2013-04-22",0.00683090897787987,0.00677335269372073,0.00720280596227375,0.00753154663237478,0.00800454963873418
"2013-04-23",0.00583487352511903,0.00581145970401696,0.0059241480474028,0.0062315547848113,0.00647413804993944
"2013-04-24",0.0309791222143147,0.0309390373011088,0.0318092600696314,0.0335122373870191,0.0331803880431886
"2013-04-25",0.000865679552537584,0.000886053874913057,0.000634347464273649,0.000296065349771054,0.000403747758804066
"2013-04-26",0.00739574431242093,0.00757034688668456,0.00684844833578968,0.0067004476394202,0.00663606000097522
"2013-04-29",0.00471911285774964,0.00470757397250481,0.00400932483837472,0.00417581103480852,0.00424456271888251
"2013-04-30",0.00160739871918375,0.00159655374280072,0.00114497082783197,0.00106408267407948,0.0010571676452561
"2013-05-01",0.0147395120983874,0.014459008289512,0.0109459290520757,0.0131409283885498,0.0103931254534135
"2013-05-02",0.0124896279364876,0.0120376300952963,0.00984276058118512,0.00952679347136959,0.00836211158054098
"2013-05-03",0.0176335529373546,0.0175776982954534,0.0167258390361487,0.0161346322808683,0.0162809809580359
"2013-05-06",0.0057859739093805,0.0057688473202306,0.00550398903973687,0.00584427232949957,0.00572114392418786
"2013-05-07",0.00206895001744252,0.00208252737810221,0.0018893472146379,0.00250856313689038,0.00227011120306425
"2013-05-08",0.00734669237406963,0.00732814210042328,0.00638284685160887,0.00658143540066162,0.00679765192153614
"2013-05-09",0.00118330257957466,0.00117342990264428,0.00113378386772994,0.0012710501177082,0.00105367386982551
"2013-05-10",7.68343649284193e-10,2.72435094002402e-09,4.76701331743192e-06,2.51071052100399e-06,6.77966552622812e-06
"2013-05-13",0.000103741870021297,0.000101148334806308,9.87555723705982e-05,0.000102204535405097,0.000112537784109247
"2013-05-14",3.73594311033446e-05,3.73158651012904e-05,7.64408859523214e-05,0.000115525063940074,0.000234999857019147
"2013-05-15",0.00673386107275408,0.00673688141111946,0.00655259135897066,0.00614433199683505,0.00511297110497181
"2013-05-16",0.011747901150538,0.0117473209665973,0.0116178278518888,0.0120894380164697,0.0110034878125006
"2013-05-17",0.000777604994975089,0.000777494177123185,0.000785532019494261,0.000734568890165355,0.00060396580154678
"2013-05-20",0.00140976092376902,0.00141388954143253,0.00153040268100504,0.00146171478787827,0.00119778496905356
"2013-05-21",0.00265832620854128,0.0026580690625469,0.00276181009320575,0.00262919331503052,0.00223439912299155
"2013-05-22",1.18378612230322e-06,1.17079945890838e-06,3.84418922837513e-08,2.5773361405641e-07,2.1347159374397e-05
"2013-05-23",0.00603885089164826,0.00604362039498493,0.00554643747662252,0.00588110399990953,0.00741937520369791
"2013-05-24",0.0135558047256588,0.0135622850838375,0.0131203697653699,0.0127786375149755,0.0131711980267619
"2013-05-28",0.00250314898096389,0.00250323881016673,0.00216185671941047,0.0020584030349094,0.00272353360904468
"2013-05-29",0.00676396901888545,0.00676442958839969,0.00637229717678866,0.00629606784429296,0.00771379755730636
"2013-05-30",0.0164034271844401,0.0163898717429167,0.015111517010459,0.0139441413303079,0.0155722087687328
"2013-05-31",0.0112855566844709,0.0112833699459235,0.0103001788909441,0.0093166300351572,0.00976206131654489
"2013-06-03",0.000987410322070038,0.000986553495977843,0.00118608304323818,0.00130291414207238,0.00144720876829214
"2013-06-04",0.00201603069075252,0.00201947788911959,0.00200923073665694,0.00163479974183015,0.00197855536843201
"2013-06-05",0.0002846984285433,0.000287073450723165,0.000298336970830955,0.000164281161060902,0.000135022073667694
"2013-06-06",0.00126709163258717,0.00126664465840748,0.0012528225985745,0.00155232572504342,0.00152155650014926
"2013-06-07",0.000150283307279447,0.000150917041678646,0.000191951118328268,0.000251773723237458,0.000249938785182675
"2013-06-10",0.0024635818062515,0.00246517834351848,0.00310493333920515,0.00366509317955024,0.00370188531210778
"2013-06-11",2.34977138613229e-06,2.47083716698627e-06,5.94395670906152e-06,3.03577393105851e-05,2.1379408837969e-05
"2013-06-12",0.00202640878263076,0.00202944173769942,0.00173098627821326,0.00140421816645414,0.00127990807575439
"2013-06-13",0.00135513368603985,0.00135829109599108,0.00118289576568438,0.000951240703798952,0.000964340201493097
"2013-06-14",0.00499680414242235,0.00499699248899402,0.0048575960463584,0.00454089492854266,0.00468822531388581
"2013-06-17",0.00692125573576215,0.00691926786075332,0.00680683335242406,0.00656261785130161,0.00618331288557499
"2013-06-18",0.00938859026578218,0.0093909012553731,0.00915222718287395,0.00882734669157096,0.00836046654295144
"2013-06-19",0.000731968526204012,0.000733157688023673,0.000592744644931575,0.000498209828093789,0.00048345284142578
"2013-06-20",3.9659448925588e-05,3.94190917685186e-05,2.56640570093955e-05,4.27836797315962e-06,1.12636407982065e-06
"2013-06-21",0.00192059522736372,0.00191564237859209,0.0020338970914911,0.00223761138682818,0.00221864672384323
"2013-06-24",0.00701397657029814,0.00701324914638649,0.00701608588882743,0.00712123429012897,0.00741013863335434
"2013-06-25",0.00150839947614162,0.00150910367418301,0.00168789745747509,0.00160973712457674,0.00150821138589093
"2013-06-26",4.96967247063461e-06,5.33768040432938e-06,1.23248190524989e-06,8.86267903383472e-08,2.68561450112246e-06
"2013-06-27",0.000799739212970595,0.000806906462200244,0.000619223661781239,0.000564947782160261,0.000473876651836617
"2013-06-28",0.000142384321850193,0.000137044314658756,0.000244853965333833,0.000350220491118321,0.000521775118462349
"2013-07-01",0.00355805460434998,0.003573978794671,0.00320848789769589,0.00279216947856803,0.00214799576610114
"2013-07-02",7.43162481086485e-05,7.34566713141397e-05,2.2270728014296e-05,4.28555494834461e-06,1.75231208361e-05
"2013-07-03",0.000909414923128591,0.000917894726628134,0.0010261914296601,0.00100581589221624,0.000835251455970136
"2013-07-05",0.00193110094768507,0.00192588801627276,0.00194259045338335,0.00223225832072351,0.00241680395448254
"2013-07-08",0.00107680826469286,0.00106755075233983,0.00100832074076431,0.00108671400293099,0.0011392208968057
"2013-07-09",6.3627897720626e-05,6.22880820506904e-05,1.08384748435249e-05,5.54636603493834e-05,0.000125891127174526
"2013-07-10",0.000160809500427028,0.000164450892121996,0.000148280401511366,0.000258387178075279,0.000338007874669787
"2013-07-11",0.00754955702828366,0.00758017835078815,0.00758462067461008,0.0073951328967932,0.00703323394799943
"2013-07-12",0.00371754186073331,0.0037228395003575,0.00372203442452411,0.00351341738785439,0.0035064579483853
"2013-07-15",0.00567315869445435,0.00561178150189754,0.00562171056838874,0.00567779482919796,0.00640488137943689
"2013-07-16",0.00435082360653937,0.0042608654766411,0.0043389234040119,0.00463549805929682,0.00506341686511789
"2013-07-17",0.0122142675004254,0.0121809026630343,0.0119091331573752,0.0127136902914543,0.0142594452255249
"2013-07-18",0.00670913563925396,0.00667916839769529,0.0064136382160253,0.00648512028566154,0.00668051780667573
"2013-07-19",0.00218849295544806,0.00218882403101785,0.00220793376311425,0.00232673484760646,0.000955541032665261
"2013-07-22",0.000868346954915243,0.000865269594336384,0.000888950889445863,0.00102927556045241,0.000516030299531877
"2013-07-23",0.00136138173215771,0.00135159658107813,0.00137643180081436,0.00160024384996139,0.00153431152503558
"2013-07-24",0.00286864793229517,0.00286690631182219,0.00274153814068079,0.00339712718577465,0.00341596506855426
"2013-07-25",6.72027013479189e-06,8.36133363105978e-06,2.22693869199253e-05,8.28274165986792e-07,1.88312978351049e-06
"2013-07-26",0.000446331679949451,0.000454061291895628,0.000402062533969725,0.000482525398085532,0.000516607272554935
"2013-07-29",0.000760474448975195,0.000751295556644028,0.000707148064256993,0.000857704268652427,0.00104335819785697
"2013-07-30",0.000406870951732379,0.000376591062763576,0.000375021668354787,0.000443149862160327,0.000423659775616595
"2013-07-31",0.00170766939633523,0.00165736145309188,0.00166224145024142,0.00158358624470019,0.00133313392286342
"2013-08-01",0.00227434896123597,0.00222487150548867,0.00220474610047192,0.0023363444336184,0.00225466415904387
"2013-08-02",0.00465835852894825,0.00465973065092438,0.00460393324152164,0.00482621614715922,0.00483078885085451
"2013-08-05",0.000277044445242281,0.000271223291389765,0.000298824712365646,0.000324859860033645,0.000352041315079393
"2013-08-06",2.05376345343055e-06,2.23227449282954e-06,2.7562383246713e-06,1.83689472861249e-05,5.22013419289949e-05
"2013-08-07",3.04967679486757e-05,3.20579086243776e-05,6.06656235646397e-06,1.08016458365368e-09,5.44622627751997e-06
"2013-08-08",0.00129568823238171,0.00128566726193732,0.00131303330123967,0.00124476088155368,0.00144022500818713
"2013-08-09",0.000281512080879894,0.000281400135113445,0.000374142627385936,0.00046707185599107,0.000443744254432865
"2013-08-12",1.11254515238694e-05,8.87122982994471e-06,3.26237277353921e-05,7.24301294478588e-05,7.99356914036967e-05
"2013-08-13",0.00905162306320452,0.0090746759773246,0.00897951372921421,0.00812087318263217,0.00797095071931078
"2013-08-14",0.00287643217674232,0.00287427774734874,0.00350771358108958,0.00299878012135996,0.0028819231322959
"2013-08-15",0.00168748008478734,0.00168712568174667,0.00192718168862877,0.00179565537268305,0.00184793709097292
"2013-08-16",0.0002909030458988,0.000294230251114334,0.000255628110497565,0.000314584582510674,0.000302001171035167
"2013-08-19",5.46765350621856e-05,5.77699220302267e-05,6.11359365235639e-05,5.95921948959618e-05,4.59198046026713e-05
"2013-08-20",0.00306728765511609,0.00300987826311672,0.00288730294749254,0.00287800658157109,0.00294177957238984
"2013-08-21",0.00224098580092507,0.00222626976408994,0.00225956678038705,0.00227814859074411,0.00228702521769569
"2013-08-22",0.00241163573630316,0.00242144052775843,0.00213273354029141,0.00237553014968971,0.00221671981706057
"2013-08-23",0.00375809736807727,0.0037686559508694,0.00350077302913625,0.00370746681953736,0.00371000292806549
"2013-08-26",0.00246930722903213,0.00246959041504488,0.0024557702640132,0.00267154658782497,0.00262224436779136
"2013-08-27",0.000724714458911972,0.000745696680488899,0.000662789540776661,0.000667011738170918,0.000501042286598352
"2013-08-28",5.28702437092879e-06,6.06737741855023e-06,6.36379864911764e-06,2.54702868429189e-07,5.58323997408799e-06
"2013-08-29",0.002492471689414,0.00250476967721667,0.00238021123864296,0.00237625109136565,0.00241556843206044
"2013-08-30",3.54388697158533e-05,3.7980693159873e-05,3.48109367242716e-05,4.38275271726297e-05,4.99975228668411e-05
"2013-09-03",0.00308358721286971,0.00310989763512299,0.00350761634239459,0.00350693761519264,0.00353597295255657
"2013-09-04",0.00157909612469626,0.00157910961145806,0.00142418202321522,0.00143818348752053,0.00128776517567899
"2013-09-05",0.00769354796672841,0.0076776799184984,0.00757582883563045,0.00764991452325473,0.00775852286494144
"2013-09-06",3.13912444242639e-05,3.18301238773002e-05,3.48128506203023e-05,3.52104842423878e-05,3.76695734807302e-05
"2013-09-09",0.000528367437005815,0.000532494096150325,0.00046828420801867,0.000474366575990758,0.000469654905344254
"2013-09-10",0.0148731448485117,0.0148802334313988,0.0151140866783975,0.015460942212986,0.0153234188530335
"2013-09-11",0.00907035306008002,0.00910363323596255,0.00906195965714459,0.00904477257081013,0.00891183894348479
"2013-09-12",0.00278995628203855,0.00278861790707224,0.00272675440243989,0.00271571444248755,0.00281128806680361
"2013-09-13",0.00186745828845261,0.00188366971163692,0.00173154745083343,0.00167508205105954,0.00163755025918736
"2013-09-16",0.00328896357157765,0.00328982000438848,0.00319087411842515,0.00302164373000331,0.00291934671205147
"2013-09-17",0.00137749050840839,0.00135865080618931,0.00158675095871193,0.00191782979990185,0.00219723333968334
"2013-09-18",0.00277414074293495,0.00272039694678726,0.00312478528856797,0.00335330247395948,0.00379924092233772
"2013-09-19",0.00837335132215517,0.00828064097074152,0.00827698104259911,0.00857391014131052,0.00892691829242205
"2013-09-20",0.000172598280784004,0.000170536144274172,0.000157728855507491,0.0002252992223267,0.000225797857592313
"2013-09-23",0.00309997375650674,0.00309358154855494,0.00304476547623162,0.00265789474976772,0.00298139204925512
"2013-09-24",0.00135010010026627,0.00133806261708513,0.00137563060987199,0.00156523055241191,0.00141247351906797
"2013-09-25",0.00110999118746255,0.0011081027710548,0.00109659397395099,0.0010861366552262,0.000949345060533717
"2013-09-26",0.00225330895394425,0.00225258516828415,0.00228948880330982,0.0023163361958016,0.00219924605293841
"2013-09-27",0.00394761027385263,0.00395158646815621,0.00392611252413957,0.00388540616189875,0.00397276471845069
"2013-09-30",0.00472714008012961,0.00471681051090557,0.00480161509071982,0.00487227734060817,0.0046430896610556
"2013-10-01",0.00140045942361956,0.00139947415191982,0.00155522900680107,0.00161827799745907,0.0013670594975622
"2013-10-02",0.0019491966866768,0.00193837966199372,0.00190083690844808,0.00188205840982168,0.00182780589219166
"2013-10-03",0.00073291010292863,0.000735650970263236,0.000734086394580262,0.00070167259992153,0.000675884941327781
"2013-10-04",7.54539204740281e-05,7.55892759511917e-05,7.96085798410802e-05,5.32826414263054e-05,4.91058397786675e-05
"2013-10-07",0.000264812440894928,0.000263447872168311,0.000285170376245571,0.000287437946694655,0.000316629889571985
"2013-10-08",0.000208679910567098,0.000210246419021534,0.000210222180944098,0.000208798720503552,0.000195176220237913
"2013-10-09",0.000295736502721234,0.0002972115653071,0.000308512786857656,0.000265416386761812,0.000229552967888355
"2013-10-10",0.00185960007834077,0.00185278002006814,0.00183402031018951,0.00183093167599154,0.00183130675660926
"2013-10-11",0.0019902443710326,0.00198979296530278,0.00190980587645068,0.00218035938252823,0.00222156187546116
"2013-10-14",0.000842484727077567,0.000842361049663028,0.000890364133373015,0.000983369699553969,0.00108652347762982
"2013-10-15",0.00123111955907597,0.00123118087260768,0.00124413726068645,0.00130525360845521,0.00128682236797112
"2013-10-16",0.00667711845094288,0.00668549202443125,0.00619048702318641,0.0060393898354191,0.00574207835246299
"2013-10-17",0.00667957076943806,0.00667955297830282,0.00657100394861988,0.00660933327034277,0.00654757071398356
"2013-10-18",0.00557199953470358,0.00557838822812091,0.00541267959920537,0.00537326645410592,0.00539358601626022
"2013-10-21",0.000284204381963631,0.000283826219010913,0.000298021426361324,0.000347897063545583,0.00033031548233747
"2013-10-22",0.0293907911233032,0.0293963475928053,0.0293092117402831,0.0297430031657153,0.0300539510352852
"2013-10-23",0.00118726903428642,0.0011865536848946,0.0011985614856675,0.00131286626705146,0.00131662805425202
"2013-10-24",4.02361449084794e-07,3.72187052228882e-07,4.96732141797051e-08,1.60792170118612e-05,1.9789266934956e-05
"2013-10-25",0.000467012014924926,0.000478949536209174,0.000422775007247428,0.000441642211096447,0.000450826674421123
"2013-10-28",8.62814932391002e-07,1.1063366758546e-06,1.7513472645811e-06,7.67990072146394e-06,1.48536356761205e-05
"2013-10-29",0.00249399211175974,0.00244285364722413,0.00246005559093549,0.00214374896296013,0.00234343204136812
"2013-10-30",0.000189488583848221,0.000190464065055855,0.000262467176489361,0.000209874135779313,0.000449394829468931
"2013-10-31",1.47749373858877e-05,1.82598918428411e-05,1.64489720223922e-05,2.91888791362146e-05,1.02765382620713e-05
"2013-11-01",0.000256214658356955,0.000261308471284378,0.000296721284626474,0.000349538801110891,0.000301297229811924
"2013-11-04",0.000137793241863508,0.00014032012358703,0.000183063805548958,0.000215511508067485,0.000157774768439717
"2013-11-05",0.00898158784275398,0.00909642472849669,0.00942711730431569,0.00985761629310046,0.0102124291742937
"2013-11-06",0.00865807941355061,0.00856953048959559,0.00855405837703213,0.00854067640063811,0.00838193452203156
"2013-11-07",0.00017862082088177,0.000173260410121681,0.000199109382989955,0.000203493241952684,0.000184650739276608
"2013-11-08",0.00363704104453291,0.00358929083391551,0.0036748348913285,0.00382438250505299,0.00357264069993566
"2013-11-11",7.25307090204508e-06,1.20092964844566e-05,1.73291295455644e-05,3.52762845745072e-05,3.61494319647398e-05
"2013-11-12",0.00105463865852985,0.00105985031937262,0.00108763848724086,0.00117812387132089,0.00110034152475824
"2013-11-13",0.00214382159433856,0.00213046690094248,0.00215235602948737,0.0024205454061135,0.00229901610090505
"2013-11-14",0.00613625014256784,0.00608883402877485,0.00588126238903668,0.00589088449390027,0.0056758586377752
"2013-11-15",0.00181829104058338,0.00179307114305312,0.00171623092213812,0.00172295043554304,0.00162207110393615
"2013-11-18",0.00258705235990303,0.00269073970117158,0.00266513271316294,0.00286796105774187,0.00289116975659832
"2013-11-19",0.00102358222823875,0.00103088768009641,0.000948874808069771,0.00102716304777988,0.00109790551136712
"2013-11-20",0.000660579061110225,0.000672340719596558,0.000639489975260161,0.00066688686863194,0.000722663436706538
"2013-11-21",0.00029423696626545,0.000298609841431052,0.000249092057183465,0.000317967578276618,0.00032490043208522
"2013-11-22",0.00162290555322997,0.00165052827240482,0.00161196201285617,0.00165204923051771,0.00160548026298027
"2013-11-25",0.00178118423914783,0.00175874174567595,0.0018171624376138,0.00195089416799849,0.00175971818476051
"2013-11-26",0.00181971932390869,0.00181217428621749,0.00185684669400233,0.00185900215333412,0.00184052825842165
"2013-11-27",0.00102320633786468,0.00099985358797748,0.000943906002689954,0.000952337998779761,0.000844307403498071
"2013-11-29",0.000845629535366308,0.000852660374020108,0.000729744588397744,0.000827246440314656,0.000807485700968728
"2013-12-02",0.00567511133638988,0.00561320241864963,0.00562507904266645,0.00552713602285213,0.00560482104921063
"2013-12-03",0.00156964594764582,0.001528955655985,0.0014815150436218,0.00143578211384725,0.00166902183591679
"2013-12-04",0.00206003317412536,0.00204350723056572,0.00196819217479901,0.00191922896138325,0.00205604738506541
"2013-12-05",0.00072849054337294,0.000717330251658602,0.00068596931161496,0.000639436237675217,0.00069135531967448
"2013-12-06",9.00888071704877e-05,8.56219937333921e-05,9.41617670689824e-05,8.52611714095475e-05,0.000118399951036451
"2013-12-09",0.00412018906295444,0.00417015343844425,0.00435326612121985,0.00426538009780431,0.00452498147225684
"2013-12-10",0.00236603384866936,0.00234869880804137,0.00247551536473999,0.00243867119628699,0.00247306615309128
"2013-12-11",0.000694920127854787,0.000668831803023564,0.000672738591975084,0.00061021814618607,0.000619941248822594
"2013-12-12",0.00154076223873203,0.00154991791575806,0.00160560238192758,0.00154218055407912,0.0014926398760168
"2013-12-13",0.000663150029420175,0.000661137147157233,0.000674629548605703,0.000705243274808324,0.000722519859408795
"2013-12-16",0.00042671178528883,0.000439550685560571,0.000453967385040852,0.000469755759146982,0.000467863190431084
"2013-12-17",0.000260774471807151,0.00026773716792149,0.000279159221887946,0.000280125673698938,0.000246562777706917
"2013-12-18",0.00484275400822258,0.0048824863510929,0.00475272196598909,0.00477874784745419,0.00462377174418966
"2013-12-19",3.95463692171259e-06,3.8298229649582e-06,5.98927808919935e-06,3.19810805668987e-06,2.27871613776541e-06
"2013-12-20",0.00286965755162224,0.00276467868699924,0.00279233615794435,0.00287788955124865,0.00293048422344587
"2013-12-23",2.6832159543747e-05,2.55072765673147e-05,3.64320122684837e-05,2.78803965889322e-05,2.80928600018981e-05
"2013-12-24",0.000267385407684809,0.000264177219387873,0.000255670695263189,0.000280061575487258,0.000246769365875946
"2013-12-26",0.00849655633850791,0.00832902556202059,0.00809701748717092,0.00800304186763371,0.00790506320089996
"2013-12-27",0.00592230311984406,0.00591298384151458,0.00599020082569124,0.00622798700368675,0.00608430615753632
"2013-12-30",1.66327018426773e-05,1.97430587059506e-05,1.9308850560146e-05,2.3971811208129e-05,2.38495623527352e-05
"2013-12-31",0.00198815680624681,0.00203414332821083,0.00213678788927314,0.00221031230725267,0.00225819786628174
"2014-01-02",0.000666445703485538,0.000677303759068629,0.000742317714536528,0.000734743562931301,0.000808442598359969
"2014-01-03",5.70074113410667e-05,6.60723404402167e-05,9.39330757710472e-05,0.000125429209130846,0.000143819155889873
"2014-01-06",0.00537199057280748,0.00533921461680529,0.0052218124530658,0.00504516790418412,0.00493343948602537
"2014-01-07",0.000133215670037469,0.000108844573305142,9.21801920169023e-05,7.78089576326678e-05,6.0390663880373e-05
"2014-01-08",0.000560584275363703,0.000537540303875533,0.000485160613382721,0.000490826218199075,0.000480552694564276
"2014-01-09",0.00084367496825297,0.000870845590763097,0.00087429203798825,0.000910910679668226,0.000892878754654334
"2014-01-10",5.34815406223679e-07,9.11179939927776e-07,4.00831214161745e-06,5.76979497219572e-06,5.88079979872269e-06
"2014-01-13",7.81941733633047e-06,1.01627224584467e-05,3.93102438050382e-06,4.3158121419603e-06,5.87315602814118e-06
"2014-01-14",0.000425178099201419,0.000449167860056382,0.000414305626924508,0.000425841896054774,0.000388318043396881
"2014-01-15",0.000731765218672113,0.000707429334905074,0.00069962047001677,0.000654154171731494,0.000604398590053345
"2014-01-16",0.00118853242094742,0.00119063112751787,0.0011487505668619,0.00117796392129426,0.00117732667795211
"2014-01-17",0.000427771055784201,0.000406605073601194,0.000377120388137493,0.000372844349673449,0.0003561211274991
"2014-01-21",3.92688445001087e-05,4.13490966736954e-05,6.62747541468974e-05,8.89300639407364e-05,8.51748126412635e-05
"2014-01-22",0.000590856426870175,0.00063040617794059,0.000622618676712273,0.000682543994517709,0.00083991787502793
"2014-01-23",0.00105115324087178,0.00103537221340407,0.0010835534584215,0.00111287586817309,0.00111370356559148
"2014-01-24",0.000382992160747318,0.0003459009696769,0.00036133219696038,0.000394799880375544,0.000377113989076812
"2014-01-27",0.00323522066790099,0.00321369898822432,0.00320881748181319,0.00384386381190233,0.00368570995682818
"2014-01-28",0.0188696911081388,0.018918187483808,0.018871912146572,0.0198684100552719,0.0195945396345114
"2014-01-29",0.00495594080533166,0.00492907880898535,0.0051477431343241,0.00502771396298766,0.00508390717295602
"2014-01-30",0.000309197066350063,0.000287220162972589,0.000224403364763256,0.000197900948290036,0.000187422834262779
"2014-01-31",0.00119513249815461,0.00102529671458779,0.000906696210718502,0.000852260928215722,0.000870028420472537
"2014-02-03",1.04420232879348e-06,1.82051314375017e-07,7.74005911799859e-06,1.04549317931031e-05,1.33160553038216e-05
"2014-02-04",0.011334166701317,0.0114662233770936,0.0108587476268322,0.0106589042672338,0.0105485115305261
"2014-02-05",0.009649369174963,0.00932569059466952,0.00836174578619836,0.0081331878485492,0.00719454922213537
"2014-02-06",0.00545621108348355,0.00553827364163256,0.00534261998695018,0.00540257547771587,0.00487380507057016
"2014-02-07",0.00451953254877816,0.0043732915562074,0.0042633807982251,0.004077953392227,0.00380622686387478
"2014-02-10",0.00319827299646305,0.0030642490483763,0.00302671935405415,0.00281339350830925,0.00263203840569521
"2014-02-11",0.00443355519079258,0.00432355534510101,0.00427380697810474,0.00411211000690801,0.00388933160931691
"2014-02-12",0.0009949209034176,0.000935091335616585,0.000825294310009155,0.000772067180446061,0.000677934413107659
"2014-02-13",0.00322744104158029,0.00332940801640227,0.00336583352917932,0.00315949928690684,0.00317065916351467
"2014-02-14",0.000525732713756644,0.00052012314099228,0.000515961696526632,0.000481600704100587,0.00044294665590829
"2014-02-18",0.00248117816622556,0.00250970736410836,0.00242440335512529,0.00232185671472012,0.00231294113516698
"2014-02-19",0.000516580407578973,0.000502276850168888,0.000523370410685752,0.000520985168772633,0.000489698282859898
"2014-02-20",1.70824711547025e-06,7.14783105965921e-07,3.30790757178901e-07,6.3995366795472e-07,6.4120037959681e-07
"2014-02-21",1.55487304309918e-07,4.27410199549132e-07,2.44332634622848e-07,1.54377553524429e-06,1.68364354192191e-06
"2014-02-24",0.00111806679236697,0.00107858284433188,0.00105212502248967,0.00106514298945498,0.00102597130673666
"2014-02-25",0.000518342725358626,0.000503235906648187,0.000556817108180194,0.000516204773352926,0.000482650619759281
"2014-02-26",0.00010405599532064,0.000101366065454497,9.33091017877573e-05,9.04699728674955e-05,0.000116846590777629
"2014-02-27",0.000258300760461256,0.000248508468836151,0.00029244874184736,0.000264527051962334,0.000280183945419188
"2014-02-28",1.61829651327531e-06,7.95411183807217e-07,1.21723598610003e-08,1.39243421810515e-11,1.22333705470612e-06
"2014-03-03",0.000149803047824468,0.000132382004297685,0.00011828091086859,0.000125632387179961,0.000108373910565773
"2014-03-04",0.00165598455262749,0.00163612441895099,0.00173580451078862,0.00173449726391532,0.00172624912172766
"2014-03-05",0.00140687320913422,0.00140439863109365,0.00146395557548138,0.00138183992981537,0.00139517663926991
"2014-03-06",0.00312194760794524,0.0031264684083684,0.00312717129919814,0.00318110492876253,0.00328984491559365
"2014-03-07",0.00263140326510849,0.00258660006769051,0.00244507653162883,0.00242412259223527,0.00259956681566907
"2014-03-10",0.00358510632746368,0.00346808578593291,0.00339477362645087,0.00339139281380014,0.00336026565181769
"2014-03-11",0.00100242339697829,0.00101236666150208,0.00105926506830685,0.00111587808477383,0.0011871380581348
"2014-03-12",0.000735563255310873,0.000715605960007234,0.000748482797192134,0.000846682116449742,0.000888168222241063
"2014-03-13",0.000187985977496879,0.000182848355975866,0.00020202255874479,0.00013769350440121,0.000143580300664705
"2014-03-14",2.53889055465895e-05,2.19267234455618e-05,6.76678853768526e-05,6.77145359942902e-05,7.27861696393466e-05
"2014-03-17",0.000998487595841058,0.00100819457827499,0.000953195635065253,0.00094811894394717,0.00084513940783733
"2014-03-18",0.000668700045891747,0.000664614587013356,0.000683328688833476,0.000709718606844795,0.000664648957737797
"2014-03-19",6.91096519191835e-05,6.59081722915484e-05,5.90121074718089e-05,6.38942355289479e-05,7.7956924443598e-05
"2014-03-20",0.00076246721316372,0.00074323219516967,0.000701259165583917,0.000702059627753809,0.000721417051195328
"2014-03-21",0.000413521279761633,0.000399787559970123,0.000338287186794136,0.000315292739725338,0.000306887780407241
"2014-03-24",0.00126413469252382,0.00126261544811098,0.00132506055102207,0.00131615229122396,0.0013336614460093
"2014-03-25",2.12271327981228e-06,1.38256174074264e-06,1.37295328928821e-06,8.41218733105615e-08,2.24675678725293e-07
"2014-03-26",8.7373936056853e-05,8.47848196336452e-05,7.07180622033084e-05,6.96212467980284e-05,6.86739767428528e-05
"2014-03-27",0.000328171461237392,0.000326357118267946,0.000297813810094819,0.000305990566567166,0.000336575768603105
"2014-03-28",0.00188804437614949,0.00187145532637387,0.00167728496209122,0.00156679873701621,0.00160127229714208
"2014-03-31",0.00260501925697212,0.00262215399743718,0.00234322038045049,0.00229150717561364,0.00222863727277401
"2014-04-01",0.00203268801334198,0.00201238887072282,0.00188081382190494,0.00194341026281611,0.00191704594415383
"2014-04-02",0.00158195451306621,0.00159613164616297,0.00139946220063151,0.00137658825032715,0.00138232256312638
"2014-04-03",0.00409151704729396,0.00402155381945742,0.00369120361855703,0.00368513621645922,0.00367660840094889
"2014-04-04",8.62686266190668e-07,1.27764808336142e-06,2.0085700127839e-08,4.00192970107637e-07,1.62453048724943e-07
"2014-04-07",0.000263651838922182,0.000265530642863711,0.00029639444248352,0.000310917001482225,0.000267949814653825
"2014-04-08",0.000433747603995829,0.000427254922054902,0.00044343581668491,0.000446815280532925,0.000426444105877069
"2014-04-09",2.00152007607703e-05,2.27739589923533e-05,2.39804737248704e-05,2.8062460498585e-05,3.01798925873138e-05
"2014-04-10",0.00062799555800213,0.000598054995432148,0.000623097532124386,0.000589862366370424,0.000588595190147782
"2014-04-11",0.000660070937472616,0.000692192680903518,0.000756797365310079,0.000752241497802444,0.000760708555238166
"2014-04-14",0.000327835551310482,0.000318937048157391,0.000260352117765005,0.000258755066381292,0.000254350754926133
"2014-04-15",9.29204902873273e-08,4.66833043876239e-08,3.62412061906753e-06,7.07776009858213e-06,8.49931261154351e-06
"2014-04-16",6.15126034963969e-05,5.82641865615753e-05,4.81654904449775e-05,4.49978565043979e-05,4.05798858488567e-05
"2014-04-17",0.00270776467529612,0.00265748371737121,0.00257361590912001,0.00254888371909616,0.00251492847134608
"2014-04-21",0.0026721806479232,0.00262550729674328,0.00241384996350141,0.00229811595912778,0.00234335807457849
"2014-04-22",0.00290032193159778,0.00286334161907514,0.00271201061633484,0.00265164316591013,0.00270352664704012
"2014-04-23",0.00263456235678629,0.00254474076551856,0.00242106111146906,0.00231895752161932,0.00228035106786092
"2014-04-24",1.19645039575486e-07,1.93552622919378e-09,1.52830466891348e-06,2.61381436428175e-06,2.83842494856824e-07
"2014-04-25",5.48283817370192e-05,3.69561086096221e-05,4.08511324276662e-05,2.68048522754878e-05,3.9446364437492e-05
"2014-04-28",0.00674125867520073,0.0065351313354618,0.00657803718070473,0.00674160588974018,0.00663567940741878
"2014-04-29",0.00245429947492379,0.00238978856428244,0.00238884278827037,0.00237034429789552,0.00240171183432204
"2014-04-30",0.00249484070725468,0.00246420211653309,0.00262357699047656,0.00260141322583392,0.00263978179819681
"2014-05-01",1.89188129720417e-05,2.0401762924017e-05,2.76417278245567e-05,1.98807146990893e-05,1.99271073156142e-05
"2014-05-02",0.000300067551415544,0.000301046666033434,0.000307190345645145,0.000302532556400244,0.000316045682941984
"2014-05-05",0.0029329439179053,0.00288820608880992,0.0028730650660069,0.0029108157473968,0.00291199211865142
"2014-05-06",0.00149224527837973,0.00148256068054062,0.00147168557677544,0.00150138586348877,0.0015551484179681
"2014-05-07",4.18313200306319e-05,4.15794297682992e-05,4.07119136606381e-05,4.35570355577775e-05,5.91090822431398e-05
"2014-05-08",0.00130912293787319,0.00129618828934781,0.00132121306159059,0.00132828968692269,0.00136618994208254
"2014-05-09",0.000280232295848071,0.000290026132497548,0.000298468418277316,0.000302335549582599,0.000337743440347868
"2014-05-12",0.00110108905530597,0.00113252599749946,0.00113902034207633,0.00115518535178041,0.00114038600462072
"2014-05-13",0.00100101622284824,0.00103399819206547,0.00112160457487696,0.00113122883262811,0.00106563641246575
"2014-05-14",0.00288789015956911,0.00286982134525672,0.002902562412946,0.00288204644013644,0.00287245151500208
"2014-05-15",0.000179569294057895,0.000187306419294091,0.000197516290008855,0.000189822165670847,0.000189640762669668
"2014-05-16",0.00174036574426138,0.00173058817489933,0.00173596831583416,0.00174070937366071,0.00176815154263321
"2014-05-19",1.03208351737609e-05,1.78073240883164e-05,1.88362733883433e-05,2.410854862958e-05,2.77572494460856e-05
"2014-05-20",5.5980918871899e-06,1.1026390502688e-05,1.75705351479085e-05,2.20357523480763e-05,3.32569157425262e-05
"2014-05-21",0.000899038140790403,0.000896779688427564,0.000942735559152552,0.00097761318341644,0.00100663693948791
"2014-05-22",0.00221185359379739,0.0021872424883268,0.002199998859022,0.00220484089699661,0.00221987865930531
"2014-05-23",0.00221654731877541,0.00223983314581514,0.00222332150065567,0.00220656509664339,0.00223580547881711
"2014-05-27",0.00120405214516293,0.00126080517414845,0.00124920711704812,0.0012564136875001,0.00126517046815685
"2014-05-28",0.000631705003796995,0.000632682834755764,0.000646982713854099,0.000664566788045658,0.000644062583050097
"2014-05-29",0.000148862257531449,0.00015674088500286,0.000169501059190829,0.000182549342214782,0.000181798308289453
"2014-05-30",0.00140215050642425,0.00137309674195162,0.00136091435522496,0.00130177763864688,0.00129448419245305
"2014-06-02",0.00673673115433292,0.00663150145541293,0.00654693772088496,0.00641944913382656,0.00639485901326359
"2014-06-03",0.000895562942596602,0.000840022909050815,0.000808083434124353,0.000835457108867267,0.000802113729438887
"2014-06-04",5.13458524481177e-05,5.02770769104019e-05,3.51680209417228e-05,3.10107773273374e-05,2.74882219441092e-05
"2014-06-05",5.29523338487966e-05,4.18919574911022e-05,3.47932635671597e-05,3.0893719411483e-05,2.74067802779203e-05
"2014-06-06",0.000522750022043329,0.000562160570345477,0.000656754489627042,0.000681813015381646,0.000700882948967837
"2014-06-09",0.000254449627334363,0.000225535354733894,0.00020447431576982,0.000186298963434075,0.00015510197573872
"2014-06-10",0.000282087202911029,0.000269570890111783,0.000208403202599965,0.000186622339091111,0.000146209189407769
"2014-06-11",0.000104378448930493,0.00010964553274555,0.000124894882639484,0.000153081565717204,0.000168858160331651
"2014-06-12",0.000829229954307642,0.000829373137609765,0.00081654637989207,0.000823086411689315,0.000806573095096932
"2014-06-13",0.00160054271997298,0.00152767201420572,0.00151850246280093,0.00153096951525687,0.00146074398766159
"2014-06-16",0.000561580106016064,0.000585254022123439,0.000671826398340371,0.000667844422860856,0.000708034028517107
"2014-06-17",0.00127970043178839,0.00133292332691951,0.00131253568496658,0.00136644183782024,0.00139960903291073
"2014-06-18",0.00018240862559822,0.000162666506897584,0.0001716114166221,0.000177951909152603,0.00018199173623061
"2014-06-19",0.00132720414299375,0.00133798380284853,0.00139582051244361,0.00140641681092739,0.00142202768982996
"2014-06-20",0.0035960900413823,0.00360456343515703,0.00369186371331563,0.0036711910941093,0.00368757317648308
"2014-06-23",0.00124571981581207,0.00125919562033174,0.00134890267944713,0.00134168001684143,0.00132154330985561
"2014-06-24",0.000244658595188159,0.000247241190298186,0.000305749432703233,0.00031898930784936,0.00032115318865589
"2014-06-25",1.43063505765931e-05,1.49178284670627e-05,9.93917897595747e-06,9.91599081506264e-06,1.05128935661391e-05
"2014-06-26",3.47528971381976e-05,2.57799160017748e-05,1.79875604615003e-05,1.72723444528988e-05,1.50132817862985e-05
"2014-06-27",2.27953781724285e-07,3.99316103960774e-07,2.55647160315695e-07,2.25527624969278e-07,4.4546693109891e-07
"2014-06-30",1.07932112598063e-05,1.58508043955189e-05,2.17792133026519e-05,1.90088833200539e-05,2.09078212664965e-05
"2014-07-01",0.000268920155371597,0.000272390808245523,0.000272937351267619,0.000275026114664318,0.00028354542018193
"2014-07-02",0.00196283201350637,0.00196447973929249,0.00199890761006686,0.00202759665050466,0.00190556569821118
"2014-07-03",0.000202132122260662,0.000209532373533144,0.000199696766067302,0.000182833790124585,0.000172408249073697
"2014-07-07",0.000239966125676578,0.000238501826978714,0.00025048742557515,0.000260509347798777,0.00027758911953524
"2014-07-08",0.00120191993264499,0.00116562616616837,0.00107331722600715,0.00108660979040317,0.00121387434065933
"2014-07-09",0.000183831828347547,0.000199744906202921,0.000154345356245008,0.000165115170269382,0.000143533907122944
"2014-07-10",0.000398214050362409,0.000372669785095115,0.000330113995491562,0.000317514668668497,0.000293521225346984
"2014-07-11",0.000549667572601042,0.000594641315506609,0.000583991706325622,0.000600225033158591,0.000630421703436291
"2014-07-14",0.00167413587605383,0.00175587010108205,0.0017518335777879,0.00178089265903147,0.00181750125451243
"2014-07-15",0.00199582574747035,0.00196309919391694,0.00193979293310977,0.0019697649249679,0.00203668253686742
"2014-07-16",0.000930538518718671,0.000953795109857278,0.000909555956515843,0.000901593163989165,0.000851388487231199
"2014-07-17",0.000554067836279349,0.000532429438199854,0.00053320097815676,0.000570015872459824,0.000582772703975483
"2014-07-18",6.64401305831009e-05,7.47848259030485e-05,6.48669748097121e-05,6.8248035676968e-05,6.10486030885591e-05
"2014-07-21",0.000396461811333371,0.000433437526684861,0.000439062906615125,0.000443546012677938,0.000428903682582519
"2014-07-22",0.00172274462741836,0.00168154054811067,0.00161517741825433,0.00162179647947591,0.00164270871875022
"2014-07-23",0.000832169641618945,0.000806171082688071,0.000810859630452286,0.000810701216387035,0.000824339194070434
"2014-07-24",0.000575981894934444,0.000575166518457309,0.000562649723397136,0.00055467933193852,0.00053514236276412
"2014-07-25",0.000486009876362739,0.000388585117328387,0.00040439006307331,0.000419744196776543,0.000466903155198108
"2014-07-28",0.000305797677034921,0.000302127229036448,0.000284226057184504,0.000278714903512487,0.000274616609745278
"2014-07-29",9.01002406109785e-05,8.71878782457513e-05,6.87160435530066e-05,6.62055960491544e-05,6.85178416009166e-05
"2014-07-30",0.000143523294070763,0.000164764565954603,0.00016845116536357,0.00017402862666184,0.000138879037385563
"2014-07-31",0.000661294584066947,0.000620060649649721,0.000561666301092977,0.000557610115918623,0.000553621678016932
"2014-08-01",0.00333728177542627,0.00317638126674116,0.00311617403701158,0.00315361938760889,0.00318689415074149
"2014-08-04",0.000188846444096956,0.000174378279692182,0.000205363520460131,0.000201806595397765,0.000168038428190349
"2014-08-05",0.00251725229038873,0.00257376072099261,0.00253081257386464,0.00254771470691672,0.00250127848760035
"2014-08-06",0.000462167433885565,0.000440757472967817,0.000321234966708073,0.000303880811989593,0.000314042233812183
"2014-08-07",0.000809519148807654,0.000731940774116363,0.000642634610435557,0.000640161561667975,0.000601349139824851
"2014-08-08",0.00138204575904663,0.00124061873666635,0.00115679954020515,0.00113535784296829,0.00114332490638215
"2014-08-11",0.00332711672425135,0.0035921888864853,0.0033932312487934,0.00340184207033021,0.00332292558615528
"2014-08-12",0.00411853584287043,0.00379510982994396,0.00371281404302601,0.00374262467389519,0.00370620810153542
"2014-08-13",0.00366450941453992,0.00348481869617949,0.00342317053093433,0.00346234007043389,0.0034356090038422
"2014-08-14",0.00489224209767784,0.00478110305911225,0.00463919148618936,0.00467839840988187,0.00462733812006542
"2014-08-15",0.00202395012614064,0.00204333767365131,0.00204886497929546,0.00205819385937065,0.00205620220143306
"2014-08-18",0.00254066012344141,0.00262626520720508,0.0026662434732921,0.00268858312108413,0.00280081896080438
"2014-08-19",0.00168786437970522,0.00168466794924692,0.00173351418050818,0.00177339015828009,0.00179211303117332
"2014-08-20",5.97623398674565e-05,6.73100293970992e-05,7.494824294115e-05,7.67424806502961e-05,8.98186593686477e-05
"2014-08-21",0.000749995678265793,0.000821525089980534,0.000726444159972473,0.000756064402339862,0.000738646112283022
"2014-08-22",0.00119805240794286,0.0011489306261884,0.00108149242478266,0.00109338354024987,0.00109971526300029
"2014-08-25",0.000269221182268597,0.000319640834812011,0.000333546486050161,0.000346176600441493,0.000367904908835283
"2014-08-26",0.00101809288425462,0.00107413153640183,0.00112787155742147,0.00114777230642208,0.00124071989104361
"2014-08-27",0.000409278503937041,0.000414145889614227,0.000430660245708602,0.000441770395990756,0.000481596895904977
"2014-08-28",0.000128579265707037,0.000159085702060185,0.000188749711365071,0.000196341849807724,0.000210350190139888
"2014-08-29",0.00179471679966451,0.00176854372218652,0.00184966207879352,0.00184955461298129,0.0018787040408774
"2014-09-02",2.39600134265644e-05,1.06306079704771e-05,8.3171334232739e-06,9.07695594651329e-06,2.88220884468332e-06
"2014-09-03",0.0424502628396826,0.0416735398430918,0.0415597069753892,0.0415890266364195,0.0412242207250343
"2014-09-04",0.00801582377658207,0.00775402466733286,0.00773976161999261,0.00770108133312788,0.00759880113165491
"2014-09-05",0.00214989075366488,0.00203768271251497,0.0020500621401453,0.00206182356688794,0.002051341626705
"2014-09-08",0.00110879786122769,0.00108287039921697,0.00107917544871301,0.00106153200208531,0.00106787673752808
"2014-09-09",0.135039974180424,0.135269016486835,0.134881855697721,0.134679770011034,0.134836874556206
"2014-09-10",0.00712644021158162,0.00662870505572078,0.00639745574273893,0.00630436800891136,0.00624664775792903
"2014-09-11",0.000891632270126281,0.00103680524425823,0.00106161709798044,0.00106099459355528,0.00108764502943859
"2014-09-12",2.75265512101483e-05,2.51841396933572e-05,1.95874352720186e-05,2.12948312051561e-05,2.37689196696713e-05
"2014-09-15",0.00176591107778663,0.00168751730451411,0.00170446651823471,0.00169746047911085,0.00174175393165884
"2014-09-16",0.00798356378206518,0.00830122971305225,0.00851999126465489,0.00847557251615541,0.00863643529740482
"2014-09-17",0.00889736101446548,0.0091817515689193,0.00922526120473131,0.00916414445793337,0.0093220900768146
"2014-09-18",0.00624131263117414,0.00628000817221037,0.00628549394690224,0.00626330399484358,0.00636583041468948
"2014-09-19",0.00293293615094896,0.00296939427854821,0.00298012066795373,0.00291525080412101,0.00299949708069284
"2014-09-22",0.00081651558758448,0.000811736355461074,0.000824575400456833,0.000853576986811561,0.000857302223963873
"2014-09-23",0.00253895766612168,0.00252010989202825,0.002577408174851,0.0025606283652281,0.00257632219063164
"2014-09-24",0.000444016750975834,0.000392490880675258,0.000369425129393661,0.00034850337544744,0.000355720796303085
"2014-09-25",0.00715416480393503,0.00695456602342493,0.00690055630434975,0.00691554691339811,0.00686803412664507
"2014-09-26",4.89023009432467e-05,6.7341846193138e-05,6.60158258969139e-05,6.50941991073339e-05,7.01317328776979e-05
"2014-09-29",5.48817556875913e-06,6.01749218730367e-06,6.77556241474624e-06,3.84528331566702e-06,2.3618986118079e-06
"2014-09-30",3.90597717166721e-06,9.79921245091451e-06,1.01417850322224e-05,6.24152035879718e-06,6.76452785904811e-06
"2014-10-01",1.403580769864e-06,1.52479265101082e-07,3.21844257954739e-07,2.28569202950031e-07,1.87591050161373e-07
"2014-10-02",0.000469966885251536,0.000454127086477306,0.000406723407822457,0.000394041593029106,0.000408596300151083
"2014-10-03",0.000561811188880635,0.000556618319666171,0.000529679375848556,0.000509791869479551,0.000519670689840155
"2014-10-06",0.000478943887796526,0.000460014069172782,0.000476010065296802,0.000481775011720408,0.000477618601945668
"2014-10-07",3.72811158133691e-05,2.05219588619811e-05,1.50500755771208e-05,1.59460484639597e-05,1.52539105683389e-05
"2014-10-08",3.14887762439667e-05,7.69735102731652e-05,8.3819021330636e-05,8.0969602419029e-05,8.47249160918337e-05
"2014-10-09",0.000613635439094034,0.000706793485644965,0.000728437684878284,0.000768061654751037,0.000767369900112628
"2014-10-10",0.00496952278618562,0.00508197711747863,0.00500785042210332,0.00504477764312963,0.00503011532432645
"2014-10-13",0.00511563375972685,0.00526347674025944,0.00512797068398531,0.00513941994198139,0.0051395799642881
"2014-10-14",0.00572751476944337,0.00612999846756726,0.00609556852290772,0.00607079623543866,0.00609510032246164
"2014-10-15",0.0421457946432672,0.04351688441564,0.0435672900087909,0.0436273992881817,0.0437221056506472
"2014-10-16",0.014785082963879,0.0159685487899131,0.0161345363330757,0.0163423668557571,0.0164409787709233
"2014-10-17",0.00241100914313346,0.00190822370571478,0.00173903283637719,0.00165907527426457,0.00162774071910732
"2014-10-20",0.0068063115994421,0.00599723980695878,0.00584247987753252,0.00578603848425752,0.00572289468805045
"2014-10-21",0.0039495881024604,0.00317843003722879,0.00299548429442629,0.00306108508541931,0.00299576096496913
"2014-10-22",0.031640475057032,0.0269944658622715,0.0262647252019453,0.024945769694055,0.0248343875972002
"2014-10-23",0.0385549795411844,0.0342962435114498,0.033680411750361,0.0327886431452105,0.0326365683589896
"2014-10-24",0.0172913601277946,0.0156448445632166,0.0150958176827504,0.0149436152178396,0.0149574514761317
"2014-10-27",0.00762942438541555,0.00709642862900914,0.00695486647552706,0.00696130750250598,0.0069928531728401
"2014-10-28",0.0121114223898253,0.0124094021464178,0.0116581689459025,0.0117834567987739,0.0118063219520473
"2014-10-29",0.000988177494501558,0.000934828229770014,0.000888353983741368,0.000915002262973511,0.000869706766005216
"2014-10-30",0.000842661810647643,0.000769409419705892,0.000778402343967064,0.000791637294640762,0.000781375477755111
"2014-10-31",0.0010113090354156,0.0009594011252775,0.000960865016855863,0.00097174400116013,0.000983164877595018
"2014-11-03",0.00044809305446088,0.000409689048919731,0.000419615052379805,0.000432092824616242,0.000439849279335892
"2014-11-04",6.75928945412982e-05,8.82679391149295e-05,7.02561633621201e-05,7.32946639494214e-05,7.62130198358951e-05
"2014-11-05",0.00057443858966555,0.000513941069737485,0.000497534003590553,0.000497397743047173,0.000494695830949007
"2014-11-06",0.00227553196825227,0.00221162723647264,0.00222223264701451,0.00219910575396712,0.00220614531122365
"2014-11-07",0.00120213021875591,0.00127249937338331,0.00126907926593967,0.00127506488400942,0.00127647449727263
"2014-11-10",0.00361755498348433,0.00365635926958511,0.00365399003116416,0.00365190815419117,0.00364879629628134
"2014-11-11",0.00180553117550686,0.00186255458309851,0.00187176066851007,0.00187843023400449,0.00187616520996426
"2014-11-12",0.00133505919878128,0.00144842801652666,0.00146151507216444,0.0014649058806966,0.00146653992955667
"2014-11-13",9.33289568043313e-05,8.27377150017276e-05,7.98295657175016e-05,7.8574244812691e-05,7.63760316474378e-05
"2014-11-14",0.000155544619293734,0.000192658477454044,0.000187690359460923,0.000191046324232931,0.000193406655298241
"2014-11-17",0.00280146140903765,0.00256366642256919,0.0025287647762928,0.00251991971288656,0.00250666671586167
"2014-11-18",2.63406470378083e-06,4.44120495160873e-10,4.60799170574263e-09,2.3459828535595e-08,3.9570960555772e-08
"2014-11-19",0.00177952823394073,0.0017159617575396,0.00170355255422997,0.00168076241108545,0.00166900114595921
"2014-11-20",0.000414216536689475,0.000426792336985075,0.000431276401292959,0.00043327415007696,0.000430042301793425
"2014-11-21",0.000769390906545811,0.000658626716111137,0.00069111541652189,0.000669565047022928,0.000685806718936892
"2014-11-24",0.00198387496701954,0.00216663253188069,0.00211484670518904,0.00212894314533864,0.00212658537391302
"2014-11-25",0.000960534667057847,0.000870012251930042,0.000856751233477943,0.000824188913581865,0.000834491969505185
"2014-11-26",0.00185907267270251,0.00201978407570534,0.00203626830731915,0.0020165776629303,0.00200831959815892
"2014-11-28",0.0015603384224993,0.00142806775921505,0.00143169513333201,0.00142312130460112,0.00142421008381933
"2014-12-01",0.114837292211089,0.113667663829869,0.113915874631638,0.113437270443346,0.113389044684795
"2014-12-02",0.0100237869673744,0.0098028882236643,0.00977284747535423,0.00965366876572335,0.00964117522745107
"2014-12-03",0.000283481405907836,0.000233802076856786,0.000242221046063366,0.000230262400532722,0.000226982458272972
"2014-12-04",0.00051816543155208,0.000488601196013301,0.000460283235149475,0.000451404527277577,0.000446911370526079
"2014-12-05",4.70775306387587e-05,8.90879270993062e-05,8.81339736234698e-05,8.54770005916095e-05,8.14543031966542e-05
"2014-12-08",0.00534601157086739,0.00573844761357776,0.00569905798829186,0.00559752879721745,0.00559149233076879
"2014-12-09",0.000118406606340631,7.38143329981929e-05,7.4065713998528e-05,7.63117689209373e-05,7.67002988908622e-05
"2014-12-10",0.00232295117547216,0.00211715368123182,0.00208317849091863,0.00212209093345974,0.00211864461249314
"2014-12-11",0.000295643204317139,0.000308911869997869,0.00030076181020411,0.000298782309713654,0.000296945009125219
"2014-12-12",0.00213136129753441,0.00194465643902209,0.00185508104011917,0.00183554683428369,0.00183604378664152
"2014-12-15",0.016148444918681,0.0161396943086664,0.0161907681605133,0.0160795555342599,0.0160708493898925
"2014-12-16",0.0101507147604559,0.0105069145555166,0.0105898777963938,0.0106097114768403,0.0106119412885216
"2014-12-17",0.00223734839213235,0.0025308533803092,0.00260231941078577,0.00266182301980041,0.00267347896068773
"2014-12-18",0.00153880400057605,0.00142056596785495,0.00134203155574467,0.00132948252772473,0.00132741199908354
"2014-12-19",0.00277755685076964,0.00233105615534473,0.00219583280529358,0.00216839006836727,0.00216624472437171
"2014-12-22",0.0262487045328895,0.024008453676171,0.0235947595425263,0.0233411674453368,0.0233538402657459
"2014-12-23",0.0384426045059561,0.0351773638478525,0.0347245788556699,0.0344446761735368,0.0344467496672991
"2014-12-24",0.0293123261466653,0.0264028744230822,0.026050273003916,0.0257125287385413,0.0256958655195253
"2014-12-26",0.0159663330083265,0.0154999675012096,0.0154249286752836,0.0153988240019748,0.0153886306744237
"2014-12-29",0.00798426417705008,0.00812722790842117,0.00799736010696021,0.00793398365975629,0.00788646939763544
"2014-12-30",0.000422898341858252,0.000508691426657054,0.000446457235117902,0.000475126427112355,0.000473141417770981
"2014-12-31",0.000160914042595056,0.000113806942692526,0.000158313157927994,0.000144171648115619,0.000145214411050268
"2015-01-02",0.0121321728410385,0.0116256087910322,0.0119984425009087,0.0119494184661599,0.011953351999241
"2015-01-05",0.0162112118359992,0.0153847535309505,0.0154278598697558,0.015088061543199,0.0150965688042006
"2015-01-06",0.0259280791708114,0.0251254731644327,0.0250349730367233,0.0248171007077652,0.0247988810196826
"2015-01-07",0.00614080291819657,0.00578874678600637,0.00579975616341217,0.00572761946199275,0.00573397980433376
"2015-01-08",2.60485464305688e-05,2.19910111630297e-05,1.68992592717453e-05,1.67835385970089e-05,1.66998382523689e-05
"2015-01-09",0.000174906037343462,0.000274924097672094,0.000291269909975625,0.000307034722588328,0.000301504931204586
"2015-01-12",2.62759200507147e-05,7.32111831815756e-05,9.72488264319802e-05,0.000123234009135148,0.00012185320540358
"2015-01-13",8.82844749767281e-05,1.24053855891044e-05,6.93419229905007e-06,2.02874492371285e-06,2.40731785880083e-06
"2015-01-14",0.000575066216306567,0.000822366264812055,0.000890829268550632,0.000935373266102427,0.000922061120304041
"2015-01-15",0.00570488644394263,0.00547045837562821,0.00567312562658973,0.00570086759656333,0.0057033302385935
"2015-01-16",3.86646737938517e-05,2.1154217733558e-05,1.82523742624597e-05,1.30485262179292e-05,1.36061599171722e-05
"2015-01-20",1.87119373994888e-05,2.42814072290218e-06,3.08101287482979e-06,2.65848167841076e-09,2.88855759945426e-08
"2015-01-21",0.00217342403224532,0.00182166599556471,0.0017497497670365,0.00167553334514968,0.00166324691195797
"2015-01-22",0.00468494924883049,0.00386712465094952,0.00382331375607382,0.00366388852297725,0.00365110658838743
"2015-01-23",0.0108823239688948,0.00953801890508155,0.00940281109774546,0.00863388189065589,0.00863669622443995
"2015-01-26",0.008488138052667,0.00741032819514809,0.00733636935093944,0.0071405616085688,0.0071626270014651
"2015-01-27",0.000262153127972875,0.000187985984042729,0.000187269072607346,0.0001551228113865,0.000155681117395498
"2015-01-28",0.0027204746002143,0.00320880913913541,0.00324404734225044,0.00330104705449754,0.00330386302437614
"2015-01-29",2.30905551962168e-05,9.2373519844207e-05,0.00010011104391189,0.000163500991229234,0.000158233719150266
"2015-01-30",0.000589019405349759,0.0010751313364673,0.00103195468733288,0.00100355618651082,0.000993417538189847
"2015-02-02",0.00675553142879796,0.00711004660684865,0.00701788495706917,0.00692881751210161,0.00692669285910396
"2015-02-03",0.000219458938395644,0.000125887334689676,0.000127966897312081,0.000132442941222525,0.000130593357460081
"2015-02-04",0.00490501882675969,0.0041998535150614,0.00397350557184614,0.00405962033652514,0.00400330570869876
"2015-02-05",0.0095192514785947,0.00820291924927626,0.00808078866539733,0.00821311690019913,0.0081976041649552
"2015-02-06",0.00585429030681977,0.00501026486415632,0.00497458896190509,0.00502054042531236,0.00502548453950532
"2015-02-09",0.0112179724979293,0.0100650432802086,0.0100191486403633,0.0100261503298677,0.0100418952301789
"2015-02-10",0.0123468386969131,0.0117393426731536,0.0117339978733697,0.0118674930707172,0.0118758470128289
"2015-02-11",0.00855880987827278,0.00808002260021316,0.00799648208625196,0.00817742213102368,0.00818010807926062
"2015-02-12",0.000662639611499995,0.000705878696106907,0.000705455881435344,0.000721308473408678,0.000721070059239907
"2015-02-13",0.00203494899425139,0.00206325347879958,0.00205063459117838,0.00204697020618606,0.0020449363221731
"2015-02-17",0.000610296746916596,0.000607471580917246,0.000619771448669691,0.00063213861112479,0.000628897164114692
"2015-02-18",0.00127632693557104,0.00141540821039296,0.00142987206152986,0.00143033274729468,0.00142507333952293
"2015-02-19",0.00462047410528416,0.00458206267886502,0.0045944447716698,0.00454692719406653,0.00453938357744616
"2015-02-20",0.00508034077230383,0.00569602872344941,0.00572625368473105,0.00529204552597064,0.00528196282948577
"2015-02-23",0.00194564503871609,0.00233235094962445,0.00231436115859926,0.00209826957700613,0.00209056528783285
"2015-02-24",2.02467987224604e-05,1.60554208008051e-07,2.34738061020667e-07,2.52990285823095e-06,2.46451430400427e-06
"2015-02-25",0.00475079729538734,0.00459051298325562,0.0046357439404877,0.00472443216447469,0.00472948330213741
"2015-02-26",0.0229199559187036,0.0227680192070057,0.0226416667539109,0.0230833965071571,0.0230921034055393
"2015-02-27",0.00596427265850242,0.00619728680395298,0.00614353287587178,0.0061005844903113,0.00610657329058784
"2015-03-02",0.00158513882660949,0.00134163214203622,0.00130803494387153,0.0012671607129729,0.00125938996260228
"2015-03-03",1.20480790653849e-05,7.07890122544675e-07,3.12316490370428e-06,2.75833300101529e-06,3.12100728922078e-06
"2015-03-04",0.00170038445728071,0.00231713574390767,0.00227914818338789,0.00233629345005013,0.00233715043306728
"2015-03-05",0.00303523524672573,0.00394198615003305,0.00396974101386594,0.00395392501200878,0.00395385495943313
"2015-03-06",7.38647276586688e-05,0.000120059165167963,0.000119760275147187,0.000118531874750786,0.000119057913325376
"2015-03-09",0.00824348122683996,0.0082648115947897,0.00813605656598444,0.00811125504247233,0.00812473074546541
"2015-03-10",0.00225028993812214,0.00236815636165322,0.00226308886946455,0.00220454573515038,0.00217014120743364
"2015-03-11",0.00291504864840189,0.00321456118410859,0.00310419438894885,0.00303390855157695,0.00301419888179331
"2015-03-12",4.17304667407868e-05,7.95492480019278e-07,2.13039301030632e-08,7.72606125087791e-08,2.29705879425631e-07
"2015-03-13",0.000399920743115569,0.000334400459022947,0.000328493883088976,0.00033534449565595,0.000338678354422663
"2015-03-16",0.0115943668652292,0.0123332376670003,0.0123955424411367,0.0126549543942601,0.0125780302584027
"2015-03-17",0.0107744178143651,0.0104895700760785,0.010525191442309,0.0107218818505521,0.010687918226875
"2015-03-18",0.00298787375282914,0.00310101047817681,0.00310704913867532,0.00314491232090324,0.00308776080336194
"2015-03-19",0.00580187254817446,0.00587363459037471,0.00602422627810832,0.00594120101366469,0.00589034639222778
"2015-03-20",0.00655062466836269,0.00625238466748585,0.00628888051644005,0.00620454840613158,0.00620154478322783
"2015-03-23",0.00275310379614885,0.00272829697882644,0.00270894909065119,0.00272147152938324,0.00271045318584652
"2015-03-24",0.00110597414110199,0.00107352875867158,0.00110367386260286,0.00110005680753417,0.00110038897653026
"2015-03-25",0.00134652930112912,0.00102038289816083,0.00101757950184575,0.000971243874513684,0.000984013577912865
"2015-03-26",0.000850541675729258,0.000947360772431907,0.000904526383510411,0.000893708046629822,0.000905370428839401
"2015-03-27",9.10771047237288e-05,2.35728488039616e-05,1.43465696779286e-05,2.41024347592958e-05,1.61027096187973e-05
"2015-03-30",0.000686380001665775,0.000593801437474952,0.000578052572024529,0.00056320641946176,0.000539044464562302
"2015-03-31",0.000123564687036768,0.000147548180567235,0.000145972486116844,0.000139483149699306,0.000133180068750709
"2015-04-01",0.00102792222517002,0.00120411238078849,0.00125653934090706,0.0012756661349379,0.00127909003445231
"2015-04-02",0.0043587902035481,0.00392450876153732,0.0035934698377955,0.0035499633054997,0.00357323026983458
"2015-04-06",0.00156715231759545,0.00152293596786306,0.00146858734411973,0.00144794948551954,0.0014424296453666
"2015-04-07",0.000932629409602003,0.00104490022392671,0.000978034949214751,0.00100008577840576,0.00098877215685725
"2015-04-08",4.76519169132898e-05,4.22986438797552e-05,2.84743690310954e-05,2.59453280818582e-05,2.6042170177973e-05
"2015-04-09",0.0022846073810495,0.0019530016320787,0.00175977193231864,0.00181884240864543,0.00185366557273409
"2015-04-10",0.00104555918538145,0.00103049641191302,0.000951446417691146,0.000983403127240043,0.000978003258012995
"2015-04-13",0.00103788444223618,0.00116260402605497,0.00120648696964365,0.00117826404652367,0.00118904915047562
"2015-04-14",0.000757120998138717,0.000950026612864982,0.000981678530129753,0.000915701197969706,0.000911490986819781
"2015-04-15",0.00367354204395333,0.00365838811551438,0.00368070995214106,0.00367453622755182,0.00367040290519405
"2015-04-16",0.00266599923137266,0.00260713882740685,0.00266830385390259,0.00266638782075224,0.00266322016418257
"2015-04-17",0.00032167124993053,0.000463390399531664,0.000488820919060029,0.000520645791708713,0.000516043473835073
"2015-04-20",0.000847575909513696,0.000966188101505378,0.00107215519452609,0.00112394869467272,0.00112856878660022
"2015-04-21",0.00076655701252913,0.000763470311924461,0.000765215879762871,0.000756453919373241,0.000749901139854863
"2015-04-22",0.000138278810721693,0.0001729139512719,0.000181711586765864,0.000184196046632597,0.000181939636530007
"2015-04-23",0.000284552825424117,0.000357018750228032,0.00035030736669119,0.000311430385678277,0.000306523341322372
"2015-04-24",0.00215041396250139,0.00131858010607958,0.00134052896138048,0.0012457506958261,0.00120942410001328
"2015-04-27",5.09923949838118e-05,5.21555786460644e-05,5.02424099842812e-05,6.45000442699617e-05,7.08611841230027e-05
"2015-04-28",0.024129031785419,0.0246413323413359,0.024415982886622,0.0242326809430525,0.0242899639753094
"2015-04-29",0.00552648112772306,0.00574193553645478,0.00596520098005391,0.00581818504313572,0.00572878268737322
"2015-04-30",0.00540243905231535,0.00554599356067813,0.00554153064113069,0.00543529483265747,0.00540741521564496
"2015-05-01",0.00093228021498709,0.000912236457049143,0.000905639586620732,0.000888358325617503,0.000887820918417852
"2015-05-04",0.000101563609161432,6.8416743556908e-05,8.60991824074305e-05,8.56992642420797e-05,9.12018087625353e-05
"2015-05-05",0.00307266661429815,0.00249053113816624,0.00229153855975504,0.00260200942050425,0.00254921919541195
"2015-05-06",2.94029372838116e-05,0.00012269368472173,0.000176812129281112,0.000158778696056497,0.000159636005518981
"2015-05-07",0.000739197398033506,0.000563381010844053,0.000497475901043169,0.000505677677168545,0.000517523329220751
"2015-05-08",0.00167902536056205,0.00177898161234266,0.00172674214437397,0.0018182462862293,0.00182403996502739
"2015-05-11",0.000374321230050887,0.000586191236400316,0.000546497283822621,0.000588739467729095,0.000637878459567555
"2015-05-12",0.000724908252160933,0.000757087545507065,0.000713042834167854,0.000754920025134658,0.000780317563328096
"2015-05-13",0.00462007108500353,0.00451112411061652,0.00446188073163393,0.00437851003942328,0.00440565035581288
"2015-05-14",0.00873681748297806,0.00835957276673439,0.0085567370936079,0.00867811305421153,0.00885787320489514
"2015-05-15",0.00184419870683617,0.0022561386324244,0.00231467006611304,0.00232409795872626,0.00238900692500071
"2015-05-18",0.00141296520836163,0.00173141706486665,0.0017559801114959,0.00175845839554357,0.00178556175217683
"2015-05-19",0.0033982844294742,0.00326525874279518,0.0032136294386804,0.00319260318566295,0.00317427894302516
"2015-05-20",0.00241871012858025,0.00210248188842859,0.00213804079213505,0.00216275925292971,0.00212474608085612
"2015-05-21",0.0011639058470455,0.00116562933988645,0.00122661056202156,0.00124359100512688,0.00123155155784473
"2015-05-22",0.00208044936789743,0.00248447745143785,0.00257421719529527,0.00256244111363974,0.00253312060830621
"2015-05-26",2.28297348729967e-05,0.000178023144048871,0.000209630214806914,0.000181340418628113,0.000183330951675948
"2015-05-27",0.00117424694817774,0.00133510752159023,0.00140581375892446,0.00135863452054517,0.0013453452160803
"2015-05-28",0.0014370384667875,0.00150255174883171,0.00154030054355555,0.00152015889697438,0.00151671420130319
"2015-05-29",3.15570464293003e-06,1.50763371282994e-05,1.35677027807762e-05,1.33105233469342e-05,1.2042187145631e-05
"2015-06-01",7.19448994352088e-06,6.37705938952404e-07,1.98437629310667e-06,2.01553599433982e-06,1.8239443390565e-06
"2015-06-02",0.000846606825028763,0.00110673125653344,0.00106189787329682,0.00102737947905574,0.00103097614056992
"2015-06-03",0.000633571367190707,0.000797600526433625,0.000836509478993672,0.00080716926996574,0.000804264396041073
"2015-06-04",0.000120206751846693,9.29512589067179e-05,8.14392533852846e-05,7.5052170063096e-05,7.23920220888354e-05
"2015-06-05",0.000246392874950205,0.000210538252568041,0.00020556097809511,0.000225778582158554,0.000229458144385248
"2015-06-08",3.64179931409471e-05,4.50565537098422e-05,5.19130028402571e-05,5.11257922363492e-05,5.18736845211328e-05
"2015-06-09",0.000432427439323935,0.000504262275880748,0.000490078506612005,0.00049143161617339,0.000490266802782534
"2015-06-10",4.66488631300765e-05,3.20248195391735e-05,4.97569598865881e-05,4.89226107295609e-05,4.83535000020469e-05
"2015-06-11",0.000375224669688315,0.000264499912127478,0.000278333660004449,0.000277173358087944,0.000279390291812154
"2015-06-12",0.000387278959804916,0.000406380785342437,0.000394825975101925,0.000381580774074881,0.000388938320400395
"2015-06-15",0.00014068978380168,0.000200077826988716,0.00020103295774335,0.000224393100946581,0.000229488134985511
"2015-06-16",0.00246160393996723,0.00276018970823889,0.00277976573795494,0.00281587913660528,0.00280027396552905
"2015-06-17",0.000220263163327834,0.000249980553282828,0.000241096984584984,0.000242328651437125,0.000244644162157359
"2015-06-18",0.00174240240030932,0.00177161482705143,0.00178075143739022,0.00182230286199506,0.00182868937745928
"2015-06-19",0.0018277607423035,0.00178473335949232,0.00187054804113054,0.0018659992112947,0.00188373098576052
"2015-06-22",0.00265878360502913,0.00251241973978681,0.00246237064222665,0.00246719164039722,0.00246243053943014
"2015-06-23",0.00206869849697277,0.00222697210136734,0.00225099901529254,0.00221123889702375,0.0022245240582363
"2015-06-24",1.37101522003022e-05,6.77650636783995e-06,6.94180631447673e-06,4.74007306191796e-06,4.91555587009616e-06
"2015-06-25",5.22183186801496e-06,9.87543271000645e-08,3.9531524981108e-07,5.01495676628824e-07,3.06252052457268e-07
"2015-06-26",0.000113450733912453,8.64488303120641e-05,8.13798042167882e-05,8.33395491554542e-05,8.58069027823392e-05
"2015-06-29",0.00146982429375783,0.00130448922909241,0.00131308240133906,0.0013106701834899,0.00132257119218402
"2015-06-30",0.00350506807275654,0.00316645767682333,0.00313077368061861,0.00311759557440097,0.00311390799069603
"2015-07-01",0.000304180362332917,0.000417267174873186,0.000485384178533494,0.000476628621799665,0.000494565413835471
"2015-07-02",0.000849780721172515,0.00102855257037495,0.00107799224202213,0.00108267612652812,0.00108258835267232
"2015-07-06",4.26955838233518e-06,7.00327192752726e-08,4.37174917523859e-08,3.87374714551065e-07,8.01143339541321e-07
"2015-07-07",8.39232658640012e-05,0.000125321823372216,0.000137757458556929,0.000133827782864329,0.000131000483013393
"2015-07-08",0.000465925448645977,0.000700445277107314,0.00075647335490254,0.000740880240733239,0.000734079569342
"2015-07-09",0.00546412456646494,0.00576435579165478,0.00582336063567434,0.00586306708559091,0.0058661500049367
"2015-07-10",0.00100524059020165,0.0010924267692357,0.00101351790979495,0.00101607220925334,0.00103991771710978
"2015-07-13",0.00136958945877577,0.00136284680088594,0.00132790883345567,0.00135791019969938,0.00137365308861765
"2015-07-14",0.00320881912601478,0.00266547647708254,0.00259045025516844,0.00260538647283967,0.00259247742916722
"2015-07-15",0.00570778006360793,0.00495185833826188,0.00482652341038973,0.00483701989511459,0.00483028078178551
"2015-07-16",0.0125744433943559,0.0123593537272486,0.0125483616048474,0.0125808368023253,0.0125542801578961
"2015-07-17",0.00472800121941493,0.00470191242277174,0.00479515017602998,0.00503295767816526,0.00497214760410024
"2015-07-20",0.000307745152286075,0.000460200217346983,0.000469513585108812,0.000479476878198508,0.000458637623102075
"2015-07-21",0.00157325954584947,0.0011814231789319,0.00111885957111356,0.00111032565326754,0.00113668709941007
"2015-07-22",0.021085042341739,0.0200306472720788,0.020158167121528,0.0200713473125169,0.0201499645701973
"2015-07-23",0.00217812180088879,0.0022495458718592,0.00219000591640528,0.00205661553742005,0.00207430501268616
"2015-07-24",0.00212526294536848,0.00281196063134671,0.00280177139575753,0.00248759659539017,0.00253714397745061
"2015-07-27",0.00179399067058019,0.00205204309607029,0.00198142049675448,0.00188493600030375,0.0019484968804398
"2015-07-28",0.000224788253779838,0.000195539913196441,0.000213506662505929,0.000237111781708542,0.00022583181040881
"2015-07-29",0.00559608576671357,0.00656984813804857,0.00643743694373371,0.0067361902038986,0.00678807125189861
"2015-07-30",0.00130016690221739,0.00180666423098638,0.00178453463256045,0.00142282824661806,0.00145426197697583
"2015-07-31",0.00179526282316214,0.00179497725653386,0.00140459216141784,0.00135907710757133,0.0013495162136989
"2015-08-03",0.00326678500405386,0.00357888005235474,0.00384416383156664,0.00394944252909161,0.00397141093672371
"2015-08-04",0.0337878509243742,0.0355619949630849,0.0363867904032777,0.0358505471998176,0.0359196207928456
"2015-08-05",0.0111973578394589,0.0121170539447546,0.0123110339896709,0.012280391129577,0.0123342213550646
"2015-08-06",0.00180758276457924,0.0020737454800966,0.00222609990668456,0.00209540648473682,0.00211631789336665
"2015-08-07",0.00101786665881821,0.000882050710581869,0.00116175061071534,0.00108976686760605,0.00109965784917064
"2015-08-10",0.00349784549808407,0.00333563102785066,0.00324353827312067,0.00340982323423292,0.00337074635569829
"2015-08-11",0.00294933486130619,0.00333058358067061,0.00345114035694671,0.00390149491329362,0.00381949712435434
"2015-08-12",0.00829779713312713,0.00742162607266671,0.00703482348247001,0.0070569631899821,0.00711439751464944
"2015-08-13",4.79862026802067e-05,6.52150666784432e-05,4.92586077132413e-05,6.39689293847229e-05,5.75576894214636e-05
"2015-08-14",0.00140378869876394,0.00155192856634314,0.00122721714217788,0.00046728997645282,0.00044155067105147
"2015-08-17",0.000285814685847301,0.000468205792093664,0.000397493165783299,0.000164814330283974,0.000161180926558875
"2015-08-18",0.00761924044109926,0.00819823263134499,0.00787322674404382,0.00770070639053134,0.0075792558795684
"2015-08-19",0.0124919884155512,0.0108552835972328,0.0101035019327242,0.0102950048794679,0.0101503652032256
"2015-08-20",0.000595686545377162,0.000558432285090023,0.00050287311896818,0.000476425869232169,0.000508310219298645
"2015-08-21",0.0483797936323942,0.046864254543401,0.047616032578417,0.0468073126209858,0.0466310799864212
"2015-08-24",0.697769135639975,0.693670277956987,0.693611533559302,0.690609520166051,0.68982532565468
"2015-08-25",0.101941976746216,0.101553728422506,0.1009954034541,0.100536317062057,0.100327941998962
"2015-08-26",0.0782296396970714,0.0802110187606066,0.0809107466663485,0.0816615834387182,0.0815867557205632
"2015-08-27",0.0130739289908624,0.014169044080806,0.0145537672250875,0.0148051360682091,0.0147605873520434
"2015-08-28",0.00954693719909585,0.00522754742109368,0.0045614103875427,0.00454202406074736,0.0047331387476668
"2015-08-31",0.239195065440295,0.142573063858319,0.128782060186469,0.121437143545307,0.127296673116365
"2015-09-01",0.0208579498944585,0.00866923173623267,0.00666200010318351,0.00603423186795078,0.00622698946768223
"2015-09-02",0.0445678848891745,0.0277769272295145,0.0239724051098033,0.0227799891156208,0.0230221926433521
"2015-09-03",0.0120119678825497,0.0076754300890114,0.00657059674725087,0.00625640671535902,0.00630168784052337
"2015-09-04",0.00341482165222382,0.00228807723023807,0.00183382540026329,0.00190101856216379,0.00190964379756771
"2015-09-08",0.00753210465489688,0.0068048724445497,0.00628611865669607,0.00596290929857117,0.00598587948746662
"2015-09-09",0.00164858382286822,0.000651081289092728,0.000463660785827331,0.000414097819322297,0.000429482422194672
"2015-09-10",0.00284967824030976,0.00200710485155997,0.00179497764962231,0.00178328539101952,0.00177916659987752
"2015-09-11",0.0187310002449946,0.0175399186396409,0.0172856136585732,0.0172882909982763,0.0172339567289397
"2015-09-14",0.00546085867452098,0.00528731044883885,0.00519528883054225,0.00520998560390943,0.00514995278656127
"2015-09-15",0.00597722824834761,0.00721002644069743,0.00703767731589628,0.00693359818842175,0.00690776190513489
"2015-09-16",0.0318428097952888,0.0320038554922256,0.0311266416921133,0.0312844697883634,0.0311768846752815
"2015-09-17",0.00031146801942565,0.000136194330230928,0.00016114990620682,0.000173699202238996,0.000174558672874277
"2015-09-18",0.000309235833798299,0.000558972575354421,0.000456437498189691,0.00040048933450024,0.000406831172688797
"2015-09-21",0.00298903358393282,0.00363656502251412,0.00431271777049642,0.0044414587065192,0.00439402922314181
"2015-09-22",1.86380387362565e-05,1.59312612229738e-05,3.66463198094281e-05,4.0235791084831e-05,3.59333584919621e-05
"2015-09-23",0.000748785773303886,0.000678699149025008,0.000639191098087062,0.000722131096747733,0.000695209054576479
"2015-09-24",0.00571933250976387,0.00432743774689717,0.00411965541515037,0.00383305105961084,0.00377572227076858
"2015-09-25",0.00206059434721717,0.0015251144355565,0.00142114101579802,0.00133754025001793,0.00133063869237328
"2015-09-28",0.000336157160530967,0.000301009261021835,0.000469648866733886,0.000433556568402717,0.000435000368743303
"2015-09-29",0.00405211821404396,0.0042612430714533,0.00459902360027505,0.00446321169191477,0.00447758134410216
"2015-09-30",0.00630737034263742,0.0064752937394137,0.00651993258180008,0.0064489181041295,0.0064557763581183
"2015-10-01",0.0046344278573188,0.00588976131895082,0.00588423167351963,0.00583128667819878,0.00582384476790142
"2015-10-02",0.000135057564842946,0.000196632871656804,0.000319884817806653,0.000315620984753721,0.000310491467400503
"2015-10-05",0.00379300374945916,0.00311444146767985,0.00233714550742339,0.00251219539633277,0.00252333692911517
"2015-10-06",0.00505041107915522,0.00468758186645661,0.00365456756900561,0.00377804740535838,0.00378414168969131
"2015-10-07",0.00542548543370709,0.00587923531226593,0.0051261960175855,0.00521030649459178,0.00520697833820601
"2015-10-08",0.00428423189746047,0.00327260532272662,0.00302595440330794,0.00300111663121773,0.00299327289895987
"2015-10-09",0.00523060749824098,0.00391685856016216,0.00374890566606515,0.00371637919170103,0.00370875528438517
"2015-10-12",0.00570996264018655,0.00595440243882517,0.0057481312739011,0.00542500243612161,0.00541553190757577
"2015-10-13",0.00674844357506642,0.00734085334655724,0.00701080375734866,0.00703959756410488,0.00703895337096149
"2015-10-14",0.00309578739150286,0.00278535525573552,0.00233003822431036,0.00235345804344209,0.00234827853104407
"2015-10-15",0.00702186878930514,0.00711821631826862,0.00643351098611033,0.00665514888067013,0.00664177549501539
"2015-10-16",0.00514419293782352,0.00602090612612553,0.0056751331540318,0.00587636625873415,0.00586631537861976
"2015-10-19",0.000672441526560659,0.00098815798129438,0.000944468237806667,0.00106157705732464,0.00105658492471804
"2015-10-20",0.000649968957136896,0.000573451219702756,0.000623774600945752,0.000543511856633229,0.000548051603890959
"2015-10-21",0.000260988765481152,0.000218237364760887,0.000197471422624023,0.000207963857881425,0.000211303384905765
"2015-10-22",0.000405647695393132,0.000211333649334364,0.000242176716648495,0.000248966726735198,0.000246922149056582
"2015-10-23",1.90870664826454e-05,0.000122544361707651,0.000113538205850995,6.19018522194806e-05,5.89680964737406e-05
"2015-10-26",0.00021402248245425,0.000305009895475516,0.000347018158449632,0.00024995531190905,0.000257557202752648
"2015-10-27",1.85431347972988e-05,4.83908345466161e-05,6.40264108164996e-05,0.000116465713853562,0.000114405637040367
"2015-10-28",0.00351377356655808,0.0034989355354002,0.00386811656433644,0.00381995756757203,0.00370832180432303
"2015-10-29",0.00057800794441483,0.000419569913573077,0.000271340941945453,0.000126381434449247,0.000132129612698908
"2015-10-30",0.00188549901185581,0.00175370648989327,0.00163600826021417,0.00153010450673364,0.00153908747440871
"2015-11-02",0.0076010252625566,0.00845472155295971,0.00839970422566191,0.00824455185588079,0.00817320997901593
"2015-11-03",0.00396435432477689,0.00406627575265252,0.00425462470931378,0.00453457810227799,0.00450464183772763
"2015-11-04",0.00641415417479243,0.00646844393097507,0.0064854943229236,0.00669993843298681,0.00672968126142403
"2015-11-05",0.000741681991695596,0.000797305675464691,0.00063318853274177,0.00065798059005008,0.000655683156495526
"2015-11-06",0.000177016893378681,0.000201427538538412,0.00023690753094662,0.000219519800555995,0.000219348659347054
"2015-11-09",0.00103176940887373,0.000873214310717038,0.000836476739677864,0.00080037586731468,0.000805291301712549
"2015-11-10",0.00260732434000825,0.00245650726507197,0.00232222387841776,0.00216108267478645,0.00215402468281933
"2015-11-11",0.000403246341170823,0.000304630034097675,0.000298839109833143,0.000281854898277663,0.00028186486116656
"2015-11-12",0.000270925668826234,0.000269978570139686,0.000262378338491136,0.000265447065856392,0.000267748111449046
"2015-11-13",0.00128746269456795,0.00120969562684969,0.00118690676536922,0.00124591007461969,0.00124283043030143
"2015-11-16",0.000722688399019469,0.000666004629555296,0.000614993890684952,0.000657834007152548,0.000657606033154843
"2015-11-17",0.0013091341017945,0.00158027581884558,0.00164856862275512,0.00185800659722192,0.00185357539004638
"2015-11-18",0.00220535799709106,0.00289862290115119,0.00325259897630878,0.00336066695333825,0.00334811534085711
"2015-11-19",0.00184981115609755,0.00180589262356529,0.00200706244714903,0.00200296818108406,0.00201987675968836
"2015-11-20",0.00971713921896905,0.00996382863154935,0.0097402528154774,0.00970379962006411,0.00983144031850714
"2015-11-23",0.00564707235964968,0.00488915357820557,0.00487970219328843,0.00468349178067233,0.00470988492274769
"2015-11-24",0.000738746445700864,0.000531100416695878,0.000594528640985148,0.000540925023422702,0.000538637471711925
"2015-11-25",0.00501581286291508,0.00500388049211178,0.00510192574456986,0.00496090940468256,0.00492975051373398
"2015-11-27",0.00275854416900598,0.00334268991681088,0.00380650146480313,0.00372017181591087,0.00373050995188465
"2015-11-30",7.13804427104754e-05,0.000150921972447924,0.000188304673065447,0.000165506197763874,0.000163165906158246
"2015-12-01",0.0006525932987593,0.000756204301137948,0.00085986879900887,0.000916199988129404,0.000880131786783947
"2015-12-02",0.000893322347645692,0.000913744571111453,0.00115808728308148,0.00116733781181473,0.001164973522273
"2015-12-03",0.00257342035883,0.00259392638849579,0.00223753501429187,0.00219725432615759,0.00221533775617818
"2015-12-04",0.00142775927522371,0.00116946300772005,0.00115277890902768,0.00124677981008512,0.00126544936183614
"2015-12-07",0.000635863349936393,0.000532841099275519,0.00053095742442059,0.000485723686384872,0.000489716354938419
"2015-12-08",0.00165505507176949,0.00187013382919231,0.00185140424342199,0.00180537581938948,0.00178095613193619
"2015-12-09",0.00138333246365598,0.00108224411865371,0.00101225661944597,0.00093964230247521,0.000929910742801024
"2015-12-10",0.000157893557500185,0.000118575703777268,0.000103626620813248,6.16542209645311e-05,6.37737864996063e-05
"2015-12-11",0.000187834091873599,0.000219295168158935,0.000207739771393525,0.000207675588833031,0.000212138940797167
"2015-12-14",0.00772173715041394,0.00770097709407912,0.0079179606199939,0.00796674844684512,0.00795875254651472
"2015-12-15",0.000488110294492448,0.000394172622111668,0.000382514032587029,0.000328754728054538,0.00033009665728513
"2015-12-16",0.00248296418911634,0.00287486086765868,0.00329437257032495,0.00356823920630189,0.00355651735070117
"2015-12-17",9.2115862743375e-06,1.33693705456858e-06,9.33916322548001e-07,8.47768647873541e-07,5.67016331134271e-07
"2015-12-18",0.000723681214989194,0.00109353883812303,0.000979019256999802,0.00105743529848583,0.00105135341513126
"2015-12-21",0.00434754695220493,0.00285564164903496,0.00272979784780198,0.00255317074881523,0.00253442484181654
"2015-12-22",0.00139272488234991,0.00111143692196171,0.00114580927743758,0.0011200245913346,0.00111468919009749
"2015-12-23",0.0123418178330951,0.0098413192746974,0.0101851550991959,0.00988482390157053,0.00977526986611728
"2015-12-24",0.00529477882664578,0.00438803040531247,0.0044050598346821,0.00442536765383708,0.00442190006900243
"2015-12-28",0.0129914614889987,0.0111627997184862,0.0116011018198877,0.011380964118571,0.0115884442332491
"2015-12-29",0.0129145201866877,0.0124129356036031,0.0126757723437958,0.0126755877929018,0.0127170109482316
"2015-12-30",0.0045180469818283,0.00464018943024876,0.00474728665596639,0.00487935635246933,0.00482808498927575
"2015-12-31",0.00111356633857129,0.0010212904579332,0.00124382747693842,0.00133486711017122,0.00128881355893557
"2016-01-04",0.00937564342297042,0.00777371953880432,0.00760040794216108,0.0074387769841188,0.00748113177740591
"2016-01-05",0.013637692888499,0.0128388357984447,0.012466161062957,0.0122098872458623,0.0123443666806934
"2016-01-06",0.0209631498275325,0.0194967156578762,0.0189814928950555,0.0187608133647687,0.0187478282830436
"2016-01-07",0.0254877473987458,0.0252040390296359,0.0244068534528241,0.0240493575992987,0.0241481124945523
"2016-01-08",0.0216196700281287,0.0217721907995438,0.0215074207272957,0.0211313950186772,0.0211890492640096
"2016-01-11",0.00133542740358558,0.00165285101770194,0.00195138386855315,0.00202636447302195,0.00207046736925006
"2016-01-12",2.20594936263521e-05,4.04449815828095e-06,1.08607337729879e-06,8.80595380348888e-06,9.95140547856793e-06
"2016-01-13",0.00225406610051743,0.00265065307134766,0.00250590689115434,0.00253939080598084,0.00255970638997258
"2016-01-14",0.000959352988351716,0.00140768397908769,0.00158877327176409,0.00175529318108819,0.00172654139117601
"2016-01-15",0.00306462082964802,0.00370012078143056,0.00389861214673874,0.00387650356030373,0.00383371394200619
"2016-01-19",0.000359386234779466,0.000125880310680844,3.79501721007178e-05,1.31395782468466e-05,1.19104392676167e-05
"2016-01-20",0.00702219789594638,0.0080132341823336,0.0087719850126192,0.00896324171460451,0.00896571345806772
"2016-01-21",0.000146436521548863,0.000321030441420314,0.000465801045529527,0.000678858991880016,0.000685755166097873
"2016-01-22",0.010054201395023,0.00802971481359831,0.00703907930571282,0.00663431832877855,0.00669066129657842
"2016-01-25",0.0177882685657416,0.0132206846156752,0.0118932505812076,0.0113892954794214,0.0113961469942126
"2016-01-26",0.000735941639563324,0.000208502602511712,8.60768302926687e-05,4.10621784211925e-05,3.61854586343892e-05
"2016-01-27",9.77533504844863e-05,0.000894932133786249,0.00127948722733536,0.00144432690654749,0.00140252647700451
"2016-01-28",0.00507582620486997,0.0025735558105646,0.00199617139835757,0.00177987766637006,0.00182835650916569
"2016-01-29",0.00332905044351609,0.00294830030944074,0.00280450405733584,0.00147923593898655,0.00147143071677889
"2016-02-01",0.00505069072836675,0.00455150126937125,0.00431189582657376,0.00344895591487166,0.00337264662736386
"2016-02-02",0.00773639290184066,0.00712139504424171,0.00691276419313863,0.0069053819138209,0.00686825894898305
"2016-02-03",0.0043408086828347,0.00297515740406311,0.00277524723457926,0.00269489381099105,0.00303102427549565
"2016-02-04",0.00162140396891782,0.000985636232650411,0.000728651811206201,0.000607776309610671,0.000634210806546438
"2016-02-05",0.00015067481632867,7.02636745804252e-05,0.000160964407371817,8.90041945852493e-05,0.000108928637697271
"2016-02-08",0.00554695994404228,0.00693628089095163,0.00721827844254632,0.00728682499706574,0.00739572854845155
"2016-02-09",0.00298844967487134,0.00367827577849155,0.0036788733976066,0.00369315224460441,0.00378691191175483
"2016-02-10",0.0028919667711489,0.00196737927447809,0.00178693336506043,0.00158922754211354,0.00157989601609813
"2016-02-11",1.06181712042687e-06,0.000210526572687172,0.000228151034064786,0.000214886959689569,0.000200175623234613
"2016-02-12",0.0105623908698402,0.00967689352243693,0.00933347435569458,0.00953073897525041,0.00956122547451058
"2016-02-16",0.0188351414233238,0.0183053688350162,0.0175619065691127,0.0180375728088409,0.0181014945990704
"2016-02-17",0.015694870061976,0.0122713578869264,0.0119012370886307,0.0116654427135199,0.0116806960688559
"2016-02-18",0.0101566972963269,0.00847535899127103,0.00851004474465687,0.00852947586677991,0.00854980967195956
"2016-02-19",0.0151685959154719,0.0117097111432145,0.011228404986338,0.0106168064492126,0.0108186707586355
"2016-02-22",0.0044737902030217,0.00359949228812363,0.00367098871979497,0.00383181589969543,0.0038547819193509
"2016-02-23",0.00536941331889186,0.00426959204852803,0.00429680654798306,0.00430645796485458,0.00437069175469138
"2016-02-24",1.90716737455965e-05,5.79634591984496e-05,6.08455101784003e-05,4.13065805359413e-05,4.45142218539737e-05
"2016-02-25",0.00107428012452269,0.00109619236304288,0.00111066620031637,0.000997899405866411,0.0010179744318481
"2016-02-26",0.00136292929216466,0.00150770342733785,0.00142973044134635,0.00131240203413303,0.0013309000232939
"2016-02-29",0.000315503862842795,0.000123122252977604,7.28056182337289e-05,3.38336787468299e-05,3.99266203467249e-05
"2016-03-01",0.0001793401741801,0.000786624647950476,0.000701376862938649,0.00062293166432457,0.00063780257319577
"2016-03-02",0.00222210199850286,0.00181397314736339,0.00191159200082405,0.00181152608749953,0.00181138997980633
"2016-03-03",0.00060445849346893,0.000709771154076069,0.000716560372935553,0.000701754945716177,0.0007089475377528
"2016-03-04",5.63902329369142e-06,9.76458014530725e-05,4.92312865764864e-05,4.05278039397046e-05,5.01714263411066e-05
"2016-03-07",9.87749716127345e-05,6.05793928196259e-05,0.000109369590653445,9.56419484822392e-05,9.11179203644638e-05
"2016-03-08",3.92828877243118e-05,9.2280989619802e-05,6.17530466650411e-05,4.83398853150506e-05,5.01776510186019e-05
"2016-03-09",1.2615904214058e-06,1.27716138952064e-05,5.42859084804055e-06,7.80547150772465e-07,1.36110959950632e-06
"2016-03-10",0.0022493146278858,0.00231647790430699,0.00203924068296275,0.00206388257484302,0.00210648799149113
"2016-03-11",0.00370189853939951,0.00432871937548031,0.00436431602206303,0.00417740577665357,0.00411462246746901
"2016-03-14",0.00381571049183615,0.00441119685642917,0.00431905500349633,0.00382865947181168,0.00379362700063837
"2016-03-15",0.00239440644002732,0.00229011543402212,0.00244335973089633,0.00208443174812816,0.00207467762287738
"2016-03-16",0.00125723529990458,0.00210161826651363,0.00211190232559828,0.00186873787596102,0.00184688911014141
"2016-03-17",0.00570264026765337,0.00588328390658078,0.00567587792796644,0.00504806166129024,0.00500930783124374
"2016-03-18",0.00105341020438105,0.00129019113432051,0.00124815834477714,0.00121098154213495,0.00119301029810413
"2016-03-21",0.00136077388520479,0.000967574211993783,0.000915871390159287,0.00101520841913474,0.00102715662848219
"2016-03-22",0.000747731862658083,0.00100854943832118,0.00110281975347742,0.00113675898232903,0.00111356063249651
"2016-03-23",0.0020145687187127,0.00199533900695455,0.00142359048663029,0.00148839603544058,0.0014645705009948
"2016-03-24",0.00222908967542657,0.0026757611215414,0.00250198899016767,0.00264456541983213,0.00262000253645429
"2016-03-28",0.000905076329693482,0.000827466363054434,0.000824886316292307,0.000769786751558162,0.000765205207704277
"2016-03-29",0.00340538792939023,0.0051314784209014,0.00544361794377836,0.0054364518456492,0.00549706017765086
"2016-03-30",0.000116951932798525,1.84205928633098e-05,6.29592938015951e-06,6.95897884766458e-06,5.52973957952929e-06
"2016-03-31",0.000410244707406146,0.000562949114241428,0.000560634404433668,0.000579659451258939,0.000600514405583981
"2016-04-01",1.19872069674265e-05,3.14655741829519e-05,5.44835643635197e-05,3.71938225604015e-05,4.23192921064113e-05
"2016-04-04",0.000681342929182628,0.000522356535294276,0.000448597631113975,0.000469009664585638,0.000450852104964729
"2016-04-05",0.000411272520962107,0.000552738428555779,0.000453405276100923,0.000432003800010327,0.000414803073090483
"2016-04-06",0.00132170652116687,0.00196144278980036,0.00206613378856398,0.00198992971319924,0.00203924698688079
"2016-04-07",1.6026228155684e-05,2.23009307441522e-06,1.24120262558147e-05,1.89274473435262e-05,2.73830773198344e-05
"2016-04-08",1.801467347227e-05,8.80867586586597e-07,2.93055006855868e-07,9.02315407915147e-07,2.17923232139926e-06
"2016-04-11",0.000196477616102421,0.000250087782307897,0.000324841779030281,0.000396730037845831,0.000408581257984641
"2016-04-12",0.000343267238597282,0.000311222131917983,0.000339458476159466,0.0003911377980826,0.000394791316311948
"2016-04-13",0.000644685884460294,0.00070071391203685,0.000646943963164028,0.000680982264023432,0.00067773300990334
"2016-04-14",0.003017426937712,0.00293252153575696,0.00285729307000921,0.00293065137513123,0.00294085131896451
"2016-04-15",2.12545214203512e-05,9.4346289289975e-05,0.000103927446953055,6.24260042165121e-05,6.56387801871375e-05
"2016-04-18",0.00100417310501857,0.00136034746444055,0.00139658090873268,0.00138755631395908,0.00141189918355907
"2016-04-19",0.00021335232547564,0.000337957883106925,0.000357721329962075,0.000382921381994549,0.000414977538086345
"2016-04-20",0.000277992200657036,0.000343749275208932,0.000371414805562637,0.000334530378777763,0.000337264491927793
"2016-04-21",8.80639016304068e-05,6.95610734444512e-06,7.34908213006985e-07,2.24977481508141e-06,2.47816321180966e-06
"2016-04-22",9.44578739739984e-05,0.000385329202304359,0.000559076986781014,0.000572796248539048,0.000542300574161357
"2016-04-25",0.000532934424819625,0.000832595922265067,0.00102028206400379,0.000972079998601757,0.000973984731941656
"2016-04-26",0.000249529004811787,0.000537773726000826,0.000544226911042571,0.000497856518284333,0.000514113780566978
"2016-04-27",0.011703979555044,0.0117094946562628,0.0115463946655646,0.012124024661171,0.0118949850625416
"2016-04-28",0.00460262945991831,0.00503242349026864,0.00485558577282672,0.00577424574746485,0.00573766733449714
"2016-04-29",0.00082489015137138,0.00235400386202397,0.00218528595812619,0.00217069335078079,0.00222460668332598
"2016-05-02",0.000541738728617986,0.00118824880037339,0.000959956777216637,0.00092649153723516,0.000950976606115159
"2016-05-03",0.000632558841508683,0.000299209046329815,0.000223979992478827,0.000180448912698718,0.000166997220593236
"2016-05-04",0.00361267220058995,0.0044138888951253,0.00496883318230217,0.00494800699835666,0.00519802260094913
"2016-05-05",0.00675034528149171,0.00706025669259611,0.00691895895183036,0.00721819614791463,0.00728736864162353
"2016-05-06",0.00225544235172033,0.00220155414043746,0.00174873237050149,0.0018018825730609,0.00180332994140512
"2016-05-09",0.0025866032891271,0.00306788033862699,0.0030727825954174,0.00336230999958415,0.00336508980911042
"2016-05-10",0.00203309995275406,0.00201860814999766,0.00212443003393835,0.00232692952658663,0.00233482302060277
"2016-05-11",0.00322800767707022,0.00366912204099742,0.00366750219121588,0.00375859806633016,0.00375775516132449
"2016-05-12",0.00208886845416283,0.00217340678045285,0.00225704773277992,0.00211556173146514,0.0021269541426991
"2016-05-13",2.28812190435883e-06,1.62218553537017e-06,3.11022002770217e-07,7.80017406291333e-07,1.01331211188593e-06
"2016-05-16",8.87054263652067e-06,4.51155503939632e-05,2.98241691859332e-05,2.27705478404309e-05,2.23089471614984e-05
"2016-05-17",9.6876864912948e-05,1.49302549728e-05,4.20280948023662e-06,2.74347929452395e-06,2.73965943289297e-06
"2016-05-18",0.00073076168866967,0.000557702479452686,0.000477691794403892,0.00056989195378807,0.000569882993299572
"2016-05-19",0.00169477991984508,0.00227357032203518,0.00249622408076928,0.0025989214161153,0.00261670370857071
"2016-05-20",0.0065624252054306,0.00712584747612567,0.00693904783692342,0.00657384736738294,0.00661362676247943
"2016-05-23",0.00213157549735426,0.00185857851585936,0.0019488422076827,0.00212609325016994,0.0021333642061451
"2016-05-24",0.00676214899417587,0.00736873981430817,0.00735273664745432,0.00734790031107518,0.00734526879047249
"2016-05-25",0.0059221605647573,0.00508413957039767,0.00528165415212504,0.00483816454024133,0.00485265499758379
"2016-05-26",0.00327780642476007,0.00309115231259218,0.00326898108726424,0.00298422226346041,0.002999432358353
"2016-05-27",0.000664300473096794,0.000774238379290953,0.00081909516611184,0.000779809713167307,0.000780390810808083
"2016-05-31",0.00187535245070877,0.00225444424287817,0.0023153050393854,0.00249629247553256,0.00250663277712114
"2016-06-01",0.00054833181490361,0.000729860562982507,0.000843121455837725,0.000888762544560016,0.000897472819637205
"2016-06-02",4.00458932565451e-05,3.71243612968892e-08,5.77650009670267e-07,1.5411314788522e-05,1.6550664098517e-05
"2016-06-03",0.000768137352315568,0.00109287263227693,0.00110277644709897,0.00132385947892557,0.00132963964986054
"2016-06-06",0.00106030307052143,0.00179006204221805,0.00200562046465311,0.00210379582098319,0.00211250528397441
"2016-06-07",0.00101683502751066,0.0012481757407771,0.0013554864879206,0.00125601049015327,0.00127281954742037
"2016-06-08",0.00177252597754538,0.00183181217236733,0.00195714680761137,0.0019448493259406,0.00196894406458894
"2016-06-09",0.00235615779996036,0.00286401629789081,0.00301771336101347,0.00319714591410025,0.00322714254266431
"2016-06-10",0.000535272373280387,0.000494830976336763,0.000499509569094216,0.000469019213107463,0.000474626415949693
"2016-06-13",0.0012278157691778,0.00119295456060468,0.00105702621964179,0.000981435871594715,0.000978507912684859
"2016-06-14",0.000686829804143678,0.000482395095731429,0.00041621340945156,0.000391316802541391,0.000388184950616831
"2016-06-15",0.000886716900756444,0.000869459563532572,0.000810232031560186,0.000796289508466918,0.000793418593055577
"2016-06-16",0.000579348851162052,0.000385058958896812,0.000374260750823733,0.000401358698238955,0.000400723966362551
"2016-06-17",0.000545646549291575,0.000675768596307162,0.000686963967440429,0.000665260006502447,0.00067033711823972
"2016-06-20",0.00260386473673315,0.00309852155151896,0.00304448415321825,0.00298457058953401,0.00296663260851752
"2016-06-21",0.00025315706834309,0.000246975287499015,0.000294335552232989,0.000119596888732387,0.000120080783456988
"2016-06-22",0.000688387311708675,0.000627096684471843,0.00064113951317335,0.000546186029242272,0.000548383932291486
"2016-06-23",0.00141325474751287,0.00119140715903478,0.00113184085086053,0.00111442831635907,0.00111643379278379
"2016-06-24",0.00257539960483789,0.00257005186581847,0.0025326684037858,0.00253184001501409,0.00252287612184217
"2016-06-27",0.00362235534618582,0.00372530924158406,0.00369973449990654,0.00391407725202396,0.00391088317396592
"2016-06-28",0.000399203022041211,0.000822295489708974,0.000825604389006203,0.000721069232915709,0.00072326590508528
"2016-06-29",0.000149217786326266,0.000279711617472994,0.000217847945913769,0.000209728538819539,0.000208201232635738
"2016-06-30",0.00033614090891683,0.000459238084032815,0.000473051194394908,0.000463061102826694,0.000475651919639325
"2016-07-01",0.00790480922084569,0.00630924449700374,0.00593993001036776,0.0057134762587408,0.00570581482799075
"2016-07-05",0.0099867924995027,0.0082109183045903,0.00813276547290329,0.00751609836307072,0.00749316969248791
"2016-07-06",9.71825887306834e-06,2.86604514651468e-06,1.64296831021475e-06,2.37967112292138e-05,2.45848864762522e-05
"2016-07-07",0.00124688000308661,0.000917750308761613,0.000979421914866343,0.000921600641447382,0.000916821805101033
"2016-07-08",0.00132891093125684,0.00126937411887076,0.00138608350748067,0.00113874720650099,0.00112646515627284
"2016-07-11",0.00213111162617439,0.0019740204497323,0.0021269847671428,0.00204314562651073,0.00201654792338918
"2016-07-12",0.00109343851262341,0.000915667038791342,0.00090655276193067,0.000874649772039299,0.000867132111256095
"2016-07-13",0.00421519268243571,0.00407719463105646,0.00413295159931202,0.00380365956143776,0.00379526708840887
"2016-07-14",0.00188031554786153,0.00199120957313794,0.0019912056757798,0.00192286848020487,0.00193209494267994
"2016-07-15",0.000941942239070653,0.00115909165183605,0.00115555232842358,0.00102653504076094,0.00101336814181141
"2016-07-18",0.000480867009147833,0.000578871029560581,0.000605232569501584,0.000584029189904851,0.000596348947657671
"2016-07-19",0.000376284439868506,0.000428938336608991,0.000491095849617786,0.000509318707012966,0.000522161711652369
"2016-07-20",0.000739485402089223,0.000788646743438909,0.000835600937123052,0.000830249610032726,0.000841670827637004
"2016-07-21",0.000126210074422838,0.000186410559670819,0.000203690564846123,0.000180263745342712,0.000190529588742214
"2016-07-22",9.18649853120967e-05,0.000179570906108794,0.000163563162087924,0.000198140104440874,0.000194969223969911
"2016-07-25",1.20674830267403e-05,6.2359681359226e-07,1.09988444142542e-06,2.71791091747409e-06,2.68486377481258e-06
"2016-07-26",0.000315108495405403,0.000311046720859515,0.000281445925615003,0.000254318308046521,0.000246320363384392
"2016-07-27",0.002608350153297,0.00227345908053654,0.00220118312560682,0.00237731618189879,0.00236509787634708
"2016-07-28",2.91779178261871e-05,3.71397321967319e-05,4.91687050164748e-05,3.32526838579501e-06,2.42787068296255e-06
"2016-07-29",6.51102870349234e-05,4.08949752279905e-07,1.89378447230579e-06,2.29326618535094e-06,1.15490100187319e-06
"2016-08-01",0.000798647410390454,0.0005872841043409,0.000674691520328868,0.000872997725485762,0.000867664259355127
"2016-08-02",7.43150998345215e-06,1.65581395785749e-06,1.09705764143878e-06,1.22373338528205e-05,1.20639098027799e-05
"2016-08-03",0.00345287881823287,0.00363421653014182,0.00372688709823986,0.00383374355535001,0.00389031064909846
"2016-08-04",0.000273112318421428,0.000301134021553457,0.000200623940927495,0.000228649568666387,0.000239557783800197
"2016-08-05",0.00152818370193243,0.00159892189799228,0.0017947721541249,0.00182353313866882,0.00183301358205802
"2016-08-08",0.000307171956270797,0.000232522071772637,0.000239651225114443,0.000227321434031621,0.000228219012283877
"2016-08-09",0.00112264883288277,0.00118745062294674,0.00103066757476386,0.00103514178659665,0.00103180352936995
"2016-08-10",0.000851284526908725,0.000979379612045167,0.000892362880334413,0.000856312979072567,0.000842636476338761
"2016-08-11",0.000769753820531552,0.000881055318484842,0.000893069144725425,0.000959417987252161,0.000951483181315962
"2016-08-12",0.000507619825554897,0.000562755844670915,0.000543243889934885,0.00051554603599664,0.000518605340148901
"2016-08-15",0.000349527202461754,0.000443524628265232,0.000530683307268633,0.000547147100548706,0.000548996150641113
"2016-08-16",0.000371637275108037,0.000489652754506075,0.000537278740588214,0.000583424193331698,0.000576409563909874
"2016-08-17",0.00133695896310751,0.00127634081679321,0.00123928410543436,0.00121026061748166,0.00121044212565988
"2016-08-18",0.000145599667592867,0.000200862792075362,0.000254168536065763,0.000272694867024607,0.000271862462408339
"2016-08-19",0.000136370528986427,9.02536350136193e-05,7.68432893964991e-05,7.34703597091929e-05,7.29795317034114e-05
"2016-08-22",0.000279229968028754,0.000215062274471374,0.000214947686800068,0.000167163888744443,0.000166417984854168
"2016-08-23",2.9861483083661e-05,4.6243817104683e-05,6.02932447401487e-05,7.3800418108665e-05,7.36966068030562e-05
"2016-08-24",0.000513275799479089,0.000600257072124632,0.00060575188377418,0.000628277940070737,0.000629054553031343
"2016-08-25",0.000124505897558387,7.71344557522892e-05,9.17597822844062e-05,8.79898677723443e-05,8.70360841196237e-05
"2016-08-26",0.00132989741681489,0.00117968585827895,0.00118639783526459,0.00111860212898754,0.00111812124728913
"2016-08-29",3.19870128067068e-05,2.51089256164389e-05,1.69818732989838e-05,2.24691457506561e-05,2.26787137140757e-05
"2016-08-30",0.000224820546421831,0.000192049033084662,0.000147349424355272,0.000172669829775671,0.000171283889039398
"2016-08-31",1.0219279750737e-05,1.64775887717498e-06,1.8006447329131e-06,1.95714656514707e-06,1.91520306058942e-06
"2016-09-01",6.15089263123334e-05,0.000105572454903466,7.09980243451166e-05,7.82313432339816e-05,7.86200156278541e-05
"2016-09-02",0.00136699526156956,0.00128742572951505,0.00109963435714792,0.00110045351816326,0.00110096151513381
"2016-09-06",0.00151743788943709,0.00152330660699082,0.00155454231911362,0.0017030927806085,0.00170137765561131
"2016-09-07",4.94682609463379e-05,3.98397134406746e-05,3.58918302247518e-05,2.80674129835246e-05,2.70637145718991e-05
"2016-09-08",0.00144527554465411,0.00129266478449381,0.00117799940683868,0.00122403750090935,0.00122480015342587
"2016-09-09",0.00181303225912825,0.00198594428863539,0.00191766866964498,0.00199123191140884,0.00197611336082223
"2016-09-12",0.00450028672796876,0.00474459404693779,0.00481068430413166,0.00480037696128337,0.0047732733672523
"2016-09-13",0.00715031463672724,0.0072333596209164,0.00703896092541968,0.00706725168298465,0.007171961946927
"2016-09-14",0.015388635497627,0.0147641964235124,0.0143530755007043,0.014012311597814,0.013820768046494
"2016-09-15",0.00100090542072002,0.00075353542055892,0.000573804883486166,0.000488193401867567,0.000478110625754424
"2016-09-16",6.81073127284862e-06,4.32626962914899e-05,1.52201865638571e-05,1.73762527394147e-05,1.76527254538495e-05
"2016-09-19",4.16481677168556e-06,2.79194644456275e-06,1.60591585537993e-05,2.83346336486508e-05,3.45136890698949e-05
"2016-09-20",0.000295997884557199,0.000197870944399894,0.000135760970764203,0.00010398195148821,0.000103017850381457
"2016-09-21",0.00555286033377706,0.00511625230131867,0.00558717446696894,0.00542197524732875,0.00551283092284041
"2016-09-22",0.00816365508028011,0.00759271890672357,0.00788099970553256,0.00789652533616863,0.00793826446807477
"2016-09-23",0.00152269859051627,0.001673537675432,0.00162823502433461,0.00164319051179092,0.00163149048317468
"2016-09-26",0.00351247462638781,0.00366437509155458,0.00421767842465278,0.00429530239803176,0.00434553277805219
"2016-09-27",0.00288057383700385,0.00328104683712429,0.00375933796925655,0.00385431486655335,0.00385448476937847
"2016-09-28",0.00379098604811421,0.00368413397970785,0.00377814330211436,0.00370508889930424,0.00370936854535445
"2016-09-29",0.00074519976863582,0.000734288638510187,0.000647909966116317,0.00063206537542985,0.000626128949814251
"2016-09-30",0.00663163297796965,0.00702445327170219,0.00752611776009948,0.00760099037531145,0.00768236789547782
"2016-10-03",0.00282316829488736,0.00279374746393474,0.00286096938823688,0.00257997369540851,0.00257537618999623
"2016-10-04",8.33509403421934e-06,1.41452851562357e-05,2.7534460878741e-05,3.05053587166784e-05,3.050225712846e-05
"2016-10-05",0.000494114927200522,0.000403783040670772,0.000466115095496714,0.000487886619271012,0.000495831797332508
"2016-10-06",0.00279494177455878,0.00250665679241021,0.00248839677580474,0.00244736744138621,0.00243771086975633
"2016-10-07",0.000441215516811504,0.000364368715795633,0.000380482232247116,0.000383808020033428,0.000388482531084367
"2016-10-10",0.000167819508383643,0.000140450844147449,0.000111661790331643,9.9541570613328e-05,9.69386497869268e-05
"2016-10-11",0.000158303024907663,0.000138960154756074,0.00010272478883494,0.000104105385817342,0.000105901513483982
"2016-10-12",8.43611963982152e-06,5.92659697991971e-06,2.77805570483681e-07,1.26580546404997e-06,1.58750070862138e-06
"2016-10-13",1.48594797984459e-05,1.55858649840227e-05,2.08521897121818e-05,5.024061389766e-05,5.05840215445863e-05
"2016-10-14",7.74828179635084e-05,2.09809865435227e-06,9.39313661067815e-06,1.47713249027876e-05,1.39917915069856e-05
"2016-10-17",0.000153077241217993,9.5327547555327e-05,0.000177915399203828,0.00019048165311244,0.000192561536006596
"2016-10-18",0.00513600959332235,0.00512022719427674,0.0052407090361897,0.00527400334650948,0.00529582845131027
"2016-10-19",0.00341196204153295,0.00342677150402117,0.00345371884676943,0.00348831833241787,0.00347765081475769
"2016-10-20",0.000322888737460177,0.000296095911080613,0.000271693394510392,0.000261520981208802,0.000220499643432034
"2016-10-21",0.00199736972723311,0.00190297655380482,0.00206764390591561,0.00207772415421555,0.00208833828266815
"2016-10-24",0.00239919116676005,0.00239203680699819,0.0023309831247242,0.0023733114755942,0.00237705046083695
"2016-10-25",0.000722652044208677,0.000716004044728489,0.000764237698804187,0.000738302039663972,0.000751549759866133
"2016-10-26",0.00770296486432853,0.00761720211500278,0.0075241310976473,0.0076430816648814,0.00761456754332364
"2016-10-27",6.06467436236184e-05,7.78651839689526e-05,6.66572990010958e-05,2.56018994044374e-05,2.77234886227496e-05
"2016-10-28",0.00272060777685317,0.00298809003926999,0.00299028019486478,0.00307582515672195,0.00305057979934747
"2016-10-31",4.26239818690538e-05,6.29225449130689e-05,4.45077912993902e-05,4.68542667511768e-05,4.8612987602089e-05
"2016-11-01",0.00263011337166618,0.00257798475213083,0.00246141835754365,0.00246863299753847,0.00250448116620209
"2016-11-02",6.00737404823511e-05,0.000106405326196876,0.000119280212119465,0.000141542186331806,0.000106527287334098
"2016-11-03",1.59636795404143e-05,1.42393062249005e-05,1.50948666142944e-05,1.35246394506939e-05,9.5219134857625e-06
"2016-11-04",3.66168127534797e-06,2.83002299182742e-07,8.71590095505184e-05,6.5564064377303e-05,6.16273114181251e-05
"2016-11-07",0.000307935256143575,0.00030596622556411,0.000223026589947647,0.000225592026833935,0.000226850132364604
"2016-11-08",0.000383265173877716,0.000369841175538954,0.000279831368312087,0.000282741382308087,0.000283953953174057
"2016-11-09",0.0340997609549788,0.0339649161489114,0.0345131593838813,0.0345492481360431,0.0345553096576758
"2016-11-10",0.0394994864029628,0.0397835063720156,0.0404873057510464,0.0402030743408924,0.0402020898457464
"2016-11-11",0.00496211837630897,0.00499995793142389,0.0055164375029666,0.00546782376236774,0.00546626984225547
"2016-11-14",0.0148579149444169,0.0150950838994205,0.0152062341358904,0.0151005163768527,0.015102111483284
"2016-11-15",0.00240204361082873,0.0023152509995851,0.00247089852395252,0.00247193992441211,0.00247141413360607
"2016-11-16",0.0046576346410977,0.00435118686792783,0.00314388994946565,0.00306606006381471,0.00307028678167898
"2016-11-17",0.0140412697627104,0.0134682761148905,0.0119827094125939,0.0118162388599983,0.0118388455951655
"2016-11-18",0.013643940788543,0.0148743676538129,0.0142305203967601,0.0140698894808204,0.0140537134096523
"2016-11-21",0.016348891909258,0.0168397865050617,0.0174026885570508,0.0171690868248079,0.0172640434524099
"2016-11-22",0.0077545849767484,0.00836688054669209,0.0078003113076338,0.00780018389047218,0.00780512996108106
"2016-11-23",0.00694897395646938,0.00746409759130873,0.00755108553541804,0.00755820248158682,0.00758720913091175
"2016-11-25",0.00624533507806229,0.00685574030085634,0.00726134914780011,0.0073983353280676,0.00728806081399724
"2016-11-28",0.00126709894574595,0.00129646702544139,0.00129602424554399,0.00136990780525387,0.00136522175636413
"2016-11-29",0.000204879851073775,0.000272237042492084,0.000358845862370315,0.000368450346936636,0.000352243687970301
"2016-11-30",1.5871294040767e-05,1.30569964795579e-05,6.36741167389481e-06,6.54677182901796e-06,1.01994986638132e-05
"2016-12-01",0.00155105365414596,0.0014807758356487,0.00149185227837036,0.00152981712452911,0.00154218873899247
"2016-12-02",0.000575081672747374,0.000776852634006679,0.000723599133112936,0.000700016213728669,0.000665940234630557
"2016-12-05",0.00127724648337351,0.00127205601978717,0.00123346173666352,0.00123784375489201,0.00127948177467363
"2016-12-06",3.56736102403854e-05,5.6443510927969e-05,9.31628010089753e-05,9.06745731129869e-05,8.42369417945514e-05
"2016-12-07",0.000248478537695681,0.000288310177853687,0.000262300083767654,0.000251772827283074,0.000238879393079661
"2016-12-08",0.000482624823346532,0.000483052245730687,0.000444719931383608,0.000432554212019979,0.000417176278605273
"2016-12-09",0.000558009736101893,0.00068172229498646,0.000673459056709259,0.000681824352818656,0.000682560807279358
"2016-12-12",0.00190741405509685,0.00212240292165317,0.00220914645742033,0.00226858735723735,0.00229616341702373
"2016-12-13",6.18123354181492e-05,7.58537164747153e-05,4.72435715504712e-05,4.6451350160733e-05,5.39722396062437e-05
"2016-12-14",0.000354062722518183,0.000496516143061859,0.00058171165659281,0.000555678466401926,0.000513496937422229
"2016-12-15",2.23461203488848e-05,3.8977225441015e-06,6.09275807079785e-07,6.98964709173971e-07,8.2325441208629e-07
"2016-12-16",0.0013006902471604,0.00121307033994771,0.00110673331045389,0.0011260155018854,0.0011475581713942
"2016-12-19",0.000732975333597913,0.000732981686835508,0.00071179591796918,0.000700457734112775,0.000619419207016678
"2016-12-20",0.0045785899930597,0.00488658369556224,0.00462887406395375,0.00463060717430337,0.00445572926854715
"2016-12-21",0.00862882830885428,0.00833797052095168,0.00840481783646554,0.00822434743780487,0.00827262253217314
"2016-12-22",0.00432925752450585,0.00404993743691952,0.00451058369310024,0.00440697401611382,0.00443374162922878
"2016-12-23",0.00431269185660881,0.00351438998101941,0.0037293142470699,0.00373421242698026,0.00377216436821149
"2016-12-27",0.00269780308524752,0.00271437669794116,0.00285200482442204,0.0028732548888071,0.00283131671333935
"2016-12-28",8.74162399818494e-05,0.000108155105567757,0.000106140505042192,0.000104265578682456,0.000102738957567028
"2016-12-29",2.6956020127552e-07,8.70568525826221e-07,3.55329706283994e-06,4.74490072646712e-06,5.35422524070394e-06
"2016-12-30",0.000818528399314907,0.000695391038926753,0.000592103138500452,0.000582194773189953,0.000608612362002212
"2017-01-03",0.0025963085528044,0.00246507452744215,0.00222469953497136,0.00221660959343746,0.00223533118544239
"2017-01-04",0.000285548914417679,0.000246530129916266,0.000210127468841088,0.000202542687009345,0.000192650376289491
"2017-01-05",2.73487591693908e-06,4.3093237153376e-06,9.21073878234333e-06,9.23067647923231e-06,1.04091188772027e-05
"2017-01-06",8.98462484195635e-06,9.25149025231009e-06,2.0343821798566e-06,1.9702454857388e-06,1.58971283316818e-06
"2017-01-09",0.000380929213693324,0.000489910992601062,0.000530429290756412,0.000538008093626091,0.000536993063260727
"2017-01-10",0.000683632704661221,0.000638550502164535,0.000647945503914044,0.000628371604404492,0.000623614981267952
"2017-01-11",0.000132186555680533,0.000158382626097889,0.000130380441262364,0.000132732032311838,0.000130713671178075
"2017-01-12",5.46081075529633e-05,5.89842161972053e-05,6.2517528654329e-05,6.10064517673832e-05,5.93407931069616e-05
"2017-01-13",0.00123072939099194,0.0012657151206183,0.00101705261316949,0.00101789489199,0.00105542755369223
"2017-01-17",0.000182276065245555,0.000178966667557065,0.000162070042924841,0.000157394993198961,0.000170403718827308
"2017-01-18",0.000658133265843159,0.000651374956021629,0.000745379223756504,0.000686341997147619,0.000721737914357029
"2017-01-19",0.000135876599136962,0.000110833242193033,5.66126546475701e-05,4.84296364099916e-05,5.07653367675149e-05
"2017-01-20",0.00118142068059611,0.00115360789998205,0.00112530017786092,0.00113289924534467,0.00113678807700642
"2017-01-23",9.24309165285345e-05,0.000111462839112164,0.000129079654266808,0.000124623325787001,0.00012247047474764
"2017-01-24",0.0023679384601668,0.00239412977226033,0.00235279172061818,0.00235971334727557,0.00238314784645991
"2017-01-25",0.000716065107573107,0.000750174978061569,0.000807036418789014,0.000788023083041766,0.000808078524259138
"2017-01-26",0.000385536314478883,0.000404512324939405,0.000450709779141493,0.000437724056102621,0.000449426510706947
"2017-01-27",0.000821980815457788,0.000740458113798626,0.000746046749686989,0.000697652397718368,0.000694657021727441
"2017-01-30",2.00355916248962e-05,1.24156158176208e-05,2.46514140324267e-05,2.62850275642165e-05,2.76909596381491e-05
"2017-01-31",0.000139208493330993,0.000140568119152919,0.000134295732620637,0.000128312242627839,0.000139202645036934
"2017-02-01",0.00864975048518611,0.00870322226630652,0.00849447684376866,0.00850603468040995,0.00868811114682743
"2017-02-02",0.000484938561034686,0.000531715813731267,0.000555792819017846,0.000547566056183544,0.000562714214723693
"2017-02-03",2.04404863452302e-06,4.19638866339339e-06,8.62900375140169e-06,6.64041954816517e-06,8.17389246062405e-06
"2017-02-06",0.000293577927908229,0.000281609334926075,0.000261149383523204,0.000262058786054877,0.00025085503719358
"2017-02-07",9.16895443507911e-05,8.88965009284141e-05,6.44978968777094e-05,6.6867496407156e-05,6.99417368775703e-05
"2017-02-08",0.00539509692337015,0.00556520759971666,0.00554629433659399,0.00555981615585897,0.00562223802609688
"2017-02-09",0.00232947202317421,0.0022900599255034,0.00218717700504109,0.00224586802846909,0.00224010241819399
"2017-02-10",0.000352958653002735,0.000354998378821424,0.000239925762618664,0.000243319054510092,0.000247856171085179
"2017-02-13",0.000765061825227989,0.000771826318953072,0.000791022335443121,0.000793070313509269,0.000805112524018194
"2017-02-14",0.000147973033968368,0.000198812227590273,0.00020425877524282,0.000211050571153904,0.000205628261162214
"2017-02-15",0.000152631823852045,0.000144142588950846,0.000126387783765178,0.00012199977996418,0.000120318954982928
"2017-02-16",0.000191174074495078,0.000188646008393043,0.000193595064897175,0.000178837531501365,0.000178304902679764
"2017-02-17",0.000257630863239468,0.000262590331787617,0.00035172723640757,0.000369396048188312,0.000376984506792778
"2017-02-21",3.36665178941537e-05,2.38163207465221e-05,3.62588218008873e-05,3.45948717015736e-05,3.20257865222732e-05
"2017-02-22",0.000318496278027293,0.000326372251092512,0.000369070371371087,0.00036721033354144,0.000363132642125016
"2017-02-23",8.71316557702398e-05,9.43728728556782e-05,0.000144415530696145,0.000127277145484469,0.000144821014043593
"2017-02-24",0.000179484337775171,0.0001982791116359,0.000196964775414204,0.000193658265350135,0.000200059425229509
"2017-02-27",2.62483337095746e-07,1.46255106218873e-06,1.75525415590925e-06,1.98704781344485e-06,1.25195307939052e-06
"2017-02-28",6.77525992332037e-05,7.92624492879732e-05,8.4727323204196e-05,8.4459902765965e-05,7.87770252203295e-05
"2017-03-01",1.25046826884568e-05,1.36504378675522e-05,6.3030718212609e-06,6.0255160279889e-06,6.31010213636402e-06
"2017-03-02",2.54754408189703e-05,2.02492844752066e-05,1.45111301655861e-05,1.31261158748889e-05,1.24323452190167e-05
"2017-03-03",0.000106452024479856,0.00011243486939278,0.000116329744067844,0.00012291068086574,0.000119811607293159
"2017-03-06",0.000234048486770533,0.000228308376928478,0.000286974238689288,0.000293498247794719,0.000293285275357195
"2017-03-07",2.07483279179356e-06,4.0963693685223e-06,3.24862162337017e-06,2.9004276494141e-06,3.10005670332058e-06
"2017-03-08",3.87582386690782e-05,4.00672857517195e-05,7.05176732007707e-05,6.89916432545268e-05,6.96160994853573e-05
"2017-03-09",0.000805893752600056,0.000775352077666191,0.000734917750429163,0.000738814073014373,0.000741816672766188
"2017-03-10",4.72623051271018e-05,5.95859920663161e-05,5.39128790515684e-05,5.24765237031172e-05,5.27059837860616e-05
"2017-03-13",9.52099970778995e-05,0.000101314748819049,0.00010258695966523,0.000102615367436407,0.000104562891952691
"2017-03-14",0.000836132858310827,0.000878209230748201,0.000864593127356635,0.000862498265053434,0.000866795511765378
"2017-03-15",0.000450757442479038,0.000474228460838141,0.000503497966347282,0.000490373126766983,0.000500430482135648
"2017-03-16",0.00196386169307285,0.0019640969091223,0.00208987351998066,0.00209439143079498,0.00210084832837284
"2017-03-17",0.00146014503050244,0.00148323830218412,0.00141222934710431,0.00141183551053897,0.00139834244687717
"2017-03-20",0.00084171560033726,0.000880861592546498,0.000934264766124817,0.000946249150504427,0.000935699940326245
"2017-03-21",0.00438006688918546,0.00432938776154346,0.00429966639083634,0.00431600197452213,0.00432130895043878
"2017-03-22",0.00232550934853989,0.00234028258672301,0.00236225791371483,0.00236540153769043,0.00235432620633347
"2017-03-23",0.000793585429035476,0.000767081209743598,0.000904856870516647,0.000890643860217276,0.000885339377430688
"2017-03-24",0.000705115486459648,0.000677570045512557,0.000945188430176568,0.000921061417793574,0.000911161224555271
"2017-03-27",0.00180013215130582,0.0017671792271596,0.00179009406612962,0.00178041212847725,0.00179317943853201
"2017-03-28",0.00044039684175948,0.000436926300275751,0.000453884305110474,0.000437079370417439,0.000442443164334984
"2017-03-29",0.00161576203886177,0.00162394058307063,0.00175533631200334,0.00171692320958776,0.00174921813442968
"2017-03-30",0.00129598539880199,0.0012635747104783,0.00128423737220143,0.00128725843212008,0.00131007238396941
"2017-03-31",0.000693933960678845,0.000712910734876776,0.000767799779057018,0.000752975383299819,0.000746287828186903
"2017-04-03",0.000439974326623859,0.000396458700744879,0.000426411958603546,0.000416110983807828,0.000421864760845105
"2017-04-04",0.000588889692827876,0.000607277759176344,0.000637671578125364,0.000647596992303248,0.00064730919394395
"2017-04-05",0.000153489987325335,0.000135866423672131,0.000105746447173112,0.000107160402245903,0.000107599244108232
"2017-04-06",0.000352615265603903,0.000345438847325945,0.000316291813770777,0.000308767958046539,0.000301991947599936
"2017-04-07",1.75901833362298e-05,1.81685359853065e-05,2.36074881578461e-05,2.49463173008482e-05,2.56585883606869e-05
"2017-04-10",0.000415712468487064,0.000383759260398795,0.00042275435109162,0.000420609340666107,0.000422806023903161
"2017-04-11",0.00625555741306288,0.00623969189875779,0.00591468634801148,0.00589059555690832,0.00589427550960633
"2017-04-12",0.000159377856125708,0.000152997880553307,0.000116762333104503,0.000121688009352935,0.000120667928935796
"2017-04-13",0.000620902378410911,0.000634419205596078,0.000702192303990305,0.000695168899169735,0.00069212483563268
"2017-04-17",0.000372148629756378,0.000378457840313371,0.000437703750769944,0.000435765942721392,0.000431978696564425
"2017-04-18",6.08579490654871e-05,6.10144214367555e-05,8.91620353962864e-05,9.15762231453055e-05,9.15340386519431e-05
"2017-04-19",0.00423156147402337,0.00426056932756833,0.00466749994732922,0.00462627039991334,0.00463451423447305
"2017-04-20",0.00178543932504635,0.00178909264575719,0.00193311917242272,0.00193720255884276,0.00194449441464161
"2017-04-21",0.000767346901055278,0.000779661624262847,0.000893387906271322,0.00083966583647648,0.000840208511752106
"2017-04-24",0.000855200607626625,0.000884048381071325,0.000931348422519057,0.00095886467192827,0.000955875248615977
"2017-04-25",0.00124915165816269,0.00127047433885347,0.0012957174440484,0.00130065929129827,0.00129893582358714
"2017-04-26",1.71954644042159e-05,1.6375530264262e-05,1.18694545165341e-05,1.20803246594984e-05,1.18814382190201e-05
"2017-04-27",0.000538038655042451,0.000549409143626553,0.000542169133813289,0.000461995034146536,0.00046702042625763
"2017-04-28",0.000136116269999578,8.52656915936773e-05,0.000114623745672053,0.000114306430648443,0.000114252701038284
"2017-05-01",7.22824364190159e-05,9.61594756023697e-05,6.15777210586165e-05,5.85512847540453e-05,5.71737600464146e-05
"2017-05-02",0.000729908803781015,0.000773116974853228,0.000704119256210227,0.000676647031190775,0.000675824318246937
"2017-05-03",0.0047702579234557,0.00468545556545888,0.00452327012713082,0.00453754396247675,0.00455844170840062
"2017-05-04",0.000124034181382672,0.000120926701437463,0.000176694865323302,0.000166344905290234,0.000166520760040064
"2017-05-05",9.87457571818693e-05,7.78114472984655e-05,0.000103046932385414,0.000103928847721712,0.000105339907289624
"2017-05-08",0.00152582058825548,0.00151713899869227,0.00138596836967334,0.00139192329028599,0.00139262605357125
"2017-05-09",0.000795190247236559,0.000790441646952202,0.00070557168822658,0.000699112259384273,0.000693830274729792
"2017-05-10",0.00150762613705885,0.00158664126628205,0.00204279011002317,0.00210345365307183,0.00211153733092766
"2017-05-11",1.15127322490738e-05,1.26484395534132e-05,2.58889745856549e-05,2.28334524524402e-05,2.26790054499847e-05
"2017-05-12",0.000396937524114409,0.000356031853778872,0.000359136837580337,0.000370595853314318,0.000370534226545364
"2017-05-15",0.000676349617528192,0.000761736287467197,0.00084832232852351,0.000887690417345757,0.000887612192068934
"2017-05-16",0.00110673025301665,0.00112585295406396,0.00128086134130364,0.00134440330921385,0.00134544299411004
"2017-05-17",0.0251920339955304,0.0249203345665362,0.0247678891127903,0.0247223604043353,0.0250512017833999
"2017-05-18",0.00148288465140377,0.00152227810081346,0.00152442446421081,0.00153231243441769,0.00155472261891178
"2017-05-19",8.15721752712425e-06,1.02560718483805e-05,3.02434220427473e-05,2.81790037341264e-05,2.89661944390383e-05
"2017-05-22",9.40088424850944e-08,6.06119776382923e-07,6.88423503930752e-06,7.10404545368378e-06,7.01968720283419e-06
"2017-05-23",7.56987919854891e-05,6.69618793320804e-05,0.000105888651748845,0.000106303082719465,0.000106198045540044
"2017-05-24",0.00941186427944545,0.00963702484616734,0.00992830797587137,0.00992683926806154,0.00988282540416915
"2017-05-25",0.00438009205355524,0.00430220967361812,0.00422201898558873,0.00414629467361565,0.00415320781871043
"2017-05-26",0.00219157864408197,0.00217449509669616,0.00220833114526002,0.00219687715105737,0.00220651740052753
"2017-05-30",0.00187692544460705,0.00191637805354074,0.00178926896752963,0.00183616426531678,0.00184320626660524
"2017-05-31",2.95856893227164e-06,4.49129941932127e-06,6.13967249630142e-06,8.9897520340936e-06,9.08444012303579e-06
"2017-06-01",0.000338910331883917,0.00034364937490237,0.000381988093790927,0.000412459692734971,0.000412582723118298
"2017-06-02",0.000126569700469748,0.000120631048309435,0.000154095221457421,0.000156873988239047,0.000156404260669733
"2017-06-05",2.53047213931386e-05,1.69498141661154e-05,1.66817319718891e-05,1.3323035414167e-05,1.30204440953186e-05
"2017-06-06",0.000308362771037986,0.000288162999023427,0.000254400214720584,0.000256496503989553,0.000257265642328171
"2017-06-07",1.18582612057316e-05,1.02558950859189e-05,1.44299194375905e-05,1.5562343591692e-05,1.61099339739843e-05
"2017-06-08",7.06714133107825e-05,6.45939327217365e-05,6.07481889130263e-05,6.66698377678553e-05,6.34324077894081e-05
"2017-06-09",0.0438121605242232,0.0438492223364503,0.0437111071870677,0.0437003699973032,0.0436943446326428
"2017-06-12",0.0908032871368132,0.0897301157217162,0.0903684092225482,0.0902490276810413,0.0903003152940966
"2017-06-13",0.00262036153052732,0.00250299027855068,0.00241049646426931,0.00241201100603189,0.00241604139963089
"2017-06-14",0.00391827207631139,0.00382916157665239,0.00372297162405474,0.00371595899327634,0.00373231412178333
"2017-06-15",0.00338332516099673,0.00330808792455013,0.00335503872199187,0.00341185389825559,0.0034134560466509
"2017-06-16",0.00524292427156429,0.00549138169897832,0.00541101982765155,0.00547754800822623,0.00542146478050702
"2017-06-19",0.0295691794188084,0.02998415003426,0.0293819904309974,0.0298673768372007,0.0298893987830457
"2017-06-20",0.00434481437483787,0.00433332188883921,0.00426668115801829,0.00442369399416709,0.00441575265017971
"2017-06-21",0.00372609635602058,0.00359964631465712,0.00384680649081435,0.00372152374152443,0.00371656427807229
"2017-06-22",0.00548558438454593,0.00560813707587858,0.00562801468305617,0.00562509830648248,0.00562140691367518
"2017-06-23",0.00327353851718455,0.00326014258834214,0.00305973579294422,0.00316943218189624,0.00316284897314655
"2017-06-26",1.33737261880359e-05,1.32930494680746e-05,2.01240108345402e-05,2.67127152474572e-05,2.6948593188136e-05
"2017-06-27",0.00105311679940029,0.00112988754028674,0.00119313448507526,0.00115057632544927,0.00115200965909752
"2017-06-28",7.16625108819321e-05,6.48189154517375e-05,0.000116820227394057,0.000105780406942709,0.000105346207719061
"2017-06-29",0.00714954710992565,0.00733085105646466,0.00774992153958099,0.00751671164285144,0.00751559023145574
"2017-06-30",0.000547918384331152,0.000552121450800113,0.00060407235377179,0.000556305919680679,0.000556084442401079
"2017-07-03",0.000521786481095057,0.00057867095569057,0.000567117859141473,0.000582744361119658,0.000582726124436844
"2017-07-05",0.00106604132257756,0.00113452523096373,0.00111356371319973,0.001125640796778,0.00112252169198379
"2017-07-06",0.000106209548963206,8.97021085032678e-05,8.84078461016307e-05,9.58336596256418e-05,9.78766778813722e-05
"2017-07-07",0.00623435284208773,0.00623709356437334,0.0060691795717979,0.00572428570501778,0.00573539487326965
"2017-07-10",0.00223637495720958,0.00224741538955624,0.00223895013184572,0.00232839855324676,0.00232857977516612
"2017-07-11",0.00074993107549884,0.000763216615729174,0.000824689257425095,0.000809689962098766,0.000810272321709075
"2017-07-12",0.000742038384028179,0.000779987234492534,0.000663403943739697,0.000678746281174398,0.000677327156397714
"2017-07-13",0.00110747519450631,0.00120410132239849,0.00103361345495311,0.00109087165092506,0.00109277470265344
"2017-07-14",0.00159038029543385,0.00163399646432647,0.00171505071905125,0.00177747268814868,0.00176504008589991
"2017-07-17",3.21319545700228e-05,2.9080466969171e-05,4.85661055644611e-05,4.96686797793127e-05,5.09076224142421e-05
"2017-07-18",0.00120817541461807,0.00113257646019347,0.00110647563537699,0.00112364985626321,0.00112108941882327
"2017-07-19",0.00115530046125755,0.00114842541902188,0.00126492175628368,0.00124373592893472,0.00124065263349171
"2017-07-20",0.000486867683695713,0.000491949640427232,0.000467173082447547,0.000489989682668874,0.000493207122843701
"2017-07-21",9.47548150115954e-05,0.000102641301292977,0.00011767813280169,0.00011379730221974,0.000113854014419675
"2017-07-24",0.00117055337207268,0.00123123055872447,0.00134086677902136,0.001419627053796,0.00142831554983459
"2017-07-25",5.14943950943658e-05,7.04154499467105e-05,6.84062283300124e-05,6.44526476477493e-05,6.42813063641494e-05
"2017-07-26",0.000214527733886873,0.000262796830210126,0.000238414358862895,0.000229756818168769,0.000233130268757251
"2017-07-27",0.0230422771652202,0.0231488394870061,0.023090890306228,0.0236455499273923,0.0235962602663836
"2017-07-28",0.000386134891779944,0.000488845199232217,0.000360414676003045,0.000389002395504184,0.000387249067747377
"2017-07-31",0.000525101996055724,0.000540179558969509,0.000490096633913919,0.000542616372141017,0.000537570095688597
"2017-08-01",3.72268665943794e-06,6.69775522463176e-06,8.02299267503406e-06,7.66618928193189e-06,8.16762403089378e-06
"2017-08-02",0.0162860967860707,0.0163229255513261,0.0167705448344661,0.016485575651856,0.0164713632635725
"2017-08-03",0.00184287738624415,0.00189308454035564,0.00175143593492172,0.00184915861497122,0.00192112150160521
"2017-08-04",0.000263641718501989,0.00028243131201519,0.000291421366208897,0.000306087377069783,0.000316346445343155
"2017-08-07",0.0024788905317535,0.00243089906892241,0.00252344194000129,0.002723636276558,0.00279148528728906
"2017-08-08",0.000365357748700587,0.000384926899504489,0.000371258155154268,0.000348309471084176,0.000342460212495608
"2017-08-09",0.00127274332270756,0.00123279669200893,0.00138335812875271,0.0015324058577772,0.00154827574835586
"2017-08-10",0.00222207045993164,0.00215695781571433,0.00199522504653716,0.0019742011588863,0.00193428410204214
"2017-08-11",0.00138766092783607,0.00136264460695535,0.00131296664874991,0.0012546663456706,0.00123113553446808
"2017-08-14",1.73759834530211e-06,5.0823476167847e-07,2.8794801859258e-06,4.27247671288595e-06,5.04044334346155e-06
"2017-08-15",0.000526529789801044,0.000545090846148489,0.000586769232318302,0.000577703590121198,0.000563736893055203
"2017-08-16",3.30506285203883e-05,3.44385511907991e-05,3.4123990202809e-05,3.42813331532929e-05,3.20398156786162e-05
"2017-08-17",0.000159413921209728,0.000148915721398486,0.000158396610531384,0.00015829626169124,0.000155032224894544
"2017-08-18",0.000129616290649177,0.000147096044542295,0.000145900527261391,0.000147149496646585,0.000148361282623818
"2017-08-21",0.000573890173602775,0.000590512703122263,0.000611426633703768,0.000600635185579954,0.000618283484969942
"2017-08-22",0.000880432538455973,0.000918215490797827,0.000934341138522157,0.000935253586901431,0.00093138986121163
"2017-08-23",0.000755360795988028,0.000768488643482507,0.000807542334990022,0.000815465774949908,0.000792946382693142
"2017-08-24",0.000215968436339319,0.000218586366530471,0.000212311140112414,0.000211694244258802,0.000208086988916099
"2017-08-25",0.00214714832490386,0.00214216378825122,0.00211407316456826,0.00209850061259361,0.0020758780152597
"2017-08-28",0.00275753202889544,0.00283565002465887,0.00287699198480886,0.00291261326647916,0.002902800085122
"2017-08-29",2.75251741186329e-06,4.44760272091734e-06,7.15167677161092e-06,6.33635484962086e-06,6.65038149303713e-06
"2017-08-30",0.000158118840815655,0.000172218029019455,0.000185360646712418,0.000185672194162856,0.000198379344383046
"2017-08-31",0.00244498041785187,0.0024735241097587,0.00246578694883945,0.0024948183827684,0.00249866185217673
"2017-09-01",0.00240755057766442,0.00244247978178027,0.00244821223711376,0.00247549354156313,0.00246933148248763
"2017-09-05",0.00200967445272573,0.00195185341350288,0.0019484614383947,0.00194091201355198,0.00193157362652869
"2017-09-06",0.00015665912728867,0.000167786479609691,0.000186347285951817,0.000177716147553558,0.000192034526644568
"2017-09-07",0.00024081478766158,0.00022501551977538,0.00022375822746975,0.000219255265772278,0.000208616831234929
"2017-09-08",2.39050191603871e-07,2.24162402253814e-07,3.30751697832355e-08,1.16158933875713e-07,9.85836364838381e-09
"2017-09-11",8.09443828153197e-05,8.4394489034432e-05,9.59555258126764e-05,9.45983571465561e-05,9.62831282133507e-05
"2017-09-12",0.0210649197656974,0.021134504188255,0.0211581823135682,0.0212052575663929,0.0211437020114735
"2017-09-13",0.000297594242558077,0.000305194155916543,0.000301787791056627,0.000297038363882242,0.000295510577237365
"2017-09-14",0.00282206915719674,0.0028525722888373,0.00277615453899545,0.00277732541363279,0.00272364413621829
"2017-09-15",0.00031754567493835,0.000301310377963457,0.00029560737950183,0.000292531301624337,0.000289984333433851
"2017-09-18",0.000358124764003485,0.000365541192990757,0.000350535500839522,0.000348858119775162,0.000350245090531106
"2017-09-19",0.00507789660224318,0.00525124197663699,0.00523678199859239,0.00528599128918617,0.00524198561268349
"2017-09-20",0.00196335816343134,0.00192104353297906,0.00191328083694261,0.00188291879808829,0.00176175155415533
"2017-09-21",0.00130446309763937,0.00130128967429498,0.0013293557455077,0.00130225306813742,0.00124468254506079
"2017-09-22",0.00288643765242168,0.00290801904727691,0.00300047015741373,0.00296138349488271,0.0029232940285246
"2017-09-25",0.0061111286441832,0.00615158492798867,0.00616783389798805,0.00615253927143474,0.00607720692016924
"2017-09-26",0.000861285469674871,0.000841409364722232,0.000799891505140346,0.000792817004441161,0.000772179080341097
"2017-09-27",0.00202063842014472,0.00203326796544677,0.00202019447555636,0.00204119675903006,0.0020459790949541
"2017-09-28",0.00206125008491304,0.00206300246860162,0.00211770501397343,0.0021293698808787,0.00210206983168727
"2017-09-29",0.00201011233135635,0.00205282421209897,0.00207154187285872,0.00208592473265549,0.00204778252039331
"2017-10-02",0.00429463897162553,0.00436123035774043,0.00438157073387977,0.00438560464776524,0.00439076635000081
"2017-10-03",0.00436631056974123,0.00435791651906412,0.00440487738410751,0.0044269070284982,0.00441750110300705
"2017-10-04",0.000722601134165295,0.000709836148510834,0.000705703597855823,0.000682724385720668,0.000714748847064917
"2017-10-05",0.00135794196798182,0.00134479524329137,0.00128262368293078,0.00128862415283521,0.00131551048978357
"2017-10-06",0.0032049913011975,0.00315725627952933,0.00317931565373992,0.00318607566420493,0.00315259727689672
"2017-10-09",0.000899295404582578,0.000914053391721792,0.000911413365366455,0.000884737815890184,0.000892348737972844
"2017-10-10",0.000254994951029092,0.00025209044566001,0.000273119135131439,0.00027352284687054,0.000275497608210226
"2017-10-11",0.00165955862303531,0.00169266680613366,0.00169952530250022,0.00170465982450641,0.00169002994746112
"2017-10-12",0.000307183180976637,0.000306282337752871,0.000231731583262871,0.000241885644223142,0.000237672922070644
"2017-10-13",0.000460271859676517,0.000487017694005901,0.00044986222733588,0.000460092790666887,0.000457825827213784
"2017-10-16",0.000307156085699542,0.00030613473431261,0.000315129125915741,0.000322981260048879,0.000315894046746096
"2017-10-17",0.000598279321683436,0.000529132701623597,0.000558062847049782,0.000583370781502743,0.000581537789920463
"2017-10-18",0.000322844977669011,0.000317892660264752,0.000333717417374907,0.000331152586861364,0.000328328722665733
"2017-10-19",0.00198844640193439,0.00199201760682059,0.00193171804769708,0.00195767228469876,0.00196044013024472
"2017-10-20",2.31625791594116e-05,2.30044024786096e-05,2.75581144296841e-05,2.55386606784018e-05,2.54335693951748e-05
"2017-10-23",0.000434982603162508,0.00042364721946065,0.000416806559941742,0.000501456081157081,0.000525139259799041
"2017-10-24",3.62918572044672e-05,4.00364104634596e-05,3.82103367589208e-05,3.97533125853046e-05,4.20102912842422e-05
"2017-10-25",0.00162633921718178,0.00160006778584717,0.00164901006789848,0.00167159823738458,0.00169584650098231
"2017-10-26",0.000219051595321391,0.000212677688053224,0.00020818457143076,0.000152255504931806,0.000138727683289402
"2017-10-27",0.00254516798257059,0.00263761764341783,0.00266936164710728,0.00273958348902283,0.00278030700633599
"2017-10-30",0.00142832596041489,0.00143054392610273,0.00142587075659776,0.00139705074556667,0.00137995705197706
"2017-10-31",0.000115603006595762,0.00012348393976042,0.000130030274645784,0.000127853213437649,0.000120127392559971
"2017-11-01",0.00161942243956306,0.00161880502284674,0.00164947775266284,0.0016602814967674,0.00157513942944104
"2017-11-02",0.00318668790794763,0.0031797410997804,0.00345048167602424,0.00340274352954942,0.00334525944861349
"2017-11-03",0.00429499742111893,0.00425181344004603,0.00442336985461746,0.0043208740547833,0.00433761395175607
"2017-11-06",0.00044366565930952,0.000453399357080628,0.000441523199049548,0.000459508205481056,0.000461397307320285
"2017-11-07",1.26328760888257e-05,1.12735817767698e-05,1.06585186629302e-05,9.40969582486241e-06,9.7027502849169e-06
"2017-11-08",0.00227949626702417,0.00230168231615031,0.00228555320585973,0.00228800660554117,0.0022679186726974
"2017-11-09",6.15903785690384e-06,5.03642236576755e-06,7.65051185395344e-06,8.41032697161276e-06,1.21359563353969e-05
"2017-11-10",0.00655790247854969,0.00663327122984742,0.00668473739326103,0.00679349531519804,0.00684313481205943
"2017-11-13",0.00439211605940357,0.00444120383811618,0.00448390900298033,0.00454223518623334,0.00455937534637088
"2017-11-14",0.000219728438757142,0.000228072733417241,0.000223843954315464,0.000210841816859835,0.00020758645355041
"2017-11-15",0.000446344071691665,0.000434409782999745,0.000421415562100273,0.00044750676158593,0.000456826890108962
"2017-11-16",0.00294139953831078,0.00295372943445297,0.00295329950588478,0.00287556752803047,0.00292591828636344
"2017-11-17",3.89312821720888e-05,3.79049586261162e-05,3.80032059289723e-05,3.49214145979179e-05,3.52680960195952e-05
"2017-11-20",0.000936107724384282,0.000928686524657509,0.000936936630889792,0.000926624413421029,0.000938105578324565
"2017-11-21",0.000715742979993956,0.000698772750419071,0.000698988708973962,0.000703507407008199,0.000687653264674678
"2017-11-22",0.000677678345404948,0.000667396560660505,0.000665806271634499,0.000668334792504174,0.000671109313264566
"2017-11-24",0.00303993753918747,0.0030498181413882,0.00302152769810448,0.00297528347322373,0.00292340320969089
"2017-11-27",0.000104723283153482,0.000101917615809901,0.000111890100842032,0.000113772960542714,0.000109777935583974
"2017-11-28",0.000193843364395441,0.000195933681276203,0.000179165684728802,0.000182289754922439,0.000187587652660836
"2017-11-29",0.0112732015793694,0.0112872431575517,0.011229941846772,0.0111845800605195,0.0112290172936592
"2017-11-30",0.0046573085670884,0.00461698662388884,0.0045351417302574,0.00453555344639236,0.00454303611538385
"2017-12-01",0.029543871136314,0.0296082257166128,0.0294971823269542,0.0293111162998414,0.0294140307208206
"2017-12-04",0.00835711565095937,0.00831764296203467,0.00825996223439127,0.00825186864149346,0.00829430215078612
"2017-12-05",0.00286791668622801,0.00288012200265308,0.00286665522289526,0.0028770114416294,0.00289448745911095
"2017-12-06",0.000955407089921911,0.000956028135544396,0.000962348823762646,0.000971089938056112,0.000952563390920053
"2017-12-07",2.70118322146646e-05,2.51278557150736e-05,2.43082645730965e-05,2.0097116113162e-05,2.12575266305698e-05
"2017-12-08",0.0055493118703514,0.00541086155958961,0.00531734602633754,0.00521688811801732,0.00535925828087739
"2017-12-11",0.00250237227911918,0.00244848462254414,0.00241116362604432,0.00238483691740368,0.00242632403016
"2017-12-12",0.00434548100304506,0.00435524192179838,0.00433166091406983,0.00432257536942701,0.00437166704201646
"2017-12-13",0.00251675403370599,0.00254539926121095,0.00250410304552321,0.00253670961899983,0.00254864582165747
"2017-12-14",0.00149389946851878,0.00151844051652144,0.00148867076912868,0.00148704755516698,0.00153946993063616
"2017-12-15",0.000833330902486401,0.000839837509021378,0.00084784980438942,0.000857994233617449,0.000883137135471053
"2017-12-18",0.00173501970106079,0.00176041535876226,0.00177850009453191,0.00180027488126527,0.00182290867804561
"2017-12-19",0.000202515468551661,0.000206627259858526,0.000209734065637292,0.000209785543560057,0.000219195980521112
"2017-12-20",0.000231868934278508,0.000220953113324863,0.000224102578887508,0.000224583408869964,0.00023558269188215
"2017-12-21",0.00103313527024578,0.00102135872811098,0.00102630471581536,0.00102816723456361,0.00103282662784631
"2017-12-22",0.00166611851663655,0.00165556191502568,0.00160920192805607,0.00161338220414636,0.00161023867675389
"2017-12-26",0.000572717407334147,0.000570656478690821,0.000570582347055564,0.000580012039024636,0.000586792706183417
"2017-12-27",0.00119434877688533,0.00119587100528227,0.00120952053026382,0.00121870336929224,0.00120852849949848
"2017-12-28",0.00246114082879703,0.00247071587633471,0.00251055143996258,0.0025097407359954,0.00248268196835176
"2017-12-29",0.00112040484880875,0.00112940077694028,0.00114855387814104,0.0011527947217348,0.00115254264900276
"2018-01-02",8.66871114338902e-05,8.83005133865017e-05,9.30670566144911e-05,8.95287406225663e-05,8.36833175778642e-05
"2018-01-03",0.000398073915143294,0.000411120244540084,0.000439774562614975,0.00045663999076404,0.000425781705642795
"2018-01-04",7.14559595005423e-05,7.32722582387377e-05,8.06247714119801e-05,8.34196154280072e-05,7.13738023121811e-05
"2018-01-05",0.000123302727012282,0.000124643068967477,0.00013299181712652,0.000133629523118863,0.000121061653126245
"2018-01-08",2.30191046501214e-05,2.45767021013879e-05,2.89277038880101e-05,2.98916118024961e-05,2.541280742296e-05
"2018-01-09",1.87968254064406e-08,1.18781930503277e-08,2.46988539096627e-08,4.05368127779815e-08,2.14246371147393e-07
"2018-01-10",4.37153911461979e-05,4.25766876492053e-05,4.43685899457799e-05,4.50125865098819e-05,4.53228417505069e-05
"2018-01-11",0.000937626373619598,0.00093155843734172,0.000937697659747069,0.000938330337456177,0.000933759183609714
"2018-01-12",0.000630091697953364,0.000623741693781028,0.000635741065719697,0.000635483308971402,0.000658811160988273
"2018-01-16",0.00171192804131055,0.00171573948815088,0.00172681406030093,0.00171897736848979,0.00169508454735483
"2018-01-17",0.0022947304234149,0.00229495699934606,0.00232166860770586,0.00231821530956279,0.00227392042871069
"2018-01-18",0.000746228093691228,0.000748409404611855,0.000763868878988249,0.000759962010338468,0.000741413848509722
"2018-01-19",0.000500912011810596,0.000501549456695277,0.000483042613926766,0.000484253426165499,0.000468007430246854
"2018-01-22",4.06044153570837e-06,3.88104794517652e-06,3.45812485990402e-06,3.67084898759041e-06,1.826989266567e-06
"2018-01-23",0.000731553315730757,0.000736796943837622,0.000738189359304332,0.000742442536905339,0.000684839010012494
"2018-01-24",0.00227314484125074,0.00227722067265098,0.00228578051722827,0.00230544747797712,0.00222928653167111
"2018-01-25",0.000991092085262548,0.000989648858806286,0.00097514941508792,0.000992114810616888,0.000964390246223195
"2018-01-26",9.78623897830175e-05,0.000100155362269239,0.000107243031889779,8.25540482227845e-05,8.33712233367252e-05
"2018-01-29",0.0073533368277127,0.0073400361842081,0.00735260345580588,0.00748277830306461,0.00742845737424463
"2018-01-30",0.00723815703442646,0.00724016977449383,0.00725205251504484,0.00724986712863167,0.00729732037660017
"2018-01-31",1.98602415559855e-05,1.95558117621261e-05,1.62294272140848e-05,1.67453426464125e-05,1.42084804056249e-05
"2018-02-01",5.69146379101067e-05,5.80052178639458e-05,6.08469091074178e-05,5.73987954471393e-05,5.46993225379287e-05
"2018-02-02",0.0160470531599065,0.016087807210331,0.0160915685701181,0.016038860381928,0.016055935043563
"2018-02-05",0.0984966502847563,0.0985287316012821,0.0985528067054931,0.098477213009609,0.0986360117442668
"2018-02-06",0.201832039018078,0.201985562138982,0.202275300085496,0.202066753040468,0.201969948206287
"2018-02-07",0.0148542569473751,0.0148622865357737,0.0149695293792725,0.0149530263016972,0.0147439620283644
"2018-02-08",0.0313325534786269,0.0313694722267157,0.0317556537406971,0.0317670399941345,0.0316298128343021
"2018-02-09",0.09391763626021,0.093957845960045,0.0947855568422488,0.0947270747568457,0.0946880221124095
"2018-02-12",2.8163085624007e-06,9.0998617817712e-06,1.76624478218735e-05,4.02342229555907e-05,1.67743217593952e-05
"2018-02-13",0.0272861629718629,0.0268035775235787,0.0258461168551161,0.0255469372363299,0.0259649448088208
"2018-02-14",0.00917022330949304,0.00908318157807679,0.00885186564288843,0.0088261071557322,0.00893688075060542
"2018-02-15",0.00978989213166614,0.00964612250771888,0.00936486915478539,0.00930458024982055,0.00947134223238741
"2018-02-16",0.0261904724515016,0.0258782264034435,0.0252632936988062,0.0251215586924941,0.0256602111895031
"2018-02-20",0.0109785785760561,0.0108247653837288,0.0106169520646231,0.0105937394178532,0.0106130837012605
"2018-02-21",0.00278936683924865,0.00280014814352746,0.00278001787046914,0.00275909037144272,0.00275544411535302
"2018-02-22",0.00143347301448113,0.00142603898135677,0.00140098418315026,0.00139426857317086,0.00136308846369053
"2018-02-23",0.0101683993958624,0.0101485843774311,0.0101936857436277,0.0102053125247702,0.0101383346275481
"2018-02-26",0.00721612360227902,0.0072025806603059,0.00716143690377366,0.00717223763834199,0.00718829222333623
"2018-02-27",0.000822584401374067,0.00081555722462559,0.000840669521528644,0.00084530927296315,0.0008380658575895
"2018-02-28",0.00283596834354767,0.00282444776231862,0.00282242440635914,0.00282562499931736,0.00281415263653177
"2018-03-01",0.0118843380952124,0.0119017589692012,0.0118671618169808,0.0118803001066385,0.0119054482890673
"2018-03-02",0.00822463958642549,0.00822019193237721,0.00816664048541863,0.00816975433593392,0.00821479231196942
"2018-03-05",0.000634907966839913,0.000631689634547873,0.000629531378695994,0.000631533457123595,0.000644748240884436
"2018-03-06",5.27111980143394e-05,5.11464032676854e-05,4.95614064904222e-05,4.7589024206199e-05,4.79848716509696e-05
"2018-03-07",2.13795122908406e-05,1.99278498831005e-05,1.55147633859362e-05,1.47811575634906e-05,1.37548069479156e-05
"2018-03-08",0.00953412523296147,0.0094851950596954,0.00942132874791641,0.00937237978248633,0.00952447353000917
"2018-03-09",0.0128538933742123,0.0128280547805467,0.0127258713893527,0.0126738577971137,0.0128678347529766
"2018-03-12",0.00647963915331802,0.00647182643406178,0.0063206882445275,0.00633059295762822,0.00640060450578187
"2018-03-13",7.79291581039084e-05,7.8295977656424e-05,6.44126480443724e-05,6.44904752944972e-05,7.17336056868905e-05
"2018-03-14",0.000197018509051004,0.000196587963593792,0.000210410634013385,0.000207474098352983,0.000217335491365402
"2018-03-15",0.00187046524426568,0.0018690012956467,0.00185262743899889,0.00185313882513366,0.00186325652475824
"2018-03-16",0.001602209958199,0.00160231978521744,0.00158023847685831,0.00157612404836704,0.00154228741253648
"2018-03-19",0.00129274152156403,0.00128998777162552,0.00133138567337595,0.00133318920870032,0.00134364800381631
"2018-03-20",0.00188576775867571,0.00188867576834449,0.00187030837984058,0.00186546690319978,0.00186328317870672
"2018-03-21",9.85964119465579e-05,9.90382239715322e-05,0.000108305652784713,0.00010936176776296,9.3666088066708e-05
"2018-03-22",0.00736085147827606,0.00735773358911225,0.00736848419343867,0.0073718025800413,0.00724285359776201
"2018-03-23",0.0146351085551078,0.0146324998354127,0.0146502003100811,0.0146680098616462,0.0146795819735428
"2018-03-26",0.0018303071005814,0.00182935350950942,0.00185452463010515,0.00185506115284269,0.00186337632014188
"2018-03-27",0.0223790402523197,0.0223767627025996,0.0221970010001628,0.0221923939075526,0.0221566214507307
"2018-03-28",0.0350543427651486,0.0350577981185838,0.034906048859027,0.0349108153010041,0.0349229359926139
"2018-03-29",0.000439242696806342,0.000440843388521964,0.000429118397009134,0.00043372876475834,0.000415949139687529
"2018-04-02",0.00614052661411365,0.00615861485266739,0.00612329177565603,0.00613593604612121,0.00603561543231181
"2018-04-03",0.00238472105692353,0.00239047041145851,0.00243665416088834,0.00244006430128462,0.00242024753183662
"2018-04-04",1.36808561092468e-05,1.42548675465996e-05,2.31319589168087e-05,2.30595002220379e-05,2.08502378923304e-05
"2018-04-05",0.00935887446009324,0.00931828701332386,0.00908495497607789,0.00908111816013922,0.00930156826438742
"2018-04-06",0.00100096613043627,0.00100049855821161,0.00100980508311866,0.0010094696104651,0.00103361078122449
"2018-04-09",0.00697576570743099,0.00695918695205672,0.00683772787319403,0.00683469441412912,0.00687595710378082
"2018-04-10",0.00360209469894854,0.00359511313742168,0.00348861327357715,0.00348836781393903,0.00348905271481783
"2018-04-11",0.00522604801141883,0.00522611261345309,0.00507030662905896,0.00507009278885463,0.0052168283834939
"2018-04-12",0.00479561857629738,0.00479701175573129,0.00483836123700887,0.00483918068188686,0.00484560953836361
"2018-04-13",0.00795723767612256,0.00794091824494901,0.00791653487567676,0.00791903441023272,0.00796680450533102
"2018-04-16",0.00808593521973701,0.00808420444599436,0.00807441608615355,0.00807692097238189,0.00803696467310174
"2018-04-17",0.011793023986182,0.0117689234212521,0.0116605724403497,0.0116615493183311,0.0116702032651579
"2018-04-18",0.00714650609810953,0.00714447985205147,0.00720213323425502,0.00720305380672206,0.00722225841168649
"2018-04-19",0.00139863088465845,0.00140026218982078,0.00142587782477701,0.00142587414594635,0.0014094761277902
"2018-04-20",0.000398314653904993,0.000396971560254554,0.000353064527201259,0.000357020979648011,0.000359281406747084
"2018-04-23",1.39037336318774e-05,1.35739087524102e-05,1.99821816940103e-05,1.98753218379583e-05,1.90902082021033e-05
"2018-04-24",0.00532152842294262,0.00530835153634578,0.00522959771980693,0.00522616767026647,0.00522684361098338
"2018-04-25",0.00417588725854746,0.00415252384440395,0.00409387188835399,0.00410020999027891,0.00414625635721714
"2018-04-26",0.000344159883795393,0.000337460626413004,0.000356047515258493,0.00035255813263897,0.00034427966664237
"2018-04-27",4.03881561389147e-05,3.58945025547315e-05,5.05562011476643e-05,5.03552619802745e-05,4.67152186797674e-05
"2018-04-30",0.00146000273371582,0.00146351906351894,0.00149579268199279,0.00150098913597654,0.00151013448357648
"2018-05-01",0.000281930912403419,0.000270847777292043,0.000245773747384679,0.000245466290855669,0.000259450936657636
"2018-05-02",0.000156097259574772,0.000163874277634698,0.000210981880373074,0.000210415588428072,0.000174706023437463
"2018-05-03",0.00087972028307736,0.000882324995338114,0.000907834965681324,0.00090764483063132,0.000887729174963373
"2018-05-04",0.000768938101950436,0.00077317293314202,0.000806515273084175,0.000794803995839417,0.00079921702048432
"2018-05-07",0.000792141701577561,0.000800357461122481,0.000829627990421563,0.00082079756191489,0.000805531510486644
"2018-05-08",0.00059916578448539,0.000594570252099414,0.000533028300296761,0.000529771055341524,0.000535185475876618
"2018-05-09",0.00903400577235457,0.00903944605679425,0.00895041309535568,0.00894068210786046,0.00890107129658862
"2018-05-10",0.00928240302769398,0.00923662646793352,0.0092576402675517,0.00928451976814382,0.00931503387250916
"2018-05-11",0.0047736513187824,0.00476063117256279,0.004841043324396,0.00484487031870851,0.00484170314339111
"2018-05-14",0.00912072978813198,0.00916050599006483,0.00926185437156267,0.0092513153471323,0.00923851444359637
"2018-05-15",0.00108280170698963,0.00108851235104164,0.00108560138891025,0.0010898875884744,0.00108857838540622
"2018-05-16",0.00281480209213425,0.00282298337523781,0.00283591199263624,0.00284359830132311,0.00283777758270042
"2018-05-17",0.00126547135942159,0.00127042635040968,0.00131123630765978,0.0013105147858004,0.00130546488021077
"2018-05-18",0.000563042231809337,0.000566913500117938,0.000529289729406537,0.000527134166488664,0.000511268198278937
"2018-05-21",0.000515885926023367,0.000518102714654316,0.000474218607303377,0.00047179379164163,0.00046363514360949
"2018-05-22",0.00229567212421898,0.00229519339802034,0.00228719950518499,0.00228058926551705,0.00228270923469889
"2018-05-23",8.73564587036025e-05,8.80867735992202e-05,8.37071420189142e-05,8.22185994302698e-05,7.48070209566481e-05
"2018-05-24",6.15314553145094e-06,5.95395871039667e-06,6.41135351630638e-06,6.1811885529523e-06,7.57966989231499e-06
"2018-05-25",0.0013551868431229,0.00135494604547276,0.00134597358536411,0.00134347676112443,0.00133853816211839
"2018-05-29",0.000312453419086559,0.000312457207281824,0.000294383226208834,0.000294504308433906,0.000287141873441922
"2018-05-30",0.000757479967700633,0.000756374898068843,0.000769085322793652,0.000767517629337267,0.000773629224901771
"2018-05-31",0.000149931008034789,0.000148184149062335,0.000159128305921346,0.00015903131796614,0.000161328376596106
"2018-06-01",0.00277207687030508,0.00276793008158996,0.00277861629027426,0.00278142819565432,0.00278031511198589
"2018-06-04",0.000254712645771117,0.000254268540415155,0.000270353745359806,0.000269604087695312,0.000265889250363123
"2018-06-05",0.00171958051517357,0.00171932076670472,0.00172208702668162,0.0017244567930113,0.00172327987192943
"2018-06-06",0.000888383147289846,0.000888464602636668,0.000886004763448174,0.000894280088351908,0.000881458986325579
"2018-06-07",7.56785122053071e-05,7.5650795379229e-05,7.36124228253074e-05,7.58008299073829e-05,7.64925347699328e-05
"2018-06-08",0.00015633629097444,0.000156387048194082,0.000164153295085917,0.000164357137862901,0.000168124918795849
"2018-06-11",0.000700422731855307,0.000699517649693554,0.00068687690517034,0.000676628789705787,0.000667965699025524
"2018-06-12",0.000856393282270116,0.000853504354486232,0.000826991502449246,0.000828251176557123,0.000818226057298414
"2018-06-13",3.1305190485566e-05,3.11805294593699e-05,2.96671786255152e-05,2.99550802507702e-05,2.91425128035255e-05
"2018-06-14",0.000412788660086642,0.000410955151247456,0.000417569158394726,0.000421375159474441,0.000434559205166209
"2018-06-15",6.9982614218964e-06,6.35049471427112e-06,5.80653456928324e-06,6.27284697311466e-06,6.96428921323676e-06
"2018-06-18",1.18356520546128e-05,1.13128437835967e-05,1.48006325669689e-05,1.44104119764919e-05,1.35295528690706e-05
"2018-06-19",0.00115054999115627,0.00115565542966354,0.00113113546490041,0.00113470973735717,0.00114358155969876
"2018-06-20",3.97368871681306e-05,3.92183847434493e-05,3.82494824237296e-05,3.75866636303333e-05,3.71095597305882e-05
"2018-06-21",0.000519257228932368,0.000519776239470767,0.000526063833321578,0.000523131511419329,0.000514741594968278
"2018-06-22",0.000485360417946955,0.000487144167784544,0.000465114104884143,0.000471530466156696,0.000489838721238936
"2018-06-25",0.00499895337265317,0.00499805569930847,0.00502363156601399,0.00501885116919309,0.0049760332018614
"2018-06-26",0.000523751724837604,0.000523819971481868,0.000523467389575737,0.000523047532634028,0.000508386240559726
"2018-06-27",0.00200851081661361,0.002008814123615,0.00203909676679417,0.0020467067613279,0.00202082713300644
"2018-06-28",0.000734810186212188,0.000734938464589252,0.000738275652926839,0.000740567659415496,0.000739162446846502
"2018-06-29",0.00804827760578814,0.00804886343887106,0.00805089678527097,0.00804970638726762,0.00809191735426364
"2018-07-02",0.000726822438200579,0.000732742153945614,0.000751152263630538,0.000781556862343872,0.000747490901609902
"2018-07-03",0.000735134948010646,0.000734991475882216,0.000754966308190539,0.000750552579349031,0.000731709668243619
"2018-07-05",0.00156890372000079,0.00156842067209042,0.00157653059483838,0.00157886354516036,0.0016124146430857
"2018-07-06",0.00232362160754687,0.00232057219649008,0.00231544645407705,0.00231200642712519,0.00234990303341989
"2018-07-09",0.00669922606328649,0.00670347474756027,0.00678236433960407,0.00677338904372847,0.00671378082487852
"2018-07-10",0.00329073117614947,0.00329251408820458,0.00328433125465098,0.00326836253875768,0.00329332183351973
"2018-07-11",0.000329577377474204,0.000329114500937426,0.000343010745987486,0.00034477998493803,0.000336911381568849
"2018-07-12",0.0020825338594198,0.00208188853693027,0.00211543003578166,0.00210756588988912,0.00215556099926036
"2018-07-13",0.00238221904836293,0.00238329259876512,0.00237571088391858,0.00236801787807508,0.00237901858129114
"2018-07-16",0.000998913214948581,0.000995999306627303,0.000999989560650881,0.000995856260616581,0.000986396573038559
"2018-07-17",0.000195492978595166,0.000196849973542175,0.000196360637216631,0.00019497780016978,0.00020101462062602
"2018-07-18",0.000841340424169975,0.000838829390695826,0.000838879959358867,0.000835646021282467,0.000833764016859247
"2018-07-19",5.51204646759394e-05,5.38002971275611e-05,5.83385396438003e-05,5.75933061596209e-05,5.60237193911671e-05
"2018-07-20",6.41022074078531e-05,6.37730573662475e-05,6.54280607784907e-05,6.48140292747098e-05,6.74833723811903e-05
"2018-07-23",0.000213529772313392,0.000215629728124136,0.000217049726622377,0.000216814092294907,0.000223413686074372
"2018-07-24",5.70103735532569e-09,4.69301071341115e-10,5.70916257565952e-08,3.43584078046232e-08,6.01244737197064e-08
"2018-07-25",0.000213342664966573,0.000213773019207758,0.00021598553988724,0.000215509431629793,0.00021851455890775
"2018-07-26",5.60982424627678e-06,5.51198585167881e-06,5.25680309616276e-06,3.78931199457287e-06,2.23116349736115e-06
"2018-07-27",0.0020251742870818,0.00205705804263981,0.00201635755067779,0.00197251549824394,0.00202492343535554
"2018-07-30",0.000374369007947747,0.000382377138771243,0.000370718096760705,0.000362114845538311,0.000370499442218189
"2018-07-31",0.00082157775825518,0.000829154252189589,0.000827861509816421,0.000816579902075881,0.000802096119088902
"2018-08-01",0.00951387900475805,0.00953879900417226,0.0095214038919637,0.0095026805744723,0.00921063756461974
"2018-08-02",0.00443740752526057,0.00445278687691699,0.00448093824645815,0.00446103674039575,0.00444140420594692
"2018-08-03",8.08269151070144e-06,7.79669780228196e-06,1.28075815231803e-05,1.09805932762939e-05,1.31962091339248e-05
"2018-08-06",0.000273552950135734,0.000276517674740605,0.000267883907801933,0.000255352132810644,0.000248454319009129
"2018-08-07",0.000784563443015884,0.0007975593459067,0.000802301933089984,0.000800699622129347,0.000812029575934312
"2018-08-08",0.00143496837014626,0.00143621920726319,0.00146005558406939,0.0014634113279424,0.00141964236658762
"2018-08-09",0.00524937256644588,0.00527941972481704,0.00529118148712874,0.00535576153832919,0.00537029867606291
"2018-08-10",0.00103133520295511,0.00104754960480655,0.00107531898999438,0.00109423456196403,0.00108863058257559
"2018-08-13",4.68888274388939e-05,4.96142019584287e-05,4.96424347668427e-05,4.97727814320949e-05,5.65956175457708e-05
"2018-08-14",0.000718023431251533,0.000733898700895695,0.000745578058182546,0.00075050935562054,0.000753067025107297
"2018-08-15",1.80961852909666e-06,8.05255933785678e-07,1.13660955849176e-06,1.92511546544121e-07,1.97484637616968e-07
"2018-08-16",0.000557047373322333,0.000563586976529685,0.000565264846541327,0.00057433837403587,0.000572098288712723
"2018-08-17",1.03927328693983e-05,9.94556524499816e-06,1.06126405119816e-05,1.00396935848953e-05,9.91737913747644e-06
"2018-08-20",2.41137708850382e-05,2.28097860541616e-05,1.92183759372366e-05,1.96095638397137e-05,2.11610305870057e-05
"2018-08-21",1.43785480969922e-07,1.94893842311781e-07,1.38325686424576e-09,3.80278034325373e-08,1.11360769263485e-08
"2018-08-22",0.000297417589500421,0.000291528527919921,0.000288437655106739,0.000284287270639408,0.000296351692776357
"2018-08-23",4.41551794967587e-05,4.54656304419627e-05,4.46889884865233e-05,4.84822449967253e-05,5.86614487068978e-05
"2018-08-24",0.000881878978602502,0.000894363942148172,0.000891615733973024,0.000906616631777326,0.000949556872335892
"2018-08-27",0.00137942841793095,0.0014033514450107,0.00144707688370259,0.00149758576561104,0.00151615670585093
"2018-08-28",0.00232664207452539,0.00234478794417574,0.00239911726922026,0.00241348214806545,0.00238408188662048
"2018-08-29",0.00120407881792294,0.0012085511682104,0.00122585428547105,0.0012314095135922,0.00120303001983483
"2018-08-30",0.00180757070347896,0.00182531456731191,0.00177942331416521,0.00174728046331686,0.00172347025895603
"2018-08-31",0.000250729813576702,0.000251415036630335,0.000242468003692174,0.000234942696280072,0.000239722591780801
"2018-09-04",0.000485678703805168,0.000483150502960287,0.000464319163817891,0.000463794553665768,0.000474226899121962
"2018-09-05",0.00492586637273046,0.00490871413167712,0.00488580371513046,0.00484486018745198,0.00480162736139155
"2018-09-06",0.00846315812735213,0.00845032132994249,0.00841505372148882,0.00840885049842253,0.0084579087246744
"2018-09-07",0.00896480780917457,0.00893695881043868,0.00886629351565691,0.00880771045677652,0.00887087271527463
"2018-09-10",0.0088697276892969,0.0088392891919238,0.00875503283797513,0.00869346731098322,0.00865436439191859
"2018-09-11",0.00167524345966837,0.00166150275445892,0.00165017432613098,0.00168762691828294,0.00170812327042445
"2018-09-12",0.0156485504689574,0.0156044169003795,0.0154820435495742,0.0159059940351183,0.0161643256232053
"2018-09-13",8.73317467272121e-05,8.86806385614973e-05,7.62099539610684e-05,7.63477011563243e-05,7.8198081474858e-05
"2018-09-14",0.000130301432542351,0.000137982508047879,0.000149579117290122,0.000168441409960214,0.000154066782672093
"2018-09-17",0.000166480726502784,0.000157987063879924,0.000161658148137386,0.000140393521646394,0.000143696458730424
"2018-09-18",0.000158141805832704,0.000160655305295685,0.000142687781197961,0.000163934893506709,0.000174576216867691
"2018-09-19",0.00184509004275567,0.00186223077976643,0.00185885812463406,0.00191527879675964,0.0019332130798991
"2018-09-20",0.000939429101250583,0.000956559360086134,0.000980560625399614,0.000993694650469661,0.00101429089156831
"2018-09-21",0.000769255217523831,0.000773746021240738,0.000791472513511992,0.000807434749247299,0.000797747508200623
"2018-09-24",0.00224945074421607,0.00227433071481082,0.00231503036179121,0.00233726854389959,0.00233633629990293
"2018-09-25",0.00138358183382957,0.00140024927573845,0.00139931977239528,0.00156191834591333,0.00160698546352775
"2018-09-26",0.00060403379572886,0.000638473892117063,0.000659578874302817,0.000723640618271944,0.000761304732962765
"2018-09-27",0.00218405325897677,0.00219516979994714,0.00221981988253713,0.00220156505199801,0.00224808763661579
"2018-09-28",0.0021431370970542,0.00216599319135523,0.0021729798206659,0.00221984253746858,0.00221225183759752
"2018-10-01",0.00118044959744228,0.0012146992152372,0.00124552649238896,0.00128203029420161,0.00129997567459767
"2018-10-02",0.000292513178412381,0.00029596245482878,0.000311433159924435,0.00033473894207227,0.000323873326529764
"2018-10-03",0.000146657900947203,0.000142150009946734,0.000144561294872703,0.00015019298570984,0.00014436165787345
"2018-10-04",0.00570744422817725,0.00567801340984717,0.00562477738759441,0.00562716574552151,0.00564044433169541
"2018-10-05",0.0106993413409845,0.0107088166198634,0.0108114119843185,0.0108370781683352,0.0108063276863033
"2018-10-08",0.00920142819406848,0.00940356797664619,0.00927780245234788,0.00934847875593908,0.00930535908583728
"2018-10-09",0.00777762518746084,0.0077265380453367,0.00766441062622945,0.00761733460159834,0.00750517005761833
"2018-10-10",0.0287217739694271,0.0286026401620715,0.0282802392623816,0.0282358432089442,0.0281632736909313
"2018-10-11",0.0851950901859393,0.0854041294582407,0.0852988618287043,0.0853309221380521,0.0853604839019406
"2018-10-12",0.0153084447571351,0.0152861841514645,0.0153973134602635,0.015338541460361,0.0153773428372307
"2018-10-15",0.00157415266723484,0.00156115285263304,0.00155346522877406,0.00158174883281474,0.00156052853959242
"2018-10-16",0.000905870416266713,0.000883012871620834,0.000868212375206095,0.000851521265526707,0.000830594349514209
"2018-10-17",0.000379399973636028,0.000336193181005026,0.000320321927003653,0.000306417027177676,0.000350859867414793
"2018-10-18",0.00366127929144726,0.00335187168621971,0.00307120289085685,0.00285007326040091,0.00306835234352221
"2018-10-19",0.00565673904664257,0.00540994274760984,0.00516143558635024,0.00492354619266584,0.0050200434768306
"2018-10-22",0.00379769942601327,0.0037226378426207,0.00369701411989258,0.0035582789139585,0.00353765157921861
"2018-10-23",0.00324370359235584,0.00326042114861601,0.00325789059440833,0.00325056009874674,0.0033329494948864
"2018-10-24",0.00660426768091388,0.00672827117431512,0.00683685283498334,0.00684872243242619,0.00685931938534297
"2018-10-25",2.40420826333807e-05,1.68099730131847e-05,1.06632300027331e-05,8.50552553180259e-06,1.0371443474545e-05
"2018-10-26",0.016441194213476,0.0174534265194442,0.0174245677326819,0.0178936954957389,0.0182469870737962
"2018-10-29",0.0211571980034292,0.021794642307003,0.0220458704968286,0.0223230848966645,0.0223551630001521
"2018-10-30",0.0169281584058499,0.0176092538482721,0.0176858267531996,0.018085349716044,0.0177507963263987
"2018-10-31",0.00466555443209162,0.00438198614633249,0.00433538270210015,0.00419673129941819,0.00450144354702418
"2018-11-01",0.00107770470547597,0.000967933282789767,0.000929230155318154,0.000904626458481562,0.000930054434843748
"2018-11-02",0.00103962522914258,0.00122045091556383,0.0012337274050571,0.00138654836533549,0.00139756459671116
"2018-11-05",0.00215459333082211,0.00195071292959335,0.00194997460865591,0.00187877770070837,0.00195856201118427
"2018-11-06",0.0239250041199583,0.0234294813796678,0.0234030799151261,0.0233906056679919,0.023821512670789
"2018-11-07",0.009885346456894,0.00962644344446885,0.00961616441623482,0.00958272730129092,0.00949665847653193
"2018-11-08",0.0083987748312209,0.00835058936048915,0.00835203660086726,0.00833780779544763,0.00838757329797859
"2018-11-09",0.0159481525894019,0.0156446011412992,0.0156445415698381,0.0159006419374486,0.0159536615395571
"2018-11-12",0.00182402209629564,0.00177701821533877,0.00179755440246046,0.00191396410762821,0.00185389593421395
"2018-11-13",0.00405658238693994,0.00404514365403994,0.00402574293571145,0.00392141836425303,0.0040336675773975
"2018-11-14",0.00866733801822426,0.00861558815490441,0.00862601614700324,0.00873021660195095,0.00861653536152219
"2018-11-15",0.010455904599418,0.0103671913708829,0.0103714098474228,0.0104085656947308,0.0103844037604475
"2018-11-16",0.00125116747965953,0.00125700948991717,0.00126355715986853,0.00136557768693431,0.00140162586365048
"2018-11-19",0.00107027650607195,0.0010973401698931,0.00109433064378835,0.00103991895502013,0.00102609243727622
"2018-11-20",0.0256790812905533,0.0259151106403109,0.0259265427285287,0.0259273851851425,0.0254827071520473
"2018-11-21",0.00333105577427577,0.00324297549826559,0.00323711170830164,0.00324454008878956,0.00331002918492297
"2018-11-23",0.00944805277546435,0.00924359643653847,0.00922525375136667,0.00900451107369077,0.00912225418114574
"2018-11-26",0.000255710361952187,0.000236724597092914,0.000233865412005745,0.000210793685010837,0.000195151371570721
"2018-11-27",1.07282933259255e-05,1.67308531490227e-05,1.65652927120394e-05,1.64383135705998e-05,9.57141743547217e-06
"2018-11-28",0.00833060440829913,0.0082237317217409,0.00822915906320057,0.00820530566752288,0.00868447532899976
"2018-11-29",0.0018794105889187,0.00190270582045936,0.00190332300184556,0.00193024332379758,0.0020140817485909
"2018-11-30",0.00222224200791342,0.00220756813247706,0.00224518255696065,0.00236747031850493,0.00231284690749866
"2018-12-03",0.00181388387652742,0.00187964340044826,0.00190179238667108,0.00190259785992309,0.00187314160958378
"2018-12-04",7.15881089810437e-06,7.67866945759537e-06,7.81699179589653e-06,5.06775887194632e-06,6.48718262173443e-06
"2018-12-06",0.00532826935401882,0.00540872143013565,0.0053967948869136,0.00535669592541009,0.00524072968177952
"2018-12-07",0.0041537429029126,0.00416781751224813,0.00414733647634994,0.00413964001119822,0.00407693669466651
"2018-12-10",0.0219125400462831,0.0217784876480713,0.0217933291798177,0.0218262532730608,0.0219223387773023
"2018-12-11",0.00644073438415404,0.0065337576877532,0.00657247458753598,0.00666846623188126,0.00650474472631912
"2018-12-12",0.00110160049323752,0.00101289827295974,0.000999622751774659,0.000877990937840027,0.00091105553961525
"2018-12-13",0.00102719308222637,0.000904192855898969,0.000878706031367818,0.000711586952576134,0.000756158930355814
"2018-12-14",0.00255159899067911,0.00230416885517785,0.00228258926387811,0.00205859148552713,0.00205749848820066
"2018-12-17",0.00169920861304468,0.00155843945981021,0.00153450296865746,0.0013640966585079,0.00138806977388557
"2018-12-18",0.00319139664659366,0.00306729553688462,0.00306457688701414,0.00286942831805602,0.00290469893019837
"2018-12-19",0.0139806683625668,0.0141352546019745,0.0141603590901321,0.0144284630965598,0.0145254921945157
"2018-12-20",0.022257798667704,0.0223482421259031,0.0223289662548383,0.0226805079459501,0.0228233152351188
"2018-12-21",0.0269163950375406,0.0269949186184626,0.0269986679228497,0.0273510670634622,0.0276875454357907
"2018-12-24",0.00289243391184076,0.00308255043012313,0.00308267841463646,0.0032666796893296,0.00324024840677169
"2018-12-26",0.00774239767883246,0.00784373667861492,0.00787868587116118,0.00822162035492932,0.00819150115991796
"2018-12-27",0.000562357728345271,0.00073511145048038,0.000749917173838285,0.000968103502725819,0.000969191701839268
"2018-12-28",0.000573790471656607,0.000424547672024388,0.000411352998753218,0.000298636501869696,0.000301495889277651
"2018-12-31",0.0275532637747076,0.026677633468262,0.0265616370144005,0.0256271661014903,0.0255998505778177
"2019-01-02",0.00623818785162223,0.00579115045666512,0.00577181488818821,0.00506505641954201,0.00494400235605407
"2019-01-03",6.93053261460435e-05,0.000108104489188402,0.000113642880997728,0.00016914048671138,0.000178420218233756
"2019-01-04",0.00736136243948888,0.00696105141291856,0.00694553584433515,0.00644309004264586,0.00647350372764338
"2019-01-07",0.00130723165157207,0.0011793184485537,0.00117913377938675,0.00103740577254039,0.000976258123269705
"2019-01-08",0.00207058056012283,0.00203178144090938,0.00203859600480621,0.00197983266388551,0.00191429509012494
"2019-01-09",4.10612546322622e-05,3.18590247783438e-05,3.12714002587001e-05,3.75024551199466e-05,3.32212198429251e-05
"2019-01-10",0.0120928670401658,0.0119032546780729,0.0118637905977618,0.0120070177940969,0.012097248735293
"2019-01-11",0.0150895400005815,0.0148915194179605,0.0149054539568202,0.0147242699519677,0.0145447813170924
"2019-01-14",0.0181469884749508,0.0183586903230965,0.0183617021903543,0.0187980445516845,0.0187936936089436
"2019-01-15",0.00763671754351636,0.00765682705961775,0.00765900157123497,0.00758156616053954,0.00748776963286052
"2019-01-16",0.0127033901439665,0.0128868203598393,0.0129096639756858,0.0130672310119471,0.0128041831570087
"2019-01-17",0.00149123060272007,0.00152977748571683,0.00152931243125267,0.00161054804294209,0.00160524625735293
"2019-01-18",0.0010715962317277,0.00110757979576771,0.00110721237998503,0.00116333557352081,0.00112147388857024
"2019-01-22",3.58466255479454e-05,4.51039745714243e-05,4.8413993253877e-05,6.36294389030727e-05,5.62451527082525e-05
"2019-01-23",0.000804234765133992,0.000806330607040962,0.000812796802093371,0.00085984148755603,0.000852595785182748
"2019-01-24",0.000741420671379842,0.000801245620609162,0.000800420500850164,0.000899097685803497,0.0008417213022902
"2019-01-25",0.00427438517845867,0.00432266122405305,0.00433729027484188,0.0044014612409758,0.00442967302239986
"2019-01-28",0.000894996095288551,0.000882219928868487,0.00088486934002541,0.000638443131710296,0.000581315691040037
"2019-01-29",0.000623578874821328,0.000616351863734234,0.000617325075221444,0.000609824442131865,0.000607101149318554
"2019-01-30",0.00191842026144426,0.00189474771310154,0.00188521911134703,0.00184141784673311,0.00183534404383938
"2019-01-31",0.000176236125522959,0.000174172556654787,0.000176317410761329,0.000194156283564635,0.000188240616366952
"2019-02-01",2.44459976037484e-05,3.37733630708611e-05,3.2732466740739e-05,4.26799344137688e-05,3.29119701383142e-05
"2019-02-04",0.00131686977885224,0.00131554228722757,0.0013122058201369,0.00137523008186624,0.00134190220662786
"2019-02-05",0.00243845347930183,0.00252877275846451,0.0025378113440223,0.00268248092436487,0.00267551107112177
"2019-02-06",0.0044572298996527,0.0044772145566848,0.00436099288171282,0.0045467951101742,0.00479901801651438
"2019-02-07",0.000415849029472562,0.000430479093607163,0.00043975966282734,0.000413978167750633,0.000414461909436234
"2019-02-08",0.00193939267044866,0.00170010095122888,0.00173371482927594,0.0018304788071631,0.00176465444991093
"2019-02-11",0.00128405350615367,0.00132023680351557,0.00134327939752613,0.00154146912148434,0.00151691410534567
"2019-02-12",0.00504949418937178,0.00523558045169539,0.00527911374954373,0.00548156551158031,0.0055544939519778
"2019-02-13",0.00291512799258477,0.00304678489661719,0.00306920726527339,0.00317280186410826,0.00329315249245541
"2019-02-14",0.00205786469993275,0.00210384512471417,0.00208961959373675,0.00211374400674865,0.00214411263119391
"2019-02-15",0.00211136157125572,0.00215878373547075,0.00217858832258634,0.0022248161937126,0.00219664470740534
"2019-02-19",0.00439669763411095,0.0045610871302709,0.00458907753913987,0.00462124777497308,0.0046146355566348
"2019-02-20",2.40892809196488e-05,3.71894065612622e-05,3.86168227607051e-05,4.03411953795306e-05,3.73139069579831e-05
"2019-02-21",0.000556481471503702,0.000619388732381594,0.000626120852153162,0.000644427871819807,0.000669524593714546
"2019-02-22",0.00397001128364525,0.00392227175355178,0.00392173305484388,0.00397321528744669,0.00396148509491424
"2019-02-25",0.000968907666031676,0.00101011208040287,0.001005549982538,0.00109025383129178,0.00106002324914524
"2019-02-26",0.0010288855995758,0.0011137544467899,0.00112985189423602,0.00119447003864126,0.00117030202072501
"2019-02-27",0.000635857445265633,0.000674173620667979,0.000667182947325435,0.000703964255756252,0.000667324321739128
"2019-02-28",0.00131399307461429,0.001366870564828,0.0013575100203718,0.00131625862314872,0.00128167297623194
"2019-03-01",0.000368659353078847,0.000383911680595706,0.000379578586911062,0.000380427057982921,0.000361611401690689
"2019-03-04",0.000357853397338807,0.000321086951582799,0.000322677353033189,0.000286549502398704,0.000293664068047477
"2019-03-05",0.000641145476283184,0.000672013183258786,0.00067376600471089,0.00067749592896703,0.000650603771168506
"2019-03-06",0.000521074920955976,0.000530949954877901,0.000532696206470898,0.000525386618282071,0.00050950298229776
"2019-03-07",0.00071403626858129,0.000705420372182202,0.00070586532206188,0.00066796953709848,0.000634056781302035
"2019-03-08",0.000389163154251871,0.000369276824388343,0.000367835652505279,0.000383055767850088,0.000376226393213706
"2019-03-11",0.0012686087093679,0.00121474750083514,0.00121153523335499,0.00122712759189394,0.00131314730418084
"2019-03-12",5.70765435317618e-06,7.47930906851514e-06,7.70710041504006e-06,7.69972155653122e-06,5.55977589020013e-06
"2019-03-13",2.11684773309566e-05,2.23914746168273e-05,2.16322764182737e-05,2.24269093548057e-05,2.4821383890569e-05
"2019-03-14",0.00267714519299282,0.00262142903749595,0.0026190937422245,0.00266043467398905,0.00269023648606301
"2019-03-15",0.00168621392469784,0.00165226748194224,0.00165375809111401,0.00167457630684246,0.00167671101814033
"2019-03-18",0.000847420446150798,0.000849509545487018,0.000851299375388506,0.000866902430510747,0.00104391336056284
"2019-03-19",6.61544998455776e-08,7.46622255333938e-08,9.86737496907006e-08,2.54415862530107e-07,1.45845702092854e-05
"2019-03-20",0.00120890224737215,0.00112932143124935,0.00112655777144954,0.0011715608022347,0.000971225250151719
"2019-03-21",0.000952923555125095,0.000889706956460873,0.000887234593403602,0.000932097714640605,0.000886400066232254
"2019-03-22",0.00982886825576059,0.00966013854253496,0.00965842177274739,0.00959966036316772,0.00926714272206712
"2019-03-25",0.0203712754644537,0.0201459010622084,0.0201747253432534,0.0200527956900887,0.0199587282485886
"2019-03-26",0.00952190353431624,0.00943784251699173,0.00945513205324489,0.00933859721229084,0.00936595861798269
"2019-03-27",0.00328307491170654,0.00323597215780569,0.00323351547166539,0.00328546469920385,0.00338911618872288
"2019-03-28",3.09284141162829e-05,2.47200917859262e-05,2.40276145014757e-05,2.77998914777255e-05,3.97111856333128e-05
"2019-03-29",0.0031983611024182,0.00319889072115172,0.00320700312337636,0.00310041588149622,0.00297300836868561
"2019-04-01",0.00511526026673529,0.00517599366675162,0.00517403519017157,0.00510443689337286,0.00494411729728889
"2019-04-02",0.0101249700143763,0.0104434188206683,0.0103809762878729,0.0101721461573585,0.00992682919213375
"2019-04-03",0.0062332005558076,0.00624510924637994,0.00623724669555157,0.0063785986658606,0.006459101104132
"2019-04-04",0.00454812372869405,0.00473109549027029,0.00472607992219125,0.00474223028064502,0.00465481021027229
"2019-04-05",0.00417844646844245,0.00423011946532718,0.0042313166786974,0.00430445429496675,0.00427575813998134
"2019-04-08",0.00193008345447745,0.00196076827874762,0.00196564940097579,0.00199655342788408,0.00199283913175075
"2019-04-09",5.96553013875614e-06,5.10124472959906e-06,5.14628226970991e-06,8.6786290011506e-06,1.00803711771497e-05
"2019-04-10",0.000573190016654389,0.00060575562662556,0.000605197800164682,0.000646656589748177,0.000654626904710029
"2019-04-11",0.000505087076160999,0.000537244482238701,0.000536931337392877,0.000547600663980152,0.000581994192189605
"2019-04-12",1.00029396722432e-07,8.64604789784995e-08,5.70801696759246e-08,1.27997846016016e-07,1.70571480192907e-07
"2019-04-15",0.00117536958692462,0.00126496843814995,0.00126584291333499,0.00127172767775331,0.00129951901199704
"2019-04-16",0.000411757733011601,0.000467223242379187,0.000466241976398066,0.000504389274836748,0.000498372526129324
"2019-04-17",3.19882105449959e-06,6.78333019520513e-06,6.65972685842453e-06,7.17421864724485e-06,5.67693313873477e-06
"2019-04-18",0.000510046106036548,0.000565262270255065,0.000565614986935829,0.000563267845444707,0.000563170151148584
"2019-04-22",0.0012754824248467,0.00134385717055051,0.00134171478465756,0.00131565716579431,0.00129765388419608
"2019-04-23",0.000395693599671695,0.00043294563768459,0.000432909056626844,0.000447843979343631,0.000444310427453839
"2019-04-24",0.00147111687916844,0.00149379395290671,0.0014939086677382,0.00157442595864947,0.00161802911912245
"2019-04-25",0.000429476904096387,0.000413727123325057,0.000418219084137789,0.000429758833673376,0.000413844371504792
"2019-04-26",0.00154675340141029,0.0017677266082748,0.00174212592596406,0.0018035388734696,0.00186879773639374
"2019-04-29",0.000433385744792982,0.00041408924160771,0.000414278703999818,0.000408652974535375,0.000391283268356651
"2019-04-30",0.00321440511289993,0.00328094127845572,0.00326459752970986,0.00323588775133194,0.00324800559417087
"2019-05-01",0.0110336895771523,0.0109602795608306,0.0109501830225986,0.0109479190380883,0.0107729535625823
"2019-05-02",0.00280570087574436,0.00305251059396023,0.00305694678773891,0.00306785055144676,0.00308320148420319
"2019-05-03",0.00283253264140882,0.00291721303986936,0.00292282633927827,0.00292295973497528,0.00290559025602552
"2019-05-06",0.00249182400455953,0.00240647273061589,0.00241679908494092,0.00242183974652822,0.00240344458452535
"2019-05-07",0.00741895291009837,0.00725296415005613,0.00724006310434729,0.00722265247468282,0.00732886033234209
"2019-05-08",0.000141298761262053,0.000119366831122085,9.27977809293855e-05,8.91165585625008e-05,0.000113115430488099
"2019-05-09",0.00651614011121828,0.00670887920649629,0.00668523840915506,0.00667007934764096,0.00683613135138428
"2019-05-10",0.0160724066245183,0.0162572578323262,0.0162662389515799,0.0162209519476121,0.0161852611015954
"2019-05-13",0.027032858275625,0.0271172923570049,0.0271951918609246,0.0272452988062985,0.0273258772047646
"2019-05-14",3.66260894455906e-05,4.91857174125136e-05,4.90737517254325e-05,5.0507668478968e-05,4.85574220437434e-05
"2019-05-15",0.000168695027373109,0.000140998386885848,0.000150882416375539,0.000150393826992066,0.000154805744786272
"2019-05-16",0.00295275340284128,0.00286690257631577,0.00286663039739965,0.00284745356894008,0.002834837628334
"2019-05-17",0.000173673956103014,0.0001404042629653,0.000130868900680169,0.000135238362012079,0.000129951273234057
"2019-05-20",0.00010358555446551,6.31880202750072e-05,6.08940542609556e-05,6.83068350517887e-05,6.63424738853808e-05
"2019-05-21",0.00476324527179235,0.00466898141744142,0.00463990801688123,0.00468071498728766,0.00465708790274875
"2019-05-22",0.000994506613941918,0.000964813240824365,0.000974768918879512,0.000985476105429963,0.00101115003205019
"2019-05-23",0.00119950971299275,0.00119086360613786,0.00116482470028756,0.00113932838988525,0.00109400082320188
"2019-05-24",0.00408400519709416,0.00412312570233287,0.00412028621652154,0.00410596291677953,0.00407509210328397
"2019-05-28",0.00201321723848524,0.00212479191005473,0.00208802655513704,0.00219301619012392,0.00217218882573067
"2019-05-29",2.87437077942726e-05,3.51549743088919e-05,3.31688072448592e-05,3.71243766717352e-05,3.73508233632241e-05
"2019-05-30",0.00131626082595001,0.00132088068433359,0.00129665388579447,0.00131382638592329,0.00128887368595224
"2019-05-31",0.00261036715965143,0.00251799943841428,0.00252002501835664,0.0025495206889114,0.00255789561220813
"2019-06-03",0.049205558138672,0.0491410226656719,0.0493495230618082,0.0492251251013786,0.0487702215304023
"2019-06-04",2.11565470207437e-05,2.70904256308206e-05,2.64374696242037e-05,3.23351666363045e-05,2.69208030058961e-05
"2019-06-05",0.000117342556195526,0.000150276202048437,0.000149910996290806,0.000145881498071727,0.000152829736917067
"2019-06-06",0.000264517899607894,0.000267343539784663,0.00026316011020936,0.000260410320481128,0.000247261443471626
"2019-06-07",1.12435769692859e-05,8.99061568326896e-06,6.06730990779944e-06,7.82343878101949e-06,6.20009075461677e-06
"2019-06-10",0.00837442151292133,0.00824220378705758,0.00834451378568228,0.00844353100060344,0.0084188129934296
"2019-06-11",0.00201462631854691,0.00203614436931242,0.00214727668498921,0.00216425054719244,0.00214034942784339
"2019-06-12",0.00470210267565602,0.00477901720167301,0.00473286446671214,0.00478045890541232,0.00499201735726154
"2019-06-13",0.00164985420257256,0.00170944781207089,0.00169485152646825,0.00169853205401275,0.00167508151500137
"2019-06-14",0.00181055612496483,0.00182000679325608,0.0018135805684944,0.00181658209972822,0.00172170711292983
"2019-06-17",0.00356946453448775,0.00360726977672842,0.00355292994174476,0.00355175132208618,0.00346745041353227
"2019-06-18",0.000179562249799068,0.000176516746617281,0.000167234833204971,0.000166597475028463,0.000156837546990804
"2019-06-19",0.000583990558657136,0.00055077280552521,0.000555393120857165,0.000554523412035211,0.000534488491583734
"2019-06-20",0.00196966037016421,0.00208844384117324,0.00206669757326407,0.00206743504108188,0.00205819083485311
"2019-06-21",0.00266833335236089,0.00273729162181377,0.00271687054576689,0.00271738842744691,0.0026680290317753
"2019-06-24",0.00276130270906618,0.00287307695762973,0.00287229479275704,0.00287485302083116,0.00294803023317309
"2019-06-25",0.000873203781989769,0.000872233342830813,0.000897013171722832,0.000886871779887021,0.000941920130589508
"2019-06-26",0.00437739021172045,0.00437051962665401,0.00431284850636772,0.00430199769724809,0.00446198506597977
"2019-06-27",0.00360289533430838,0.00351488198217212,0.00359838630466037,0.00359255371998323,0.00354792624057114
"2019-06-28",0.0016970476581752,0.00164394505525133,0.00167831190311887,0.00165829635756159,0.00160520477357124
"2019-07-01",1.72504082754372e-05,1.97586104746088e-05,2.08493931116581e-05,1.98821477955552e-05,1.63394537956941e-05
"2019-07-02",0.00206740053396165,0.00208698291950551,0.00212736391204044,0.00212297867720087,0.00207496449056357
"2019-07-03",0.0061056401342348,0.00618243607620933,0.00623073820147079,0.00623129615694479,0.00647578035718974
"2019-07-05",0.000711016465088946,0.000725161156622811,0.000693473398364606,0.000692564498887036,0.000868926099699265
"2019-07-08",9.65607199291903e-05,0.000105023608835543,0.000104868383508841,0.000104750028253018,0.000109345211594147
"2019-07-09",0.00143171837314643,0.00145984082559078,0.00141930993187022,0.00142047649391269,0.00146731573817876
"2019-07-10",0.000337114088376395,0.000351955344284904,0.000380086921039167,0.000379542725018348,0.000391220623696497
"2019-07-11",1.73747239272177e-06,2.71067637272254e-06,2.6813983053862e-06,2.67374109051083e-06,7.84736469107652e-06
"2019-07-12",0.00109974978866977,0.00108901345465849,0.00109975984037996,0.00109948270351861,0.00107502916681344
"2019-07-15",0.00175013321250393,0.00178361653446908,0.00181450864379002,0.00181451112880068,0.00177922819716277
"2019-07-16",0.000588810037648311,0.000625378184879324,0.000621335467966016,0.000621151880535884,0.000673177442917975
"2019-07-17",0.00101884081631756,0.0010155249987007,0.00100387393929573,0.00100295093111556,0.000993829794258853
"2019-07-18",0.000626507969439432,0.000622126214965182,0.000668941419507187,0.000669196904639546,0.00067347885681495
"2019-07-19",4.7781505299377e-05,4.45773324153642e-05,3.93983261264019e-05,3.9473042453731e-05,3.87069960856024e-05
"2019-07-22",0.000206875320962582,0.000206212439221575,0.000215592403242589,0.00021492591666722,0.00021209692161851
"2019-07-23",5.09388829041347e-05,4.56483125046231e-05,4.08448230899985e-05,4.10928674576731e-05,3.30065078618887e-05
"2019-07-24",0.000378497199396876,0.000337618902988781,0.000332722132932606,0.000332986945188853,0.000310962985398369
"2019-07-25",6.34463059321127e-05,0.000106014183161583,0.000116839964273938,0.000117665155871825,0.000119795627305489
"2019-07-26",1.27436785370064e-05,2.15752148250078e-05,2.18095946875071e-05,2.3459869603833e-05,1.97084760176223e-05
"2019-07-29",0.000210845398084417,0.000215232293387462,0.000232057910472006,0.000232529477343091,0.000260772256865403
"2019-07-30",2.16801442417319e-05,1.98007914796311e-05,2.02506154047989e-05,2.05601526414294e-05,2.06757485817576e-05
"2019-07-31",0.03125766622738,0.0310586021062224,0.0310697961147942,0.0310881297517039,0.0308007017714383
"2019-08-01",0.0355967254118196,0.0355215827104,0.0355324088867783,0.035538631732916,0.0351287115993359
"2019-08-02",0.0245800038922275,0.0242583461363375,0.0242442598910855,0.0242429439403602,0.0242985294013989
"2019-08-05",0.024765694467266,0.0244983134224927,0.0244966052192537,0.0244302746805834,0.0245112214091459
"2019-08-06",0.0108715528534279,0.0107889945969109,0.0107976312030265,0.0107850545483692,0.0107306426778054
"2019-08-07",0.00681472149572197,0.00698626953933545,0.00701849758140924,0.0070063244291808,0.00717536881290893
"2019-08-08",0.0049648912911931,0.00470222872556056,0.00469853755987481,0.00469909442958959,0.00463211139700296
"2019-08-09",0.00267211602740756,0.00254984217863485,0.00257996383034108,0.00258001238769765,0.00256574863178302
"2019-08-12",0.00262387922717384,0.00236421207768599,0.00237273986347877,0.00235727368421909,0.00231598870005498
"2019-08-13",0.00609416324624697,0.00634621206669154,0.00635833345955962,0.00631154355703291,0.00635747735852227
"2019-08-14",0.00143921480765724,0.00152155720452342,0.0015203288007593,0.00154288414271779,0.00156024684035789
"2019-08-15",0.0042340612588323,0.00431330765800344,0.00430343547420719,0.00430387566332705,0.00431193047355697
"2019-08-16",0.0017760813250011,0.00169888432432237,0.0014058733415845,0.00143156290193644,0.00137729445014798
"2019-08-19",0.00553097600373226,0.00559029292417582,0.00534322537907125,0.00532383293163429,0.00523996366637523
"2019-08-20",0.00863406375143814,0.00828882201233233,0.00819881147964926,0.00819854075775769,0.00804074566864829
"2019-08-21",0.01833020215792,0.0180235865233887,0.0179985816840376,0.0178358025432963,0.0177204070848193
"2019-08-22",0.00945457418648795,0.00911345037978131,0.00918516979836629,0.0091484066268974,0.00920048121588708
"2019-08-23",0.0188855092186567,0.0188104381895597,0.0188562200984276,0.0188947038245977,0.0188540151579074
"2019-08-26",0.000183507617249588,0.000163432091297818,0.00017139355077132,0.000176112315551102,0.000185316685135496
"2019-08-27",5.44630334992025e-07,8.07329284816966e-07,9.6555919407381e-08,2.5362619695162e-07,6.41500049330959e-07
"2019-08-28",2.97683007145992e-06,1.05490529336193e-06,4.82848312079155e-07,4.99147569308934e-07,1.16124040156136e-07
"2019-08-29",0.00156608373816271,0.00159114730265258,0.00159332578198806,0.00158378045039198,0.00165704126567688
"2019-08-30",0.00864773459894247,0.00837975489212331,0.00837928923527464,0.00834727323201974,0.00849517433713184
"2019-09-03",0.00122752332585683,0.00113158037661888,0.00111701843033401,0.00111710090224228,0.00114363825472008
"2019-09-04",0.00855233050583328,0.00851424471362986,0.00851105601945951,0.00847988434411401,0.00855721080905716
"2019-09-05",0.00571803512771997,0.00568915809841325,0.00566853356801298,0.00567717122459362,0.00560753467745407
"2019-09-06",0.00180656611708951,0.00177032235748522,0.00176052333700029,0.00175359820041735,0.00172933981149684
"2019-09-09",0.00208624693055997,0.00209833924255083,0.00208257272736939,0.0020879137516414,0.00207576258381218
"2019-09-10",0.000850006067692828,0.000885383223952046,0.000882369278521156,0.000888798322029137,0.0008749655699364
"2019-09-11",0.000251995752425534,0.000264315612462528,0.000261673586730111,0.000250483095717555,0.000251295117022164
"2019-09-12",0.0042750240383908,0.00437132672362292,0.00437295371228975,0.00440776402047969,0.00437970343533499
"2019-09-13",0.00211487711785545,0.0021378336687183,0.00214354922436074,0.00206300134546193,0.00206739990915107
"2019-09-16",2.04611000514931e-05,2.4913565338555e-05,2.8279089323303e-05,2.77848023208399e-05,2.42311771096307e-05
"2019-09-17",0.00349040517915614,0.00352210205856412,0.00351011724226665,0.00342422649854252,0.00338451637944235
"2019-09-18",3.17958781994666e-05,2.28117701319895e-05,2.01086957912803e-05,2.33950249134457e-05,2.0905650530331e-05
"2019-09-19",0.00335483502540422,0.00334248883601651,0.00334821703032943,0.00329037133137486,0.0032826540120923
"2019-09-20",6.92424833388633e-06,4.82707256613907e-06,3.83825471719724e-06,8.1582897512204e-07,3.3034934347105e-06
"2019-09-23",0.00109343404659431,0.00111780724764067,0.0011313160911396,0.0010715625660237,0.00105580532098188
"2019-09-24",0.00738810500930661,0.00735034990058029,0.00730904193039973,0.00740028315882761,0.00743780081651081
"2019-09-25",1.8765013518184e-06,8.6947642180786e-07,9.05885139486028e-07,1.839942313359e-06,1.66600745996546e-06
"2019-09-26",1.17092085494932e-05,1.35299645101334e-05,1.47313970161905e-05,1.88849991322504e-05,1.67755739911436e-05
"2019-09-27",0.000560573261707734,0.000596380596717169,0.00059488471073155,0.000608559056045502,0.000625994876961555
"2019-09-30",0.000596597507344148,0.000559942783000222,0.000564198471446898,0.000545541141301395,0.000526269854001819
"2019-10-01",4.52829117916503e-07,1.92097815618385e-07,1.44683985349162e-07,8.27792431194138e-07,2.16673303949674e-06
"2019-10-02",0.000249527827461363,0.000249994472353443,0.000249699158359596,0.00024484796642206,0.000228980313618402
"2019-10-03",0.00722493545005832,0.00704406120046196,0.00704023951214636,0.00706661919428831,0.00707231277019587
"2019-10-04",0.00135641923902929,0.00134474019358476,0.00134580762134681,0.00134961148235425,0.00128283516296599
"2019-10-07",4.15076933868284e-05,5.4109254882923e-05,5.17515801045437e-05,5.57885184022695e-05,5.55143638191058e-05
"2019-10-08",0.00148432696011018,0.00150428609809909,0.00150702876144624,0.00151920809708719,0.00157397880850449
"2019-10-09",0.00264099677428806,0.00245507955094196,0.00245547051360063,0.0024476725001101,0.00242726253433583
"2019-10-10",0.00394045554552014,0.00381167744204679,0.00380199339734411,0.00377108603995976,0.00369063606239925
"2019-10-11",0.000201748105830048,0.000213276207289686,0.000210990231908757,0.000215421390425525,0.000191957648329008
"2019-10-14",0.00324699963939056,0.0032778479021306,0.00327663570093404,0.00329450436760012,0.0031624115787862
"2019-10-15",0.00771323535564759,0.00757529998691523,0.00757260166670566,0.00756903491746148,0.00763551193754881
"2019-10-16",0.00374175465669375,0.00366644653029084,0.00366961496561371,0.00368986143901126,0.00367394269521209
"2019-10-17",0.00322730222498894,0.003215541751915,0.00321569641142554,0.0031743243176551,0.00311716022073509
"2019-10-18",0.00407303960198049,0.00399208869204496,0.00399073500252656,0.00398987883266979,0.00395657108784668
"2019-10-21",0.00313793271395966,0.00315371172212734,0.00315525023210225,0.00319121296116885,0.00321302779557926
"2019-10-22",0.000717995170207994,0.000731912660277291,0.000734717383908674,0.000734212937340488,0.00068866132917852
"2019-10-23",0.000407374011104159,0.000401094954435135,0.000404540969664359,0.000412683784752885,0.000424783044183968
"2019-10-24",0.000394004401877495,0.000322992346696113,0.00032344588537712,0.00033134849680238,0.000307633645208504
"2019-10-25",0.0014972947563201,0.00138674206686034,0.00138266023319554,0.00131584492625937,0.00136663099487546
"2019-10-28",0.000816207647203767,0.000825577292677559,0.00083254010199764,0.000803837497156116,0.000955057469647216
"2019-10-29",0.00206961049556501,0.00207712023464081,0.002090949346619,0.0020748728708767,0.00197967426109158
"2019-10-30",0.000393299074483474,0.000358720364287072,0.00036425941533185,0.000382157511773804,0.000337877200756186
"2019-10-31",0.00707014574716379,0.00702305847360099,0.0070047710217163,0.0069909255591148,0.00690864591286384
"2019-11-01",3.25766728699096e-05,2.20145799528855e-05,2.09560953006594e-05,2.32619395024817e-05,2.58950915460353e-05
"2019-11-04",0.000106902790812745,9.6242359560555e-05,9.8540057768606e-05,9.71639583719043e-05,9.76493162207219e-05
"2019-11-05",0.00240732190638176,0.00252541549816776,0.00248302992316125,0.00251614090673271,0.00252899760456892
"2019-11-06",0.00186689595256673,0.00192111286196422,0.0018650905690229,0.00190644981725397,0.00190996100230158
"2019-11-07",0.00495653482374837,0.00505386767310215,0.00505361166759127,0.00518221045759805,0.00493774622159888
"2019-11-08",0.003389758933911,0.00341067181062121,0.00341126649104279,0.0034725519769134,0.00341081077996247
"2019-11-11",0.00203728026445286,0.00198768417906986,0.00199334551165282,0.00202806140130047,0.00198504710778931
"2019-11-12",0.000284270962983009,0.000238076510218553,0.000228068119259276,0.000224948469666322,0.000243441633240498
"2019-11-13",1.99218054427402e-06,2.11045483753331e-06,1.91578914930597e-06,1.99533234944141e-06,6.81170568553052e-07
"2019-11-14",0.000207582771032921,0.000205704888922779,0.000207912321260406,0.000212651653153412,0.000235428509405746
"2019-11-15",0.000447245700014226,0.000483478123042149,0.000484965404977689,0.000477110542115837,0.000467799022549458
"2019-11-18",1.76496254062482e-05,2.01156470365597e-05,2.12153043807404e-05,2.27202845477465e-05,5.83010959617659e-05
"2019-11-19",3.45232093594483e-05,4.01188817125499e-05,3.97236283586562e-05,4.21968503246299e-05,5.51086317306627e-05
"2019-11-20",0.00152332024515413,0.00153453345697213,0.00153923893431624,0.00154022630714452,0.00156655041650093
"2019-11-21",3.75312791425548e-05,4.79632874539209e-05,4.81572598506161e-05,5.41676630091629e-05,5.96694111037687e-05
"2019-11-22",2.40944873658153e-05,2.44386160456174e-05,2.6002138632709e-05,2.7210246431695e-05,3.42896189672915e-05
"2019-11-25",0.00200750267463638,0.00202876892328212,0.00204648608041365,0.00202750502797504,0.00204717678916809
"2019-11-26",0.000190993677271373,0.000210941395169272,0.000208548931944876,0.000218861778884697,0.000295504707776596
"2019-11-27",0.00394280133064948,0.00383675542828415,0.00384289621339099,0.00391537316785268,0.00382008855703991
"2019-11-29",0.00368850706938877,0.00362375788812582,0.00359822581112761,0.00359093930323247,0.00344494979078969
"2019-12-02",0.0011210934770517,0.00112782937512232,0.00112730845732484,0.00109703116110109,0.00110763324727684
"2019-12-03",0.00467480824853402,0.00475530212504393,0.00479480343377627,0.00477234089649049,0.00478069939096053
"2019-12-04",7.53299105495161e-05,8.30578443103557e-05,8.1428077624898e-05,8.68237070805722e-05,7.65533099775145e-05
"2019-12-05",0.000186127882262126,0.000176096981387839,0.000176566608746603,0.000180610893631129,0.000171752010756957
"2019-12-06",0.00016315764335117,0.000141625359803212,0.000141695344656525,0.000146336985712268,0.000129378852332602
"2019-12-09",6.98956137881204e-07,8.964720176676e-08,3.60134611024182e-09,5.7905059763511e-08,7.03554633859576e-07
"2019-12-10",0.000175110083029894,0.000155419361263376,0.000165155191667416,0.000165661376364417,0.000173448661721881
"2019-12-11",0.00046690039624764,0.000432922382052847,0.000427927635005963,0.00044131608061726,0.000417633859360546
"2019-12-12",0.00620942197892775,0.00620476296434097,0.00624226114715545,0.0062634794774591,0.00620421874466564
"2019-12-13",0.00227853736219591,0.00240443722426007,0.0024020301171207,0.00241387504942714,0.00241298066809147
"2019-12-16",0.00128138525927499,0.00139743762124643,0.00139734606718132,0.00141487699558003,0.00140081885463915
"2019-12-17",0.000252038828206447,0.000287067612683515,0.000302408611078523,0.000306336618520837,0.000286107069930899
"2019-12-18",0.0014557268102649,0.00149787980219475,0.00149272322354028,0.00152410717149248,0.00155239415154525
"2019-12-19",0.00628364854199513,0.0062136146144877,0.00626392585859788,0.00626008980336776,0.00636617240812604
"2019-12-20",0.00332985019314038,0.00327093506000178,0.00327899941893448,0.00332026845876858,0.00331152160916055
"2019-12-23",0.00177293250442037,0.00186847394934318,0.00185092835513702,0.00179183772580734,0.00185985881125428
"2019-12-24",0.00403968581516869,0.0041459446312005,0.00413969608331156,0.0040959494054313,0.00420951998806317
"2019-12-26",0.00144786058133134,0.00142579984698156,0.00141256345145963,0.00140816076844937,0.00141222760452928
"2019-12-27",0.00112530256188592,0.00111598084316971,0.00111409506195869,0.00106516068028654,0.00106462542532918
"2019-12-30",0.00395888206736027,0.00398594799671689,0.0040765621797828,0.00417932595673457,0.00419567555678836
"2019-12-31",0.000262521764625112,0.000237906861038755,0.000227755709918471,0.000245491423391181,0.000231242474577977
"2020-01-02",0.00163042844306791,0.00155343199497719,0.00152752696044668,0.00150286527201268,0.00150113669959196
"2020-01-03",0.00385906030459829,0.00372973733379043,0.00368274833247566,0.00367968311066118,0.00368872784769664
"2020-01-06",0.000486815544317257,0.000365964555608611,0.000346507179244412,0.000310824762143308,0.000321001323487362
"2020-01-07",2.1029276491554e-06,7.8461026617387e-06,1.11252305652233e-05,2.91655736870293e-05,2.66800525396912e-05
"2020-01-08",0.000469466392539946,0.000491213786724338,0.000469151631806334,0.00045036307998546,0.000463864561018586
"2020-01-09",0.000663506929918679,0.000672130048394147,0.000659410310987897,0.000669118723356307,0.000679781609972342
"2020-01-10",0.000119270465746847,0.000149837628565355,0.000150776999381923,0.000151885149437944,0.000155742712231328
"2020-01-13",0.000830063465856267,0.000869240192709252,0.000888945499586141,0.000915267311006698,0.000910987236461619
"2020-01-14",0.00287184882106059,0.00287872687945193,0.00281415440502939,0.00281974610101139,0.00277948389779394
"2020-01-15",4.88381427339922e-05,4.9852751512021e-05,5.35585228524744e-05,5.9931163267561e-05,5.92826341841616e-05
"2020-01-16",0.000985008061079223,0.00099105200869504,0.00107491346483473,0.00110846204638624,0.00112316426592511
"2020-01-17",0.00195696228744202,0.00209306329397139,0.0021555984361679,0.00214012830929004,0.00212797265711504
"2020-01-21",0.000237038076587973,0.000260719325608961,0.000244686768986199,0.000239134350714025,0.000236112972176173
"2020-01-22",0.00249065038551756,0.00262827103785093,0.00260022490244499,0.00254886011965521,0.00253604417648115
"2020-01-23",0.000299781288697521,0.000313466183770054,0.000337322058134636,0.000338558155552563,0.000326693026084139
"2020-01-24",0.00101478580720337,0.00101857468821875,0.00102122699476304,0.000983103433800423,0.000999525745306058
"2020-01-27",0.0189666972069351,0.0189717516751037,0.0191279586734033,0.0191620478493526,0.0190996796139
"2020-01-28",4.57896741939656e-05,3.4066602771153e-05,4.26711636221696e-05,4.66039792807776e-05,3.12119781096284e-05
"2020-01-29",0.010758992875529,0.0107365846992192,0.0106425283386079,0.0107683174616435,0.010513393870368
"2020-01-30",0.00221550588388639,0.0022227141533814,0.00230334740102819,0.00237324682270972,0.00237638578801133
"2020-01-31",0.00852500783202806,0.00850653690752104,0.0087112806062566,0.00915313581905394,0.0090837320269188
"2020-02-03",0.00203344149966467,0.00195248948037895,0.00196106114520053,0.0020730982112688,0.00208931440070085
"2020-02-04",7.96622161777644e-05,9.14050419850338e-05,8.66526519816521e-05,8.76243758350134e-05,9.50410067321996e-05
"2020-02-06",0.00214400286227445,0.0022373292401408,0.00226859366030031,0.00231271712400245,0.00236145730322578
"2020-02-07",0.000442896203997603,0.000380366959304851,0.00037643991481893,0.000378444525281259,0.000381113426805161
"2020-02-10",0.00226956406002513,0.00210128692172757,0.00210579233220175,0.00214393500497821,0.00204924229869629
"2020-02-11",0.00401588500721165,0.00398013819662281,0.00396802637171481,0.00400042153019833,0.00380830860924137
"2020-02-12",0.0050057597941261,0.00501941183780454,0.0050109532016926,0.00504206749304812,0.00494045061644294
"2020-02-13",0.000637620395898621,0.00065576995410327,0.000653541431482921,0.000659821557448602,0.000716493663154513
"2020-02-14",0.00296081235051476,0.00294499848900584,0.00294739415202234,0.00293889953187617,0.00293885943543576
"2020-02-18",1.97512994953517e-05,1.75085881163056e-05,1.75010326881705e-05,1.65011116404605e-05,1.62882017348305e-05
"2020-02-19",0.00329618698507764,0.00328742163075998,0.00328635604324491,0.00329993932747884,0.00329741860010095
"2020-02-20",0.00121505778124425,0.0012162458435785,0.00121733632034749,0.00119764348925565,0.00120527755638764
"2020-02-21",0.00239621082097565,0.00239878403235799,0.00239877643910082,0.00240092009170741,0.00241832222446524
"2020-02-24",0.165583622112839,0.165512210864092,0.165526082580918,0.165564137839065,0.165476529495589
"2020-02-25",0.0654601444236986,0.0654566909872353,0.0655393977454102,0.0654316252314517,0.0655582626706945
"2020-02-26",0.0539983741364222,0.0541356611539826,0.0542104435432909,0.0541744115589019,0.0541852560912956
"2020-02-27",0.154067406959742,0.154229673309835,0.154422302578928,0.154493118355917,0.154670824168274
"2020-02-28",0.583820518867486,0.583943746343763,0.584175769432987,0.584228240123373,0.584765867555736
"2020-03-02",0.0666198211082243,0.0666272591592776,0.0664997687682558,0.0664664950269352,0.0667494406275804
"2020-03-03",0.222637129839004,0.223689112507537,0.223558472131144,0.22377167391384,0.223783468875485
"2020-03-04",0.00353408755238159,0.00375712084736652,0.00374800123327444,0.00380096139140062,0.00378939913690832
"2020-03-05",0.000162524127219799,0.00021454412566423,0.000207051986645947,0.000223720316020871,0.000208590179227665
"2020-03-06",0.00200590645351867,0.0016427595895109,0.00168427301355894,0.00161220489865085,0.00162746854717382
"2020-03-09",0.0715713808675553,0.0728284639532314,0.072706710980923,0.0729898563474809,0.0729022705179707
"2020-03-10",0.00704743774977142,0.00747263964288066,0.00735601102376925,0.0074540946067876,0.00740693617099177
"2020-03-11",0.0200663927041112,0.020308119114462,0.020100266403559,0.0201183708619758,0.0200902135313657
"2020-03-12",0.427125347838689,0.428788575518947,0.428455740645538,0.428924521695724,0.428253954738013
"2020-03-13",0.225983777573145,0.227146588689,0.226800603416611,0.227125877078915,0.226250968595225
"2020-03-16",0.195907987734871,0.197708989470721,0.196908332619618,0.19722432745238,0.19650182803074
"2020-03-17",0.167757669586395,0.169121039832001,0.16858099153703,0.168723401840017,0.168129964224656
"2020-03-18",0.191664268351773,0.193003112291891,0.192550591266222,0.193233989689226,0.192155318480501
"2020-03-19",0.0235498290691305,0.0239954714833226,0.0234710023786809,0.0234296151106044,0.0222515724713722
"2020-03-20",0.0166721838123548,0.0173770156753133,0.016959402883008,0.0171567718125046,0.0167441879864962
"2020-03-23",0.105899901634719,0.109536470785646,0.108307976636821,0.108850274160263,0.107660112071765
"2020-03-24",0.0215006477285437,0.0204280767065588,0.0212106108246907,0.0208720632056229,0.022267368925753
"2020-03-25",0.00663021634545645,0.00596297876163629,0.00645396766466725,0.00620503967130155,0.00656145139344789
"2020-03-26",0.00419260505248746,0.00379736114499924,0.00406781535544929,0.00388235912410626,0.00415142264809389
"2020-03-27",0.0480680383678506,0.0467788105754124,0.0473619043264759,0.0465619089025277,0.0472910922402273
"2020-03-30",0.1458288774141,0.142969423368291,0.144327251419414,0.143470480894701,0.145438343011521
"2020-03-31",0.0343992110904243,0.0338278269970569,0.0342370700937327,0.0342400657727458,0.0351162765631389
"2020-04-01",0.059413607744945,0.0581067692794671,0.0586122438240106,0.0581986953826381,0.0598525697584477
"2020-04-02",0.0279315649123194,0.027195962569283,0.0274105949538545,0.0271949447094478,0.0277784805621189
"2020-04-03",0.0374733755163344,0.036790000815083,0.0369277849153212,0.0367928377265953,0.0373696117148119
"2020-04-06",0.0296299099595613,0.0291986208428474,0.029187684356114,0.0289941801441257,0.029387910029331
"2020-04-07",0.00225603606392316,0.00214672543542886,0.00216188456574676,0.0021358413389207,0.0021404389630443
"2020-04-08",0.0143335318189865,0.0139416610438597,0.0139935900697727,0.0138695341052785,0.0141333810538243
"2020-04-09",0.0128774030735558,0.0125782025629027,0.0126398194992728,0.0125694909289266,0.0129416127142526
"2020-04-13",0.0152831271897307,0.0150880880835952,0.0150589026231893,0.0149730161450574,0.0154392917331775
"2020-04-14",0.00701968325794197,0.00691509512688999,0.00689819415273635,0.00678808312187465,0.00700407311417916
"2020-04-15",0.0205561071609143,0.0204565815625156,0.0204362433923153,0.0203021992971965,0.0209615636641705
"2020-04-16",0.00668206118599766,0.006640544956847,0.00665456289920033,0.0066196900824442,0.00680832718122534
"2020-04-17",0.00629594741990892,0.00621413480909622,0.00615755630738727,0.00610134941271548,0.00619792384911148
"2020-04-20",0.00548351576368662,0.00544318476310214,0.0053040473451972,0.00525141674913039,0.00529824004892337
"2020-04-21",0.000621052129232486,0.000622871761245826,0.000646460129347999,0.000691680263482196,0.000672679691300389
"2020-04-22",0.00557198209713906,0.00557111423182167,0.00551918823897527,0.00549569798864136,0.00567865442574406
"2020-04-23",0.000784593073217654,0.000768936415318826,0.000754486565529631,0.00073523254224476,0.000741817040385822
"2020-04-24",0.0089250102568326,0.00886455620945422,0.00885071364062297,0.00883883786928509,0.00890836410040738
"2020-04-27",0.00559070891174973,0.00557762693433634,0.00558917912791956,0.00555421054802161,0.00556610641195518
"2020-04-28",0.0049242171270615,0.00494896322852797,0.00492978009929141,0.00488469026236533,0.00485026658284836
"2020-04-29",0.00268151097832487,0.00268834809350134,0.00270420577262803,0.00269724440425008,0.00265682924868218
"2020-04-30",0.00106791936133693,0.00106930138834158,0.00104088334071835,0.00102410607235427,0.0010269715330092
"2020-05-01",0.0137378037328042,0.0137244507264909,0.0137635008571467,0.0139231587433183,0.0139483368630862
"2020-05-04",3.43607533207307e-06,3.80934489103723e-06,2.21781898363468e-06,1.7983103319346e-06,3.54343963707434e-06
"2020-05-05",0.00283136672835728,0.00280652407587148,0.00280092914884263,0.00280420368076831,0.0028958622160193
"2020-05-06",0.00136213297374125,0.00136397806985601,0.00137039104971227,0.00135222873858789,0.0014444693638561
"2020-05-07",0.00644846721517572,0.00641663482055032,0.00645750531145688,0.0064429166035743,0.00659643841010961
"2020-05-08",0.0221840898399006,0.0221289949779904,0.0224432964584918,0.0227167712157325,0.0226594181860691
"2020-05-11",0.014279203655861,0.014265235884172,0.0141886230758261,0.014215611385609,0.0144439326408789
"2020-05-12",0.000756236163392063,0.000756089482420175,0.000751310682903957,0.000749484544286686,0.000767855677089278
"2020-05-13",0.00978700485108587,0.00978183506883873,0.00981257631859286,0.00984697194677433,0.00980210976709253
"2020-05-14",0.00535089432174376,0.00536158446857018,0.00537284578652513,0.00538669567839699,0.0053493297517674
"2020-05-15",0.00299769332980614,0.0030018088228191,0.0030110785352338,0.00300919104076937,0.00300340922807667
"2020-05-18",6.55482218445402e-06,6.8023453839168e-06,7.10259309010337e-06,6.46334255007513e-06,6.29656944315539e-06
"2020-05-20",0.00253985393872078,0.00254675235315981,0.00254456020263388,0.0025461151031566,0.00251411761281786
"2020-05-21",0.00594347994758285,0.00590729174245267,0.00590709374334861,0.00592129722284364,0.00588122793740041
"2020-05-22",0.0137843514396422,0.0136139639684817,0.0136338489975931,0.0134098470087842,0.0135269103200443
"2020-05-26",0.00622258600130535,0.00613435723669193,0.00614183399232195,0.00605495640080622,0.00611353982154571
"2020-05-27",3.41262391779142e-08,2.55003547823234e-07,3.42451455576305e-07,5.09290857053447e-07,1.55191420013483e-07
"2020-05-28",0.000252843302761192,0.000251751793337607,0.000247979766289777,0.000247494923150099,0.00025143934476375
"2020-05-29",0.000328296664129516,0.00032704304077326,0.000327034998010024,0.00032416357452906,0.000307104299524348
"2020-06-01",0.00284419490511416,0.00286969256661751,0.00287250834987092,0.00287495875258934,0.00288118011579979
"2020-06-02",0.00372341385196263,0.00373116719583411,0.00373391646901871,0.00375087232691198,0.0037432959175541
"2020-06-03",0.00717143172089247,0.00707718920796078,0.00706842080010773,0.0069702736912945,0.00697952404597585
"2020-06-04",0.00472921892773488,0.00463799982823509,0.00465112542773732,0.00455209020262574,0.00455974614880811
"2020-06-05",0.00491847421593697,0.00479521243009022,0.00480196693497667,0.00476795151369346,0.00477709101546306
"2020-06-08",0.00328040775143306,0.00325841935064987,0.00324547072120217,0.00322847757588372,0.003247774158664
"2020-06-09",7.49666309179857e-06,7.2638963450756e-06,7.35144161356288e-06,6.99277602113921e-06,7.23667358160419e-06
"2020-06-10",0.00347856373358493,0.00348641013755775,0.00348981208190893,0.00351034744117449,0.00346799786653664
"2020-06-11",0.020584042076562,0.0207168207369483,0.0207189412394306,0.0207731437617192,0.0205957584191621
"2020-06-12",0.025949929682261,0.026186603396079,0.0262372178074982,0.0263321893513721,0.026101589632282
"2020-06-15",0.0143354847147123,0.0143589359403789,0.014370759701351,0.014408050932925,0.0142588343484325
"2020-06-16",0.0161265315113602,0.0161644604325439,0.0161533106107374,0.0161555542319878,0.0160069926280684
"2020-06-17",0.000676416550452734,0.000663258676403858,0.000670726238331021,0.000657509811352622,0.000683320430911019
"2020-06-18",0.00709425922935371,0.00698873137066734,0.00698070462326045,0.0069424353818497,0.00701445159094307
"2020-06-19",0.000321660808738022,0.000295264769172842,0.000288383552998744,0.000276235090954714,0.000285383457717329
"2020-06-22",0.0106440590136053,0.0105604380836429,0.0105975632321603,0.0105058725839021,0.010567820630285
"2020-06-23",0.010611878196161,0.0104303407998614,0.0104535285135558,0.0103641826783826,0.0104067026537199
"2020-06-24",0.00172245447547555,0.00170987923675254,0.00170404808906982,0.00172671644686713,0.00171896195117796
"2020-06-25",0.00032428155420104,0.000339436385544525,0.000338460493353556,0.00034305093989952,0.00033993881227412
"2020-06-26",0.000833975420758098,0.000847920600023505,0.000842766971406977,0.000813410011795661,0.000818560829256632
"2020-06-29",5.83860011161533e-05,6.13778978131255e-05,6.3148251468091e-05,6.4612590584767e-05,6.47127959946401e-05
"2020-06-30",0.000903013028896147,0.000926060528947707,0.000959952392753594,0.000969093784451709,0.000965870112717055
"2020-07-01",0.00652648231563328,0.00657782897502056,0.00660075306729134,0.00662272733917673,0.006599755535519
"2020-07-02",0.00490518327067212,0.00487421853832314,0.0048274390578368,0.00481391133055751,0.0048196117952552
"2020-07-06",0.0125286902938151,0.0125173932007707,0.0124801157915,0.0124730080389737,0.012461844387209
"2020-07-07",0.00517322873817536,0.00517418698622382,0.00520493703330731,0.0052117381201639,0.00523037824375134
"2020-07-08",0.0020582259527179,0.00207514182593362,0.00206884225166937,0.00206768961739564,0.00207736383049034
"2020-07-09",0.000850057429389732,0.000871779673991406,0.00104028073358256,0.00104029019145179,0.00103873984705936
"2020-07-10",0.000561905450246967,0.000568210009479342,0.000503137901491882,0.000503881138802629,0.000501024557241328
"2020-07-13",0.00965485195336317,0.0096585995443979,0.00972521306561583,0.00972350709525733,0.00972073580398411
"2020-07-14",0.0242879281159441,0.0242444917032452,0.0243879956126769,0.0243447086536116,0.0243926702646572
"2020-07-15",0.0109493757298554,0.0109070652867617,0.0109115507084498,0.0109476569799297,0.0109568232222941
"2020-07-16",5.63247796085059e-05,5.29245149487521e-05,4.71011326390333e-05,4.75563200133543e-05,4.8343717196064e-05
"2020-07-17",0.00146155796063803,0.00145522905412529,0.00152912593202974,0.00152462220497395,0.00153296519759278
"2020-07-20",0.00700226312104424,0.00703038869743609,0.00714399065488936,0.00714286681224446,0.00713070283256319
"2020-07-21",0.00490103624399848,0.00495482614839241,0.00490934960574474,0.00491690299714411,0.00490896425205523
"2020-07-22",0.00880347692525712,0.00883522245786196,0.0089055160234167,0.00892279309271645,0.00891762949861571
"2020-07-23",0.00542619762856414,0.00530204442742299,0.00526232676275225,0.00526237633738089,0.00526913604833152
"2020-07-24",0.0159105116306571,0.0158775505974863,0.0158616515711117,0.0158682566760438,0.0158813489824616
"2020-07-27",0.000127904214132563,0.000126972361447901,0.000131651977864534,0.000131514176950057,0.000131824089589114
"2020-07-28",5.67542075384266e-05,5.61156771185658e-05,6.1318906313025e-05,6.1563179636723e-05,6.11256148781462e-05
"2020-07-29",0.000356379500873733,0.000377460018661715,0.000402931079370329,0.000402733950298546,0.000402971092163213
"2020-07-30",0.00125791450716846,0.00130173012053582,0.00136663309825127,0.00136475383917187,0.00135465387215394
"2020-07-31",0.000602953637455869,0.000634576495326531,0.000610417219979307,0.000624559155326405,0.000624894264461087
"2020-08-03",0.00289700909029677,0.00294385694105012,0.00285491279718768,0.0028497288872526,0.00285044389630655
"2020-08-04",0.000117246931604212,0.000123646133030246,0.000132010967814355,0.000129752217187535,0.00012983242536234
"2020-08-05",0.00207949729643359,0.00207673039038046,0.00193489001187248,0.00192085427466566,0.00191509284224135
"2020-08-06",0.000953319120575222,0.00095699571647433,0.000980615940582257,0.000977485039164325,0.000977646774481388
"2020-08-07",0.00138209537210009,0.00141472334977976,0.00141664856366984,0.00140991501347828,0.00140820219226188
"2020-08-10",5.75751647908657e-05,7.53535884054997e-05,8.6725149397307e-05,8.37260514517618e-05,8.39760648657466e-05
"2020-08-11",0.000219296114001896,0.000200761459397043,0.000189154593933754,0.00019235569702738,0.000192344125854979
"2020-08-12",7.52728156358815e-05,7.59727781697024e-05,8.75421855920449e-05,8.68273364483859e-05,8.64154032300681e-05
"2020-08-13",0.000106418582737356,9.42457039669562e-05,8.46503671604764e-05,8.4874495929023e-05,8.48041391696205e-05
"2020-08-14",0.00182972168849369,0.00192390902313913,0.0020144578893008,0.00201425349832533,0.00202388642225487
"2020-08-17",0.00937216274903186,0.00961464272332458,0.0099045966708098,0.00990156873562396,0.00991168354581465
"2020-08-18",0.00969919871319252,0.00966739414950981,0.00985812529942445,0.0098743179303402,0.00984477704472261
"2020-08-19",0.00175227897316377,0.00178664267432179,0.0017672599923233,0.00177649032451339,0.00177281265955148
"2020-08-20",0.00831525577128145,0.00847406511925397,0.00850527626341181,0.00853273282883468,0.00854075989275985
"2020-08-21",0.000884337933888889,0.000842058570662827,0.000788250676451476,0.000788744443633863,0.000792624981759927
"2020-08-24",0.0230331676400952,0.0228944380593031,0.0227667854256208,0.0227263536617992,0.0226887191295885
"2020-08-25",0.00443542807075677,0.00438756146609647,0.00431753692986255,0.00429593078623306,0.00427942499422732
"2020-08-26",0.000350778819055344,0.000354423576045175,0.000376378521840897,0.000372897459113961,0.000377847325018972
"2020-08-27",0.00228907020395427,0.00226945361561462,0.00222137318903809,0.00220657487022649,0.00220854169137919
"2020-08-28",0.000661016299223853,0.000685190019533399,0.000706160918232619,0.000684198693776959,0.000695881591318201
"2020-08-31",0.00859483069924007,0.0081414945675727,0.00793862691861698,0.00800434463847875,0.00799525241920965
"2020-09-01",0.000138645090981124,0.000162998646358312,0.000186992725053028,0.00019695719844746,0.000197819216618537
"2020-09-02",0.113916861255915,0.114161414990634,0.114847567434766,0.115073195607305,0.11487703667621
"2020-09-03",0.131979335680863,0.132313067043102,0.13273910955978,0.132671427785848,0.13274603693318
"2020-09-04",0.531189021612063,0.532195871175644,0.533536544914746,0.533681804471884,0.533454387365308
"2020-09-08",0.192688472910699,0.190983441791784,0.190196557632308,0.190011857767664,0.189643575315856
"2020-09-09",0.0232373258177501,0.0229607982056017,0.0228778543554112,0.0229039513728741,0.0228280181149229
"2020-09-10",0.0163182572326491,0.0158921941544277,0.0157723220282482,0.0159806996181913,0.015933397495066
"2020-09-11",0.00620811173973427,0.00636497815251139,0.00635779585400011,0.00629003679562782,0.00626280612856901
"2020-09-14",0.0806176566357679,0.0810504344372653,0.0812482923957621,0.0812564292023191,0.0814374094991491
"2020-09-15",0.070645644765958,0.0717123411869948,0.0713807659852951,0.0712811645250261,0.0713702100671215
"2020-09-16",0.0170022388188949,0.0176438734526982,0.0179040046431636,0.018014732579503,0.0181146462642338
"2020-09-17",0.00550763275781721,0.00561600757949595,0.00569599716427971,0.00568091521043075,0.00576674499800302
"2020-09-18",0.0102452364732309,0.0107993309256361,0.0106388828739367,0.0105208522359504,0.0106484966550733
"2020-09-21",0.00645842498413557,0.00629053883464277,0.00619106206215656,0.00621094210342424,0.00619044864440698
"2020-09-22",0.000271557809926512,0.000326896631761304,0.000364984002021581,0.000364524317241737,0.000374444923452215
"2020-09-23",5.08522409135753e-05,3.90501267215352e-05,3.38603653695232e-05,3.2331844918267e-05,3.43100188722324e-05
"2020-09-24",0.00197620823433199,0.00199483281656796,0.0020719856109292,0.0020806696049495,0.00208581324083712
"2020-09-25",0.00252540113144955,0.00248925355745089,0.00246892546048409,0.00244314256035983,0.00244078180796175
"2020-09-28",0.0183094237168192,0.0181212644895855,0.017993641167784,0.0180362626138039,0.0180855792727603
"2020-09-29",0.0231128105299487,0.0233263206080138,0.0235262455241594,0.0235555544289941,0.02365181888771
"2020-09-30",0.0104625859810744,0.010455161735702,0.0105106623104568,0.0105451866077747,0.010620374453022
"2020-10-01",0.0282518856412785,0.0283244198165001,0.0284068095111847,0.0284119079521071,0.0282577927951015
"2020-10-02",0.00384327680572937,0.00395424414936283,0.00401296956137308,0.00400917387551581,0.00396556613352967
"2020-10-05",0.0324883797085997,0.0328200646451555,0.0326999967271381,0.0327080011739584,0.0326157111572304
"2020-10-06",0.00157933327930464,0.00155119367649242,0.00153828937221079,0.00153646001969262,0.00154833784347909
"2020-10-07",0.0174927141338863,0.0173656904992835,0.017335579004896,0.0173424515187836,0.0172826261341346
"2020-10-08",0.0206768257009938,0.0203433349881665,0.0202260566348758,0.0202246944786114,0.0201726489572946
"2020-10-09",0.0309582048647125,0.0306903345492733,0.03047800016918,0.0304725478607052,0.0304557362482324
"2020-10-12",2.90140156308738e-05,2.76892890141123e-05,2.33424611985163e-05,2.25879828790706e-05,2.40230277776434e-05
"2020-10-13",0.0171021295595147,0.0171861748010322,0.0172176569916923,0.017187346692898,0.01727013770827
"2020-10-14",0.00038982790213795,0.000391921866795277,0.00038469527722326,0.000383666646373431,0.000385139234038006
"2020-10-15",0.000993610686573297,0.00100729546116098,0.00105218770980267,0.00105615291728702,0.00105393968526948
"2020-10-16",6.01133992906243e-06,2.66468515250677e-06,2.11147871738458e-06,1.54806596260249e-06,1.88898692347465e-06
"2020-10-19",0.000975824288193842,0.000957456708965778,0.000955479182549106,0.000970617637449148,0.000945427859087951
"2020-10-20",0.00128930258889015,0.00143783534718703,0.00153815632384208,0.00149652427999262,0.00156630747782593
"2020-10-21",0.0032154064999302,0.00326038686160869,0.00332969114650144,0.00328283252027732,0.00334452117613224
"2020-10-22",0.000690645873675605,0.000713756643621708,0.000719219216679362,0.000710416945749765,0.000726063998682778
"2020-10-23",0.00189109028059972,0.00183638135576623,0.00185701334165957,0.00184642572024749,0.00182009452029566
"2020-10-26",9.53423015998579e-07,1.46117249480976e-06,1.25250171293047e-06,1.22566066651082e-06,1.47660465889577e-06
"2020-10-27",0.0024394844774595,0.00245193912198985,0.00246456314773209,0.00246441706167201,0.00250992597757377
"2020-10-28",0.00384129364839667,0.00386450957914947,0.00380729257559104,0.00381046617600088,0.00375928772522918
"2020-10-29",0.000370993393259488,0.00035198967769429,0.000327967089205949,0.000328534240129842,0.000315662437792671
"2020-10-30",0.0323217015628933,0.0323228131908751,0.0321824384130886,0.0319343682699854,0.0318576495664701
"2020-11-02",0.00226450637459609,0.00228180099839644,0.00221074006331661,0.00219990460244605,0.00218846439532087
"2020-11-03",0.000344231344725913,0.000342915081085231,0.000366572677154233,0.000357204164211271,0.000365221338953836
"2020-11-04",0.000400399715892425,0.000424016063354779,0.000425100288575741,0.000425847280188564,0.000442192284152099
"2020-11-05",0.00209020510149635,0.00205614632435006,0.00194586939102987,0.00195061587739509,0.00194852711630325
"2020-11-06",0.0107508399025861,0.0107005959402696,0.010735695610684,0.0107223225305137,0.0107098306253263
"2020-11-09",0.00317933555723872,0.00318727572089368,0.00318779465909932,0.00319200155763255,0.0031845227238597
"2020-11-10",0.0106464567592888,0.0106561153825484,0.0106504133641018,0.0106870511340477,0.0106831632576547
"2020-11-11",0.00696589485932873,0.00693984712615085,0.00672596774482637,0.00671197175558643,0.00675212676640414
"2020-11-12",0.00302876141832843,0.00301952464576843,0.00298241972390614,0.0029693798732484,0.00300136912040074
"2020-11-13",0.0111397224162268,0.0111399915573336,0.0111347360117837,0.0111667898306868,0.0112455811508509
"2020-11-16",0.0177776489272985,0.016755147763425,0.0166863703622328,0.0169743582785484,0.0168368374399536
"2020-11-17",0.0323130279658471,0.0316397534301259,0.0316535896016377,0.0315690995214405,0.0314241107018919
"2020-11-18",0.0145438941555121,0.0145713111347496,0.0146054339830073,0.0148754944873073,0.0148440813686537
"2020-11-19",0.00775743654882411,0.00776145037206069,0.00782831775941274,0.00785928307607909,0.0078483820108555
"2020-11-20",0.00954302576744267,0.0095422465225409,0.00959950873426161,0.009629919613311,0.00962582490550352
"2020-11-23",0.00212384238161887,0.00212615689630822,0.00213056593244897,0.00218126371695194,0.00215809557595812
"2020-11-24",0.000223393312532666,0.000221287917305089,0.000216163260560619,0.000223781904399632,0.00021755623282585
"2020-11-25",0.00157516391716405,0.00157442038030946,0.00156100490210686,0.0015781130622539,0.00153275484154234
"2020-11-27",0.00929925983346317,0.00929315364810171,0.00930727591050403,0.00932058229293263,0.00926328062639381
"2020-11-30",0.00263101426391707,0.00263112099028759,0.00265657257959299,0.00260810149698212,0.00261118809050815
"2020-12-01",0.000147308861718895,0.000150376352159081,0.000143881337987251,0.000139175829139538,0.000141775410264946
"2020-12-02",0.000873017322758498,0.000867475410513405,0.000865154528005019,0.000876340885899644,0.000866684003421772
"2020-12-03",0.002196932970486,0.00219640781053391,0.00222970605824183,0.00224362170828037,0.002241123547936
"2020-12-04",0.000550306810665142,0.000552682026720273,0.000548827140130366,0.000546815660350118,0.000549294153685662
"2020-12-07",0.00299966876555745,0.00300039905966198,0.00299658827723138,0.00301551227527969,0.00301791449951972
"2020-12-08",0.002666527189728,0.00266973915091368,0.0026930389733512,0.0026909059342441,0.00269485838237967
"2020-12-09",0.00101705093123524,0.00101554100182834,0.00101752772455242,0.00101407083538807,0.00102327238512104
"2020-12-10",0.00151700664994887,0.00151737205736997,0.00150178046806423,0.00149794786574908,0.00151114205927933
"2020-12-11",0.000126261929415879,0.000126121723486344,0.000117686870436378,0.000118897912045637,0.000122047373851501
"2020-12-14",0.000214220057318711,0.00021387041009991,0.000218670085611102,0.00022309300257007,0.000221581604244372
"2020-12-15",0.00010803486471413,0.000107439856149798,0.000101533035531443,9.8392010651795e-05,9.75668252199178e-05
"2020-12-17",0.00513469668810725,0.0051410477896165,0.00517614511649367,0.00514931819841972,0.00515638238535484
"2020-12-18",0.00226102126262004,0.00228703644997595,0.00230683989259629,0.00231671755554805,0.00232547891039002
"2020-12-21",0.000404114979274159,0.000402098860924067,0.000377749142569035,0.00037572468656629,0.000373414340439341
"2020-12-22",0.0043464627664229,0.00433881063357448,0.00435065077129266,0.00434093228890632,0.00434289350171544
"2020-12-23",0.000817793108521618,0.00081704794072891,0.000816296918108457,0.000820034677878661,0.00082225138748088
"2020-12-24",0.00187699872291522,0.00187557211802446,0.00194553717609678,0.00193201033037976,0.00193496899737017
"2020-12-28",0.000415153463763272,0.000416570325848877,0.000419703913634909,0.000417077943981384,0.000417812971707223
"2020-12-29",1.70846162292937e-05,1.67738265766263e-05,1.08454610820325e-05,1.0561574571412e-05,1.04522913733348e-05
"2020-12-30",0.00360994581211051,0.0036099190179078,0.00364244479305438,0.00362157025552417,0.00363237103947101
"2020-12-31",0.00166682247329136,0.00166112226779825,0.0017493238532005,0.00174740816643334,0.00175166442437496
"2021-01-04",0.0144677422304429,0.014499355772403,0.0145413248949801,0.0145563812374142,0.0145344540039459
"2021-01-05",0.000191065181020837,0.000196741248162086,0.000198857533370247,0.000199259640890655,0.000196968770436426
"2021-01-06",0.00469082569655942,0.00471844891188196,0.00465177600136322,0.00465812101622739,0.00465886236081005
"2021-01-07",0.000273393919541186,0.0002684616634449,0.000290255216946234,0.000289493096152709,0.000291500631600286
"2021-01-08",0.00287505336000191,0.00287171285020759,0.00281332218532498,0.00281106539556561,0.00280346052755504
"2021-01-11",0.000466028452747852,0.000460949099449665,0.000465865959341887,0.000468596085956141,0.000467841874135383
"2021-01-12",0.000141203954572033,0.000141140233000284,0.000153369095359995,0.000155564334316666,0.000154979261509001
"2021-01-13",0.00484613572340071,0.004833265563746,0.00482096745627525,0.00484001877885472,0.00483749483618288
"2021-01-14",0.00145529142505783,0.00145514777110989,0.00144049169647405,0.00165169777938331,0.00165801910099622
"2021-01-15",0.000655349476574687,0.000655338846755191,0.000702885100302154,0.000702149165207691,0.000700538149648356
"2021-01-19",0.00609456612631425,0.00611215513703283,0.00611294181333938,0.00609098675688156,0.00608663398749949
"2021-01-20",0.00348006449422699,0.00347762659134807,0.00354918196812643,0.00346954106390691,0.00347208969180616
"2021-01-21",0.000915148954783883,0.000915899193718344,0.000982221804570401,0.000980849482798137,0.000980374730867109
"2021-01-22",0.000236090520024961,0.000237489885491903,0.000242631937150133,0.000242423395170535,0.000240816377207367
"2021-01-25",0.0413194810347735,0.0413502070313392,0.041341137971946,0.0414361348096179,0.0414543348802309
"2021-01-26",0.00260524009338662,0.00260668214071324,0.00260400529730464,0.0025814419093559,0.00258167141742694
"2021-01-27",0.0289230053980022,0.028902654462379,0.0290730407847877,0.0289775824282531,0.0289839482731404
"2021-01-28",0.0442024775895608,0.0441651533579245,0.0441919673952074,0.0441648982139316,0.0441825771708884
"2021-01-29",0.0650287139876175,0.0650297263340105,0.0641298221211316,0.0640775881709167,0.0641197727033762
"2021-02-01",6.56229608526364e-07,3.43991271351775e-07,1.05711930872096e-05,1.21878248999339e-05,1.16934717893509e-05
"2021-02-02",0.00431083298351583,0.00422311715594863,0.0042883977384684,0.00457678527266277,0.00457185254782891
"2021-02-03",0.0141379168477285,0.0141533912467516,0.0140178519856863,0.0141356436860966,0.0141579286317151
"2021-02-04",0.0272861427145199,0.0272898256362833,0.0282737145015156,0.028136413654205,0.0281240537828185
"2021-02-05",0.0370502827004738,0.0374076871991574,0.0369030574405659,0.0366494366700258,0.0366416103971024
"2021-02-08",0.028557067977843,0.028616366095267,0.0286127146407387,0.0286004580594676,0.0285864981569847
"2021-02-09",0.0138166541673301,0.0138342371463489,0.0138598067125053,0.0138083919780387,0.0138080207787254
"2021-02-10",0.00280733056158389,0.0028086461859392,0.00279274421138446,0.00277700596767576,0.00277747404024128
"2021-02-11",0.00512118554103628,0.0051027309335217,0.0050970046533443,0.0051343022320571,0.00513411101479605
"2021-02-12",0.00748855158259277,0.00748379275318332,0.00747297216293176,0.00748782847779704,0.00750180684603549
"2021-02-16",0.0014553511524935,0.00144820195219844,0.00144428453814158,0.00143654646951233,0.00143730147996114
"2021-02-17",0.00132776833067876,0.00133321411432464,0.00134232900675849,0.00135787374607778,0.0013595588786801
"2021-02-18",0.000111862218535744,0.000112101912509076,0.000112442264210094,0.000107041587401175,0.000106642785744375
"2021-02-19",0.000101359618443866,0.000101397230296098,0.000101661379617035,0.000103042506553083,0.000103696659027619
"2021-02-22",0.00597704527627757,0.00598155593530947,0.00597888561464036,0.00597505793682834,0.00597104407096453
"2021-02-23",0.0777101301226816,0.0777081590060023,0.0777104692583306,0.0776551524858124,0.0776388086512269
"2021-02-24",0.00720336195531877,0.00720408423264586,0.00720243758009372,0.00721080475184709,0.0072064430708712
"2021-02-25",0.0290366629465427,0.0290477822006541,0.0290763568674816,0.029044879072008,0.0290397104302996
"2021-02-26",0.0382607817351751,0.0382634567358721,0.0383232613298803,0.0382995275296363,0.0382951734850685
"2021-03-01",5.83797533142228e-05,5.89043884214143e-05,6.18345888768688e-05,6.2012399551533e-05,6.34992715628891e-05
"2021-03-02",0.0028976901778547,0.00291977630723847,0.00292678939556055,0.00292550953670513,0.00292744928825687
"2021-03-03",2.0668146079098e-05,2.05520751299032e-05,2.0542312420031e-05,2.0436464988889e-05,2.10676940306304e-05
"2021-03-04",0.0206043843697057,0.0206153254293396,0.0206388854478653,0.0206386080614228,0.0206509892325731
"2021-03-05",0.00525817640514811,0.00526557422307355,0.00527460695131478,0.00527346725742565,0.0052826551136273
"2021-03-08",0.0019772499913213,0.00197820259713934,0.00198826338723089,0.00198828258694305,0.00198755214419892
"2021-03-09",0.00135945190802788,0.00136229466715486,0.00136018257411694,0.00135796447361216,0.00135670141150315
"2021-03-10",6.17472749157536e-05,6.17477448363879e-05,6.21106069041568e-05,6.2202119379907e-05,6.29259949488201e-05
"2021-03-11",0.0243981698493117,0.0244014979200266,0.0244178993560848,0.0244387604844822,0.0244327836201863
"2021-03-12",0.0307553383424376,0.0307894851285684,0.030786196417276,0.0308135590183296,0.0306059383611688
"2021-03-15",0.0256507985845897,0.0256466862751494,0.0256327423660012,0.0256618626869562,0.0256327319107444
"2021-03-16",0.0058191281656828,0.00581887466764265,0.00581695939862483,0.00581924217865989,0.00581362839422039
"2021-03-17",0.00309925655330878,0.00310175457848419,0.00310191347518515,0.00310191463426603,0.00308829955189042
"2021-03-18",0.00254665843081897,0.00254955589514275,0.00254659664324816,0.00252489211069481,0.00252741931307905
"2021-03-22",0.00331064805002335,0.00333073352773097,0.00332588150444179,0.00332770482843007,0.00333726704107287
"2021-03-24",0.00103917080523697,0.00103679163431201,0.0010323403035461,0.00102655082519003,0.00103409826701563
"2021-03-25",0.000559300422699498,0.000555553561899492,0.000550403760358094,0.000550814426397601,0.000548864092938881
"2021-03-26",0.00250425346258544,0.00250972087316666,0.00251778859794594,0.00251109187464348,0.00251111660048833
"2021-03-29",0.00250022300572862,0.00249764392558321,0.00250127663173998,0.00249808164151962,0.00250286042599989
"2021-03-30",0.00393531417225275,0.00392628294150755,0.00393899829898817,0.00392638867998982,0.00392198429198443
"2021-03-31",0.0032432174716227,0.00323084038712621,0.00322951354531461,0.00322579749058978,0.00323065343888741
"2021-04-01",0.0136886558062067,0.0136824613496304,0.0136682849707564,0.0136840383303562,0.0137451265341796
"2021-04-05",0.00764916372231363,0.00764558060302471,0.00764060581936415,0.0076403431723687,0.00766822644077214
"2021-04-06",0.00485139978046774,0.0048598774868689,0.0048658570771168,0.00486625680434329,0.00487790411376264
"2021-04-07",0.00315837935929287,0.00315895846463737,0.00316019304002115,0.00316029552114132,0.00314257622290003
"2021-04-09",0.00342011153988214,0.00341539486664364,0.00340991628657146,0.00341124931261635,0.00337891079877034
"2021-04-12",0.000823637770145436,0.000825458695140473,0.000822585861607379,0.000822531152605232,0.000799053634703563
"2021-04-13",0.000918408469702298,0.00091618751458711,0.000911629314417609,0.000912670719354417,0.000902260796236887
"2021-04-14",1.35284910843075e-05,1.28367243298919e-05,1.27768481096142e-05,1.29135284206648e-05,1.01930151750325e-05
"2021-04-15",0.000627498511135697,0.000624439700054299,0.000622724666352401,0.000622582196821056,0.000597370673426892
"2021-04-16",0.0020498936711504,0.00205874987257164,0.00203054634342814,0.00202756202931774,0.00201416722484162
"2021-04-19",5.02879458262338e-05,5.0077502795546e-05,4.65264098685071e-05,4.53501986005852e-05,4.21763984163825e-05
"2021-04-20",0.000166040037901048,0.000167016045485984,0.000171081069455332,0.000171119142234155,0.000172381348306248
"2021-04-21",0.00123730420338273,0.00123005888342305,0.00122484432045152,0.00122480129710126,0.00121828891568361
"2021-04-22",0.00055186959577155,0.000556965579056637,0.000549227946541542,0.000549629332334938,0.00056732652208526
"2021-04-23",0.000792799260430585,0.000793298049673708,0.000793630275193027,0.000795005027478288,0.000793178221468128
"2021-04-26",0.00250295081796126,0.00250062452214954,0.00250280104739976,0.00250512928049156,0.00249300758064084
"2021-04-27",0.00166218241542294,0.00167966507183615,0.00166909865310598,0.0016644227725215,0.00167157545666666
"2021-04-28",4.96588612479606e-05,4.9826913102331e-05,4.88840703008882e-05,4.61544678189134e-05,4.62650027235908e-05
"2021-04-29",0.00173183757639662,0.00172769355131741,0.00172515764015875,0.00173731734954288,0.00173276337690134
"2021-04-30",2.16405475936901e-05,1.39308987240008e-05,1.30247046574129e-05,1.73862602547579e-05,2.14474745039213e-05
"2021-05-03",2.10545348588947e-06,2.26791244962547e-06,2.0967489339995e-06,8.75232547026445e-07,6.85613181281762e-07
"2021-05-04",0.00235678274393384,0.00236113499213434,0.00236525785575857,0.002352582547855,0.00237149534391861
"2021-05-05",3.85719284729895e-06,6.24221020635909e-06,6.40911851059231e-06,4.23722337440501e-06,3.53854841160055e-06
"2021-05-06",0.000274953763154382,0.000245073542928843,0.000245352088014803,0.000268652591740861,0.000269951302605322
"2021-05-07",0.000300931334462734,0.00028021116735052,0.000284665330308126,0.000294868151968498,0.000281454582804885
"2021-05-10",0.000167753622134858,0.000157995983403301,0.000157093116979892,0.000161076905889136,0.000156444947579085
"2021-05-11",0.00158975994271329,0.0015964562087635,0.00160005990909686,0.00160086953981957,0.0015928438091452
"2021-05-13",0.000835640821245512,0.000875236596456104,0.000874025379214538,0.000857723396798031,0.000861545246348922
"2021-05-14",0.00258688269438948,0.00248429759707096,0.00248653860673732,0.00248767818948511,0.0024762727410717
"2021-05-17",0.000440632445565557,0.000418155087843788,0.000415482692895167,0.000443564393188703,0.00043654100881369
"2021-05-18",0.00216442896447245,0.00216290396336544,0.00214378423119969,0.00215300661936441,0.00215417057913217
"2021-05-19",0.000104928311997119,0.000124538228240028,0.000123667379147874,0.000120264900031077,0.000122557921165907
"2021-05-20",0.00686264007044771,0.00699263666283284,0.00700173005577613,0.00702914608940167,0.00705282497212242
"2021-05-21",0.0017155078793444,0.00178189224037372,0.0017830938597399,0.00180351308705603,0.00178348215242892
"2021-05-24",0.00607718785021248,0.00599738951664144,0.00599737839317982,0.00599998774423819,0.00600218707286643
"2021-05-25",0.00191795820150607,0.0019253439084162,0.00192532021007648,0.00192107902114863,0.00190296957353966
"2021-05-26",0.0100610852191644,0.0103034502444949,0.0103032957093003,0.0102877103422183,0.0103087537627119
"2021-05-27",0.00296276849240047,0.00303115102542184,0.00302971517789279,0.00303812999814863,0.00301472291452805
"2021-05-28",0.00335917424836383,0.00340934934014146,0.00340392299012979,0.00341632177115446,0.0034160079324657
"2021-06-01",0.00255278633602084,0.00258479681831935,0.00258146877456235,0.00259184052964147,0.00258236381236918
"2021-06-03",0.000455987384289194,0.000442160997950629,0.000440952267458851,0.000446126753484432,0.000450989058062663
"2021-06-04",0.00214230743298777,0.00211081882065915,0.00211262899960231,0.00211559225591191,0.00210817401992113
"2021-06-07",0.00078882158338757,0.000813543599687915,0.000813886650597315,0.000826899799579329,0.000826721826569536
"2021-06-08",0.00019812765651559,0.000197255123196446,0.000200995536292962,0.000202724048791425,0.000201881347442861
"2021-06-09",0.00067691255748387,0.000692463634330436,0.00069491804676283,0.000696063658480123,0.000697389667955948
"2021-06-10",0.000745241711398915,0.000736611209134178,0.000736255730368834,0.000738385189363417,0.000734669780120448
"2021-06-11",0.00106706915234516,0.00106072676808607,0.00106175774147311,0.00106218332065392,0.00104815108616739
"2021-06-14",3.67648907634064e-05,2.8309005035359e-05,2.96551156358717e-05,3.10107713954001e-05,2.96832247894465e-05
"2021-06-15",0.000725675461542877,0.000706332835309295,0.00070950847862108,0.000711380770232396,0.000716551902486852
"2021-06-16",0.00258318228886248,0.00260250378935823,0.00260276522054721,0.00260884529934556,0.00261851226276204
"2021-06-17",0.000282071217659855,0.00025710913214466,0.000257012530207546,0.000246799295078934,0.000247536140392576
"2021-06-18",0.00199150656014677,0.00197272153872033,0.00197361694534141,0.00195143271387182,0.00196420733469971
"2021-06-21",1.21748772070605e-06,3.2063730000502e-06,3.05193622761935e-06,2.51816003431172e-06,3.26646260288554e-06
"2021-06-22",5.37927140655848e-05,4.86677924281918e-05,4.89361241107749e-05,5.12508050366877e-05,4.9930562469278e-05
"2021-06-23",0.00352078124202025,0.00352270976915915,0.00352252875193726,0.00350894242969109,0.00350515978592493
"2021-06-24",0.00341368419531566,0.00347753233554295,0.00347749378363637,0.00345598234499999,0.00343499947347306
"2021-06-25",0.00408278009757324,0.00423982191001067,0.00423911103844665,0.00421349077708129,0.00419175250840336
"2021-06-28",0.00399694045651141,0.00400880281244596,0.00400849891178416,0.00398670151088134,0.00397205538090467
"2021-06-29",0.00230645702153827,0.00228260115970074,0.00228163663027642,0.00229177058490632,0.00228942623095595
"2021-06-30",0.00108582569409959,0.00107877421118694,0.00107996462007074,0.00108067344782968,0.00107699876256018
"2021-07-01",0.000898686099926779,0.000891241799106026,0.000891136825400121,0.000893223883890896,0.000889655869770713
"2021-07-02",0.00109515192841806,0.00112971161264836,0.00112992572001679,0.00112976962223027,0.00112580835803658
"2021-07-06",0.00155333010253449,0.00149162811030307,0.00149128880155724,0.00148277803686628,0.00148473533482316
"2021-07-07",0.00228794962183938,0.00225172137782387,0.00225146636693714,0.00224252908434669,0.00224297079011163
"2021-07-08",0.00655461289289074,0.00658099990501557,0.00658090442144168,0.00658288023494554,0.00657922649841696
"2021-07-09",0.000339042027218054,0.000346994964431404,0.000346625976400504,0.000347053169855053,0.000346229906973653
"2021-07-12",0.000718266694186328,0.000751603196008736,0.000751918662491682,0.000753418742580895,0.000750533215531737
"2021-07-13",0.00135870907405942,0.00135588024761712,0.00135636127018886,0.00135102248861659,0.00135644192432384
"2021-07-14",0.000449480466769735,0.00048834428004526,0.000491546384005222,0.00048510230884926,0.000481745933137647
"2021-07-15",0.000117769779076076,0.000119862120047152,0.000118445483900585,0.000115692571551651,0.000116510402136004
"2021-07-16",0.000421597911057993,0.000447565117414975,0.00044989555151617,0.000449049288281884,0.000449104936948678
"2021-07-19",0.0070124025796031,0.00700518632537497,0.00700823632586523,0.00699614928729085,0.0070001783013544
"2021-07-20",1.08896475893619e-07,1.56113936768157e-06,1.75577045413335e-06,1.79068083510848e-06,1.79462059839225e-06
"2021-07-21",0.000669621749478625,0.000684359251130728,0.000685981225919276,0.000680986021002303,0.000680072464570213
"2021-07-22",0.0018995721007547,0.00198466489978309,0.0019770224475837,0.00197045206810079,0.00197235205296725
"2021-07-23",0.00421215093548963,0.0041911836973571,0.00419221819884321,0.00418898001831526,0.00418789019854105
"2021-07-26",0.00439696015009541,0.00445653312082778,0.00446292086847253,0.00449659078915178,0.00449588257164509
"2021-07-27",4.4159997561452e-05,6.62646594095112e-05,6.51718664871623e-05,6.78124207603101e-05,6.78180608090783e-05
"2021-07-28",0.00735802023677383,0.00730823034237916,0.0072984145085236,0.00734511240800319,0.00734362979569133
"2021-07-29",0.00067476396512961,0.000717376435193499,0.000713908354758988,0.000714123535092615,0.00071370968210588
"2021-07-30",2.65217780454241e-06,2.9224283984667e-07,6.70723281983027e-07,4.1604525292856e-08,1.20910144766561e-07
"2021-08-02",3.256767668963e-05,3.32509211591685e-05,3.45572130714214e-05,3.1990035802881e-05,3.12768345466478e-05
"2021-08-03",0.000126816512688634,0.000122816801718804,0.000120362442355291,0.000127531218174363,0.000127866709331271
"2021-08-04",0.00314798990586031,0.00310984374963466,0.00308534878808688,0.003050358769788,0.00302871355172236
"2021-08-05",0.00186196410612317,0.0018272769879331,0.00181721880258561,0.00182599057147601,0.00183445144980992
"2021-08-06",0.00164421943300039,0.00164752540727825,0.00165483849888541,0.00164872438237117,0.00165259750535683
"2021-08-09",0.0020353245134647,0.00201353031601086,0.0020330451175646,0.00202723287644475,0.00203278441318782
"2021-08-10",0.000987632968434941,0.000986975330730204,0.00100234780960389,0.00102203418127719,0.00102276859775314
"2021-08-11",0.00125093049895551,0.00126410186278127,0.00134677549013257,0.00135530409216972,0.00134575571729677
"2021-08-12",0.000905126109561382,0.000901145816388295,0.000908146640388625,0.000901984007686864,0.000902837596210721
"2021-08-13",0.000772785316313161,0.000765143909010546,0.000774572634141615,0.000778247158574045,0.000780898686721727
"2021-08-16",0.00233276734203129,0.0023459862772718,0.00235791982892644,0.00233416615781117,0.00232857691511308
"2021-08-17",0.00246276303675396,0.00247871635510267,0.00247473225812796,0.00246815573711985,0.00246262156826379
"2021-08-18",0.000943199211487924,0.000963039600376031,0.000956035637504173,0.000962559642207726,0.000960856350556813
"2021-08-19",0.00418131726697349,0.00419511595646349,0.00418953694742748,0.00425546431818777,0.00424713423834494
"2021-08-20",1.02410365555217e-05,1.06719785227909e-05,1.23770957736289e-05,1.30454242284584e-05,1.14579792660474e-05
"2021-08-23",0.00244366121262811,0.00239378519113562,0.00235731185637273,0.00236561138654043,0.00237455775398629
"2021-08-24",0.00351190895370392,0.00354221523970737,0.00347094484920742,0.00346611499441625,0.00347589455146145
"2021-08-25",0.00434164334398818,0.00435337985955091,0.00429513735157691,0.00428244935198904,0.00427473821521241
"2021-08-26",0.00395065547155604,0.00402865277211182,0.00400044054352334,0.00400315904901735,0.00399642113450466
"2021-08-27",0.00189743372806883,0.00188957901410047,0.00194493518952324,0.00195054677418431,0.00195381506896649
"2021-08-30",1.28840475671544e-05,1.49492264307127e-05,1.34797751996481e-05,1.1980632317415e-05,1.14873396541141e-05
"2021-08-31",0.000347313705803735,0.000349288599514111,0.000364076490182574,0.000370823552341129,0.000369281248754346
"2021-09-01",0.000427511106673075,0.000428813468962796,0.000424769948263119,0.000420468174962965,0.000412884100354216
"2021-09-02",6.13294173582343e-06,5.19800961312919e-06,8.5656165698052e-06,7.41363077327661e-06,7.11266226676242e-06
"2021-09-03",0.000182217469037368,0.000169129827913785,0.00017498273891541,0.000176317151545296,0.000177826905189839
"2021-09-07",8.95494316743575e-05,7.49897228469755e-05,7.44308203666208e-05,7.93488038794631e-05,8.51776354425859e-05
"2021-09-08",4.22795720894583e-05,3.8842524437778e-05,3.42335097147413e-05,3.39634520006191e-05,3.5190154630524e-05
"2021-09-09",0.000392598514950061,0.00038618738000007,0.000389585175008125,0.000382836115793853,0.000382859099672839
"2021-09-10",0.0214461726072691,0.0215847365922122,0.021644910069126,0.0215614223514515,0.0215356842775789
"2021-09-13",0.00293338324715531,0.00296213427926503,0.00296374028366599,0.00292920035659738,0.00290015029319996
"2021-09-14",0.00167552264574147,0.00166344884518295,0.00164473222734979,0.00166306796902724,0.00166313998477683
"2021-09-15",1.49270609808641e-05,1.68471401292175e-05,1.60537922198013e-05,1.58048284533625e-05,1.68033273654133e-05
"2021-09-16",9.56552399870487e-05,9.13337407787748e-05,9.89367195256729e-05,0.000105627808487175,0.000108353415970231
"2021-09-17",0.00162973252298184,0.00153207381160431,0.0015060185623755,0.001443902818483,0.00149574600449132
"2021-09-20",0.00056055284285607,0.000552291031280698,0.000550957606696888,0.00056617393564212,0.000564937403436052
"2021-09-21",0.000232907421698811,0.000232145490034844,0.000225324173940779,0.00026556811678867,0.000272340029963651
"2021-09-22",2.01192222485543e-06,2.3561172702959e-06,2.02768419595657e-06,2.35004653704185e-06,2.63529979396693e-06
"2021-09-23",0.000784910035320292,0.000798255992723356,0.000811145009657799,0.000822350388096227,0.000829488917324774
"2021-09-24",0.00268541158467509,0.00266891419551303,0.00268383165254062,0.00269716831211239,0.00270606276127291
"2021-09-27",0.00182026911249107,0.00185074892752372,0.00185928546479953,0.00195563860563522,0.00194355799444981
"2021-09-28",0.000363459473210708,0.000362666012624681,0.000359341735675069,0.000339556526909659,0.000335475497423909
"2021-09-29",0.000115925758164325,0.000119862126694075,0.000122221837975662,0.000130997095174594,0.000133001319348332
"2021-09-30",0.000452328213223643,0.000454319593923623,0.000465006915717256,0.000479486488343071,0.000464220284892706
"2021-10-01",0.00303157252840689,0.00304675321868897,0.00303196532919916,0.00309008525480187,0.00306097368721494
"2021-10-04",0.00178804940692149,0.00186018294814098,0.00186655613915593,0.00184439579229826,0.00183980594757322
"2021-10-05",0.000753483619847416,0.000755775033626148,0.000759358960379696,0.000800036452963612,0.000779340191326125
"2021-10-06",0.0001146213044228,0.000116346212885742,0.00011454700260615,0.000110721737265433,0.000122427262604072
"2021-10-07",0.00348335678546682,0.00352533682618346,0.00352436148005669,0.0035653247921855,0.00355763932945717
"2021-10-08",0.00373954459940748,0.00376751773452874,0.00376663363313674,0.00379304475628278,0.0037940642908637
"2021-10-11",0.00463901725376756,0.00469291398932001,0.00470121563571885,0.00481698976368145,0.00481896288561598
"2021-10-12",0.000306674325545212,0.000303188837697974,0.000302372596373685,0.000299001685325561,0.000311010527007355
"2021-10-13",0.00130350504177714,0.00131719054489882,0.00130317224761075,0.00133908275414672,0.00133353079135122
"2021-10-14",0.00357855431498725,0.00357913585273248,0.00358561053040968,0.0035430966334197,0.00360211720730423
"2021-10-15",0.00264857928870383,0.00264429136497173,0.00263701020149926,0.00269425087327635,0.0027810811666573
"2021-10-18",0.000534362246675286,0.000534125662120708,0.000528471140665865,0.000541861543094123,0.000556435983372376
"2021-10-19",0.00224163336915712,0.00224825766538285,0.00224681291878948,0.00227708624693983,0.00228472591246173
"2021-10-20",0.0029285390674471,0.00292894094686454,0.00294158964873194,0.00307205016353355,0.00310418704085284
"2021-10-21",0.000943261017820054,0.000944145089780059,0.000950893557616361,0.000959357729362259,0.000965066206644122
"2021-10-22",0.000293493284968755,0.000293813129692517,0.000297888428228165,0.000291968632251676,0.000307648548474037
"2021-10-25",0.00110287513958078,0.00110090454366796,0.00110379445320631,0.00108482111965829,0.00112208294563844
"2021-10-26",1.32552926830973e-08,8.289792990681e-09,8.81190546534751e-09,3.63752051193854e-07,2.98545869358488e-08
"2021-10-27",7.49013701217995e-05,7.60108174144666e-05,7.78796852500685e-05,7.76669015304002e-05,8.44237484015764e-05
"2021-10-28",7.41002292097702e-05,7.43718648711831e-05,7.66188540596956e-05,6.63299812842736e-05,5.68286524428004e-05
"2021-11-01",8.76245995574304e-05,9.83777962047694e-05,0.000106430162880865,6.00104175022709e-05,4.79467108183496e-05
"2021-11-02",0.000112989265329909,0.0001151286001173,0.000113047554947155,0.000101916921302715,9.50246709878308e-05
"2021-11-03",0.000277823668602844,0.000278025183173567,0.000274769935468631,0.000291872126137032,0.000299507510442962
"2021-11-04",0.000161708099540587,0.000161597979403886,0.000164530885452498,0.000191999571836437,0.00017262160650345
"2021-11-05",0.000286329364281954,0.000286944362729122,0.000292012165875475,0.000323122720277289,0.000328751503862811
"2021-11-08",0.002479551557771,0.00247786042815642,0.00250204760010642,0.00241220964823693,0.00242953624896775
"2021-11-09",5.09941226636915e-06,4.53838935001346e-06,5.18490585156855e-06,3.4214753168901e-06,4.3935183768726e-06
"2021-11-10",0.000320862992163743,0.000321255136415336,0.000322031076732948,0.000322228724743396,0.000294609846484495
"2021-11-11",0.00295140635354128,0.00295139322062932,0.00295274642775767,0.0029370789068205,0.0030307648572068
"2021-11-12",0.00182130383686423,0.00182070028844682,0.00182028172802842,0.00191379869619234,0.00188570005697235
"2021-11-15",3.74005410030006e-05,3.74230397103157e-05,3.73092194333719e-05,4.76482641924116e-05,3.95177900472246e-05
"2021-11-16",0.00141348229805247,0.00141356353824594,0.00141228486694671,0.00137667535077936,0.00139566513533984
"2021-11-17",3.26543441178689e-05,3.33222367069983e-05,3.32071598738384e-05,3.24015923935402e-05,3.18103456103574e-05
"2021-11-18",0.0081116972907234,0.00811237010966187,0.00810740078479253,0.00804733342525362,0.00805458908658685
"2021-11-19",0.00262790330384931,0.00263247793430054,0.00262976340125596,0.00266782381809514,0.00265479421030889
"2021-11-22",0.00567544618879373,0.00567060938424895,0.00566322904374926,0.00572516879652134,0.00595577575050836
"2021-11-23",0.0118532811321662,0.0118469847619369,0.0118624810453216,0.0118202400069913,0.0119616818274123
"2021-11-24",0.00176817120342753,0.00176744410597712,0.00176787581103857,0.00164475032343169,0.0016603345598353
"2021-11-26",0.00162840781677292,0.00162289339339853,0.00162989799102478,0.00161973580237076,0.00170554630021168
"2021-11-29",0.00022116599084126,0.000221702726008454,0.000222224496737272,0.000213532212993837,0.000240107452711276
"2021-11-30",0.010925396950267,0.0109166797694462,0.0108990636218223,0.0108113820015544,0.0107890831558963
"2021-12-01",0.00539578286346318,0.00539379376890881,0.00539374789539034,0.00547621179195576,0.00548228084540555
"2021-12-02",0.0159671708758452,0.0159649519723464,0.0159899285325776,0.0160761070882085,0.0158581391481422
"2021-12-03",0.0126406589721084,0.0126946951255595,0.0126958639991161,0.0122994730978725,0.0122738003171846
"2021-12-06",0.00718182945371672,0.00718389344918331,0.00718386937177972,0.00661238683994619,0.00670028773281597
"2021-12-07",0.0029102906689666,0.00289903846485861,0.00288035231774931,0.0029477763321072,0.00287761072307603
"2021-12-08",8.12737095209776e-05,8.00139980621694e-05,7.98287060895526e-05,9.80411289383064e-05,8.35251262861027e-05
"2021-12-09",0.00231442291659248,0.0022970153491389,0.00229633651786774,0.00237107854387297,0.0021457492527948
"2021-12-10",0.00487245181257428,0.00475692765959844,0.00474291972963941,0.00469022383564919,0.00453903348080567
"2021-12-13",0.000355234506374982,0.000352445822310295,0.000340183290480036,0.000341850483751984,0.000347797581447849
"2021-12-14",0.00402043303636077,0.00407614791739406,0.00407094680885848,0.00415445503110345,0.00421738049842493
"2021-12-15",0.00842581214369754,0.00837758479750906,0.008373547420698,0.00868710702248061,0.00856375237347156
"2021-12-16",0.0067232723218394,0.00665961707576474,0.00667534946448618,0.00705329270757203,0.00704187535612674
"2021-12-17",0.0114217714054011,0.0113860248322039,0.0113840763647898,0.0113973159776854,0.0113188988074535
"2021-12-20",0.00121497745355222,0.00113273229684975,0.00113705630520332,0.00104703949275035,0.00102015644305889
"2021-12-21",0.0040772659645015,0.00409788458435028,0.00410224416532811,0.00395028066035096,0.0039532418890681
"2021-12-22",0.0112372661347417,0.0112392942782091,0.0112320055004073,0.0111547236458916,0.0110967312463115
"2021-12-23",0.0248701110005704,0.0250889224189381,0.025145207766885,0.0247713471304619,0.0248106156351533
"2021-12-28",0.0143832300205667,0.0143489804052913,0.0143313051769483,0.0143064434569753,0.0144326211095738
"2021-12-29",0.0183464458933689,0.01836852598697,0.0183234444124122,0.0183450953794968,0.0183828973212684
"2021-12-30",0.0113782809632507,0.011304264149257,0.0113063724329794,0.0108950731144425,0.0108387075442365
"2021-12-31",0.00519354430565621,0.0052451615965513,0.00524570659094981,0.00487656723640553,0.00483557967796764
"2022-01-03",3.62177950052663e-05,3.52035589918638e-05,3.48976346010493e-05,4.61470996347442e-05,4.53687885719147e-05
"2022-01-04",6.71521368901187e-07,8.75069294895641e-08,9.15290884146242e-08,4.6994794665343e-08,3.47684126852883e-07
"2022-01-05",0.00341006668542073,0.00327914136008283,0.00329010776800802,0.00334665980972715,0.00335422977115969
"2022-01-06",0.00968840758839298,0.00953760361949923,0.00954196819624128,0.00974973952641228,0.00978229958872701
"2022-01-07",0.00161933259301612,0.0015804242002639,0.00158311975041917,0.00159373293913958,0.00156171129171119
"2022-01-10",0.0172679103532161,0.0173573117669529,0.0173215738298189,0.0174437151581745,0.0175373020932084
"2022-01-11",0.00101775690192002,0.00103730076906811,0.00103936541307435,0.000964167358250105,0.000982839041043777
"2022-01-12",0.00076960690097114,0.000758374634632546,0.000763944282408878,0.000801105829431759,0.000777808743317859
"2022-01-13",0.000316613303064823,0.0003066254103343,0.00030398134047207,0.000340335965572882,0.000329999638355067
"2022-01-14",0.00030538438807833,0.000306620882305506,0.000308375542743394,0.000339027487107608,0.00033231395164847
"2022-01-18",0.000722173419343868,0.000732474467509462,0.00071789631227288,0.000798247237556688,0.000812109616311679
"2022-01-19",0.000230216870944008,0.000225991169925031,0.000223190711487522,0.000161770024621634,0.000165324586591653
"2022-01-20",3.70531801055221e-05,3.8860586611921e-05,3.64196124772619e-05,6.25878298401519e-05,5.8013479853469e-05
"2022-01-21",0.0123660418988077,0.0123739410366422,0.0124150668569026,0.0123254463035753,0.0124467213346359
"2022-01-24",0.0606464638619985,0.0607396425693267,0.0608588390099997,0.0592305513471466,0.0591752233951474
"2022-01-25",0.0259302460998846,0.0260526611541258,0.0261270909010725,0.025905193749368,0.0260124134472603
"2022-01-26",0.0326446316892447,0.0327716291082739,0.03282497465849,0.0328770711583123,0.0329392680985375
"2022-01-28",0.0161405706464945,0.0162558509685234,0.0162699673822297,0.0161005431496962,0.0161246938323518
"2022-01-31",0.00140402195285257,0.00136772827284598,0.00137115220411083,0.00141675879107308,0.00137156722962713
"2022-02-01",0.0101818229204403,0.00990985025759744,0.00998722016553414,0.0102392624097724,0.0100071490626064
"2022-02-02",0.0161073370039542,0.0157314184373626,0.0157247600339239,0.0186290514526801,0.0183540743782709
"2022-02-03",0.0154495030449098,0.0151621847832815,0.0151761138889476,0.0151469655663812,0.0143523427814706
"2022-02-04",0.010058109836047,0.0100065411443222,0.00995967409757441,0.00927377135320105,0.00889396732371114
"2022-02-07",0.00797234500571207,0.00796971663021425,0.00792312280985978,0.00761507611003014,0.0073672038821557
"2022-02-08",0.00767101172307201,0.00763801037795379,0.00759527686243428,0.00671102879393554,0.00664795071843756
"2022-02-09",0.011181618901777,0.0112163100295995,0.0112324906836745,0.0105625840233169,0.0104759838202455
"2022-02-10",0.000983583150166789,0.00080854874341763,0.000796500465807244,0.000589285884939233,0.000607137984877691
"2022-02-11",0.00189678591054953,0.00201358254064113,0.00201774171347971,0.00214096754980718,0.00211222573524523
"2022-02-14",0.00272532364122484,0.0027454677180384,0.00271835404846122,0.00297071179974963,0.00302181119606168
"2022-02-15",0.00381040797508677,0.00392710104186417,0.00377802435883867,0.00367028849573738,0.00369681545197552
"2022-02-16",4.14721727667169e-05,3.92154795076508e-05,3.00008506226759e-05,1.94640961016183e-05,2.49673324517546e-05
"2022-02-17",0.00475879442001934,0.00460354269033258,0.00459715810585018,0.00446507641884229,0.00435571726071968
"2022-02-18",0.00316659377307229,0.00306549264606668,0.00311922551728077,0.00317734606087305,0.00312899867742564
"2022-02-22",0.000167685548862599,0.000153433977708509,0.000156510004136378,0.000149985729836257,0.000147713329955715
"2022-02-23",0.000101275407788602,0.00011129764483124,0.000106898059193223,0.000111082871100069,0.000113403324635801
"2022-02-24",0.0328554817941179,0.0332031666341627,0.0332191577301773,0.0335319696019541,0.03353772896051
"2022-02-25",0.00221935965788307,0.00226434833089175,0.00223523036289005,0.00226267514454828,0.00226148993448555
"2022-02-28",0.00225079931415663,0.00236794711508311,0.00233298628797259,0.00239523981663858,0.00239753820329397
"2022-03-01",0.000927749617611499,0.00107371798568198,0.00105467922190273,0.00103954750518393,0.00104940465700582
"2022-03-02",4.35919416601292e-07,9.98522553521309e-10,1.86623761267624e-07,8.6506376239887e-08,4.23584794730531e-08
"2022-03-03",0.00703249334776157,0.00640467603149551,0.00643248106019522,0.00650100927165472,0.00648009433242776
"2022-03-04",0.000190107463225283,0.000129867839180644,0.000131781172860639,0.000124564242846364,0.000123379337558663
"2022-03-07",6.69167474701004e-05,8.80980196400995e-05,9.22571309111427e-05,0.000127335834424357,0.000125270648920153
"2022-03-08",0.015657293734116,0.0162371875377743,0.0161574866071623,0.01549003681181,0.015473148936045
"2022-03-09",6.0041648018121e-05,4.37520735500243e-05,4.82399566606669e-05,5.49199770759485e-05,5.19694308796316e-05
"2022-03-10",9.20289767721258e-05,5.62219345782826e-05,5.77452657109868e-05,3.20769463614124e-05,3.17491862396571e-05
"2022-03-11",0.000780731652970752,0.00068789266150722,0.000685738671047673,0.000703970783217717,0.000703360305592876
"2022-03-14",3.3022457941013e-06,9.47238802808143e-06,1.16627735239987e-05,1.26961252536607e-06,1.76785218133231e-06
"2022-03-15",0.00907568074467628,0.00893957156943685,0.00886743082267054,0.00977988947481223,0.00960835663710173
"2022-03-16",0.000412353814602809,0.000387296703070355,0.000398636198119304,0.000294088259776359,0.000305843120943282
"2022-03-17",0.00415158826961196,0.00430964133034941,0.00427605031313686,0.0044720343237098,0.00443816906018092
"2022-03-18",0.0045785860511896,0.00477760206927611,0.00479738435942484,0.00472797870895216,0.00471810067509799
"2022-03-21",0.00291532945127527,0.00322517988422127,0.00324675549266865,0.00354042478526591,0.00351816936629796
"2022-03-22",0.00807549608880459,0.00821032827291006,0.00819008627792698,0.00846629272370266,0.0084246511627546
"2022-03-23",0.00915970776916789,0.00889539322811803,0.0088894572703332,0.00903202353947222,0.00899596313932263
"2022-03-24",0.00209575909471735,0.00214620629406873,0.002170887203458,0.00249980675066662,0.00253900320700359
"2022-03-25",0.00198047843783105,0.00175453677519586,0.00178024079317724,0.00162399993885848,0.00164863097344609
"2022-03-28",0.00153894015150919,0.00161691888589793,0.00162315725670272,0.00154599020776013,0.0015033755272384
"2022-03-29",0.000878569738325927,0.00112737403038125,0.00115238242949123,0.00107057271231606,0.00103836598567558
"2022-03-30",0.00239310888955392,0.00281741202311407,0.00280324646071606,0.00278637843699823,0.00284507063413511
"2022-03-31",0.00213667792086182,0.00248785787182968,0.00250931981213239,0.0025186712054637,0.00261400764322435
"2022-04-01",0.000317155258716919,0.000396016983960189,0.000440745124487097,0.000326272823900121,0.000343606053688674
"2022-04-04",0.00412457523543243,0.0043259785364274,0.00444561835050971,0.00424095380295747,0.00428803543499804
"2022-04-05",0.00122861905762659,0.00124324811426282,0.00125694951174689,0.00125233508398573,0.00125159385750065
"2022-04-06",0.00253552325312996,0.00253034516237895,0.00252350256589327,0.00264290469182976,0.00266026274286054
"2022-04-07",0.000493909369468954,0.000442133858933315,0.000448726229242985,0.000483248867285008,0.000475947527013736
"2022-04-08",0.000237455667792886,0.000278625509277855,0.000292798247370958,0.000270028582485047,0.000284681165806757
"2022-04-11",1.92921434761387e-05,1.30592980365058e-05,1.24383930183149e-05,1.3780443598358e-05,1.35793488619481e-05
"2022-04-12",0.00144600464471637,0.00139426489440689,0.00139764653335413,0.00132780958321341,0.00134355697752975
"2022-04-13",0.00325308037813617,0.00330939285192885,0.00330662941780935,0.00342876519544082,0.00342163893684873
"2022-04-14",0.0022013331991546,0.00227027897954781,0.00229712443721862,0.00243656176620519,0.00244797975129495
"2022-04-18",5.55975043653606e-06,9.2521241172729e-06,9.63195904702774e-06,9.92731622077428e-06,1.06127544044803e-05
"2022-04-19",0.000333506615371478,0.000361240531956899,0.00033893893903706,0.000410965417247252,0.000403313959581308
"2022-04-20",0.000492130703884643,0.000555948915216855,0.000552609325302553,0.000612933180031502,0.000611569238357452
"2022-04-21",0.00104474713237488,0.000976151052449876,0.000971435803064275,0.000937715808997351,0.000942459488802842
"2022-04-22",0.00236391708289671,0.00240750293035211,0.00239608543092162,0.00226978384137207,0.00225435019330865
"2022-04-25",0.0182631614862214,0.0178771136381479,0.0177703504712917,0.0173888705330751,0.0173054282061037
"2022-04-26",0.00368876158571096,0.0035644978672227,0.0035476450337275,0.00368102402515323,0.00364830247105384
"2022-04-27",0.0166215274653595,0.0165054678305839,0.0163881202079451,0.0166873035556318,0.0167229902973141
"2022-04-28",0.00610701677400058,0.00600637363934266,0.00593505169555356,0.00595922202646285,0.00595326120161126
"2022-04-29",0.0109004532362849,0.0106648977123371,0.0107324567104055,0.00985196040389218,0.00982367469850206
"2022-05-02",0.0103322441396692,0.0106046434082297,0.0107228471179216,0.0108720941028167,0.0108675641474749
"2022-05-03",0.00724478502905574,0.00755239569548201,0.00752707994224837,0.00760441732886095,0.00760634367447387
"2022-05-04",0.015732850252658,0.0165157944368634,0.0167476357713961,0.016916753783477,0.0173150246926498
"2022-05-05",0.00682783181235164,0.00709283894573156,0.00766047696962685,0.0083191912997382,0.00834817997353827
"2022-05-06",0.0210358461752024,0.0241868457506423,0.0243414312965581,0.027079370108567,0.0269543457975605
"2022-05-09",0.00123392952368865,0.0019765868763831,0.00203508992445572,0.00225798869343693,0.00228809994751211
"2022-05-10",0.0008258020699651,0.000963327326801605,0.000982389968463726,0.000866862846731048,0.000854964645885275
"2022-05-11",0.000798148857172477,0.000967819058918345,0.00092171827987256,0.00107521398466336,0.0011192215550454
"2022-05-12",0.0254387144460394,0.0271519841994854,0.027265803490938,0.0277268915813767,0.0277898951533071
"2022-05-13",0.0146578821471098,0.0136304123902477,0.0134350016298605,0.0129024864200265,0.0128625126659959
"2022-05-16",0.00395818459448032,0.0035021384002714,0.00334855223079089,0.00311091275144822,0.0030177920895598
"2022-05-18",0.0102983028414228,0.00964438315237132,0.0095532877281906,0.00987200240468027,0.00947716046034712
"2022-05-19",6.11845695815288e-06,1.75151067847322e-06,4.34614526414842e-06,1.04014670011121e-05,1.76862544870244e-05
"2022-05-20",0.00369622232746701,0.00344060827533146,0.00350770533326254,0.00376172812701736,0.00352697258498458
"2022-05-23",0.000285364543143199,0.000287747412327829,0.00028384650459378,0.000308208371285646,0.000398249631648994
"2022-05-24",1.50848127370128e-05,4.82849927926075e-05,4.8074596930387e-05,7.08898531949688e-05,3.91643477864652e-05
"2022-05-25",0.00127487091991097,0.00117216859128199,0.00117778227959309,0.00116001790115841,0.00118140920580045
"2022-05-26",0.0136519007832738,0.0134823845886164,0.0135435738675392,0.0137535194735891,0.0136931890460409
"2022-05-27",0.0306546913932955,0.0304294783534763,0.0305485929678769,0.0303001351959788,0.0301949485507955
"2022-05-31",0.00643973127918269,0.00679141947047658,0.00684830772392252,0.00684718251504533,0.00678961415723607
"2022-06-01",0.00617359337985883,0.00642424964278429,0.00645238743621464,0.00662856306262684,0.0066059494012937
"2022-06-02",0.0126511835720585,0.012960713133608,0.0129774521689733,0.0130474378258428,0.0130580945236072
"2022-06-03",0.00202174911047056,0.0022460657273787,0.0022633002743055,0.00203636846312004,0.00205221851447029
"2022-06-06",0.000646708278407304,0.000799036844104773,0.000790684699375592,0.000687583711876566,0.000705339039459567
"2022-06-07",0.00546717992432704,0.00564731990448933,0.00565122609950596,0.00568228661574925,0.00565512483981058
"2022-06-08",0.0087539617863927,0.00893148640762109,0.00890898392624178,0.00893134661593217,0.00890250986856561
"2022-06-09",0.00367955382986692,0.00363379006535396,0.00360281912469963,0.00356209436580691,0.00354138503865029
"2022-06-10",6.25889940603895e-05,4.31325143407322e-05,4.4142922288758e-05,2.6705265486987e-05,2.49393693064788e-05
"2022-06-13",0.00706713735445606,0.00641031141171605,0.00641721923260092,0.00649362090233349,0.00648969799864738
"2022-06-14",0.00219035760680933,0.00205096708249577,0.00204395398591326,0.00224188944997363,0.00223602295264866
"2022-06-15",0.0418734733264291,0.0411328733182453,0.0411089594171233,0.0413260029119747,0.0412996652238162
"2022-06-16",0.00600891401343508,0.00596765713720944,0.00595263455848246,0.00589545419539677,0.00585441978106714
"2022-06-17",0.00242744911475416,0.0026845603819915,0.00268366589684157,0.00251306369492039,0.00253464362026832
"2022-06-21",0.006223685074737,0.00592254220443563,0.00591636832427762,0.00640303311054277,0.00638558706937851
"2022-06-22",0.000463296290583661,0.000356061046814053,0.000359738227144693,0.000370248307681744,0.000343179299504808
"2022-06-23",0.00615035994932636,0.00548300993484735,0.00547827177729325,0.00596410536108345,0.00592085681071348
"2022-06-24",0.0184674298086736,0.0180999691644489,0.0181040053298169,0.0184513893167313,0.0184293993630185
"2022-06-27",0.00907186179447209,0.0086113804561766,0.00858681640118254,0.00876067273014266,0.00876856711168491
"2022-06-28",0.00238746899283565,0.00252138437668018,0.00251985658279571,0.00259531795837528,0.00259781426287226
"2022-06-29",0.000726322229898914,0.000747637896590599,0.00075158173051538,0.000757594317862108,0.000758033803943098
"2022-06-30",4.72824954007411e-05,2.52748314236967e-05,2.67718123065566e-05,2.39657164255989e-05,2.40739443845065e-05
"2022-07-01",0.000414829380092173,0.000417787870202219,0.000417090989959535,0.000379464627006526,0.000378754945854026
"2022-07-05",0.00046460674838599,0.000483311012622636,0.000482585969241343,0.000416284414061866,0.000414836303067641
"2022-07-06",0.0012399730133002,0.00134291941346649,0.00134415549126995,0.00143291228576674,0.00143615761726881
"2022-07-07",0.00934335726415718,0.00913263866560943,0.00914786363341642,0.00890271454883013,0.00890083407577703
"2022-07-08",0.00894369224323202,0.00876631325840191,0.00877887654924605,0.00881508631812752,0.00881942394782237
"2022-07-11",0.00774115194844739,0.00762182221079113,0.00763755592085059,0.00769175565693672,0.0076783600920803
"2022-07-12",0.0022567820531421,0.00205510843141673,0.0020741146784084,0.00189289163270832,0.00188185117732651
"2022-07-13",7.28600815700872e-05,0.000101927004593772,9.88576702909793e-05,0.000120877533212357,0.000121302074794205
"2022-07-14",0.000702373757034405,0.000932326313202501,0.000930488395221989,0.00104299209919383,0.00104180792384358
"2022-07-15",3.35034520358646e-05,2.55082113637453e-05,3.0386615800622e-05,2.14787562057313e-05,2.1506809648329e-05
"2022-07-18",2.43606046499743e-05,1.19327846590077e-05,1.23439778436614e-05,4.60843597831102e-06,4.71581755457454e-06
"2022-07-19",0.00362434449619347,0.0037503627677315,0.00374646087839912,0.00397034902489246,0.00396039280480789
"2022-07-20",0.00683055090044899,0.00646602848283326,0.00649542336091516,0.00665963946255899,0.00665924550466998
"2022-07-21",0.00203860133229954,0.00202386667186133,0.002030647097718,0.00221371581317427,0.00221692372781586
"2022-07-22",0.002144913724727,0.00209897765548622,0.00210021629172835,0.00208728128555044,0.00208725943765203
"2022-07-25",0.00148177848950126,0.00162598658445301,0.00164146533496058,0.00181062697704299,0.00180493695423557
"2022-07-26",0.002096639037675,0.0022138588446023,0.00221924722947453,0.00218465218853086,0.00217656758852687
"2022-07-27",0.000213385976979388,0.000200410152752583,0.000204026708294438,0.000211315014170965,0.000212335462478563
"2022-07-28",0.00118301297491258,0.00120809694028562,0.00123078343350998,0.0013667204206503,0.00136956358767785
"2022-07-29",0.000548482479416811,0.000512651389705766,0.000513570040289105,0.000829458483836295,0.000830450309001017
"2022-08-01",0.00196190949606673,0.00198339804133067,0.00199429597495747,0.00209710339789631,0.00209574787675316
"2022-08-02",9.44666071868338e-05,5.65865305954244e-05,5.72042615119523e-05,2.39219081285452e-05,2.39952566057232e-05
"2022-08-03",0.00345609076983929,0.00326654566701877,0.00327314723226205,0.00332964741265679,0.00324485661479905
"2022-08-04",0.00235895525917525,0.00204583726060704,0.00204851171486577,0.00179160887425001,0.00177275971513177
"2022-08-05",0.00342211271750275,0.00333585814131682,0.00334483907541675,0.00334622821181868,0.00335296402390735
"2022-08-08",0.000678153243380487,0.000537022733662663,0.000543866718855925,0.000451105788987845,0.00044264013239768
"2022-08-09",0.00161273336424652,0.00146836324460181,0.00147709925054941,0.00122253186219755,0.00122971394359693
"2022-08-10",0.00146036811484573,0.00145340264306097,0.00145130309212142,0.00132100185197394,0.00132522824305735
"2022-08-11",0.00150190754649624,0.00167213035048749,0.00166268351058186,0.00175980335312302,0.00176453779348211
"2022-08-12",0.00320595530850535,0.00325565557598216,0.00323817818556907,0.00316574697918525,0.00318391566007208
"2022-08-15",0.00606847031611816,0.00623883267638601,0.00627479378824044,0.00632457872887861,0.00630784902347965
"2022-08-16",0.00426549196030196,0.004504511597857,0.00450039503288936,0.00444401265969512,0.00449617680374905
"2022-08-17",1.36760739398695e-05,1.52682882949675e-05,1.53924103435898e-05,2.16434358613446e-05,2.30783939088835e-05
"2022-08-18",0.00137317319529132,0.00140567851517452,0.00140517403072917,0.00134732134668077,0.00135446848999044
"2022-08-19",0.00100761835356131,0.00116805436162274,0.00116874811427975,0.00117080475045985,0.00118228786534909
"2022-08-22",2.44516400525276e-05,2.59827869654125e-05,2.60674078351236e-05,2.15319021066858e-05,2.22096247343196e-05
"2022-08-23",0.000101564965475496,8.96118488696039e-05,9.04448042956482e-05,0.000101226945060624,0.000100226989278606
"2022-08-24",0.00137108362181614,0.0014020932910865,0.00139514056463638,0.00134157565427233,0.00134094167960215
"2022-08-25",0.0011336952821128,0.00124642926105664,0.00123841920068347,0.00112675097840859,0.001135253434184
"2022-08-26",0.00536067099090458,0.00535431278533854,0.00535371034534861,0.00546843348763786,0.00542977798112813
"2022-08-29",0.00170378188936004,0.0015787351476316,0.00158138520866895,0.00157945799587541,0.00157275465600162
"2022-08-30",0.0028167086896634,0.00274025808098286,0.0027427505521769,0.00279979218821364,0.00280363463611532
"2022-08-31",0.00582216511486134,0.00552316208334831,0.00553529591462115,0.00554552664481456,0.00555411203683348
"2022-09-01",0.00493415781406727,0.00478022790598148,0.00479829093246881,0.00500348619185535,0.00499979507722961
"2022-09-02",0.00152152708650671,0.00160422859437012,0.00161336488195849,0.00153346976198233,0.00151916314124124
"2022-09-06",0.00282124314600902,0.00277712059587711,0.00277972972027467,0.0027619879958302,0.00274164150417689
"2022-09-08",0.0015721321785483,0.0015658929589801,0.00157033005449161,0.00158535131315227,0.00158786567127328
"2022-09-09",0.00417057663786906,0.00416432421475557,0.00416508987395471,0.00417014394554548,0.00417570656316554
"2022-09-12",0.00252905120407183,0.00241193510477297,0.00239532527691899,0.0023878955155781,0.00236543699242583
"2022-09-13",0.000101979950890794,7.07710709425734e-05,7.05264029498749e-05,7.39667068418774e-05,7.46259138646606e-05
"2022-09-14",0.000233083886342099,0.00020562811213285,0.000203742991305288,0.000238921955755843,0.000236330549465476
"2022-09-15",0.00127247560649897,0.00119242850379968,0.00118911174774164,0.00124214228939023,0.00123568848317689
"2022-09-16",0.00346241374976006,0.00362483231490723,0.00363026274421082,0.00368575228584495,0.00368249271383619
"2022-09-19",0.000133973190143632,0.000112312979678011,0.000137193033272207,0.000123806361018848,0.000123631000002699
"2022-09-20",0.000724942318691897,0.00075306332255818,0.000763023756644595,0.000768265884773639,0.000764721168104323
"2022-09-21",0.0256239236322062,0.0258422626177224,0.0257879181422415,0.0257345763634452,0.025738112615436
"2022-09-22",0.0017525733467904,0.00180800179659489,0.00180460843710305,0.00173595419826575,0.00174366216445816
"2022-09-23",1.91365550940809e-05,3.37819507732521e-05,3.07891759697242e-05,2.31970257778169e-05,2.09112337519211e-05
"2022-09-26",0.00279842397027113,0.00262659755446072,0.00262377429982911,0.00254373485479323,0.00253756946820116
"2022-09-27",0.000728505379271483,0.000645671503970825,0.000636924256435374,0.000616461003546845,0.00061556712759755
"2022-09-28",8.12828813906222e-05,0.000119377527645538,0.00012250523888531,0.000106066639213255,0.000111081138139739
"2022-09-29",5.86727879784497e-05,7.19886359144672e-05,7.17037214065272e-05,8.28167926176864e-05,8.43696154023358e-05
"2022-09-30",0.00067999029356988,0.000761521998024521,0.000764268522243888,0.000751613772107541,0.000748888020303138
"2022-10-04",0.0037477333176535,0.0035394073527471,0.00353177213439558,0.00364068909578017,0.00366634116680868
"2022-10-05",0.00208729535606098,0.00188786286713066,0.00189440301896348,0.00192610900926836,0.00194103062550311
"2022-10-06",0.00323319646016917,0.0032097749668142,0.00322406281592239,0.00321896910799332,0.00326247265482635
"2022-10-07",0.00394085461263264,0.00389420489372809,0.00390669090172605,0.00389137820986378,0.00389291965402853
"2022-10-10",0.000504288552458839,0.000421552656640413,0.000414541889265357,0.000417917821332357,0.000418837209384355
"2022-10-11",0.000424501726474477,0.00050304702280752,0.000512559695076925,0.000596220031330649,0.000598305123717382
"2022-10-12",0.000214654902539935,0.000258194642199065,0.000256998075968092,0.000287908590311026,0.000287158831114814
"2022-10-13",0.0238730598053346,0.024191383061247,0.0241538530369267,0.024362359628633,0.0243535874090998
"2022-10-14",0.00861235560823881,0.00859484290380823,0.00858242005297907,0.0087036944438224,0.00871536625091397
"2022-10-17",0.00130816992695282,0.00133493694090773,0.00134320846980672,0.00141407208218547,0.00141308188555243
"2022-10-18",0.0106927535793388,0.0109243105239014,0.0111231668832615,0.0114360274118399,0.0114124175422729
"2022-10-19",4.24595036236536e-05,4.85945773461778e-05,5.18251336419759e-05,5.49218004563777e-05,5.29524854787819e-05
"2022-10-20",0.00533912054507193,0.00486738541556402,0.00485938624731218,0.00514188784640342,0.00514430936624109
"2022-10-21",0.000825305746920533,0.000632858137977082,0.000623622305721847,0.00069847788789796,0.000697303132086502
"2022-10-24",4.31425246131991e-05,6.07739608979334e-05,5.69757793576751e-05,5.67858997284958e-05,5.61767287040926e-05
"2022-10-25",0.014770015709807,0.0154938294400738,0.015651060266451,0.016196813215052,0.0160454941671346
"2022-10-26",0.00181999424540553,0.00207330374826947,0.00207560627616389,0.00230445543506242,0.00230536104084054
"2022-10-27",1.83041139949925e-05,1.0656116140654e-05,1.03548399912925e-05,1.39780384362106e-05,1.28668568693969e-05
"2022-10-28",0.00336008505142417,0.00353260071004057,0.00353370027224086,0.00276454687634844,0.00284288011069836
"2022-10-31",0.000164626690657041,0.000127254752384588,0.000124868846742153,0.000154340742014825,0.00014975083715831
"2022-11-01",0.000392489266022244,0.000409264282548517,0.000415109507488044,0.000542634580573437,0.000555483677251126
"2022-11-02",0.0702061776316144,0.0708107357952438,0.0708438804684577,0.0716968068204555,0.0716375712420262
"2022-11-03",7.56715302069528e-05,0.000175815161395381,0.000172653150716412,0.000327610119520171,0.00032545472554384
"2022-11-04",0.00729795184317686,0.00719214589545949,0.00721723212489757,0.00809035484572486,0.0081557112677078
"2022-11-07",3.3456807664872e-06,4.83825771050235e-06,4.66463855564592e-06,3.87804056103425e-06,5.55489730850567e-06
"2022-11-08",0.000155461432605254,0.000181736323292623,0.000183227995635265,0.000165563667967725,0.000161586268114321
"2022-11-09",0.0143409607402141,0.0143687775858642,0.0144412103073278,0.0144425845198901,0.0146496753794478
"2022-11-10",0.000935296627182846,0.000881090004504129,0.000881240607695207,0.000860816635312698,0.00090843800771884
"2022-11-11",0.00232274212804353,0.00235422233324926,0.00232948529229316,0.00215041545605693,0.00209960281891727
"2022-11-14",0.00523089773987615,0.00561143455898857,0.00562452995100711,0.00517225922071061,0.00519298220925415
"2022-11-15",0.00101869910685077,0.00088690171088313,0.000985025276284898,0.00112906488459532,0.00119211169488863
"2022-11-16",0.000788677330643126,0.000881303404777295,0.000826427317878689,0.000830104038642857,0.000813777297401376
"2022-11-17",0.00261051261621326,0.00258510778078354,0.002537376115504,0.00256406407701914,0.0025282042697812
"2022-11-18",0.00399519806938013,0.0040156863931331,0.00387590442887134,0.0036173024964405,0.00352267238178696
"2022-11-21",0.00503039970473255,0.00521111416333874,0.00518952137976454,0.00497684963924643,0.00476574440523857
"2022-11-22",0.0154353615103722,0.0156321431895427,0.0155583957727041,0.0157881516231075,0.0155479530938146
"2022-11-23",0.00475531519605422,0.00491688045062742,0.00484882172548592,0.00483792402098562,0.00462205921489237
"2022-11-25",0.0141517286870186,0.014749336125904,0.0148027876544917,0.0140541675061339,0.0140197880890645
"2022-11-28",0.00311085406766996,0.00313391128901161,0.00310836261642672,0.00289668347009711,0.00288566596752954
"2022-11-29",0.000170571824561085,0.000143054259050734,0.000139736478221308,0.000198457352380017,0.000212127940829217
"2022-11-30",0.00692768339919842,0.00667442489231707,0.00683291420260749,0.00724601701043334,0.00730950846445364
"2022-12-01",2.53775051675377e-05,8.49487737271857e-06,8.16080302723474e-06,2.58636526609279e-06,5.22768786952661e-06
"2022-12-02",5.4469207615151e-06,1.02010957150109e-05,7.44590837737369e-06,4.04122422126676e-05,4.71571905975923e-05
"2022-12-06",1.39781732788122e-05,9.07461864427273e-06,7.4193390292005e-06,9.12709170061049e-06,1.33082822295843e-05
"2022-12-07",0.000366224923727156,0.000301108978744836,0.00025664547954468,0.000336513482185916,0.000350809659652661
"2022-12-08",0.00220482689823946,0.00228010379701167,0.00224371934951003,0.00229349836035469,0.00225468594258742
"2022-12-09",0.000315903770397445,0.000328729456819026,0.000373031404876231,0.000327676820232673,0.000331864458585327
"2022-12-12",0.000510281032533293,0.000481840680184599,0.000478676075609556,0.000500634393800522,0.000520157500334646
"2022-12-13",0.0128646935217414,0.0128394252546126,0.0127472617169419,0.0119126514424687,0.0118936937646397
"2022-12-14",0.0311991492805542,0.030752476048863,0.0305282422980949,0.0307438487433684,0.0307216011576381
"2022-12-15",6.80050409043724e-05,4.61141381609172e-05,3.6924261050557e-05,5.28202164107182e-05,5.17029923297085e-05
"2022-12-16",0.000561958288965968,0.000456490692362904,0.000413746188891469,0.00044347670397355,0.000445344150038882
"2022-12-19",0.000451305228642062,0.00054417648934745,0.000491243899353717,0.000406683546830823,0.000402351061259799
"2022-12-20",0.000145631432779287,0.000130001334060754,0.000122635254116791,0.000157547695450729,0.000158260569804777
"2022-12-21",0.0109668921667302,0.0107146296684701,0.0106933185753894,0.0109588708774744,0.0109763661980692
"2022-12-22",0.000917239519717238,0.000879549559702778,0.000901879723528956,0.00112818184182596,0.00110509888271793
"2022-12-23",0.00010341085002329,0.000115372549006503,0.000115725126519741,0.000133748119676635,0.000142571329837835
"2022-12-27",0.00117755017903904,0.00119092348437395,0.00120818549138542,0.00114150920582078,0.0011449498127528
"2022-12-29",0.00203383656891685,0.0021236287663335,0.00217260613981874,0.00211236755951673,0.0020928436704634
"2022-12-30",0.000428891644672653,0.000501944933807591,0.000519957747712001,0.000438446192720161,0.000433672214608399
"2023-01-03",0.00154403247918442,0.00151483771221175,0.00149909913094129,0.0015133000119686,0.00153678742222529
"2023-01-04",0.00580454687427959,0.00565749476539815,0.00556821432106704,0.00574747158521128,0.00577902280660178
"2023-01-05",0.000571498585188048,0.000529258741001087,0.000512391928680155,0.000586343513597595,0.000592103258644777
"2023-01-06",0.00342751372446379,0.00325102675833839,0.00317368536420233,0.00353292987174029,0.00354073336035001
"2023-01-09",0.000221807633062479,0.000257643102772759,0.000273118731751895,0.00022955535549424,0.000217451604102484
"2023-01-10",0.000140931174230821,0.000145853839970071,0.000146091919795374,0.000170216819649084,0.000168380427804949
"2023-01-11",0.00752350801686838,0.00725069920715001,0.00727606422425075,0.00638568197699651,0.00634611545734139
"2023-01-12",0.00110612418518005,0.00114760240261142,0.00115394768261403,0.00106234219697738,0.00108743591581011
"2023-01-17",0.00360820485111046,0.00357898004143916,0.00358183870830476,0.00356255301664718,0.00355772894119912
"2023-01-18",0.000357118837239224,0.000350648749489469,0.000348963966379905,0.000336466781139164,0.000338017143789046
"2023-01-19",0.0007649866732686,0.000781178844439851,0.000782497341482828,0.000677142456735341,0.000683032195586336
"2023-01-20",0.000670492078746172,0.000710984461752102,0.000710932912252497,0.000561102848298316,0.0005669822955425
"2023-01-23",0.00121078910234147,0.00124121472905593,0.00123901960576592,0.00143093307451886,0.00141287437845939
"2023-01-24",0.00213135699300074,0.00215227957761899,0.0021416216571422,0.00205890003281413,0.00202141472072795
"2023-01-25",6.24873295488645e-05,6.16569486040354e-05,6.12869399339761e-05,4.70996306926266e-05,4.47694728457179e-05
"2023-01-26",0.00218092713108366,0.00219566514712599,0.00219560787380904,0.00282298148803257,0.002814807991047
"2023-01-27",0.00229461252494325,0.00230805889524181,0.00230804290517802,0.00236922267749491,0.0023509307500151
"2023-01-30",0.000970070139591041,0.00101343952711121,0.00101682432106182,0.000931305009779893,0.000918611964550649
"2023-01-31",0.000538049746756195,0.000524003796202161,0.000526481729257429,0.000535410124169804,0.000535549913327414
"2023-02-01",0.00998289260332471,0.00995674836633929,0.00995451454449194,0.0100142464488088,0.0100061747806548
"2023-02-02",0.00100329101810772,0.0010040593078895,0.00100376136150907,0.000913254622744677,0.000915752956253882
"2023-02-03",0.0416177258026473,0.0415969866317997,0.0416023100553829,0.0370476877474599,0.0371051375278218
"2023-02-06",0.000742960363423142,0.000743847915087497,0.000740488105500154,0.00043070342940948,0.000428364232981777
"2023-02-07",0.00776542954120441,0.0077560674947184,0.00776662322374469,0.00782490172060632,0.00783746785441951
"2023-02-08",0.0014527510675249,0.00143986589051705,0.00143588977422424,0.00135446165442096,0.0013620949989232
"2023-02-09",0.000853619039074324,0.000839981094235543,0.000860080776830004,0.000561740593739153,0.00059104324219912
"2023-02-10",0.00619151103245882,0.00619829976267771,0.00619216553189996,0.00524168072914797,0.00528691864258665
"2023-02-13",0.0085058599991566,0.00832920646531232,0.00816629731724855,0.00763067581286835,0.00753570209630464
"2023-02-14",0.000481077734365436,0.000478955379220578,0.00045619562790879,0.000322884068910129,0.000321689559382672
"2023-02-15",0.000260652418522976,0.000264536524039507,0.000255809026150984,0.00021280960667839,0.00022034020107481
"2023-02-16",0.00127276146382489,0.00126963938793706,0.00133198575786542,0.00112623365031037,0.00112681097308153
"2023-02-17",0.00372149153421034,0.00368759102399278,0.00367159231977034,0.003469355236491,0.00346822584407485
"2023-02-21",0.00271265680520997,0.00271192735181305,0.00278410634976998,0.00262901977519519,0.00262805205278062
"2023-02-22",0.000395229633938952,0.000429359563255283,0.000441044727711792,0.000397374068977206,0.000390875177564717
"2023-02-23",0.00465712220830755,0.00458162378699007,0.00467833484688197,0.00427415792713626,0.00428914957454944
"2023-02-24",0.00303093273504038,0.00301529834131213,0.00305592964960789,0.00299696094925755,0.00300569580943711
"2023-02-27",0.00399609121522781,0.00400181527607803,0.00394349312640399,0.00381642152919005,0.00382090672074462
"2023-02-28",0.00378701037384377,0.00389727064927054,0.00388679371291805,0.00360657771391777,0.00360588005710376
"2023-03-01",0.00224899214264116,0.00221961835992647,0.00222097185281064,0.00224066536111839,0.00223772643722003
"2023-03-02",0.00202446738036001,0.00199936250319205,0.00200326276385635,0.00211488809177736,0.00211267704406177
"2023-03-03",0.000997447525115753,0.00102107505702412,0.00102796335786288,0.00109019339527486,0.00107617207233356
"2023-03-06",7.05334242464715e-05,6.44705534893979e-05,6.9481611043016e-05,8.146334786434e-05,7.91993343440921e-05
"2023-03-07",0.000330298737587524,0.00032475181476714,0.00031575661933297,0.000335684098516228,0.00033451919183425
"2023-03-08",1.36647673362179e-08,1.37509515572051e-06,1.55651866626086e-06,2.38005178253171e-06,2.45593538052396e-06
"2023-03-09",1.83366839111712e-05,1.49259691271987e-05,1.23865968161134e-05,1.4432155751947e-05,1.4414036395894e-05
"2023-03-10",0.00693828370087171,0.00701374398127086,0.00698222542699465,0.0070430326445164,0.00704619286789829
"2023-03-13",0.00355274692575575,0.00374241582497121,0.00371460051201822,0.00379259431510302,0.0038069530385123
"2023-03-14",0.000977985118976041,0.000991872876107361,0.000986074593683877,0.000939624478648631,0.00095100188603283
"2023-03-15",0.00791173485220086,0.00800558955976968,0.00801800516250231,0.0081282286053997,0.00814897153097283
"2023-03-16",0.000499864522010901,0.000505723509977089,0.000492636879750679,0.000290647739802591,0.000289135036811124
"2023-03-17",1.60641544962881e-06,2.72954362699914e-07,7.01111893599076e-07,4.59040499416562e-05,4.41774709092765e-05
"2023-03-20",0.00137554321723284,0.0013475829359997,0.00136758733389891,0.0026223079771988,0.00273565574215931
"2023-03-21",0.00579412594065845,0.00595244589328424,0.00589145697684498,0.00665864236560371,0.00667722854910438
"2023-03-22",1.46305469405827e-05,6.93595971025977e-06,9.923521559231e-06,2.11701187462528e-09,3.39256856770846e-08
"2023-03-23",7.89844115507944e-06,9.94751497043883e-06,7.90830808986375e-06,2.41403265403418e-05,2.49443890559854e-05
"2023-03-24",0.000606199145615079,0.000632000943903892,0.000616669506711022,0.000661949460765473,0.000656315963142796
"2023-03-27",0.00443069389695045,0.00447769053341251,0.00448763289326835,0.00452802398440808,0.00451296926108305
"2023-03-28",0.004300761376542,0.00427169366490767,0.00428106146521512,0.00424170225154133,0.00423427961095821
"2023-03-29",0.0108537209303003,0.0108790896867279,0.0109159210213616,0.0108127377868788,0.0108100518046385
"2023-03-30",0.012887775786717,0.0129347871767818,0.0129562800324505,0.0126983833906797,0.0127079288885166
"2023-03-31",0.012026230108667,0.0121391958380173,0.0121699026936689,0.0121028901684776,0.012068513025986
"2023-04-03",0.005746172284722,0.00573177810563953,0.00573426104900101,0.00605229306324767,0.00601849429545895
"2023-04-04",0.00326829430171564,0.00320349559678666,0.00330567000534383,0.00354103040871543,0.0035515092381791
"2023-04-05",0.00102525812322684,0.00098370647984272,0.00102377974848543,0.00115606336415934,0.00115029738486167
"2023-04-06",0.00101883993905125,0.000999473289471035,0.00103257441649547,0.0011267154710961,0.00112468938367064
"2023-04-10",0.000156178052525744,0.000156640577905446,0.000169921830052327,0.000168143336368434,0.000168739542657964
"2023-04-11",0.00158893993097954,0.0016192584667432,0.00167567493130272,0.00160052882050478,0.00159017812888806
"2023-04-12",3.15439605597704e-05,2.78386977061876e-05,2.65554646879749e-05,1.65725058335068e-05,1.81804138066595e-05
"2023-04-13",0.000600140910244993,0.00060739385225543,0.000599302123804819,0.00066160373544385,0.000664529083617621
"2023-04-14",9.70720584041804e-06,9.14403932592099e-06,1.02878805045755e-05,4.25948056496382e-06,3.51034878688148e-06
"2023-04-17",0.000858874685242865,0.00084334065739477,0.000838338981161771,0.000774038834961051,0.000787521618148489
"2023-04-18",0.000316817778643977,0.000311244116384756,0.00033864958507536,0.000360614711716949,0.000347268278622549
"2023-04-19",0.00177335890111609,0.00181679665402719,0.00185629916427939,0.00191130071424977,0.00194162702412518
"2023-04-20",0.000651914295987387,0.000663297551369402,0.000689574820894761,0.000711331038199912,0.000735195447805395
"2023-04-21",0.000378708256366677,0.000378556434279412,0.000387184475978576,0.000488641754132482,0.00044968053147173
"2023-04-24",0.00133963115355601,0.00130000915609325,0.00132579271468665,0.00139932785982218,0.0013614467379959
"2023-04-25",0.000242552823823862,0.000246259266877751,0.000249995907426843,0.000220921069677656,0.000194347698543382
"2023-04-26",0.00013991210335847,0.000147809314556215,0.000135084131683166,8.20253951147766e-05,8.09816090698389e-05
"2023-04-27",0.00041920091175725,0.000417099243852482,0.000442082405494524,0.00101070406234944,0.0010467237829026
"2023-04-28",0.000196366204102672,0.000195518854205399,0.000211638481635236,0.000307364630020632,0.000329638108483724
"2023-05-01",0.000255913339128404,0.000251320107956411,0.000264966391328759,0.000273554114613743,0.000290748597508693
"2023-05-02",0.000255791735423538,0.000271015683697715,0.000277326656312668,0.000217042736695973,0.000228270483682892
"2023-05-03",0.0042353155635489,0.00413155525278131,0.00410414916564696,0.00441813451074984,0.00454241149863313
"2023-05-04",0.00184782940300042,0.00157974146526291,0.00160296708985935,0.00188499768628017,0.0019062388094771
"2023-05-05",0.00114310893393666,0.00105611574504393,0.00112115310392135,0.00117841046190173,0.00116725147789202
"2023-05-08",2.33625283296867e-06,1.89492402700491e-06,6.89742196083188e-07,2.45044291758189e-06,3.06629142256078e-06
"2023-05-09",0.00123710576894337,0.00132090340289412,0.00133593985789324,0.00148318654662286,0.00149053848079473
"2023-05-10",0.00113957494823703,0.00121935393048462,0.00113372961689918,0.00116027510979736,0.0011679940402828
"2023-05-11",0.00254709190834549,0.00262058587718778,0.00260947467222458,0.00268491896134075,0.00268358064124811
"2023-05-12",0.00326163145660011,0.00316214808798413,0.00317785637599911,0.00303466608161955,0.00307405154181622
"2023-05-15",0.00328737702610751,0.00320584069956701,0.00318790258760516,0.00304029089262092,0.00303696723968512
"2023-05-16",0.00157524247692867,0.00157327864166712,0.00155542291954494,0.00150979447526452,0.00146822755250076
"2023-05-17",6.91616323629293e-05,8.37227822632755e-05,8.54727441638249e-05,0.000133675158995471,0.00013409951982149
"2023-05-18",0.000359753657661776,0.000376684562213206,0.000378512841065364,0.000476017530227829,0.000481328207612948
"2023-05-19",3.19463951376343e-05,3.04688630997738e-05,3.6227776583348e-05,4.12940726774821e-05,4.24688153744525e-05
"2023-05-22",0.000139034024768421,0.000138012522324825,0.000153480069629465,0.000141857196864066,0.000141891414839663
"2023-05-23",8.51925180045941e-05,9.43971212368275e-05,6.70227534495797e-05,0.000115031132556603,0.000119774587828782
"2023-05-24",4.07037833078605e-06,4.49550539291529e-06,1.16322606178859e-05,1.74921407080339e-05,1.80701456060155e-05
"2023-05-25",9.0933515964992e-05,7.3765042056772e-05,7.90526692474741e-05,9.31481101545195e-05,9.13366476383699e-05
"2023-05-26",0.000401278755836905,0.000434273198952193,0.000445636739267316,0.000424487769443493,0.000429736445763393
"2023-05-30",0.000103891504055832,9.8600023754741e-05,0.000104597725606316,0.00014693840234946,0.000144108489468435
"2023-05-31",0.00120080260144494,0.00118128755741423,0.00117138087598268,0.00115926233609501,0.00115822345667298
"2023-06-01",3.46442714594303e-06,4.67294238962623e-06,5.87622561893017e-06,6.10638252448284e-06,6.42456784079999e-06
"2023-06-02",0.000204748015381539,0.000227314965088661,0.000217054248251686,0.000220860585028413,0.000218047460886152
"2023-06-05",0.0161998604060878,0.0161676211286945,0.0163396520404014,0.0155524151961402,0.0155270863592894
"2023-06-06",0.000432053976622784,0.000400788505904257,0.000443893157674808,0.000447719652965213,0.000449257521565852
"2023-06-07",0.000112739620199241,0.000108448936598354,0.000117566196884175,0.000134578238403201,0.000133583236711105
"2023-06-08",0.000153017147506625,0.000154095554847492,8.29019139254796e-05,6.97162891932399e-05,7.01696707015111e-05
"2023-06-09",4.69175576762989e-05,5.62357404049037e-05,3.01316275982599e-05,2.7504060908548e-05,2.7851806442559e-05
"2023-06-12",0.00502208003305839,0.00476065388646524,0.00479721597813331,0.00465813883456431,0.00465346080554623
"2023-06-13",0.000852222290468317,0.000806601370663504,0.00083112878324516,0.000781082658892646,0.000790680370707251
"2023-06-14",7.55141065998551e-06,9.62890906500877e-06,1.32096199391938e-05,9.43713855755825e-06,9.36242304455053e-06
"2023-06-15",0.000923944031380074,0.000935244422357088,0.000932557060215326,0.000909561305559581,0.000902798864123893
"2023-06-16",0.000476508174456409,0.000486195784690098,0.000494152888544415,0.000401930528581647,0.000404470816659921
"2023-06-22",0.000522917395067493,0.000539081229025943,0.000521724707692779,0.000492759650680614,0.000485417867882364
"2023-06-23",0.000682855250272504,0.000665898722407711,0.000655735974545575,0.000672278266120082,0.000671075981003742
"2023-06-26",0.00134984306791511,0.00140298958129161,0.00141995439632478,0.00143690862113405,0.00145307638524153
"2023-06-27",0.00152559067310878,0.00152287882450822,0.00155585939638238,0.00186630411979016,0.00187007050311589
"2023-06-28",0.00044769032988023,0.000468735118998357,0.00042352136807145,0.000426661599145301,0.000426928513924422
"2023-06-29",0.000442697239495244,0.000444856266917371,0.00046420362653658,0.000462471476762022,0.000455259564340722
"2023-06-30",0.000463937029606709,0.000459916725430699,0.000449468956198126,0.000421190552818267,0.000420443490791755
"2023-07-03",0.00197725655558862,0.00196032281711403,0.00186354600299355,0.00185747047887894,0.00188660649231896
"2023-07-05",0.000380294858144473,0.000378265342331449,0.000336588090161351,0.000322261191647089,0.000329682428160348
"2023-07-06",0.000538343849025492,0.000537422897122679,0.000534304279219142,0.000529033995826514,0.000530080316745076
"2023-07-07",0.000353954324645497,0.000355593966616894,0.0003419488669904,0.000305115481744032,0.000313194920704188
"2023-07-10",6.70801980387359e-05,6.71470898161836e-05,6.18984945434019e-05,6.72669780803166e-05,6.57512218523668e-05
"2023-07-11",1.26188290275065e-05,1.3354349776967e-05,1.25373884647715e-05,3.33484307830868e-06,4.6130611788057e-06
"2023-07-12",0.00029888473843478,0.000296874586327089,0.000315286770465591,0.000330183215539259,0.000326411228284405
"2023-07-13",0.000610223922497807,0.000614360785067293,0.000593717634403861,0.000711158219529363,0.000715011011277181
"2023-07-14",0.000489016247428192,0.000489236849182744,0.000496036803158831,0.000576846745536203,0.000578355949338864
"2023-07-17",0.000549008961817756,0.000544850732053247,0.000551524158765097,0.000439558664253362,0.000450031718864854
"2023-07-18",0.000632449931879523,0.000629667809950235,0.000650404724479955,0.000688046324229512,0.000686916282533178
"2023-07-19",0.0122878783015268,0.0122838423035735,0.0121451034762406,0.0121977498957213,0.0122017277975318
"2023-07-20",0.00150575904256086,0.00150546328268378,0.00146235497779896,0.00154533198273356,0.00154116874001374
"2023-07-21",0.000755195341744872,0.000755164849351977,0.000751297809740444,0.000683541815510843,0.000681884498270294
"2023-07-24",8.63067824525051e-06,9.01756922819536e-06,1.39280729437947e-05,4.83831394128492e-06,4.58575886154114e-06
"2023-07-25",0.000815526051244939,0.000819355776379521,0.000775960757305312,0.000794616990479087,0.00081167657972154
"2023-07-26",6.99340979920425e-05,6.19665617727833e-05,7.12901403628751e-05,1.95918429107271e-05,2.10454857782609e-05
"2023-07-27",8.22065398429107e-05,7.93076433874809e-05,6.52595210673537e-05,0.000110918158988967,0.000114146971431976
"2023-07-28",0.00123054506895519,0.0012383837578922,0.00119309511219058,0.00167644215444691,0.00171694447522508
"2023-07-31",0.00266971000202988,0.00265721121968569,0.00261873469759958,0.00294712727680852,0.00296551720482117
"2023-08-01",0.000562043093754162,0.000564034945153153,0.000570795504890166,0.000598082542041674,0.000582665549114233
"2023-08-02",0.000337502598167557,0.000346228869473451,0.000357514000096566,0.000289444255737604,0.000284540657954385
"2023-08-03",9.77882538077148e-05,0.000134635164040884,0.000145652091877999,4.59870370616443e-05,4.43465995389103e-05
"2023-08-04",0.0164165483976531,0.0164049247347089,0.0162475045335561,0.0167351147363375,0.0167215144254883
"2023-08-07",0.00730488105106434,0.00732636392814417,0.00727913191783246,0.00721226135907156,0.00720827329265913
"2023-08-08",0.00027319996463126,0.000272501343447864,0.000261898668790873,0.000287423983769432,0.000286294863944475
"2023-08-09",0.000374805338455836,0.000377066274330788,0.000365887163840565,0.000344439950326651,0.000340504399213085
"2023-08-10",0.00139103074702156,0.00141620804270866,0.00144751056517829,0.00156303944614491,0.00156078301318568
"2023-08-11",0.000936577458002507,0.000834335591714006,0.000686430396771944,0.00043745325087299,0.000444814732726827
"2023-08-14",0.00276678073813398,0.00257677070945357,0.00238790767582353,0.00187125972611635,0.00187155193661905
"2023-08-15",0.00216910499026717,0.00210657572210249,0.00181848090370396,0.00174636009718375,0.00174385247356925
"2023-08-17",7.04817557086881e-07,1.00919117664277e-06,7.86400278074791e-06,1.98562125810432e-05,1.91722655714304e-05
"2023-08-18",5.28828450718994e-05,5.60732009564838e-05,5.97239753049163e-05,3.25824328339347e-05,3.12484333386776e-05
"2023-08-21",0.00118590621708916,0.00116521890731292,0.00119796357090221,0.00115922805019535,0.0011655283478483
"2023-08-22",0.000359415803082578,0.000353921639479184,0.000385053345099706,0.000335410406430331,0.000339878620937011
"2023-08-23",0.000191468321784132,0.000191650768446999,0.000188987544675964,0.000264239230416264,0.000264963166897158
"2023-08-24",3.56579195648371e-05,2.67778336064237e-05,3.15074794242445e-05,3.17733457054517e-05,3.12701517146085e-05
"2023-08-25",0.00121351849713143,0.00126176440805944,0.00122857887343092,0.00132184410788822,0.00131710763564999
"2023-08-28",2.49782888858382e-05,2.11396621345986e-05,2.54969394038446e-05,1.65690588025587e-05,1.73257695462514e-05
"2023-08-29",0.00015476001620924,0.000151089588032976,0.000161988309707284,0.000196195199015222,0.000197011150413415
"2023-08-30",1.89250614712664e-06,8.86218742353413e-07,1.22567367139438e-06,4.43880365447223e-07,4.89688129565336e-07
"2023-08-31",5.64362408546251e-05,5.64432857076575e-05,6.50586036046991e-05,7.18193223842458e-05,6.32739980786857e-05
"2023-09-01",0.00138730399642274,0.00138098770360018,0.00145774347776021,0.00157718143335083,0.00159652988719445
"2023-09-05",0.00038784518212998,0.000387916311111952,0.000436589456536389,0.000410445902616291,0.000407199749605037
"2023-09-06",0.000564925757717539,0.000578696761884466,0.000554336933549583,0.000624790888353499,0.000628568445151896
"2023-09-07",0.00980501262825313,0.00986990001221127,0.00966987093352709,0.00973468285283394,0.00974298868166295
"2023-09-08",6.28511048154873e-05,6.80007255107562e-05,4.53593597884747e-05,3.15935262087213e-05,3.01332728238867e-05
"2023-09-11",4.79633847742443e-09,2.20519061354101e-07,2.56548427815474e-07,1.26818930829079e-06,1.21768141580795e-06
"2023-09-12",0.00781652439449375,0.00781518651978118,0.00764975983029297,0.00700838266241594,0.00703584064728074
"2023-09-13",0.00184866345556573,0.0019063123745099,0.00196754781183854,0.00198755867785097,0.00200498482971563
"2023-09-14",0.000474909727976441,0.00042337192323843,0.000441512759711739,0.000307991188187133,0.000312043132567538
"2023-09-15",1.28613427823399e-06,1.90032845020355e-07,1.06017795491544e-06,9.89700102867397e-08,1.08563037059999e-07
"2023-09-18",9.53370390921362e-05,0.000110474198697662,0.000102943724677324,0.000132405297900343,0.000131897347959178
"2023-09-19",0.00100350096882154,0.00098441530385506,0.00105689505776529,0.000756055335039139,0.000749037698338217
"2023-09-20",2.23588917858437e-05,2.06309320234921e-05,8.63102995019823e-06,2.59993359490149e-05,2.72395421487692e-05
"2023-09-21",0.000117347306137709,0.000112623774946862,0.000115044095553625,0.000115360533438945,0.000113336950948178
"2023-09-22",0.000143108016913795,0.000143345594656415,0.000125591892692154,0.000113987512291882,0.000112382954505304
"2023-09-26",0.000387783365273677,0.000364866712899637,0.000383705600920862,0.000410765012729078,0.00040601326501056
"2023-09-27",0.000153150311935824,0.000167374837352379,0.000145176510378993,0.000136189320224793,0.000137921757081921
"2023-09-28",0.00127920196361104,0.00130535244189784,0.00129384500656549,0.00143222738397239,0.00143634463160868
"2023-09-29",2.75259658543742e-05,2.6241118675502e-05,2.90529650994014e-05,3.13453189988524e-05,3.18862935835751e-05
"2023-10-02",0.000361853441407988,0.000364671251628195,0.00034778964682896,0.000291011297061372,0.000291909591187863
"2023-10-03",0.000120065242368839,0.000115825927068838,9.05964282556188e-05,0.000119026248611591,0.000120949794621717
"2023-10-04",5.89112153665028e-05,6.02309571634426e-05,6.54262997840223e-05,4.79369244602864e-05,4.80590751514509e-05
"2023-10-05",0.00158014729292885,0.00156310617700794,0.00156649990702516,0.00162534818670607,0.00162201197744505
"2023-10-06",4.82202725910392e-05,5.13265084183798e-05,5.73991692610208e-05,8.9986377710948e-05,8.83683727089408e-05
"2023-10-09",0.0027999628777913,0.00282552039973569,0.00283699505520119,0.00282196860953054,0.00281857809568674
"2023-10-10",0.00219592295494107,0.00221917940333886,0.00216347737962258,0.00223173850095346,0.00224817361680691
"2023-10-11",0.00334906043869129,0.00335191799929223,0.00332752582711093,0.00343713508498724,0.00346291940384877
"2023-10-12",0.000709173121726294,0.000726749623509014,0.00070553460962696,0.000703663444343438,0.00070953513559911
"2023-10-13",0.000314534768538506,0.000349708518750637,0.000348919962412958,0.000326107072388605,0.00032704953062634
"2023-10-16",3.39630205088289e-06,1.40955719386152e-06,1.56833971991856e-06,4.46502158383039e-06,3.89167288028064e-06
"2023-10-17",0.000387855989306234,0.000349466900128832,0.000325977387141589,0.000371507895827284,0.000366686427328393
"2023-10-18",0.000448997258169031,0.00044159978334057,0.000496219912753402,0.000549099010122526,0.00054310358322641
"2023-10-19",0.00326454535983147,0.00323806188034086,0.00331362485737933,0.00320770207904967,0.00320039292601947
"2023-10-20",0.000263105548598817,0.000252624384734108,0.00035836830479673,0.000341924988028862,0.00033638879425807
"2023-10-23",0.000698013292827136,0.000730667437996466,0.000783268190418156,0.000841606514290572,0.000842065685611237
"2023-10-24",1.03718717864359e-07,1.8767843182262e-07,1.0884263979486e-06,3.37374039446992e-06,3.5971894580623e-06
"2023-10-25",0.000203999586511437,0.000191881012208179,0.00020220748514464,0.000178251293369087,0.000176287197677785
"2023-10-26",0.00101306089946036,0.00095319589364043,0.0010049368992117,0.000519107247395605,0.000525000651699341
"2023-10-27",0.00119619575886569,0.00115367868538399,0.00122702571153583,0.000717332209105051,0.000725298220823245
"2023-10-30",4.12126307107425e-06,4.41344175876033e-06,2.59635814428796e-06,7.96384513157495e-06,7.39276807777694e-06
"2023-10-31",0.000383838181634091,0.000401132742821463,0.00039379041038264,0.000369273470763065,0.000367089171906559
"2023-11-01",1.51426123541316e-05,1.58058956473871e-05,1.15609578336796e-05,3.16125846977567e-05,3.03176195990399e-05
"2023-11-02",0.00119199427931972,0.00135587922791145,0.00140487990179821,0.00120862652934908,0.00121635678582265
"2023-11-03",0.00022790861331307,0.000221128358279535,0.000214352747805675,0.000354400273956753,0.000358950214531034
"2023-11-06",0.000936673081325848,0.000951885081312944,0.00092711529922965,0.000633995219953821,0.000621210740371585
"2023-11-07",0.00113033562876362,0.00113291221465815,0.000870419726129726,0.000626684639673403,0.000618056864131903
"2023-11-08",0.0026289311978633,0.00264418189250711,0.00248332704245757,0.00240668230897649,0.00240317829155567
"2023-11-09",0.000894083626233569,0.000898494271593441,0.000858435812447837,0.000837082472402652,0.000828309085071536
"2023-11-10",0.00557503675044018,0.00555454309031225,0.00551451607828555,0.00525512770298213,0.0051701863295924
"2023-11-13",0.00592706402250752,0.00591242883686184,0.00601411795620286,0.00524229909360305,0.00518989542407815
"2023-11-14",0.00251781341000871,0.0024549513480233,0.00250324777192104,0.00225010665128409,0.00223540231728077
"2023-11-15",0.00185337002626454,0.00182466932550627,0.00182983173794076,0.00182448033982056,0.0018190729447618
"2023-11-16",0.000585499818500516,0.000598454032412007,0.000570630470304448,0.000562917332460015,0.000562532522794445
"2023-11-17",0.00105265584860891,0.00106858485264436,0.00106474453828361,0.00112295836688911,0.00113812535773579
"2023-11-20",0.000683172079950494,0.00071549247172023,0.000716832500053355,0.000726805468970669,0.000756424076548166
"2023-11-21",0.000857098121471404,0.000853891446546889,0.000871293847339325,0.000935818029775916,0.000940794300921488
"2023-11-22",0.000518771463565823,0.000531070215299595,0.000530870656844455,0.000594603657536753,0.000591965459820726
"2023-11-24",0.00386601872160697,0.00386952713366267,0.0038179921061644,0.00357236064819478,0.00356894004152164
"2023-11-27",0.000792132615813843,0.00078863049980481,0.000802354290209206,0.000827814023004777,0.0008158631479194
"2023-11-28",0.00094789662795466,0.000921034202545171,0.00088317548654473,0.000904879273654515,0.000901957359257497
"2023-11-29",0.000668599855962555,0.000640823513108742,0.000615610869892958,0.000624336571782497,0.000625497795629707
"2023-11-30",0.000286521584904275,0.000312470370025913,0.000328657362777408,0.000311366422097643,0.000311639268308132
"2023-12-01",8.25927216780561e-05,8.55582909081213e-05,6.25327307375096e-05,3.32917122686244e-05,3.20041694376361e-05
"2023-12-04",7.4516311707062e-05,7.21282926396312e-05,9.20786245638273e-05,8.89702960831457e-05,8.95793772588239e-05
"2023-12-05",0.00231318944576816,0.00231296389110023,0.00225789103195899,0.00210823065984874,0.00211105714608715
"2023-12-06",1.63417989987495e-05,1.5678637245698e-05,1.57880416464213e-05,1.36554298476522e-05,1.35900634270335e-05
"2023-12-07",3.71932587437155e-05,3.9091923884505e-05,4.13756182969014e-05,6.62058849112587e-05,6.6254530905423e-05
"2023-12-08",6.2617775303644e-07,9.99823694657305e-07,1.89100560581677e-06,4.6601981109804e-06,4.70525111496638e-06
"2023-12-11",0.000569940302564688,0.000570233843859906,0.000560373018758842,0.000505458632443355,0.000505386717464131
"2023-12-12",0.000978089598029857,0.000967261189965066,0.00102323085358634,0.00156024320344725,0.00155063879914053
"2023-12-13",6.76536981104037e-07,1.51409965612519e-06,1.20651984218543e-06,6.23373635929245e-06,5.48872922005942e-06
"2023-12-14",0.000168917822381373,0.000175650534114537,0.000179722008155492,0.000253075937230253,0.000248394409538384
"2023-12-18",0.000219307607760625,0.000244532609069644,0.000254591739778289,0.000157763065349478,0.000158772295649865
"2023-12-19",0.00195487420224817,0.00197628077421301,0.00195837746276625,0.00154065693644947,0.00153655002156296
"2023-12-20",3.40341800513788e-05,3.19264214559308e-05,3.01641802197735e-05,2.49598781134799e-05,2.45722494371139e-05
"2023-12-21",0.0001144426558124,0.00010239748019071,0.000105865954155986,0.000143855580593944,0.000143176008757969
"2023-12-22",0.00217556593571295,0.00217264491005477,0.00215296719823734,0.00229948722079633,0.00229718040322639
"2023-12-26",0.00420858713192666,0.00415056471559007,0.00410390792212657,0.00412053580100417,0.00411909416132712
"2023-12-27",0.00092653686317965,0.000931512570784621,0.000940321713966106,0.00093175204429127,0.000930930282504257
"2023-12-28",0.00252091799532544,0.00251035805503221,0.00250917354779952,0.00269960546400831,0.00269738676153449
"2023-12-29",0.00087628389376013,0.000866955942114811,0.000872377066722676,0.00104966485807364,0.00104896653334464
"2024-01-02",0.0023432425856058,0.00234194065806927,0.00236738795797811,0.00234841739899201,0.00234721050878057
"2024-01-03",0.00181754701653245,0.00184210692073236,0.00182010372084461,0.00179307019458584,0.00179393116106042
"2024-01-04",0.00115537873385847,0.00116231111181131,0.00113880887888969,0.00107754407396668,0.00108115545297694
"2024-01-05",0.00445165280490104,0.00451536410608269,0.00442870949658881,0.00419855019884742,0.00420242564957746
"2024-01-08",0.000222771352684991,0.000236608503705681,0.000202595472049132,0.000161232453902609,0.000162341140709326
"2024-01-09",0.000181764954975666,0.000173175153974183,0.000170957600874346,0.000152773451846524,0.000152372949865834
"2024-01-10",0.000441567307082207,0.000457421179423778,0.000428871328731491,0.000397780879856247,0.000397169885725295
"2024-01-11",7.30635381401822e-05,7.2723316013425e-05,7.86072987034439e-05,8.02321803959283e-05,8.04809283195725e-05
"2024-01-12",0.000810812823106848,0.000807328985614357,0.000814752613702858,0.000703619296109046,0.000699534897445903
"2024-01-16",0.000466518624512174,0.000472002674794339,0.000482213759925738,0.000394932511486549,0.000397026458086398
"2024-01-17",8.5365356423952e-05,7.81864195369904e-05,8.41427621387799e-05,0.00010676418067823,0.000107119398731171
"2024-01-18",0.000557921699233524,0.000567854357382059,0.000586774027694946,0.000495485434141935,0.000492250677856901
"2024-01-19",2.46237850532995e-05,2.29229334132793e-05,2.0138971468034e-05,2.76119005953104e-05,2.794246885122e-05
"2024-01-22",5.765600818733e-05,5.51808383872528e-05,5.05325017305971e-05,1.91020976562879e-05,1.88929590987245e-05
"2024-01-23",0.000406098911446017,0.000412372034053525,0.000417181281342309,0.00042629433725194,0.00043499412860156
"2024-01-24",0.000321224991215396,0.000315779314002365,0.000329156068521581,0.000344448620846396,0.0003533192549631
"2024-01-25",9.36248040020357e-06,8.0830510980598e-06,7.67160138240578e-06,5.58212407804029e-06,6.48232887038384e-06
"2024-01-26",0.000566111502330329,0.000557091729683905,0.000548697107298745,0.000692995133262439,0.000696077751189688
"2024-01-29",0.000360428763231701,0.000354715810944011,0.000339216468553001,0.000274178941104823,0.000276528065109788
"2024-01-30",0.000606830439811189,0.000615035284308883,0.000573709856902723,0.000588497736051916,0.000578064559567253
"2024-01-31",0.00423003075968142,0.00420953871315646,0.00419225352596179,0.00417964451884128,0.00413664558931604
"2024-02-01",0.00167509323772499,0.00165770241377187,0.00163569824822307,0.00174786789461874,0.00171883851150195
"2024-02-02",0.0153172760660046,0.0154012596217298,0.0153767824723719,0.0125086976204996,0.0124537580193445
"2024-02-05",0.00211414115869919,0.00219120048897151,0.00214606694912688,0.00184258741574925,0.00185709094150847
"2024-02-06",0.000233070060805243,0.000221425987358547,0.000246365752493458,0.000195281644948457,0.000189987025087725
"2024-02-07",0.000907140117520995,0.000999922206611085,0.00101742329624681,0.000879953867542548,0.000900642788286352
"2024-02-08",0.00470323866885087,0.0053304556084667,0.00544388846231508,0.00488945685118677,0.00489893572867391
"2024-02-09",0.00768064816760799,0.00781334292787332,0.00793728755905292,0.00731021593683703,0.00722542997387637
"2024-02-12",0.00442030244122453,0.00435398067941104,0.00414459221449466,0.0037347483547817,0.00369421268984713
"2024-02-13",0.000165149048936598,0.000153481403927672,0.000103769903613489,8.2205315302096e-05,8.16026102705566e-05
"2024-02-14",0.000232459857273166,0.000224778751367357,0.000122922999255607,7.7484919580032e-05,7.4876888969331e-05
"2024-02-15",0.000415105651915675,0.000406680788723337,0.000527954975770998,0.00039075560829439,0.000403503595978786
"2024-02-16",4.58534708350866e-05,5.23758995858343e-05,6.54175996717758e-05,2.20432101854071e-05,2.57634872160947e-05
"2024-02-20",2.8293605164504e-05,2.25874432435786e-05,2.56079372407601e-05,2.0765810596186e-05,2.46011573910646e-05
"2024-02-21",2.38437303200975e-08,6.91819399751383e-07,9.48083425112329e-07,5.59511966011534e-06,5.2126979037301e-06
"2024-02-22",6.51921304235231e-05,6.12450157990339e-05,6.31149850793165e-05,5.05022286492012e-05,4.99126093765202e-05
"2024-02-23",0.00142924826750769,0.00138278008706899,0.00139500084279638,0.00134434997563087,0.0013288224044441
"2024-02-26",0.0014774178793461,0.001478081294168,0.00148087620114203,0.0014238543762509,0.00138887330033426
"2024-02-27",0.000176978815362321,0.00016123906652894,0.000176312136721669,0.000128942375999954,0.000134718052694781
"2024-02-28",0.000210345526260362,0.000182904955232982,0.000190723793872578,0.000237704432325012,0.000230944656577076
"2024-02-29",0.000756739094868327,0.000737138868620136,0.000731401034189504,0.000715244183063343,0.000718858465485552
"2024-03-01",0.000314780369678378,0.000295742879305751,0.000291270062380879,0.000335754443478535,0.000325540245229319
"2024-03-04",0.0042970820919801,0.00431905195639909,0.00423886941545201,0.00425458872084607,0.00424715672045942
"2024-03-05",0.00308257316423154,0.0032220641717221,0.00332603662332565,0.00356793322691582,0.00364371530270865
"2024-03-06",0.00232807664975014,0.00245351100625468,0.00245076221880092,0.002590596756003,0.00256859213209248
"2024-03-07",2.90194865789889e-06,1.03036725054334e-06,1.01036391735228e-06,1.15624716841111e-05,1.25711820703217e-05
"2024-03-08",0.00152120445838709,0.00150989276855849,0.00154435167294565,0.00166734405761264,0.0016434126516864
"2024-03-11",0.00152536997343863,0.0015952176610088,0.00160148260773919,0.00182043163260869,0.00181435351077221
"2024-03-12",3.14607847815938e-05,2.07835803336992e-05,2.18091328257277e-05,8.81267449260693e-06,8.58740289953724e-06
"2024-03-13",0.00292149959298426,0.00301439508631613,0.00308931238131414,0.00306150493237944,0.00302665899264896
"2024-03-15",4.55259976315668e-05,5.06288532182064e-05,6.42203611121143e-05,4.98938290759709e-05,5.20871809347907e-05
"2024-03-18",3.6461371495607e-05,3.94794697654976e-05,3.7002922283956e-05,6.3672874575355e-05,6.50863201763339e-05
"2024-03-19",0.00144662911251872,0.00140090092597126,0.00141717654530657,0.00132000747790375,0.00132677746168138
"2024-03-20",0.000650937521290986,0.000733811195824266,0.000758776366970503,0.000611385017511063,0.000621007367689418
"2024-03-21",0.00367559600025489,0.00360992325893875,0.00352874577466172,0.00365039224450872,0.00363124065624794
"2024-03-22",1.02772663816297e-05,6.52443112962238e-06,8.08348795883201e-06,2.32583588306856e-05,2.32972882438975e-05
"2024-03-25",0.00157000219511652,0.0014051202014447,0.00145411819705149,0.00131041652055534,0.00130983278995359
"2024-03-26",0.000534394131812624,0.000481279843890046,0.000515933488763529,0.000467981269110009,0.000468038819081456
"2024-03-27",0.000134303803677966,0.00014022282205954,0.000156156891916518,0.0001636784918649,0.000168714456922679
"2024-03-28",0.000552266500836189,0.000468448525126063,0.000494819573128839,0.000444815286239035,0.00044539620437258
"2024-04-01",0.00433845448467605,0.00400158690086743,0.00401310733705579,0.00403485195860943,0.00404228602090987
"2024-04-02",0.00124947426355589,0.00122856572573633,0.00126698962490139,0.00130437156308321,0.00131353202607843
"2024-04-03",0.000227883082609297,0.000191348170318187,0.000180579400329994,0.000152994215310439,0.000153527269471206
"2024-04-04",0.000141069239438085,0.000126622676140596,0.000138953043388773,0.000140243723406457,0.000139754827593916
"2024-04-05",0.000623605405642084,0.000602884820683274,0.000661281458447023,0.00068881906210989,0.000684635656767976
"2024-04-09",0.000150415229242737,0.00018189538125137,0.000177290908025772,0.000171775943126637,0.000169836743303343
"2024-04-10",0.000334318714852828,0.000296390439414035,0.000307379387849609,0.00030634518281797,0.000308396032210388
"2024-04-11",0.000615770932560429,0.000609008438296257,0.000592438135528224,0.00060365770370582,0.000604939075712105
"2024-04-12",0.00402299031682149,0.00397938836512915,0.00392129072693594,0.00367545915116837,0.00367689280997365
"2024-04-15",0.00404248169478003,0.00397760187896775,0.00399687055382228,0.00381628078482212,0.00381952524411967
"2024-04-16",0.00759801869442622,0.00754370769100711,0.00744270525679843,0.0070615795016348,0.00707011622386584
"2024-04-17",0.000224086886728004,0.000196982951824319,0.000199605985934478,0.000146326495946787,0.000145937361748604
"2024-04-18",4.53264443093537e-05,4.10238402348067e-05,3.4810516987466e-05,3.57414199079999e-05,3.58459599232141e-05
"2024-04-19",9.71060574056262e-07,1.93175633401122e-08,2.36127594111704e-08,4.94598142046724e-08,5.80527533210256e-08
"2024-04-22",0.00139753922865705,0.00134344600078594,0.00132010429268894,0.00139200066745252,0.00139063022441616
"2024-04-23",0.00329028066195451,0.00325732319899736,0.00328243355343038,0.00332967016316441,0.00332736650719357
"2024-04-24",0.00081398436623739,0.000839612614634526,0.000839558323885715,0.00084438325793932,0.000844645806723498
"2024-04-25",6.70883889270432e-05,6.74892147542615e-05,6.23109971780396e-05,3.98500428257599e-05,3.97613028748175e-05
"2024-04-26",0.00178050597418229,0.00182797340012682,0.00172711915575258,0.00216416581370861,0.00215699733649145
"2024-04-29",6.98445813060561e-05,6.717420984065e-05,6.97137411958863e-05,3.40105010954697e-05,3.45747756547709e-05
"2024-04-30",0.000706609431391199,0.000711950153452907,0.000695584686612329,0.000646630938658678,0.000648058469816252
"2024-05-01",0.00454700012074784,0.00450381592173569,0.00440508722711414,0.00442736726987328,0.00445484323668295
"2024-05-02",0.000421746882780546,0.000311759137927593,0.000293097452194653,0.000397093573281339,0.000397179446541777
"2024-05-03",0.00917079036418883,0.00905928256016269,0.00913961663924436,0.00921052879920517,0.00920630851592694
"2024-05-07",2.62189017492135e-06,5.60534549556906e-07,5.85430849608122e-08,4.6036977615429e-07,4.79563843923034e-07
"2024-05-08",0.00241176327224894,0.00237033880739867,0.00233226707792042,0.00210636353765827,0.00210404736389864
"2024-05-09",0.00564935762656854,0.00573358663554969,0.00568466342218976,0.00570326349892249,0.00569628690553557
"2024-05-10",0.00310551598180046,0.00311364239590798,0.003047834890086,0.00288626764000943,0.00288716279271072
"2024-05-13",0.00586593557352252,0.00561410744166076,0.00492865747691743,0.00462431321672705,0.00461337675008176
"2024-05-14",0.00338578642895272,0.00321819768845939,0.00293203010862843,0.0026176863581278,0.00261682976489035
"2024-05-16",0.00189637030228886,0.00179379001499788,0.00169088704933411,0.00161076420748025,0.00161225182294071
"2024-05-17",0.00177631804875564,0.00168179246383533,0.00165622429122482,0.00163453931233108,0.00163498457189786
"2024-05-20",0.00161065643104165,0.00158627329064664,0.00157329233537361,0.00156547203338151,0.0015657259053158
"2024-05-22",0.000738203791060948,0.000759972943774267,0.000832355498952708,0.000793535394815102,0.000790902813300583
"2024-05-23",2.65416572723392e-08,4.62717434520154e-08,7.71698290836463e-07,2.82055977634944e-07,2.71524069291265e-07
"2024-05-24",0.000427928010599419,0.000454169946115401,0.000452142658448881,0.000432109793085518,0.000433196012763119
"2024-05-28",0.00016357030904698,0.000151185845112848,0.000127825064985274,0.000125910095311996,0.000126178438263292
"2024-05-29",4.84892527041553e-05,4.04037621880244e-05,2.16491185840761e-05,2.2091692476572e-05,2.18743042039164e-05
"2024-05-30",0.000147410811404889,0.000140949979476414,0.00011840223313785,0.00011846507236149,0.000118027535934151
"2024-05-31",0.00102121973043853,0.00102006251966679,0.0010338770784579,0.00096820683707401,0.000963922612390622
"2024-06-03",0.00136229222073248,0.00144683282537178,0.00139910857824045,0.00136087882684516,0.00136030352115046
"2024-06-04",2.47865665767469e-05,2.911610457971e-05,2.23174970476531e-05,3.07071734026165e-05,3.03765445987291e-05
"2024-06-05",0.000112637295251387,0.000107983633522991,0.00011473982708963,0.000109120019995757,0.000108442101424269
"2024-06-06",0.00102762570491228,0.00100653716938382,0.00104126771010197,0.00105079104383894,0.00104981693810825
"2024-06-07",0.000716013076125127,0.000711880987184741,0.000726535167142352,0.000701726466159476,0.000698222337826026
"2024-06-10",0.0227845039658538,0.0226633476918611,0.0229208780060763,0.0226068505517114,0.0226103681181915
"2024-06-11",0.0158190823586051,0.0156259192616967,0.0155982589248437,0.0154739161900004,0.0154725675685866
"2024-06-12",0.0700071276272909,0.0698380685800942,0.0698263221026497,0.0695179818844989,0.069512389397638
"2024-06-13",0.0156489296506209,0.0155139509995944,0.0157535093018879,0.0160145200161992,0.0160130166153594
"2024-06-14",0.00334303196141307,0.00331567091984631,0.00329817008575809,0.0033987072136379,0.00340021710016873
"2024-06-17",0.00079125808884341,0.00090355885441748,0.000825539941216621,0.000984198775241468,0.000988447797649705
"2024-06-18",0.000231479903868069,0.000205573620978034,0.000246041208709162,0.000238748089664762,0.000239376552030355
"2024-06-21",0.000154485657091012,0.000134346387257935,0.000195284497889307,0.000173739649792777,0.000174051821742341
"2024-06-24",0.000229221993134174,0.0001912001371629,0.000222028804764085,0.000182928463914825,0.000183357448532767
"2024-06-25",0.00163911559939743,0.00164053090355734,0.00165843889107872,0.00158253388792703,0.00158303758521464
"2024-06-26",0.000757456100812047,0.000742278406163142,0.000744633057675705,0.000641465759010188,0.000640178258267467
"2024-06-27",0.00131453222340839,0.00130790407073301,0.00128898564067782,0.00115106286356195,0.00115074042993647
"2024-06-28",0.000280047014018581,0.000276237796154556,0.000233572431952751,0.000216924343405588,0.00021712895181679
"2024-07-01",2.86792599445887e-05,3.04167694128127e-05,3.53037430481203e-05,6.63310612924323e-05,6.64335004776339e-05
"2024-07-02",0.000148650455330114,0.000151377992827744,8.74909214563114e-05,6.25517881789065e-05,6.24683162826337e-05
"2024-07-03",0.00011092925261691,0.000111287371796247,0.000101731183455465,8.82528337309357e-05,8.81432467727557e-05
"2024-07-05",0.000458895880896485,0.000456077255195986,0.000403656631747334,0.000396099328590104,0.000395799436750061
"2024-07-08",0.000241769953818623,0.000250946591709979,0.000234141228004516,0.000265362102096836,0.000265907054949238
"2024-07-09",0.00127915677759765,0.00128437273208555,0.0012291590392912,0.00118547554231489,0.00118315161799538
"2024-07-10",0.000766770686785983,0.000725776647491638,0.000703755106707346,0.000632851019466574,0.000635019412759848
"2024-07-11",0.002462465872806,0.00256335233586306,0.00250417807177984,0.00262465819618972,0.00262089404201908
"2024-07-12",0.000115446747995273,0.000113059631130798,8.2928232700898e-05,8.36096139422426e-05,8.12852419574877e-05
"2024-07-15",0.00195582831297943,0.00198560196454584,0.0019563221316763,0.00185618407832581,0.00187557684703078
"2024-07-16",1.21474364625879e-05,7.41107597487057e-06,5.46344523996162e-06,4.61151940061349e-06,5.02361012751017e-06
"2024-07-17",0.0014434390566144,0.0014380446650037,0.00155103735835566,0.00161392619691884,0.00160275680537776
"2024-07-18",0.00451338473781019,0.0045075026146952,0.00467686801909997,0.00468486570093935,0.00465592785808709
"2024-07-19",0.000466175528387762,0.000434475764575341,0.000467049934718102,0.000536244169755734,0.000531704659338798
"2024-07-22",0.000135155751608331,0.000130436963621244,0.000149091129576913,0.000156684633184603,0.000151373519389715
"2024-07-23",8.33142924161337e-05,8.95305005208338e-05,7.23113432114644e-05,6.48292396739045e-05,6.5523359107143e-05
"2024-07-24",0.000190887401370245,0.000187608255682075,0.000289701589091075,0.000279990295655715,0.000281753825885516
"2024-07-25",0.00336122252546342,0.00339637299003759,0.00376587378410221,0.00367772854377737,0.00367299536161459
"2024-07-26",0.000915571702071381,0.000880528531102278,0.00102594189888297,0.000756806094930835,0.000744755494511525
"2024-07-29",3.92954840952192e-05,4.34695688300778e-05,7.56178833172513e-05,6.43944148863559e-05,6.20845894149719e-05
"2024-07-30",3.50387931893246e-06,5.05093598241905e-06,1.62104004750403e-05,1.79597495803868e-05,1.83785489870398e-05
"2024-07-31",0.00058391650919772,0.00057981497309644,0.000639913489729414,0.000684079820900185,0.00068280943122416
"2024-08-01",0.000832917832163895,0.000701893360785827,0.0008633639810253,0.0011259297387175,0.00112505800824027
"2024-08-02",0.0490770174394954,0.0473932124870422,0.0475358228250973,0.0490383602735064,0.048949679679913
"2024-08-05",0.236297471909011,0.235487687676824,0.235209101772024,0.23619040667978,0.235978164254528
"2024-08-06",0.0203317714801645,0.0204792959574519,0.0211264809337069,0.0210908577949636,0.0210765994864404
"2024-08-07",0.00968187504262446,0.0095857449014184,0.0100152382636518,0.0102217642212249,0.01044761126586
"2024-08-08",0.00103250064657234,0.00101381781534798,0.0013358519531375,0.00142049580602589,0.00145777067259053
"2024-08-09",0.00478680892636437,0.00481336499370733,0.00412790721066967,0.00401199545923871,0.00401960820501606
"2024-08-12",0.0399149601475445,0.0396675801213351,0.0356564657278301,0.0352827064065716,0.0352859590277573
"2024-08-13",0.0254262567297187,0.025004115391348,0.0231201659149438,0.0230048907584974,0.0229853244622184
"2024-08-14",0.0211513952135673,0.0211722274658837,0.0160801112420463,0.0154204115423217,0.0155381209965328
"2024-08-15",0.0146189757052788,0.014352918378513,0.0113848843719285,0.011032846464614,0.0110888960292093
"2024-08-16",0.0148193853730426,0.014553503890233,0.013518863993266,0.0134730365788102,0.0135353122910175
"2024-08-19",0.011976976645698,0.0118454122320142,0.011272106218911,0.0111622105844647,0.0112083308815147
"2024-08-20",0.00581173963173126,0.00576306951925773,0.00587173606935956,0.00589416314068807,0.00587487772477093
"2024-08-21",0.00308539590654123,0.00308897300273438,0.00309675892216923,0.00306026535145645,0.00309033215717043
"2024-08-22",0.000105480482265387,9.3198025016006e-05,0.000117245390577599,0.000129496513781796,0.000131073037293931
"2024-08-23",8.74228219529405e-05,9.32086332434125e-05,6.68500347459177e-05,6.49493274682015e-05,6.55024872975935e-05
"2024-08-26",0.000232963602243926,0.000218651632043099,0.000312913303585145,0.000268503729858545,0.000274470388981006
"2024-08-27",0.000336570501307348,0.000316045885771165,0.000357052973784297,0.000319295885007543,0.000304757001949974
"2024-08-28",3.34393136539106e-05,3.52647719694754e-05,5.9193917655608e-06,2.19986788861872e-07,1.07114657796574e-07
"2024-08-29",0.00206271671486579,0.00212211018420896,0.00188370815467516,0.00190446812299396,0.00186774104737659
"2024-08-30",1.4755762056142e-05,1.51433478245869e-05,3.55909633499625e-05,3.89628341210616e-05,4.32395757441215e-05
"2024-09-03",0.000773263797819162,0.000778564962813771,0.000587376385519558,0.000565522427355596,0.000559188819740986
"2024-09-04",0.0028763701883719,0.00288349431614884,0.00267658943423135,0.00264563108067575,0.00262122489632922
"2024-09-05",0.000467850729066407,0.000485616908782287,0.000369733437231334,0.000332029260820399,0.000325189340139017
"2024-09-06",0.000759568138519373,0.000768471159641759,0.000658337719502993,0.000651639869377779,0.000643956910518906
"2024-09-09",0.00522652213755881,0.00530436239645699,0.00479371553184699,0.00478160370110078,0.0047475615357536
"2024-09-10",0.000414645751736297,0.000411011881133986,0.00032653522148658,0.000286626085140851,0.000327645105693204
"2024-09-11",0.000458265007258202,0.000460290678636659,0.000345732136899192,0.000298926733189069,0.000317435609508371
"2024-09-12",0.000467322669217768,0.000504163479869871,0.000558467226123454,0.000535522647127099,0.000532633608689847
"2024-09-13",0.00230372165342815,0.00234646757051644,0.00242391637403013,0.00255042559421526,0.00255302287246534
"2024-09-16",0.00098108762552475,0.000917274721389761,0.000964286896612558,0.000942730411433239,0.000911829389380113
"2024-09-17",0.00168592706200823,0.00167247765274837,0.00182483873057583,0.00199898060011484,0.00195768832673323
"2024-09-18",0.00552391619292791,0.00547711781518673,0.00550762229749292,0.00520020321835758,0.00517888215908188
"2024-09-19",0.00142000882909226,0.00144942362700318,0.00154105436574187,0.00162722257212073,0.00162004052147056
"2024-09-20",0.00200598349757474,0.00198035151066032,0.00202090997921685,0.00199280930353594,0.0020804746387599
"2024-09-23",0.00059875877344056,0.000537222029254472,0.000605532520753621,0.000594281028252064,0.000573079297457994
"2024-09-24",0.00341441904827169,0.00339644588271906,0.00366212317247278,0.00366755171729017,0.00367097135840372
"2024-09-25",0.0100980474029703,0.0103254154787528,0.0101893326448829,0.0104155015402402,0.0104454476227985
"2024-09-26",0.00342007348244082,0.00349912263741385,0.00349133344293047,0.00364597252101352,0.00367351624183302
"2024-09-27",0.00697565955924816,0.00671543281703789,0.0070932353951039,0.00697888724780557,0.00702912789236709
"2024-09-30",0.000437352769418208,0.000408653870490078,0.000437322218777622,0.000423230116789299,0.000411503056700527
"2024-10-01",0.000300818647065197,0.000274190172493796,0.000307155938980082,0.000310982390793384,0.000302923061348012
"2024-10-02",0.000650415853556988,0.000668884383721273,0.00045648450262204,0.000410714586878303,0.000419220923631743
"2024-10-03",0.000262909404518054,0.000271925772676613,0.000213803993358979,0.000206830439686724,0.000204478084486744
"2024-10-04",0.000271616670359223,0.00028730971540172,0.000256121820321061,0.000250445293721618,0.000250295933916979
"2024-10-07",0.000758106669040065,0.000758984782838724,0.000777454640285839,0.000767191169644796,0.000774532057066489
"2024-10-08",0.00253984458337392,0.00261110152740306,0.00275866509703162,0.00285220420686383,0.0027999906209143
"2024-10-09",0.0023005197059763,0.00228229966274452,0.00231283059151661,0.00242761046235326,0.00244722024221874
"2024-10-10",0.00148605688098928,0.00150643360044741,0.00158312457039706,0.00164432343528844,0.00166582844657497
"2024-10-14",0.00107507787033308,0.00108940696187143,0.00109424313832293,0.00117561711750608,0.00117593285199337
"2024-10-15",0.000793692953221538,0.000797953524702722,0.000781060669266658,0.000714128279574984,0.000724834928486671
"2024-10-16",0.000348283011682957,0.000420504632112036,0.000539883969218331,0.00060490413872896,0.000608622117419094
"2024-10-17",1.30154972074585e-05,8.61772187382492e-06,1.02094344083872e-06,3.06780062431696e-06,4.14617781320598e-06
"2024-10-18",3.06140736084257e-05,3.08788214555069e-05,2.82455436674525e-05,3.73976819981279e-05,3.63871479473447e-05
"2024-10-21",0.00051782547009125,0.000450257873112216,0.000474205146859259,0.000466134017303672,0.000456130658417507
"2024-10-22",0.00237876945451253,0.00229165477826293,0.00240210606673405,0.00242362755202204,0.00238105403293255
"2024-10-23",0.00535315743385836,0.00554027575575296,0.00516403411909858,0.00512446036271352,0.00519890978633354
"2024-10-24",0.000270621244095617,0.000273344976238677,0.000274637345704601,0.00033083932595861,0.000328229047526167
"2024-10-25",0.000109079833054343,0.000109623135860659,0.000193188499405481,0.000336943904767429,0.000346352396238725
"2024-10-28",3.56857137460178e-05,3.34283196929413e-05,5.46105610778802e-05,7.80518854254405e-05,7.10508931766671e-05
"2024-10-29",3.36428753955433e-05,3.92273381470971e-05,4.40661470668538e-05,2.7795712760928e-05,2.76213643377878e-05
"2024-10-30",0.00134101401345773,0.00134519847456187,0.00148916187876726,0.00127643144287995,0.00118236747833584
"2024-10-31",0.00019424391248845,9.2608360726329e-05,3.94417582415787e-05,7.77196109897427e-05,8.69191214797871e-05
"2024-11-01",0.00526202987664053,0.00508694935729196,0.0046329351692681,0.00462308512737505,0.00466291858408487
"2024-11-04",0.000258570309863544,0.000251592411067477,0.00016195732509795,0.000177177942971168,0.000184937939974927
"2024-11-05",0.00042845363753534,0.000442726255015002,0.00056277476004863,0.00052791935283675,0.000501983634958454
"2024-11-06",0.00103946451187348,0.00099742350561244,0.000973828249547137,0.000979432641423878,0.000998418136294735
"2024-11-07",0.000633654463798956,0.000616161052117304,0.000412421224668721,0.000359321800273212,0.000355724958611569
"2024-11-08",0.00608896846343139,0.00587932145550423,0.00563350648917823,0.0054952550996524,0.00548034470404903
"2024-11-12",0.00252793969557934,0.00248210308921778,0.00251277086686584,0.00245235500690783,0.00247051762109369
"2024-11-13",0.000441051548032238,0.000464544411508267,0.000402369588472485,0.000370355979117333,0.000357808527523036
"2024-11-14",0.000724854321603255,0.00084512778727424,0.000650591603682172,0.000787403207656333,0.000771355632743945
"2024-11-15",0.000238205778207505,0.000232274145051819,0.000214338396897044,0.000265811788360552,0.000263219338008317
"2024-11-18",0.000100071333829963,9.72614133055403e-05,9.59742080940428e-05,0.000106163082144075,0.000103063933879885
"2024-11-19",0.00011309544029587,0.000170988712334164,3.5589243432056e-05,9.17404809187294e-06,1.15124697016894e-05
"2024-11-20",0.000168408964299094,0.000189397426124141,7.28859421490483e-05,4.61678189992018e-05,4.93024497973598e-05
"2024-11-21",0.000306367140856058,0.000305579163939955,0.00043476818213,0.000498420060420765,0.000494704515074549
"2024-11-22",0.000442215912427596,0.000446559926243812,0.000277780183904832,0.000284098758554051,0.000292879430646941
"2024-11-25",0.000174404622706382,0.000200000231608598,0.000282010691077354,0.000292323005426848,0.000290102703662956
"2024-11-26",5.29034222162297e-07,8.95613118117345e-08,6.60524112510669e-07,1.83607223474825e-07,3.18729787126426e-07
"2024-11-27",0.000210743287539568,0.000211892133779069,0.000217702386264965,0.000203232590454029,0.000202586586968972
"2024-11-29",0.00404004684130606,0.0040956804848683,0.00406279955481944,0.00404574020541042,0.00406533031614988
"2024-12-02",0.000432414035082347,0.000422213359066443,0.000398008559998328,0.00042247744437439,0.000408833471272839
"2024-12-03",0.0029818387703594,0.0029029576334226,0.002894184578986,0.00292815570520308,0.0029157614733199
"2024-12-04",0.00191116458282825,0.00186540897916696,0.00138831970628187,0.00135426808101342,0.00136250187352978
"2024-12-05",0.00144246518006862,0.00140032174149347,0.00116848635515141,0.00111694132112697,0.00115137261702442
"2024-12-06",0.000582501066297202,0.000577451403575058,0.000551745064169282,0.000529269368527342,0.000546182934742408
"2024-12-09",3.73889298485019e-05,3.8301350219685e-05,5.17233784763086e-05,5.60791980667355e-05,5.7984019658947e-05
"2024-12-10",2.01890331391759e-05,2.65106586847371e-05,2.64133591816033e-05,2.47500591642593e-05,2.62242375034733e-05
"2024-12-11",4.66930070155744e-06,3.38150945319804e-06,3.96666312059035e-06,3.53972182507869e-06,3.11718914296984e-06
"2024-12-12",0.000134238137335522,0.000144056387045676,0.000158028362382477,0.000134954051349617,0.000132828777151449
"2024-12-13",3.85891070216926e-05,3.82226322569688e-05,3.83446139609362e-05,3.76325504173943e-05,3.49739068281397e-05
"2024-12-16",0.00030347362178541,0.000294148463315313,0.000283128211271504,0.00030566341258882,0.000290565234254859
"2024-12-17",2.65583997980689e-05,2.7306596029876e-05,3.00729779166973e-05,4.82824164757142e-05,4.00782086589578e-05
"2024-12-18",0.00405014005028804,0.00400211842818832,0.0039165062538088,0.00396595782986375,0.00402592767649335
"2024-12-19",0.00360863474764681,0.00360622441508903,0.00351998954908202,0.00361014448518469,0.00362509376532195
"2024-12-20",0.00323836964293233,0.0032445467261561,0.00321960308219589,0.00319886911526338,0.0032039957178289
"2024-12-23",0.000127782048051708,0.000109321423743241,8.41281437861438e-05,0.00010164097488342,0.000104293325815262
"2024-12-24",0.00132883553094741,0.00135857451887936,0.00137765332799155,0.00135712549087055,0.00134617290163794
"2024-12-26",0.0022963322741214,0.00232632614012171,0.00237928513219852,0.00252945440227491,0.0025237646982772
"2024-12-27",0.000584897744995784,0.000635959304563169,0.000621336543176724,0.000643416331223965,0.000626702949459497
"2024-12-30",0.000156999880370649,0.000153274176004293,8.74241371939952e-05,0.000100733280145442,9.79635136485011e-05
"2024-12-31",6.87890352253628e-05,6.34516850112637e-05,5.25408343824501e-05,6.40225838381418e-05,6.45011201165193e-05
"2025-01-02",0.00714207840332503,0.00717535407434589,0.00699358343102609,0.00711683427721117,0.0070589091170219
"2025-01-03",0.000933826397975312,0.000963070710580019,0.000873052991001889,0.000914401327701344,0.000888670052978786
"2025-01-06",8.11200267714104e-05,8.46701224424953e-05,6.09054564597105e-05,4.02306163360854e-05,3.49857825431682e-05
"2025-01-07",7.9576282883065e-05,8.02795504511953e-05,5.3953479014676e-05,4.48407525183949e-05,5.5812990839056e-05
"2025-01-08",0.000185241037879074,0.000188151428514628,0.000151254923069842,0.000148764832875973,0.000150474040739921
"2025-01-10",0.00324131606806286,0.00324089835647593,0.00322909976073138,0.003047657685031,0.0030662811431962
"2025-01-13",0.00106343021995674,0.00108217577907206,0.000966957909601053,0.000987283090416036,0.000991302117976671
"2025-01-14",1.87766359864471e-05,1.99948536604019e-05,3.90342528064131e-05,5.01421123946029e-05,5.21839746719256e-05
